<shapes type=list>
	<ruler.pixel type=vector names=FALSE length=1 as.numeric=TRUE >268.007462582668</ruler.pixel>
	<ruler.interval type=vector names=FALSE length=1 as.numeric=TRUE >1</ruler.interval>
	<scaling.units type=vector names=FALSE length=1 as.numeric=FALSE >mm</scaling.units>
	<scaling type=vector names=FALSE length=1 as.numeric=TRUE >0.00373123938551356</scaling>
	<landmarks.pixel type=matrix rownames=TRUE colnames=FALSE nrow=16 ncol=2 as.numeric=TRUE >
		LM1	1544	214
		LM2	1545	506
		LM3	1545	1094
		LM4	1533	1195
		LM5	1794	739
		LM6	1701	1071
		LM7	1681	1180
		LM8	NaN	NaN
		LM9	NaN	NaN
		LM10	1544	214
		LM11	NaN	NaN
		LM12	2541	1499
		LM13	1544	214
		LM14	NaN	NaN
		LM15	2473	1195
		LM16	2541	1499
	</landmarks.pixel>
	<landmarks.scaled type=matrix rownames=TRUE colnames=FALSE nrow=16 ncol=2 as.numeric=TRUE >
		LM1	5.76103361123293	-0.798485228499901
		LM2	5.76476485061844	-1.88800712906986
		LM3	5.76476485061844	-4.08197588775183
		LM4	5.71998997799228	-4.4588310656887
		LM5	6.69384345761132	-2.75738590589452
		LM6	6.34683819475856	-3.99615738188502
		LM7	6.27221340704829	-4.402862474906
		LM8	NaN	NaN
		LM9	NaN	NaN
		LM10	5.76103361123293	-0.798485228499901
		LM11	NaN	NaN
		LM12	9.48107927858995	-5.59312783888482
		LM13	5.76103361123293	-0.798485228499901
		LM14	NaN	NaN
		LM15	9.22735500037502	-4.4588310656887
		LM16	9.48107927858995	-5.59312783888482
	</landmarks.scaled>
	<curves.control type=list>
		<glabella type=matrix rownames=FALSE colnames=FALSE nrow=9 ncol=2 as.numeric=TRUE >
			1545	506
			1681	506
			1775	602
			1823	720
			1805	877
			1788	1023
			1773	1104
			1778	1192
			1681	1180
		</glabella>
		<suture type=matrix rownames=FALSE colnames=FALSE nrow=11 ncol=2 as.numeric=TRUE >
			1544	214
			1563	300
			1621	409
			1730	515
			1848	613
			2030	703
			2161	800
			2341	950
			2473	1195
			2525	1396
			2541	1499
		</suture>
		<anterior type=matrix rownames=FALSE colnames=FALSE nrow=9 ncol=2 as.numeric=TRUE >
			1544	214
			1563	300
			1621	409
			1730	515
			1848	613
			2030	703
			2161	800
			2341	950
			2473	1195
		</anterior>
		<posterior type=matrix rownames=FALSE colnames=FALSE nrow=9 ncol=2 as.numeric=TRUE >
			1533	1195
			1600	1206
			1681	1189
			1737	1170
			1902	1178
			2045	1163
			2183	1150
			2412	1078
			2473	1195
		</posterior>
	</curves.control>
	<curves.pixel type=list>
		<glabella type=matrix rownames=FALSE colnames=FALSE nrow=885 ncol=2 as.numeric=TRUE >
			1545	506
			1546	506
			1547	506
			1548	506
			1549	506
			1550	506
			1551	506
			1552	506
			1553	506
			1554	506
			1555	506
			1556	506
			1557	506
			1558	506
			1559	506
			1560	506
			1561	506
			1562	506
			1563	506
			1564	506
			1565	507
			1566	507
			1567	507
			1568	507
			1569	507
			1570	507
			1571	507
			1572	507
			1573	507
			1574	507
			1575	507
			1576	507
			1577	507
			1578	507
			1579	508
			1580	508
			1581	508
			1582	508
			1583	508
			1584	508
			1585	508
			1586	508
			1587	508
			1588	509
			1589	509
			1590	509
			1591	509
			1592	509
			1593	509
			1594	509
			1595	509
			1596	510
			1597	510
			1598	510
			1599	510
			1600	510
			1601	510
			1602	510
			1603	511
			1604	511
			1605	511
			1606	511
			1607	511
			1608	511
			1609	512
			1610	512
			1611	512
			1612	512
			1613	512
			1613	513
			1614	513
			1615	513
			1616	513
			1617	513
			1618	514
			1619	514
			1620	514
			1621	514
			1622	514
			1622	515
			1623	515
			1624	515
			1625	515
			1626	515
			1627	516
			1628	516
			1629	516
			1630	516
			1631	517
			1632	517
			1633	517
			1634	517
			1635	518
			1636	518
			1637	518
			1638	519
			1639	519
			1640	519
			1641	519
			1642	520
			1643	520
			1644	521
			1645	521
			1646	521
			1647	521
			1648	522
			1649	522
			1650	522
			1651	523
			1652	523
			1653	523
			1654	524
			1655	524
			1656	524
			1657	525
			1658	525
			1659	525
			1660	526
			1661	526
			1662	527
			1663	527
			1664	527
			1665	528
			1666	528
			1667	528
			1667	529
			1668	529
			1669	530
			1670	530
			1671	530
			1672	531
			1673	531
			1674	532
			1675	532
			1676	532
			1677	533
			1678	533
			1679	534
			1680	534
			1681	534
			1681	535
			1682	535
			1683	536
			1684	536
			1685	537
			1686	537
			1687	537
			1688	538
			1689	538
			1690	539
			1691	539
			1692	540
			1693	541
			1694	541
			1695	542
			1696	542
			1697	543
			1698	543
			1699	544
			1700	544
			1701	545
			1702	546
			1703	546
			1704	547
			1705	547
			1706	548
			1707	548
			1708	549
			1709	549
			1710	550
			1711	551
			1712	552
			1713	552
			1714	552
			1714	553
			1715	553
			1716	554
			1717	554
			1718	555
			1719	556
			1720	556
			1721	557
			1722	558
			1723	558
			1724	559
			1725	560
			1726	560
			1727	561
			1728	562
			1729	562
			1730	563
			1730	564
			1731	564
			1732	565
			1733	566
			1734	566
			1735	567
			1736	568
			1737	568
			1738	569
			1739	570
			1740	571
			1741	572
			1742	572
			1743	573
			1744	574
			1745	575
			1746	576
			1747	576
			1748	577
			1749	578
			1750	579
			1751	580
			1752	580
			1753	581
			1754	582
			1754	583
			1755	583
			1756	584
			1757	585
			1758	586
			1759	587
			1760	587
			1761	588
			1762	589
			1762	590
			1763	591
			1764	591
			1765	592
			1766	593
			1767	594
			1768	595
			1769	596
			1770	597
			1771	598
			1772	599
			1773	600
			1774	601
			1775	602
			1775	603
			1776	604
			1776	605
			1777	606
			1777	607
			1777	608
			1778	609
			1778	610
			1778	611
			1779	612
			1779	613
			1780	614
			1780	615
			1780	616
			1781	617
			1781	618
			1782	619
			1782	620
			1782	621
			1783	622
			1783	623
			1783	624
			1784	625
			1784	626
			1784	627
			1785	628
			1785	629
			1785	630
			1786	631
			1786	632
			1786	633
			1787	634
			1787	635
			1787	636
			1788	637
			1788	638
			1788	639
			1789	640
			1789	641
			1789	642
			1789	643
			1790	644
			1790	645
			1790	646
			1791	647
			1791	648
			1791	649
			1791	650
			1792	651
			1792	652
			1792	653
			1792	654
			1793	655
			1793	656
			1793	657
			1793	658
			1794	659
			1794	660
			1794	661
			1794	662
			1795	662
			1795	663
			1795	664
			1795	665
			1796	666
			1796	667
			1796	668
			1796	669
			1796	670
			1797	671
			1797	672
			1797	673
			1797	674
			1798	675
			1798	676
			1798	677
			1798	678
			1798	679
			1799	680
			1799	681
			1799	682
			1799	683
			1799	684
			1800	685
			1800	686
			1800	687
			1800	688
			1800	689
			1801	690
			1801	691
			1801	692
			1801	693
			1801	694
			1801	695
			1802	696
			1802	697
			1802	698
			1802	699
			1802	700
			1802	701
			1803	701
			1803	702
			1803	703
			1803	704
			1803	705
			1803	706
			1804	707
			1804	708
			1804	709
			1804	710
			1804	711
			1804	712
			1804	713
			1805	714
			1805	715
			1805	716
			1805	717
			1805	718
			1805	719
			1805	720
			1805	721
			1806	722
			1806	723
			1806	724
			1806	725
			1806	726
			1806	727
			1806	728
			1806	729
			1807	730
			1807	731
			1807	732
			1807	733
			1807	734
			1807	735
			1807	736
			1807	737
			1807	738
			1807	739
			1808	740
			1808	741
			1808	742
			1808	743
			1808	744
			1808	745
			1808	746
			1808	747
			1808	748
			1808	749
			1808	750
			1808	751
			1809	752
			1809	753
			1809	754
			1809	755
			1809	756
			1809	757
			1809	758
			1809	759
			1809	760
			1809	761
			1809	762
			1809	763
			1809	764
			1809	765
			1809	766
			1809	767
			1809	768
			1809	769
			1809	770
			1809	771
			1810	772
			1810	773
			1810	774
			1810	775
			1810	776
			1810	777
			1810	778
			1810	779
			1810	780
			1810	781
			1810	782
			1810	783
			1810	784
			1810	785
			1810	786
			1810	787
			1810	788
			1810	789
			1810	790
			1810	791
			1810	792
			1810	793
			1810	794
			1810	795
			1810	796
			1810	797
			1810	798
			1810	799
			1810	800
			1810	801
			1810	802
			1810	803
			1810	804
			1810	805
			1810	806
			1810	807
			1810	808
			1810	809
			1810	810
			1810	811
			1810	812
			1810	813
			1810	814
			1810	815
			1810	816
			1810	817
			1809	818
			1809	819
			1809	820
			1809	821
			1809	822
			1809	823
			1809	824
			1809	825
			1809	826
			1809	827
			1809	828
			1809	829
			1809	830
			1809	831
			1809	832
			1809	833
			1809	834
			1809	835
			1809	836
			1809	837
			1808	838
			1808	839
			1808	840
			1808	841
			1808	842
			1808	843
			1808	844
			1808	845
			1808	846
			1808	847
			1808	848
			1808	849
			1808	850
			1808	851
			1807	852
			1807	853
			1807	854
			1807	855
			1807	856
			1807	857
			1807	858
			1807	859
			1807	860
			1807	861
			1807	862
			1806	863
			1806	864
			1806	865
			1806	866
			1806	867
			1806	868
			1806	869
			1806	870
			1806	871
			1806	872
			1805	873
			1805	874
			1805	875
			1805	876
			1805	877
			1805	878
			1805	879
			1805	880
			1805	881
			1804	882
			1804	883
			1804	884
			1804	885
			1804	886
			1804	887
			1804	888
			1804	889
			1803	890
			1803	891
			1803	892
			1803	893
			1803	894
			1803	895
			1803	896
			1803	897
			1803	898
			1802	899
			1802	900
			1802	901
			1802	902
			1802	903
			1802	904
			1802	905
			1802	906
			1801	907
			1801	908
			1801	909
			1801	910
			1801	911
			1801	912
			1801	913
			1801	914
			1800	915
			1800	916
			1800	917
			1800	918
			1800	919
			1800	920
			1800	921
			1800	922
			1799	923
			1799	924
			1799	925
			1799	926
			1799	927
			1799	928
			1799	929
			1799	930
			1799	931
			1798	932
			1798	933
			1798	934
			1798	935
			1798	936
			1798	937
			1798	938
			1798	939
			1797	940
			1797	941
			1797	942
			1797	943
			1797	944
			1797	945
			1797	946
			1796	947
			1796	948
			1796	949
			1796	950
			1796	951
			1796	952
			1796	953
			1796	954
			1795	955
			1795	956
			1795	957
			1795	958
			1795	959
			1795	960
			1795	961
			1794	962
			1794	963
			1794	964
			1794	965
			1794	966
			1794	967
			1794	968
			1794	969
			1794	970
			1793	970
			1793	971
			1793	972
			1793	973
			1793	974
			1793	975
			1793	976
			1793	977
			1792	978
			1792	979
			1792	980
			1792	981
			1792	982
			1792	983
			1792	984
			1791	985
			1791	986
			1791	987
			1791	988
			1791	989
			1791	990
			1791	991
			1791	992
			1790	993
			1790	994
			1790	995
			1790	996
			1790	997
			1790	998
			1790	999
			1789	1000
			1789	1001
			1789	1002
			1789	1003
			1789	1004
			1789	1005
			1789	1006
			1788	1007
			1788	1008
			1788	1009
			1788	1010
			1788	1011
			1788	1012
			1788	1013
			1788	1014
			1787	1015
			1787	1016
			1787	1017
			1787	1018
			1787	1019
			1787	1020
			1786	1021
			1786	1022
			1786	1023
			1786	1024
			1786	1025
			1786	1026
			1786	1027
			1785	1028
			1785	1029
			1785	1030
			1785	1031
			1785	1032
			1785	1033
			1785	1034
			1784	1035
			1784	1036
			1784	1037
			1784	1038
			1784	1039
			1784	1040
			1783	1041
			1783	1042
			1783	1043
			1783	1044
			1783	1045
			1783	1046
			1783	1047
			1782	1048
			1782	1049
			1782	1050
			1782	1051
			1782	1052
			1782	1053
			1781	1054
			1781	1055
			1781	1056
			1781	1057
			1781	1058
			1781	1059
			1781	1060
			1780	1061
			1780	1062
			1780	1063
			1780	1064
			1780	1065
			1779	1066
			1779	1067
			1779	1068
			1779	1069
			1779	1070
			1779	1071
			1779	1072
			1778	1073
			1778	1074
			1778	1075
			1778	1076
			1778	1077
			1778	1078
			1777	1079
			1777	1080
			1777	1081
			1777	1082
			1777	1083
			1777	1084
			1776	1085
			1776	1086
			1776	1087
			1776	1088
			1776	1089
			1776	1090
			1775	1091
			1775	1092
			1775	1093
			1775	1094
			1775	1095
			1774	1096
			1774	1097
			1774	1098
			1774	1099
			1774	1100
			1774	1101
			1773	1102
			1773	1103
			1773	1104
			1773	1105
			1773	1106
			1773	1107
			1773	1108
			1773	1109
			1773	1110
			1773	1111
			1773	1112
			1773	1113
			1773	1114
			1773	1115
			1773	1116
			1773	1117
			1773	1118
			1773	1119
			1773	1120
			1773	1121
			1773	1122
			1773	1123
			1773	1124
			1773	1125
			1772	1126
			1772	1127
			1772	1128
			1772	1129
			1772	1130
			1772	1131
			1772	1132
			1771	1133
			1771	1134
			1771	1135
			1771	1136
			1770	1137
			1770	1138
			1770	1139
			1770	1140
			1769	1141
			1769	1142
			1769	1143
			1768	1144
			1768	1145
			1767	1146
			1767	1147
			1767	1148
			1766	1149
			1766	1150
			1765	1151
			1765	1152
			1764	1153
			1764	1154
			1763	1155
			1763	1156
			1762	1156
			1761	1157
			1761	1158
			1760	1159
			1760	1160
			1759	1161
			1758	1161
			1758	1162
			1757	1163
			1756	1163
			1756	1164
			1755	1165
			1754	1166
			1753	1166
			1753	1167
			1752	1167
			1751	1168
			1750	1169
			1749	1169
			1749	1170
			1748	1170
			1747	1171
			1746	1172
			1745	1172
			1744	1173
			1743	1173
			1742	1174
			1741	1174
			1740	1174
			1739	1175
			1738	1175
			1737	1176
			1736	1176
			1735	1177
			1734	1177
			1733	1177
			1732	1178
			1731	1178
			1730	1178
			1729	1178
			1728	1179
			1727	1179
			1726	1179
			1725	1179
			1724	1179
			1724	1180
			1723	1180
			1722	1180
			1721	1180
			1720	1180
			1719	1180
			1718	1181
			1717	1181
			1716	1181
			1715	1181
			1714	1181
			1713	1181
			1712	1181
			1711	1181
			1710	1181
			1709	1181
			1708	1181
			1707	1181
			1706	1181
			1705	1181
			1704	1181
			1703	1181
			1702	1181
			1701	1181
			1700	1181
			1699	1181
			1698	1181
			1697	1181
			1696	1181
			1695	1181
			1694	1181
			1693	1181
			1692	1181
			1691	1181
			1690	1181
			1689	1181
			1688	1181
			1687	1181
			1686	1181
			1685	1180
			1684	1180
			1683	1180
			1682	1180
			1681	1180
		</glabella>
		<suture type=matrix rownames=FALSE colnames=FALSE nrow=1502 ncol=2 as.numeric=TRUE >
			1544	214
			1544	215
			1544	216
			1545	217
			1545	218
			1545	219
			1545	220
			1546	221
			1546	222
			1546	223
			1546	224
			1546	225
			1547	226
			1547	227
			1547	228
			1548	229
			1548	230
			1548	231
			1548	232
			1549	233
			1549	234
			1549	235
			1549	236
			1550	237
			1550	238
			1550	239
			1551	240
			1551	241
			1551	242
			1551	243
			1552	244
			1552	245
			1552	246
			1552	247
			1553	248
			1553	249
			1553	250
			1554	251
			1554	252
			1554	253
			1555	254
			1555	255
			1555	256
			1555	257
			1556	258
			1556	259
			1556	260
			1557	261
			1557	262
			1558	263
			1558	264
			1558	265
			1558	266
			1559	267
			1559	268
			1559	269
			1560	270
			1560	271
			1560	272
			1561	273
			1561	274
			1561	275
			1562	276
			1562	277
			1562	278
			1563	279
			1563	280
			1563	281
			1564	282
			1564	283
			1565	284
			1565	285
			1565	286
			1566	287
			1566	288
			1566	289
			1567	290
			1567	291
			1567	292
			1568	293
			1568	294
			1569	295
			1569	296
			1569	297
			1570	298
			1570	299
			1571	300
			1571	301
			1571	302
			1572	303
			1572	304
			1573	305
			1573	306
			1573	307
			1574	308
			1574	309
			1575	310
			1575	311
			1575	312
			1576	313
			1576	314
			1577	315
			1577	316
			1577	317
			1578	318
			1578	319
			1579	320
			1579	321
			1579	322
			1580	323
			1580	324
			1581	325
			1581	326
			1581	327
			1582	328
			1582	329
			1583	330
			1583	331
			1584	332
			1584	333
			1585	334
			1585	335
			1585	336
			1586	337
			1586	338
			1587	339
			1587	340
			1588	341
			1588	342
			1589	343
			1589	344
			1589	345
			1590	346
			1590	347
			1591	348
			1591	349
			1592	350
			1592	351
			1592	352
			1593	353
			1593	354
			1594	355
			1594	356
			1595	357
			1595	358
			1596	359
			1597	360
			1597	361
			1597	362
			1598	363
			1598	364
			1599	365
			1599	366
			1600	367
			1600	368
			1601	369
			1601	370
			1601	371
			1602	371
			1602	372
			1603	373
			1603	374
			1604	375
			1604	376
			1604	377
			1605	377
			1605	378
			1606	379
			1606	380
			1606	381
			1607	382
			1607	383
			1608	383
			1608	384
			1609	385
			1609	386
			1610	387
			1610	388
			1610	389
			1611	390
			1612	391
			1612	392
			1613	393
			1613	394
			1614	395
			1614	396
			1615	397
			1615	398
			1616	399
			1616	400
			1617	401
			1617	402
			1618	403
			1618	404
			1619	405
			1619	406
			1620	407
			1620	408
			1621	409
			1622	410
			1623	411
			1624	412
			1625	413
			1626	414
			1627	415
			1628	416
			1629	417
			1630	418
			1631	418
			1631	419
			1632	420
			1633	421
			1634	421
			1635	422
			1635	423
			1636	424
			1637	425
			1638	425
			1639	426
			1639	427
			1640	428
			1641	428
			1642	429
			1643	430
			1643	431
			1644	431
			1645	432
			1646	433
			1647	434
			1648	435
			1649	436
			1650	437
			1651	438
			1652	439
			1653	440
			1654	441
			1655	442
			1656	443
			1657	443
			1658	444
			1659	445
			1660	446
			1661	447
			1662	448
			1663	449
			1664	450
			1665	451
			1666	452
			1667	453
			1668	454
			1669	454
			1669	455
			1670	456
			1671	457
			1672	458
			1673	459
			1674	460
			1675	461
			1676	462
			1677	463
			1678	464
			1679	464
			1680	465
			1681	466
			1682	467
			1683	468
			1684	469
			1685	470
			1686	471
			1687	472
			1688	473
			1689	474
			1690	474
			1691	475
			1692	476
			1693	477
			1694	478
			1695	479
			1696	480
			1697	481
			1698	482
			1699	483
			1700	484
			1701	484
			1702	485
			1703	486
			1704	487
			1705	488
			1706	489
			1707	490
			1708	491
			1709	492
			1710	493
			1711	493
			1712	494
			1713	495
			1714	496
			1715	497
			1716	498
			1717	499
			1718	500
			1719	501
			1720	502
			1721	502
			1722	503
			1723	504
			1724	505
			1725	506
			1726	507
			1727	508
			1728	509
			1729	510
			1730	511
			1731	511
			1732	512
			1733	513
			1734	514
			1735	515
			1736	516
			1737	517
			1738	518
			1739	519
			1740	520
			1741	520
			1742	521
			1743	522
			1744	523
			1745	524
			1746	525
			1747	526
			1748	527
			1749	528
			1750	528
			1751	529
			1752	530
			1753	531
			1754	532
			1755	533
			1756	534
			1757	535
			1758	536
			1759	536
			1760	537
			1761	538
			1762	539
			1763	540
			1764	541
			1765	542
			1766	543
			1767	544
			1768	544
			1769	545
			1770	546
			1771	547
			1772	548
			1773	549
			1774	550
			1775	551
			1776	551
			1777	552
			1778	553
			1779	554
			1780	555
			1781	556
			1782	557
			1783	558
			1784	558
			1785	559
			1786	560
			1787	561
			1788	562
			1789	563
			1790	564
			1791	565
			1792	566
			1793	566
			1794	567
			1795	568
			1796	569
			1797	570
			1798	571
			1799	572
			1800	573
			1801	573
			1802	574
			1803	575
			1804	576
			1805	577
			1806	578
			1807	579
			1808	580
			1809	580
			1810	581
			1811	582
			1812	583
			1813	584
			1814	585
			1815	586
			1816	586
			1817	587
			1818	588
			1819	589
			1820	590
			1821	590
			1822	591
			1822	592
			1823	592
			1824	593
			1825	594
			1826	595
			1827	596
			1828	596
			1829	597
			1829	598
			1830	598
			1831	599
			1832	599
			1832	600
			1833	601
			1834	601
			1835	602
			1835	603
			1836	603
			1837	604
			1838	604
			1838	605
			1839	606
			1840	606
			1841	607
			1842	608
			1843	609
			1844	610
			1845	610
			1846	611
			1847	612
			1847	613
			1848	613
			1849	613
			1850	614
			1851	614
			1851	615
			1852	615
			1853	615
			1854	616
			1855	616
			1855	617
			1856	617
			1857	618
			1858	618
			1859	618
			1860	619
			1861	620
			1862	620
			1863	621
			1864	621
			1865	622
			1866	622
			1867	623
			1868	623
			1869	624
			1870	624
			1871	625
			1872	625
			1873	625
			1874	626
			1875	626
			1876	627
			1877	627
			1878	628
			1879	628
			1880	629
			1881	629
			1882	630
			1883	630
			1884	631
			1885	631
			1886	632
			1887	632
			1887	633
			1888	633
			1889	634
			1890	634
			1891	635
			1892	635
			1893	636
			1894	636
			1895	637
			1896	637
			1897	638
			1898	638
			1899	639
			1900	639
			1901	640
			1902	640
			1903	641
			1904	641
			1905	642
			1906	642
			1907	643
			1908	643
			1908	644
			1909	644
			1910	645
			1911	645
			1912	646
			1913	646
			1914	647
			1915	647
			1916	648
			1917	648
			1918	649
			1919	649
			1920	650
			1921	650
			1922	651
			1923	651
			1924	652
			1925	653
			1926	653
			1927	654
			1928	654
			1929	655
			1930	655
			1931	656
			1932	656
			1933	657
			1934	658
			1935	658
			1936	659
			1937	659
			1938	660
			1939	660
			1940	661
			1941	661
			1942	662
			1943	662
			1944	663
			1945	663
			1946	664
			1947	664
			1948	665
			1949	665
			1949	666
			1950	666
			1951	667
			1952	667
			1953	668
			1954	668
			1955	669
			1956	670
			1957	670
			1958	671
			1959	671
			1960	672
			1961	672
			1962	673
			1963	673
			1964	674
			1965	675
			1966	675
			1967	676
			1968	676
			1969	677
			1970	677
			1971	678
			1972	678
			1973	679
			1974	680
			1975	680
			1976	681
			1977	681
			1978	682
			1979	682
			1980	683
			1981	684
			1982	684
			1983	685
			1984	685
			1985	686
			1986	686
			1987	687
			1988	687
			1989	688
			1990	689
			1991	689
			1992	690
			1993	691
			1994	691
			1995	692
			1996	692
			1997	693
			1998	693
			1999	694
			2000	695
			2001	695
			2002	696
			2003	696
			2004	697
			2005	697
			2006	698
			2007	699
			2008	699
			2009	700
			2010	700
			2011	701
			2012	701
			2013	702
			2014	703
			2015	703
			2016	704
			2017	705
			2018	705
			2019	706
			2020	707
			2021	707
			2022	707
			2023	708
			2024	709
			2025	710
			2026	710
			2027	711
			2028	711
			2029	712
			2030	713
			2031	713
			2032	714
			2033	714
			2034	715
			2035	715
			2036	716
			2037	717
			2038	717
			2039	718
			2040	718
			2041	719
			2042	720
			2043	720
			2044	721
			2045	721
			2046	722
			2047	723
			2048	724
			2049	724
			2050	725
			2051	725
			2052	726
			2053	727
			2054	727
			2055	728
			2056	728
			2057	729
			2058	730
			2059	730
			2060	731
			2061	732
			2062	732
			2063	733
			2064	734
			2065	734
			2066	735
			2067	735
			2068	736
			2069	737
			2070	737
			2071	738
			2072	739
			2073	739
			2074	740
			2075	740
			2076	741
			2077	742
			2078	742
			2078	743
			2079	743
			2080	744
			2081	745
			2082	745
			2083	746
			2084	747
			2085	747
			2086	748
			2087	748
			2088	749
			2089	750
			2090	750
			2091	751
			2092	752
			2093	752
			2094	753
			2095	753
			2096	754
			2096	755
			2097	755
			2098	756
			2099	757
			2100	757
			2101	758
			2102	758
			2103	759
			2104	760
			2105	760
			2106	761
			2107	762
			2108	762
			2109	763
			2110	764
			2111	765
			2112	765
			2113	766
			2114	767
			2115	768
			2116	768
			2117	769
			2118	769
			2119	770
			2120	771
			2121	771
			2122	772
			2123	773
			2124	773
			2125	774
			2126	775
			2127	775
			2128	776
			2129	777
			2130	778
			2131	778
			2132	779
			2133	780
			2134	781
			2135	781
			2136	782
			2137	782
			2138	783
			2138	784
			2139	784
			2140	785
			2141	785
			2142	786
			2143	787
			2144	788
			2145	788
			2146	789
			2147	790
			2148	790
			2149	791
			2150	792
			2151	792
			2152	793
			2152	794
			2153	794
			2154	795
			2155	796
			2156	796
			2157	797
			2158	798
			2159	799
			2160	799
			2161	800
			2162	801
			2163	802
			2164	803
			2165	803
			2166	804
			2167	805
			2168	806
			2169	807
			2170	807
			2171	808
			2172	809
			2173	810
			2173	811
			2174	811
			2175	812
			2176	813
			2177	814
			2178	814
			2179	815
			2180	816
			2181	817
			2182	818
			2183	819
			2184	820
			2185	821
			2186	822
			2187	822
			2187	823
			2188	823
			2189	824
			2190	825
			2191	826
			2192	827
			2193	828
			2194	828
			2194	829
			2195	830
			2196	830
			2197	831
			2197	832
			2198	832
			2199	833
			2200	834
			2200	835
			2201	835
			2202	836
			2203	837
			2204	837
			2204	838
			2205	839
			2206	839
			2207	840
			2207	841
			2208	842
			2209	842
			2210	843
			2210	844
			2211	844
			2212	845
			2213	846
			2213	847
			2214	847
			2215	848
			2216	849
			2217	850
			2218	851
			2219	852
			2220	853
			2221	854
			2222	855
			2223	855
			2223	856
			2224	857
			2225	858
			2226	859
			2227	860
			2228	861
			2229	862
			2230	862
			2231	863
			2232	864
			2232	865
			2233	866
			2234	867
			2235	868
			2236	869
			2237	870
			2238	870
			2239	871
			2240	872
			2240	873
			2241	874
			2242	875
			2243	876
			2244	877
			2245	878
			2246	879
			2247	880
			2248	880
			2248	881
			2249	882
			2250	883
			2251	884
			2252	885
			2253	886
			2254	887
			2255	888
			2255	889
			2256	890
			2257	891
			2258	891
			2259	892
			2260	893
			2261	894
			2262	895
			2262	896
			2263	897
			2264	898
			2265	899
			2266	900
			2267	901
			2268	902
			2268	903
			2269	904
			2270	905
			2271	906
			2272	906
			2273	907
			2274	908
			2275	909
			2275	910
			2276	911
			2277	912
			2278	913
			2279	914
			2280	915
			2281	916
			2281	917
			2282	918
			2283	919
			2284	920
			2285	921
			2286	922
			2287	923
			2287	924
			2288	925
			2289	926
			2290	927
			2291	928
			2292	929
			2292	930
			2293	931
			2294	932
			2295	933
			2296	934
			2297	934
			2298	935
			2298	936
			2299	937
			2300	938
			2301	939
			2302	940
			2303	941
			2303	942
			2304	943
			2305	944
			2306	945
			2307	946
			2308	947
			2308	948
			2309	949
			2310	950
			2311	951
			2312	952
			2313	953
			2313	954
			2314	955
			2315	956
			2316	957
			2316	958
			2317	958
			2317	959
			2318	960
			2319	961
			2320	962
			2321	963
			2322	964
			2322	965
			2323	966
			2323	967
			2324	967
			2325	968
			2325	969
			2326	970
			2327	971
			2328	972
			2328	973
			2329	974
			2330	975
			2330	976
			2331	976
			2332	977
			2333	978
			2333	979
			2334	980
			2335	981
			2335	982
			2336	983
			2337	984
			2337	985
			2338	986
			2339	986
			2340	987
			2340	988
			2341	989
			2342	990
			2342	991
			2343	992
			2344	993
			2344	994
			2345	995
			2346	996
			2347	996
			2347	997
			2348	998
			2349	999
			2349	1000
			2350	1001
			2351	1002
			2351	1003
			2352	1004
			2353	1005
			2353	1006
			2354	1007
			2355	1008
			2356	1009
			2357	1010
			2357	1011
			2358	1012
			2359	1013
			2360	1014
			2360	1015
			2361	1016
			2362	1017
			2362	1018
			2363	1019
			2364	1020
			2365	1021
			2365	1022
			2366	1023
			2367	1024
			2368	1025
			2368	1026
			2369	1027
			2370	1028
			2370	1029
			2371	1030
			2372	1031
			2372	1032
			2373	1033
			2374	1034
			2375	1035
			2375	1036
			2376	1037
			2377	1038
			2377	1039
			2378	1040
			2379	1041
			2379	1042
			2380	1043
			2381	1044
			2382	1045
			2382	1046
			2383	1047
			2384	1048
			2384	1049
			2385	1050
			2386	1051
			2386	1052
			2387	1053
			2388	1054
			2388	1055
			2389	1056
			2390	1057
			2391	1058
			2391	1059
			2392	1060
			2393	1061
			2393	1062
			2394	1063
			2395	1064
			2395	1065
			2396	1066
			2397	1067
			2397	1068
			2398	1069
			2399	1070
			2399	1071
			2400	1072
			2401	1073
			2401	1074
			2402	1075
			2403	1076
			2403	1077
			2404	1078
			2404	1079
			2405	1080
			2406	1081
			2406	1082
			2407	1083
			2408	1084
			2408	1085
			2409	1086
			2409	1087
			2410	1088
			2411	1089
			2412	1090
			2412	1091
			2413	1092
			2413	1093
			2414	1094
			2415	1095
			2415	1096
			2416	1097
			2416	1098
			2417	1098
			2417	1099
			2418	1100
			2418	1101
			2419	1101
			2419	1102
			2420	1103
			2420	1104
			2421	1105
			2422	1106
			2422	1107
			2423	1108
			2423	1109
			2424	1110
			2425	1111
			2425	1112
			2426	1113
			2426	1114
			2427	1115
			2428	1116
			2428	1117
			2429	1118
			2429	1119
			2430	1120
			2431	1121
			2431	1122
			2432	1123
			2432	1124
			2433	1125
			2433	1126
			2434	1127
			2435	1128
			2436	1129
			2436	1130
			2437	1131
			2437	1132
			2438	1132
			2438	1133
			2438	1134
			2439	1134
			2439	1135
			2440	1136
			2440	1137
			2441	1138
			2442	1139
			2442	1140
			2443	1141
			2443	1142
			2444	1143
			2444	1144
			2445	1144
			2445	1145
			2446	1146
			2446	1147
			2447	1148
			2447	1149
			2448	1150
			2449	1151
			2449	1152
			2450	1153
			2450	1154
			2451	1155
			2451	1156
			2452	1157
			2452	1158
			2453	1159
			2454	1160
			2454	1161
			2455	1162
			2455	1163
			2456	1163
			2456	1164
			2456	1165
			2457	1166
			2458	1167
			2458	1168
			2459	1169
			2459	1170
			2460	1171
			2460	1172
			2461	1173
			2461	1174
			2462	1174
			2462	1175
			2463	1176
			2463	1177
			2464	1178
			2464	1179
			2465	1180
			2465	1181
			2466	1182
			2466	1183
			2467	1184
			2467	1185
			2468	1185
			2468	1186
			2469	1187
			2469	1188
			2470	1189
			2470	1190
			2471	1191
			2471	1192
			2472	1193
			2472	1194
			2473	1195
			2473	1196
			2474	1197
			2474	1198
			2474	1199
			2474	1200
			2474	1201
			2475	1202
			2475	1203
			2475	1204
			2476	1205
			2476	1206
			2476	1207
			2476	1208
			2477	1209
			2477	1210
			2477	1211
			2477	1212
			2478	1213
			2478	1214
			2478	1215
			2478	1216
			2479	1217
			2479	1218
			2479	1219
			2479	1220
			2480	1220
			2480	1221
			2480	1222
			2480	1223
			2480	1224
			2481	1225
			2481	1226
			2481	1227
			2481	1228
			2482	1229
			2482	1230
			2482	1231
			2483	1232
			2483	1233
			2483	1234
			2483	1235
			2484	1236
			2484	1237
			2484	1238
			2484	1239
			2485	1240
			2485	1241
			2485	1242
			2485	1243
			2485	1244
			2486	1245
			2486	1246
			2486	1247
			2486	1248
			2487	1248
			2487	1249
			2487	1250
			2487	1251
			2488	1252
			2488	1253
			2488	1254
			2488	1255
			2488	1256
			2489	1257
			2489	1258
			2489	1259
			2490	1260
			2490	1261
			2490	1262
			2490	1263
			2491	1264
			2491	1265
			2491	1266
			2491	1267
			2491	1268
			2492	1268
			2492	1269
			2492	1270
			2492	1271
			2493	1272
			2493	1273
			2493	1274
			2493	1275
			2493	1276
			2494	1277
			2494	1278
			2494	1279
			2495	1280
			2495	1281
			2495	1282
			2495	1283
			2495	1284
			2496	1285
			2496	1286
			2496	1287
			2496	1288
			2497	1288
			2497	1289
			2497	1290
			2497	1291
			2497	1292
			2498	1293
			2498	1294
			2498	1295
			2498	1296
			2499	1297
			2499	1298
			2499	1299
			2499	1300
			2500	1301
			2500	1302
			2500	1303
			2500	1304
			2501	1305
			2501	1306
			2501	1307
			2501	1308
			2502	1309
			2502	1310
			2502	1311
			2502	1312
			2502	1313
			2503	1314
			2503	1315
			2503	1316
			2503	1317
			2504	1318
			2504	1319
			2504	1320
			2504	1321
			2505	1322
			2505	1323
			2505	1324
			2505	1325
			2506	1326
			2506	1327
			2506	1328
			2506	1329
			2506	1330
			2507	1331
			2507	1332
			2507	1333
			2507	1334
			2508	1335
			2508	1336
			2508	1337
			2508	1338
			2509	1339
			2509	1340
			2509	1341
			2509	1342
			2510	1343
			2510	1344
			2510	1345
			2510	1346
			2510	1347
			2511	1348
			2511	1349
			2511	1350
			2511	1351
			2512	1352
			2512	1353
			2512	1354
			2512	1355
			2512	1356
			2513	1356
			2513	1357
			2513	1358
			2513	1359
			2513	1360
			2514	1361
			2514	1362
			2514	1363
			2514	1364
			2514	1365
			2515	1366
			2515	1367
			2515	1368
			2516	1369
			2516	1370
			2516	1371
			2516	1372
			2516	1373
			2517	1374
			2517	1375
			2517	1376
			2517	1377
			2517	1378
			2518	1379
			2518	1380
			2518	1381
			2518	1382
			2518	1383
			2519	1383
			2519	1384
			2519	1385
			2519	1386
			2519	1387
			2520	1388
			2520	1389
			2520	1390
			2520	1391
			2521	1392
			2521	1393
			2521	1394
			2521	1395
			2521	1396
			2522	1397
			2522	1398
			2522	1399
			2522	1400
			2523	1401
			2523	1402
			2523	1403
			2523	1404
			2523	1405
			2524	1406
			2524	1407
			2524	1408
			2524	1409
			2524	1410
			2525	1411
			2525	1412
			2525	1413
			2525	1414
			2525	1415
			2526	1416
			2526	1417
			2526	1418
			2526	1419
			2526	1420
			2527	1420
			2527	1421
			2527	1422
			2527	1423
			2527	1424
			2528	1425
			2528	1426
			2528	1427
			2528	1428
			2528	1429
			2528	1430
			2529	1431
			2529	1432
			2529	1433
			2529	1434
			2529	1435
			2530	1436
			2530	1437
			2530	1438
			2530	1439
			2531	1440
			2531	1441
			2531	1442
			2531	1443
			2531	1444
			2532	1445
			2532	1446
			2532	1447
			2532	1448
			2532	1449
			2532	1450
			2533	1451
			2533	1452
			2533	1453
			2533	1454
			2533	1455
			2534	1456
			2534	1457
			2534	1458
			2534	1459
			2534	1460
			2534	1461
			2535	1462
			2535	1463
			2535	1464
			2535	1465
			2535	1466
			2536	1467
			2536	1468
			2536	1469
			2536	1470
			2536	1471
			2536	1472
			2537	1473
			2537	1474
			2537	1475
			2537	1476
			2537	1477
			2537	1478
			2538	1478
			2538	1479
			2538	1480
			2538	1481
			2538	1482
			2538	1483
			2539	1484
			2539	1485
			2539	1486
			2539	1487
			2539	1488
			2539	1489
			2540	1490
			2540	1491
			2540	1492
			2540	1493
			2540	1494
			2540	1495
			2540	1496
			2541	1496
			2541	1497
			2541	1498
			2541	1499
		</suture>
		<anterior type=matrix rownames=FALSE colnames=FALSE nrow=1207 ncol=2 as.numeric=TRUE >
			1544	214
			1544	215
			1544	216
			1545	217
			1545	218
			1545	219
			1545	220
			1546	221
			1546	222
			1546	223
			1546	224
			1547	225
			1547	226
			1547	227
			1547	228
			1548	229
			1548	230
			1548	231
			1548	232
			1549	233
			1549	234
			1549	235
			1549	236
			1550	237
			1550	238
			1550	239
			1551	240
			1551	241
			1551	242
			1551	243
			1552	244
			1552	245
			1552	246
			1552	247
			1553	247
			1553	248
			1553	249
			1553	250
			1554	251
			1554	252
			1554	253
			1555	254
			1555	255
			1555	256
			1556	257
			1556	258
			1556	259
			1556	260
			1557	261
			1557	262
			1557	263
			1558	263
			1558	264
			1558	265
			1558	266
			1559	267
			1559	268
			1559	269
			1560	270
			1560	271
			1560	272
			1561	273
			1561	274
			1561	275
			1562	276
			1562	277
			1563	278
			1563	279
			1563	280
			1564	281
			1564	282
			1564	283
			1565	284
			1565	285
			1565	286
			1565	287
			1566	287
			1566	288
			1566	289
			1567	290
			1567	291
			1568	292
			1568	293
			1568	294
			1569	295
			1569	296
			1569	297
			1570	298
			1570	299
			1571	300
			1571	301
			1571	302
			1572	303
			1572	304
			1573	305
			1573	306
			1573	307
			1574	308
			1574	309
			1575	310
			1575	311
			1575	312
			1576	313
			1576	314
			1577	315
			1577	316
			1577	317
			1578	318
			1578	319
			1579	320
			1579	321
			1579	322
			1580	323
			1580	324
			1581	325
			1581	326
			1581	327
			1582	327
			1582	328
			1582	329
			1583	330
			1583	331
			1584	332
			1584	333
			1584	334
			1585	335
			1585	336
			1586	337
			1586	338
			1587	339
			1587	340
			1587	341
			1588	341
			1588	342
			1588	343
			1589	343
			1589	344
			1589	345
			1590	345
			1590	346
			1590	347
			1591	348
			1591	349
			1592	350
			1592	351
			1592	352
			1593	352
			1593	353
			1594	354
			1594	355
			1594	356
			1595	356
			1595	357
			1595	358
			1596	359
			1596	360
			1597	360
			1597	361
			1597	362
			1598	363
			1598	364
			1599	365
			1599	366
			1600	367
			1600	368
			1601	369
			1601	370
			1602	371
			1602	372
			1603	373
			1603	374
			1604	375
			1604	376
			1604	377
			1605	378
			1605	379
			1606	380
			1606	381
			1607	382
			1607	383
			1608	384
			1608	385
			1609	386
			1609	387
			1610	388
			1610	389
			1611	390
			1611	391
			1612	392
			1612	393
			1613	394
			1613	395
			1614	396
			1614	397
			1615	398
			1616	399
			1616	400
			1617	401
			1617	402
			1618	403
			1618	404
			1619	405
			1619	406
			1620	407
			1620	408
			1621	409
			1622	410
			1623	411
			1624	412
			1625	413
			1626	414
			1627	415
			1628	415
			1629	416
			1630	417
			1631	418
			1632	419
			1633	420
			1634	421
			1635	422
			1636	423
			1637	424
			1638	425
			1639	426
			1640	427
			1641	428
			1642	429
			1643	430
			1644	431
			1645	432
			1646	433
			1647	434
			1648	435
			1649	436
			1650	437
			1651	438
			1652	439
			1653	440
			1654	441
			1655	442
			1656	443
			1657	444
			1658	445
			1659	446
			1660	447
			1661	448
			1662	449
			1663	450
			1664	451
			1665	451
			1666	452
			1667	453
			1668	454
			1669	455
			1670	456
			1671	456
			1671	457
			1672	458
			1673	458
			1673	459
			1674	459
			1674	460
			1675	461
			1676	461
			1676	462
			1677	462
			1678	463
			1679	464
			1680	465
			1681	466
			1682	467
			1683	468
			1684	469
			1685	470
			1686	471
			1687	472
			1688	473
			1689	473
			1690	474
			1691	475
			1692	476
			1692	477
			1693	478
			1694	478
			1695	479
			1696	480
			1697	481
			1698	482
			1699	483
			1700	483
			1701	484
			1701	485
			1702	486
			1703	487
			1704	487
			1705	488
			1706	489
			1707	490
			1708	491
			1709	492
			1710	493
			1711	494
			1712	495
			1713	495
			1713	496
			1714	497
			1715	497
			1715	498
			1716	498
			1717	499
			1717	500
			1718	500
			1719	501
			1720	502
			1721	503
			1722	504
			1723	504
			1724	505
			1724	506
			1725	507
			1726	507
			1727	508
			1727	509
			1728	509
			1729	510
			1730	511
			1731	512
			1732	513
			1733	514
			1734	515
			1735	515
			1736	516
			1737	517
			1738	518
			1739	519
			1740	520
			1741	521
			1742	521
			1743	522
			1743	523
			1744	524
			1745	525
			1746	526
			1747	526
			1748	527
			1749	528
			1750	529
			1751	530
			1752	531
			1753	531
			1754	532
			1755	533
			1756	534
			1757	535
			1758	536
			1759	537
			1760	537
			1761	538
			1762	539
			1762	540
			1763	541
			1764	542
			1765	542
			1766	543
			1767	544
			1768	545
			1769	546
			1770	547
			1771	547
			1772	548
			1773	549
			1774	550
			1775	551
			1776	552
			1777	552
			1778	553
			1779	554
			1780	555
			1781	556
			1782	557
			1783	558
			1784	559
			1785	559
			1786	560
			1786	561
			1787	561
			1788	562
			1789	563
			1790	564
			1791	565
			1792	566
			1793	566
			1794	567
			1795	568
			1796	569
			1797	570
			1798	571
			1799	572
			1800	573
			1801	573
			1802	574
			1803	575
			1804	576
			1805	577
			1806	578
			1807	579
			1808	579
			1809	580
			1810	581
			1811	582
			1812	583
			1813	584
			1814	585
			1815	585
			1816	586
			1817	587
			1818	588
			1819	589
			1820	590
			1821	591
			1822	591
			1823	592
			1824	593
			1825	594
			1826	595
			1827	596
			1828	596
			1829	597
			1830	598
			1831	599
			1832	600
			1833	601
			1834	602
			1835	602
			1836	603
			1837	604
			1838	605
			1839	606
			1840	607
			1841	607
			1842	608
			1843	609
			1844	610
			1845	611
			1846	612
			1847	613
			1848	613
			1849	614
			1850	614
			1851	614
			1852	615
			1853	615
			1854	616
			1855	616
			1856	617
			1857	617
			1857	618
			1858	618
			1859	619
			1860	619
			1861	620
			1862	620
			1863	620
			1864	621
			1865	621
			1866	622
			1867	622
			1868	623
			1869	623
			1870	624
			1871	625
			1872	625
			1873	626
			1874	626
			1875	627
			1876	627
			1877	628
			1878	628
			1879	628
			1880	629
			1881	630
			1882	630
			1883	631
			1884	631
			1885	632
			1886	632
			1887	633
			1888	633
			1889	634
			1890	634
			1891	635
			1892	635
			1893	636
			1894	636
			1895	637
			1896	637
			1896	638
			1897	638
			1898	638
			1898	639
			1899	639
			1900	639
			1900	640
			1901	640
			1902	640
			1902	641
			1903	641
			1904	641
			1904	642
			1905	642
			1906	642
			1906	643
			1907	643
			1908	643
			1908	644
			1909	644
			1910	645
			1911	645
			1912	646
			1913	646
			1914	647
			1915	647
			1916	648
			1917	648
			1918	649
			1919	650
			1920	650
			1921	651
			1922	651
			1923	652
			1924	652
			1925	653
			1926	653
			1927	654
			1928	654
			1929	655
			1930	655
			1931	656
			1932	657
			1933	657
			1934	657
			1934	658
			1935	658
			1936	658
			1936	659
			1937	659
			1938	660
			1939	660
			1940	661
			1941	661
			1942	662
			1943	662
			1944	663
			1945	664
			1946	664
			1947	665
			1948	665
			1949	666
			1950	666
			1951	667
			1952	667
			1953	668
			1954	668
			1955	669
			1956	669
			1957	670
			1958	670
			1959	671
			1960	672
			1961	672
			1962	673
			1963	674
			1964	674
			1965	674
			1965	675
			1966	675
			1967	676
			1968	676
			1969	677
			1970	677
			1971	678
			1972	678
			1973	679
			1974	680
			1975	680
			1976	681
			1977	681
			1978	682
			1979	683
			1980	683
			1981	684
			1982	684
			1983	685
			1984	685
			1985	686
			1986	686
			1987	687
			1988	687
			1989	688
			1990	689
			1991	689
			1992	690
			1993	690
			1994	691
			1995	691
			1995	692
			1996	692
			1997	693
			1998	694
			1999	694
			2000	695
			2001	695
			2002	696
			2003	696
			2004	697
			2005	697
			2006	698
			2007	699
			2008	699
			2009	700
			2010	700
			2011	701
			2012	701
			2013	702
			2014	703
			2015	703
			2016	704
			2017	705
			2018	705
			2019	706
			2020	706
			2021	707
			2022	707
			2022	708
			2023	708
			2024	709
			2025	709
			2026	710
			2027	711
			2028	711
			2029	712
			2030	712
			2031	713
			2032	714
			2033	714
			2034	715
			2035	715
			2036	716
			2037	717
			2038	717
			2039	718
			2040	718
			2041	719
			2042	720
			2043	720
			2044	721
			2045	722
			2046	723
			2047	723
			2048	724
			2049	724
			2050	725
			2051	725
			2051	726
			2052	726
			2053	727
			2054	727
			2055	728
			2056	729
			2057	729
			2058	730
			2059	730
			2060	731
			2061	732
			2062	732
			2063	733
			2064	733
			2065	734
			2066	735
			2067	735
			2068	736
			2069	736
			2069	737
			2070	738
			2071	738
			2072	739
			2073	739
			2074	740
			2075	741
			2076	741
			2077	742
			2078	743
			2079	743
			2080	744
			2081	744
			2082	745
			2083	746
			2084	746
			2085	747
			2086	748
			2087	749
			2088	749
			2089	750
			2090	751
			2091	751
			2092	752
			2093	752
			2094	753
			2095	753
			2095	754
			2096	755
			2097	755
			2098	756
			2099	756
			2099	757
			2100	757
			2101	758
			2102	758
			2103	759
			2104	760
			2105	760
			2106	761
			2107	762
			2108	762
			2109	763
			2110	764
			2111	764
			2112	765
			2113	766
			2114	767
			2115	767
			2116	768
			2117	769
			2118	770
			2119	770
			2120	771
			2121	771
			2122	772
			2123	773
			2124	774
			2125	774
			2126	775
			2127	776
			2128	776
			2129	777
			2130	778
			2131	778
			2132	779
			2133	779
			2134	780
			2135	781
			2136	782
			2137	783
			2138	783
			2138	784
			2139	784
			2140	785
			2141	785
			2142	786
			2143	787
			2144	788
			2145	788
			2146	789
			2147	790
			2148	791
			2149	791
			2150	792
			2151	793
			2152	793
			2153	794
			2154	795
			2155	795
			2156	796
			2157	797
			2158	798
			2159	798
			2159	799
			2160	800
			2161	800
			2162	801
			2163	801
			2163	802
			2164	803
			2165	803
			2166	804
			2166	805
			2167	805
			2168	806
			2169	806
			2169	807
			2170	808
			2171	808
			2172	809
			2173	810
			2174	811
			2175	812
			2176	813
			2177	813
			2178	814
			2179	815
			2180	816
			2180	817
			2181	817
			2182	818
			2183	819
			2184	820
			2185	821
			2186	821
			2187	822
			2188	823
			2189	824
			2190	825
			2191	826
			2192	827
			2193	828
			2194	828
			2194	829
			2195	830
			2196	830
			2196	831
			2197	831
			2198	832
			2198	833
			2199	833
			2200	834
			2201	835
			2202	836
			2203	837
			2204	838
			2205	839
			2206	839
			2207	840
			2207	841
			2208	842
			2209	842
			2210	843
			2210	844
			2211	845
			2212	845
			2213	846
			2213	847
			2214	847
			2215	848
			2216	849
			2217	850
			2218	851
			2219	852
			2220	853
			2221	854
			2222	855
			2223	856
			2224	856
			2224	857
			2225	858
			2226	859
			2227	860
			2228	861
			2229	862
			2230	863
			2231	864
			2232	864
			2233	865
			2234	866
			2234	867
			2235	868
			2236	869
			2237	870
			2238	871
			2239	872
			2240	873
			2241	874
			2242	874
			2243	875
			2243	876
			2244	877
			2245	878
			2246	879
			2247	880
			2248	881
			2249	882
			2250	883
			2251	884
			2252	885
			2252	886
			2253	887
			2254	887
			2255	888
			2256	889
			2257	890
			2258	891
			2259	892
			2260	893
			2260	894
			2261	895
			2262	896
			2263	897
			2264	898
			2265	899
			2266	900
			2267	901
			2268	902
			2268	903
			2269	904
			2270	904
			2271	905
			2272	906
			2273	907
			2274	908
			2275	909
			2275	910
			2276	911
			2277	912
			2278	913
			2279	914
			2280	915
			2281	916
			2282	917
			2282	918
			2283	919
			2284	920
			2285	921
			2286	922
			2287	923
			2288	924
			2288	925
			2289	926
			2290	927
			2291	928
			2292	929
			2293	930
			2294	931
			2294	932
			2295	933
			2296	934
			2297	935
			2298	936
			2299	937
			2300	938
			2300	939
			2301	940
			2302	941
			2303	942
			2304	943
			2305	944
			2306	945
			2306	946
			2307	947
			2308	948
			2309	949
			2310	950
			2311	951
			2312	952
			2312	953
			2313	954
			2314	955
			2315	956
			2316	957
			2317	958
			2317	959
			2318	960
			2319	961
			2320	962
			2321	963
			2321	964
			2322	965
			2323	966
			2324	967
			2325	968
			2325	969
			2326	970
			2327	971
			2327	972
			2328	972
			2328	973
			2329	974
			2330	975
			2331	976
			2332	977
			2332	978
			2333	979
			2334	980
			2334	981
			2335	982
			2336	982
			2337	983
			2337	984
			2338	985
			2339	986
			2339	987
			2340	988
			2341	989
			2342	990
			2342	991
			2343	992
			2344	993
			2344	994
			2345	994
			2346	995
			2346	996
			2347	997
			2348	998
			2349	999
			2349	1000
			2350	1001
			2351	1002
			2351	1003
			2352	1004
			2353	1005
			2354	1006
			2354	1007
			2355	1008
			2356	1009
			2356	1010
			2357	1010
			2358	1011
			2358	1012
			2359	1013
			2360	1014
			2360	1015
			2361	1016
			2362	1017
			2363	1018
			2363	1019
			2364	1020
			2365	1021
			2365	1022
			2366	1023
			2367	1024
			2367	1025
			2368	1026
			2369	1027
			2369	1028
			2370	1029
			2371	1030
			2372	1031
			2372	1032
			2373	1033
			2374	1034
			2374	1035
			2375	1036
			2376	1036
			2376	1037
			2377	1038
			2378	1039
			2378	1040
			2379	1041
			2380	1042
			2380	1043
			2381	1044
			2382	1045
			2382	1046
			2383	1047
			2384	1048
			2385	1049
			2385	1050
			2386	1051
			2387	1052
			2387	1053
			2388	1054
			2389	1055
			2389	1056
			2390	1057
			2391	1058
			2391	1059
			2392	1060
			2393	1061
			2393	1062
			2394	1063
			2395	1064
			2395	1065
			2396	1066
			2397	1067
			2397	1068
			2398	1069
			2399	1070
			2399	1071
			2400	1072
			2401	1073
			2401	1074
			2402	1075
			2403	1076
			2403	1077
			2404	1078
			2405	1079
			2405	1080
			2406	1081
			2407	1082
			2407	1083
			2407	1084
			2408	1084
			2408	1085
			2409	1086
			2409	1087
			2410	1088
			2411	1089
			2412	1090
			2412	1091
			2413	1092
			2413	1093
			2414	1093
			2414	1094
			2415	1095
			2415	1096
			2416	1096
			2416	1097
			2416	1098
			2417	1099
			2418	1100
			2418	1101
			2419	1102
			2420	1103
			2420	1104
			2421	1105
			2421	1106
			2422	1107
			2423	1108
			2424	1109
			2424	1110
			2425	1111
			2425	1112
			2426	1112
			2426	1113
			2426	1114
			2427	1114
			2427	1115
			2428	1116
			2428	1117
			2429	1118
			2430	1119
			2430	1120
			2431	1121
			2431	1122
			2432	1122
			2432	1123
			2432	1124
			2433	1125
			2434	1126
			2434	1127
			2435	1128
			2436	1129
			2436	1130
			2437	1131
			2437	1132
			2438	1133
			2438	1134
			2439	1135
			2440	1136
			2440	1137
			2441	1138
			2441	1139
			2442	1140
			2442	1141
			2443	1142
			2444	1143
			2444	1144
			2445	1145
			2445	1146
			2446	1146
			2446	1147
			2447	1148
			2448	1149
			2448	1150
			2449	1151
			2449	1152
			2450	1153
			2450	1154
			2451	1155
			2451	1156
			2452	1157
			2453	1158
			2453	1159
			2454	1160
			2454	1161
			2455	1162
			2455	1163
			2456	1164
			2457	1165
			2457	1166
			2458	1167
			2458	1168
			2459	1169
			2459	1170
			2460	1171
			2460	1172
			2461	1173
			2462	1174
			2462	1175
			2463	1176
			2463	1177
			2464	1178
			2464	1179
			2465	1180
			2465	1181
			2466	1182
			2466	1183
			2467	1184
			2468	1185
			2468	1186
			2469	1187
			2469	1188
			2470	1189
			2470	1190
			2471	1191
			2471	1192
			2472	1193
			2472	1194
			2473	1195
		</anterior>
		<posterior type=matrix rownames=FALSE colnames=FALSE nrow=963 ncol=2 as.numeric=TRUE >
			1533	1195
			1534	1195
			1535	1195
			1536	1195
			1537	1196
			1538	1196
			1539	1196
			1540	1196
			1541	1196
			1542	1196
			1543	1196
			1544	1197
			1545	1197
			1546	1197
			1547	1197
			1548	1197
			1549	1197
			1550	1197
			1551	1197
			1552	1198
			1553	1198
			1554	1198
			1555	1198
			1556	1198
			1557	1198
			1558	1198
			1559	1198
			1560	1198
			1561	1198
			1562	1198
			1563	1198
			1564	1199
			1565	1199
			1566	1199
			1567	1199
			1568	1199
			1569	1199
			1570	1199
			1571	1199
			1572	1199
			1573	1199
			1574	1199
			1575	1199
			1576	1199
			1577	1199
			1578	1199
			1579	1199
			1580	1199
			1581	1199
			1582	1199
			1583	1199
			1584	1199
			1585	1199
			1586	1199
			1587	1199
			1588	1199
			1589	1199
			1590	1199
			1591	1199
			1592	1199
			1593	1199
			1594	1199
			1595	1199
			1596	1199
			1597	1199
			1598	1199
			1599	1199
			1600	1199
			1601	1199
			1602	1199
			1603	1199
			1604	1199
			1605	1199
			1606	1199
			1607	1199
			1608	1199
			1609	1199
			1610	1199
			1611	1199
			1612	1199
			1613	1199
			1613	1198
			1614	1198
			1615	1198
			1616	1198
			1617	1198
			1618	1198
			1619	1198
			1620	1198
			1621	1198
			1622	1198
			1623	1198
			1624	1198
			1625	1198
			1626	1197
			1627	1197
			1628	1197
			1629	1197
			1630	1197
			1631	1197
			1632	1197
			1633	1197
			1634	1197
			1635	1197
			1636	1196
			1637	1196
			1638	1196
			1639	1196
			1640	1196
			1641	1196
			1642	1196
			1643	1196
			1644	1195
			1645	1195
			1646	1195
			1647	1195
			1648	1195
			1649	1195
			1650	1195
			1651	1194
			1652	1194
			1653	1194
			1654	1194
			1655	1194
			1656	1194
			1657	1194
			1658	1193
			1659	1193
			1660	1193
			1661	1193
			1662	1193
			1663	1193
			1664	1192
			1665	1192
			1666	1192
			1667	1192
			1668	1192
			1669	1191
			1670	1191
			1671	1191
			1672	1191
			1673	1191
			1674	1190
			1675	1190
			1676	1190
			1677	1190
			1678	1190
			1679	1189
			1680	1189
			1681	1189
			1682	1189
			1683	1188
			1684	1188
			1685	1188
			1686	1187
			1687	1187
			1688	1187
			1689	1187
			1690	1186
			1691	1186
			1692	1186
			1693	1186
			1694	1185
			1695	1185
			1696	1185
			1697	1185
			1698	1184
			1699	1184
			1700	1184
			1701	1184
			1702	1183
			1703	1183
			1704	1183
			1705	1183
			1706	1183
			1707	1183
			1708	1182
			1709	1182
			1710	1182
			1711	1182
			1712	1182
			1713	1182
			1714	1181
			1715	1181
			1716	1181
			1717	1181
			1718	1181
			1719	1181
			1720	1181
			1721	1181
			1721	1180
			1722	1180
			1723	1180
			1724	1180
			1725	1180
			1726	1180
			1727	1180
			1728	1180
			1729	1179
			1730	1179
			1731	1179
			1732	1179
			1733	1179
			1734	1179
			1735	1179
			1736	1179
			1737	1179
			1738	1179
			1739	1178
			1740	1178
			1741	1178
			1742	1178
			1743	1178
			1744	1178
			1745	1178
			1746	1178
			1747	1178
			1748	1178
			1749	1178
			1750	1178
			1751	1178
			1752	1177
			1753	1177
			1754	1177
			1755	1177
			1756	1177
			1757	1177
			1758	1177
			1759	1177
			1760	1177
			1761	1177
			1762	1177
			1763	1177
			1764	1177
			1765	1177
			1766	1177
			1767	1177
			1768	1177
			1769	1177
			1770	1176
			1771	1176
			1772	1176
			1773	1176
			1774	1176
			1775	1176
			1776	1176
			1777	1176
			1778	1176
			1779	1176
			1780	1176
			1781	1176
			1782	1176
			1783	1176
			1784	1176
			1785	1176
			1786	1176
			1787	1176
			1788	1176
			1789	1176
			1790	1176
			1791	1176
			1792	1176
			1793	1176
			1794	1176
			1795	1176
			1796	1176
			1797	1176
			1798	1176
			1799	1176
			1800	1176
			1801	1176
			1802	1176
			1803	1176
			1804	1176
			1805	1176
			1806	1176
			1807	1176
			1808	1176
			1809	1176
			1810	1176
			1811	1176
			1812	1176
			1813	1176
			1814	1176
			1815	1176
			1816	1176
			1817	1176
			1818	1176
			1819	1176
			1820	1176
			1821	1176
			1822	1176
			1823	1176
			1824	1176
			1825	1176
			1826	1176
			1827	1176
			1828	1176
			1829	1176
			1830	1176
			1831	1176
			1832	1176
			1833	1176
			1834	1176
			1835	1176
			1836	1176
			1837	1176
			1838	1176
			1839	1176
			1840	1176
			1841	1176
			1842	1176
			1843	1176
			1844	1176
			1845	1176
			1846	1176
			1847	1176
			1848	1176
			1849	1176
			1850	1176
			1851	1176
			1852	1176
			1853	1176
			1854	1176
			1855	1176
			1856	1176
			1857	1176
			1858	1176
			1859	1176
			1860	1176
			1861	1176
			1862	1176
			1863	1176
			1864	1176
			1865	1176
			1866	1177
			1867	1177
			1868	1177
			1869	1177
			1870	1177
			1871	1177
			1872	1177
			1873	1177
			1874	1177
			1875	1177
			1876	1177
			1877	1177
			1878	1177
			1879	1177
			1880	1177
			1881	1177
			1882	1177
			1883	1177
			1884	1177
			1885	1177
			1886	1177
			1887	1177
			1888	1177
			1889	1177
			1890	1177
			1891	1177
			1892	1178
			1893	1178
			1894	1178
			1895	1178
			1896	1178
			1897	1178
			1898	1178
			1899	1178
			1900	1178
			1901	1178
			1902	1178
			1903	1178
			1904	1178
			1905	1178
			1906	1178
			1907	1177
			1908	1177
			1909	1177
			1910	1177
			1911	1177
			1912	1177
			1913	1177
			1914	1177
			1915	1177
			1916	1177
			1917	1176
			1918	1176
			1919	1176
			1920	1176
			1921	1176
			1922	1176
			1923	1176
			1924	1176
			1925	1176
			1926	1176
			1927	1175
			1928	1175
			1929	1175
			1930	1175
			1931	1175
			1932	1175
			1933	1175
			1934	1175
			1935	1175
			1936	1174
			1937	1174
			1938	1174
			1939	1174
			1940	1174
			1941	1174
			1942	1174
			1943	1174
			1944	1174
			1945	1174
			1946	1173
			1947	1173
			1948	1173
			1949	1173
			1950	1173
			1951	1173
			1952	1173
			1953	1173
			1954	1173
			1955	1172
			1956	1172
			1957	1172
			1958	1172
			1959	1172
			1960	1172
			1961	1172
			1962	1172
			1963	1172
			1964	1172
			1965	1171
			1966	1171
			1967	1171
			1968	1171
			1969	1171
			1970	1171
			1971	1171
			1972	1171
			1973	1171
			1974	1171
			1975	1170
			1976	1170
			1977	1170
			1978	1170
			1979	1170
			1980	1170
			1981	1170
			1982	1170
			1983	1170
			1984	1169
			1985	1169
			1986	1169
			1987	1169
			1988	1169
			1989	1169
			1990	1169
			1991	1169
			1992	1169
			1993	1169
			1994	1168
			1995	1168
			1996	1168
			1997	1168
			1998	1168
			1999	1168
			2000	1168
			2001	1168
			2002	1168
			2003	1168
			2004	1167
			2005	1167
			2006	1167
			2007	1167
			2008	1167
			2009	1167
			2010	1167
			2011	1167
			2012	1167
			2013	1167
			2014	1166
			2015	1166
			2016	1166
			2017	1166
			2018	1166
			2019	1166
			2020	1166
			2021	1166
			2022	1166
			2023	1166
			2024	1165
			2025	1165
			2026	1165
			2027	1165
			2028	1165
			2029	1165
			2030	1165
			2031	1165
			2032	1165
			2033	1165
			2034	1164
			2035	1164
			2036	1164
			2037	1164
			2038	1164
			2039	1164
			2040	1164
			2041	1164
			2042	1164
			2043	1164
			2044	1163
			2045	1163
			2046	1163
			2047	1163
			2048	1163
			2049	1163
			2050	1163
			2051	1163
			2052	1163
			2053	1163
			2054	1162
			2055	1162
			2056	1162
			2057	1162
			2058	1162
			2059	1162
			2060	1162
			2061	1162
			2062	1162
			2063	1162
			2064	1161
			2065	1161
			2066	1161
			2067	1161
			2068	1161
			2069	1161
			2070	1161
			2071	1161
			2072	1161
			2073	1161
			2074	1160
			2075	1160
			2076	1160
			2077	1160
			2078	1160
			2079	1160
			2080	1160
			2081	1160
			2082	1160
			2083	1160
			2084	1160
			2085	1159
			2086	1159
			2087	1159
			2088	1159
			2089	1159
			2090	1159
			2091	1159
			2092	1159
			2093	1159
			2094	1159
			2095	1158
			2096	1158
			2097	1158
			2098	1158
			2099	1158
			2100	1158
			2101	1158
			2102	1158
			2103	1158
			2104	1158
			2105	1157
			2106	1157
			2107	1157
			2108	1157
			2109	1157
			2110	1157
			2111	1157
			2112	1157
			2113	1157
			2114	1157
			2115	1157
			2116	1156
			2117	1156
			2118	1156
			2119	1156
			2120	1156
			2121	1156
			2122	1156
			2123	1156
			2124	1156
			2125	1156
			2126	1155
			2127	1155
			2128	1155
			2129	1155
			2130	1155
			2131	1155
			2132	1155
			2133	1155
			2134	1155
			2135	1155
			2136	1154
			2137	1154
			2138	1154
			2139	1154
			2140	1154
			2141	1154
			2142	1154
			2143	1154
			2144	1154
			2145	1154
			2146	1153
			2147	1153
			2148	1153
			2149	1153
			2150	1153
			2151	1153
			2152	1153
			2153	1153
			2154	1153
			2155	1153
			2156	1153
			2157	1152
			2158	1152
			2159	1152
			2160	1152
			2161	1152
			2162	1152
			2163	1152
			2164	1152
			2165	1152
			2166	1152
			2167	1152
			2168	1151
			2169	1151
			2170	1151
			2171	1151
			2172	1151
			2173	1151
			2174	1151
			2175	1151
			2176	1151
			2177	1151
			2178	1150
			2179	1150
			2180	1150
			2181	1150
			2182	1150
			2183	1150
			2184	1150
			2185	1149
			2186	1149
			2187	1149
			2188	1148
			2189	1148
			2190	1148
			2191	1148
			2191	1147
			2192	1147
			2193	1147
			2194	1147
			2195	1146
			2196	1146
			2197	1146
			2198	1146
			2199	1145
			2200	1145
			2201	1144
			2202	1144
			2203	1144
			2204	1144
			2205	1143
			2206	1143
			2207	1143
			2208	1142
			2209	1142
			2210	1142
			2211	1142
			2212	1142
			2212	1141
			2213	1141
			2214	1141
			2215	1141
			2216	1140
			2217	1140
			2218	1140
			2219	1140
			2220	1139
			2221	1139
			2222	1139
			2223	1138
			2224	1138
			2225	1138
			2226	1138
			2227	1138
			2227	1137
			2228	1137
			2229	1137
			2230	1137
			2231	1137
			2232	1136
			2233	1136
			2234	1136
			2235	1136
			2236	1135
			2237	1135
			2238	1135
			2239	1135
			2240	1135
			2240	1134
			2241	1134
			2242	1134
			2243	1134
			2244	1134
			2245	1133
			2246	1133
			2247	1133
			2248	1133
			2249	1132
			2250	1132
			2251	1132
			2252	1132
			2253	1132
			2254	1131
			2255	1131
			2256	1131
			2257	1131
			2258	1131
			2259	1130
			2260	1130
			2261	1130
			2262	1130
			2263	1130
			2264	1130
			2264	1129
			2265	1129
			2266	1129
			2267	1129
			2268	1129
			2269	1129
			2270	1128
			2271	1128
			2272	1128
			2273	1128
			2274	1128
			2275	1128
			2276	1127
			2277	1127
			2278	1127
			2279	1127
			2280	1127
			2281	1127
			2282	1126
			2283	1126
			2284	1126
			2285	1126
			2286	1126
			2287	1126
			2288	1126
			2289	1126
			2290	1125
			2291	1125
			2292	1125
			2293	1125
			2294	1125
			2295	1125
			2296	1125
			2297	1125
			2298	1125
			2299	1124
			2300	1124
			2301	1124
			2302	1124
			2303	1124
			2304	1124
			2305	1124
			2306	1124
			2307	1124
			2308	1124
			2309	1123
			2310	1123
			2311	1123
			2312	1123
			2313	1123
			2314	1123
			2315	1123
			2316	1123
			2317	1123
			2318	1123
			2319	1123
			2320	1123
			2321	1123
			2322	1123
			2323	1123
			2324	1123
			2325	1123
			2326	1123
			2327	1123
			2328	1123
			2329	1123
			2330	1123
			2331	1123
			2332	1123
			2333	1123
			2334	1123
			2335	1123
			2336	1123
			2337	1123
			2338	1123
			2339	1123
			2340	1123
			2341	1123
			2342	1123
			2343	1123
			2344	1123
			2345	1123
			2346	1123
			2347	1123
			2348	1123
			2349	1123
			2350	1123
			2351	1123
			2352	1123
			2353	1123
			2354	1123
			2355	1123
			2356	1124
			2357	1124
			2358	1124
			2359	1124
			2360	1124
			2361	1124
			2362	1124
			2363	1124
			2364	1124
			2365	1125
			2366	1125
			2367	1125
			2368	1125
			2369	1125
			2370	1125
			2371	1125
			2372	1126
			2373	1126
			2374	1126
			2375	1126
			2376	1126
			2377	1126
			2378	1127
			2379	1127
			2380	1127
			2381	1127
			2382	1128
			2383	1128
			2384	1128
			2385	1128
			2386	1129
			2387	1129
			2388	1129
			2389	1129
			2390	1130
			2391	1130
			2392	1130
			2393	1130
			2394	1131
			2395	1131
			2396	1131
			2397	1132
			2398	1132
			2399	1132
			2400	1132
			2401	1133
			2402	1133
			2403	1134
			2404	1134
			2405	1134
			2406	1135
			2407	1135
			2408	1136
			2409	1136
			2410	1136
			2411	1137
			2412	1137
			2413	1138
			2414	1138
			2415	1139
			2416	1139
			2417	1139
			2417	1140
			2418	1140
			2419	1141
			2420	1141
			2421	1142
			2422	1142
			2423	1143
			2424	1144
			2425	1144
			2426	1145
			2427	1145
			2428	1146
			2429	1146
			2430	1147
			2431	1148
			2432	1148
			2433	1149
			2434	1150
			2435	1150
			2436	1151
			2437	1152
			2438	1152
			2438	1153
			2439	1154
			2440	1154
			2441	1155
			2442	1156
			2443	1157
			2444	1157
			2444	1158
			2445	1159
			2446	1160
			2447	1160
			2448	1161
			2449	1162
			2449	1163
			2450	1163
			2451	1164
			2452	1165
			2453	1166
			2453	1167
			2454	1168
			2455	1168
			2456	1169
			2456	1170
			2457	1171
			2458	1172
			2458	1173
			2459	1174
			2460	1174
			2461	1175
			2461	1176
			2462	1177
			2463	1178
			2463	1179
			2464	1180
			2465	1181
			2465	1182
			2466	1183
			2467	1184
			2467	1185
			2468	1186
			2468	1187
			2469	1188
			2470	1189
			2470	1190
			2471	1191
			2471	1192
			2472	1193
			2473	1194
			2473	1195
		</posterior>
	</curves.pixel>
	<curves.scaled type=list>
		<glabella type=matrix rownames=FALSE colnames=FALSE nrow=885 ncol=2 as.numeric=TRUE >
			5.76476485061844	-1.88800712906986
			5.76849609000396	-1.88800712906986
			5.77222732938947	-1.88800712906986
			5.77595856877498	-1.88800712906986
			5.7796898081605	-1.88800712906986
			5.78342104754601	-1.88800712906986
			5.78715228693152	-1.88800712906986
			5.79088352631704	-1.88800712906986
			5.79461476570255	-1.88800712906986
			5.79834600508807	-1.88800712906986
			5.80207724447358	-1.88800712906986
			5.80580848385909	-1.88800712906986
			5.80953972324461	-1.88800712906986
			5.81327096263012	-1.88800712906986
			5.81700220201563	-1.88800712906986
			5.82073344140115	-1.88800712906986
			5.82446468078666	-1.88800712906986
			5.82819592017217	-1.88800712906986
			5.83192715955769	-1.88800712906986
			5.8356583989432	-1.88800712906986
			5.83938963832871	-1.89173836845537
			5.84312087771423	-1.89173836845537
			5.84685211709974	-1.89173836845537
			5.85058335648525	-1.89173836845537
			5.85431459587077	-1.89173836845537
			5.85804583525628	-1.89173836845537
			5.8617770746418	-1.89173836845537
			5.86550831402731	-1.89173836845537
			5.86923955341282	-1.89173836845537
			5.87297079279834	-1.89173836845537
			5.87670203218385	-1.89173836845537
			5.88043327156936	-1.89173836845537
			5.88416451095488	-1.89173836845537
			5.88789575034039	-1.89173836845537
			5.8916269897259	-1.89546960784089
			5.89535822911142	-1.89546960784089
			5.89908946849693	-1.89546960784089
			5.90282070788244	-1.89546960784089
			5.90655194726796	-1.89546960784089
			5.91028318665347	-1.89546960784089
			5.91401442603899	-1.89546960784089
			5.9177456654245	-1.89546960784089
			5.92147690481001	-1.89546960784089
			5.92520814419553	-1.8992008472264
			5.92893938358104	-1.8992008472264
			5.93267062296655	-1.8992008472264
			5.93640186235207	-1.8992008472264
			5.94013310173758	-1.8992008472264
			5.94386434112309	-1.8992008472264
			5.94759558050861	-1.8992008472264
			5.95132681989412	-1.8992008472264
			5.95505805927963	-1.90293208661191
			5.95878929866515	-1.90293208661191
			5.96252053805066	-1.90293208661191
			5.96625177743617	-1.90293208661191
			5.96998301682169	-1.90293208661191
			5.9737142562072	-1.90293208661191
			5.97744549559272	-1.90293208661191
			5.98117673497823	-1.90666332599743
			5.98490797436374	-1.90666332599743
			5.98863921374926	-1.90666332599743
			5.99237045313477	-1.90666332599743
			5.99610169252028	-1.90666332599743
			5.9998329319058	-1.90666332599743
			6.00356417129131	-1.91039456538294
			6.00729541067682	-1.91039456538294
			6.01102665006234	-1.91039456538294
			6.01475788944785	-1.91039456538294
			6.01848912883337	-1.91039456538294
			6.01848912883337	-1.91412580476845
			6.02222036821888	-1.91412580476845
			6.02595160760439	-1.91412580476845
			6.02968284698991	-1.91412580476845
			6.03341408637542	-1.91412580476845
			6.03714532576093	-1.91785704415397
			6.04087656514645	-1.91785704415397
			6.04460780453196	-1.91785704415397
			6.04833904391747	-1.91785704415397
			6.05207028330299	-1.91785704415397
			6.05207028330299	-1.92158828353948
			6.0558015226885	-1.92158828353948
			6.05953276207401	-1.92158828353948
			6.06326400145953	-1.92158828353948
			6.06699524084504	-1.92158828353948
			6.07072648023055	-1.92531952292499
			6.07445771961607	-1.92531952292499
			6.07818895900158	-1.92531952292499
			6.0819201983871	-1.92531952292499
			6.08565143777261	-1.92905076231051
			6.08938267715812	-1.92905076231051
			6.09311391654364	-1.92905076231051
			6.09684515592915	-1.92905076231051
			6.10057639531466	-1.93278200169602
			6.10430763470018	-1.93278200169602
			6.10803887408569	-1.93278200169602
			6.1117701134712	-1.93651324108154
			6.11550135285672	-1.93651324108154
			6.11923259224223	-1.93651324108154
			6.12296383162774	-1.93651324108154
			6.12669507101326	-1.94024448046705
			6.13042631039877	-1.94024448046705
			6.13415754978428	-1.94397571985256
			6.1378887891698	-1.94397571985256
			6.14162002855531	-1.94397571985256
			6.14535126794083	-1.94397571985256
			6.14908250732634	-1.94770695923808
			6.15281374671185	-1.94770695923808
			6.15654498609737	-1.94770695923808
			6.16027622548288	-1.95143819862359
			6.16400746486839	-1.95143819862359
			6.16773870425391	-1.95143819862359
			6.17146994363942	-1.9551694380091
			6.17520118302493	-1.9551694380091
			6.17893242241045	-1.9551694380091
			6.18266366179596	-1.95890067739462
			6.18639490118148	-1.95890067739462
			6.19012614056699	-1.95890067739462
			6.1938573799525	-1.96263191678013
			6.19758861933802	-1.96263191678013
			6.20131985872353	-1.96636315616564
			6.20505109810904	-1.96636315616564
			6.20878233749456	-1.96636315616564
			6.21251357688007	-1.97009439555116
			6.21624481626558	-1.97009439555116
			6.2199760556511	-1.97009439555116
			6.2199760556511	-1.97382563493667
			6.22370729503661	-1.97382563493667
			6.22743853442212	-1.97755687432218
			6.23116977380764	-1.97755687432218
			6.23490101319315	-1.97755687432218
			6.23863225257866	-1.9812881137077
			6.24236349196418	-1.9812881137077
			6.24609473134969	-1.98501935309321
			6.24982597073521	-1.98501935309321
			6.25355721012072	-1.98501935309321
			6.25728844950623	-1.98875059247872
			6.26101968889175	-1.98875059247872
			6.26475092827726	-1.99248183186424
			6.26848216766277	-1.99248183186424
			6.27221340704829	-1.99248183186424
			6.27221340704829	-1.99621307124975
			6.2759446464338	-1.99621307124975
			6.27967588581931	-1.99994431063527
			6.28340712520483	-1.99994431063527
			6.28713836459034	-2.00367555002078
			6.29086960397585	-2.00367555002078
			6.29460084336137	-2.00367555002078
			6.29833208274688	-2.00740678940629
			6.30206332213239	-2.00740678940629
			6.30579456151791	-2.01113802879181
			6.30952580090342	-2.01113802879181
			6.31325704028894	-2.01486926817732
			6.31698827967445	-2.01860050756283
			6.32071951905996	-2.01860050756283
			6.32445075844548	-2.02233174694835
			6.32818199783099	-2.02233174694835
			6.3319132372165	-2.02606298633386
			6.33564447660202	-2.02606298633386
			6.33937571598753	-2.02979422571937
			6.34310695537304	-2.02979422571937
			6.34683819475856	-2.03352546510489
			6.35056943414407	-2.0372567044904
			6.35430067352959	-2.0372567044904
			6.3580319129151	-2.04098794387591
			6.36176315230061	-2.04098794387591
			6.36549439168613	-2.04471918326143
			6.36922563107164	-2.04471918326143
			6.37295687045715	-2.04845042264694
			6.37668810984267	-2.04845042264694
			6.38041934922818	-2.05218166203246
			6.38415058861369	-2.05591290141797
			6.38788182799921	-2.05964414080348
			6.39161306738472	-2.05964414080348
			6.39534430677023	-2.05964414080348
			6.39534430677023	-2.063375380189
			6.39907554615575	-2.063375380189
			6.40280678554126	-2.06710661957451
			6.40653802492677	-2.06710661957451
			6.41026926431229	-2.07083785896002
			6.4140005036978	-2.07456909834554
			6.41773174308332	-2.07456909834554
			6.42146298246883	-2.07830033773105
			6.42519422185434	-2.08203157711656
			6.42892546123986	-2.08203157711656
			6.43265670062537	-2.08576281650208
			6.43638794001088	-2.08949405588759
			6.4401191793964	-2.08949405588759
			6.44385041878191	-2.0932252952731
			6.44758165816742	-2.09695653465862
			6.45131289755294	-2.09695653465862
			6.45504413693845	-2.10068777404413
			6.45504413693845	-2.10441901342965
			6.45877537632396	-2.10441901342965
			6.46250661570948	-2.10815025281516
			6.46623785509499	-2.11188149220067
			6.46996909448051	-2.11188149220067
			6.47370033386602	-2.11561273158619
			6.47743157325153	-2.1193439709717
			6.48116281263705	-2.1193439709717
			6.48489405202256	-2.12307521035721
			6.48862529140807	-2.12680644974273
			6.49235653079359	-2.13053768912824
			6.4960877701791	-2.13426892851375
			6.49981900956461	-2.13426892851375
			6.50355024895013	-2.13800016789927
			6.50728148833564	-2.14173140728478
			6.51101272772115	-2.14546264667029
			6.51474396710667	-2.14919388605581
			6.51847520649218	-2.14919388605581
			6.52220644587769	-2.15292512544132
			6.52593768526321	-2.15665636482683
			6.52966892464872	-2.16038760421235
			6.53340016403424	-2.16411884359786
			6.53713140341975	-2.16411884359786
			6.54086264280526	-2.16785008298338
			6.54459388219078	-2.17158132236889
			6.54459388219078	-2.1753125617544
			6.54832512157629	-2.1753125617544
			6.5520563609618	-2.17904380113992
			6.55578760034732	-2.18277504052543
			6.55951883973283	-2.18650627991094
			6.56325007911834	-2.19023751929646
			6.56698131850386	-2.19023751929646
			6.57071255788937	-2.19396875868197
			6.57444379727488	-2.19769999806748
			6.57444379727488	-2.201431237453
			6.5781750366604	-2.20516247683851
			6.58190627604591	-2.20516247683851
			6.58563751543143	-2.20889371622402
			6.58936875481694	-2.21262495560954
			6.59309999420245	-2.21635619499505
			6.59683123358797	-2.22008743438057
			6.60056247297348	-2.22381867376608
			6.60429371235899	-2.22754991315159
			6.60802495174451	-2.23128115253711
			6.61175619113002	-2.23501239192262
			6.61548743051553	-2.23874363130813
			6.61921866990105	-2.24247487069365
			6.62294990928656	-2.24620611007916
			6.62294990928656	-2.24993734946467
			6.62668114867207	-2.25366858885019
			6.62668114867207	-2.2573998282357
			6.63041238805759	-2.26113106762121
			6.63041238805759	-2.26486230700673
			6.63041238805759	-2.26859354639224
			6.6341436274431	-2.27232478577776
			6.6341436274431	-2.27605602516327
			6.6341436274431	-2.27978726454878
			6.63787486682862	-2.2835185039343
			6.63787486682862	-2.28724974331981
			6.64160610621413	-2.29098098270532
			6.64160610621413	-2.29471222209084
			6.64160610621413	-2.29844346147635
			6.64533734559964	-2.30217470086186
			6.64533734559964	-2.30590594024738
			6.64906858498516	-2.30963717963289
			6.64906858498516	-2.3133684190184
			6.64906858498516	-2.31709965840392
			6.65279982437067	-2.32083089778943
			6.65279982437067	-2.32456213717494
			6.65279982437067	-2.32829337656046
			6.65653106375618	-2.33202461594597
			6.65653106375618	-2.33575585533149
			6.65653106375618	-2.339487094717
			6.6602623031417	-2.34321833410251
			6.6602623031417	-2.34694957348803
			6.6602623031417	-2.35068081287354
			6.66399354252721	-2.35441205225905
			6.66399354252721	-2.35814329164457
			6.66399354252721	-2.36187453103008
			6.66772478191272	-2.36560577041559
			6.66772478191272	-2.36933700980111
			6.66772478191272	-2.37306824918662
			6.67145602129824	-2.37679948857213
			6.67145602129824	-2.38053072795765
			6.67145602129824	-2.38426196734316
			6.67518726068375	-2.38799320672868
			6.67518726068375	-2.39172444611419
			6.67518726068375	-2.3954556854997
			6.67518726068375	-2.39918692488522
			6.67891850006926	-2.40291816427073
			6.67891850006926	-2.40664940365624
			6.67891850006926	-2.41038064304176
			6.68264973945478	-2.41411188242727
			6.68264973945478	-2.41784312181278
			6.68264973945478	-2.4215743611983
			6.68264973945478	-2.42530560058381
			6.68638097884029	-2.42903683996932
			6.68638097884029	-2.43276807935484
			6.68638097884029	-2.43649931874035
			6.68638097884029	-2.44023055812587
			6.6901122182258	-2.44396179751138
			6.6901122182258	-2.44769303689689
			6.6901122182258	-2.45142427628241
			6.6901122182258	-2.45515551566792
			6.69384345761132	-2.45888675505343
			6.69384345761132	-2.46261799443895
			6.69384345761132	-2.46634923382446
			6.69384345761132	-2.47008047320997
			6.69757469699683	-2.47008047320997
			6.69757469699683	-2.47381171259549
			6.69757469699683	-2.477542951981
			6.69757469699683	-2.48127419136651
			6.70130593638235	-2.48500543075203
			6.70130593638235	-2.48873667013754
			6.70130593638235	-2.49246790952306
			6.70130593638235	-2.49619914890857
			6.70130593638235	-2.49993038829408
			6.70503717576786	-2.5036616276796
			6.70503717576786	-2.50739286706511
			6.70503717576786	-2.51112410645062
			6.70503717576786	-2.51485534583614
			6.70876841515337	-2.51858658522165
			6.70876841515337	-2.52231782460716
			6.70876841515337	-2.52604906399268
			6.70876841515337	-2.52978030337819
			6.70876841515337	-2.5335115427637
			6.71249965453889	-2.53724278214922
			6.71249965453889	-2.54097402153473
			6.71249965453889	-2.54470526092024
			6.71249965453889	-2.54843650030576
			6.71249965453889	-2.55216773969127
			6.7162308939244	-2.55589897907679
			6.7162308939244	-2.5596302184623
			6.7162308939244	-2.56336145784781
			6.7162308939244	-2.56709269723333
			6.7162308939244	-2.57082393661884
			6.71996213330991	-2.57455517600435
			6.71996213330991	-2.57828641538987
			6.71996213330991	-2.58201765477538
			6.71996213330991	-2.58574889416089
			6.71996213330991	-2.58948013354641
			6.71996213330991	-2.59321137293192
			6.72369337269543	-2.59694261231743
			6.72369337269543	-2.60067385170295
			6.72369337269543	-2.60440509108846
			6.72369337269543	-2.60813633047398
			6.72369337269543	-2.61186756985949
			6.72369337269543	-2.615598809245
			6.72742461208094	-2.615598809245
			6.72742461208094	-2.61933004863052
			6.72742461208094	-2.62306128801603
			6.72742461208094	-2.62679252740154
			6.72742461208094	-2.63052376678706
			6.72742461208094	-2.63425500617257
			6.73115585146645	-2.63798624555808
			6.73115585146645	-2.6417174849436
			6.73115585146645	-2.64544872432911
			6.73115585146645	-2.64917996371462
			6.73115585146645	-2.65291120310014
			6.73115585146645	-2.65664244248565
			6.73115585146645	-2.66037368187117
			6.73488709085197	-2.66410492125668
			6.73488709085197	-2.66783616064219
			6.73488709085197	-2.67156740002771
			6.73488709085197	-2.67529863941322
			6.73488709085197	-2.67902987879873
			6.73488709085197	-2.68276111818425
			6.73488709085197	-2.68649235756976
			6.73488709085197	-2.69022359695527
			6.73861833023748	-2.69395483634079
			6.73861833023748	-2.6976860757263
			6.73861833023748	-2.70141731511181
			6.73861833023748	-2.70514855449733
			6.73861833023748	-2.70887979388284
			6.73861833023748	-2.71261103326835
			6.73861833023748	-2.71634227265387
			6.73861833023748	-2.72007351203938
			6.74234956962299	-2.7238047514249
			6.74234956962299	-2.72753599081041
			6.74234956962299	-2.73126723019592
			6.74234956962299	-2.73499846958144
			6.74234956962299	-2.73872970896695
			6.74234956962299	-2.74246094835246
			6.74234956962299	-2.74619218773798
			6.74234956962299	-2.74992342712349
			6.74234956962299	-2.753654666509
			6.74234956962299	-2.75738590589452
			6.74608080900851	-2.76111714528003
			6.74608080900851	-2.76484838466554
			6.74608080900851	-2.76857962405106
			6.74608080900851	-2.77231086343657
			6.74608080900851	-2.77604210282209
			6.74608080900851	-2.7797733422076
			6.74608080900851	-2.78350458159311
			6.74608080900851	-2.78723582097863
			6.74608080900851	-2.79096706036414
			6.74608080900851	-2.79469829974965
			6.74608080900851	-2.79842953913517
			6.74608080900851	-2.80216077852068
			6.74981204839402	-2.80589201790619
			6.74981204839402	-2.80962325729171
			6.74981204839402	-2.81335449667722
			6.74981204839402	-2.81708573606273
			6.74981204839402	-2.82081697544825
			6.74981204839402	-2.82454821483376
			6.74981204839402	-2.82827945421927
			6.74981204839402	-2.83201069360479
			6.74981204839402	-2.8357419329903
			6.74981204839402	-2.83947317237582
			6.74981204839402	-2.84320441176133
			6.74981204839402	-2.84693565114684
			6.74981204839402	-2.85066689053236
			6.74981204839402	-2.85439812991787
			6.74981204839402	-2.85812936930338
			6.74981204839402	-2.8618606086889
			6.74981204839402	-2.86559184807441
			6.74981204839402	-2.86932308745992
			6.74981204839402	-2.87305432684544
			6.74981204839402	-2.87678556623095
			6.75354328777953	-2.88051680561646
			6.75354328777953	-2.88424804500198
			6.75354328777953	-2.88797928438749
			6.75354328777953	-2.89171052377301
			6.75354328777953	-2.89544176315852
			6.75354328777953	-2.89917300254403
			6.75354328777953	-2.90290424192955
			6.75354328777953	-2.90663548131506
			6.75354328777953	-2.91036672070057
			6.75354328777953	-2.91409796008609
			6.75354328777953	-2.9178291994716
			6.75354328777953	-2.92156043885711
			6.75354328777953	-2.92529167824263
			6.75354328777953	-2.92902291762814
			6.75354328777953	-2.93275415701365
			6.75354328777953	-2.93648539639917
			6.75354328777953	-2.94021663578468
			6.75354328777953	-2.9439478751702
			6.75354328777953	-2.94767911455571
			6.75354328777953	-2.95141035394122
			6.75354328777953	-2.95514159332674
			6.75354328777953	-2.95887283271225
			6.75354328777953	-2.96260407209776
			6.75354328777953	-2.96633531148328
			6.75354328777953	-2.97006655086879
			6.75354328777953	-2.9737977902543
			6.75354328777953	-2.97752902963982
			6.75354328777953	-2.98126026902533
			6.75354328777953	-2.98499150841084
			6.75354328777953	-2.98872274779636
			6.75354328777953	-2.99245398718187
			6.75354328777953	-2.99618522656738
			6.75354328777953	-2.9999164659529
			6.75354328777953	-3.00364770533841
			6.75354328777953	-3.00737894472393
			6.75354328777953	-3.01111018410944
			6.75354328777953	-3.01484142349495
			6.75354328777953	-3.01857266288047
			6.75354328777953	-3.02230390226598
			6.75354328777953	-3.02603514165149
			6.75354328777953	-3.02976638103701
			6.75354328777953	-3.03349762042252
			6.75354328777953	-3.03722885980803
			6.75354328777953	-3.04096009919355
			6.75354328777953	-3.04469133857906
			6.75354328777953	-3.04842257796457
			6.74981204839402	-3.05215381735009
			6.74981204839402	-3.0558850567356
			6.74981204839402	-3.05961629612112
			6.74981204839402	-3.06334753550663
			6.74981204839402	-3.06707877489214
			6.74981204839402	-3.07081001427766
			6.74981204839402	-3.07454125366317
			6.74981204839402	-3.07827249304868
			6.74981204839402	-3.0820037324342
			6.74981204839402	-3.08573497181971
			6.74981204839402	-3.08946621120522
			6.74981204839402	-3.09319745059074
			6.74981204839402	-3.09692868997625
			6.74981204839402	-3.10065992936176
			6.74981204839402	-3.10439116874728
			6.74981204839402	-3.10812240813279
			6.74981204839402	-3.11185364751831
			6.74981204839402	-3.11558488690382
			6.74981204839402	-3.11931612628933
			6.74981204839402	-3.12304736567485
			6.74608080900851	-3.12677860506036
			6.74608080900851	-3.13050984444587
			6.74608080900851	-3.13424108383139
			6.74608080900851	-3.1379723232169
			6.74608080900851	-3.14170356260241
			6.74608080900851	-3.14543480198793
			6.74608080900851	-3.14916604137344
			6.74608080900851	-3.15289728075895
			6.74608080900851	-3.15662852014447
			6.74608080900851	-3.16035975952998
			6.74608080900851	-3.1640909989155
			6.74608080900851	-3.16782223830101
			6.74608080900851	-3.17155347768652
			6.74608080900851	-3.17528471707204
			6.74234956962299	-3.17901595645755
			6.74234956962299	-3.18274719584306
			6.74234956962299	-3.18647843522858
			6.74234956962299	-3.19020967461409
			6.74234956962299	-3.1939409139996
			6.74234956962299	-3.19767215338512
			6.74234956962299	-3.20140339277063
			6.74234956962299	-3.20513463215614
			6.74234956962299	-3.20886587154166
			6.74234956962299	-3.21259711092717
			6.74234956962299	-3.21632835031268
			6.73861833023748	-3.2200595896982
			6.73861833023748	-3.22379082908371
			6.73861833023748	-3.22752206846923
			6.73861833023748	-3.23125330785474
			6.73861833023748	-3.23498454724025
			6.73861833023748	-3.23871578662577
			6.73861833023748	-3.24244702601128
			6.73861833023748	-3.24617826539679
			6.73861833023748	-3.24990950478231
			6.73861833023748	-3.25364074416782
			6.73488709085197	-3.25737198355333
			6.73488709085197	-3.26110322293885
			6.73488709085197	-3.26483446232436
			6.73488709085197	-3.26856570170987
			6.73488709085197	-3.27229694109539
			6.73488709085197	-3.2760281804809
			6.73488709085197	-3.27975941986642
			6.73488709085197	-3.28349065925193
			6.73488709085197	-3.28722189863744
			6.73115585146645	-3.29095313802296
			6.73115585146645	-3.29468437740847
			6.73115585146645	-3.29841561679398
			6.73115585146645	-3.3021468561795
			6.73115585146645	-3.30587809556501
			6.73115585146645	-3.30960933495052
			6.73115585146645	-3.31334057433604
			6.73115585146645	-3.31707181372155
			6.72742461208094	-3.32080305310706
			6.72742461208094	-3.32453429249258
			6.72742461208094	-3.32826553187809
			6.72742461208094	-3.33199677126361
			6.72742461208094	-3.33572801064912
			6.72742461208094	-3.33945925003463
			6.72742461208094	-3.34319048942015
			6.72742461208094	-3.34692172880566
			6.72742461208094	-3.35065296819117
			6.72369337269543	-3.35438420757669
			6.72369337269543	-3.3581154469622
			6.72369337269543	-3.36184668634771
			6.72369337269543	-3.36557792573323
			6.72369337269543	-3.36930916511874
			6.72369337269543	-3.37304040450425
			6.72369337269543	-3.37677164388977
			6.72369337269543	-3.38050288327528
			6.71996213330991	-3.38423412266079
			6.71996213330991	-3.38796536204631
			6.71996213330991	-3.39169660143182
			6.71996213330991	-3.39542784081734
			6.71996213330991	-3.39915908020285
			6.71996213330991	-3.40289031958836
			6.71996213330991	-3.40662155897388
			6.71996213330991	-3.41035279835939
			6.7162308939244	-3.4140840377449
			6.7162308939244	-3.41781527713042
			6.7162308939244	-3.42154651651593
			6.7162308939244	-3.42527775590144
			6.7162308939244	-3.42900899528696
			6.7162308939244	-3.43274023467247
			6.7162308939244	-3.43647147405798
			6.7162308939244	-3.4402027134435
			6.71249965453889	-3.44393395282901
			6.71249965453889	-3.44766519221453
			6.71249965453889	-3.45139643160004
			6.71249965453889	-3.45512767098555
			6.71249965453889	-3.45885891037107
			6.71249965453889	-3.46259014975658
			6.71249965453889	-3.46632138914209
			6.71249965453889	-3.47005262852761
			6.71249965453889	-3.47378386791312
			6.70876841515337	-3.47751510729863
			6.70876841515337	-3.48124634668415
			6.70876841515337	-3.48497758606966
			6.70876841515337	-3.48870882545517
			6.70876841515337	-3.49244006484069
			6.70876841515337	-3.4961713042262
			6.70876841515337	-3.49990254361171
			6.70876841515337	-3.50363378299723
			6.70503717576786	-3.50736502238274
			6.70503717576786	-3.51109626176826
			6.70503717576786	-3.51482750115377
			6.70503717576786	-3.51855874053928
			6.70503717576786	-3.5222899799248
			6.70503717576786	-3.52602121931031
			6.70503717576786	-3.52975245869582
			6.70130593638235	-3.53348369808134
			6.70130593638235	-3.53721493746685
			6.70130593638235	-3.54094617685236
			6.70130593638235	-3.54467741623788
			6.70130593638235	-3.54840865562339
			6.70130593638235	-3.5521398950089
			6.70130593638235	-3.55587113439442
			6.70130593638235	-3.55960237377993
			6.69757469699683	-3.56333361316545
			6.69757469699683	-3.56706485255096
			6.69757469699683	-3.57079609193647
			6.69757469699683	-3.57452733132199
			6.69757469699683	-3.5782585707075
			6.69757469699683	-3.58198981009301
			6.69757469699683	-3.58572104947853
			6.69384345761132	-3.58945228886404
			6.69384345761132	-3.59318352824955
			6.69384345761132	-3.59691476763507
			6.69384345761132	-3.60064600702058
			6.69384345761132	-3.60437724640609
			6.69384345761132	-3.60810848579161
			6.69384345761132	-3.61183972517712
			6.69384345761132	-3.61557096456264
			6.69384345761132	-3.61930220394815
			6.6901122182258	-3.61930220394815
			6.6901122182258	-3.62303344333366
			6.6901122182258	-3.62676468271918
			6.6901122182258	-3.63049592210469
			6.6901122182258	-3.6342271614902
			6.6901122182258	-3.63795840087572
			6.6901122182258	-3.64168964026123
			6.6901122182258	-3.64542087964674
			6.68638097884029	-3.64915211903226
			6.68638097884029	-3.65288335841777
			6.68638097884029	-3.65661459780328
			6.68638097884029	-3.6603458371888
			6.68638097884029	-3.66407707657431
			6.68638097884029	-3.66780831595982
			6.68638097884029	-3.67153955534534
			6.68264973945478	-3.67527079473085
			6.68264973945478	-3.67900203411637
			6.68264973945478	-3.68273327350188
			6.68264973945478	-3.68646451288739
			6.68264973945478	-3.69019575227291
			6.68264973945478	-3.69392699165842
			6.68264973945478	-3.69765823104393
			6.68264973945478	-3.70138947042945
			6.67891850006926	-3.70512070981496
			6.67891850006926	-3.70885194920047
			6.67891850006926	-3.71258318858599
			6.67891850006926	-3.7163144279715
			6.67891850006926	-3.72004566735701
			6.67891850006926	-3.72377690674253
			6.67891850006926	-3.72750814612804
			6.67518726068375	-3.73123938551356
			6.67518726068375	-3.73497062489907
			6.67518726068375	-3.73870186428458
			6.67518726068375	-3.7424331036701
			6.67518726068375	-3.74616434305561
			6.67518726068375	-3.74989558244112
			6.67518726068375	-3.75362682182664
			6.67145602129824	-3.75735806121215
			6.67145602129824	-3.76108930059766
			6.67145602129824	-3.76482053998318
			6.67145602129824	-3.76855177936869
			6.67145602129824	-3.7722830187542
			6.67145602129824	-3.77601425813972
			6.67145602129824	-3.77974549752523
			6.67145602129824	-3.78347673691075
			6.66772478191272	-3.78720797629626
			6.66772478191272	-3.79093921568177
			6.66772478191272	-3.79467045506729
			6.66772478191272	-3.7984016944528
			6.66772478191272	-3.80213293383831
			6.66772478191272	-3.80586417322383
			6.66399354252721	-3.80959541260934
			6.66399354252721	-3.81332665199485
			6.66399354252721	-3.81705789138037
			6.66399354252721	-3.82078913076588
			6.66399354252721	-3.82452037015139
			6.66399354252721	-3.82825160953691
			6.66399354252721	-3.83198284892242
			6.6602623031417	-3.83571408830794
			6.6602623031417	-3.83944532769345
			6.6602623031417	-3.84317656707896
			6.6602623031417	-3.84690780646448
			6.6602623031417	-3.85063904584999
			6.6602623031417	-3.8543702852355
			6.6602623031417	-3.85810152462102
			6.65653106375618	-3.86183276400653
			6.65653106375618	-3.86556400339204
			6.65653106375618	-3.86929524277756
			6.65653106375618	-3.87302648216307
			6.65653106375618	-3.87675772154858
			6.65653106375618	-3.8804889609341
			6.65279982437067	-3.88422020031961
			6.65279982437067	-3.88795143970512
			6.65279982437067	-3.89168267909064
			6.65279982437067	-3.89541391847615
			6.65279982437067	-3.89914515786167
			6.65279982437067	-3.90287639724718
			6.65279982437067	-3.90660763663269
			6.64906858498516	-3.91033887601821
			6.64906858498516	-3.91407011540372
			6.64906858498516	-3.91780135478923
			6.64906858498516	-3.92153259417475
			6.64906858498516	-3.92526383356026
			6.64906858498516	-3.92899507294577
			6.64533734559964	-3.93272631233129
			6.64533734559964	-3.9364575517168
			6.64533734559964	-3.94018879110231
			6.64533734559964	-3.94392003048783
			6.64533734559964	-3.94765126987334
			6.64533734559964	-3.95138250925886
			6.64533734559964	-3.95511374864437
			6.64160610621413	-3.95884498802988
			6.64160610621413	-3.9625762274154
			6.64160610621413	-3.96630746680091
			6.64160610621413	-3.97003870618642
			6.64160610621413	-3.97376994557194
			6.63787486682862	-3.97750118495745
			6.63787486682862	-3.98123242434296
			6.63787486682862	-3.98496366372848
			6.63787486682862	-3.98869490311399
			6.63787486682862	-3.9924261424995
			6.63787486682862	-3.99615738188502
			6.63787486682862	-3.99988862127053
			6.6341436274431	-4.00361986065604
			6.6341436274431	-4.00735110004156
			6.6341436274431	-4.01108233942707
			6.6341436274431	-4.01481357881259
			6.6341436274431	-4.0185448181981
			6.6341436274431	-4.02227605758361
			6.63041238805759	-4.02600729696913
			6.63041238805759	-4.02973853635464
			6.63041238805759	-4.03346977574015
			6.63041238805759	-4.03720101512567
			6.63041238805759	-4.04093225451118
			6.63041238805759	-4.04466349389669
			6.62668114867207	-4.04839473328221
			6.62668114867207	-4.05212597266772
			6.62668114867207	-4.05585721205324
			6.62668114867207	-4.05958845143875
			6.62668114867207	-4.06331969082426
			6.62668114867207	-4.06705093020978
			6.62294990928656	-4.07078216959529
			6.62294990928656	-4.0745134089808
			6.62294990928656	-4.07824464836632
			6.62294990928656	-4.08197588775183
			6.62294990928656	-4.08570712713734
			6.61921866990105	-4.08943836652286
			6.61921866990105	-4.09316960590837
			6.61921866990105	-4.09690084529388
			6.61921866990105	-4.1006320846794
			6.61921866990105	-4.10436332406491
			6.61921866990105	-4.10809456345042
			6.61548743051553	-4.11182580283594
			6.61548743051553	-4.11555704222145
			6.61548743051553	-4.11928828160697
			6.61548743051553	-4.12301952099248
			6.61548743051553	-4.12675076037799
			6.61548743051553	-4.13048199976351
			6.61548743051553	-4.13421323914902
			6.61548743051553	-4.13794447853453
			6.61548743051553	-4.14167571792005
			6.61548743051553	-4.14540695730556
			6.61548743051553	-4.14913819669107
			6.61548743051553	-4.15286943607659
			6.61548743051553	-4.1566006754621
			6.61548743051553	-4.16033191484761
			6.61548743051553	-4.16406315423313
			6.61548743051553	-4.16779439361864
			6.61548743051553	-4.17152563300415
			6.61548743051553	-4.17525687238967
			6.61548743051553	-4.17898811177518
			6.61548743051553	-4.1827193511607
			6.61548743051553	-4.18645059054621
			6.61548743051553	-4.19018182993172
			6.61548743051553	-4.19391306931724
			6.61548743051553	-4.19764430870275
			6.61175619113002	-4.20137554808826
			6.61175619113002	-4.20510678747378
			6.61175619113002	-4.20883802685929
			6.61175619113002	-4.2125692662448
			6.61175619113002	-4.21630050563032
			6.61175619113002	-4.22003174501583
			6.61175619113002	-4.22376298440135
			6.60802495174451	-4.22749422378686
			6.60802495174451	-4.23122546317237
			6.60802495174451	-4.23495670255789
			6.60802495174451	-4.2386879419434
			6.60429371235899	-4.24241918132891
			6.60429371235899	-4.24615042071443
			6.60429371235899	-4.24988166009994
			6.60429371235899	-4.25361289948545
			6.60056247297348	-4.25734413887097
			6.60056247297348	-4.26107537825648
			6.60056247297348	-4.26480661764199
			6.59683123358797	-4.26853785702751
			6.59683123358797	-4.27226909641302
			6.59309999420245	-4.27600033579853
			6.59309999420245	-4.27973157518405
			6.59309999420245	-4.28346281456956
			6.58936875481694	-4.28719405395508
			6.58936875481694	-4.29092529334059
			6.58563751543143	-4.2946565327261
			6.58563751543143	-4.29838777211162
			6.58190627604591	-4.30211901149713
			6.58190627604591	-4.30585025088264
			6.5781750366604	-4.30958149026816
			6.5781750366604	-4.31331272965367
			6.57444379727488	-4.31331272965367
			6.57071255788937	-4.31704396903918
			6.57071255788937	-4.3207752084247
			6.56698131850386	-4.32450644781021
			6.56698131850386	-4.32823768719572
			6.56325007911834	-4.33196892658124
			6.55951883973283	-4.33196892658124
			6.55951883973283	-4.33570016596675
			6.55578760034732	-4.33943140535226
			6.5520563609618	-4.33943140535226
			6.5520563609618	-4.34316264473778
			6.54832512157629	-4.34689388412329
			6.54459388219078	-4.35062512350881
			6.54086264280526	-4.35062512350881
			6.54086264280526	-4.35435636289432
			6.53713140341975	-4.35435636289432
			6.53340016403424	-4.35808760227983
			6.52966892464872	-4.36181884166535
			6.52593768526321	-4.36181884166535
			6.52593768526321	-4.36555008105086
			6.52220644587769	-4.36555008105086
			6.51847520649218	-4.36928132043637
			6.51474396710667	-4.37301255982189
			6.51101272772115	-4.37301255982189
			6.50728148833564	-4.3767437992074
			6.50355024895013	-4.3767437992074
			6.49981900956461	-4.38047503859291
			6.4960877701791	-4.38047503859291
			6.49235653079359	-4.38047503859291
			6.48862529140807	-4.38420627797843
			6.48489405202256	-4.38420627797843
			6.48116281263705	-4.38793751736394
			6.47743157325153	-4.38793751736394
			6.47370033386602	-4.39166875674945
			6.46996909448051	-4.39166875674945
			6.46623785509499	-4.39166875674945
			6.46250661570948	-4.39539999613497
			6.45877537632396	-4.39539999613497
			6.45504413693845	-4.39539999613497
			6.45131289755294	-4.39539999613497
			6.44758165816742	-4.39913123552048
			6.44385041878191	-4.39913123552048
			6.4401191793964	-4.39913123552048
			6.43638794001088	-4.39913123552048
			6.43265670062537	-4.39913123552048
			6.43265670062537	-4.402862474906
			6.42892546123986	-4.402862474906
			6.42519422185434	-4.402862474906
			6.42146298246883	-4.402862474906
			6.41773174308332	-4.402862474906
			6.4140005036978	-4.402862474906
			6.41026926431229	-4.40659371429151
			6.40653802492677	-4.40659371429151
			6.40280678554126	-4.40659371429151
			6.39907554615575	-4.40659371429151
			6.39534430677023	-4.40659371429151
			6.39161306738472	-4.40659371429151
			6.38788182799921	-4.40659371429151
			6.38415058861369	-4.40659371429151
			6.38041934922818	-4.40659371429151
			6.37668810984267	-4.40659371429151
			6.37295687045715	-4.40659371429151
			6.36922563107164	-4.40659371429151
			6.36549439168613	-4.40659371429151
			6.36176315230061	-4.40659371429151
			6.3580319129151	-4.40659371429151
			6.35430067352959	-4.40659371429151
			6.35056943414407	-4.40659371429151
			6.34683819475856	-4.40659371429151
			6.34310695537304	-4.40659371429151
			6.33937571598753	-4.40659371429151
			6.33564447660202	-4.40659371429151
			6.3319132372165	-4.40659371429151
			6.32818199783099	-4.40659371429151
			6.32445075844548	-4.40659371429151
			6.32071951905996	-4.40659371429151
			6.31698827967445	-4.40659371429151
			6.31325704028894	-4.40659371429151
			6.30952580090342	-4.40659371429151
			6.30579456151791	-4.40659371429151
			6.30206332213239	-4.40659371429151
			6.29833208274688	-4.40659371429151
			6.29460084336137	-4.40659371429151
			6.29086960397585	-4.40659371429151
			6.28713836459034	-4.402862474906
			6.28340712520483	-4.402862474906
			6.27967588581931	-4.402862474906
			6.2759446464338	-4.402862474906
			6.27221340704829	-4.402862474906
		</glabella>
		<suture type=matrix rownames=FALSE colnames=FALSE nrow=1502 ncol=2 as.numeric=TRUE >
			5.76103361123293	-0.798485228499901
			5.76103361123293	-0.802216467885414
			5.76103361123293	-0.805947707270928
			5.76476485061844	-0.809678946656442
			5.76476485061844	-0.813410186041955
			5.76476485061844	-0.817141425427469
			5.76476485061844	-0.820872664812982
			5.76849609000396	-0.824603904198496
			5.76849609000396	-0.828335143584009
			5.76849609000396	-0.832066382969523
			5.76849609000396	-0.835797622355036
			5.76849609000396	-0.83952886174055
			5.77222732938947	-0.843260101126064
			5.77222732938947	-0.846991340511577
			5.77222732938947	-0.850722579897091
			5.77595856877498	-0.854453819282604
			5.77595856877498	-0.858185058668118
			5.77595856877498	-0.861916298053631
			5.77595856877498	-0.865647537439145
			5.7796898081605	-0.869378776824658
			5.7796898081605	-0.873110016210172
			5.7796898081605	-0.876841255595685
			5.7796898081605	-0.880572494981199
			5.78342104754601	-0.884303734366713
			5.78342104754601	-0.888034973752226
			5.78342104754601	-0.89176621313774
			5.78715228693152	-0.895497452523253
			5.78715228693152	-0.899228691908767
			5.78715228693152	-0.90295993129428
			5.78715228693152	-0.906691170679794
			5.79088352631704	-0.910422410065308
			5.79088352631704	-0.914153649450821
			5.79088352631704	-0.917884888836335
			5.79088352631704	-0.921616128221848
			5.79461476570255	-0.925347367607362
			5.79461476570255	-0.929078606992875
			5.79461476570255	-0.932809846378389
			5.79834600508807	-0.936541085763902
			5.79834600508807	-0.940272325149416
			5.79834600508807	-0.94400356453493
			5.80207724447358	-0.947734803920443
			5.80207724447358	-0.951466043305957
			5.80207724447358	-0.95519728269147
			5.80207724447358	-0.958928522076984
			5.80580848385909	-0.962659761462497
			5.80580848385909	-0.966391000848011
			5.80580848385909	-0.970122240233524
			5.80953972324461	-0.973853479619038
			5.80953972324461	-0.977584719004552
			5.81327096263012	-0.981315958390065
			5.81327096263012	-0.985047197775579
			5.81327096263012	-0.988778437161092
			5.81327096263012	-0.992509676546606
			5.81700220201563	-0.996240915932119
			5.81700220201563	-0.999972155317633
			5.81700220201563	-1.00370339470315
			5.82073344140115	-1.00743463408866
			5.82073344140115	-1.01116587347417
			5.82073344140115	-1.01489711285969
			5.82446468078666	-1.0186283522452
			5.82446468078666	-1.02235959163071
			5.82446468078666	-1.02609083101623
			5.82819592017217	-1.02982207040174
			5.82819592017217	-1.03355330978725
			5.82819592017217	-1.03728454917277
			5.83192715955769	-1.04101578855828
			5.83192715955769	-1.0447470279438
			5.83192715955769	-1.04847826732931
			5.8356583989432	-1.05220950671482
			5.8356583989432	-1.05594074610034
			5.83938963832871	-1.05967198548585
			5.83938963832871	-1.06340322487136
			5.83938963832871	-1.06713446425688
			5.84312087771423	-1.07086570364239
			5.84312087771423	-1.0745969430279
			5.84312087771423	-1.07832818241342
			5.84685211709974	-1.08205942179893
			5.84685211709974	-1.08579066118444
			5.84685211709974	-1.08952190056996
			5.85058335648525	-1.09325313995547
			5.85058335648525	-1.09698437934099
			5.85431459587077	-1.1007156187265
			5.85431459587077	-1.10444685811201
			5.85431459587077	-1.10817809749753
			5.85804583525628	-1.11190933688304
			5.85804583525628	-1.11564057626855
			5.8617770746418	-1.11937181565407
			5.8617770746418	-1.12310305503958
			5.8617770746418	-1.12683429442509
			5.86550831402731	-1.13056553381061
			5.86550831402731	-1.13429677319612
			5.86923955341282	-1.13802801258163
			5.86923955341282	-1.14175925196715
			5.86923955341282	-1.14549049135266
			5.87297079279834	-1.14922173073818
			5.87297079279834	-1.15295297012369
			5.87670203218385	-1.1566842095092
			5.87670203218385	-1.16041544889472
			5.87670203218385	-1.16414668828023
			5.88043327156936	-1.16787792766574
			5.88043327156936	-1.17160916705126
			5.88416451095488	-1.17534040643677
			5.88416451095488	-1.17907164582228
			5.88416451095488	-1.1828028852078
			5.88789575034039	-1.18653412459331
			5.88789575034039	-1.19026536397882
			5.8916269897259	-1.19399660336434
			5.8916269897259	-1.19772784274985
			5.8916269897259	-1.20145908213536
			5.89535822911142	-1.20519032152088
			5.89535822911142	-1.20892156090639
			5.89908946849693	-1.21265280029191
			5.89908946849693	-1.21638403967742
			5.89908946849693	-1.22011527906293
			5.90282070788244	-1.22384651844845
			5.90282070788244	-1.22757775783396
			5.90655194726796	-1.23130899721947
			5.90655194726796	-1.23504023660499
			5.91028318665347	-1.2387714759905
			5.91028318665347	-1.24250271537601
			5.91401442603899	-1.24623395476153
			5.91401442603899	-1.24996519414704
			5.91401442603899	-1.25369643353255
			5.9177456654245	-1.25742767291807
			5.9177456654245	-1.26115891230358
			5.92147690481001	-1.2648901516891
			5.92147690481001	-1.26862139107461
			5.92520814419553	-1.27235263046012
			5.92520814419553	-1.27608386984564
			5.92893938358104	-1.27981510923115
			5.92893938358104	-1.28354634861666
			5.92893938358104	-1.28727758800218
			5.93267062296655	-1.29100882738769
			5.93267062296655	-1.2947400667732
			5.93640186235207	-1.29847130615872
			5.93640186235207	-1.30220254554423
			5.94013310173758	-1.30593378492974
			5.94013310173758	-1.30966502431526
			5.94013310173758	-1.31339626370077
			5.94386434112309	-1.31712750308629
			5.94386434112309	-1.3208587424718
			5.94759558050861	-1.32458998185731
			5.94759558050861	-1.32832122124283
			5.95132681989412	-1.33205246062834
			5.95132681989412	-1.33578370001385
			5.95505805927963	-1.33951493939937
			5.95878929866515	-1.34324617878488
			5.95878929866515	-1.34697741817039
			5.95878929866515	-1.35070865755591
			5.96252053805066	-1.35443989694142
			5.96252053805066	-1.35817113632693
			5.96625177743617	-1.36190237571245
			5.96625177743617	-1.36563361509796
			5.96998301682169	-1.36936485448347
			5.96998301682169	-1.37309609386899
			5.9737142562072	-1.3768273332545
			5.9737142562072	-1.38055857264002
			5.9737142562072	-1.38428981202553
			5.97744549559272	-1.38428981202553
			5.97744549559272	-1.38802105141104
			5.98117673497823	-1.39175229079656
			5.98117673497823	-1.39548353018207
			5.98490797436374	-1.39921476956758
			5.98490797436374	-1.4029460089531
			5.98490797436374	-1.40667724833861
			5.98863921374926	-1.40667724833861
			5.98863921374926	-1.41040848772412
			5.99237045313477	-1.41413972710964
			5.99237045313477	-1.41787096649515
			5.99237045313477	-1.42160220588066
			5.99610169252028	-1.42533344526618
			5.99610169252028	-1.42906468465169
			5.9998329319058	-1.42906468465169
			5.9998329319058	-1.43279592403721
			6.00356417129131	-1.43652716342272
			6.00356417129131	-1.44025840280823
			6.00729541067682	-1.44398964219375
			6.00729541067682	-1.44772088157926
			6.00729541067682	-1.45145212096477
			6.01102665006234	-1.45518336035029
			6.01475788944785	-1.4589145997358
			6.01475788944785	-1.46264583912131
			6.01848912883337	-1.46637707850683
			6.01848912883337	-1.47010831789234
			6.02222036821888	-1.47383955727785
			6.02222036821888	-1.47757079666337
			6.02595160760439	-1.48130203604888
			6.02595160760439	-1.4850332754344
			6.02968284698991	-1.48876451481991
			6.02968284698991	-1.49249575420542
			6.03341408637542	-1.49622699359094
			6.03341408637542	-1.49995823297645
			6.03714532576093	-1.50368947236196
			6.03714532576093	-1.50742071174748
			6.04087656514645	-1.51115195113299
			6.04087656514645	-1.5148831905185
			6.04460780453196	-1.51861442990402
			6.04460780453196	-1.52234566928953
			6.04833904391747	-1.52607690867504
			6.05207028330299	-1.52980814806056
			6.0558015226885	-1.53353938744607
			6.05953276207401	-1.53727062683158
			6.06326400145953	-1.5410018662171
			6.06699524084504	-1.54473310560261
			6.07072648023055	-1.54846434498813
			6.07445771961607	-1.55219558437364
			6.07818895900158	-1.55592682375915
			6.0819201983871	-1.55965806314467
			6.08565143777261	-1.55965806314467
			6.08565143777261	-1.56338930253018
			6.08938267715812	-1.56712054191569
			6.09311391654364	-1.57085178130121
			6.09684515592915	-1.57085178130121
			6.10057639531466	-1.57458302068672
			6.10057639531466	-1.57831426007223
			6.10430763470018	-1.58204549945775
			6.10803887408569	-1.58577673884326
			6.1117701134712	-1.58577673884326
			6.11550135285672	-1.58950797822877
			6.11550135285672	-1.59323921761429
			6.11923259224223	-1.5969704569998
			6.12296383162774	-1.5969704569998
			6.12669507101326	-1.60070169638532
			6.13042631039877	-1.60443293577083
			6.13042631039877	-1.60816417515634
			6.13415754978428	-1.60816417515634
			6.1378887891698	-1.61189541454186
			6.14162002855531	-1.61562665392737
			6.14535126794083	-1.61935789331288
			6.14908250732634	-1.6230891326984
			6.15281374671185	-1.62682037208391
			6.15654498609737	-1.63055161146942
			6.16027622548288	-1.63428285085494
			6.16400746486839	-1.63801409024045
			6.16773870425391	-1.64174532962596
			6.17146994363942	-1.64547656901148
			6.17520118302493	-1.64920780839699
			6.17893242241045	-1.6529390477825
			6.18266366179596	-1.6529390477825
			6.18639490118148	-1.65667028716802
			6.19012614056699	-1.66040152655353
			6.1938573799525	-1.66413276593905
			6.19758861933802	-1.66786400532456
			6.20131985872353	-1.67159524471007
			6.20505109810904	-1.67532648409559
			6.20878233749456	-1.6790577234811
			6.21251357688007	-1.68278896286661
			6.21624481626558	-1.68652020225213
			6.2199760556511	-1.69025144163764
			6.22370729503661	-1.69398268102315
			6.22743853442212	-1.69398268102315
			6.22743853442212	-1.69771392040867
			6.23116977380764	-1.70144515979418
			6.23490101319315	-1.70517639917969
			6.23863225257866	-1.70890763856521
			6.24236349196418	-1.71263887795072
			6.24609473134969	-1.71637011733624
			6.24982597073521	-1.72010135672175
			6.25355721012072	-1.72383259610726
			6.25728844950623	-1.72756383549278
			6.26101968889175	-1.73129507487829
			6.26475092827726	-1.73129507487829
			6.26848216766277	-1.7350263142638
			6.27221340704829	-1.73875755364932
			6.2759446464338	-1.74248879303483
			6.27967588581931	-1.74622003242034
			6.28340712520483	-1.74995127180586
			6.28713836459034	-1.75368251119137
			6.29086960397585	-1.75741375057688
			6.29460084336137	-1.7611449899624
			6.29833208274688	-1.76487622934791
			6.30206332213239	-1.76860746873343
			6.30579456151791	-1.76860746873343
			6.30952580090342	-1.77233870811894
			6.31325704028894	-1.77606994750445
			6.31698827967445	-1.77980118688997
			6.32071951905996	-1.78353242627548
			6.32445075844548	-1.78726366566099
			6.32818199783099	-1.79099490504651
			6.3319132372165	-1.79472614443202
			6.33564447660202	-1.79845738381753
			6.33937571598753	-1.80218862320305
			6.34310695537304	-1.80591986258856
			6.34683819475856	-1.80591986258856
			6.35056943414407	-1.80965110197407
			6.35430067352959	-1.81338234135959
			6.3580319129151	-1.8171135807451
			6.36176315230061	-1.82084482013062
			6.36549439168613	-1.82457605951613
			6.36922563107164	-1.82830729890164
			6.37295687045715	-1.83203853828716
			6.37668810984267	-1.83576977767267
			6.38041934922818	-1.83950101705818
			6.38415058861369	-1.83950101705818
			6.38788182799921	-1.8432322564437
			6.39161306738472	-1.84696349582921
			6.39534430677023	-1.85069473521472
			6.39907554615575	-1.85442597460024
			6.40280678554126	-1.85815721398575
			6.40653802492677	-1.86188845337126
			6.41026926431229	-1.86561969275678
			6.4140005036978	-1.86935093214229
			6.41773174308332	-1.8730821715278
			6.42146298246883	-1.8730821715278
			6.42519422185434	-1.87681341091332
			6.42892546123986	-1.88054465029883
			6.43265670062537	-1.88427588968435
			6.43638794001088	-1.88800712906986
			6.4401191793964	-1.89173836845537
			6.44385041878191	-1.89546960784089
			6.44758165816742	-1.8992008472264
			6.45131289755294	-1.90293208661191
			6.45504413693845	-1.90666332599743
			6.45877537632396	-1.90666332599743
			6.46250661570948	-1.91039456538294
			6.46623785509499	-1.91412580476845
			6.46996909448051	-1.91785704415397
			6.47370033386602	-1.92158828353948
			6.47743157325153	-1.92531952292499
			6.48116281263705	-1.92905076231051
			6.48489405202256	-1.93278200169602
			6.48862529140807	-1.93651324108154
			6.49235653079359	-1.94024448046705
			6.4960877701791	-1.94024448046705
			6.49981900956461	-1.94397571985256
			6.50355024895013	-1.94770695923808
			6.50728148833564	-1.95143819862359
			6.51101272772115	-1.9551694380091
			6.51474396710667	-1.95890067739462
			6.51847520649218	-1.96263191678013
			6.52220644587769	-1.96636315616564
			6.52593768526321	-1.97009439555116
			6.52966892464872	-1.97009439555116
			6.53340016403424	-1.97382563493667
			6.53713140341975	-1.97755687432218
			6.54086264280526	-1.9812881137077
			6.54459388219078	-1.98501935309321
			6.54832512157629	-1.98875059247872
			6.5520563609618	-1.99248183186424
			6.55578760034732	-1.99621307124975
			6.55951883973283	-1.99994431063527
			6.56325007911834	-1.99994431063527
			6.56698131850386	-2.00367555002078
			6.57071255788937	-2.00740678940629
			6.57444379727488	-2.01113802879181
			6.5781750366604	-2.01486926817732
			6.58190627604591	-2.01860050756283
			6.58563751543143	-2.02233174694835
			6.58936875481694	-2.02606298633386
			6.59309999420245	-2.02979422571937
			6.59683123358797	-2.02979422571937
			6.60056247297348	-2.03352546510489
			6.60429371235899	-2.0372567044904
			6.60802495174451	-2.04098794387591
			6.61175619113002	-2.04471918326143
			6.61548743051553	-2.04845042264694
			6.61921866990105	-2.05218166203246
			6.62294990928656	-2.05591290141797
			6.62668114867207	-2.05591290141797
			6.63041238805759	-2.05964414080348
			6.6341436274431	-2.063375380189
			6.63787486682862	-2.06710661957451
			6.64160610621413	-2.07083785896002
			6.64533734559964	-2.07456909834554
			6.64906858498516	-2.07830033773105
			6.65279982437067	-2.08203157711656
			6.65653106375618	-2.08203157711656
			6.6602623031417	-2.08576281650208
			6.66399354252721	-2.08949405588759
			6.66772478191272	-2.0932252952731
			6.67145602129824	-2.09695653465862
			6.67518726068375	-2.10068777404413
			6.67891850006926	-2.10441901342965
			6.68264973945478	-2.10815025281516
			6.68638097884029	-2.11188149220067
			6.6901122182258	-2.11188149220067
			6.69384345761132	-2.11561273158619
			6.69757469699683	-2.1193439709717
			6.70130593638235	-2.12307521035721
			6.70503717576786	-2.12680644974273
			6.70876841515337	-2.13053768912824
			6.71249965453889	-2.13426892851375
			6.7162308939244	-2.13800016789927
			6.71996213330991	-2.13800016789927
			6.72369337269543	-2.14173140728478
			6.72742461208094	-2.14546264667029
			6.73115585146645	-2.14919388605581
			6.73488709085197	-2.15292512544132
			6.73861833023748	-2.15665636482683
			6.74234956962299	-2.16038760421235
			6.74608080900851	-2.16411884359786
			6.74981204839402	-2.16411884359786
			6.75354328777953	-2.16785008298338
			6.75727452716505	-2.17158132236889
			6.76100576655056	-2.1753125617544
			6.76473700593608	-2.17904380113992
			6.76846824532159	-2.18277504052543
			6.7721994847071	-2.18650627991094
			6.77593072409262	-2.18650627991094
			6.77966196347813	-2.19023751929646
			6.78339320286364	-2.19396875868197
			6.78712444224916	-2.19769999806748
			6.79085568163467	-2.201431237453
			6.79458692102018	-2.201431237453
			6.7983181604057	-2.20516247683851
			6.7983181604057	-2.20889371622402
			6.80204939979121	-2.20889371622402
			6.80578063917673	-2.21262495560954
			6.80951187856224	-2.21635619499505
			6.81324311794775	-2.22008743438057
			6.81697435733327	-2.22381867376608
			6.82070559671878	-2.22381867376608
			6.82443683610429	-2.22754991315159
			6.82443683610429	-2.23128115253711
			6.82816807548981	-2.23128115253711
			6.83189931487532	-2.23501239192262
			6.83563055426083	-2.23501239192262
			6.83563055426083	-2.23874363130813
			6.83936179364635	-2.24247487069365
			6.84309303303186	-2.24247487069365
			6.84682427241737	-2.24620611007916
			6.84682427241737	-2.24993734946467
			6.85055551180289	-2.24993734946467
			6.8542867511884	-2.25366858885019
			6.85801799057391	-2.25366858885019
			6.85801799057391	-2.2573998282357
			6.86174922995943	-2.26113106762121
			6.86548046934494	-2.26113106762121
			6.86921170873046	-2.26486230700673
			6.87294294811597	-2.26859354639224
			6.87667418750148	-2.27232478577776
			6.880405426887	-2.27605602516327
			6.88413666627251	-2.27605602516327
			6.88786790565802	-2.27978726454878
			6.89159914504354	-2.2835185039343
			6.89159914504354	-2.28724974331981
			6.89533038442905	-2.28724974331981
			6.89906162381456	-2.28724974331981
			6.90279286320008	-2.29098098270532
			6.90652410258559	-2.29098098270532
			6.90652410258559	-2.29471222209084
			6.91025534197111	-2.29471222209084
			6.91398658135662	-2.29471222209084
			6.91771782074213	-2.29844346147635
			6.92144906012765	-2.29844346147635
			6.92144906012765	-2.30217470086186
			6.92518029951316	-2.30217470086186
			6.92891153889867	-2.30590594024738
			6.93264277828419	-2.30590594024738
			6.9363740176697	-2.30590594024738
			6.94010525705521	-2.30963717963289
			6.94383649644073	-2.3133684190184
			6.94756773582624	-2.3133684190184
			6.95129897521175	-2.31709965840392
			6.95503021459727	-2.31709965840392
			6.95876145398278	-2.32083089778943
			6.96249269336829	-2.32083089778943
			6.96622393275381	-2.32456213717494
			6.96995517213932	-2.32456213717494
			6.97368641152484	-2.32829337656046
			6.97741765091035	-2.32829337656046
			6.98114889029586	-2.33202461594597
			6.98488012968138	-2.33202461594597
			6.98861136906689	-2.33202461594597
			6.9923426084524	-2.33575585533149
			6.99607384783792	-2.33575585533149
			6.99980508722343	-2.339487094717
			7.00353632660894	-2.339487094717
			7.00726756599446	-2.34321833410251
			7.01099880537997	-2.34321833410251
			7.01473004476548	-2.34694957348803
			7.018461284151	-2.34694957348803
			7.02219252353651	-2.35068081287354
			7.02592376292202	-2.35068081287354
			7.02965500230754	-2.35441205225905
			7.03338624169305	-2.35441205225905
			7.03711748107857	-2.35814329164457
			7.04084872046408	-2.35814329164457
			7.04084872046408	-2.36187453103008
			7.04457995984959	-2.36187453103008
			7.04831119923511	-2.36560577041559
			7.05204243862062	-2.36560577041559
			7.05577367800613	-2.36933700980111
			7.05950491739165	-2.36933700980111
			7.06323615677716	-2.37306824918662
			7.06696739616267	-2.37306824918662
			7.07069863554819	-2.37679948857213
			7.0744298749337	-2.37679948857213
			7.07816111431922	-2.38053072795765
			7.08189235370473	-2.38053072795765
			7.08562359309024	-2.38426196734316
			7.08935483247576	-2.38426196734316
			7.09308607186127	-2.38799320672868
			7.09681731124678	-2.38799320672868
			7.1005485506323	-2.39172444611419
			7.10427979001781	-2.39172444611419
			7.10801102940332	-2.3954556854997
			7.11174226878884	-2.3954556854997
			7.11547350817435	-2.39918692488522
			7.11920474755986	-2.39918692488522
			7.11920474755986	-2.40291816427073
			7.12293598694538	-2.40291816427073
			7.12666722633089	-2.40664940365624
			7.1303984657164	-2.40664940365624
			7.13412970510192	-2.41038064304176
			7.13786094448743	-2.41038064304176
			7.14159218387295	-2.41411188242727
			7.14532342325846	-2.41411188242727
			7.14905466264397	-2.41784312181278
			7.15278590202949	-2.41784312181278
			7.156517141415	-2.4215743611983
			7.16024838080051	-2.4215743611983
			7.16397962018603	-2.42530560058381
			7.16771085957154	-2.42530560058381
			7.17144209895705	-2.42903683996932
			7.17517333834257	-2.42903683996932
			7.17890457772808	-2.43276807935484
			7.18263581711359	-2.43649931874035
			7.18636705649911	-2.43649931874035
			7.19009829588462	-2.44023055812587
			7.19382953527013	-2.44023055812587
			7.19756077465565	-2.44396179751138
			7.20129201404116	-2.44396179751138
			7.20502325342668	-2.44769303689689
			7.20875449281219	-2.44769303689689
			7.2124857321977	-2.45142427628241
			7.21621697158322	-2.45515551566792
			7.21994821096873	-2.45515551566792
			7.22367945035424	-2.45888675505343
			7.22741068973976	-2.45888675505343
			7.23114192912527	-2.46261799443895
			7.23487316851078	-2.46261799443895
			7.2386044078963	-2.46634923382446
			7.24233564728181	-2.46634923382446
			7.24606688666732	-2.47008047320997
			7.24979812605284	-2.47008047320997
			7.25352936543835	-2.47381171259549
			7.25726060482387	-2.47381171259549
			7.26099184420938	-2.477542951981
			7.26472308359489	-2.477542951981
			7.26845432298041	-2.48127419136651
			7.27218556236592	-2.48127419136651
			7.27218556236592	-2.48500543075203
			7.27591680175143	-2.48500543075203
			7.27964804113695	-2.48873667013754
			7.28337928052246	-2.48873667013754
			7.28711051990797	-2.49246790952306
			7.29084175929349	-2.49246790952306
			7.294572998679	-2.49619914890857
			7.29830423806451	-2.49993038829408
			7.30203547745003	-2.49993038829408
			7.30576671683554	-2.5036616276796
			7.30949795622105	-2.5036616276796
			7.31322919560657	-2.50739286706511
			7.31696043499208	-2.50739286706511
			7.3206916743776	-2.51112410645062
			7.32442291376311	-2.51112410645062
			7.32815415314862	-2.51485534583614
			7.33188539253414	-2.51858658522165
			7.33561663191965	-2.51858658522165
			7.33934787130516	-2.52231782460716
			7.34307911069068	-2.52231782460716
			7.34681035007619	-2.52604906399268
			7.3505415894617	-2.52604906399268
			7.35427282884722	-2.52978030337819
			7.35800406823273	-2.52978030337819
			7.36173530761825	-2.5335115427637
			7.36546654700376	-2.53724278214922
			7.36919778638927	-2.53724278214922
			7.37292902577479	-2.54097402153473
			7.3766602651603	-2.54097402153473
			7.38039150454581	-2.54470526092024
			7.38412274393133	-2.54470526092024
			7.38785398331684	-2.54843650030576
			7.39158522270235	-2.55216773969127
			7.39531646208787	-2.55216773969127
			7.39904770147338	-2.55589897907679
			7.40277894085889	-2.55589897907679
			7.40651018024441	-2.5596302184623
			7.41024141962992	-2.5596302184623
			7.41397265901543	-2.56336145784781
			7.41770389840095	-2.56336145784781
			7.42143513778646	-2.56709269723333
			7.42516637717198	-2.57082393661884
			7.42889761655749	-2.57082393661884
			7.432628855943	-2.57455517600435
			7.43636009532852	-2.57828641538987
			7.44009133471403	-2.57828641538987
			7.44382257409954	-2.58201765477538
			7.44755381348506	-2.58201765477538
			7.45128505287057	-2.58574889416089
			7.45501629225608	-2.58574889416089
			7.4587475316416	-2.58948013354641
			7.46247877102711	-2.59321137293192
			7.46621001041262	-2.59321137293192
			7.46994124979814	-2.59694261231743
			7.47367248918365	-2.59694261231743
			7.47740372856916	-2.60067385170295
			7.48113496795468	-2.60067385170295
			7.48486620734019	-2.60440509108846
			7.48859744672571	-2.60813633047398
			7.49232868611122	-2.60813633047398
			7.49605992549673	-2.61186756985949
			7.49979116488225	-2.61186756985949
			7.50352240426776	-2.615598809245
			7.50725364365327	-2.615598809245
			7.51098488303879	-2.61933004863052
			7.5147161224243	-2.62306128801603
			7.51844736180981	-2.62306128801603
			7.52217860119533	-2.62679252740154
			7.52590984058084	-2.63052376678706
			7.52964107996636	-2.63052376678706
			7.53337231935187	-2.63425500617257
			7.53710355873738	-2.63798624555808
			7.5408347981229	-2.63798624555808
			7.54456603750841	-2.63798624555808
			7.54829727689392	-2.6417174849436
			7.55202851627944	-2.64544872432911
			7.55575975566495	-2.64917996371462
			7.55949099505046	-2.64917996371462
			7.56322223443598	-2.65291120310014
			7.56695347382149	-2.65291120310014
			7.570684713207	-2.65664244248565
			7.57441595259252	-2.66037368187117
			7.57814719197803	-2.66037368187117
			7.58187843136354	-2.66410492125668
			7.58560967074906	-2.66410492125668
			7.58934091013457	-2.66783616064219
			7.59307214952009	-2.66783616064219
			7.5968033889056	-2.67156740002771
			7.60053462829111	-2.67529863941322
			7.60426586767663	-2.67529863941322
			7.60799710706214	-2.67902987879873
			7.61172834644765	-2.67902987879873
			7.61545958583317	-2.68276111818425
			7.61919082521868	-2.68649235756976
			7.62292206460419	-2.68649235756976
			7.62665330398971	-2.69022359695527
			7.63038454337522	-2.69022359695527
			7.63411578276073	-2.69395483634079
			7.63784702214625	-2.6976860757263
			7.64157826153176	-2.70141731511181
			7.64530950091727	-2.70141731511181
			7.64904074030279	-2.70514855449733
			7.6527719796883	-2.70514855449733
			7.65650321907382	-2.70887979388284
			7.66023445845933	-2.71261103326835
			7.66396569784484	-2.71261103326835
			7.66769693723036	-2.71634227265387
			7.67142817661587	-2.71634227265387
			7.67515941600138	-2.72007351203938
			7.6788906553869	-2.7238047514249
			7.68262189477241	-2.7238047514249
			7.68635313415792	-2.72753599081041
			7.69008437354344	-2.73126723019592
			7.69381561292895	-2.73126723019592
			7.69754685231447	-2.73499846958144
			7.70127809169998	-2.73872970896695
			7.70500933108549	-2.73872970896695
			7.70874057047101	-2.74246094835246
			7.71247180985652	-2.74246094835246
			7.71620304924203	-2.74619218773798
			7.71993428862755	-2.74992342712349
			7.72366552801306	-2.74992342712349
			7.72739676739857	-2.753654666509
			7.73112800678409	-2.75738590589452
			7.7348592461696	-2.75738590589452
			7.73859048555511	-2.76111714528003
			7.74232172494063	-2.76111714528003
			7.74605296432614	-2.76484838466554
			7.74978420371165	-2.76857962405106
			7.75351544309717	-2.76857962405106
			7.75351544309717	-2.77231086343657
			7.75724668248268	-2.77231086343657
			7.7609779218682	-2.77604210282209
			7.76470916125371	-2.7797733422076
			7.76844040063922	-2.7797733422076
			7.77217164002474	-2.78350458159311
			7.77590287941025	-2.78723582097863
			7.77963411879576	-2.78723582097863
			7.78336535818128	-2.79096706036414
			7.78709659756679	-2.79096706036414
			7.7908278369523	-2.79469829974965
			7.79455907633782	-2.79842953913517
			7.79829031572333	-2.79842953913517
			7.80202155510884	-2.80216077852068
			7.80575279449436	-2.80589201790619
			7.80948403387987	-2.80589201790619
			7.81321527326539	-2.80962325729171
			7.8169465126509	-2.80962325729171
			7.82067775203641	-2.81335449667722
			7.82067775203641	-2.81708573606273
			7.82440899142193	-2.81708573606273
			7.82814023080744	-2.82081697544825
			7.83187147019295	-2.82454821483376
			7.83560270957847	-2.82454821483376
			7.83933394896398	-2.82827945421927
			7.84306518834949	-2.82827945421927
			7.84679642773501	-2.83201069360479
			7.85052766712052	-2.8357419329903
			7.85425890650603	-2.8357419329903
			7.85799014589155	-2.83947317237582
			7.86172138527706	-2.84320441176133
			7.86545262466258	-2.84320441176133
			7.86918386404809	-2.84693565114684
			7.8729151034336	-2.85066689053236
			7.87664634281912	-2.85439812991787
			7.88037758220463	-2.85439812991787
			7.88410882159014	-2.85812936930338
			7.88784006097566	-2.8618606086889
			7.89157130036117	-2.86559184807441
			7.89530253974668	-2.86559184807441
			7.8990337791322	-2.86932308745992
			7.90276501851771	-2.86932308745992
			7.90649625790322	-2.87305432684544
			7.91022749728874	-2.87678556623095
			7.91395873667425	-2.87678556623095
			7.91768997605976	-2.88051680561646
			7.92142121544528	-2.88424804500198
			7.92515245483079	-2.88424804500198
			7.92888369421631	-2.88797928438749
			7.93261493360182	-2.89171052377301
			7.93634617298733	-2.89171052377301
			7.94007741237285	-2.89544176315852
			7.94380865175836	-2.89917300254403
			7.94753989114387	-2.90290424192955
			7.95127113052939	-2.90290424192955
			7.9550023699149	-2.90663548131506
			7.95873360930041	-2.91036672070057
			7.96246484868593	-2.91409796008609
			7.96619608807144	-2.91409796008609
			7.96992732745695	-2.9178291994716
			7.97365856684247	-2.9178291994716
			7.97738980622798	-2.92156043885711
			7.97738980622798	-2.92529167824263
			7.9811210456135	-2.92529167824263
			7.98485228499901	-2.92902291762814
			7.98858352438452	-2.92902291762814
			7.99231476377004	-2.93275415701365
			7.99604600315555	-2.93648539639917
			7.99977724254106	-2.94021663578468
			8.00350848192658	-2.94021663578468
			8.00723972131209	-2.9439478751702
			8.0109709606976	-2.94767911455571
			8.01470220008312	-2.94767911455571
			8.01843343946863	-2.95141035394122
			8.02216467885414	-2.95514159332674
			8.02589591823966	-2.95514159332674
			8.02962715762517	-2.95887283271225
			8.02962715762517	-2.96260407209776
			8.03335839701069	-2.96260407209776
			8.0370896363962	-2.96633531148328
			8.04082087578171	-2.97006655086879
			8.04455211516723	-2.97006655086879
			8.04828335455274	-2.9737977902543
			8.05201459393825	-2.97752902963982
			8.05574583332377	-2.98126026902533
			8.05947707270928	-2.98126026902533
			8.06320831209479	-2.98499150841084
			8.06693955148031	-2.98872274779636
			8.07067079086582	-2.99245398718187
			8.07440203025133	-2.99618522656738
			8.07813326963685	-2.99618522656738
			8.08186450902236	-2.9999164659529
			8.08559574840787	-3.00364770533841
			8.08932698779339	-3.00737894472393
			8.0930582271789	-3.01111018410944
			8.09678946656441	-3.01111018410944
			8.10052070594993	-3.01484142349495
			8.10425194533544	-3.01857266288047
			8.10798318472096	-3.02230390226598
			8.10798318472096	-3.02603514165149
			8.11171442410647	-3.02603514165149
			8.11544566349198	-3.02976638103701
			8.1191769028775	-3.03349762042252
			8.12290814226301	-3.03722885980803
			8.12663938164852	-3.03722885980803
			8.13037062103404	-3.04096009919355
			8.13410186041955	-3.04469133857906
			8.13783309980506	-3.04842257796457
			8.14156433919058	-3.05215381735009
			8.14529557857609	-3.0558850567356
			8.14902681796161	-3.05961629612112
			8.15275805734712	-3.06334753550663
			8.15648929673263	-3.06707877489214
			8.16022053611815	-3.06707877489214
			8.16022053611815	-3.07081001427766
			8.16395177550366	-3.07081001427766
			8.16768301488917	-3.07454125366317
			8.17141425427469	-3.07827249304868
			8.1751454936602	-3.0820037324342
			8.17887673304571	-3.08573497181971
			8.18260797243123	-3.08946621120522
			8.18633921181674	-3.08946621120522
			8.18633921181674	-3.09319745059074
			8.19007045120225	-3.09692868997625
			8.19380169058777	-3.09692868997625
			8.19753292997328	-3.10065992936176
			8.19753292997328	-3.10439116874728
			8.2012641693588	-3.10439116874728
			8.20499540874431	-3.10812240813279
			8.20872664812982	-3.11185364751831
			8.20872664812982	-3.11558488690382
			8.21245788751533	-3.11558488690382
			8.21618912690085	-3.11931612628933
			8.21992036628636	-3.12304736567485
			8.22365160567188	-3.12304736567485
			8.22365160567188	-3.12677860506036
			8.22738284505739	-3.13050984444587
			8.2311140844429	-3.13050984444587
			8.23484532382842	-3.13424108383139
			8.23484532382842	-3.1379723232169
			8.23857656321393	-3.14170356260241
			8.24230780259944	-3.14170356260241
			8.24603904198496	-3.14543480198793
			8.24603904198496	-3.14916604137344
			8.24977028137047	-3.14916604137344
			8.25350152075598	-3.15289728075895
			8.2572327601415	-3.15662852014447
			8.2572327601415	-3.16035975952998
			8.26096399952701	-3.16035975952998
			8.26469523891252	-3.1640909989155
			8.26842647829804	-3.16782223830101
			8.27215771768355	-3.17155347768652
			8.27588895706907	-3.17528471707204
			8.27962019645458	-3.17901595645755
			8.28335143584009	-3.18274719584306
			8.28708267522561	-3.18647843522858
			8.29081391461112	-3.19020967461409
			8.29454515399663	-3.19020967461409
			8.29454515399663	-3.1939409139996
			8.29827639338215	-3.19767215338512
			8.30200763276766	-3.20140339277063
			8.30573887215317	-3.20513463215614
			8.30947011153869	-3.20886587154166
			8.3132013509242	-3.21259711092717
			8.31693259030972	-3.21632835031268
			8.32066382969523	-3.21632835031268
			8.32439506908074	-3.2200595896982
			8.32812630846626	-3.22379082908371
			8.32812630846626	-3.22752206846923
			8.33185754785177	-3.23125330785474
			8.33558878723728	-3.23498454724025
			8.3393200266228	-3.23871578662577
			8.34305126600831	-3.24244702601128
			8.34678250539382	-3.24617826539679
			8.35051374477934	-3.24617826539679
			8.35424498416485	-3.24990950478231
			8.35797622355036	-3.25364074416782
			8.35797622355036	-3.25737198355333
			8.36170746293588	-3.26110322293885
			8.36543870232139	-3.26483446232436
			8.36916994170691	-3.26856570170987
			8.37290118109242	-3.27229694109539
			8.37663242047793	-3.2760281804809
			8.38036365986344	-3.27975941986642
			8.38409489924896	-3.28349065925193
			8.38782613863447	-3.28349065925193
			8.38782613863447	-3.28722189863744
			8.39155737801999	-3.29095313802296
			8.3952886174055	-3.29468437740847
			8.39901985679101	-3.29841561679398
			8.40275109617653	-3.3021468561795
			8.40648233556204	-3.30587809556501
			8.41021357494755	-3.30960933495052
			8.41394481433307	-3.31334057433604
			8.41394481433307	-3.31707181372155
			8.41767605371858	-3.32080305310706
			8.42140729310409	-3.32453429249258
			8.42513853248961	-3.32453429249258
			8.42886977187512	-3.32826553187809
			8.43260101126064	-3.33199677126361
			8.43633225064615	-3.33572801064912
			8.44006349003166	-3.33945925003463
			8.44006349003166	-3.34319048942015
			8.44379472941718	-3.34692172880566
			8.44752596880269	-3.35065296819117
			8.4512572081882	-3.35438420757669
			8.45498844757372	-3.3581154469622
			8.45871968695923	-3.36184668634771
			8.46245092634474	-3.36557792573323
			8.46245092634474	-3.36930916511874
			8.46618216573026	-3.37304040450425
			8.46991340511577	-3.37677164388977
			8.47364464450128	-3.38050288327528
			8.4773758838868	-3.38050288327528
			8.48110712327231	-3.38423412266079
			8.48483836265783	-3.38796536204631
			8.48856960204334	-3.39169660143182
			8.48856960204334	-3.39542784081734
			8.49230084142885	-3.39915908020285
			8.49603208081437	-3.40289031958836
			8.49976332019988	-3.40662155897388
			8.50349455958539	-3.41035279835939
			8.50722579897091	-3.4140840377449
			8.51095703835642	-3.41781527713042
			8.51095703835642	-3.42154651651593
			8.51468827774193	-3.42527775590144
			8.51841951712745	-3.42900899528696
			8.52215075651296	-3.43274023467247
			8.52588199589847	-3.43647147405798
			8.52961323528399	-3.4402027134435
			8.5333444746695	-3.44393395282901
			8.5333444746695	-3.44766519221453
			8.53707571405502	-3.45139643160004
			8.54080695344053	-3.45512767098555
			8.54453819282604	-3.45885891037107
			8.54826943221155	-3.46259014975658
			8.55200067159707	-3.46632138914209
			8.55200067159707	-3.47005262852761
			8.55573191098258	-3.47378386791312
			8.5594631503681	-3.47751510729863
			8.56319438975361	-3.48124634668415
			8.56692562913912	-3.48497758606966
			8.57065686852464	-3.48497758606966
			8.57438810791015	-3.48870882545517
			8.57438810791015	-3.49244006484069
			8.57811934729566	-3.4961713042262
			8.58185058668118	-3.49990254361171
			8.58558182606669	-3.50363378299723
			8.5893130654522	-3.50736502238274
			8.59304430483772	-3.51109626176826
			8.59304430483772	-3.51482750115377
			8.59677554422323	-3.51855874053928
			8.60050678360875	-3.5222899799248
			8.60423802299426	-3.52602121931031
			8.60796926237977	-3.52975245869582
			8.61170050176529	-3.53348369808134
			8.61170050176529	-3.53721493746685
			8.6154317411508	-3.54094617685236
			8.61916298053631	-3.54467741623788
			8.62289421992183	-3.54840865562339
			8.62662545930734	-3.5521398950089
			8.63035669869285	-3.55587113439442
			8.63035669869285	-3.55960237377993
			8.63408793807837	-3.56333361316545
			8.63781917746388	-3.56706485255096
			8.64155041684939	-3.57079609193647
			8.64155041684939	-3.57452733132199
			8.64528165623491	-3.57452733132199
			8.64528165623491	-3.5782585707075
			8.64901289562042	-3.58198981009301
			8.65274413500594	-3.58572104947853
			8.65647537439145	-3.58945228886404
			8.66020661377696	-3.59318352824955
			8.66393785316248	-3.59691476763507
			8.66393785316248	-3.60064600702058
			8.66766909254799	-3.60437724640609
			8.66766909254799	-3.60810848579161
			8.6714003319335	-3.60810848579161
			8.67513157131902	-3.61183972517712
			8.67513157131902	-3.61557096456264
			8.67886281070453	-3.61930220394815
			8.68259405009004	-3.62303344333366
			8.68632528947556	-3.62676468271918
			8.68632528947556	-3.63049592210469
			8.69005652886107	-3.6342271614902
			8.69378776824658	-3.63795840087572
			8.69378776824658	-3.64168964026123
			8.6975190076321	-3.64168964026123
			8.70125024701761	-3.64542087964674
			8.70498148640312	-3.64915211903226
			8.70498148640312	-3.65288335841777
			8.70871272578864	-3.65661459780328
			8.71244396517415	-3.6603458371888
			8.71244396517415	-3.66407707657431
			8.71617520455966	-3.66780831595982
			8.71990644394518	-3.67153955534534
			8.71990644394518	-3.67527079473085
			8.72363768333069	-3.67900203411637
			8.72736892271621	-3.67900203411637
			8.73110016210172	-3.68273327350188
			8.73110016210172	-3.68646451288739
			8.73483140148723	-3.69019575227291
			8.73856264087275	-3.69392699165842
			8.73856264087275	-3.69765823104393
			8.74229388025826	-3.70138947042945
			8.74602511964377	-3.70512070981496
			8.74602511964377	-3.70885194920047
			8.74975635902929	-3.71258318858599
			8.7534875984148	-3.7163144279715
			8.75721883780031	-3.7163144279715
			8.75721883780031	-3.72004566735701
			8.76095007718583	-3.72377690674253
			8.76468131657134	-3.72750814612804
			8.76468131657134	-3.73123938551356
			8.76841255595686	-3.73497062489907
			8.77214379534237	-3.73870186428458
			8.77214379534237	-3.7424331036701
			8.77587503472788	-3.74616434305561
			8.7796062741134	-3.74989558244112
			8.7796062741134	-3.75362682182664
			8.78333751349891	-3.75735806121215
			8.78706875288442	-3.76108930059766
			8.79079999226994	-3.76482053998318
			8.79453123165545	-3.76855177936869
			8.79453123165545	-3.7722830187542
			8.79826247104096	-3.77601425813972
			8.80199371042648	-3.77974549752523
			8.80572494981199	-3.78347673691075
			8.80572494981199	-3.78720797629626
			8.8094561891975	-3.79093921568177
			8.81318742858302	-3.79467045506729
			8.81318742858302	-3.7984016944528
			8.81691866796853	-3.80213293383831
			8.82064990735405	-3.80586417322383
			8.82438114673956	-3.80959541260934
			8.82438114673956	-3.81332665199485
			8.82811238612507	-3.81705789138037
			8.83184362551059	-3.82078913076588
			8.8355748648961	-3.82452037015139
			8.8355748648961	-3.82825160953691
			8.83930610428161	-3.83198284892242
			8.84303734366713	-3.83571408830794
			8.84303734366713	-3.83944532769345
			8.84676858305264	-3.84317656707896
			8.85049982243815	-3.84690780646448
			8.85049982243815	-3.85063904584999
			8.85423106182367	-3.8543702852355
			8.85796230120918	-3.85810152462102
			8.8616935405947	-3.86183276400653
			8.8616935405947	-3.86556400339204
			8.86542477998021	-3.86929524277756
			8.86915601936572	-3.87302648216307
			8.86915601936572	-3.87675772154858
			8.87288725875123	-3.8804889609341
			8.87661849813675	-3.88422020031961
			8.87661849813675	-3.88795143970512
			8.88034973752226	-3.89168267909064
			8.88408097690778	-3.89541391847615
			8.88781221629329	-3.89914515786167
			8.88781221629329	-3.90287639724718
			8.8915434556788	-3.90660763663269
			8.89527469506432	-3.91033887601821
			8.89527469506432	-3.91407011540372
			8.89900593444983	-3.91780135478923
			8.90273717383534	-3.92153259417475
			8.90273717383534	-3.92526383356026
			8.90646841322086	-3.92899507294577
			8.91019965260637	-3.93272631233129
			8.91019965260637	-3.9364575517168
			8.91393089199188	-3.94018879110231
			8.9176621313774	-3.94392003048783
			8.92139337076291	-3.94765126987334
			8.92139337076291	-3.95138250925886
			8.92512461014842	-3.95511374864437
			8.92885584953394	-3.95884498802988
			8.92885584953394	-3.9625762274154
			8.93258708891945	-3.96630746680091
			8.93631832830497	-3.97003870618642
			8.93631832830497	-3.97376994557194
			8.94004956769048	-3.97750118495745
			8.94378080707599	-3.98123242434296
			8.94378080707599	-3.98496366372848
			8.94751204646151	-3.98869490311399
			8.95124328584702	-3.9924261424995
			8.95124328584702	-3.99615738188502
			8.95497452523253	-3.99988862127053
			8.95870576461805	-4.00361986065604
			8.95870576461805	-4.00735110004156
			8.96243700400356	-4.01108233942707
			8.96616824338907	-4.01481357881259
			8.96616824338907	-4.0185448181981
			8.96989948277459	-4.02227605758361
			8.96989948277459	-4.02600729696913
			8.9736307221601	-4.02973853635464
			8.97736196154561	-4.03346977574015
			8.97736196154561	-4.03720101512567
			8.98109320093113	-4.04093225451118
			8.98482444031664	-4.04466349389669
			8.98482444031664	-4.04839473328221
			8.98855567970216	-4.05212597266772
			8.98855567970216	-4.05585721205324
			8.99228691908767	-4.05958845143875
			8.99601815847318	-4.06331969082426
			8.99974939785869	-4.06705093020978
			8.99974939785869	-4.07078216959529
			9.00348063724421	-4.0745134089808
			9.00348063724421	-4.07824464836632
			9.00721187662972	-4.08197588775183
			9.01094311601524	-4.08570712713734
			9.01094311601524	-4.08943836652286
			9.01467435540075	-4.09316960590837
			9.01467435540075	-4.09690084529388
			9.01840559478626	-4.09690084529388
			9.01840559478626	-4.1006320846794
			9.02213683417178	-4.10436332406491
			9.02213683417178	-4.10809456345042
			9.02586807355729	-4.10809456345042
			9.02586807355729	-4.11182580283594
			9.0295993129428	-4.11555704222145
			9.0295993129428	-4.11928828160697
			9.03333055232832	-4.12301952099248
			9.03706179171383	-4.12675076037799
			9.03706179171383	-4.13048199976351
			9.04079303109934	-4.13421323914902
			9.04079303109934	-4.13794447853453
			9.04452427048486	-4.14167571792005
			9.04825550987037	-4.14540695730556
			9.04825550987037	-4.14913819669107
			9.05198674925589	-4.15286943607659
			9.05198674925589	-4.1566006754621
			9.0557179886414	-4.16033191484761
			9.05944922802691	-4.16406315423313
			9.05944922802691	-4.16779439361864
			9.06318046741243	-4.17152563300415
			9.06318046741243	-4.17525687238967
			9.06691170679794	-4.17898811177518
			9.07064294618345	-4.1827193511607
			9.07064294618345	-4.18645059054621
			9.07437418556897	-4.19018182993172
			9.07437418556897	-4.19391306931724
			9.07810542495448	-4.19764430870275
			9.07810542495448	-4.20137554808826
			9.08183666433999	-4.20510678747378
			9.08556790372551	-4.20883802685929
			9.08929914311102	-4.2125692662448
			9.08929914311102	-4.21630050563032
			9.09303038249653	-4.22003174501583
			9.09303038249653	-4.22376298440135
			9.09676162188205	-4.22376298440135
			9.09676162188205	-4.22749422378686
			9.09676162188205	-4.23122546317237
			9.10049286126756	-4.23122546317237
			9.10049286126756	-4.23495670255789
			9.10422410065308	-4.2386879419434
			9.10422410065308	-4.24241918132891
			9.10795534003859	-4.24615042071443
			9.1116865794241	-4.24988166009994
			9.1116865794241	-4.25361289948545
			9.11541781880962	-4.25734413887097
			9.11541781880962	-4.26107537825648
			9.11914905819513	-4.26480661764199
			9.11914905819513	-4.26853785702751
			9.12288029758064	-4.26853785702751
			9.12288029758064	-4.27226909641302
			9.12661153696616	-4.27600033579853
			9.12661153696616	-4.27973157518405
			9.13034277635167	-4.28346281456956
			9.13034277635167	-4.28719405395508
			9.13407401573718	-4.29092529334059
			9.1378052551227	-4.2946565327261
			9.1378052551227	-4.29838777211162
			9.14153649450821	-4.30211901149713
			9.14153649450821	-4.30585025088264
			9.14526773389372	-4.30958149026816
			9.14526773389372	-4.31331272965367
			9.14899897327924	-4.31704396903918
			9.14899897327924	-4.3207752084247
			9.15273021266475	-4.32450644781021
			9.15646145205027	-4.32823768719572
			9.15646145205027	-4.33196892658124
			9.16019269143578	-4.33570016596675
			9.16019269143578	-4.33943140535226
			9.16392393082129	-4.33943140535226
			9.16392393082129	-4.34316264473778
			9.16392393082129	-4.34689388412329
			9.1676551702068	-4.35062512350881
			9.17138640959232	-4.35435636289432
			9.17138640959232	-4.35808760227983
			9.17511764897783	-4.36181884166535
			9.17511764897783	-4.36555008105086
			9.17884888836335	-4.36928132043637
			9.17884888836335	-4.37301255982189
			9.18258012774886	-4.3767437992074
			9.18258012774886	-4.38047503859291
			9.18631136713437	-4.38047503859291
			9.18631136713437	-4.38420627797843
			9.19004260651989	-4.38793751736394
			9.19004260651989	-4.39166875674945
			9.1937738459054	-4.39539999613497
			9.1937738459054	-4.39913123552048
			9.19750508529091	-4.402862474906
			9.19750508529091	-4.40659371429151
			9.20123632467643	-4.41032495367702
			9.20123632467643	-4.41405619306254
			9.20496756406194	-4.41778743244805
			9.20496756406194	-4.42151867183356
			9.20869880344745	-4.42151867183356
			9.20869880344745	-4.42524991121908
			9.21243004283297	-4.42898115060459
			9.21243004283297	-4.4327123899901
			9.21616128221848	-4.43644362937562
			9.21616128221848	-4.44017486876113
			9.219892521604	-4.44390610814664
			9.219892521604	-4.44763734753216
			9.22362376098951	-4.45136858691767
			9.22362376098951	-4.45509982630319
			9.22735500037502	-4.4588310656887
			9.22735500037502	-4.46256230507421
			9.23108623976054	-4.46629354445973
			9.23108623976054	-4.47002478384524
			9.23108623976054	-4.47375602323075
			9.23108623976054	-4.47748726261627
			9.23108623976054	-4.48121850200178
			9.23481747914605	-4.48494974138729
			9.23481747914605	-4.48868098077281
			9.23481747914605	-4.49241222015832
			9.23854871853156	-4.49614345954383
			9.23854871853156	-4.49987469892935
			9.23854871853156	-4.50360593831486
			9.23854871853156	-4.50733717770038
			9.24227995791708	-4.51106841708589
			9.24227995791708	-4.5147996564714
			9.24227995791708	-4.51853089585692
			9.24227995791708	-4.52226213524243
			9.24601119730259	-4.52599337462794
			9.24601119730259	-4.52972461401346
			9.24601119730259	-4.53345585339897
			9.24601119730259	-4.53718709278448
			9.2497424366881	-4.54091833217
			9.2497424366881	-4.54464957155551
			9.2497424366881	-4.54838081094102
			9.2497424366881	-4.55211205032654
			9.25347367607362	-4.55211205032654
			9.25347367607362	-4.55584328971205
			9.25347367607362	-4.55957452909756
			9.25347367607362	-4.56330576848308
			9.25347367607362	-4.56703700786859
			9.25720491545913	-4.57076824725411
			9.25720491545913	-4.57449948663962
			9.25720491545913	-4.57823072602513
			9.25720491545913	-4.58196196541065
			9.26093615484464	-4.58569320479616
			9.26093615484464	-4.58942444418167
			9.26093615484464	-4.59315568356719
			9.26466739423016	-4.5968869229527
			9.26466739423016	-4.60061816233821
			9.26466739423016	-4.60434940172373
			9.26466739423016	-4.60808064110924
			9.26839863361567	-4.61181188049475
			9.26839863361567	-4.61554311988027
			9.26839863361567	-4.61927435926578
			9.26839863361567	-4.62300559865129
			9.27212987300119	-4.62673683803681
			9.27212987300119	-4.63046807742232
			9.27212987300119	-4.63419931680784
			9.27212987300119	-4.63793055619335
			9.27212987300119	-4.64166179557886
			9.2758611123867	-4.64539303496438
			9.2758611123867	-4.64912427434989
			9.2758611123867	-4.6528555137354
			9.2758611123867	-4.65658675312092
			9.27959235177221	-4.65658675312092
			9.27959235177221	-4.66031799250643
			9.27959235177221	-4.66404923189194
			9.27959235177221	-4.66778047127746
			9.28332359115773	-4.67151171066297
			9.28332359115773	-4.67524295004849
			9.28332359115773	-4.678974189434
			9.28332359115773	-4.68270542881951
			9.28332359115773	-4.68643666820503
			9.28705483054324	-4.69016790759054
			9.28705483054324	-4.69389914697605
			9.28705483054324	-4.69763038636157
			9.29078606992875	-4.70136162574708
			9.29078606992875	-4.70509286513259
			9.29078606992875	-4.70882410451811
			9.29078606992875	-4.71255534390362
			9.29451730931427	-4.71628658328913
			9.29451730931427	-4.72001782267465
			9.29451730931427	-4.72374906206016
			9.29451730931427	-4.72748030144567
			9.29451730931427	-4.73121154083119
			9.29824854869978	-4.73121154083119
			9.29824854869978	-4.7349427802167
			9.29824854869978	-4.73867401960222
			9.29824854869978	-4.74240525898773
			9.30197978808529	-4.74613649837324
			9.30197978808529	-4.74986773775876
			9.30197978808529	-4.75359897714427
			9.30197978808529	-4.75733021652978
			9.30197978808529	-4.7610614559153
			9.30571102747081	-4.76479269530081
			9.30571102747081	-4.76852393468632
			9.30571102747081	-4.77225517407184
			9.30944226685632	-4.77598641345735
			9.30944226685632	-4.77971765284286
			9.30944226685632	-4.78344889222838
			9.30944226685632	-4.78718013161389
			9.30944226685632	-4.7909113709994
			9.31317350624184	-4.79464261038492
			9.31317350624184	-4.79837384977043
			9.31317350624184	-4.80210508915595
			9.31317350624184	-4.80583632854146
			9.31690474562735	-4.80583632854146
			9.31690474562735	-4.80956756792697
			9.31690474562735	-4.81329880731249
			9.31690474562735	-4.817030046698
			9.31690474562735	-4.82076128608351
			9.32063598501286	-4.82449252546903
			9.32063598501286	-4.82822376485454
			9.32063598501286	-4.83195500424005
			9.32063598501286	-4.83568624362557
			9.32436722439838	-4.83941748301108
			9.32436722439838	-4.8431487223966
			9.32436722439838	-4.84687996178211
			9.32436722439838	-4.85061120116762
			9.32809846378389	-4.85434244055314
			9.32809846378389	-4.85807367993865
			9.32809846378389	-4.86180491932416
			9.32809846378389	-4.86553615870968
			9.3318297031694	-4.86926739809519
			9.3318297031694	-4.8729986374807
			9.3318297031694	-4.87672987686622
			9.3318297031694	-4.88046111625173
			9.33556094255492	-4.88419235563724
			9.33556094255492	-4.88792359502276
			9.33556094255492	-4.89165483440827
			9.33556094255492	-4.89538607379378
			9.33556094255492	-4.8991173131793
			9.33929218194043	-4.90284855256481
			9.33929218194043	-4.90657979195033
			9.33929218194043	-4.91031103133584
			9.33929218194043	-4.91404227072135
			9.34302342132594	-4.91777351010687
			9.34302342132594	-4.92150474949238
			9.34302342132594	-4.92523598887789
			9.34302342132594	-4.92896722826341
			9.34675466071146	-4.93269846764892
			9.34675466071146	-4.93642970703443
			9.34675466071146	-4.94016094641995
			9.34675466071146	-4.94389218580546
			9.35048590009697	-4.94762342519097
			9.35048590009697	-4.95135466457649
			9.35048590009697	-4.955085903962
			9.35048590009697	-4.95881714334751
			9.35048590009697	-4.96254838273303
			9.35421713948248	-4.96627962211854
			9.35421713948248	-4.97001086150406
			9.35421713948248	-4.97374210088957
			9.35421713948248	-4.97747334027508
			9.357948378868	-4.9812045796606
			9.357948378868	-4.98493581904611
			9.357948378868	-4.98866705843162
			9.357948378868	-4.99239829781714
			9.36167961825351	-4.99612953720265
			9.36167961825351	-4.99986077658816
			9.36167961825351	-5.00359201597368
			9.36167961825351	-5.00732325535919
			9.36541085763902	-5.01105449474471
			9.36541085763902	-5.01478573413022
			9.36541085763902	-5.01851697351573
			9.36541085763902	-5.02224821290125
			9.36541085763902	-5.02597945228676
			9.36914209702454	-5.02971069167227
			9.36914209702454	-5.03344193105779
			9.36914209702454	-5.0371731704433
			9.36914209702454	-5.04090440982881
			9.37287333641005	-5.04463564921433
			9.37287333641005	-5.04836688859984
			9.37287333641005	-5.05209812798535
			9.37287333641005	-5.05582936737087
			9.37287333641005	-5.05956060675638
			9.37660457579556	-5.05956060675638
			9.37660457579556	-5.06329184614189
			9.37660457579556	-5.06702308552741
			9.37660457579556	-5.07075432491292
			9.37660457579556	-5.07448556429844
			9.38033581518108	-5.07821680368395
			9.38033581518108	-5.08194804306946
			9.38033581518108	-5.08567928245498
			9.38033581518108	-5.08941052184049
			9.38033581518108	-5.093141761226
			9.38406705456659	-5.09687300061152
			9.38406705456659	-5.10060423999703
			9.38406705456659	-5.10433547938254
			9.38779829395211	-5.10806671876806
			9.38779829395211	-5.11179795815357
			9.38779829395211	-5.11552919753908
			9.38779829395211	-5.1192604369246
			9.38779829395211	-5.12299167631011
			9.39152953333762	-5.12672291569563
			9.39152953333762	-5.13045415508114
			9.39152953333762	-5.13418539446665
			9.39152953333762	-5.13791663385217
			9.39152953333762	-5.14164787323768
			9.39526077272313	-5.14537911262319
			9.39526077272313	-5.14911035200871
			9.39526077272313	-5.15284159139422
			9.39526077272313	-5.15657283077973
			9.39526077272313	-5.16030407016525
			9.39899201210865	-5.16030407016525
			9.39899201210865	-5.16403530955076
			9.39899201210865	-5.16776654893627
			9.39899201210865	-5.17149778832179
			9.39899201210865	-5.1752290277073
			9.40272325149416	-5.17896026709281
			9.40272325149416	-5.18269150647833
			9.40272325149416	-5.18642274586384
			9.40272325149416	-5.19015398524936
			9.40645449087967	-5.19388522463487
			9.40645449087967	-5.19761646402038
			9.40645449087967	-5.2013477034059
			9.40645449087967	-5.20507894279141
			9.40645449087967	-5.20881018217692
			9.41018573026519	-5.21254142156244
			9.41018573026519	-5.21627266094795
			9.41018573026519	-5.22000390033346
			9.41018573026519	-5.22373513971898
			9.4139169696507	-5.22746637910449
			9.4139169696507	-5.23119761849
			9.4139169696507	-5.23492885787552
			9.4139169696507	-5.23866009726103
			9.4139169696507	-5.24239133664655
			9.41764820903621	-5.24612257603206
			9.41764820903621	-5.24985381541757
			9.41764820903621	-5.25358505480309
			9.41764820903621	-5.2573162941886
			9.41764820903621	-5.26104753357411
			9.42137944842173	-5.26477877295963
			9.42137944842173	-5.26851001234514
			9.42137944842173	-5.27224125173065
			9.42137944842173	-5.27597249111617
			9.42137944842173	-5.27970373050168
			9.42511068780724	-5.28343496988719
			9.42511068780724	-5.28716620927271
			9.42511068780724	-5.29089744865822
			9.42511068780724	-5.29462868804374
			9.42511068780724	-5.29835992742925
			9.42884192719275	-5.29835992742925
			9.42884192719275	-5.30209116681476
			9.42884192719275	-5.30582240620028
			9.42884192719275	-5.30955364558579
			9.42884192719275	-5.3132848849713
			9.43257316657827	-5.31701612435682
			9.43257316657827	-5.32074736374233
			9.43257316657827	-5.32447860312784
			9.43257316657827	-5.32820984251336
			9.43257316657827	-5.33194108189887
			9.43257316657827	-5.33567232128438
			9.43630440596378	-5.3394035606699
			9.43630440596378	-5.34313480005541
			9.43630440596378	-5.34686603944092
			9.43630440596378	-5.35059727882644
			9.43630440596378	-5.35432851821195
			9.4400356453493	-5.35805975759747
			9.4400356453493	-5.36179099698298
			9.4400356453493	-5.36552223636849
			9.4400356453493	-5.36925347575401
			9.44376688473481	-5.37298471513952
			9.44376688473481	-5.37671595452503
			9.44376688473481	-5.38044719391055
			9.44376688473481	-5.38417843329606
			9.44376688473481	-5.38790967268157
			9.44749812412032	-5.39164091206709
			9.44749812412032	-5.3953721514526
			9.44749812412032	-5.39910339083811
			9.44749812412032	-5.40283463022363
			9.44749812412032	-5.40656586960914
			9.44749812412032	-5.41029710899465
			9.45122936350584	-5.41402834838017
			9.45122936350584	-5.41775958776568
			9.45122936350584	-5.4214908271512
			9.45122936350584	-5.42522206653671
			9.45122936350584	-5.42895330592222
			9.45496060289135	-5.43268454530774
			9.45496060289135	-5.43641578469325
			9.45496060289135	-5.44014702407876
			9.45496060289135	-5.44387826346428
			9.45496060289135	-5.44760950284979
			9.45496060289135	-5.4513407422353
			9.45869184227686	-5.45507198162082
			9.45869184227686	-5.45880322100633
			9.45869184227686	-5.46253446039185
			9.45869184227686	-5.46626569977736
			9.45869184227686	-5.46999693916287
			9.46242308166238	-5.47372817854839
			9.46242308166238	-5.4774594179339
			9.46242308166238	-5.48119065731941
			9.46242308166238	-5.48492189670493
			9.46242308166238	-5.48865313609044
			9.46242308166238	-5.49238437547595
			9.46615432104789	-5.49611561486147
			9.46615432104789	-5.49984685424698
			9.46615432104789	-5.50357809363249
			9.46615432104789	-5.50730933301801
			9.46615432104789	-5.51104057240352
			9.46615432104789	-5.51477181178903
			9.4698855604334	-5.51477181178903
			9.4698855604334	-5.51850305117455
			9.4698855604334	-5.52223429056006
			9.4698855604334	-5.52596552994558
			9.4698855604334	-5.52969676933109
			9.4698855604334	-5.5334280087166
			9.47361679981892	-5.53715924810212
			9.47361679981892	-5.54089048748763
			9.47361679981892	-5.54462172687314
			9.47361679981892	-5.54835296625866
			9.47361679981892	-5.55208420564417
			9.47361679981892	-5.55581544502968
			9.47734803920443	-5.5595466844152
			9.47734803920443	-5.56327792380071
			9.47734803920443	-5.56700916318623
			9.47734803920443	-5.57074040257174
			9.47734803920443	-5.57447164195725
			9.47734803920443	-5.57820288134277
			9.47734803920443	-5.58193412072828
			9.48107927858995	-5.58193412072828
			9.48107927858995	-5.58566536011379
			9.48107927858995	-5.58939659949931
			9.48107927858995	-5.59312783888482
		</suture>
		<anterior type=matrix rownames=FALSE colnames=FALSE nrow=1207 ncol=2 as.numeric=TRUE >
			5.76103361123293	-0.798485228499901
			5.76103361123293	-0.802216467885414
			5.76103361123293	-0.805947707270928
			5.76476485061844	-0.809678946656442
			5.76476485061844	-0.813410186041955
			5.76476485061844	-0.817141425427469
			5.76476485061844	-0.820872664812982
			5.76849609000396	-0.824603904198496
			5.76849609000396	-0.828335143584009
			5.76849609000396	-0.832066382969523
			5.76849609000396	-0.835797622355036
			5.77222732938947	-0.83952886174055
			5.77222732938947	-0.843260101126064
			5.77222732938947	-0.846991340511577
			5.77222732938947	-0.850722579897091
			5.77595856877498	-0.854453819282604
			5.77595856877498	-0.858185058668118
			5.77595856877498	-0.861916298053631
			5.77595856877498	-0.865647537439145
			5.7796898081605	-0.869378776824658
			5.7796898081605	-0.873110016210172
			5.7796898081605	-0.876841255595685
			5.7796898081605	-0.880572494981199
			5.78342104754601	-0.884303734366713
			5.78342104754601	-0.888034973752226
			5.78342104754601	-0.89176621313774
			5.78715228693152	-0.895497452523253
			5.78715228693152	-0.899228691908767
			5.78715228693152	-0.90295993129428
			5.78715228693152	-0.906691170679794
			5.79088352631704	-0.910422410065308
			5.79088352631704	-0.914153649450821
			5.79088352631704	-0.917884888836335
			5.79088352631704	-0.921616128221848
			5.79461476570255	-0.921616128221848
			5.79461476570255	-0.925347367607362
			5.79461476570255	-0.929078606992875
			5.79461476570255	-0.932809846378389
			5.79834600508807	-0.936541085763902
			5.79834600508807	-0.940272325149416
			5.79834600508807	-0.94400356453493
			5.80207724447358	-0.947734803920443
			5.80207724447358	-0.951466043305957
			5.80207724447358	-0.95519728269147
			5.80580848385909	-0.958928522076984
			5.80580848385909	-0.962659761462497
			5.80580848385909	-0.966391000848011
			5.80580848385909	-0.970122240233524
			5.80953972324461	-0.973853479619038
			5.80953972324461	-0.977584719004552
			5.80953972324461	-0.981315958390065
			5.81327096263012	-0.981315958390065
			5.81327096263012	-0.985047197775579
			5.81327096263012	-0.988778437161092
			5.81327096263012	-0.992509676546606
			5.81700220201563	-0.996240915932119
			5.81700220201563	-0.999972155317633
			5.81700220201563	-1.00370339470315
			5.82073344140115	-1.00743463408866
			5.82073344140115	-1.01116587347417
			5.82073344140115	-1.01489711285969
			5.82446468078666	-1.0186283522452
			5.82446468078666	-1.02235959163071
			5.82446468078666	-1.02609083101623
			5.82819592017217	-1.02982207040174
			5.82819592017217	-1.03355330978725
			5.83192715955769	-1.03728454917277
			5.83192715955769	-1.04101578855828
			5.83192715955769	-1.0447470279438
			5.8356583989432	-1.04847826732931
			5.8356583989432	-1.05220950671482
			5.8356583989432	-1.05594074610034
			5.83938963832871	-1.05967198548585
			5.83938963832871	-1.06340322487136
			5.83938963832871	-1.06713446425688
			5.83938963832871	-1.07086570364239
			5.84312087771423	-1.07086570364239
			5.84312087771423	-1.0745969430279
			5.84312087771423	-1.07832818241342
			5.84685211709974	-1.08205942179893
			5.84685211709974	-1.08579066118444
			5.85058335648525	-1.08952190056996
			5.85058335648525	-1.09325313995547
			5.85058335648525	-1.09698437934099
			5.85431459587077	-1.1007156187265
			5.85431459587077	-1.10444685811201
			5.85431459587077	-1.10817809749753
			5.85804583525628	-1.11190933688304
			5.85804583525628	-1.11564057626855
			5.8617770746418	-1.11937181565407
			5.8617770746418	-1.12310305503958
			5.8617770746418	-1.12683429442509
			5.86550831402731	-1.13056553381061
			5.86550831402731	-1.13429677319612
			5.86923955341282	-1.13802801258163
			5.86923955341282	-1.14175925196715
			5.86923955341282	-1.14549049135266
			5.87297079279834	-1.14922173073818
			5.87297079279834	-1.15295297012369
			5.87670203218385	-1.1566842095092
			5.87670203218385	-1.16041544889472
			5.87670203218385	-1.16414668828023
			5.88043327156936	-1.16787792766574
			5.88043327156936	-1.17160916705126
			5.88416451095488	-1.17534040643677
			5.88416451095488	-1.17907164582228
			5.88416451095488	-1.1828028852078
			5.88789575034039	-1.18653412459331
			5.88789575034039	-1.19026536397882
			5.8916269897259	-1.19399660336434
			5.8916269897259	-1.19772784274985
			5.8916269897259	-1.20145908213536
			5.89535822911142	-1.20519032152088
			5.89535822911142	-1.20892156090639
			5.89908946849693	-1.21265280029191
			5.89908946849693	-1.21638403967742
			5.89908946849693	-1.22011527906293
			5.90282070788244	-1.22011527906293
			5.90282070788244	-1.22384651844845
			5.90282070788244	-1.22757775783396
			5.90655194726796	-1.23130899721947
			5.90655194726796	-1.23504023660499
			5.91028318665347	-1.2387714759905
			5.91028318665347	-1.24250271537601
			5.91028318665347	-1.24623395476153
			5.91401442603899	-1.24996519414704
			5.91401442603899	-1.25369643353255
			5.9177456654245	-1.25742767291807
			5.9177456654245	-1.26115891230358
			5.92147690481001	-1.2648901516891
			5.92147690481001	-1.26862139107461
			5.92147690481001	-1.27235263046012
			5.92520814419553	-1.27235263046012
			5.92520814419553	-1.27608386984564
			5.92520814419553	-1.27981510923115
			5.92893938358104	-1.27981510923115
			5.92893938358104	-1.28354634861666
			5.92893938358104	-1.28727758800218
			5.93267062296655	-1.28727758800218
			5.93267062296655	-1.29100882738769
			5.93267062296655	-1.2947400667732
			5.93640186235207	-1.29847130615872
			5.93640186235207	-1.30220254554423
			5.94013310173758	-1.30593378492974
			5.94013310173758	-1.30966502431526
			5.94013310173758	-1.31339626370077
			5.94386434112309	-1.31339626370077
			5.94386434112309	-1.31712750308629
			5.94759558050861	-1.3208587424718
			5.94759558050861	-1.32458998185731
			5.94759558050861	-1.32832122124283
			5.95132681989412	-1.32832122124283
			5.95132681989412	-1.33205246062834
			5.95132681989412	-1.33578370001385
			5.95505805927963	-1.33951493939937
			5.95505805927963	-1.34324617878488
			5.95878929866515	-1.34324617878488
			5.95878929866515	-1.34697741817039
			5.95878929866515	-1.35070865755591
			5.96252053805066	-1.35443989694142
			5.96252053805066	-1.35817113632693
			5.96625177743617	-1.36190237571245
			5.96625177743617	-1.36563361509796
			5.96998301682169	-1.36936485448347
			5.96998301682169	-1.37309609386899
			5.9737142562072	-1.3768273332545
			5.9737142562072	-1.38055857264002
			5.97744549559272	-1.38428981202553
			5.97744549559272	-1.38802105141104
			5.98117673497823	-1.39175229079656
			5.98117673497823	-1.39548353018207
			5.98490797436374	-1.39921476956758
			5.98490797436374	-1.4029460089531
			5.98490797436374	-1.40667724833861
			5.98863921374926	-1.41040848772412
			5.98863921374926	-1.41413972710964
			5.99237045313477	-1.41787096649515
			5.99237045313477	-1.42160220588066
			5.99610169252028	-1.42533344526618
			5.99610169252028	-1.42906468465169
			5.9998329319058	-1.43279592403721
			5.9998329319058	-1.43652716342272
			6.00356417129131	-1.44025840280823
			6.00356417129131	-1.44398964219375
			6.00729541067682	-1.44772088157926
			6.00729541067682	-1.45145212096477
			6.01102665006234	-1.45518336035029
			6.01102665006234	-1.4589145997358
			6.01475788944785	-1.46264583912131
			6.01475788944785	-1.46637707850683
			6.01848912883337	-1.47010831789234
			6.01848912883337	-1.47383955727785
			6.02222036821888	-1.47757079666337
			6.02222036821888	-1.48130203604888
			6.02595160760439	-1.4850332754344
			6.02968284698991	-1.48876451481991
			6.02968284698991	-1.49249575420542
			6.03341408637542	-1.49622699359094
			6.03341408637542	-1.49995823297645
			6.03714532576093	-1.50368947236196
			6.03714532576093	-1.50742071174748
			6.04087656514645	-1.51115195113299
			6.04087656514645	-1.5148831905185
			6.04460780453196	-1.51861442990402
			6.04460780453196	-1.52234566928953
			6.04833904391747	-1.52607690867504
			6.05207028330299	-1.52980814806056
			6.0558015226885	-1.53353938744607
			6.05953276207401	-1.53727062683158
			6.06326400145953	-1.5410018662171
			6.06699524084504	-1.54473310560261
			6.07072648023055	-1.54846434498813
			6.07445771961607	-1.54846434498813
			6.07818895900158	-1.55219558437364
			6.0819201983871	-1.55592682375915
			6.08565143777261	-1.55965806314467
			6.08938267715812	-1.56338930253018
			6.09311391654364	-1.56712054191569
			6.09684515592915	-1.57085178130121
			6.10057639531466	-1.57458302068672
			6.10430763470018	-1.57831426007223
			6.10803887408569	-1.58204549945775
			6.1117701134712	-1.58577673884326
			6.11550135285672	-1.58950797822877
			6.11923259224223	-1.59323921761429
			6.12296383162774	-1.5969704569998
			6.12669507101326	-1.60070169638532
			6.13042631039877	-1.60443293577083
			6.13415754978428	-1.60816417515634
			6.1378887891698	-1.61189541454186
			6.14162002855531	-1.61562665392737
			6.14535126794083	-1.61935789331288
			6.14908250732634	-1.6230891326984
			6.15281374671185	-1.62682037208391
			6.15654498609737	-1.63055161146942
			6.16027622548288	-1.63428285085494
			6.16400746486839	-1.63801409024045
			6.16773870425391	-1.64174532962596
			6.17146994363942	-1.64547656901148
			6.17520118302493	-1.64920780839699
			6.17893242241045	-1.6529390477825
			6.18266366179596	-1.65667028716802
			6.18639490118148	-1.66040152655353
			6.19012614056699	-1.66413276593905
			6.1938573799525	-1.66786400532456
			6.19758861933802	-1.67159524471007
			6.20131985872353	-1.67532648409559
			6.20505109810904	-1.6790577234811
			6.20878233749456	-1.68278896286661
			6.21251357688007	-1.68278896286661
			6.21624481626558	-1.68652020225213
			6.2199760556511	-1.69025144163764
			6.22370729503661	-1.69398268102315
			6.22743853442212	-1.69771392040867
			6.23116977380764	-1.70144515979418
			6.23490101319315	-1.70144515979418
			6.23490101319315	-1.70517639917969
			6.23863225257866	-1.70890763856521
			6.24236349196418	-1.70890763856521
			6.24236349196418	-1.71263887795072
			6.24609473134969	-1.71263887795072
			6.24609473134969	-1.71637011733624
			6.24982597073521	-1.72010135672175
			6.25355721012072	-1.72010135672175
			6.25355721012072	-1.72383259610726
			6.25728844950623	-1.72383259610726
			6.26101968889175	-1.72756383549278
			6.26475092827726	-1.73129507487829
			6.26848216766277	-1.7350263142638
			6.27221340704829	-1.73875755364932
			6.2759446464338	-1.74248879303483
			6.27967588581931	-1.74622003242034
			6.28340712520483	-1.74995127180586
			6.28713836459034	-1.75368251119137
			6.29086960397585	-1.75741375057688
			6.29460084336137	-1.7611449899624
			6.29833208274688	-1.76487622934791
			6.30206332213239	-1.76487622934791
			6.30579456151791	-1.76860746873343
			6.30952580090342	-1.77233870811894
			6.31325704028894	-1.77606994750445
			6.31325704028894	-1.77980118688997
			6.31698827967445	-1.78353242627548
			6.32071951905996	-1.78353242627548
			6.32445075844548	-1.78726366566099
			6.32818199783099	-1.79099490504651
			6.3319132372165	-1.79472614443202
			6.33564447660202	-1.79845738381753
			6.33937571598753	-1.80218862320305
			6.34310695537304	-1.80218862320305
			6.34683819475856	-1.80591986258856
			6.34683819475856	-1.80965110197407
			6.35056943414407	-1.81338234135959
			6.35430067352959	-1.8171135807451
			6.3580319129151	-1.8171135807451
			6.36176315230061	-1.82084482013062
			6.36549439168613	-1.82457605951613
			6.36922563107164	-1.82830729890164
			6.37295687045715	-1.83203853828716
			6.37668810984267	-1.83576977767267
			6.38041934922818	-1.83950101705818
			6.38415058861369	-1.8432322564437
			6.38788182799921	-1.84696349582921
			6.39161306738472	-1.84696349582921
			6.39161306738472	-1.85069473521472
			6.39534430677023	-1.85442597460024
			6.39907554615575	-1.85442597460024
			6.39907554615575	-1.85815721398575
			6.40280678554126	-1.85815721398575
			6.40653802492677	-1.86188845337126
			6.40653802492677	-1.86561969275678
			6.41026926431229	-1.86561969275678
			6.4140005036978	-1.86935093214229
			6.41773174308332	-1.8730821715278
			6.42146298246883	-1.87681341091332
			6.42519422185434	-1.88054465029883
			6.42892546123986	-1.88054465029883
			6.43265670062537	-1.88427588968435
			6.43265670062537	-1.88800712906986
			6.43638794001088	-1.89173836845537
			6.4401191793964	-1.89173836845537
			6.44385041878191	-1.89546960784089
			6.44385041878191	-1.8992008472264
			6.44758165816742	-1.8992008472264
			6.45131289755294	-1.90293208661191
			6.45504413693845	-1.90666332599743
			6.45877537632396	-1.91039456538294
			6.46250661570948	-1.91412580476845
			6.46623785509499	-1.91785704415397
			6.46996909448051	-1.92158828353948
			6.47370033386602	-1.92158828353948
			6.47743157325153	-1.92531952292499
			6.48116281263705	-1.92905076231051
			6.48489405202256	-1.93278200169602
			6.48862529140807	-1.93651324108154
			6.49235653079359	-1.94024448046705
			6.4960877701791	-1.94397571985256
			6.49981900956461	-1.94397571985256
			6.50355024895013	-1.94770695923808
			6.50355024895013	-1.95143819862359
			6.50728148833564	-1.9551694380091
			6.51101272772115	-1.95890067739462
			6.51474396710667	-1.96263191678013
			6.51847520649218	-1.96263191678013
			6.52220644587769	-1.96636315616564
			6.52593768526321	-1.97009439555116
			6.52966892464872	-1.97382563493667
			6.53340016403424	-1.97755687432218
			6.53713140341975	-1.9812881137077
			6.54086264280526	-1.9812881137077
			6.54459388219078	-1.98501935309321
			6.54832512157629	-1.98875059247872
			6.5520563609618	-1.99248183186424
			6.55578760034732	-1.99621307124975
			6.55951883973283	-1.99994431063527
			6.56325007911834	-2.00367555002078
			6.56698131850386	-2.00367555002078
			6.57071255788937	-2.00740678940629
			6.57444379727488	-2.01113802879181
			6.57444379727488	-2.01486926817732
			6.5781750366604	-2.01860050756283
			6.58190627604591	-2.02233174694835
			6.58563751543143	-2.02233174694835
			6.58936875481694	-2.02606298633386
			6.59309999420245	-2.02979422571937
			6.59683123358797	-2.03352546510489
			6.60056247297348	-2.0372567044904
			6.60429371235899	-2.04098794387591
			6.60802495174451	-2.04098794387591
			6.61175619113002	-2.04471918326143
			6.61548743051553	-2.04845042264694
			6.61921866990105	-2.05218166203246
			6.62294990928656	-2.05591290141797
			6.62668114867207	-2.05964414080348
			6.63041238805759	-2.05964414080348
			6.6341436274431	-2.063375380189
			6.63787486682862	-2.06710661957451
			6.64160610621413	-2.07083785896002
			6.64533734559964	-2.07456909834554
			6.64906858498516	-2.07830033773105
			6.65279982437067	-2.08203157711656
			6.65653106375618	-2.08576281650208
			6.6602623031417	-2.08576281650208
			6.66399354252721	-2.08949405588759
			6.66399354252721	-2.0932252952731
			6.66772478191272	-2.0932252952731
			6.67145602129824	-2.09695653465862
			6.67518726068375	-2.10068777404413
			6.67891850006926	-2.10441901342965
			6.68264973945478	-2.10815025281516
			6.68638097884029	-2.11188149220067
			6.6901122182258	-2.11188149220067
			6.69384345761132	-2.11561273158619
			6.69757469699683	-2.1193439709717
			6.70130593638235	-2.12307521035721
			6.70503717576786	-2.12680644974273
			6.70876841515337	-2.13053768912824
			6.71249965453889	-2.13426892851375
			6.7162308939244	-2.13800016789927
			6.71996213330991	-2.13800016789927
			6.72369337269543	-2.14173140728478
			6.72742461208094	-2.14546264667029
			6.73115585146645	-2.14919388605581
			6.73488709085197	-2.15292512544132
			6.73861833023748	-2.15665636482683
			6.74234956962299	-2.16038760421235
			6.74608080900851	-2.16038760421235
			6.74981204839402	-2.16411884359786
			6.75354328777953	-2.16785008298338
			6.75727452716505	-2.17158132236889
			6.76100576655056	-2.1753125617544
			6.76473700593608	-2.17904380113992
			6.76846824532159	-2.18277504052543
			6.7721994847071	-2.18277504052543
			6.77593072409262	-2.18650627991094
			6.77966196347813	-2.19023751929646
			6.78339320286364	-2.19396875868197
			6.78712444224916	-2.19769999806748
			6.79085568163467	-2.201431237453
			6.79458692102018	-2.20516247683851
			6.7983181604057	-2.20516247683851
			6.80204939979121	-2.20889371622402
			6.80578063917673	-2.21262495560954
			6.80951187856224	-2.21635619499505
			6.81324311794775	-2.22008743438057
			6.81697435733327	-2.22381867376608
			6.82070559671878	-2.22381867376608
			6.82443683610429	-2.22754991315159
			6.82816807548981	-2.23128115253711
			6.83189931487532	-2.23501239192262
			6.83563055426083	-2.23874363130813
			6.83936179364635	-2.24247487069365
			6.84309303303186	-2.24620611007916
			6.84682427241737	-2.24620611007916
			6.85055551180289	-2.24993734946467
			6.8542867511884	-2.25366858885019
			6.85801799057391	-2.2573998282357
			6.86174922995943	-2.26113106762121
			6.86548046934494	-2.26486230700673
			6.86921170873046	-2.26486230700673
			6.87294294811597	-2.26859354639224
			6.87667418750148	-2.27232478577776
			6.880405426887	-2.27605602516327
			6.88413666627251	-2.27978726454878
			6.88786790565802	-2.2835185039343
			6.89159914504354	-2.28724974331981
			6.89533038442905	-2.28724974331981
			6.89906162381456	-2.29098098270532
			6.90279286320008	-2.29098098270532
			6.90652410258559	-2.29098098270532
			6.91025534197111	-2.29471222209084
			6.91398658135662	-2.29471222209084
			6.91771782074213	-2.29844346147635
			6.92144906012765	-2.29844346147635
			6.92518029951316	-2.30217470086186
			6.92891153889867	-2.30217470086186
			6.92891153889867	-2.30590594024738
			6.93264277828419	-2.30590594024738
			6.9363740176697	-2.30963717963289
			6.94010525705521	-2.30963717963289
			6.94383649644073	-2.3133684190184
			6.94756773582624	-2.3133684190184
			6.95129897521175	-2.3133684190184
			6.95503021459727	-2.31709965840392
			6.95876145398278	-2.31709965840392
			6.96249269336829	-2.32083089778943
			6.96622393275381	-2.32083089778943
			6.96995517213932	-2.32456213717494
			6.97368641152484	-2.32456213717494
			6.97741765091035	-2.32829337656046
			6.98114889029586	-2.33202461594597
			6.98488012968138	-2.33202461594597
			6.98861136906689	-2.33575585533149
			6.9923426084524	-2.33575585533149
			6.99607384783792	-2.339487094717
			6.99980508722343	-2.339487094717
			7.00353632660894	-2.34321833410251
			7.00726756599446	-2.34321833410251
			7.01099880537997	-2.34321833410251
			7.01473004476548	-2.34694957348803
			7.018461284151	-2.35068081287354
			7.02219252353651	-2.35068081287354
			7.02592376292202	-2.35441205225905
			7.02965500230754	-2.35441205225905
			7.03338624169305	-2.35814329164457
			7.03711748107857	-2.35814329164457
			7.04084872046408	-2.36187453103008
			7.04457995984959	-2.36187453103008
			7.04831119923511	-2.36560577041559
			7.05204243862062	-2.36560577041559
			7.05577367800613	-2.36933700980111
			7.05950491739165	-2.36933700980111
			7.06323615677716	-2.37306824918662
			7.06696739616267	-2.37306824918662
			7.07069863554819	-2.37679948857213
			7.0744298749337	-2.37679948857213
			7.0744298749337	-2.38053072795765
			7.07816111431922	-2.38053072795765
			7.08189235370473	-2.38053072795765
			7.08189235370473	-2.38426196734316
			7.08562359309024	-2.38426196734316
			7.08935483247576	-2.38426196734316
			7.08935483247576	-2.38799320672868
			7.09308607186127	-2.38799320672868
			7.09681731124678	-2.38799320672868
			7.09681731124678	-2.39172444611419
			7.1005485506323	-2.39172444611419
			7.10427979001781	-2.39172444611419
			7.10427979001781	-2.3954556854997
			7.10801102940332	-2.3954556854997
			7.11174226878884	-2.3954556854997
			7.11174226878884	-2.39918692488522
			7.11547350817435	-2.39918692488522
			7.11920474755986	-2.39918692488522
			7.11920474755986	-2.40291816427073
			7.12293598694538	-2.40291816427073
			7.12666722633089	-2.40664940365624
			7.1303984657164	-2.40664940365624
			7.13412970510192	-2.41038064304176
			7.13786094448743	-2.41038064304176
			7.14159218387295	-2.41411188242727
			7.14532342325846	-2.41411188242727
			7.14905466264397	-2.41784312181278
			7.15278590202949	-2.41784312181278
			7.156517141415	-2.4215743611983
			7.16024838080051	-2.42530560058381
			7.16397962018603	-2.42530560058381
			7.16771085957154	-2.42903683996932
			7.17144209895705	-2.42903683996932
			7.17517333834257	-2.43276807935484
			7.17890457772808	-2.43276807935484
			7.18263581711359	-2.43649931874035
			7.18636705649911	-2.43649931874035
			7.19009829588462	-2.44023055812587
			7.19382953527013	-2.44023055812587
			7.19756077465565	-2.44396179751138
			7.20129201404116	-2.44396179751138
			7.20502325342668	-2.44769303689689
			7.20875449281219	-2.45142427628241
			7.2124857321977	-2.45142427628241
			7.21621697158322	-2.45142427628241
			7.21621697158322	-2.45515551566792
			7.21994821096873	-2.45515551566792
			7.22367945035424	-2.45515551566792
			7.22367945035424	-2.45888675505343
			7.22741068973976	-2.45888675505343
			7.23114192912527	-2.46261799443895
			7.23487316851078	-2.46261799443895
			7.2386044078963	-2.46634923382446
			7.24233564728181	-2.46634923382446
			7.24606688666732	-2.47008047320997
			7.24979812605284	-2.47008047320997
			7.25352936543835	-2.47381171259549
			7.25726060482387	-2.477542951981
			7.26099184420938	-2.477542951981
			7.26472308359489	-2.48127419136651
			7.26845432298041	-2.48127419136651
			7.27218556236592	-2.48500543075203
			7.27591680175143	-2.48500543075203
			7.27964804113695	-2.48873667013754
			7.28337928052246	-2.48873667013754
			7.28711051990797	-2.49246790952306
			7.29084175929349	-2.49246790952306
			7.294572998679	-2.49619914890857
			7.29830423806451	-2.49619914890857
			7.30203547745003	-2.49993038829408
			7.30576671683554	-2.49993038829408
			7.30949795622105	-2.5036616276796
			7.31322919560657	-2.50739286706511
			7.31696043499208	-2.50739286706511
			7.3206916743776	-2.51112410645062
			7.32442291376311	-2.51485534583614
			7.32815415314862	-2.51485534583614
			7.33188539253414	-2.51485534583614
			7.33188539253414	-2.51858658522165
			7.33561663191965	-2.51858658522165
			7.33934787130516	-2.52231782460716
			7.34307911069068	-2.52231782460716
			7.34681035007619	-2.52604906399268
			7.3505415894617	-2.52604906399268
			7.35427282884722	-2.52978030337819
			7.35800406823273	-2.52978030337819
			7.36173530761825	-2.5335115427637
			7.36546654700376	-2.53724278214922
			7.36919778638927	-2.53724278214922
			7.37292902577479	-2.54097402153473
			7.3766602651603	-2.54097402153473
			7.38039150454581	-2.54470526092024
			7.38412274393133	-2.54843650030576
			7.38785398331684	-2.54843650030576
			7.39158522270235	-2.55216773969127
			7.39531646208787	-2.55216773969127
			7.39904770147338	-2.55589897907679
			7.40277894085889	-2.55589897907679
			7.40651018024441	-2.5596302184623
			7.41024141962992	-2.5596302184623
			7.41397265901543	-2.56336145784781
			7.41770389840095	-2.56336145784781
			7.42143513778646	-2.56709269723333
			7.42516637717198	-2.57082393661884
			7.42889761655749	-2.57082393661884
			7.432628855943	-2.57455517600435
			7.43636009532852	-2.57455517600435
			7.44009133471403	-2.57828641538987
			7.44382257409954	-2.57828641538987
			7.44382257409954	-2.58201765477538
			7.44755381348506	-2.58201765477538
			7.45128505287057	-2.58574889416089
			7.45501629225608	-2.58948013354641
			7.4587475316416	-2.58948013354641
			7.46247877102711	-2.59321137293192
			7.46621001041262	-2.59321137293192
			7.46994124979814	-2.59694261231743
			7.47367248918365	-2.59694261231743
			7.47740372856916	-2.60067385170295
			7.48113496795468	-2.60067385170295
			7.48486620734019	-2.60440509108846
			7.48859744672571	-2.60813633047398
			7.49232868611122	-2.60813633047398
			7.49605992549673	-2.61186756985949
			7.49979116488225	-2.61186756985949
			7.50352240426776	-2.615598809245
			7.50725364365327	-2.615598809245
			7.51098488303879	-2.61933004863052
			7.5147161224243	-2.62306128801603
			7.51844736180981	-2.62306128801603
			7.52217860119533	-2.62679252740154
			7.52590984058084	-2.63052376678706
			7.52964107996636	-2.63052376678706
			7.53337231935187	-2.63425500617257
			7.53710355873738	-2.63425500617257
			7.5408347981229	-2.63798624555808
			7.54456603750841	-2.63798624555808
			7.54456603750841	-2.6417174849436
			7.54829727689392	-2.6417174849436
			7.55202851627944	-2.64544872432911
			7.55575975566495	-2.64544872432911
			7.55949099505046	-2.64917996371462
			7.56322223443598	-2.65291120310014
			7.56695347382149	-2.65291120310014
			7.570684713207	-2.65664244248565
			7.57441595259252	-2.65664244248565
			7.57814719197803	-2.66037368187117
			7.58187843136354	-2.66410492125668
			7.58560967074906	-2.66410492125668
			7.58934091013457	-2.66783616064219
			7.59307214952009	-2.66783616064219
			7.5968033889056	-2.67156740002771
			7.60053462829111	-2.67529863941322
			7.60426586767663	-2.67529863941322
			7.60799710706214	-2.67902987879873
			7.61172834644765	-2.67902987879873
			7.61545958583317	-2.68276111818425
			7.61919082521868	-2.68649235756976
			7.62292206460419	-2.68649235756976
			7.62665330398971	-2.69022359695527
			7.63038454337522	-2.69395483634079
			7.63411578276073	-2.6976860757263
			7.63784702214625	-2.6976860757263
			7.64157826153176	-2.70141731511181
			7.64530950091727	-2.70141731511181
			7.64904074030279	-2.70514855449733
			7.6527719796883	-2.70514855449733
			7.6527719796883	-2.70887979388284
			7.65650321907382	-2.70887979388284
			7.66023445845933	-2.71261103326835
			7.66396569784484	-2.71261103326835
			7.66769693723036	-2.71634227265387
			7.67142817661587	-2.72007351203938
			7.67515941600138	-2.72007351203938
			7.6788906553869	-2.7238047514249
			7.68262189477241	-2.7238047514249
			7.68635313415792	-2.72753599081041
			7.69008437354344	-2.73126723019592
			7.69381561292895	-2.73126723019592
			7.69754685231447	-2.73499846958144
			7.70127809169998	-2.73499846958144
			7.70500933108549	-2.73872970896695
			7.70874057047101	-2.74246094835246
			7.71247180985652	-2.74246094835246
			7.71620304924203	-2.74619218773798
			7.71993428862755	-2.74619218773798
			7.71993428862755	-2.74992342712349
			7.72366552801306	-2.753654666509
			7.72739676739857	-2.753654666509
			7.73112800678409	-2.75738590589452
			7.7348592461696	-2.75738590589452
			7.73859048555511	-2.76111714528003
			7.74232172494063	-2.76484838466554
			7.74605296432614	-2.76484838466554
			7.74978420371165	-2.76857962405106
			7.75351544309717	-2.77231086343657
			7.75724668248268	-2.77231086343657
			7.7609779218682	-2.77604210282209
			7.76470916125371	-2.77604210282209
			7.76844040063922	-2.7797733422076
			7.77217164002474	-2.78350458159311
			7.77590287941025	-2.78350458159311
			7.77963411879576	-2.78723582097863
			7.78336535818128	-2.79096706036414
			7.78709659756679	-2.79469829974965
			7.7908278369523	-2.79469829974965
			7.79455907633782	-2.79842953913517
			7.79829031572333	-2.80216077852068
			7.80202155510884	-2.80216077852068
			7.80575279449436	-2.80589201790619
			7.80948403387987	-2.80589201790619
			7.81321527326539	-2.80962325729171
			7.8169465126509	-2.80962325729171
			7.8169465126509	-2.81335449667722
			7.82067775203641	-2.81708573606273
			7.82440899142193	-2.81708573606273
			7.82814023080744	-2.82081697544825
			7.83187147019295	-2.82081697544825
			7.83187147019295	-2.82454821483376
			7.83560270957847	-2.82454821483376
			7.83933394896398	-2.82827945421927
			7.84306518834949	-2.82827945421927
			7.84679642773501	-2.83201069360479
			7.85052766712052	-2.8357419329903
			7.85425890650603	-2.8357419329903
			7.85799014589155	-2.83947317237582
			7.86172138527706	-2.84320441176133
			7.86545262466258	-2.84320441176133
			7.86918386404809	-2.84693565114684
			7.8729151034336	-2.85066689053236
			7.87664634281912	-2.85066689053236
			7.88037758220463	-2.85439812991787
			7.88410882159014	-2.85812936930338
			7.88784006097566	-2.8618606086889
			7.89157130036117	-2.8618606086889
			7.89530253974668	-2.86559184807441
			7.8990337791322	-2.86932308745992
			7.90276501851771	-2.87305432684544
			7.90649625790322	-2.87305432684544
			7.91022749728874	-2.87678556623095
			7.91395873667425	-2.87678556623095
			7.91768997605976	-2.88051680561646
			7.92142121544528	-2.88424804500198
			7.92515245483079	-2.88797928438749
			7.92888369421631	-2.88797928438749
			7.93261493360182	-2.89171052377301
			7.93634617298733	-2.89544176315852
			7.94007741237285	-2.89544176315852
			7.94380865175836	-2.89917300254403
			7.94753989114387	-2.90290424192955
			7.95127113052939	-2.90290424192955
			7.9550023699149	-2.90663548131506
			7.95873360930041	-2.90663548131506
			7.96246484868593	-2.91036672070057
			7.96619608807144	-2.91409796008609
			7.96992732745695	-2.9178291994716
			7.97365856684247	-2.92156043885711
			7.97738980622798	-2.92156043885711
			7.97738980622798	-2.92529167824263
			7.9811210456135	-2.92529167824263
			7.98485228499901	-2.92902291762814
			7.98858352438452	-2.92902291762814
			7.99231476377004	-2.93275415701365
			7.99604600315555	-2.93648539639917
			7.99977724254106	-2.94021663578468
			8.00350848192658	-2.94021663578468
			8.00723972131209	-2.9439478751702
			8.0109709606976	-2.94767911455571
			8.01470220008312	-2.95141035394122
			8.01843343946863	-2.95141035394122
			8.02216467885414	-2.95514159332674
			8.02589591823966	-2.95887283271225
			8.02962715762517	-2.95887283271225
			8.03335839701069	-2.96260407209776
			8.0370896363962	-2.96633531148328
			8.04082087578171	-2.96633531148328
			8.04455211516723	-2.97006655086879
			8.04828335455274	-2.9737977902543
			8.05201459393825	-2.97752902963982
			8.05574583332377	-2.97752902963982
			8.05574583332377	-2.98126026902533
			8.05947707270928	-2.98499150841084
			8.06320831209479	-2.98499150841084
			8.06693955148031	-2.98872274779636
			8.07067079086582	-2.98872274779636
			8.07067079086582	-2.99245398718187
			8.07440203025133	-2.99618522656738
			8.07813326963685	-2.99618522656738
			8.08186450902236	-2.9999164659529
			8.08186450902236	-3.00364770533841
			8.08559574840787	-3.00364770533841
			8.08932698779339	-3.00737894472393
			8.0930582271789	-3.00737894472393
			8.0930582271789	-3.01111018410944
			8.09678946656441	-3.01484142349495
			8.10052070594993	-3.01484142349495
			8.10425194533544	-3.01857266288047
			8.10798318472096	-3.02230390226598
			8.11171442410647	-3.02603514165149
			8.11544566349198	-3.02976638103701
			8.1191769028775	-3.03349762042252
			8.12290814226301	-3.03349762042252
			8.12663938164852	-3.03722885980803
			8.13037062103404	-3.04096009919355
			8.13410186041955	-3.04469133857906
			8.13410186041955	-3.04842257796457
			8.13783309980506	-3.04842257796457
			8.14156433919058	-3.05215381735009
			8.14529557857609	-3.0558850567356
			8.14902681796161	-3.05961629612112
			8.15275805734712	-3.06334753550663
			8.15648929673263	-3.06334753550663
			8.16022053611815	-3.06707877489214
			8.16395177550366	-3.07081001427766
			8.16768301488917	-3.07454125366317
			8.17141425427469	-3.07827249304868
			8.1751454936602	-3.0820037324342
			8.17887673304571	-3.08573497181971
			8.18260797243123	-3.08946621120522
			8.18633921181674	-3.08946621120522
			8.18633921181674	-3.09319745059074
			8.19007045120225	-3.09692868997625
			8.19380169058777	-3.09692868997625
			8.19380169058777	-3.10065992936176
			8.19753292997328	-3.10065992936176
			8.2012641693588	-3.10439116874728
			8.2012641693588	-3.10812240813279
			8.20499540874431	-3.10812240813279
			8.20872664812982	-3.11185364751831
			8.21245788751533	-3.11558488690382
			8.21618912690085	-3.11931612628933
			8.21992036628636	-3.12304736567485
			8.22365160567188	-3.12677860506036
			8.22738284505739	-3.13050984444587
			8.2311140844429	-3.13050984444587
			8.23484532382842	-3.13424108383139
			8.23484532382842	-3.1379723232169
			8.23857656321393	-3.14170356260241
			8.24230780259944	-3.14170356260241
			8.24603904198496	-3.14543480198793
			8.24603904198496	-3.14916604137344
			8.24977028137047	-3.15289728075895
			8.25350152075598	-3.15289728075895
			8.2572327601415	-3.15662852014447
			8.2572327601415	-3.16035975952998
			8.26096399952701	-3.16035975952998
			8.26469523891252	-3.1640909989155
			8.26842647829804	-3.16782223830101
			8.27215771768355	-3.17155347768652
			8.27588895706907	-3.17528471707204
			8.27962019645458	-3.17901595645755
			8.28335143584009	-3.18274719584306
			8.28708267522561	-3.18647843522858
			8.29081391461112	-3.19020967461409
			8.29454515399663	-3.1939409139996
			8.29827639338215	-3.1939409139996
			8.29827639338215	-3.19767215338512
			8.30200763276766	-3.20140339277063
			8.30573887215317	-3.20513463215614
			8.30947011153869	-3.20886587154166
			8.3132013509242	-3.21259711092717
			8.31693259030972	-3.21632835031268
			8.32066382969523	-3.2200595896982
			8.32439506908074	-3.22379082908371
			8.32812630846626	-3.22379082908371
			8.33185754785177	-3.22752206846923
			8.33558878723728	-3.23125330785474
			8.33558878723728	-3.23498454724025
			8.3393200266228	-3.23871578662577
			8.34305126600831	-3.24244702601128
			8.34678250539382	-3.24617826539679
			8.35051374477934	-3.24990950478231
			8.35424498416485	-3.25364074416782
			8.35797622355036	-3.25737198355333
			8.36170746293588	-3.26110322293885
			8.36543870232139	-3.26110322293885
			8.36916994170691	-3.26483446232436
			8.36916994170691	-3.26856570170987
			8.37290118109242	-3.27229694109539
			8.37663242047793	-3.2760281804809
			8.38036365986344	-3.27975941986642
			8.38409489924896	-3.28349065925193
			8.38782613863447	-3.28722189863744
			8.39155737801999	-3.29095313802296
			8.3952886174055	-3.29468437740847
			8.39901985679101	-3.29841561679398
			8.40275109617653	-3.3021468561795
			8.40275109617653	-3.30587809556501
			8.40648233556204	-3.30960933495052
			8.41021357494755	-3.30960933495052
			8.41394481433307	-3.31334057433604
			8.41767605371858	-3.31707181372155
			8.42140729310409	-3.32080305310706
			8.42513853248961	-3.32453429249258
			8.42886977187512	-3.32826553187809
			8.43260101126064	-3.33199677126361
			8.43260101126064	-3.33572801064912
			8.43633225064615	-3.33945925003463
			8.44006349003166	-3.34319048942015
			8.44379472941718	-3.34692172880566
			8.44752596880269	-3.35065296819117
			8.4512572081882	-3.35438420757669
			8.45498844757372	-3.3581154469622
			8.45871968695923	-3.36184668634771
			8.46245092634474	-3.36557792573323
			8.46245092634474	-3.36930916511874
			8.46618216573026	-3.37304040450425
			8.46991340511577	-3.37304040450425
			8.47364464450128	-3.37677164388977
			8.4773758838868	-3.38050288327528
			8.48110712327231	-3.38423412266079
			8.48483836265783	-3.38796536204631
			8.48856960204334	-3.39169660143182
			8.48856960204334	-3.39542784081734
			8.49230084142885	-3.39915908020285
			8.49603208081437	-3.40289031958836
			8.49976332019988	-3.40662155897388
			8.50349455958539	-3.41035279835939
			8.50722579897091	-3.4140840377449
			8.51095703835642	-3.41781527713042
			8.51468827774193	-3.42154651651593
			8.51468827774193	-3.42527775590144
			8.51841951712745	-3.42900899528696
			8.52215075651296	-3.43274023467247
			8.52588199589847	-3.43647147405798
			8.52961323528399	-3.4402027134435
			8.5333444746695	-3.44393395282901
			8.53707571405502	-3.44766519221453
			8.53707571405502	-3.45139643160004
			8.54080695344053	-3.45512767098555
			8.54453819282604	-3.45885891037107
			8.54826943221155	-3.46259014975658
			8.55200067159707	-3.46632138914209
			8.55573191098258	-3.47005262852761
			8.5594631503681	-3.47378386791312
			8.5594631503681	-3.47751510729863
			8.56319438975361	-3.48124634668415
			8.56692562913912	-3.48497758606966
			8.57065686852464	-3.48870882545517
			8.57438810791015	-3.49244006484069
			8.57811934729566	-3.4961713042262
			8.58185058668118	-3.49990254361171
			8.58185058668118	-3.50363378299723
			8.58558182606669	-3.50736502238274
			8.5893130654522	-3.51109626176826
			8.59304430483772	-3.51482750115377
			8.59677554422323	-3.51855874053928
			8.60050678360875	-3.5222899799248
			8.60423802299426	-3.52602121931031
			8.60423802299426	-3.52975245869582
			8.60796926237977	-3.53348369808134
			8.61170050176529	-3.53721493746685
			8.6154317411508	-3.54094617685236
			8.61916298053631	-3.54467741623788
			8.62289421992183	-3.54840865562339
			8.62662545930734	-3.5521398950089
			8.62662545930734	-3.55587113439442
			8.63035669869285	-3.55960237377993
			8.63408793807837	-3.56333361316545
			8.63781917746388	-3.56706485255096
			8.64155041684939	-3.57079609193647
			8.64528165623491	-3.57452733132199
			8.64528165623491	-3.5782585707075
			8.64901289562042	-3.58198981009301
			8.65274413500594	-3.58572104947853
			8.65647537439145	-3.58945228886404
			8.66020661377696	-3.59318352824955
			8.66020661377696	-3.59691476763507
			8.66393785316248	-3.60064600702058
			8.66766909254799	-3.60437724640609
			8.6714003319335	-3.60810848579161
			8.67513157131902	-3.61183972517712
			8.67513157131902	-3.61557096456264
			8.67886281070453	-3.61930220394815
			8.68259405009004	-3.62303344333366
			8.68259405009004	-3.62676468271918
			8.68632528947556	-3.62676468271918
			8.68632528947556	-3.63049592210469
			8.69005652886107	-3.6342271614902
			8.69378776824658	-3.63795840087572
			8.6975190076321	-3.64168964026123
			8.70125024701761	-3.64542087964674
			8.70125024701761	-3.64915211903226
			8.70498148640312	-3.65288335841777
			8.70871272578864	-3.65661459780328
			8.70871272578864	-3.6603458371888
			8.71244396517415	-3.66407707657431
			8.71617520455966	-3.66407707657431
			8.71990644394518	-3.66780831595982
			8.71990644394518	-3.67153955534534
			8.72363768333069	-3.67527079473085
			8.72736892271621	-3.67900203411637
			8.72736892271621	-3.68273327350188
			8.73110016210172	-3.68646451288739
			8.73483140148723	-3.69019575227291
			8.73856264087275	-3.69392699165842
			8.73856264087275	-3.69765823104393
			8.74229388025826	-3.70138947042945
			8.74602511964377	-3.70512070981496
			8.74602511964377	-3.70885194920047
			8.74975635902929	-3.70885194920047
			8.7534875984148	-3.71258318858599
			8.7534875984148	-3.7163144279715
			8.75721883780031	-3.72004566735701
			8.76095007718583	-3.72377690674253
			8.76468131657134	-3.72750814612804
			8.76468131657134	-3.73123938551356
			8.76841255595686	-3.73497062489907
			8.77214379534237	-3.73870186428458
			8.77214379534237	-3.7424331036701
			8.77587503472788	-3.74616434305561
			8.7796062741134	-3.74989558244112
			8.78333751349891	-3.75362682182664
			8.78333751349891	-3.75735806121215
			8.78706875288442	-3.76108930059766
			8.79079999226994	-3.76482053998318
			8.79079999226994	-3.76855177936869
			8.79453123165545	-3.76855177936869
			8.79826247104096	-3.7722830187542
			8.79826247104096	-3.77601425813972
			8.80199371042648	-3.77974549752523
			8.80572494981199	-3.78347673691075
			8.80572494981199	-3.78720797629626
			8.8094561891975	-3.79093921568177
			8.81318742858302	-3.79467045506729
			8.81691866796853	-3.7984016944528
			8.81691866796853	-3.80213293383831
			8.82064990735405	-3.80586417322383
			8.82438114673956	-3.80959541260934
			8.82438114673956	-3.81332665199485
			8.82811238612507	-3.81705789138037
			8.83184362551059	-3.82078913076588
			8.83184362551059	-3.82452037015139
			8.8355748648961	-3.82825160953691
			8.83930610428161	-3.83198284892242
			8.83930610428161	-3.83571408830794
			8.84303734366713	-3.83944532769345
			8.84676858305264	-3.84317656707896
			8.85049982243815	-3.84690780646448
			8.85049982243815	-3.85063904584999
			8.85423106182367	-3.8543702852355
			8.85796230120918	-3.85810152462102
			8.85796230120918	-3.86183276400653
			8.8616935405947	-3.86556400339204
			8.86542477998021	-3.86556400339204
			8.86542477998021	-3.86929524277756
			8.86915601936572	-3.87302648216307
			8.87288725875123	-3.87675772154858
			8.87288725875123	-3.8804889609341
			8.87661849813675	-3.88422020031961
			8.88034973752226	-3.88795143970512
			8.88034973752226	-3.89168267909064
			8.88408097690778	-3.89541391847615
			8.88781221629329	-3.89914515786167
			8.88781221629329	-3.90287639724718
			8.8915434556788	-3.90660763663269
			8.89527469506432	-3.91033887601821
			8.89900593444983	-3.91407011540372
			8.89900593444983	-3.91780135478923
			8.90273717383534	-3.92153259417475
			8.90646841322086	-3.92526383356026
			8.90646841322086	-3.92899507294577
			8.91019965260637	-3.93272631233129
			8.91393089199188	-3.9364575517168
			8.91393089199188	-3.94018879110231
			8.9176621313774	-3.94392003048783
			8.92139337076291	-3.94765126987334
			8.92139337076291	-3.95138250925886
			8.92512461014842	-3.95511374864437
			8.92885584953394	-3.95884498802988
			8.92885584953394	-3.9625762274154
			8.93258708891945	-3.96630746680091
			8.93631832830497	-3.97003870618642
			8.93631832830497	-3.97376994557194
			8.94004956769048	-3.97750118495745
			8.94378080707599	-3.98123242434296
			8.94378080707599	-3.98496366372848
			8.94751204646151	-3.98869490311399
			8.95124328584702	-3.9924261424995
			8.95124328584702	-3.99615738188502
			8.95497452523253	-3.99988862127053
			8.95870576461805	-4.00361986065604
			8.95870576461805	-4.00735110004156
			8.96243700400356	-4.01108233942707
			8.96616824338907	-4.01481357881259
			8.96616824338907	-4.0185448181981
			8.96989948277459	-4.02227605758361
			8.9736307221601	-4.02600729696913
			8.9736307221601	-4.02973853635464
			8.97736196154561	-4.03346977574015
			8.98109320093113	-4.03720101512567
			8.98109320093113	-4.04093225451118
			8.98109320093113	-4.04466349389669
			8.98482444031664	-4.04466349389669
			8.98482444031664	-4.04839473328221
			8.98855567970216	-4.05212597266772
			8.98855567970216	-4.05585721205324
			8.99228691908767	-4.05958845143875
			8.99601815847318	-4.06331969082426
			8.99974939785869	-4.06705093020978
			8.99974939785869	-4.07078216959529
			9.00348063724421	-4.0745134089808
			9.00348063724421	-4.07824464836632
			9.00721187662972	-4.07824464836632
			9.00721187662972	-4.08197588775183
			9.01094311601524	-4.08570712713734
			9.01094311601524	-4.08943836652286
			9.01467435540075	-4.08943836652286
			9.01467435540075	-4.09316960590837
			9.01467435540075	-4.09690084529388
			9.01840559478626	-4.1006320846794
			9.02213683417178	-4.10436332406491
			9.02213683417178	-4.10809456345042
			9.02586807355729	-4.11182580283594
			9.0295993129428	-4.11555704222145
			9.0295993129428	-4.11928828160697
			9.03333055232832	-4.12301952099248
			9.03333055232832	-4.12675076037799
			9.03706179171383	-4.13048199976351
			9.04079303109934	-4.13421323914902
			9.04452427048486	-4.13794447853453
			9.04452427048486	-4.14167571792005
			9.04825550987037	-4.14540695730556
			9.04825550987037	-4.14913819669107
			9.05198674925589	-4.14913819669107
			9.05198674925589	-4.15286943607659
			9.05198674925589	-4.1566006754621
			9.0557179886414	-4.1566006754621
			9.0557179886414	-4.16033191484761
			9.05944922802691	-4.16406315423313
			9.05944922802691	-4.16779439361864
			9.06318046741243	-4.17152563300415
			9.06691170679794	-4.17525687238967
			9.06691170679794	-4.17898811177518
			9.07064294618345	-4.1827193511607
			9.07064294618345	-4.18645059054621
			9.07437418556897	-4.18645059054621
			9.07437418556897	-4.19018182993172
			9.07437418556897	-4.19391306931724
			9.07810542495448	-4.19764430870275
			9.08183666433999	-4.20137554808826
			9.08183666433999	-4.20510678747378
			9.08556790372551	-4.20883802685929
			9.08929914311102	-4.2125692662448
			9.08929914311102	-4.21630050563032
			9.09303038249653	-4.22003174501583
			9.09303038249653	-4.22376298440135
			9.09676162188205	-4.22749422378686
			9.09676162188205	-4.23122546317237
			9.10049286126756	-4.23495670255789
			9.10422410065308	-4.2386879419434
			9.10422410065308	-4.24241918132891
			9.10795534003859	-4.24615042071443
			9.10795534003859	-4.24988166009994
			9.1116865794241	-4.25361289948545
			9.1116865794241	-4.25734413887097
			9.11541781880962	-4.26107537825648
			9.11914905819513	-4.26480661764199
			9.11914905819513	-4.26853785702751
			9.12288029758064	-4.27226909641302
			9.12288029758064	-4.27600033579853
			9.12661153696616	-4.27600033579853
			9.12661153696616	-4.27973157518405
			9.13034277635167	-4.28346281456956
			9.13407401573718	-4.28719405395508
			9.13407401573718	-4.29092529334059
			9.1378052551227	-4.2946565327261
			9.1378052551227	-4.29838777211162
			9.14153649450821	-4.30211901149713
			9.14153649450821	-4.30585025088264
			9.14526773389372	-4.30958149026816
			9.14526773389372	-4.31331272965367
			9.14899897327924	-4.31704396903918
			9.15273021266475	-4.3207752084247
			9.15273021266475	-4.32450644781021
			9.15646145205027	-4.32823768719572
			9.15646145205027	-4.33196892658124
			9.16019269143578	-4.33570016596675
			9.16019269143578	-4.33943140535226
			9.16392393082129	-4.34316264473778
			9.1676551702068	-4.34689388412329
			9.1676551702068	-4.35062512350881
			9.17138640959232	-4.35435636289432
			9.17138640959232	-4.35808760227983
			9.17511764897783	-4.36181884166535
			9.17511764897783	-4.36555008105086
			9.17884888836335	-4.36928132043637
			9.17884888836335	-4.37301255982189
			9.18258012774886	-4.3767437992074
			9.18631136713437	-4.38047503859291
			9.18631136713437	-4.38420627797843
			9.19004260651989	-4.38793751736394
			9.19004260651989	-4.39166875674945
			9.1937738459054	-4.39539999613497
			9.1937738459054	-4.39913123552048
			9.19750508529091	-4.402862474906
			9.19750508529091	-4.40659371429151
			9.20123632467643	-4.41032495367702
			9.20123632467643	-4.41405619306254
			9.20496756406194	-4.41778743244805
			9.20869880344745	-4.42151867183356
			9.20869880344745	-4.42524991121908
			9.21243004283297	-4.42898115060459
			9.21243004283297	-4.4327123899901
			9.21616128221848	-4.43644362937562
			9.21616128221848	-4.44017486876113
			9.219892521604	-4.44390610814664
			9.219892521604	-4.44763734753216
			9.22362376098951	-4.45136858691767
			9.22362376098951	-4.45509982630319
			9.22735500037502	-4.4588310656887
		</anterior>
		<posterior type=matrix rownames=FALSE colnames=FALSE nrow=963 ncol=2 as.numeric=TRUE >
			5.71998997799228	-4.4588310656887
			5.72372121737779	-4.4588310656887
			5.72745245676331	-4.4588310656887
			5.73118369614882	-4.4588310656887
			5.73491493553433	-4.46256230507421
			5.73864617491985	-4.46256230507421
			5.74237741430536	-4.46256230507421
			5.74610865369088	-4.46256230507421
			5.74983989307639	-4.46256230507421
			5.7535711324619	-4.46256230507421
			5.75730237184742	-4.46256230507421
			5.76103361123293	-4.46629354445973
			5.76476485061844	-4.46629354445973
			5.76849609000396	-4.46629354445973
			5.77222732938947	-4.46629354445973
			5.77595856877498	-4.46629354445973
			5.7796898081605	-4.46629354445973
			5.78342104754601	-4.46629354445973
			5.78715228693152	-4.46629354445973
			5.79088352631704	-4.47002478384524
			5.79461476570255	-4.47002478384524
			5.79834600508807	-4.47002478384524
			5.80207724447358	-4.47002478384524
			5.80580848385909	-4.47002478384524
			5.80953972324461	-4.47002478384524
			5.81327096263012	-4.47002478384524
			5.81700220201563	-4.47002478384524
			5.82073344140115	-4.47002478384524
			5.82446468078666	-4.47002478384524
			5.82819592017217	-4.47002478384524
			5.83192715955769	-4.47002478384524
			5.8356583989432	-4.47375602323075
			5.83938963832871	-4.47375602323075
			5.84312087771423	-4.47375602323075
			5.84685211709974	-4.47375602323075
			5.85058335648525	-4.47375602323075
			5.85431459587077	-4.47375602323075
			5.85804583525628	-4.47375602323075
			5.8617770746418	-4.47375602323075
			5.86550831402731	-4.47375602323075
			5.86923955341282	-4.47375602323075
			5.87297079279834	-4.47375602323075
			5.87670203218385	-4.47375602323075
			5.88043327156936	-4.47375602323075
			5.88416451095488	-4.47375602323075
			5.88789575034039	-4.47375602323075
			5.8916269897259	-4.47375602323075
			5.89535822911142	-4.47375602323075
			5.89908946849693	-4.47375602323075
			5.90282070788244	-4.47375602323075
			5.90655194726796	-4.47375602323075
			5.91028318665347	-4.47375602323075
			5.91401442603899	-4.47375602323075
			5.9177456654245	-4.47375602323075
			5.92147690481001	-4.47375602323075
			5.92520814419553	-4.47375602323075
			5.92893938358104	-4.47375602323075
			5.93267062296655	-4.47375602323075
			5.93640186235207	-4.47375602323075
			5.94013310173758	-4.47375602323075
			5.94386434112309	-4.47375602323075
			5.94759558050861	-4.47375602323075
			5.95132681989412	-4.47375602323075
			5.95505805927963	-4.47375602323075
			5.95878929866515	-4.47375602323075
			5.96252053805066	-4.47375602323075
			5.96625177743617	-4.47375602323075
			5.96998301682169	-4.47375602323075
			5.9737142562072	-4.47375602323075
			5.97744549559272	-4.47375602323075
			5.98117673497823	-4.47375602323075
			5.98490797436374	-4.47375602323075
			5.98863921374926	-4.47375602323075
			5.99237045313477	-4.47375602323075
			5.99610169252028	-4.47375602323075
			5.9998329319058	-4.47375602323075
			6.00356417129131	-4.47375602323075
			6.00729541067682	-4.47375602323075
			6.01102665006234	-4.47375602323075
			6.01475788944785	-4.47375602323075
			6.01848912883337	-4.47375602323075
			6.01848912883337	-4.47002478384524
			6.02222036821888	-4.47002478384524
			6.02595160760439	-4.47002478384524
			6.02968284698991	-4.47002478384524
			6.03341408637542	-4.47002478384524
			6.03714532576093	-4.47002478384524
			6.04087656514645	-4.47002478384524
			6.04460780453196	-4.47002478384524
			6.04833904391747	-4.47002478384524
			6.05207028330299	-4.47002478384524
			6.0558015226885	-4.47002478384524
			6.05953276207401	-4.47002478384524
			6.06326400145953	-4.47002478384524
			6.06699524084504	-4.46629354445973
			6.07072648023055	-4.46629354445973
			6.07445771961607	-4.46629354445973
			6.07818895900158	-4.46629354445973
			6.0819201983871	-4.46629354445973
			6.08565143777261	-4.46629354445973
			6.08938267715812	-4.46629354445973
			6.09311391654364	-4.46629354445973
			6.09684515592915	-4.46629354445973
			6.10057639531466	-4.46629354445973
			6.10430763470018	-4.46256230507421
			6.10803887408569	-4.46256230507421
			6.1117701134712	-4.46256230507421
			6.11550135285672	-4.46256230507421
			6.11923259224223	-4.46256230507421
			6.12296383162774	-4.46256230507421
			6.12669507101326	-4.46256230507421
			6.13042631039877	-4.46256230507421
			6.13415754978428	-4.4588310656887
			6.1378887891698	-4.4588310656887
			6.14162002855531	-4.4588310656887
			6.14535126794083	-4.4588310656887
			6.14908250732634	-4.4588310656887
			6.15281374671185	-4.4588310656887
			6.15654498609737	-4.4588310656887
			6.16027622548288	-4.45509982630319
			6.16400746486839	-4.45509982630319
			6.16773870425391	-4.45509982630319
			6.17146994363942	-4.45509982630319
			6.17520118302493	-4.45509982630319
			6.17893242241045	-4.45509982630319
			6.18266366179596	-4.45509982630319
			6.18639490118148	-4.45136858691767
			6.19012614056699	-4.45136858691767
			6.1938573799525	-4.45136858691767
			6.19758861933802	-4.45136858691767
			6.20131985872353	-4.45136858691767
			6.20505109810904	-4.45136858691767
			6.20878233749456	-4.44763734753216
			6.21251357688007	-4.44763734753216
			6.21624481626558	-4.44763734753216
			6.2199760556511	-4.44763734753216
			6.22370729503661	-4.44763734753216
			6.22743853442212	-4.44390610814664
			6.23116977380764	-4.44390610814664
			6.23490101319315	-4.44390610814664
			6.23863225257866	-4.44390610814664
			6.24236349196418	-4.44390610814664
			6.24609473134969	-4.44017486876113
			6.24982597073521	-4.44017486876113
			6.25355721012072	-4.44017486876113
			6.25728844950623	-4.44017486876113
			6.26101968889175	-4.44017486876113
			6.26475092827726	-4.43644362937562
			6.26848216766277	-4.43644362937562
			6.27221340704829	-4.43644362937562
			6.2759446464338	-4.43644362937562
			6.27967588581931	-4.4327123899901
			6.28340712520483	-4.4327123899901
			6.28713836459034	-4.4327123899901
			6.29086960397585	-4.42898115060459
			6.29460084336137	-4.42898115060459
			6.29833208274688	-4.42898115060459
			6.30206332213239	-4.42898115060459
			6.30579456151791	-4.42524991121908
			6.30952580090342	-4.42524991121908
			6.31325704028894	-4.42524991121908
			6.31698827967445	-4.42524991121908
			6.32071951905996	-4.42151867183356
			6.32445075844548	-4.42151867183356
			6.32818199783099	-4.42151867183356
			6.3319132372165	-4.42151867183356
			6.33564447660202	-4.41778743244805
			6.33937571598753	-4.41778743244805
			6.34310695537304	-4.41778743244805
			6.34683819475856	-4.41778743244805
			6.35056943414407	-4.41405619306254
			6.35430067352959	-4.41405619306254
			6.3580319129151	-4.41405619306254
			6.36176315230061	-4.41405619306254
			6.36549439168613	-4.41405619306254
			6.36922563107164	-4.41405619306254
			6.37295687045715	-4.41032495367702
			6.37668810984267	-4.41032495367702
			6.38041934922818	-4.41032495367702
			6.38415058861369	-4.41032495367702
			6.38788182799921	-4.41032495367702
			6.39161306738472	-4.41032495367702
			6.39534430677023	-4.40659371429151
			6.39907554615575	-4.40659371429151
			6.40280678554126	-4.40659371429151
			6.40653802492677	-4.40659371429151
			6.41026926431229	-4.40659371429151
			6.4140005036978	-4.40659371429151
			6.41773174308332	-4.40659371429151
			6.42146298246883	-4.40659371429151
			6.42146298246883	-4.402862474906
			6.42519422185434	-4.402862474906
			6.42892546123986	-4.402862474906
			6.43265670062537	-4.402862474906
			6.43638794001088	-4.402862474906
			6.4401191793964	-4.402862474906
			6.44385041878191	-4.402862474906
			6.44758165816742	-4.402862474906
			6.45131289755294	-4.39913123552048
			6.45504413693845	-4.39913123552048
			6.45877537632396	-4.39913123552048
			6.46250661570948	-4.39913123552048
			6.46623785509499	-4.39913123552048
			6.46996909448051	-4.39913123552048
			6.47370033386602	-4.39913123552048
			6.47743157325153	-4.39913123552048
			6.48116281263705	-4.39913123552048
			6.48489405202256	-4.39913123552048
			6.48862529140807	-4.39539999613497
			6.49235653079359	-4.39539999613497
			6.4960877701791	-4.39539999613497
			6.49981900956461	-4.39539999613497
			6.50355024895013	-4.39539999613497
			6.50728148833564	-4.39539999613497
			6.51101272772115	-4.39539999613497
			6.51474396710667	-4.39539999613497
			6.51847520649218	-4.39539999613497
			6.52220644587769	-4.39539999613497
			6.52593768526321	-4.39539999613497
			6.52966892464872	-4.39539999613497
			6.53340016403424	-4.39539999613497
			6.53713140341975	-4.39166875674945
			6.54086264280526	-4.39166875674945
			6.54459388219078	-4.39166875674945
			6.54832512157629	-4.39166875674945
			6.5520563609618	-4.39166875674945
			6.55578760034732	-4.39166875674945
			6.55951883973283	-4.39166875674945
			6.56325007911834	-4.39166875674945
			6.56698131850386	-4.39166875674945
			6.57071255788937	-4.39166875674945
			6.57444379727488	-4.39166875674945
			6.5781750366604	-4.39166875674945
			6.58190627604591	-4.39166875674945
			6.58563751543143	-4.39166875674945
			6.58936875481694	-4.39166875674945
			6.59309999420245	-4.39166875674945
			6.59683123358797	-4.39166875674945
			6.60056247297348	-4.39166875674945
			6.60429371235899	-4.38793751736394
			6.60802495174451	-4.38793751736394
			6.61175619113002	-4.38793751736394
			6.61548743051553	-4.38793751736394
			6.61921866990105	-4.38793751736394
			6.62294990928656	-4.38793751736394
			6.62668114867207	-4.38793751736394
			6.63041238805759	-4.38793751736394
			6.6341436274431	-4.38793751736394
			6.63787486682862	-4.38793751736394
			6.64160610621413	-4.38793751736394
			6.64533734559964	-4.38793751736394
			6.64906858498516	-4.38793751736394
			6.65279982437067	-4.38793751736394
			6.65653106375618	-4.38793751736394
			6.6602623031417	-4.38793751736394
			6.66399354252721	-4.38793751736394
			6.66772478191272	-4.38793751736394
			6.67145602129824	-4.38793751736394
			6.67518726068375	-4.38793751736394
			6.67891850006926	-4.38793751736394
			6.68264973945478	-4.38793751736394
			6.68638097884029	-4.38793751736394
			6.6901122182258	-4.38793751736394
			6.69384345761132	-4.38793751736394
			6.69757469699683	-4.38793751736394
			6.70130593638235	-4.38793751736394
			6.70503717576786	-4.38793751736394
			6.70876841515337	-4.38793751736394
			6.71249965453889	-4.38793751736394
			6.7162308939244	-4.38793751736394
			6.71996213330991	-4.38793751736394
			6.72369337269543	-4.38793751736394
			6.72742461208094	-4.38793751736394
			6.73115585146645	-4.38793751736394
			6.73488709085197	-4.38793751736394
			6.73861833023748	-4.38793751736394
			6.74234956962299	-4.38793751736394
			6.74608080900851	-4.38793751736394
			6.74981204839402	-4.38793751736394
			6.75354328777953	-4.38793751736394
			6.75727452716505	-4.38793751736394
			6.76100576655056	-4.38793751736394
			6.76473700593608	-4.38793751736394
			6.76846824532159	-4.38793751736394
			6.7721994847071	-4.38793751736394
			6.77593072409262	-4.38793751736394
			6.77966196347813	-4.38793751736394
			6.78339320286364	-4.38793751736394
			6.78712444224916	-4.38793751736394
			6.79085568163467	-4.38793751736394
			6.79458692102018	-4.38793751736394
			6.7983181604057	-4.38793751736394
			6.80204939979121	-4.38793751736394
			6.80578063917673	-4.38793751736394
			6.80951187856224	-4.38793751736394
			6.81324311794775	-4.38793751736394
			6.81697435733327	-4.38793751736394
			6.82070559671878	-4.38793751736394
			6.82443683610429	-4.38793751736394
			6.82816807548981	-4.38793751736394
			6.83189931487532	-4.38793751736394
			6.83563055426083	-4.38793751736394
			6.83936179364635	-4.38793751736394
			6.84309303303186	-4.38793751736394
			6.84682427241737	-4.38793751736394
			6.85055551180289	-4.38793751736394
			6.8542867511884	-4.38793751736394
			6.85801799057391	-4.38793751736394
			6.86174922995943	-4.38793751736394
			6.86548046934494	-4.38793751736394
			6.86921170873046	-4.38793751736394
			6.87294294811597	-4.38793751736394
			6.87667418750148	-4.38793751736394
			6.880405426887	-4.38793751736394
			6.88413666627251	-4.38793751736394
			6.88786790565802	-4.38793751736394
			6.89159914504354	-4.38793751736394
			6.89533038442905	-4.38793751736394
			6.89906162381456	-4.38793751736394
			6.90279286320008	-4.38793751736394
			6.90652410258559	-4.38793751736394
			6.91025534197111	-4.38793751736394
			6.91398658135662	-4.38793751736394
			6.91771782074213	-4.38793751736394
			6.92144906012765	-4.38793751736394
			6.92518029951316	-4.38793751736394
			6.92891153889867	-4.38793751736394
			6.93264277828419	-4.38793751736394
			6.9363740176697	-4.38793751736394
			6.94010525705521	-4.38793751736394
			6.94383649644073	-4.38793751736394
			6.94756773582624	-4.38793751736394
			6.95129897521175	-4.38793751736394
			6.95503021459727	-4.38793751736394
			6.95876145398278	-4.38793751736394
			6.96249269336829	-4.39166875674945
			6.96622393275381	-4.39166875674945
			6.96995517213932	-4.39166875674945
			6.97368641152484	-4.39166875674945
			6.97741765091035	-4.39166875674945
			6.98114889029586	-4.39166875674945
			6.98488012968138	-4.39166875674945
			6.98861136906689	-4.39166875674945
			6.9923426084524	-4.39166875674945
			6.99607384783792	-4.39166875674945
			6.99980508722343	-4.39166875674945
			7.00353632660894	-4.39166875674945
			7.00726756599446	-4.39166875674945
			7.01099880537997	-4.39166875674945
			7.01473004476548	-4.39166875674945
			7.018461284151	-4.39166875674945
			7.02219252353651	-4.39166875674945
			7.02592376292202	-4.39166875674945
			7.02965500230754	-4.39166875674945
			7.03338624169305	-4.39166875674945
			7.03711748107857	-4.39166875674945
			7.04084872046408	-4.39166875674945
			7.04457995984959	-4.39166875674945
			7.04831119923511	-4.39166875674945
			7.05204243862062	-4.39166875674945
			7.05577367800613	-4.39166875674945
			7.05950491739165	-4.39539999613497
			7.06323615677716	-4.39539999613497
			7.06696739616267	-4.39539999613497
			7.07069863554819	-4.39539999613497
			7.0744298749337	-4.39539999613497
			7.07816111431922	-4.39539999613497
			7.08189235370473	-4.39539999613497
			7.08562359309024	-4.39539999613497
			7.08935483247576	-4.39539999613497
			7.09308607186127	-4.39539999613497
			7.09681731124678	-4.39539999613497
			7.1005485506323	-4.39539999613497
			7.10427979001781	-4.39539999613497
			7.10801102940332	-4.39539999613497
			7.11174226878884	-4.39539999613497
			7.11547350817435	-4.39166875674945
			7.11920474755986	-4.39166875674945
			7.12293598694538	-4.39166875674945
			7.12666722633089	-4.39166875674945
			7.1303984657164	-4.39166875674945
			7.13412970510192	-4.39166875674945
			7.13786094448743	-4.39166875674945
			7.14159218387295	-4.39166875674945
			7.14532342325846	-4.39166875674945
			7.14905466264397	-4.39166875674945
			7.15278590202949	-4.38793751736394
			7.156517141415	-4.38793751736394
			7.16024838080051	-4.38793751736394
			7.16397962018603	-4.38793751736394
			7.16771085957154	-4.38793751736394
			7.17144209895705	-4.38793751736394
			7.17517333834257	-4.38793751736394
			7.17890457772808	-4.38793751736394
			7.18263581711359	-4.38793751736394
			7.18636705649911	-4.38793751736394
			7.19009829588462	-4.38420627797843
			7.19382953527013	-4.38420627797843
			7.19756077465565	-4.38420627797843
			7.20129201404116	-4.38420627797843
			7.20502325342668	-4.38420627797843
			7.20875449281219	-4.38420627797843
			7.2124857321977	-4.38420627797843
			7.21621697158322	-4.38420627797843
			7.21994821096873	-4.38420627797843
			7.22367945035424	-4.38047503859291
			7.22741068973976	-4.38047503859291
			7.23114192912527	-4.38047503859291
			7.23487316851078	-4.38047503859291
			7.2386044078963	-4.38047503859291
			7.24233564728181	-4.38047503859291
			7.24606688666732	-4.38047503859291
			7.24979812605284	-4.38047503859291
			7.25352936543835	-4.38047503859291
			7.25726060482387	-4.38047503859291
			7.26099184420938	-4.3767437992074
			7.26472308359489	-4.3767437992074
			7.26845432298041	-4.3767437992074
			7.27218556236592	-4.3767437992074
			7.27591680175143	-4.3767437992074
			7.27964804113695	-4.3767437992074
			7.28337928052246	-4.3767437992074
			7.28711051990797	-4.3767437992074
			7.29084175929349	-4.3767437992074
			7.294572998679	-4.37301255982189
			7.29830423806451	-4.37301255982189
			7.30203547745003	-4.37301255982189
			7.30576671683554	-4.37301255982189
			7.30949795622105	-4.37301255982189
			7.31322919560657	-4.37301255982189
			7.31696043499208	-4.37301255982189
			7.3206916743776	-4.37301255982189
			7.32442291376311	-4.37301255982189
			7.32815415314862	-4.37301255982189
			7.33188539253414	-4.36928132043637
			7.33561663191965	-4.36928132043637
			7.33934787130516	-4.36928132043637
			7.34307911069068	-4.36928132043637
			7.34681035007619	-4.36928132043637
			7.3505415894617	-4.36928132043637
			7.35427282884722	-4.36928132043637
			7.35800406823273	-4.36928132043637
			7.36173530761825	-4.36928132043637
			7.36546654700376	-4.36928132043637
			7.36919778638927	-4.36555008105086
			7.37292902577479	-4.36555008105086
			7.3766602651603	-4.36555008105086
			7.38039150454581	-4.36555008105086
			7.38412274393133	-4.36555008105086
			7.38785398331684	-4.36555008105086
			7.39158522270235	-4.36555008105086
			7.39531646208787	-4.36555008105086
			7.39904770147338	-4.36555008105086
			7.40277894085889	-4.36181884166535
			7.40651018024441	-4.36181884166535
			7.41024141962992	-4.36181884166535
			7.41397265901543	-4.36181884166535
			7.41770389840095	-4.36181884166535
			7.42143513778646	-4.36181884166535
			7.42516637717198	-4.36181884166535
			7.42889761655749	-4.36181884166535
			7.432628855943	-4.36181884166535
			7.43636009532852	-4.36181884166535
			7.44009133471403	-4.35808760227983
			7.44382257409954	-4.35808760227983
			7.44755381348506	-4.35808760227983
			7.45128505287057	-4.35808760227983
			7.45501629225608	-4.35808760227983
			7.4587475316416	-4.35808760227983
			7.46247877102711	-4.35808760227983
			7.46621001041262	-4.35808760227983
			7.46994124979814	-4.35808760227983
			7.47367248918365	-4.35808760227983
			7.47740372856916	-4.35435636289432
			7.48113496795468	-4.35435636289432
			7.48486620734019	-4.35435636289432
			7.48859744672571	-4.35435636289432
			7.49232868611122	-4.35435636289432
			7.49605992549673	-4.35435636289432
			7.49979116488225	-4.35435636289432
			7.50352240426776	-4.35435636289432
			7.50725364365327	-4.35435636289432
			7.51098488303879	-4.35435636289432
			7.5147161224243	-4.35062512350881
			7.51844736180981	-4.35062512350881
			7.52217860119533	-4.35062512350881
			7.52590984058084	-4.35062512350881
			7.52964107996636	-4.35062512350881
			7.53337231935187	-4.35062512350881
			7.53710355873738	-4.35062512350881
			7.5408347981229	-4.35062512350881
			7.54456603750841	-4.35062512350881
			7.54829727689392	-4.35062512350881
			7.55202851627944	-4.34689388412329
			7.55575975566495	-4.34689388412329
			7.55949099505046	-4.34689388412329
			7.56322223443598	-4.34689388412329
			7.56695347382149	-4.34689388412329
			7.570684713207	-4.34689388412329
			7.57441595259252	-4.34689388412329
			7.57814719197803	-4.34689388412329
			7.58187843136354	-4.34689388412329
			7.58560967074906	-4.34689388412329
			7.58934091013457	-4.34316264473778
			7.59307214952009	-4.34316264473778
			7.5968033889056	-4.34316264473778
			7.60053462829111	-4.34316264473778
			7.60426586767663	-4.34316264473778
			7.60799710706214	-4.34316264473778
			7.61172834644765	-4.34316264473778
			7.61545958583317	-4.34316264473778
			7.61919082521868	-4.34316264473778
			7.62292206460419	-4.34316264473778
			7.62665330398971	-4.33943140535226
			7.63038454337522	-4.33943140535226
			7.63411578276073	-4.33943140535226
			7.63784702214625	-4.33943140535226
			7.64157826153176	-4.33943140535226
			7.64530950091727	-4.33943140535226
			7.64904074030279	-4.33943140535226
			7.6527719796883	-4.33943140535226
			7.65650321907382	-4.33943140535226
			7.66023445845933	-4.33943140535226
			7.66396569784484	-4.33570016596675
			7.66769693723036	-4.33570016596675
			7.67142817661587	-4.33570016596675
			7.67515941600138	-4.33570016596675
			7.6788906553869	-4.33570016596675
			7.68262189477241	-4.33570016596675
			7.68635313415792	-4.33570016596675
			7.69008437354344	-4.33570016596675
			7.69381561292895	-4.33570016596675
			7.69754685231447	-4.33570016596675
			7.70127809169998	-4.33196892658124
			7.70500933108549	-4.33196892658124
			7.70874057047101	-4.33196892658124
			7.71247180985652	-4.33196892658124
			7.71620304924203	-4.33196892658124
			7.71993428862755	-4.33196892658124
			7.72366552801306	-4.33196892658124
			7.72739676739857	-4.33196892658124
			7.73112800678409	-4.33196892658124
			7.7348592461696	-4.33196892658124
			7.73859048555511	-4.32823768719572
			7.74232172494063	-4.32823768719572
			7.74605296432614	-4.32823768719572
			7.74978420371165	-4.32823768719572
			7.75351544309717	-4.32823768719572
			7.75724668248268	-4.32823768719572
			7.7609779218682	-4.32823768719572
			7.76470916125371	-4.32823768719572
			7.76844040063922	-4.32823768719572
			7.77217164002474	-4.32823768719572
			7.77590287941025	-4.32823768719572
			7.77963411879576	-4.32450644781021
			7.78336535818128	-4.32450644781021
			7.78709659756679	-4.32450644781021
			7.7908278369523	-4.32450644781021
			7.79455907633782	-4.32450644781021
			7.79829031572333	-4.32450644781021
			7.80202155510884	-4.32450644781021
			7.80575279449436	-4.32450644781021
			7.80948403387987	-4.32450644781021
			7.81321527326539	-4.32450644781021
			7.8169465126509	-4.3207752084247
			7.82067775203641	-4.3207752084247
			7.82440899142193	-4.3207752084247
			7.82814023080744	-4.3207752084247
			7.83187147019295	-4.3207752084247
			7.83560270957847	-4.3207752084247
			7.83933394896398	-4.3207752084247
			7.84306518834949	-4.3207752084247
			7.84679642773501	-4.3207752084247
			7.85052766712052	-4.3207752084247
			7.85425890650603	-4.31704396903918
			7.85799014589155	-4.31704396903918
			7.86172138527706	-4.31704396903918
			7.86545262466258	-4.31704396903918
			7.86918386404809	-4.31704396903918
			7.8729151034336	-4.31704396903918
			7.87664634281912	-4.31704396903918
			7.88037758220463	-4.31704396903918
			7.88410882159014	-4.31704396903918
			7.88784006097566	-4.31704396903918
			7.89157130036117	-4.31704396903918
			7.89530253974668	-4.31331272965367
			7.8990337791322	-4.31331272965367
			7.90276501851771	-4.31331272965367
			7.90649625790322	-4.31331272965367
			7.91022749728874	-4.31331272965367
			7.91395873667425	-4.31331272965367
			7.91768997605976	-4.31331272965367
			7.92142121544528	-4.31331272965367
			7.92515245483079	-4.31331272965367
			7.92888369421631	-4.31331272965367
			7.93261493360182	-4.30958149026816
			7.93634617298733	-4.30958149026816
			7.94007741237285	-4.30958149026816
			7.94380865175836	-4.30958149026816
			7.94753989114387	-4.30958149026816
			7.95127113052939	-4.30958149026816
			7.9550023699149	-4.30958149026816
			7.95873360930041	-4.30958149026816
			7.96246484868593	-4.30958149026816
			7.96619608807144	-4.30958149026816
			7.96992732745695	-4.30585025088264
			7.97365856684247	-4.30585025088264
			7.97738980622798	-4.30585025088264
			7.9811210456135	-4.30585025088264
			7.98485228499901	-4.30585025088264
			7.98858352438452	-4.30585025088264
			7.99231476377004	-4.30585025088264
			7.99604600315555	-4.30585025088264
			7.99977724254106	-4.30585025088264
			8.00350848192658	-4.30585025088264
			8.00723972131209	-4.30211901149713
			8.0109709606976	-4.30211901149713
			8.01470220008312	-4.30211901149713
			8.01843343946863	-4.30211901149713
			8.02216467885414	-4.30211901149713
			8.02589591823966	-4.30211901149713
			8.02962715762517	-4.30211901149713
			8.03335839701069	-4.30211901149713
			8.0370896363962	-4.30211901149713
			8.04082087578171	-4.30211901149713
			8.04455211516723	-4.30211901149713
			8.04828335455274	-4.29838777211162
			8.05201459393825	-4.29838777211162
			8.05574583332377	-4.29838777211162
			8.05947707270928	-4.29838777211162
			8.06320831209479	-4.29838777211162
			8.06693955148031	-4.29838777211162
			8.07067079086582	-4.29838777211162
			8.07440203025133	-4.29838777211162
			8.07813326963685	-4.29838777211162
			8.08186450902236	-4.29838777211162
			8.08559574840787	-4.29838777211162
			8.08932698779339	-4.2946565327261
			8.0930582271789	-4.2946565327261
			8.09678946656441	-4.2946565327261
			8.10052070594993	-4.2946565327261
			8.10425194533544	-4.2946565327261
			8.10798318472096	-4.2946565327261
			8.11171442410647	-4.2946565327261
			8.11544566349198	-4.2946565327261
			8.1191769028775	-4.2946565327261
			8.12290814226301	-4.2946565327261
			8.12663938164852	-4.29092529334059
			8.13037062103404	-4.29092529334059
			8.13410186041955	-4.29092529334059
			8.13783309980506	-4.29092529334059
			8.14156433919058	-4.29092529334059
			8.14529557857609	-4.29092529334059
			8.14902681796161	-4.29092529334059
			8.15275805734712	-4.28719405395508
			8.15648929673263	-4.28719405395508
			8.16022053611815	-4.28719405395508
			8.16395177550366	-4.28346281456956
			8.16768301488917	-4.28346281456956
			8.17141425427469	-4.28346281456956
			8.1751454936602	-4.28346281456956
			8.1751454936602	-4.27973157518405
			8.17887673304571	-4.27973157518405
			8.18260797243123	-4.27973157518405
			8.18633921181674	-4.27973157518405
			8.19007045120225	-4.27600033579853
			8.19380169058777	-4.27600033579853
			8.19753292997328	-4.27600033579853
			8.2012641693588	-4.27600033579853
			8.20499540874431	-4.27226909641302
			8.20872664812982	-4.27226909641302
			8.21245788751533	-4.26853785702751
			8.21618912690085	-4.26853785702751
			8.21992036628636	-4.26853785702751
			8.22365160567188	-4.26853785702751
			8.22738284505739	-4.26480661764199
			8.2311140844429	-4.26480661764199
			8.23484532382842	-4.26480661764199
			8.23857656321393	-4.26107537825648
			8.24230780259944	-4.26107537825648
			8.24603904198496	-4.26107537825648
			8.24977028137047	-4.26107537825648
			8.25350152075598	-4.26107537825648
			8.25350152075598	-4.25734413887097
			8.2572327601415	-4.25734413887097
			8.26096399952701	-4.25734413887097
			8.26469523891252	-4.25734413887097
			8.26842647829804	-4.25361289948545
			8.27215771768355	-4.25361289948545
			8.27588895706907	-4.25361289948545
			8.27962019645458	-4.25361289948545
			8.28335143584009	-4.24988166009994
			8.28708267522561	-4.24988166009994
			8.29081391461112	-4.24988166009994
			8.29454515399663	-4.24615042071443
			8.29827639338215	-4.24615042071443
			8.30200763276766	-4.24615042071443
			8.30573887215317	-4.24615042071443
			8.30947011153869	-4.24615042071443
			8.30947011153869	-4.24241918132891
			8.3132013509242	-4.24241918132891
			8.31693259030972	-4.24241918132891
			8.32066382969523	-4.24241918132891
			8.32439506908074	-4.24241918132891
			8.32812630846626	-4.2386879419434
			8.33185754785177	-4.2386879419434
			8.33558878723728	-4.2386879419434
			8.3393200266228	-4.2386879419434
			8.34305126600831	-4.23495670255789
			8.34678250539382	-4.23495670255789
			8.35051374477934	-4.23495670255789
			8.35424498416485	-4.23495670255789
			8.35797622355036	-4.23495670255789
			8.35797622355036	-4.23122546317237
			8.36170746293588	-4.23122546317237
			8.36543870232139	-4.23122546317237
			8.36916994170691	-4.23122546317237
			8.37290118109242	-4.23122546317237
			8.37663242047793	-4.22749422378686
			8.38036365986344	-4.22749422378686
			8.38409489924896	-4.22749422378686
			8.38782613863447	-4.22749422378686
			8.39155737801999	-4.22376298440135
			8.3952886174055	-4.22376298440135
			8.39901985679101	-4.22376298440135
			8.40275109617653	-4.22376298440135
			8.40648233556204	-4.22376298440135
			8.41021357494755	-4.22003174501583
			8.41394481433307	-4.22003174501583
			8.41767605371858	-4.22003174501583
			8.42140729310409	-4.22003174501583
			8.42513853248961	-4.22003174501583
			8.42886977187512	-4.21630050563032
			8.43260101126064	-4.21630050563032
			8.43633225064615	-4.21630050563032
			8.44006349003166	-4.21630050563032
			8.44379472941718	-4.21630050563032
			8.44752596880269	-4.21630050563032
			8.44752596880269	-4.2125692662448
			8.4512572081882	-4.2125692662448
			8.45498844757372	-4.2125692662448
			8.45871968695923	-4.2125692662448
			8.46245092634474	-4.2125692662448
			8.46618216573026	-4.2125692662448
			8.46991340511577	-4.20883802685929
			8.47364464450128	-4.20883802685929
			8.4773758838868	-4.20883802685929
			8.48110712327231	-4.20883802685929
			8.48483836265783	-4.20883802685929
			8.48856960204334	-4.20883802685929
			8.49230084142885	-4.20510678747378
			8.49603208081437	-4.20510678747378
			8.49976332019988	-4.20510678747378
			8.50349455958539	-4.20510678747378
			8.50722579897091	-4.20510678747378
			8.51095703835642	-4.20510678747378
			8.51468827774193	-4.20137554808826
			8.51841951712745	-4.20137554808826
			8.52215075651296	-4.20137554808826
			8.52588199589847	-4.20137554808826
			8.52961323528399	-4.20137554808826
			8.5333444746695	-4.20137554808826
			8.53707571405502	-4.20137554808826
			8.54080695344053	-4.20137554808826
			8.54453819282604	-4.19764430870275
			8.54826943221155	-4.19764430870275
			8.55200067159707	-4.19764430870275
			8.55573191098258	-4.19764430870275
			8.5594631503681	-4.19764430870275
			8.56319438975361	-4.19764430870275
			8.56692562913912	-4.19764430870275
			8.57065686852464	-4.19764430870275
			8.57438810791015	-4.19764430870275
			8.57811934729566	-4.19391306931724
			8.58185058668118	-4.19391306931724
			8.58558182606669	-4.19391306931724
			8.5893130654522	-4.19391306931724
			8.59304430483772	-4.19391306931724
			8.59677554422323	-4.19391306931724
			8.60050678360875	-4.19391306931724
			8.60423802299426	-4.19391306931724
			8.60796926237977	-4.19391306931724
			8.61170050176529	-4.19391306931724
			8.6154317411508	-4.19018182993172
			8.61916298053631	-4.19018182993172
			8.62289421992183	-4.19018182993172
			8.62662545930734	-4.19018182993172
			8.63035669869285	-4.19018182993172
			8.63408793807837	-4.19018182993172
			8.63781917746388	-4.19018182993172
			8.64155041684939	-4.19018182993172
			8.64528165623491	-4.19018182993172
			8.64901289562042	-4.19018182993172
			8.65274413500594	-4.19018182993172
			8.65647537439145	-4.19018182993172
			8.66020661377696	-4.19018182993172
			8.66393785316248	-4.19018182993172
			8.66766909254799	-4.19018182993172
			8.6714003319335	-4.19018182993172
			8.67513157131902	-4.19018182993172
			8.67886281070453	-4.19018182993172
			8.68259405009004	-4.19018182993172
			8.68632528947556	-4.19018182993172
			8.69005652886107	-4.19018182993172
			8.69378776824658	-4.19018182993172
			8.6975190076321	-4.19018182993172
			8.70125024701761	-4.19018182993172
			8.70498148640312	-4.19018182993172
			8.70871272578864	-4.19018182993172
			8.71244396517415	-4.19018182993172
			8.71617520455966	-4.19018182993172
			8.71990644394518	-4.19018182993172
			8.72363768333069	-4.19018182993172
			8.72736892271621	-4.19018182993172
			8.73110016210172	-4.19018182993172
			8.73483140148723	-4.19018182993172
			8.73856264087275	-4.19018182993172
			8.74229388025826	-4.19018182993172
			8.74602511964377	-4.19018182993172
			8.74975635902929	-4.19018182993172
			8.7534875984148	-4.19018182993172
			8.75721883780031	-4.19018182993172
			8.76095007718583	-4.19018182993172
			8.76468131657134	-4.19018182993172
			8.76841255595686	-4.19018182993172
			8.77214379534237	-4.19018182993172
			8.77587503472788	-4.19018182993172
			8.7796062741134	-4.19018182993172
			8.78333751349891	-4.19018182993172
			8.78706875288442	-4.19018182993172
			8.79079999226994	-4.19391306931724
			8.79453123165545	-4.19391306931724
			8.79826247104096	-4.19391306931724
			8.80199371042648	-4.19391306931724
			8.80572494981199	-4.19391306931724
			8.8094561891975	-4.19391306931724
			8.81318742858302	-4.19391306931724
			8.81691866796853	-4.19391306931724
			8.82064990735405	-4.19391306931724
			8.82438114673956	-4.19764430870275
			8.82811238612507	-4.19764430870275
			8.83184362551059	-4.19764430870275
			8.8355748648961	-4.19764430870275
			8.83930610428161	-4.19764430870275
			8.84303734366713	-4.19764430870275
			8.84676858305264	-4.19764430870275
			8.85049982243815	-4.20137554808826
			8.85423106182367	-4.20137554808826
			8.85796230120918	-4.20137554808826
			8.8616935405947	-4.20137554808826
			8.86542477998021	-4.20137554808826
			8.86915601936572	-4.20137554808826
			8.87288725875123	-4.20510678747378
			8.87661849813675	-4.20510678747378
			8.88034973752226	-4.20510678747378
			8.88408097690778	-4.20510678747378
			8.88781221629329	-4.20883802685929
			8.8915434556788	-4.20883802685929
			8.89527469506432	-4.20883802685929
			8.89900593444983	-4.20883802685929
			8.90273717383534	-4.2125692662448
			8.90646841322086	-4.2125692662448
			8.91019965260637	-4.2125692662448
			8.91393089199188	-4.2125692662448
			8.9176621313774	-4.21630050563032
			8.92139337076291	-4.21630050563032
			8.92512461014842	-4.21630050563032
			8.92885584953394	-4.21630050563032
			8.93258708891945	-4.22003174501583
			8.93631832830497	-4.22003174501583
			8.94004956769048	-4.22003174501583
			8.94378080707599	-4.22376298440135
			8.94751204646151	-4.22376298440135
			8.95124328584702	-4.22376298440135
			8.95497452523253	-4.22376298440135
			8.95870576461805	-4.22749422378686
			8.96243700400356	-4.22749422378686
			8.96616824338907	-4.23122546317237
			8.96989948277459	-4.23122546317237
			8.9736307221601	-4.23122546317237
			8.97736196154561	-4.23495670255789
			8.98109320093113	-4.23495670255789
			8.98482444031664	-4.2386879419434
			8.98855567970216	-4.2386879419434
			8.99228691908767	-4.2386879419434
			8.99601815847318	-4.24241918132891
			8.99974939785869	-4.24241918132891
			9.00348063724421	-4.24615042071443
			9.00721187662972	-4.24615042071443
			9.01094311601524	-4.24988166009994
			9.01467435540075	-4.24988166009994
			9.01840559478626	-4.24988166009994
			9.01840559478626	-4.25361289948545
			9.02213683417178	-4.25361289948545
			9.02586807355729	-4.25734413887097
			9.0295993129428	-4.25734413887097
			9.03333055232832	-4.26107537825648
			9.03706179171383	-4.26107537825648
			9.04079303109934	-4.26480661764199
			9.04452427048486	-4.26853785702751
			9.04825550987037	-4.26853785702751
			9.05198674925589	-4.27226909641302
			9.0557179886414	-4.27226909641302
			9.05944922802691	-4.27600033579853
			9.06318046741243	-4.27600033579853
			9.06691170679794	-4.27973157518405
			9.07064294618345	-4.28346281456956
			9.07437418556897	-4.28346281456956
			9.07810542495448	-4.28719405395508
			9.08183666433999	-4.29092529334059
			9.08556790372551	-4.29092529334059
			9.08929914311102	-4.2946565327261
			9.09303038249653	-4.29838777211162
			9.09676162188205	-4.29838777211162
			9.09676162188205	-4.30211901149713
			9.10049286126756	-4.30585025088264
			9.10422410065308	-4.30585025088264
			9.10795534003859	-4.30958149026816
			9.1116865794241	-4.31331272965367
			9.11541781880962	-4.31704396903918
			9.11914905819513	-4.31704396903918
			9.11914905819513	-4.3207752084247
			9.12288029758064	-4.32450644781021
			9.12661153696616	-4.32823768719572
			9.13034277635167	-4.32823768719572
			9.13407401573718	-4.33196892658124
			9.1378052551227	-4.33570016596675
			9.1378052551227	-4.33943140535226
			9.14153649450821	-4.33943140535226
			9.14526773389372	-4.34316264473778
			9.14899897327924	-4.34689388412329
			9.15273021266475	-4.35062512350881
			9.15273021266475	-4.35435636289432
			9.15646145205027	-4.35808760227983
			9.16019269143578	-4.35808760227983
			9.16392393082129	-4.36181884166535
			9.16392393082129	-4.36555008105086
			9.1676551702068	-4.36928132043637
			9.17138640959232	-4.37301255982189
			9.17138640959232	-4.3767437992074
			9.17511764897783	-4.38047503859291
			9.17884888836335	-4.38047503859291
			9.18258012774886	-4.38420627797843
			9.18258012774886	-4.38793751736394
			9.18631136713437	-4.39166875674945
			9.19004260651989	-4.39539999613497
			9.19004260651989	-4.39913123552048
			9.1937738459054	-4.402862474906
			9.19750508529091	-4.40659371429151
			9.19750508529091	-4.41032495367702
			9.20123632467643	-4.41405619306254
			9.20496756406194	-4.41778743244805
			9.20496756406194	-4.42151867183356
			9.20869880344745	-4.42524991121908
			9.20869880344745	-4.42898115060459
			9.21243004283297	-4.4327123899901
			9.21616128221848	-4.43644362937562
			9.21616128221848	-4.44017486876113
			9.219892521604	-4.44390610814664
			9.219892521604	-4.44763734753216
			9.22362376098951	-4.45136858691767
			9.22735500037502	-4.45509982630319
			9.22735500037502	-4.4588310656887
		</posterior>
	</curves.scaled>
	<ruler.points type=matrix rownames=TRUE colnames=FALSE nrow=2 ncol=2 as.numeric=TRUE >
		Ruler point 1	137	139
		Ruler point 2	405	137
	</ruler.points>
</shapes>

