<shapes type=list>
	<ruler.pixel type=vector names=FALSE length=1 as.numeric=TRUE >198</ruler.pixel>
	<ruler.interval type=vector names=FALSE length=1 as.numeric=TRUE >1</ruler.interval>
	<scaling.units type=vector names=FALSE length=1 as.numeric=FALSE >mm</scaling.units>
	<scaling type=vector names=FALSE length=1 as.numeric=TRUE >0.00505050505050505</scaling>
	<landmarks.pixel type=matrix rownames=TRUE colnames=FALSE nrow=15 ncol=2 as.numeric=TRUE >
		LM1	986	78
		LM2	986	78
		LM3	976	463
		LM4	972	494
		LM5	1193	253
		LM6	1114	471
		LM7	1118	488
		LM8	1214	164
		LM9	1229	234
		LM10	986	78
		LM12	1329	217
		LM13	986	78
		LM14	1276	180
		LM15	1828	494
		LM16	1857	578
	</landmarks.pixel>
	<landmarks.scaled type=matrix rownames=TRUE colnames=FALSE nrow=15 ncol=2 as.numeric=TRUE >
		LM1	4.97979797979798	-0.393939393939394
		LM2	4.97979797979798	-0.393939393939394
		LM3	4.92929292929293	-2.33838383838384
		LM4	4.90909090909091	-2.4949494949495
		LM5	6.02525252525253	-1.27777777777778
		LM6	5.62626262626263	-2.37878787878788
		LM7	5.64646464646465	-2.46464646464646
		LM8	6.13131313131313	-0.828282828282828
		LM9	6.20707070707071	-1.18181818181818
		LM10	4.97979797979798	-0.393939393939394
		LM12	6.71212121212121	-1.0959595959596
		LM13	4.97979797979798	-0.393939393939394
		LM14	6.44444444444444	-0.909090909090909
		LM15	9.23232323232323	-2.4949494949495
		LM16	9.37878787878788	-2.91919191919192
	</landmarks.scaled>
	<curves.control type=list>
		<glabella type=matrix rownames=FALSE colnames=FALSE nrow=13 ncol=2 as.numeric=TRUE >
			986	78
			1058	78
			1110	118
			1160	167
			1184	199
			1188	218
			1195	243
			1180	328
			1142	373
			1124	415
			1114	439
			1115	453
			1118	488
		</glabella>
		<suture type=matrix rownames=FALSE colnames=FALSE nrow=11 ncol=2 as.numeric=TRUE >
			986	78
			1058	78
			1110	118
			1160	167
			1191	169
			1229	162
			1244	158
			1282	176
			1264	222
			1282	221
			1329	217
		</suture>
		<anterior type=matrix rownames=FALSE colnames=FALSE nrow=15 ncol=2 as.numeric=TRUE >
			986	78
			1058	78
			1110	118
			1160	167
			1197	164
			1224	154
			1251	153
			1271	159
			1282	190
			1284	200
			1308	206
			1372	220
			1485	240
			1737	356
			1828	494
		</anterior>
		<posterior type=matrix rownames=FALSE colnames=FALSE nrow=19 ncol=2 as.numeric=TRUE >
			972	494
			1023	493
			1057	503
			1085	500
			1104	490
			1150	495
			1162	487
			1159	410
			1201	374
			1235	339
			1309	335
			1392	327
			1527	370
			1632	418
			1721	474
			1776	521
			1814	570
			1917	608
			1828	494
		</posterior>
	</curves.control>
	<curves.pixel type=list>
		<glabella type=matrix rownames=FALSE colnames=FALSE nrow=520 ncol=2 as.numeric=TRUE >
			986	78
			987	78
			988	78
			989	78
			990	78
			991	78
			992	78
			993	78
			994	78
			995	78
			996	78
			997	78
			998	78
			999	78
			1000	78
			1001	78
			1002	78
			1002	79
			1003	79
			1004	79
			1005	79
			1006	79
			1007	79
			1008	79
			1009	79
			1010	79
			1011	79
			1012	79
			1013	79
			1014	80
			1015	80
			1016	80
			1017	80
			1018	80
			1019	80
			1020	80
			1021	81
			1022	81
			1023	81
			1024	81
			1025	81
			1026	81
			1027	82
			1028	82
			1029	82
			1030	82
			1031	82
			1032	82
			1033	83
			1034	83
			1035	83
			1036	83
			1037	84
			1038	84
			1039	84
			1040	84
			1041	85
			1042	85
			1043	85
			1044	85
			1045	86
			1046	86
			1047	86
			1048	86
			1049	87
			1050	87
			1051	87
			1052	88
			1053	88
			1054	88
			1055	89
			1056	89
			1057	89
			1058	90
			1059	90
			1060	90
			1061	91
			1062	91
			1063	92
			1064	92
			1065	92
			1066	93
			1067	93
			1068	93
			1069	94
			1070	95
			1071	95
			1072	95
			1073	96
			1074	96
			1075	97
			1076	97
			1077	98
			1078	98
			1079	99
			1080	99
			1081	100
			1082	100
			1083	100
			1084	101
			1085	102
			1086	102
			1087	103
			1088	104
			1089	104
			1090	104
			1090	105
			1091	105
			1092	105
			1092	106
			1093	106
			1094	107
			1095	107
			1096	108
			1097	109
			1098	110
			1099	110
			1100	111
			1101	111
			1101	112
			1102	112
			1103	113
			1104	113
			1104	114
			1105	114
			1106	115
			1107	116
			1108	116
			1109	117
			1110	118
			1111	119
			1112	120
			1113	121
			1114	122
			1115	123
			1116	124
			1117	125
			1118	126
			1119	127
			1120	128
			1121	129
			1122	130
			1123	130
			1123	131
			1124	132
			1125	133
			1126	134
			1127	135
			1128	136
			1129	137
			1130	138
			1131	139
			1132	140
			1133	141
			1134	142
			1135	143
			1136	144
			1137	145
			1138	146
			1139	147
			1139	148
			1140	148
			1141	149
			1141	150
			1142	150
			1142	151
			1143	151
			1143	152
			1144	153
			1145	153
			1145	154
			1146	154
			1146	155
			1147	156
			1148	157
			1149	158
			1150	159
			1151	160
			1152	161
			1153	162
			1154	163
			1154	164
			1155	165
			1156	165
			1156	166
			1157	167
			1158	167
			1158	168
			1159	169
			1160	170
			1161	171
			1162	172
			1163	173
			1164	174
			1164	175
			1165	176
			1166	176
			1166	177
			1167	178
			1167	179
			1168	179
			1169	180
			1169	181
			1170	182
			1171	182
			1171	183
			1172	184
			1173	185
			1174	186
			1174	187
			1175	188
			1176	189
			1177	190
			1178	191
			1179	192
			1180	193
			1180	194
			1181	195
			1182	196
			1182	197
			1183	198
			1184	199
			1184	200
			1184	201
			1185	202
			1185	203
			1185	204
			1185	205
			1185	206
			1186	206
			1186	207
			1186	208
			1186	209
			1187	210
			1187	211
			1187	212
			1187	213
			1187	214
			1188	215
			1188	216
			1188	217
			1188	218
			1189	219
			1189	220
			1189	221
			1189	222
			1190	223
			1190	224
			1190	225
			1190	226
			1191	227
			1191	228
			1191	229
			1191	230
			1192	230
			1192	231
			1192	232
			1192	233
			1192	234
			1193	235
			1193	236
			1193	237
			1194	238
			1194	239
			1194	240
			1194	241
			1195	241
			1195	242
			1195	243
			1195	244
			1195	245
			1194	246
			1194	247
			1194	248
			1194	249
			1194	250
			1194	251
			1193	252
			1193	253
			1193	254
			1193	255
			1193	256
			1192	257
			1192	258
			1192	259
			1192	260
			1192	261
			1191	261
			1191	262
			1191	263
			1191	264
			1191	265
			1190	266
			1190	267
			1190	268
			1190	269
			1189	270
			1189	271
			1189	272
			1189	273
			1188	274
			1188	275
			1188	276
			1188	277
			1187	278
			1187	279
			1187	280
			1187	281
			1186	282
			1186	283
			1186	284
			1186	285
			1185	286
			1185	287
			1185	288
			1184	289
			1184	290
			1184	291
			1183	292
			1183	293
			1183	294
			1182	295
			1182	296
			1182	297
			1182	298
			1181	299
			1181	300
			1181	301
			1180	302
			1180	303
			1180	304
			1179	305
			1179	306
			1179	307
			1178	308
			1178	309
			1177	310
			1177	311
			1177	312
			1176	313
			1176	314
			1175	315
			1175	316
			1175	317
			1174	318
			1174	319
			1173	320
			1173	321
			1173	322
			1172	323
			1172	324
			1171	325
			1171	326
			1170	327
			1170	328
			1170	329
			1169	330
			1169	331
			1168	331
			1168	332
			1167	333
			1167	334
			1167	335
			1166	336
			1166	337
			1165	338
			1165	339
			1164	339
			1164	340
			1163	341
			1163	342
			1162	343
			1162	344
			1161	345
			1161	346
			1160	347
			1159	348
			1159	349
			1158	350
			1158	351
			1157	352
			1156	353
			1156	354
			1155	355
			1155	356
			1154	357
			1153	358
			1153	359
			1152	360
			1151	361
			1151	362
			1150	362
			1150	363
			1149	364
			1148	365
			1148	366
			1147	367
			1146	368
			1146	369
			1145	369
			1144	370
			1144	371
			1143	372
			1142	373
			1141	374
			1141	375
			1141	376
			1140	377
			1140	378
			1140	379
			1139	380
			1138	381
			1138	382
			1138	383
			1137	384
			1137	385
			1136	386
			1136	387
			1136	388
			1135	389
			1135	390
			1134	391
			1134	392
			1133	393
			1133	394
			1133	395
			1132	396
			1132	397
			1131	398
			1131	399
			1130	400
			1130	401
			1130	402
			1129	403
			1129	404
			1128	405
			1128	406
			1128	407
			1127	408
			1127	409
			1126	410
			1126	411
			1125	412
			1125	413
			1124	414
			1124	415
			1123	416
			1123	417
			1123	418
			1122	419
			1122	420
			1121	421
			1121	422
			1121	423
			1120	424
			1120	425
			1119	426
			1119	427
			1119	428
			1118	429
			1118	430
			1117	431
			1117	432
			1116	433
			1116	434
			1116	435
			1115	436
			1115	437
			1114	438
			1114	439
			1114	440
			1114	441
			1114	442
			1114	443
			1114	444
			1114	445
			1114	446
			1115	447
			1115	448
			1115	449
			1115	450
			1115	451
			1115	452
			1115	453
			1115	454
			1115	455
			1115	456
			1115	457
			1115	458
			1116	459
			1116	460
			1116	461
			1116	462
			1116	463
			1116	464
			1116	465
			1116	466
			1116	467
			1116	468
			1116	469
			1116	470
			1117	470
			1117	471
			1117	472
			1117	473
			1117	474
			1117	475
			1117	476
			1117	477
			1117	478
			1117	479
			1117	480
			1117	481
			1117	482
			1118	483
			1118	484
			1118	485
			1118	486
			1118	487
			1118	488
		</glabella>
		<suture type=matrix rownames=FALSE colnames=FALSE nrow=412 ncol=2 as.numeric=TRUE >
			986	78
			987	78
			988	78
			989	78
			990	78
			991	78
			992	78
			993	78
			994	78
			995	78
			996	78
			997	78
			998	78
			999	78
			1000	78
			1001	78
			1002	79
			1003	79
			1004	79
			1005	79
			1006	79
			1007	79
			1008	79
			1009	79
			1010	79
			1011	79
			1012	79
			1013	79
			1014	80
			1015	80
			1016	80
			1017	80
			1018	80
			1019	80
			1020	80
			1021	81
			1022	81
			1023	81
			1024	81
			1025	81
			1026	81
			1027	82
			1028	82
			1029	82
			1030	82
			1031	82
			1032	82
			1033	83
			1034	83
			1035	83
			1036	83
			1037	84
			1038	84
			1039	84
			1040	84
			1041	85
			1042	85
			1043	85
			1044	85
			1045	86
			1046	86
			1047	86
			1048	86
			1049	87
			1050	87
			1051	87
			1052	88
			1053	88
			1054	88
			1055	89
			1056	89
			1057	89
			1058	90
			1059	90
			1060	90
			1060	91
			1061	91
			1062	91
			1063	92
			1064	92
			1065	92
			1066	93
			1067	93
			1068	93
			1069	94
			1070	94
			1071	95
			1072	95
			1073	96
			1074	96
			1075	97
			1076	97
			1077	97
			1077	98
			1078	98
			1079	98
			1079	99
			1080	99
			1081	99
			1081	100
			1082	100
			1083	101
			1084	101
			1085	102
			1086	102
			1087	103
			1088	103
			1089	104
			1090	105
			1091	105
			1092	106
			1093	106
			1094	107
			1095	107
			1096	108
			1097	109
			1098	110
			1099	110
			1100	111
			1101	112
			1102	112
			1103	113
			1104	114
			1105	115
			1106	115
			1107	116
			1108	117
			1109	117
			1110	118
			1111	119
			1112	120
			1113	121
			1114	122
			1115	123
			1116	124
			1117	125
			1118	125
			1119	126
			1120	127
			1120	128
			1121	129
			1122	130
			1123	130
			1124	131
			1125	132
			1126	133
			1127	134
			1128	134
			1128	135
			1129	136
			1130	137
			1131	137
			1132	138
			1133	139
			1134	139
			1135	140
			1135	141
			1136	142
			1137	142
			1138	143
			1139	144
			1140	144
			1140	145
			1141	145
			1142	146
			1143	147
			1144	147
			1144	148
			1145	148
			1146	149
			1147	150
			1148	150
			1148	151
			1149	151
			1150	152
			1151	152
			1152	153
			1153	154
			1154	155
			1155	155
			1156	156
			1157	156
			1158	157
			1159	157
			1160	158
			1161	159
			1162	159
			1163	160
			1164	160
			1165	161
			1166	161
			1167	162
			1168	163
			1169	163
			1170	163
			1171	164
			1172	164
			1173	165
			1174	165
			1175	165
			1176	166
			1177	166
			1178	166
			1178	167
			1179	167
			1180	167
			1181	167
			1182	167
			1182	168
			1183	168
			1184	168
			1185	168
			1186	168
			1187	169
			1188	169
			1189	169
			1190	169
			1191	169
			1192	169
			1193	169
			1194	169
			1195	168
			1196	168
			1197	168
			1198	168
			1199	168
			1200	167
			1201	167
			1202	167
			1203	167
			1204	167
			1205	166
			1206	166
			1207	166
			1208	166
			1209	166
			1210	165
			1211	165
			1212	165
			1213	165
			1214	165
			1215	164
			1216	164
			1217	164
			1218	164
			1219	164
			1220	164
			1220	163
			1221	163
			1222	163
			1223	163
			1224	163
			1225	162
			1226	162
			1227	162
			1228	162
			1229	162
			1229	161
			1230	161
			1231	161
			1232	161
			1233	161
			1234	160
			1235	160
			1236	160
			1237	160
			1238	160
			1238	159
			1239	159
			1240	159
			1241	159
			1242	159
			1243	158
			1244	158
			1245	159
			1246	159
			1247	160
			1248	160
			1249	161
			1250	161
			1251	162
			1252	162
			1253	163
			1254	164
			1255	165
			1256	165
			1256	166
			1257	166
			1258	167
			1258	168
			1259	168
			1260	169
			1260	170
			1261	170
			1261	171
			1262	172
			1263	172
			1263	173
			1264	174
			1265	175
			1265	176
			1266	177
			1266	178
			1266	179
			1267	180
			1267	181
			1268	182
			1268	183
			1268	184
			1269	185
			1269	186
			1269	187
			1269	188
			1269	189
			1269	190
			1270	191
			1270	192
			1270	193
			1270	194
			1270	195
			1270	196
			1270	197
			1270	198
			1270	199
			1270	200
			1269	201
			1269	202
			1269	203
			1269	204
			1269	205
			1269	206
			1268	207
			1268	208
			1268	209
			1268	210
			1268	211
			1267	212
			1267	213
			1267	214
			1266	215
			1266	216
			1266	217
			1265	218
			1265	219
			1265	220
			1264	221
			1264	222
			1265	222
			1266	222
			1267	222
			1268	222
			1269	222
			1270	222
			1271	222
			1272	222
			1273	221
			1274	221
			1275	221
			1276	221
			1277	221
			1278	221
			1279	221
			1280	221
			1281	221
			1282	221
			1283	221
			1284	221
			1285	221
			1286	221
			1287	220
			1288	220
			1289	220
			1290	220
			1291	220
			1292	220
			1293	220
			1294	220
			1295	220
			1296	220
			1297	220
			1298	220
			1299	219
			1300	219
			1301	219
			1302	219
			1303	219
			1304	219
			1305	219
			1306	219
			1307	219
			1308	219
			1309	219
			1310	219
			1311	219
			1312	218
			1313	218
			1314	218
			1315	218
			1316	218
			1317	218
			1318	218
			1319	218
			1320	218
			1321	218
			1322	218
			1323	218
			1324	217
			1325	217
			1326	217
			1327	217
			1328	217
			1329	217
		</suture>
		<anterior type=matrix rownames=FALSE colnames=FALSE nrow=921 ncol=2 as.numeric=TRUE >
			986	78
			987	78
			988	78
			989	78
			990	78
			991	78
			992	78
			993	78
			994	78
			995	78
			996	78
			997	78
			998	78
			999	78
			1000	78
			1001	78
			1002	79
			1003	79
			1004	79
			1005	79
			1006	79
			1007	79
			1008	79
			1009	79
			1010	79
			1011	79
			1012	79
			1013	79
			1014	80
			1015	80
			1016	80
			1017	80
			1018	80
			1019	80
			1020	80
			1021	80
			1022	81
			1023	81
			1024	81
			1025	81
			1026	81
			1027	82
			1028	82
			1029	82
			1030	82
			1031	82
			1032	82
			1033	83
			1034	83
			1035	83
			1036	83
			1037	84
			1038	84
			1039	84
			1040	84
			1041	84
			1042	85
			1043	85
			1044	85
			1045	85
			1045	86
			1046	86
			1047	86
			1048	87
			1049	87
			1050	87
			1051	87
			1052	88
			1053	88
			1054	88
			1055	89
			1056	89
			1057	89
			1058	90
			1059	90
			1060	91
			1061	91
			1062	91
			1063	92
			1064	92
			1065	92
			1066	93
			1067	93
			1068	94
			1069	94
			1070	94
			1071	95
			1072	95
			1073	96
			1074	96
			1075	97
			1076	97
			1077	98
			1078	98
			1079	98
			1079	99
			1080	99
			1081	99
			1081	100
			1082	100
			1083	100
			1083	101
			1084	101
			1085	102
			1086	102
			1087	103
			1088	103
			1089	104
			1090	105
			1091	105
			1092	106
			1093	106
			1094	107
			1095	108
			1096	108
			1097	109
			1098	109
			1098	110
			1099	110
			1100	111
			1101	111
			1102	112
			1103	113
			1104	113
			1104	114
			1105	114
			1106	115
			1107	116
			1108	116
			1109	117
			1109	118
			1110	118
			1111	119
			1112	120
			1113	121
			1114	122
			1115	123
			1116	124
			1117	125
			1118	125
			1119	126
			1120	127
			1121	128
			1122	129
			1123	130
			1124	131
			1125	132
			1126	133
			1127	133
			1127	134
			1128	134
			1129	135
			1130	136
			1131	137
			1132	138
			1133	138
			1134	139
			1135	140
			1136	141
			1137	141
			1138	142
			1139	143
			1140	143
			1141	144
			1142	145
			1143	146
			1144	147
			1145	147
			1146	147
			1146	148
			1147	148
			1148	149
			1149	150
			1150	150
			1151	151
			1152	151
			1153	152
			1154	152
			1154	153
			1155	153
			1156	154
			1157	154
			1158	155
			1159	155
			1160	156
			1161	156
			1162	156
			1163	157
			1164	158
			1165	158
			1166	159
			1167	159
			1168	159
			1169	160
			1170	160
			1171	160
			1172	161
			1173	161
			1174	161
			1175	162
			1176	162
			1177	162
			1178	162
			1179	163
			1180	163
			1181	163
			1182	163
			1183	163
			1184	164
			1185	164
			1186	164
			1187	164
			1188	164
			1189	164
			1190	164
			1191	164
			1192	164
			1193	164
			1194	164
			1195	164
			1196	164
			1197	164
			1198	164
			1199	163
			1200	163
			1201	163
			1202	162
			1203	162
			1204	162
			1204	161
			1205	161
			1206	161
			1207	161
			1208	160
			1209	160
			1210	160
			1211	159
			1212	159
			1213	159
			1214	159
			1215	158
			1216	158
			1217	158
			1218	158
			1219	157
			1220	157
			1221	157
			1222	157
			1223	156
			1224	156
			1225	156
			1226	156
			1227	156
			1228	155
			1229	155
			1230	155
			1231	155
			1232	155
			1233	155
			1234	155
			1235	154
			1236	154
			1237	154
			1238	154
			1239	154
			1240	154
			1241	154
			1242	154
			1243	154
			1244	153
			1245	153
			1246	153
			1247	153
			1248	153
			1249	153
			1250	153
			1251	153
			1252	153
			1253	154
			1254	154
			1255	155
			1256	155
			1257	155
			1258	156
			1259	156
			1259	157
			1260	157
			1261	158
			1262	158
			1262	159
			1263	160
			1264	160
			1265	161
			1265	162
			1266	162
			1267	163
			1268	164
			1268	165
			1269	165
			1270	166
			1270	167
			1271	168
			1272	169
			1272	170
			1273	171
			1273	172
			1274	173
			1275	174
			1275	175
			1276	176
			1276	177
			1277	178
			1278	179
			1278	180
			1278	181
			1279	181
			1279	182
			1279	183
			1280	184
			1280	185
			1281	186
			1281	187
			1281	188
			1282	189
			1282	190
			1282	191
			1283	192
			1283	193
			1284	194
			1285	195
			1286	196
			1287	197
			1288	198
			1289	198
			1289	199
			1290	199
			1291	200
			1292	200
			1293	201
			1294	202
			1295	202
			1296	202
			1297	203
			1298	203
			1299	203
			1300	204
			1301	204
			1302	204
			1303	205
			1304	205
			1305	205
			1306	205
			1307	206
			1308	206
			1309	206
			1310	206
			1311	207
			1312	207
			1313	207
			1314	207
			1315	208
			1316	208
			1317	208
			1318	208
			1319	208
			1320	209
			1321	209
			1322	209
			1323	209
			1324	209
			1325	210
			1326	210
			1327	210
			1328	210
			1329	211
			1330	211
			1331	211
			1332	211
			1333	211
			1334	212
			1335	212
			1336	212
			1337	212
			1338	212
			1339	213
			1340	213
			1341	213
			1342	213
			1343	213
			1344	214
			1345	214
			1346	214
			1347	214
			1348	214
			1349	215
			1350	215
			1351	215
			1352	215
			1353	215
			1354	216
			1355	216
			1356	216
			1357	216
			1358	216
			1359	217
			1360	217
			1361	217
			1362	217
			1363	217
			1364	218
			1365	218
			1366	218
			1367	218
			1368	218
			1369	219
			1370	219
			1371	219
			1372	219
			1373	219
			1374	220
			1375	220
			1376	220
			1377	220
			1378	220
			1379	221
			1380	221
			1381	221
			1382	221
			1383	221
			1384	221
			1385	222
			1386	222
			1387	222
			1388	222
			1389	222
			1390	223
			1391	223
			1392	223
			1393	223
			1394	223
			1395	224
			1396	224
			1397	224
			1398	224
			1399	224
			1400	224
			1401	225
			1402	225
			1403	225
			1404	225
			1405	225
			1406	226
			1407	226
			1408	226
			1409	226
			1410	226
			1411	227
			1412	227
			1413	227
			1414	227
			1415	227
			1416	227
			1416	228
			1417	228
			1418	228
			1419	228
			1420	228
			1421	229
			1422	229
			1423	229
			1424	229
			1425	229
			1426	229
			1427	230
			1428	230
			1429	230
			1430	230
			1431	230
			1432	230
			1433	231
			1434	231
			1435	231
			1436	231
			1437	231
			1438	231
			1439	232
			1440	232
			1441	232
			1442	232
			1443	232
			1444	233
			1445	233
			1446	233
			1447	233
			1448	233
			1449	233
			1449	234
			1450	234
			1451	234
			1452	234
			1453	234
			1454	235
			1455	235
			1456	235
			1457	235
			1458	235
			1459	235
			1460	235
			1461	236
			1462	236
			1463	236
			1464	236
			1465	237
			1466	237
			1467	237
			1468	237
			1469	237
			1470	237
			1471	237
			1472	238
			1473	238
			1474	238
			1475	238
			1476	238
			1477	239
			1478	239
			1479	239
			1480	239
			1481	239
			1482	239
			1483	240
			1484	240
			1485	240
			1486	241
			1487	241
			1488	241
			1489	242
			1490	242
			1491	243
			1492	243
			1493	244
			1494	244
			1495	245
			1496	245
			1497	245
			1497	246
			1498	246
			1499	247
			1500	247
			1501	248
			1502	248
			1503	248
			1504	249
			1505	249
			1506	250
			1507	250
			1507	251
			1508	251
			1509	251
			1510	252
			1511	252
			1512	253
			1513	253
			1514	254
			1515	254
			1516	255
			1517	255
			1518	256
			1519	256
			1520	256
			1520	257
			1521	257
			1522	257
			1522	258
			1523	258
			1524	258
			1524	259
			1525	259
			1526	260
			1527	260
			1528	261
			1529	261
			1530	261
			1530	262
			1531	262
			1532	262
			1533	263
			1534	264
			1535	264
			1536	264
			1537	265
			1538	265
			1539	266
			1540	267
			1541	267
			1542	268
			1543	268
			1544	269
			1545	269
			1546	270
			1547	270
			1548	270
			1548	271
			1549	271
			1550	272
			1551	272
			1552	273
			1553	273
			1554	274
			1555	274
			1556	275
			1557	275
			1558	276
			1559	277
			1560	277
			1561	278
			1562	278
			1563	278
			1563	279
			1564	279
			1565	279
			1565	280
			1566	280
			1567	280
			1567	281
			1568	281
			1569	282
			1570	282
			1571	283
			1572	283
			1573	284
			1574	284
			1575	285
			1576	285
			1577	286
			1578	286
			1579	287
			1580	287
			1581	288
			1582	289
			1583	289
			1584	290
			1585	290
			1586	291
			1587	292
			1588	292
			1589	293
			1590	293
			1591	293
			1591	294
			1592	294
			1593	295
			1594	295
			1594	296
			1595	296
			1596	296
			1597	297
			1598	298
			1599	298
			1600	299
			1601	299
			1602	300
			1603	300
			1604	301
			1605	302
			1606	303
			1607	303
			1608	304
			1609	304
			1610	305
			1611	305
			1612	306
			1613	306
			1614	307
			1615	308
			1616	308
			1617	309
			1618	309
			1619	310
			1620	310
			1620	311
			1621	311
			1622	312
			1623	312
			1624	313
			1625	314
			1626	314
			1627	315
			1628	315
			1629	316
			1630	317
			1631	317
			1632	318
			1633	319
			1634	319
			1635	320
			1636	320
			1636	321
			1637	321
			1638	321
			1638	322
			1639	322
			1639	323
			1640	323
			1641	323
			1641	324
			1642	324
			1643	324
			1643	325
			1644	325
			1644	326
			1645	326
			1646	326
			1646	327
			1647	327
			1648	328
			1649	328
			1650	329
			1651	330
			1652	331
			1653	331
			1654	332
			1655	332
			1655	333
			1656	333
			1657	334
			1658	335
			1659	335
			1660	336
			1661	336
			1662	337
			1663	338
			1664	339
			1665	339
			1666	340
			1667	341
			1668	341
			1669	342
			1670	343
			1671	343
			1672	344
			1673	345
			1674	346
			1675	346
			1676	347
			1677	348
			1678	348
			1679	349
			1680	350
			1681	350
			1682	351
			1683	352
			1684	352
			1685	353
			1686	354
			1687	354
			1688	355
			1689	356
			1690	357
			1691	357
			1692	358
			1693	359
			1694	359
			1695	360
			1696	361
			1697	361
			1698	362
			1698	363
			1699	363
			1700	364
			1701	365
			1702	366
			1703	366
			1704	367
			1705	368
			1706	368
			1707	369
			1708	370
			1709	370
			1710	371
			1710	372
			1711	373
			1712	373
			1713	374
			1714	375
			1715	375
			1716	376
			1717	377
			1718	377
			1718	378
			1719	379
			1720	380
			1721	380
			1722	381
			1723	382
			1724	382
			1725	383
			1725	384
			1726	385
			1727	385
			1728	386
			1729	387
			1730	387
			1731	388
			1731	389
			1732	389
			1733	390
			1734	391
			1735	392
			1736	392
			1736	393
			1737	394
			1738	394
			1739	395
			1740	396
			1741	397
			1742	398
			1743	399
			1744	400
			1745	401
			1746	401
			1747	402
			1748	403
			1749	404
			1750	405
			1751	406
			1752	407
			1753	407
			1754	408
			1755	409
			1756	410
			1756	411
			1757	412
			1758	413
			1759	413
			1760	414
			1761	415
			1762	416
			1763	417
			1764	418
			1765	419
			1766	420
			1767	421
			1768	422
			1769	423
			1770	424
			1771	425
			1772	426
			1773	427
			1774	428
			1775	429
			1776	430
			1777	431
			1778	432
			1779	433
			1780	434
			1781	435
			1782	436
			1783	437
			1783	438
			1784	439
			1785	440
			1786	441
			1787	441
			1788	442
			1788	443
			1789	444
			1790	445
			1791	446
			1792	447
			1793	448
			1793	449
			1794	450
			1795	451
			1796	452
			1797	452
			1797	453
			1798	454
			1799	455
			1800	456
			1800	457
			1801	458
			1802	459
			1803	460
			1803	461
			1804	462
			1805	463
			1806	463
			1806	464
			1807	465
			1808	466
			1809	467
			1809	468
			1810	469
			1811	470
			1811	471
			1812	472
			1813	473
			1814	474
			1814	475
			1815	476
			1816	476
			1816	477
			1817	478
			1818	479
			1818	480
			1819	481
			1820	482
			1820	483
			1821	484
			1822	485
			1822	486
			1823	487
			1824	488
			1824	489
			1825	490
			1826	490
			1826	491
			1827	492
			1828	493
			1828	494
		</anterior>
		<posterior type=matrix rownames=FALSE colnames=FALSE nrow=1092 ncol=2 as.numeric=TRUE >
			972	494
			973	494
			974	494
			975	494
			976	494
			977	494
			978	494
			979	494
			980	494
			981	494
			982	494
			983	494
			984	494
			985	494
			986	494
			987	494
			988	494
			989	494
			990	494
			991	494
			992	494
			993	494
			994	494
			995	494
			996	494
			997	494
			998	494
			999	494
			1000	494
			1001	494
			1002	494
			1003	495
			1004	495
			1005	495
			1006	495
			1007	495
			1008	495
			1009	495
			1010	495
			1011	495
			1012	495
			1013	495
			1014	495
			1015	495
			1016	495
			1017	496
			1018	496
			1019	496
			1020	496
			1021	496
			1022	496
			1023	496
			1024	496
			1025	497
			1026	497
			1027	497
			1028	497
			1029	497
			1030	497
			1031	497
			1032	498
			1033	498
			1034	498
			1035	498
			1036	498
			1037	498
			1038	498
			1039	499
			1040	499
			1041	499
			1042	499
			1043	500
			1044	500
			1045	500
			1046	500
			1047	500
			1048	501
			1049	501
			1050	501
			1051	501
			1052	502
			1053	502
			1054	502
			1055	502
			1055	503
			1056	503
			1057	503
			1058	503
			1059	503
			1060	503
			1061	502
			1062	502
			1063	502
			1064	502
			1065	502
			1066	502
			1067	502
			1068	501
			1069	501
			1070	501
			1071	501
			1072	501
			1073	501
			1074	500
			1075	500
			1076	500
			1077	500
			1078	499
			1079	499
			1080	499
			1081	499
			1082	498
			1083	498
			1084	498
			1085	498
			1086	497
			1087	497
			1088	497
			1089	496
			1090	496
			1091	496
			1092	495
			1093	495
			1094	494
			1095	494
			1096	494
			1097	493
			1098	493
			1099	493
			1100	492
			1101	492
			1101	491
			1102	491
			1103	490
			1104	490
			1105	490
			1106	490
			1107	490
			1108	490
			1109	491
			1110	491
			1111	491
			1112	491
			1113	491
			1114	491
			1115	491
			1116	491
			1117	491
			1118	491
			1119	491
			1120	491
			1121	491
			1122	492
			1123	492
			1124	492
			1125	492
			1126	492
			1127	492
			1128	492
			1129	492
			1130	492
			1131	492
			1132	492
			1133	492
			1134	492
			1135	492
			1136	492
			1137	492
			1138	492
			1139	492
			1140	492
			1141	492
			1142	492
			1143	492
			1144	492
			1145	492
			1146	491
			1147	491
			1148	491
			1149	491
			1150	491
			1151	491
			1152	491
			1153	490
			1154	490
			1155	490
			1156	490
			1157	489
			1158	489
			1159	489
			1160	488
			1161	488
			1162	487
			1162	486
			1162	485
			1162	484
			1162	483
			1162	482
			1162	481
			1162	480
			1162	479
			1162	478
			1162	477
			1162	476
			1162	475
			1162	474
			1162	473
			1162	472
			1162	471
			1162	470
			1162	469
			1162	468
			1162	467
			1162	466
			1162	465
			1162	464
			1162	463
			1162	462
			1162	461
			1162	460
			1162	459
			1163	458
			1163	457
			1163	456
			1163	455
			1163	454
			1163	453
			1163	452
			1163	451
			1163	450
			1164	449
			1164	448
			1164	447
			1164	446
			1164	445
			1164	444
			1164	443
			1165	442
			1165	441
			1165	440
			1165	439
			1165	438
			1166	437
			1166	436
			1166	435
			1166	434
			1167	433
			1167	432
			1167	431
			1167	430
			1168	429
			1168	428
			1168	427
			1168	426
			1169	425
			1169	424
			1169	423
			1170	422
			1170	421
			1170	420
			1171	419
			1171	418
			1171	417
			1172	416
			1172	415
			1173	414
			1173	413
			1173	412
			1174	411
			1174	410
			1175	409
			1175	408
			1176	407
			1176	406
			1177	405
			1177	404
			1178	403
			1178	402
			1179	401
			1180	400
			1180	399
			1181	398
			1181	397
			1182	396
			1182	395
			1183	394
			1184	393
			1184	392
			1185	391
			1186	391
			1186	390
			1187	389
			1188	388
			1188	387
			1189	386
			1190	385
			1191	384
			1192	383
			1193	382
			1194	381
			1195	380
			1196	379
			1197	378
			1198	377
			1198	376
			1199	375
			1200	374
			1201	374
			1202	373
			1203	372
			1204	371
			1205	370
			1206	370
			1206	369
			1207	368
			1208	367
			1209	366
			1210	366
			1211	365
			1212	364
			1213	364
			1214	363
			1215	362
			1216	361
			1217	361
			1218	360
			1219	359
			1220	359
			1221	358
			1222	357
			1223	357
			1224	356
			1225	356
			1226	355
			1227	355
			1227	354
			1228	354
			1229	354
			1229	353
			1230	353
			1231	353
			1232	352
			1233	352
			1234	351
			1235	351
			1236	350
			1237	350
			1238	350
			1239	349
			1240	349
			1241	348
			1242	348
			1243	347
			1244	347
			1245	347
			1246	346
			1247	346
			1248	346
			1249	345
			1250	345
			1251	345
			1252	344
			1253	344
			1254	344
			1255	343
			1256	343
			1257	343
			1258	343
			1259	342
			1260	342
			1261	342
			1262	342
			1263	341
			1264	341
			1265	341
			1266	341
			1267	340
			1268	340
			1269	340
			1270	340
			1271	340
			1272	339
			1273	339
			1274	339
			1275	339
			1276	339
			1277	338
			1278	338
			1279	338
			1280	338
			1281	338
			1282	338
			1283	338
			1284	337
			1285	337
			1286	337
			1287	337
			1288	337
			1289	337
			1290	337
			1291	336
			1292	336
			1293	336
			1294	336
			1295	336
			1296	336
			1297	336
			1298	336
			1299	336
			1300	336
			1301	336
			1302	335
			1303	335
			1304	335
			1305	335
			1306	335
			1307	335
			1308	335
			1309	335
			1310	335
			1311	335
			1312	335
			1313	335
			1314	335
			1315	335
			1315	334
			1316	334
			1317	334
			1318	334
			1319	334
			1320	334
			1321	334
			1322	334
			1323	334
			1324	334
			1325	334
			1326	334
			1327	334
			1328	334
			1329	334
			1330	334
			1331	334
			1332	334
			1333	334
			1334	334
			1335	334
			1336	334
			1337	334
			1338	334
			1339	334
			1340	334
			1341	334
			1342	334
			1343	334
			1344	334
			1345	334
			1346	334
			1347	334
			1348	334
			1349	334
			1350	334
			1351	334
			1352	334
			1353	334
			1354	334
			1355	334
			1356	334
			1357	334
			1358	334
			1359	335
			1360	335
			1361	335
			1362	335
			1363	335
			1364	335
			1365	335
			1366	335
			1367	335
			1368	335
			1369	335
			1370	335
			1371	335
			1372	336
			1373	336
			1374	336
			1375	336
			1376	336
			1377	336
			1378	336
			1379	336
			1380	336
			1381	336
			1382	337
			1383	337
			1384	337
			1385	337
			1386	337
			1387	337
			1388	337
			1389	337
			1390	338
			1391	338
			1392	338
			1393	338
			1394	338
			1395	338
			1396	338
			1397	339
			1398	339
			1399	339
			1400	339
			1401	339
			1402	339
			1403	339
			1404	340
			1405	340
			1406	340
			1407	340
			1408	340
			1409	340
			1410	341
			1411	341
			1412	341
			1413	341
			1414	341
			1415	342
			1416	342
			1417	342
			1418	342
			1419	342
			1420	342
			1421	342
			1421	343
			1422	343
			1423	343
			1424	343
			1425	343
			1426	344
			1427	344
			1428	344
			1429	344
			1430	344
			1431	345
			1432	345
			1433	345
			1434	345
			1435	345
			1436	345
			1437	346
			1438	346
			1439	346
			1440	346
			1441	347
			1442	347
			1443	347
			1444	347
			1445	348
			1446	348
			1447	348
			1448	348
			1449	348
			1450	349
			1451	349
			1452	349
			1453	349
			1454	350
			1455	350
			1456	350
			1457	350
			1458	351
			1459	351
			1460	351
			1461	351
			1462	352
			1463	352
			1464	352
			1465	352
			1466	353
			1467	353
			1468	353
			1469	353
			1470	354
			1471	354
			1472	354
			1473	354
			1474	355
			1475	355
			1476	355
			1477	355
			1478	356
			1479	356
			1480	356
			1481	356
			1482	357
			1483	357
			1484	357
			1485	358
			1486	358
			1487	358
			1488	358
			1489	359
			1490	359
			1491	359
			1492	359
			1492	360
			1493	360
			1494	360
			1495	360
			1496	361
			1497	361
			1498	361
			1499	361
			1500	362
			1501	362
			1502	362
			1503	363
			1504	363
			1505	363
			1506	364
			1507	364
			1508	364
			1509	365
			1510	365
			1511	365
			1512	365
			1513	366
			1514	366
			1515	366
			1516	367
			1517	367
			1518	367
			1519	368
			1520	368
			1521	368
			1522	368
			1523	369
			1524	369
			1525	369
			1526	370
			1527	370
			1528	370
			1529	371
			1530	371
			1531	372
			1532	372
			1533	373
			1534	373
			1535	374
			1536	374
			1537	374
			1538	375
			1539	375
			1540	376
			1541	377
			1542	377
			1543	377
			1544	378
			1545	378
			1546	379
			1547	379
			1548	380
			1549	380
			1550	381
			1551	381
			1552	382
			1553	382
			1554	383
			1555	383
			1556	384
			1557	384
			1558	384
			1559	385
			1560	385
			1561	386
			1562	386
			1563	387
			1564	387
			1564	388
			1565	388
			1566	389
			1567	389
			1568	389
			1569	390
			1570	390
			1571	391
			1572	391
			1573	392
			1574	392
			1575	393
			1576	393
			1577	394
			1578	394
			1579	395
			1580	395
			1581	396
			1582	396
			1583	397
			1584	397
			1585	398
			1586	398
			1587	399
			1588	399
			1589	400
			1590	400
			1591	401
			1592	401
			1593	402
			1594	402
			1595	403
			1596	403
			1597	404
			1598	404
			1599	405
			1600	405
			1601	406
			1602	406
			1603	407
			1604	407
			1605	408
			1606	408
			1607	409
			1608	410
			1609	410
			1610	410
			1610	411
			1611	411
			1612	411
			1612	412
			1613	412
			1614	412
			1615	413
			1616	414
			1617	414
			1618	415
			1619	415
			1620	416
			1621	416
			1622	417
			1623	417
			1624	418
			1625	418
			1626	419
			1627	419
			1628	420
			1629	421
			1630	421
			1631	422
			1632	422
			1633	423
			1634	423
			1635	424
			1636	424
			1637	425
			1638	425
			1639	426
			1640	426
			1640	427
			1641	427
			1642	428
			1643	428
			1644	429
			1645	429
			1646	430
			1647	430
			1648	431
			1649	431
			1650	432
			1651	433
			1652	433
			1653	434
			1654	434
			1655	435
			1656	435
			1657	436
			1658	437
			1659	437
			1660	437
			1660	438
			1661	438
			1662	439
			1663	439
			1664	440
			1665	441
			1666	441
			1667	442
			1668	442
			1669	442
			1669	443
			1670	443
			1671	444
			1672	444
			1673	445
			1674	446
			1675	446
			1676	447
			1677	447
			1678	448
			1679	448
			1680	449
			1681	450
			1682	450
			1683	451
			1684	451
			1685	452
			1686	452
			1687	453
			1687	454
			1688	454
			1689	455
			1690	455
			1691	456
			1692	456
			1693	457
			1694	457
			1695	458
			1696	459
			1697	459
			1698	460
			1699	460
			1700	461
			1701	461
			1702	462
			1702	463
			1703	463
			1704	464
			1705	464
			1706	465
			1707	465
			1708	466
			1709	467
			1710	467
			1711	468
			1712	468
			1713	469
			1714	469
			1715	470
			1715	471
			1716	471
			1717	472
			1718	472
			1719	473
			1720	473
			1721	474
			1722	474
			1722	475
			1723	475
			1723	476
			1724	476
			1724	477
			1725	477
			1725	478
			1726	478
			1727	479
			1728	480
			1729	481
			1730	482
			1731	483
			1732	484
			1733	485
			1734	486
			1735	487
			1736	488
			1737	488
			1738	489
			1739	490
			1740	491
			1741	492
			1742	492
			1743	493
			1743	494
			1744	495
			1745	495
			1746	496
			1746	497
			1747	497
			1748	498
			1749	499
			1749	500
			1750	500
			1751	501
			1752	502
			1753	503
			1754	504
			1755	505
			1756	506
			1757	506
			1758	507
			1758	508
			1759	509
			1760	510
			1761	511
			1762	512
			1763	512
			1764	513
			1764	514
			1765	515
			1766	516
			1767	517
			1768	518
			1769	518
			1770	519
			1770	520
			1771	521
			1772	522
			1773	523
			1774	523
			1774	524
			1775	525
			1776	526
			1777	527
			1778	528
			1779	529
			1780	530
			1781	531
			1782	532
			1783	533
			1784	534
			1785	535
			1785	536
			1786	537
			1787	537
			1787	538
			1788	539
			1789	540
			1790	541
			1791	542
			1792	543
			1792	544
			1793	545
			1794	545
			1794	546
			1795	547
			1796	548
			1797	549
			1798	550
			1799	551
			1800	552
			1800	553
			1801	554
			1802	555
			1803	556
			1803	557
			1804	558
			1805	559
			1806	559
			1806	560
			1807	561
			1808	562
			1809	563
			1809	564
			1810	565
			1811	566
			1811	567
			1812	568
			1813	568
			1814	569
			1815	570
			1816	571
			1817	571
			1818	571
			1818	572
			1819	572
			1820	572
			1821	573
			1822	573
			1823	573
			1824	573
			1825	574
			1826	574
			1827	575
			1828	575
			1829	575
			1830	575
			1831	576
			1832	576
			1833	576
			1834	576
			1835	577
			1836	577
			1837	577
			1838	577
			1839	578
			1840	578
			1841	578
			1842	578
			1843	578
			1844	579
			1845	579
			1846	579
			1847	579
			1848	579
			1849	579
			1850	579
			1851	579
			1852	579
			1853	579
			1854	579
			1855	579
			1856	579
			1857	579
			1858	579
			1859	579
			1860	579
			1861	579
			1862	578
			1863	578
			1864	577
			1865	576
			1866	575
			1867	574
			1868	573
			1869	572
			1869	571
			1869	570
			1869	569
			1869	568
			1869	567
			1869	566
			1869	565
			1869	564
			1869	563
			1869	562
			1869	561
			1868	560
			1868	559
			1868	558
			1867	557
			1867	556
			1867	555
			1866	554
			1866	553
			1865	552
			1865	551
			1865	550
			1864	549
			1864	548
			1863	547
			1863	546
			1862	545
			1862	544
			1861	543
			1861	542
			1860	541
			1860	540
			1859	539
			1859	538
			1858	537
			1857	536
			1857	535
			1856	534
			1856	533
			1855	532
			1854	531
			1854	530
			1853	529
			1852	528
			1852	527
			1851	526
			1850	525
			1850	524
			1849	523
			1849	522
			1848	521
			1847	520
			1847	519
			1846	519
			1846	518
			1845	517
			1844	516
			1844	515
			1843	514
			1843	513
			1842	512
			1841	512
			1841	511
			1840	510
			1839	509
			1839	508
			1838	507
			1837	506
			1837	505
			1836	504
			1835	503
			1834	502
			1834	501
			1833	500
			1832	499
			1831	498
			1831	497
			1830	496
			1829	495
			1828	494
		</posterior>
	</curves.pixel>
	<curves.scaled type=list>
		<glabella type=matrix rownames=FALSE colnames=FALSE nrow=520 ncol=2 as.numeric=TRUE >
			4.97979797979798	-0.393939393939394
			4.98484848484849	-0.393939393939394
			4.98989898989899	-0.393939393939394
			4.9949494949495	-0.393939393939394
			5	-0.393939393939394
			5.00505050505051	-0.393939393939394
			5.01010101010101	-0.393939393939394
			5.01515151515152	-0.393939393939394
			5.02020202020202	-0.393939393939394
			5.02525252525253	-0.393939393939394
			5.03030303030303	-0.393939393939394
			5.03535353535354	-0.393939393939394
			5.04040404040404	-0.393939393939394
			5.04545454545455	-0.393939393939394
			5.05050505050505	-0.393939393939394
			5.05555555555556	-0.393939393939394
			5.06060606060606	-0.393939393939394
			5.06060606060606	-0.398989898989899
			5.06565656565657	-0.398989898989899
			5.07070707070707	-0.398989898989899
			5.07575757575758	-0.398989898989899
			5.08080808080808	-0.398989898989899
			5.08585858585859	-0.398989898989899
			5.09090909090909	-0.398989898989899
			5.0959595959596	-0.398989898989899
			5.1010101010101	-0.398989898989899
			5.10606060606061	-0.398989898989899
			5.11111111111111	-0.398989898989899
			5.11616161616162	-0.398989898989899
			5.12121212121212	-0.404040404040404
			5.12626262626263	-0.404040404040404
			5.13131313131313	-0.404040404040404
			5.13636363636364	-0.404040404040404
			5.14141414141414	-0.404040404040404
			5.14646464646465	-0.404040404040404
			5.15151515151515	-0.404040404040404
			5.15656565656566	-0.409090909090909
			5.16161616161616	-0.409090909090909
			5.16666666666667	-0.409090909090909
			5.17171717171717	-0.409090909090909
			5.17676767676768	-0.409090909090909
			5.18181818181818	-0.409090909090909
			5.18686868686869	-0.414141414141414
			5.19191919191919	-0.414141414141414
			5.1969696969697	-0.414141414141414
			5.2020202020202	-0.414141414141414
			5.20707070707071	-0.414141414141414
			5.21212121212121	-0.414141414141414
			5.21717171717172	-0.419191919191919
			5.22222222222222	-0.419191919191919
			5.22727272727273	-0.419191919191919
			5.23232323232323	-0.419191919191919
			5.23737373737374	-0.424242424242424
			5.24242424242424	-0.424242424242424
			5.24747474747475	-0.424242424242424
			5.25252525252525	-0.424242424242424
			5.25757575757576	-0.429292929292929
			5.26262626262626	-0.429292929292929
			5.26767676767677	-0.429292929292929
			5.27272727272727	-0.429292929292929
			5.27777777777778	-0.434343434343434
			5.28282828282828	-0.434343434343434
			5.28787878787879	-0.434343434343434
			5.29292929292929	-0.434343434343434
			5.2979797979798	-0.439393939393939
			5.3030303030303	-0.439393939393939
			5.30808080808081	-0.439393939393939
			5.31313131313131	-0.444444444444444
			5.31818181818182	-0.444444444444444
			5.32323232323232	-0.444444444444444
			5.32828282828283	-0.44949494949495
			5.33333333333333	-0.44949494949495
			5.33838383838384	-0.44949494949495
			5.34343434343434	-0.454545454545455
			5.34848484848485	-0.454545454545455
			5.35353535353535	-0.454545454545455
			5.35858585858586	-0.45959595959596
			5.36363636363636	-0.45959595959596
			5.36868686868687	-0.464646464646465
			5.37373737373737	-0.464646464646465
			5.37878787878788	-0.464646464646465
			5.38383838383838	-0.46969696969697
			5.38888888888889	-0.46969696969697
			5.39393939393939	-0.46969696969697
			5.3989898989899	-0.474747474747475
			5.4040404040404	-0.47979797979798
			5.40909090909091	-0.47979797979798
			5.41414141414141	-0.47979797979798
			5.41919191919192	-0.484848484848485
			5.42424242424242	-0.484848484848485
			5.42929292929293	-0.48989898989899
			5.43434343434344	-0.48989898989899
			5.43939393939394	-0.494949494949495
			5.44444444444444	-0.494949494949495
			5.44949494949495	-0.5
			5.45454545454546	-0.5
			5.45959595959596	-0.505050505050505
			5.46464646464647	-0.505050505050505
			5.46969696969697	-0.505050505050505
			5.47474747474747	-0.51010101010101
			5.47979797979798	-0.515151515151515
			5.48484848484849	-0.515151515151515
			5.48989898989899	-0.52020202020202
			5.4949494949495	-0.525252525252525
			5.5	-0.525252525252525
			5.50505050505051	-0.525252525252525
			5.50505050505051	-0.53030303030303
			5.51010101010101	-0.53030303030303
			5.51515151515152	-0.53030303030303
			5.51515151515152	-0.535353535353535
			5.52020202020202	-0.535353535353535
			5.52525252525253	-0.54040404040404
			5.53030303030303	-0.54040404040404
			5.53535353535354	-0.545454545454546
			5.54040404040404	-0.55050505050505
			5.54545454545455	-0.555555555555556
			5.55050505050505	-0.555555555555556
			5.55555555555556	-0.560606060606061
			5.56060606060606	-0.560606060606061
			5.56060606060606	-0.565656565656566
			5.56565656565657	-0.565656565656566
			5.57070707070707	-0.570707070707071
			5.57575757575758	-0.570707070707071
			5.57575757575758	-0.575757575757576
			5.58080808080808	-0.575757575757576
			5.58585858585859	-0.580808080808081
			5.59090909090909	-0.585858585858586
			5.5959595959596	-0.585858585858586
			5.6010101010101	-0.590909090909091
			5.60606060606061	-0.595959595959596
			5.61111111111111	-0.601010101010101
			5.61616161616162	-0.606060606060606
			5.62121212121212	-0.611111111111111
			5.62626262626263	-0.616161616161616
			5.63131313131313	-0.621212121212121
			5.63636363636364	-0.626262626262626
			5.64141414141414	-0.631313131313131
			5.64646464646465	-0.636363636363636
			5.65151515151515	-0.641414141414141
			5.65656565656566	-0.646464646464647
			5.66161616161616	-0.651515151515152
			5.66666666666667	-0.656565656565657
			5.67171717171717	-0.656565656565657
			5.67171717171717	-0.661616161616162
			5.67676767676768	-0.666666666666667
			5.68181818181818	-0.671717171717172
			5.68686868686869	-0.676767676767677
			5.69191919191919	-0.681818181818182
			5.6969696969697	-0.686868686868687
			5.7020202020202	-0.691919191919192
			5.70707070707071	-0.696969696969697
			5.71212121212121	-0.702020202020202
			5.71717171717172	-0.707070707070707
			5.72222222222222	-0.712121212121212
			5.72727272727273	-0.717171717171717
			5.73232323232323	-0.722222222222222
			5.73737373737374	-0.727272727272727
			5.74242424242424	-0.732323232323232
			5.74747474747475	-0.737373737373737
			5.75252525252525	-0.742424242424243
			5.75252525252525	-0.747474747474748
			5.75757575757576	-0.747474747474748
			5.76262626262626	-0.752525252525253
			5.76262626262626	-0.757575757575758
			5.76767676767677	-0.757575757575758
			5.76767676767677	-0.762626262626263
			5.77272727272727	-0.762626262626263
			5.77272727272727	-0.767676767676768
			5.77777777777778	-0.772727272727273
			5.78282828282828	-0.772727272727273
			5.78282828282828	-0.777777777777778
			5.78787878787879	-0.777777777777778
			5.78787878787879	-0.782828282828283
			5.79292929292929	-0.787878787878788
			5.7979797979798	-0.792929292929293
			5.8030303030303	-0.797979797979798
			5.80808080808081	-0.803030303030303
			5.81313131313131	-0.808080808080808
			5.81818181818182	-0.813131313131313
			5.82323232323232	-0.818181818181818
			5.82828282828283	-0.823232323232323
			5.82828282828283	-0.828282828282828
			5.83333333333333	-0.833333333333333
			5.83838383838384	-0.833333333333333
			5.83838383838384	-0.838383838383838
			5.84343434343434	-0.843434343434344
			5.84848484848485	-0.843434343434344
			5.84848484848485	-0.848484848484849
			5.85353535353535	-0.853535353535354
			5.85858585858586	-0.858585858585859
			5.86363636363636	-0.863636363636364
			5.86868686868687	-0.868686868686869
			5.87373737373737	-0.873737373737374
			5.87878787878788	-0.878787878787879
			5.87878787878788	-0.883838383838384
			5.88383838383838	-0.888888888888889
			5.88888888888889	-0.888888888888889
			5.88888888888889	-0.893939393939394
			5.89393939393939	-0.898989898989899
			5.89393939393939	-0.904040404040404
			5.8989898989899	-0.904040404040404
			5.9040404040404	-0.909090909090909
			5.9040404040404	-0.914141414141414
			5.90909090909091	-0.919191919191919
			5.91414141414141	-0.919191919191919
			5.91414141414141	-0.924242424242424
			5.91919191919192	-0.929292929292929
			5.92424242424242	-0.934343434343434
			5.92929292929293	-0.939393939393939
			5.92929292929293	-0.944444444444445
			5.93434343434344	-0.94949494949495
			5.93939393939394	-0.954545454545455
			5.94444444444444	-0.95959595959596
			5.94949494949495	-0.964646464646465
			5.95454545454546	-0.96969696969697
			5.95959595959596	-0.974747474747475
			5.95959595959596	-0.97979797979798
			5.96464646464647	-0.984848484848485
			5.96969696969697	-0.98989898989899
			5.96969696969697	-0.994949494949495
			5.97474747474747	-1
			5.97979797979798	-1.00505050505051
			5.97979797979798	-1.01010101010101
			5.97979797979798	-1.01515151515152
			5.98484848484849	-1.02020202020202
			5.98484848484849	-1.02525252525253
			5.98484848484849	-1.03030303030303
			5.98484848484849	-1.03535353535354
			5.98484848484849	-1.04040404040404
			5.98989898989899	-1.04040404040404
			5.98989898989899	-1.04545454545455
			5.98989898989899	-1.05050505050505
			5.98989898989899	-1.05555555555556
			5.9949494949495	-1.06060606060606
			5.9949494949495	-1.06565656565657
			5.9949494949495	-1.07070707070707
			5.9949494949495	-1.07575757575758
			5.9949494949495	-1.08080808080808
			6	-1.08585858585859
			6	-1.09090909090909
			6	-1.0959595959596
			6	-1.1010101010101
			6.00505050505051	-1.10606060606061
			6.00505050505051	-1.11111111111111
			6.00505050505051	-1.11616161616162
			6.00505050505051	-1.12121212121212
			6.01010101010101	-1.12626262626263
			6.01010101010101	-1.13131313131313
			6.01010101010101	-1.13636363636364
			6.01010101010101	-1.14141414141414
			6.01515151515152	-1.14646464646465
			6.01515151515152	-1.15151515151515
			6.01515151515152	-1.15656565656566
			6.01515151515152	-1.16161616161616
			6.02020202020202	-1.16161616161616
			6.02020202020202	-1.16666666666667
			6.02020202020202	-1.17171717171717
			6.02020202020202	-1.17676767676768
			6.02020202020202	-1.18181818181818
			6.02525252525253	-1.18686868686869
			6.02525252525253	-1.19191919191919
			6.02525252525253	-1.1969696969697
			6.03030303030303	-1.2020202020202
			6.03030303030303	-1.20707070707071
			6.03030303030303	-1.21212121212121
			6.03030303030303	-1.21717171717172
			6.03535353535354	-1.21717171717172
			6.03535353535354	-1.22222222222222
			6.03535353535354	-1.22727272727273
			6.03535353535354	-1.23232323232323
			6.03535353535354	-1.23737373737374
			6.03030303030303	-1.24242424242424
			6.03030303030303	-1.24747474747475
			6.03030303030303	-1.25252525252525
			6.03030303030303	-1.25757575757576
			6.03030303030303	-1.26262626262626
			6.03030303030303	-1.26767676767677
			6.02525252525253	-1.27272727272727
			6.02525252525253	-1.27777777777778
			6.02525252525253	-1.28282828282828
			6.02525252525253	-1.28787878787879
			6.02525252525253	-1.29292929292929
			6.02020202020202	-1.2979797979798
			6.02020202020202	-1.3030303030303
			6.02020202020202	-1.30808080808081
			6.02020202020202	-1.31313131313131
			6.02020202020202	-1.31818181818182
			6.01515151515152	-1.31818181818182
			6.01515151515152	-1.32323232323232
			6.01515151515152	-1.32828282828283
			6.01515151515152	-1.33333333333333
			6.01515151515152	-1.33838383838384
			6.01010101010101	-1.34343434343434
			6.01010101010101	-1.34848484848485
			6.01010101010101	-1.35353535353535
			6.01010101010101	-1.35858585858586
			6.00505050505051	-1.36363636363636
			6.00505050505051	-1.36868686868687
			6.00505050505051	-1.37373737373737
			6.00505050505051	-1.37878787878788
			6	-1.38383838383838
			6	-1.38888888888889
			6	-1.39393939393939
			6	-1.3989898989899
			5.9949494949495	-1.4040404040404
			5.9949494949495	-1.40909090909091
			5.9949494949495	-1.41414141414141
			5.9949494949495	-1.41919191919192
			5.98989898989899	-1.42424242424242
			5.98989898989899	-1.42929292929293
			5.98989898989899	-1.43434343434343
			5.98989898989899	-1.43939393939394
			5.98484848484849	-1.44444444444444
			5.98484848484849	-1.44949494949495
			5.98484848484849	-1.45454545454545
			5.97979797979798	-1.45959595959596
			5.97979797979798	-1.46464646464646
			5.97979797979798	-1.46969696969697
			5.97474747474747	-1.47474747474747
			5.97474747474747	-1.47979797979798
			5.97474747474747	-1.48484848484849
			5.96969696969697	-1.48989898989899
			5.96969696969697	-1.4949494949495
			5.96969696969697	-1.5
			5.96969696969697	-1.50505050505051
			5.96464646464647	-1.51010101010101
			5.96464646464647	-1.51515151515152
			5.96464646464647	-1.52020202020202
			5.95959595959596	-1.52525252525253
			5.95959595959596	-1.53030303030303
			5.95959595959596	-1.53535353535354
			5.95454545454546	-1.54040404040404
			5.95454545454546	-1.54545454545455
			5.95454545454546	-1.55050505050505
			5.94949494949495	-1.55555555555556
			5.94949494949495	-1.56060606060606
			5.94444444444444	-1.56565656565657
			5.94444444444444	-1.57070707070707
			5.94444444444444	-1.57575757575758
			5.93939393939394	-1.58080808080808
			5.93939393939394	-1.58585858585859
			5.93434343434344	-1.59090909090909
			5.93434343434344	-1.5959595959596
			5.93434343434344	-1.6010101010101
			5.92929292929293	-1.60606060606061
			5.92929292929293	-1.61111111111111
			5.92424242424242	-1.61616161616162
			5.92424242424242	-1.62121212121212
			5.92424242424242	-1.62626262626263
			5.91919191919192	-1.63131313131313
			5.91919191919192	-1.63636363636364
			5.91414141414141	-1.64141414141414
			5.91414141414141	-1.64646464646465
			5.90909090909091	-1.65151515151515
			5.90909090909091	-1.65656565656566
			5.90909090909091	-1.66161616161616
			5.9040404040404	-1.66666666666667
			5.9040404040404	-1.67171717171717
			5.8989898989899	-1.67171717171717
			5.8989898989899	-1.67676767676768
			5.89393939393939	-1.68181818181818
			5.89393939393939	-1.68686868686869
			5.89393939393939	-1.69191919191919
			5.88888888888889	-1.6969696969697
			5.88888888888889	-1.7020202020202
			5.88383838383838	-1.70707070707071
			5.88383838383838	-1.71212121212121
			5.87878787878788	-1.71212121212121
			5.87878787878788	-1.71717171717172
			5.87373737373737	-1.72222222222222
			5.87373737373737	-1.72727272727273
			5.86868686868687	-1.73232323232323
			5.86868686868687	-1.73737373737374
			5.86363636363636	-1.74242424242424
			5.86363636363636	-1.74747474747475
			5.85858585858586	-1.75252525252525
			5.85353535353535	-1.75757575757576
			5.85353535353535	-1.76262626262626
			5.84848484848485	-1.76767676767677
			5.84848484848485	-1.77272727272727
			5.84343434343434	-1.77777777777778
			5.83838383838384	-1.78282828282828
			5.83838383838384	-1.78787878787879
			5.83333333333333	-1.79292929292929
			5.83333333333333	-1.7979797979798
			5.82828282828283	-1.8030303030303
			5.82323232323232	-1.80808080808081
			5.82323232323232	-1.81313131313131
			5.81818181818182	-1.81818181818182
			5.81313131313131	-1.82323232323232
			5.81313131313131	-1.82828282828283
			5.80808080808081	-1.82828282828283
			5.80808080808081	-1.83333333333333
			5.8030303030303	-1.83838383838384
			5.7979797979798	-1.84343434343434
			5.7979797979798	-1.84848484848485
			5.79292929292929	-1.85353535353535
			5.78787878787879	-1.85858585858586
			5.78787878787879	-1.86363636363636
			5.78282828282828	-1.86363636363636
			5.77777777777778	-1.86868686868687
			5.77777777777778	-1.87373737373737
			5.77272727272727	-1.87878787878788
			5.76767676767677	-1.88383838383838
			5.76262626262626	-1.88888888888889
			5.76262626262626	-1.89393939393939
			5.76262626262626	-1.8989898989899
			5.75757575757576	-1.9040404040404
			5.75757575757576	-1.90909090909091
			5.75757575757576	-1.91414141414141
			5.75252525252525	-1.91919191919192
			5.74747474747475	-1.92424242424242
			5.74747474747475	-1.92929292929293
			5.74747474747475	-1.93434343434343
			5.74242424242424	-1.93939393939394
			5.74242424242424	-1.94444444444444
			5.73737373737374	-1.94949494949495
			5.73737373737374	-1.95454545454545
			5.73737373737374	-1.95959595959596
			5.73232323232323	-1.96464646464646
			5.73232323232323	-1.96969696969697
			5.72727272727273	-1.97474747474747
			5.72727272727273	-1.97979797979798
			5.72222222222222	-1.98484848484849
			5.72222222222222	-1.98989898989899
			5.72222222222222	-1.9949494949495
			5.71717171717172	-2
			5.71717171717172	-2.00505050505051
			5.71212121212121	-2.01010101010101
			5.71212121212121	-2.01515151515152
			5.70707070707071	-2.02020202020202
			5.70707070707071	-2.02525252525253
			5.70707070707071	-2.03030303030303
			5.7020202020202	-2.03535353535354
			5.7020202020202	-2.04040404040404
			5.6969696969697	-2.04545454545455
			5.6969696969697	-2.05050505050505
			5.6969696969697	-2.05555555555556
			5.69191919191919	-2.06060606060606
			5.69191919191919	-2.06565656565657
			5.68686868686869	-2.07070707070707
			5.68686868686869	-2.07575757575758
			5.68181818181818	-2.08080808080808
			5.68181818181818	-2.08585858585859
			5.67676767676768	-2.09090909090909
			5.67676767676768	-2.0959595959596
			5.67171717171717	-2.1010101010101
			5.67171717171717	-2.10606060606061
			5.67171717171717	-2.11111111111111
			5.66666666666667	-2.11616161616162
			5.66666666666667	-2.12121212121212
			5.66161616161616	-2.12626262626263
			5.66161616161616	-2.13131313131313
			5.66161616161616	-2.13636363636364
			5.65656565656566	-2.14141414141414
			5.65656565656566	-2.14646464646465
			5.65151515151515	-2.15151515151515
			5.65151515151515	-2.15656565656566
			5.65151515151515	-2.16161616161616
			5.64646464646465	-2.16666666666667
			5.64646464646465	-2.17171717171717
			5.64141414141414	-2.17676767676768
			5.64141414141414	-2.18181818181818
			5.63636363636364	-2.18686868686869
			5.63636363636364	-2.19191919191919
			5.63636363636364	-2.1969696969697
			5.63131313131313	-2.2020202020202
			5.63131313131313	-2.20707070707071
			5.62626262626263	-2.21212121212121
			5.62626262626263	-2.21717171717172
			5.62626262626263	-2.22222222222222
			5.62626262626263	-2.22727272727273
			5.62626262626263	-2.23232323232323
			5.62626262626263	-2.23737373737374
			5.62626262626263	-2.24242424242424
			5.62626262626263	-2.24747474747475
			5.62626262626263	-2.25252525252525
			5.63131313131313	-2.25757575757576
			5.63131313131313	-2.26262626262626
			5.63131313131313	-2.26767676767677
			5.63131313131313	-2.27272727272727
			5.63131313131313	-2.27777777777778
			5.63131313131313	-2.28282828282828
			5.63131313131313	-2.28787878787879
			5.63131313131313	-2.29292929292929
			5.63131313131313	-2.2979797979798
			5.63131313131313	-2.3030303030303
			5.63131313131313	-2.30808080808081
			5.63131313131313	-2.31313131313131
			5.63636363636364	-2.31818181818182
			5.63636363636364	-2.32323232323232
			5.63636363636364	-2.32828282828283
			5.63636363636364	-2.33333333333333
			5.63636363636364	-2.33838383838384
			5.63636363636364	-2.34343434343434
			5.63636363636364	-2.34848484848485
			5.63636363636364	-2.35353535353535
			5.63636363636364	-2.35858585858586
			5.63636363636364	-2.36363636363636
			5.63636363636364	-2.36868686868687
			5.63636363636364	-2.37373737373737
			5.64141414141414	-2.37373737373737
			5.64141414141414	-2.37878787878788
			5.64141414141414	-2.38383838383838
			5.64141414141414	-2.38888888888889
			5.64141414141414	-2.39393939393939
			5.64141414141414	-2.3989898989899
			5.64141414141414	-2.4040404040404
			5.64141414141414	-2.40909090909091
			5.64141414141414	-2.41414141414141
			5.64141414141414	-2.41919191919192
			5.64141414141414	-2.42424242424242
			5.64141414141414	-2.42929292929293
			5.64141414141414	-2.43434343434343
			5.64646464646465	-2.43939393939394
			5.64646464646465	-2.44444444444444
			5.64646464646465	-2.44949494949495
			5.64646464646465	-2.45454545454545
			5.64646464646465	-2.45959595959596
			5.64646464646465	-2.46464646464646
		</glabella>
		<suture type=matrix rownames=FALSE colnames=FALSE nrow=412 ncol=2 as.numeric=TRUE >
			4.97979797979798	-0.393939393939394
			4.98484848484849	-0.393939393939394
			4.98989898989899	-0.393939393939394
			4.9949494949495	-0.393939393939394
			5	-0.393939393939394
			5.00505050505051	-0.393939393939394
			5.01010101010101	-0.393939393939394
			5.01515151515152	-0.393939393939394
			5.02020202020202	-0.393939393939394
			5.02525252525253	-0.393939393939394
			5.03030303030303	-0.393939393939394
			5.03535353535354	-0.393939393939394
			5.04040404040404	-0.393939393939394
			5.04545454545455	-0.393939393939394
			5.05050505050505	-0.393939393939394
			5.05555555555556	-0.393939393939394
			5.06060606060606	-0.398989898989899
			5.06565656565657	-0.398989898989899
			5.07070707070707	-0.398989898989899
			5.07575757575758	-0.398989898989899
			5.08080808080808	-0.398989898989899
			5.08585858585859	-0.398989898989899
			5.09090909090909	-0.398989898989899
			5.0959595959596	-0.398989898989899
			5.1010101010101	-0.398989898989899
			5.10606060606061	-0.398989898989899
			5.11111111111111	-0.398989898989899
			5.11616161616162	-0.398989898989899
			5.12121212121212	-0.404040404040404
			5.12626262626263	-0.404040404040404
			5.13131313131313	-0.404040404040404
			5.13636363636364	-0.404040404040404
			5.14141414141414	-0.404040404040404
			5.14646464646465	-0.404040404040404
			5.15151515151515	-0.404040404040404
			5.15656565656566	-0.409090909090909
			5.16161616161616	-0.409090909090909
			5.16666666666667	-0.409090909090909
			5.17171717171717	-0.409090909090909
			5.17676767676768	-0.409090909090909
			5.18181818181818	-0.409090909090909
			5.18686868686869	-0.414141414141414
			5.19191919191919	-0.414141414141414
			5.1969696969697	-0.414141414141414
			5.2020202020202	-0.414141414141414
			5.20707070707071	-0.414141414141414
			5.21212121212121	-0.414141414141414
			5.21717171717172	-0.419191919191919
			5.22222222222222	-0.419191919191919
			5.22727272727273	-0.419191919191919
			5.23232323232323	-0.419191919191919
			5.23737373737374	-0.424242424242424
			5.24242424242424	-0.424242424242424
			5.24747474747475	-0.424242424242424
			5.25252525252525	-0.424242424242424
			5.25757575757576	-0.429292929292929
			5.26262626262626	-0.429292929292929
			5.26767676767677	-0.429292929292929
			5.27272727272727	-0.429292929292929
			5.27777777777778	-0.434343434343434
			5.28282828282828	-0.434343434343434
			5.28787878787879	-0.434343434343434
			5.29292929292929	-0.434343434343434
			5.2979797979798	-0.439393939393939
			5.3030303030303	-0.439393939393939
			5.30808080808081	-0.439393939393939
			5.31313131313131	-0.444444444444444
			5.31818181818182	-0.444444444444444
			5.32323232323232	-0.444444444444444
			5.32828282828283	-0.44949494949495
			5.33333333333333	-0.44949494949495
			5.33838383838384	-0.44949494949495
			5.34343434343434	-0.454545454545455
			5.34848484848485	-0.454545454545455
			5.35353535353535	-0.454545454545455
			5.35353535353535	-0.45959595959596
			5.35858585858586	-0.45959595959596
			5.36363636363636	-0.45959595959596
			5.36868686868687	-0.464646464646465
			5.37373737373737	-0.464646464646465
			5.37878787878788	-0.464646464646465
			5.38383838383838	-0.46969696969697
			5.38888888888889	-0.46969696969697
			5.39393939393939	-0.46969696969697
			5.3989898989899	-0.474747474747475
			5.4040404040404	-0.474747474747475
			5.40909090909091	-0.47979797979798
			5.41414141414141	-0.47979797979798
			5.41919191919192	-0.484848484848485
			5.42424242424242	-0.484848484848485
			5.42929292929293	-0.48989898989899
			5.43434343434344	-0.48989898989899
			5.43939393939394	-0.48989898989899
			5.43939393939394	-0.494949494949495
			5.44444444444444	-0.494949494949495
			5.44949494949495	-0.494949494949495
			5.44949494949495	-0.5
			5.45454545454546	-0.5
			5.45959595959596	-0.5
			5.45959595959596	-0.505050505050505
			5.46464646464647	-0.505050505050505
			5.46969696969697	-0.51010101010101
			5.47474747474747	-0.51010101010101
			5.47979797979798	-0.515151515151515
			5.48484848484849	-0.515151515151515
			5.48989898989899	-0.52020202020202
			5.4949494949495	-0.52020202020202
			5.5	-0.525252525252525
			5.50505050505051	-0.53030303030303
			5.51010101010101	-0.53030303030303
			5.51515151515152	-0.535353535353535
			5.52020202020202	-0.535353535353535
			5.52525252525253	-0.54040404040404
			5.53030303030303	-0.54040404040404
			5.53535353535354	-0.545454545454546
			5.54040404040404	-0.55050505050505
			5.54545454545455	-0.555555555555556
			5.55050505050505	-0.555555555555556
			5.55555555555556	-0.560606060606061
			5.56060606060606	-0.565656565656566
			5.56565656565657	-0.565656565656566
			5.57070707070707	-0.570707070707071
			5.57575757575758	-0.575757575757576
			5.58080808080808	-0.580808080808081
			5.58585858585859	-0.580808080808081
			5.59090909090909	-0.585858585858586
			5.5959595959596	-0.590909090909091
			5.6010101010101	-0.590909090909091
			5.60606060606061	-0.595959595959596
			5.61111111111111	-0.601010101010101
			5.61616161616162	-0.606060606060606
			5.62121212121212	-0.611111111111111
			5.62626262626263	-0.616161616161616
			5.63131313131313	-0.621212121212121
			5.63636363636364	-0.626262626262626
			5.64141414141414	-0.631313131313131
			5.64646464646465	-0.631313131313131
			5.65151515151515	-0.636363636363636
			5.65656565656566	-0.641414141414141
			5.65656565656566	-0.646464646464647
			5.66161616161616	-0.651515151515152
			5.66666666666667	-0.656565656565657
			5.67171717171717	-0.656565656565657
			5.67676767676768	-0.661616161616162
			5.68181818181818	-0.666666666666667
			5.68686868686869	-0.671717171717172
			5.69191919191919	-0.676767676767677
			5.6969696969697	-0.676767676767677
			5.6969696969697	-0.681818181818182
			5.7020202020202	-0.686868686868687
			5.70707070707071	-0.691919191919192
			5.71212121212121	-0.691919191919192
			5.71717171717172	-0.696969696969697
			5.72222222222222	-0.702020202020202
			5.72727272727273	-0.702020202020202
			5.73232323232323	-0.707070707070707
			5.73232323232323	-0.712121212121212
			5.73737373737374	-0.717171717171717
			5.74242424242424	-0.717171717171717
			5.74747474747475	-0.722222222222222
			5.75252525252525	-0.727272727272727
			5.75757575757576	-0.727272727272727
			5.75757575757576	-0.732323232323232
			5.76262626262626	-0.732323232323232
			5.76767676767677	-0.737373737373737
			5.77272727272727	-0.742424242424243
			5.77777777777778	-0.742424242424243
			5.77777777777778	-0.747474747474748
			5.78282828282828	-0.747474747474748
			5.78787878787879	-0.752525252525253
			5.79292929292929	-0.757575757575758
			5.7979797979798	-0.757575757575758
			5.7979797979798	-0.762626262626263
			5.8030303030303	-0.762626262626263
			5.80808080808081	-0.767676767676768
			5.81313131313131	-0.767676767676768
			5.81818181818182	-0.772727272727273
			5.82323232323232	-0.777777777777778
			5.82828282828283	-0.782828282828283
			5.83333333333333	-0.782828282828283
			5.83838383838384	-0.787878787878788
			5.84343434343434	-0.787878787878788
			5.84848484848485	-0.792929292929293
			5.85353535353535	-0.792929292929293
			5.85858585858586	-0.797979797979798
			5.86363636363636	-0.803030303030303
			5.86868686868687	-0.803030303030303
			5.87373737373737	-0.808080808080808
			5.87878787878788	-0.808080808080808
			5.88383838383838	-0.813131313131313
			5.88888888888889	-0.813131313131313
			5.89393939393939	-0.818181818181818
			5.8989898989899	-0.823232323232323
			5.9040404040404	-0.823232323232323
			5.90909090909091	-0.823232323232323
			5.91414141414141	-0.828282828282828
			5.91919191919192	-0.828282828282828
			5.92424242424242	-0.833333333333333
			5.92929292929293	-0.833333333333333
			5.93434343434344	-0.833333333333333
			5.93939393939394	-0.838383838383838
			5.94444444444444	-0.838383838383838
			5.94949494949495	-0.838383838383838
			5.94949494949495	-0.843434343434344
			5.95454545454546	-0.843434343434344
			5.95959595959596	-0.843434343434344
			5.96464646464647	-0.843434343434344
			5.96969696969697	-0.843434343434344
			5.96969696969697	-0.848484848484849
			5.97474747474747	-0.848484848484849
			5.97979797979798	-0.848484848484849
			5.98484848484849	-0.848484848484849
			5.98989898989899	-0.848484848484849
			5.9949494949495	-0.853535353535354
			6	-0.853535353535354
			6.00505050505051	-0.853535353535354
			6.01010101010101	-0.853535353535354
			6.01515151515152	-0.853535353535354
			6.02020202020202	-0.853535353535354
			6.02525252525253	-0.853535353535354
			6.03030303030303	-0.853535353535354
			6.03535353535354	-0.848484848484849
			6.04040404040404	-0.848484848484849
			6.04545454545455	-0.848484848484849
			6.05050505050505	-0.848484848484849
			6.05555555555556	-0.848484848484849
			6.06060606060606	-0.843434343434344
			6.06565656565657	-0.843434343434344
			6.07070707070707	-0.843434343434344
			6.07575757575758	-0.843434343434344
			6.08080808080808	-0.843434343434344
			6.08585858585859	-0.838383838383838
			6.09090909090909	-0.838383838383838
			6.0959595959596	-0.838383838383838
			6.1010101010101	-0.838383838383838
			6.10606060606061	-0.838383838383838
			6.11111111111111	-0.833333333333333
			6.11616161616162	-0.833333333333333
			6.12121212121212	-0.833333333333333
			6.12626262626263	-0.833333333333333
			6.13131313131313	-0.833333333333333
			6.13636363636364	-0.828282828282828
			6.14141414141414	-0.828282828282828
			6.14646464646465	-0.828282828282828
			6.15151515151515	-0.828282828282828
			6.15656565656566	-0.828282828282828
			6.16161616161616	-0.828282828282828
			6.16161616161616	-0.823232323232323
			6.16666666666667	-0.823232323232323
			6.17171717171717	-0.823232323232323
			6.17676767676768	-0.823232323232323
			6.18181818181818	-0.823232323232323
			6.18686868686869	-0.818181818181818
			6.19191919191919	-0.818181818181818
			6.1969696969697	-0.818181818181818
			6.2020202020202	-0.818181818181818
			6.20707070707071	-0.818181818181818
			6.20707070707071	-0.813131313131313
			6.21212121212121	-0.813131313131313
			6.21717171717172	-0.813131313131313
			6.22222222222222	-0.813131313131313
			6.22727272727273	-0.813131313131313
			6.23232323232323	-0.808080808080808
			6.23737373737374	-0.808080808080808
			6.24242424242424	-0.808080808080808
			6.24747474747475	-0.808080808080808
			6.25252525252525	-0.808080808080808
			6.25252525252525	-0.803030303030303
			6.25757575757576	-0.803030303030303
			6.26262626262626	-0.803030303030303
			6.26767676767677	-0.803030303030303
			6.27272727272727	-0.803030303030303
			6.27777777777778	-0.797979797979798
			6.28282828282828	-0.797979797979798
			6.28787878787879	-0.803030303030303
			6.29292929292929	-0.803030303030303
			6.2979797979798	-0.808080808080808
			6.3030303030303	-0.808080808080808
			6.30808080808081	-0.813131313131313
			6.31313131313131	-0.813131313131313
			6.31818181818182	-0.818181818181818
			6.32323232323232	-0.818181818181818
			6.32828282828283	-0.823232323232323
			6.33333333333333	-0.828282828282828
			6.33838383838384	-0.833333333333333
			6.34343434343434	-0.833333333333333
			6.34343434343434	-0.838383838383838
			6.34848484848485	-0.838383838383838
			6.35353535353535	-0.843434343434344
			6.35353535353535	-0.848484848484849
			6.35858585858586	-0.848484848484849
			6.36363636363636	-0.853535353535354
			6.36363636363636	-0.858585858585859
			6.36868686868687	-0.858585858585859
			6.36868686868687	-0.863636363636364
			6.37373737373737	-0.868686868686869
			6.37878787878788	-0.868686868686869
			6.37878787878788	-0.873737373737374
			6.38383838383838	-0.878787878787879
			6.38888888888889	-0.883838383838384
			6.38888888888889	-0.888888888888889
			6.39393939393939	-0.893939393939394
			6.39393939393939	-0.898989898989899
			6.39393939393939	-0.904040404040404
			6.3989898989899	-0.909090909090909
			6.3989898989899	-0.914141414141414
			6.4040404040404	-0.919191919191919
			6.4040404040404	-0.924242424242424
			6.4040404040404	-0.929292929292929
			6.40909090909091	-0.934343434343434
			6.40909090909091	-0.939393939393939
			6.40909090909091	-0.944444444444445
			6.40909090909091	-0.94949494949495
			6.40909090909091	-0.954545454545455
			6.40909090909091	-0.95959595959596
			6.41414141414141	-0.964646464646465
			6.41414141414141	-0.96969696969697
			6.41414141414141	-0.974747474747475
			6.41414141414141	-0.97979797979798
			6.41414141414141	-0.984848484848485
			6.41414141414141	-0.98989898989899
			6.41414141414141	-0.994949494949495
			6.41414141414141	-1
			6.41414141414141	-1.00505050505051
			6.41414141414141	-1.01010101010101
			6.40909090909091	-1.01515151515152
			6.40909090909091	-1.02020202020202
			6.40909090909091	-1.02525252525253
			6.40909090909091	-1.03030303030303
			6.40909090909091	-1.03535353535354
			6.40909090909091	-1.04040404040404
			6.4040404040404	-1.04545454545455
			6.4040404040404	-1.05050505050505
			6.4040404040404	-1.05555555555556
			6.4040404040404	-1.06060606060606
			6.4040404040404	-1.06565656565657
			6.3989898989899	-1.07070707070707
			6.3989898989899	-1.07575757575758
			6.3989898989899	-1.08080808080808
			6.39393939393939	-1.08585858585859
			6.39393939393939	-1.09090909090909
			6.39393939393939	-1.0959595959596
			6.38888888888889	-1.1010101010101
			6.38888888888889	-1.10606060606061
			6.38888888888889	-1.11111111111111
			6.38383838383838	-1.11616161616162
			6.38383838383838	-1.12121212121212
			6.38888888888889	-1.12121212121212
			6.39393939393939	-1.12121212121212
			6.3989898989899	-1.12121212121212
			6.4040404040404	-1.12121212121212
			6.40909090909091	-1.12121212121212
			6.41414141414141	-1.12121212121212
			6.41919191919192	-1.12121212121212
			6.42424242424242	-1.12121212121212
			6.42929292929293	-1.11616161616162
			6.43434343434344	-1.11616161616162
			6.43939393939394	-1.11616161616162
			6.44444444444444	-1.11616161616162
			6.44949494949495	-1.11616161616162
			6.45454545454546	-1.11616161616162
			6.45959595959596	-1.11616161616162
			6.46464646464647	-1.11616161616162
			6.46969696969697	-1.11616161616162
			6.47474747474747	-1.11616161616162
			6.47979797979798	-1.11616161616162
			6.48484848484849	-1.11616161616162
			6.48989898989899	-1.11616161616162
			6.4949494949495	-1.11616161616162
			6.5	-1.11111111111111
			6.50505050505051	-1.11111111111111
			6.51010101010101	-1.11111111111111
			6.51515151515152	-1.11111111111111
			6.52020202020202	-1.11111111111111
			6.52525252525253	-1.11111111111111
			6.53030303030303	-1.11111111111111
			6.53535353535354	-1.11111111111111
			6.54040404040404	-1.11111111111111
			6.54545454545455	-1.11111111111111
			6.55050505050505	-1.11111111111111
			6.55555555555556	-1.11111111111111
			6.56060606060606	-1.10606060606061
			6.56565656565657	-1.10606060606061
			6.57070707070707	-1.10606060606061
			6.57575757575758	-1.10606060606061
			6.58080808080808	-1.10606060606061
			6.58585858585859	-1.10606060606061
			6.59090909090909	-1.10606060606061
			6.5959595959596	-1.10606060606061
			6.6010101010101	-1.10606060606061
			6.60606060606061	-1.10606060606061
			6.61111111111111	-1.10606060606061
			6.61616161616162	-1.10606060606061
			6.62121212121212	-1.10606060606061
			6.62626262626263	-1.1010101010101
			6.63131313131313	-1.1010101010101
			6.63636363636364	-1.1010101010101
			6.64141414141414	-1.1010101010101
			6.64646464646465	-1.1010101010101
			6.65151515151515	-1.1010101010101
			6.65656565656566	-1.1010101010101
			6.66161616161616	-1.1010101010101
			6.66666666666667	-1.1010101010101
			6.67171717171717	-1.1010101010101
			6.67676767676768	-1.1010101010101
			6.68181818181818	-1.1010101010101
			6.68686868686869	-1.0959595959596
			6.69191919191919	-1.0959595959596
			6.6969696969697	-1.0959595959596
			6.7020202020202	-1.0959595959596
			6.70707070707071	-1.0959595959596
			6.71212121212121	-1.0959595959596
		</suture>
		<anterior type=matrix rownames=FALSE colnames=FALSE nrow=921 ncol=2 as.numeric=TRUE >
			4.97979797979798	-0.393939393939394
			4.98484848484849	-0.393939393939394
			4.98989898989899	-0.393939393939394
			4.9949494949495	-0.393939393939394
			5	-0.393939393939394
			5.00505050505051	-0.393939393939394
			5.01010101010101	-0.393939393939394
			5.01515151515152	-0.393939393939394
			5.02020202020202	-0.393939393939394
			5.02525252525253	-0.393939393939394
			5.03030303030303	-0.393939393939394
			5.03535353535354	-0.393939393939394
			5.04040404040404	-0.393939393939394
			5.04545454545455	-0.393939393939394
			5.05050505050505	-0.393939393939394
			5.05555555555556	-0.393939393939394
			5.06060606060606	-0.398989898989899
			5.06565656565657	-0.398989898989899
			5.07070707070707	-0.398989898989899
			5.07575757575758	-0.398989898989899
			5.08080808080808	-0.398989898989899
			5.08585858585859	-0.398989898989899
			5.09090909090909	-0.398989898989899
			5.0959595959596	-0.398989898989899
			5.1010101010101	-0.398989898989899
			5.10606060606061	-0.398989898989899
			5.11111111111111	-0.398989898989899
			5.11616161616162	-0.398989898989899
			5.12121212121212	-0.404040404040404
			5.12626262626263	-0.404040404040404
			5.13131313131313	-0.404040404040404
			5.13636363636364	-0.404040404040404
			5.14141414141414	-0.404040404040404
			5.14646464646465	-0.404040404040404
			5.15151515151515	-0.404040404040404
			5.15656565656566	-0.404040404040404
			5.16161616161616	-0.409090909090909
			5.16666666666667	-0.409090909090909
			5.17171717171717	-0.409090909090909
			5.17676767676768	-0.409090909090909
			5.18181818181818	-0.409090909090909
			5.18686868686869	-0.414141414141414
			5.19191919191919	-0.414141414141414
			5.1969696969697	-0.414141414141414
			5.2020202020202	-0.414141414141414
			5.20707070707071	-0.414141414141414
			5.21212121212121	-0.414141414141414
			5.21717171717172	-0.419191919191919
			5.22222222222222	-0.419191919191919
			5.22727272727273	-0.419191919191919
			5.23232323232323	-0.419191919191919
			5.23737373737374	-0.424242424242424
			5.24242424242424	-0.424242424242424
			5.24747474747475	-0.424242424242424
			5.25252525252525	-0.424242424242424
			5.25757575757576	-0.424242424242424
			5.26262626262626	-0.429292929292929
			5.26767676767677	-0.429292929292929
			5.27272727272727	-0.429292929292929
			5.27777777777778	-0.429292929292929
			5.27777777777778	-0.434343434343434
			5.28282828282828	-0.434343434343434
			5.28787878787879	-0.434343434343434
			5.29292929292929	-0.439393939393939
			5.2979797979798	-0.439393939393939
			5.3030303030303	-0.439393939393939
			5.30808080808081	-0.439393939393939
			5.31313131313131	-0.444444444444444
			5.31818181818182	-0.444444444444444
			5.32323232323232	-0.444444444444444
			5.32828282828283	-0.44949494949495
			5.33333333333333	-0.44949494949495
			5.33838383838384	-0.44949494949495
			5.34343434343434	-0.454545454545455
			5.34848484848485	-0.454545454545455
			5.35353535353535	-0.45959595959596
			5.35858585858586	-0.45959595959596
			5.36363636363636	-0.45959595959596
			5.36868686868687	-0.464646464646465
			5.37373737373737	-0.464646464646465
			5.37878787878788	-0.464646464646465
			5.38383838383838	-0.46969696969697
			5.38888888888889	-0.46969696969697
			5.39393939393939	-0.474747474747475
			5.3989898989899	-0.474747474747475
			5.4040404040404	-0.474747474747475
			5.40909090909091	-0.47979797979798
			5.41414141414141	-0.47979797979798
			5.41919191919192	-0.484848484848485
			5.42424242424242	-0.484848484848485
			5.42929292929293	-0.48989898989899
			5.43434343434344	-0.48989898989899
			5.43939393939394	-0.494949494949495
			5.44444444444444	-0.494949494949495
			5.44949494949495	-0.494949494949495
			5.44949494949495	-0.5
			5.45454545454546	-0.5
			5.45959595959596	-0.5
			5.45959595959596	-0.505050505050505
			5.46464646464647	-0.505050505050505
			5.46969696969697	-0.505050505050505
			5.46969696969697	-0.51010101010101
			5.47474747474747	-0.51010101010101
			5.47979797979798	-0.515151515151515
			5.48484848484849	-0.515151515151515
			5.48989898989899	-0.52020202020202
			5.4949494949495	-0.52020202020202
			5.5	-0.525252525252525
			5.50505050505051	-0.53030303030303
			5.51010101010101	-0.53030303030303
			5.51515151515152	-0.535353535353535
			5.52020202020202	-0.535353535353535
			5.52525252525253	-0.54040404040404
			5.53030303030303	-0.545454545454546
			5.53535353535354	-0.545454545454546
			5.54040404040404	-0.55050505050505
			5.54545454545455	-0.55050505050505
			5.54545454545455	-0.555555555555556
			5.55050505050505	-0.555555555555556
			5.55555555555556	-0.560606060606061
			5.56060606060606	-0.560606060606061
			5.56565656565657	-0.565656565656566
			5.57070707070707	-0.570707070707071
			5.57575757575758	-0.570707070707071
			5.57575757575758	-0.575757575757576
			5.58080808080808	-0.575757575757576
			5.58585858585859	-0.580808080808081
			5.59090909090909	-0.585858585858586
			5.5959595959596	-0.585858585858586
			5.6010101010101	-0.590909090909091
			5.6010101010101	-0.595959595959596
			5.60606060606061	-0.595959595959596
			5.61111111111111	-0.601010101010101
			5.61616161616162	-0.606060606060606
			5.62121212121212	-0.611111111111111
			5.62626262626263	-0.616161616161616
			5.63131313131313	-0.621212121212121
			5.63636363636364	-0.626262626262626
			5.64141414141414	-0.631313131313131
			5.64646464646465	-0.631313131313131
			5.65151515151515	-0.636363636363636
			5.65656565656566	-0.641414141414141
			5.66161616161616	-0.646464646464647
			5.66666666666667	-0.651515151515152
			5.67171717171717	-0.656565656565657
			5.67676767676768	-0.661616161616162
			5.68181818181818	-0.666666666666667
			5.68686868686869	-0.671717171717172
			5.69191919191919	-0.671717171717172
			5.69191919191919	-0.676767676767677
			5.6969696969697	-0.676767676767677
			5.7020202020202	-0.681818181818182
			5.70707070707071	-0.686868686868687
			5.71212121212121	-0.691919191919192
			5.71717171717172	-0.696969696969697
			5.72222222222222	-0.696969696969697
			5.72727272727273	-0.702020202020202
			5.73232323232323	-0.707070707070707
			5.73737373737374	-0.712121212121212
			5.74242424242424	-0.712121212121212
			5.74747474747475	-0.717171717171717
			5.75252525252525	-0.722222222222222
			5.75757575757576	-0.722222222222222
			5.76262626262626	-0.727272727272727
			5.76767676767677	-0.732323232323232
			5.77272727272727	-0.737373737373737
			5.77777777777778	-0.742424242424243
			5.78282828282828	-0.742424242424243
			5.78787878787879	-0.742424242424243
			5.78787878787879	-0.747474747474748
			5.79292929292929	-0.747474747474748
			5.7979797979798	-0.752525252525253
			5.8030303030303	-0.757575757575758
			5.80808080808081	-0.757575757575758
			5.81313131313131	-0.762626262626263
			5.81818181818182	-0.762626262626263
			5.82323232323232	-0.767676767676768
			5.82828282828283	-0.767676767676768
			5.82828282828283	-0.772727272727273
			5.83333333333333	-0.772727272727273
			5.83838383838384	-0.777777777777778
			5.84343434343434	-0.777777777777778
			5.84848484848485	-0.782828282828283
			5.85353535353535	-0.782828282828283
			5.85858585858586	-0.787878787878788
			5.86363636363636	-0.787878787878788
			5.86868686868687	-0.787878787878788
			5.87373737373737	-0.792929292929293
			5.87878787878788	-0.797979797979798
			5.88383838383838	-0.797979797979798
			5.88888888888889	-0.803030303030303
			5.89393939393939	-0.803030303030303
			5.8989898989899	-0.803030303030303
			5.9040404040404	-0.808080808080808
			5.90909090909091	-0.808080808080808
			5.91414141414141	-0.808080808080808
			5.91919191919192	-0.813131313131313
			5.92424242424242	-0.813131313131313
			5.92929292929293	-0.813131313131313
			5.93434343434344	-0.818181818181818
			5.93939393939394	-0.818181818181818
			5.94444444444444	-0.818181818181818
			5.94949494949495	-0.818181818181818
			5.95454545454546	-0.823232323232323
			5.95959595959596	-0.823232323232323
			5.96464646464647	-0.823232323232323
			5.96969696969697	-0.823232323232323
			5.97474747474747	-0.823232323232323
			5.97979797979798	-0.828282828282828
			5.98484848484849	-0.828282828282828
			5.98989898989899	-0.828282828282828
			5.9949494949495	-0.828282828282828
			6	-0.828282828282828
			6.00505050505051	-0.828282828282828
			6.01010101010101	-0.828282828282828
			6.01515151515152	-0.828282828282828
			6.02020202020202	-0.828282828282828
			6.02525252525253	-0.828282828282828
			6.03030303030303	-0.828282828282828
			6.03535353535354	-0.828282828282828
			6.04040404040404	-0.828282828282828
			6.04545454545455	-0.828282828282828
			6.05050505050505	-0.828282828282828
			6.05555555555556	-0.823232323232323
			6.06060606060606	-0.823232323232323
			6.06565656565657	-0.823232323232323
			6.07070707070707	-0.818181818181818
			6.07575757575758	-0.818181818181818
			6.08080808080808	-0.818181818181818
			6.08080808080808	-0.813131313131313
			6.08585858585859	-0.813131313131313
			6.09090909090909	-0.813131313131313
			6.0959595959596	-0.813131313131313
			6.1010101010101	-0.808080808080808
			6.10606060606061	-0.808080808080808
			6.11111111111111	-0.808080808080808
			6.11616161616162	-0.803030303030303
			6.12121212121212	-0.803030303030303
			6.12626262626263	-0.803030303030303
			6.13131313131313	-0.803030303030303
			6.13636363636364	-0.797979797979798
			6.14141414141414	-0.797979797979798
			6.14646464646465	-0.797979797979798
			6.15151515151515	-0.797979797979798
			6.15656565656566	-0.792929292929293
			6.16161616161616	-0.792929292929293
			6.16666666666667	-0.792929292929293
			6.17171717171717	-0.792929292929293
			6.17676767676768	-0.787878787878788
			6.18181818181818	-0.787878787878788
			6.18686868686869	-0.787878787878788
			6.19191919191919	-0.787878787878788
			6.1969696969697	-0.787878787878788
			6.2020202020202	-0.782828282828283
			6.20707070707071	-0.782828282828283
			6.21212121212121	-0.782828282828283
			6.21717171717172	-0.782828282828283
			6.22222222222222	-0.782828282828283
			6.22727272727273	-0.782828282828283
			6.23232323232323	-0.782828282828283
			6.23737373737374	-0.777777777777778
			6.24242424242424	-0.777777777777778
			6.24747474747475	-0.777777777777778
			6.25252525252525	-0.777777777777778
			6.25757575757576	-0.777777777777778
			6.26262626262626	-0.777777777777778
			6.26767676767677	-0.777777777777778
			6.27272727272727	-0.777777777777778
			6.27777777777778	-0.777777777777778
			6.28282828282828	-0.772727272727273
			6.28787878787879	-0.772727272727273
			6.29292929292929	-0.772727272727273
			6.2979797979798	-0.772727272727273
			6.3030303030303	-0.772727272727273
			6.30808080808081	-0.772727272727273
			6.31313131313131	-0.772727272727273
			6.31818181818182	-0.772727272727273
			6.32323232323232	-0.772727272727273
			6.32828282828283	-0.777777777777778
			6.33333333333333	-0.777777777777778
			6.33838383838384	-0.782828282828283
			6.34343434343434	-0.782828282828283
			6.34848484848485	-0.782828282828283
			6.35353535353535	-0.787878787878788
			6.35858585858586	-0.787878787878788
			6.35858585858586	-0.792929292929293
			6.36363636363636	-0.792929292929293
			6.36868686868687	-0.797979797979798
			6.37373737373737	-0.797979797979798
			6.37373737373737	-0.803030303030303
			6.37878787878788	-0.808080808080808
			6.38383838383838	-0.808080808080808
			6.38888888888889	-0.813131313131313
			6.38888888888889	-0.818181818181818
			6.39393939393939	-0.818181818181818
			6.3989898989899	-0.823232323232323
			6.4040404040404	-0.828282828282828
			6.4040404040404	-0.833333333333333
			6.40909090909091	-0.833333333333333
			6.41414141414141	-0.838383838383838
			6.41414141414141	-0.843434343434344
			6.41919191919192	-0.848484848484849
			6.42424242424242	-0.853535353535354
			6.42424242424242	-0.858585858585859
			6.42929292929293	-0.863636363636364
			6.42929292929293	-0.868686868686869
			6.43434343434344	-0.873737373737374
			6.43939393939394	-0.878787878787879
			6.43939393939394	-0.883838383838384
			6.44444444444444	-0.888888888888889
			6.44444444444444	-0.893939393939394
			6.44949494949495	-0.898989898989899
			6.45454545454546	-0.904040404040404
			6.45454545454546	-0.909090909090909
			6.45454545454546	-0.914141414141414
			6.45959595959596	-0.914141414141414
			6.45959595959596	-0.919191919191919
			6.45959595959596	-0.924242424242424
			6.46464646464647	-0.929292929292929
			6.46464646464647	-0.934343434343434
			6.46969696969697	-0.939393939393939
			6.46969696969697	-0.944444444444445
			6.46969696969697	-0.94949494949495
			6.47474747474747	-0.954545454545455
			6.47474747474747	-0.95959595959596
			6.47474747474747	-0.964646464646465
			6.47979797979798	-0.96969696969697
			6.47979797979798	-0.974747474747475
			6.48484848484849	-0.97979797979798
			6.48989898989899	-0.984848484848485
			6.4949494949495	-0.98989898989899
			6.5	-0.994949494949495
			6.50505050505051	-1
			6.51010101010101	-1
			6.51010101010101	-1.00505050505051
			6.51515151515152	-1.00505050505051
			6.52020202020202	-1.01010101010101
			6.52525252525253	-1.01010101010101
			6.53030303030303	-1.01515151515152
			6.53535353535354	-1.02020202020202
			6.54040404040404	-1.02020202020202
			6.54545454545455	-1.02020202020202
			6.55050505050505	-1.02525252525253
			6.55555555555556	-1.02525252525253
			6.56060606060606	-1.02525252525253
			6.56565656565657	-1.03030303030303
			6.57070707070707	-1.03030303030303
			6.57575757575758	-1.03030303030303
			6.58080808080808	-1.03535353535354
			6.58585858585859	-1.03535353535354
			6.59090909090909	-1.03535353535354
			6.5959595959596	-1.03535353535354
			6.6010101010101	-1.04040404040404
			6.60606060606061	-1.04040404040404
			6.61111111111111	-1.04040404040404
			6.61616161616162	-1.04040404040404
			6.62121212121212	-1.04545454545455
			6.62626262626263	-1.04545454545455
			6.63131313131313	-1.04545454545455
			6.63636363636364	-1.04545454545455
			6.64141414141414	-1.05050505050505
			6.64646464646465	-1.05050505050505
			6.65151515151515	-1.05050505050505
			6.65656565656566	-1.05050505050505
			6.66161616161616	-1.05050505050505
			6.66666666666667	-1.05555555555556
			6.67171717171717	-1.05555555555556
			6.67676767676768	-1.05555555555556
			6.68181818181818	-1.05555555555556
			6.68686868686869	-1.05555555555556
			6.69191919191919	-1.06060606060606
			6.6969696969697	-1.06060606060606
			6.7020202020202	-1.06060606060606
			6.70707070707071	-1.06060606060606
			6.71212121212121	-1.06565656565657
			6.71717171717172	-1.06565656565657
			6.72222222222222	-1.06565656565657
			6.72727272727273	-1.06565656565657
			6.73232323232323	-1.06565656565657
			6.73737373737374	-1.07070707070707
			6.74242424242424	-1.07070707070707
			6.74747474747475	-1.07070707070707
			6.75252525252525	-1.07070707070707
			6.75757575757576	-1.07070707070707
			6.76262626262626	-1.07575757575758
			6.76767676767677	-1.07575757575758
			6.77272727272727	-1.07575757575758
			6.77777777777778	-1.07575757575758
			6.78282828282828	-1.07575757575758
			6.78787878787879	-1.08080808080808
			6.79292929292929	-1.08080808080808
			6.7979797979798	-1.08080808080808
			6.8030303030303	-1.08080808080808
			6.80808080808081	-1.08080808080808
			6.81313131313131	-1.08585858585859
			6.81818181818182	-1.08585858585859
			6.82323232323232	-1.08585858585859
			6.82828282828283	-1.08585858585859
			6.83333333333333	-1.08585858585859
			6.83838383838384	-1.09090909090909
			6.84343434343434	-1.09090909090909
			6.84848484848485	-1.09090909090909
			6.85353535353535	-1.09090909090909
			6.85858585858586	-1.09090909090909
			6.86363636363636	-1.0959595959596
			6.86868686868687	-1.0959595959596
			6.87373737373737	-1.0959595959596
			6.87878787878788	-1.0959595959596
			6.88383838383838	-1.0959595959596
			6.88888888888889	-1.1010101010101
			6.89393939393939	-1.1010101010101
			6.8989898989899	-1.1010101010101
			6.9040404040404	-1.1010101010101
			6.90909090909091	-1.1010101010101
			6.91414141414141	-1.10606060606061
			6.91919191919192	-1.10606060606061
			6.92424242424242	-1.10606060606061
			6.92929292929293	-1.10606060606061
			6.93434343434344	-1.10606060606061
			6.93939393939394	-1.11111111111111
			6.94444444444444	-1.11111111111111
			6.94949494949495	-1.11111111111111
			6.95454545454546	-1.11111111111111
			6.95959595959596	-1.11111111111111
			6.96464646464647	-1.11616161616162
			6.96969696969697	-1.11616161616162
			6.97474747474747	-1.11616161616162
			6.97979797979798	-1.11616161616162
			6.98484848484849	-1.11616161616162
			6.98989898989899	-1.11616161616162
			6.9949494949495	-1.12121212121212
			7	-1.12121212121212
			7.00505050505051	-1.12121212121212
			7.01010101010101	-1.12121212121212
			7.01515151515152	-1.12121212121212
			7.02020202020202	-1.12626262626263
			7.02525252525253	-1.12626262626263
			7.03030303030303	-1.12626262626263
			7.03535353535354	-1.12626262626263
			7.04040404040404	-1.12626262626263
			7.04545454545455	-1.13131313131313
			7.05050505050505	-1.13131313131313
			7.05555555555556	-1.13131313131313
			7.06060606060606	-1.13131313131313
			7.06565656565657	-1.13131313131313
			7.07070707070707	-1.13131313131313
			7.07575757575758	-1.13636363636364
			7.08080808080808	-1.13636363636364
			7.08585858585859	-1.13636363636364
			7.09090909090909	-1.13636363636364
			7.0959595959596	-1.13636363636364
			7.1010101010101	-1.14141414141414
			7.10606060606061	-1.14141414141414
			7.11111111111111	-1.14141414141414
			7.11616161616162	-1.14141414141414
			7.12121212121212	-1.14141414141414
			7.12626262626263	-1.14646464646465
			7.13131313131313	-1.14646464646465
			7.13636363636364	-1.14646464646465
			7.14141414141414	-1.14646464646465
			7.14646464646465	-1.14646464646465
			7.15151515151515	-1.14646464646465
			7.15151515151515	-1.15151515151515
			7.15656565656566	-1.15151515151515
			7.16161616161616	-1.15151515151515
			7.16666666666667	-1.15151515151515
			7.17171717171717	-1.15151515151515
			7.17676767676768	-1.15656565656566
			7.18181818181818	-1.15656565656566
			7.18686868686869	-1.15656565656566
			7.19191919191919	-1.15656565656566
			7.1969696969697	-1.15656565656566
			7.2020202020202	-1.15656565656566
			7.20707070707071	-1.16161616161616
			7.21212121212121	-1.16161616161616
			7.21717171717172	-1.16161616161616
			7.22222222222222	-1.16161616161616
			7.22727272727273	-1.16161616161616
			7.23232323232323	-1.16161616161616
			7.23737373737374	-1.16666666666667
			7.24242424242424	-1.16666666666667
			7.24747474747475	-1.16666666666667
			7.25252525252525	-1.16666666666667
			7.25757575757576	-1.16666666666667
			7.26262626262626	-1.16666666666667
			7.26767676767677	-1.17171717171717
			7.27272727272727	-1.17171717171717
			7.27777777777778	-1.17171717171717
			7.28282828282828	-1.17171717171717
			7.28787878787879	-1.17171717171717
			7.29292929292929	-1.17676767676768
			7.2979797979798	-1.17676767676768
			7.3030303030303	-1.17676767676768
			7.30808080808081	-1.17676767676768
			7.31313131313131	-1.17676767676768
			7.31818181818182	-1.17676767676768
			7.31818181818182	-1.18181818181818
			7.32323232323232	-1.18181818181818
			7.32828282828283	-1.18181818181818
			7.33333333333333	-1.18181818181818
			7.33838383838384	-1.18181818181818
			7.34343434343434	-1.18686868686869
			7.34848484848485	-1.18686868686869
			7.35353535353535	-1.18686868686869
			7.35858585858586	-1.18686868686869
			7.36363636363636	-1.18686868686869
			7.36868686868687	-1.18686868686869
			7.37373737373737	-1.18686868686869
			7.37878787878788	-1.19191919191919
			7.38383838383838	-1.19191919191919
			7.38888888888889	-1.19191919191919
			7.39393939393939	-1.19191919191919
			7.3989898989899	-1.1969696969697
			7.4040404040404	-1.1969696969697
			7.40909090909091	-1.1969696969697
			7.41414141414141	-1.1969696969697
			7.41919191919192	-1.1969696969697
			7.42424242424242	-1.1969696969697
			7.42929292929293	-1.1969696969697
			7.43434343434344	-1.2020202020202
			7.43939393939394	-1.2020202020202
			7.44444444444444	-1.2020202020202
			7.44949494949495	-1.2020202020202
			7.45454545454546	-1.2020202020202
			7.45959595959596	-1.20707070707071
			7.46464646464647	-1.20707070707071
			7.46969696969697	-1.20707070707071
			7.47474747474748	-1.20707070707071
			7.47979797979798	-1.20707070707071
			7.48484848484849	-1.20707070707071
			7.48989898989899	-1.21212121212121
			7.4949494949495	-1.21212121212121
			7.5	-1.21212121212121
			7.50505050505051	-1.21717171717172
			7.51010101010101	-1.21717171717172
			7.51515151515152	-1.21717171717172
			7.52020202020202	-1.22222222222222
			7.52525252525253	-1.22222222222222
			7.53030303030303	-1.22727272727273
			7.53535353535354	-1.22727272727273
			7.54040404040404	-1.23232323232323
			7.54545454545455	-1.23232323232323
			7.55050505050505	-1.23737373737374
			7.55555555555556	-1.23737373737374
			7.56060606060606	-1.23737373737374
			7.56060606060606	-1.24242424242424
			7.56565656565657	-1.24242424242424
			7.57070707070707	-1.24747474747475
			7.57575757575758	-1.24747474747475
			7.58080808080808	-1.25252525252525
			7.58585858585859	-1.25252525252525
			7.59090909090909	-1.25252525252525
			7.5959595959596	-1.25757575757576
			7.6010101010101	-1.25757575757576
			7.60606060606061	-1.26262626262626
			7.61111111111111	-1.26262626262626
			7.61111111111111	-1.26767676767677
			7.61616161616162	-1.26767676767677
			7.62121212121212	-1.26767676767677
			7.62626262626263	-1.27272727272727
			7.63131313131313	-1.27272727272727
			7.63636363636364	-1.27777777777778
			7.64141414141414	-1.27777777777778
			7.64646464646465	-1.28282828282828
			7.65151515151515	-1.28282828282828
			7.65656565656566	-1.28787878787879
			7.66161616161616	-1.28787878787879
			7.66666666666667	-1.29292929292929
			7.67171717171717	-1.29292929292929
			7.67676767676768	-1.29292929292929
			7.67676767676768	-1.2979797979798
			7.68181818181818	-1.2979797979798
			7.68686868686869	-1.2979797979798
			7.68686868686869	-1.3030303030303
			7.69191919191919	-1.3030303030303
			7.6969696969697	-1.3030303030303
			7.6969696969697	-1.30808080808081
			7.7020202020202	-1.30808080808081
			7.70707070707071	-1.31313131313131
			7.71212121212121	-1.31313131313131
			7.71717171717172	-1.31818181818182
			7.72222222222222	-1.31818181818182
			7.72727272727273	-1.31818181818182
			7.72727272727273	-1.32323232323232
			7.73232323232323	-1.32323232323232
			7.73737373737374	-1.32323232323232
			7.74242424242424	-1.32828282828283
			7.74747474747475	-1.33333333333333
			7.75252525252525	-1.33333333333333
			7.75757575757576	-1.33333333333333
			7.76262626262626	-1.33838383838384
			7.76767676767677	-1.33838383838384
			7.77272727272727	-1.34343434343434
			7.77777777777778	-1.34848484848485
			7.78282828282828	-1.34848484848485
			7.78787878787879	-1.35353535353535
			7.79292929292929	-1.35353535353535
			7.7979797979798	-1.35858585858586
			7.8030303030303	-1.35858585858586
			7.80808080808081	-1.36363636363636
			7.81313131313131	-1.36363636363636
			7.81818181818182	-1.36363636363636
			7.81818181818182	-1.36868686868687
			7.82323232323232	-1.36868686868687
			7.82828282828283	-1.37373737373737
			7.83333333333333	-1.37373737373737
			7.83838383838384	-1.37878787878788
			7.84343434343434	-1.37878787878788
			7.84848484848485	-1.38383838383838
			7.85353535353535	-1.38383838383838
			7.85858585858586	-1.38888888888889
			7.86363636363636	-1.38888888888889
			7.86868686868687	-1.39393939393939
			7.87373737373737	-1.3989898989899
			7.87878787878788	-1.3989898989899
			7.88383838383838	-1.4040404040404
			7.88888888888889	-1.4040404040404
			7.89393939393939	-1.4040404040404
			7.89393939393939	-1.40909090909091
			7.8989898989899	-1.40909090909091
			7.9040404040404	-1.40909090909091
			7.9040404040404	-1.41414141414141
			7.90909090909091	-1.41414141414141
			7.91414141414142	-1.41414141414141
			7.91414141414142	-1.41919191919192
			7.91919191919192	-1.41919191919192
			7.92424242424242	-1.42424242424242
			7.92929292929293	-1.42424242424242
			7.93434343434344	-1.42929292929293
			7.93939393939394	-1.42929292929293
			7.94444444444445	-1.43434343434343
			7.94949494949495	-1.43434343434343
			7.95454545454546	-1.43939393939394
			7.95959595959596	-1.43939393939394
			7.96464646464647	-1.44444444444444
			7.96969696969697	-1.44444444444444
			7.97474747474748	-1.44949494949495
			7.97979797979798	-1.44949494949495
			7.98484848484849	-1.45454545454545
			7.98989898989899	-1.45959595959596
			7.9949494949495	-1.45959595959596
			8	-1.46464646464646
			8.00505050505051	-1.46464646464646
			8.01010101010101	-1.46969696969697
			8.01515151515152	-1.47474747474747
			8.02020202020202	-1.47474747474747
			8.02525252525253	-1.47979797979798
			8.03030303030303	-1.47979797979798
			8.03535353535354	-1.47979797979798
			8.03535353535354	-1.48484848484849
			8.04040404040404	-1.48484848484849
			8.04545454545455	-1.48989898989899
			8.05050505050505	-1.48989898989899
			8.05050505050505	-1.4949494949495
			8.05555555555556	-1.4949494949495
			8.06060606060606	-1.4949494949495
			8.06565656565657	-1.5
			8.07070707070707	-1.50505050505051
			8.07575757575758	-1.50505050505051
			8.08080808080808	-1.51010101010101
			8.08585858585859	-1.51010101010101
			8.09090909090909	-1.51515151515152
			8.0959595959596	-1.51515151515152
			8.1010101010101	-1.52020202020202
			8.10606060606061	-1.52525252525253
			8.11111111111111	-1.53030303030303
			8.11616161616162	-1.53030303030303
			8.12121212121212	-1.53535353535354
			8.12626262626263	-1.53535353535354
			8.13131313131313	-1.54040404040404
			8.13636363636364	-1.54040404040404
			8.14141414141414	-1.54545454545455
			8.14646464646465	-1.54545454545455
			8.15151515151515	-1.55050505050505
			8.15656565656566	-1.55555555555556
			8.16161616161616	-1.55555555555556
			8.16666666666667	-1.56060606060606
			8.17171717171717	-1.56060606060606
			8.17676767676768	-1.56565656565657
			8.18181818181818	-1.56565656565657
			8.18181818181818	-1.57070707070707
			8.18686868686869	-1.57070707070707
			8.19191919191919	-1.57575757575758
			8.1969696969697	-1.57575757575758
			8.2020202020202	-1.58080808080808
			8.20707070707071	-1.58585858585859
			8.21212121212121	-1.58585858585859
			8.21717171717172	-1.59090909090909
			8.22222222222222	-1.59090909090909
			8.22727272727273	-1.5959595959596
			8.23232323232323	-1.6010101010101
			8.23737373737374	-1.6010101010101
			8.24242424242424	-1.60606060606061
			8.24747474747475	-1.61111111111111
			8.25252525252525	-1.61111111111111
			8.25757575757576	-1.61616161616162
			8.26262626262626	-1.61616161616162
			8.26262626262626	-1.62121212121212
			8.26767676767677	-1.62121212121212
			8.27272727272727	-1.62121212121212
			8.27272727272727	-1.62626262626263
			8.27777777777778	-1.62626262626263
			8.27777777777778	-1.63131313131313
			8.28282828282828	-1.63131313131313
			8.28787878787879	-1.63131313131313
			8.28787878787879	-1.63636363636364
			8.29292929292929	-1.63636363636364
			8.2979797979798	-1.63636363636364
			8.2979797979798	-1.64141414141414
			8.3030303030303	-1.64141414141414
			8.3030303030303	-1.64646464646465
			8.30808080808081	-1.64646464646465
			8.31313131313131	-1.64646464646465
			8.31313131313131	-1.65151515151515
			8.31818181818182	-1.65151515151515
			8.32323232323232	-1.65656565656566
			8.32828282828283	-1.65656565656566
			8.33333333333333	-1.66161616161616
			8.33838383838384	-1.66666666666667
			8.34343434343434	-1.67171717171717
			8.34848484848485	-1.67171717171717
			8.35353535353535	-1.67676767676768
			8.35858585858586	-1.67676767676768
			8.35858585858586	-1.68181818181818
			8.36363636363637	-1.68181818181818
			8.36868686868687	-1.68686868686869
			8.37373737373737	-1.69191919191919
			8.37878787878788	-1.69191919191919
			8.38383838383838	-1.6969696969697
			8.38888888888889	-1.6969696969697
			8.39393939393939	-1.7020202020202
			8.3989898989899	-1.70707070707071
			8.4040404040404	-1.71212121212121
			8.40909090909091	-1.71212121212121
			8.41414141414142	-1.71717171717172
			8.41919191919192	-1.72222222222222
			8.42424242424243	-1.72222222222222
			8.42929292929293	-1.72727272727273
			8.43434343434343	-1.73232323232323
			8.43939393939394	-1.73232323232323
			8.44444444444444	-1.73737373737374
			8.44949494949495	-1.74242424242424
			8.45454545454546	-1.74747474747475
			8.45959595959596	-1.74747474747475
			8.46464646464647	-1.75252525252525
			8.46969696969697	-1.75757575757576
			8.47474747474748	-1.75757575757576
			8.47979797979798	-1.76262626262626
			8.48484848484849	-1.76767676767677
			8.48989898989899	-1.76767676767677
			8.49494949494949	-1.77272727272727
			8.5	-1.77777777777778
			8.50505050505051	-1.77777777777778
			8.51010101010101	-1.78282828282828
			8.51515151515152	-1.78787878787879
			8.52020202020202	-1.78787878787879
			8.52525252525253	-1.79292929292929
			8.53030303030303	-1.7979797979798
			8.53535353535354	-1.8030303030303
			8.54040404040404	-1.8030303030303
			8.54545454545455	-1.80808080808081
			8.55050505050505	-1.81313131313131
			8.55555555555556	-1.81313131313131
			8.56060606060606	-1.81818181818182
			8.56565656565657	-1.82323232323232
			8.57070707070707	-1.82323232323232
			8.57575757575758	-1.82828282828283
			8.57575757575758	-1.83333333333333
			8.58080808080808	-1.83333333333333
			8.58585858585859	-1.83838383838384
			8.59090909090909	-1.84343434343434
			8.5959595959596	-1.84848484848485
			8.6010101010101	-1.84848484848485
			8.60606060606061	-1.85353535353535
			8.61111111111111	-1.85858585858586
			8.61616161616162	-1.85858585858586
			8.62121212121212	-1.86363636363636
			8.62626262626263	-1.86868686868687
			8.63131313131313	-1.86868686868687
			8.63636363636364	-1.87373737373737
			8.63636363636364	-1.87878787878788
			8.64141414141414	-1.88383838383838
			8.64646464646465	-1.88383838383838
			8.65151515151515	-1.88888888888889
			8.65656565656566	-1.89393939393939
			8.66161616161616	-1.89393939393939
			8.66666666666667	-1.8989898989899
			8.67171717171717	-1.9040404040404
			8.67676767676768	-1.9040404040404
			8.67676767676768	-1.90909090909091
			8.68181818181818	-1.91414141414141
			8.68686868686869	-1.91919191919192
			8.69191919191919	-1.91919191919192
			8.6969696969697	-1.92424242424242
			8.7020202020202	-1.92929292929293
			8.70707070707071	-1.92929292929293
			8.71212121212121	-1.93434343434343
			8.71212121212121	-1.93939393939394
			8.71717171717172	-1.94444444444444
			8.72222222222222	-1.94444444444444
			8.72727272727273	-1.94949494949495
			8.73232323232323	-1.95454545454545
			8.73737373737374	-1.95454545454545
			8.74242424242424	-1.95959595959596
			8.74242424242424	-1.96464646464646
			8.74747474747475	-1.96464646464646
			8.75252525252525	-1.96969696969697
			8.75757575757576	-1.97474747474747
			8.76262626262626	-1.97979797979798
			8.76767676767677	-1.97979797979798
			8.76767676767677	-1.98484848484849
			8.77272727272727	-1.98989898989899
			8.77777777777778	-1.98989898989899
			8.78282828282828	-1.9949494949495
			8.78787878787879	-2
			8.79292929292929	-2.00505050505051
			8.7979797979798	-2.01010101010101
			8.8030303030303	-2.01515151515152
			8.80808080808081	-2.02020202020202
			8.81313131313131	-2.02525252525253
			8.81818181818182	-2.02525252525253
			8.82323232323232	-2.03030303030303
			8.82828282828283	-2.03535353535354
			8.83333333333333	-2.04040404040404
			8.83838383838384	-2.04545454545455
			8.84343434343434	-2.05050505050505
			8.84848484848485	-2.05555555555556
			8.85353535353535	-2.05555555555556
			8.85858585858586	-2.06060606060606
			8.86363636363637	-2.06565656565657
			8.86868686868687	-2.07070707070707
			8.86868686868687	-2.07575757575758
			8.87373737373737	-2.08080808080808
			8.87878787878788	-2.08585858585859
			8.88383838383838	-2.08585858585859
			8.88888888888889	-2.09090909090909
			8.89393939393939	-2.0959595959596
			8.8989898989899	-2.1010101010101
			8.9040404040404	-2.10606060606061
			8.90909090909091	-2.11111111111111
			8.91414141414142	-2.11616161616162
			8.91919191919192	-2.12121212121212
			8.92424242424243	-2.12626262626263
			8.92929292929293	-2.13131313131313
			8.93434343434343	-2.13636363636364
			8.93939393939394	-2.14141414141414
			8.94444444444444	-2.14646464646465
			8.94949494949495	-2.15151515151515
			8.95454545454546	-2.15656565656566
			8.95959595959596	-2.16161616161616
			8.96464646464647	-2.16666666666667
			8.96969696969697	-2.17171717171717
			8.97474747474748	-2.17676767676768
			8.97979797979798	-2.18181818181818
			8.98484848484849	-2.18686868686869
			8.98989898989899	-2.19191919191919
			8.9949494949495	-2.1969696969697
			9	-2.2020202020202
			9.00505050505051	-2.20707070707071
			9.00505050505051	-2.21212121212121
			9.01010101010101	-2.21717171717172
			9.01515151515152	-2.22222222222222
			9.02020202020202	-2.22727272727273
			9.02525252525253	-2.22727272727273
			9.03030303030303	-2.23232323232323
			9.03030303030303	-2.23737373737374
			9.03535353535354	-2.24242424242424
			9.04040404040404	-2.24747474747475
			9.04545454545455	-2.25252525252525
			9.05050505050505	-2.25757575757576
			9.05555555555556	-2.26262626262626
			9.05555555555556	-2.26767676767677
			9.06060606060606	-2.27272727272727
			9.06565656565657	-2.27777777777778
			9.07070707070707	-2.28282828282828
			9.07575757575758	-2.28282828282828
			9.07575757575758	-2.28787878787879
			9.08080808080808	-2.29292929292929
			9.08585858585859	-2.2979797979798
			9.09090909090909	-2.3030303030303
			9.09090909090909	-2.30808080808081
			9.0959595959596	-2.31313131313131
			9.1010101010101	-2.31818181818182
			9.10606060606061	-2.32323232323232
			9.10606060606061	-2.32828282828283
			9.11111111111111	-2.33333333333333
			9.11616161616162	-2.33838383838384
			9.12121212121212	-2.33838383838384
			9.12121212121212	-2.34343434343434
			9.12626262626263	-2.34848484848485
			9.13131313131313	-2.35353535353535
			9.13636363636364	-2.35858585858586
			9.13636363636364	-2.36363636363636
			9.14141414141414	-2.36868686868687
			9.14646464646465	-2.37373737373737
			9.14646464646465	-2.37878787878788
			9.15151515151515	-2.38383838383838
			9.15656565656566	-2.38888888888889
			9.16161616161616	-2.39393939393939
			9.16161616161616	-2.3989898989899
			9.16666666666667	-2.4040404040404
			9.17171717171717	-2.4040404040404
			9.17171717171717	-2.40909090909091
			9.17676767676768	-2.41414141414141
			9.18181818181818	-2.41919191919192
			9.18181818181818	-2.42424242424242
			9.18686868686869	-2.42929292929293
			9.19191919191919	-2.43434343434343
			9.19191919191919	-2.43939393939394
			9.1969696969697	-2.44444444444444
			9.2020202020202	-2.44949494949495
			9.2020202020202	-2.45454545454545
			9.20707070707071	-2.45959595959596
			9.21212121212121	-2.46464646464646
			9.21212121212121	-2.46969696969697
			9.21717171717172	-2.47474747474747
			9.22222222222222	-2.47474747474747
			9.22222222222222	-2.47979797979798
			9.22727272727273	-2.48484848484848
			9.23232323232323	-2.48989898989899
			9.23232323232323	-2.4949494949495
		</anterior>
		<posterior type=matrix rownames=FALSE colnames=FALSE nrow=1092 ncol=2 as.numeric=TRUE >
			4.90909090909091	-2.4949494949495
			4.91414141414141	-2.4949494949495
			4.91919191919192	-2.4949494949495
			4.92424242424242	-2.4949494949495
			4.92929292929293	-2.4949494949495
			4.93434343434344	-2.4949494949495
			4.93939393939394	-2.4949494949495
			4.94444444444444	-2.4949494949495
			4.94949494949495	-2.4949494949495
			4.95454545454546	-2.4949494949495
			4.95959595959596	-2.4949494949495
			4.96464646464647	-2.4949494949495
			4.96969696969697	-2.4949494949495
			4.97474747474747	-2.4949494949495
			4.97979797979798	-2.4949494949495
			4.98484848484849	-2.4949494949495
			4.98989898989899	-2.4949494949495
			4.9949494949495	-2.4949494949495
			5	-2.4949494949495
			5.00505050505051	-2.4949494949495
			5.01010101010101	-2.4949494949495
			5.01515151515152	-2.4949494949495
			5.02020202020202	-2.4949494949495
			5.02525252525253	-2.4949494949495
			5.03030303030303	-2.4949494949495
			5.03535353535354	-2.4949494949495
			5.04040404040404	-2.4949494949495
			5.04545454545455	-2.4949494949495
			5.05050505050505	-2.4949494949495
			5.05555555555556	-2.4949494949495
			5.06060606060606	-2.4949494949495
			5.06565656565657	-2.5
			5.07070707070707	-2.5
			5.07575757575758	-2.5
			5.08080808080808	-2.5
			5.08585858585859	-2.5
			5.09090909090909	-2.5
			5.0959595959596	-2.5
			5.1010101010101	-2.5
			5.10606060606061	-2.5
			5.11111111111111	-2.5
			5.11616161616162	-2.5
			5.12121212121212	-2.5
			5.12626262626263	-2.5
			5.13131313131313	-2.5
			5.13636363636364	-2.50505050505051
			5.14141414141414	-2.50505050505051
			5.14646464646465	-2.50505050505051
			5.15151515151515	-2.50505050505051
			5.15656565656566	-2.50505050505051
			5.16161616161616	-2.50505050505051
			5.16666666666667	-2.50505050505051
			5.17171717171717	-2.50505050505051
			5.17676767676768	-2.51010101010101
			5.18181818181818	-2.51010101010101
			5.18686868686869	-2.51010101010101
			5.19191919191919	-2.51010101010101
			5.1969696969697	-2.51010101010101
			5.2020202020202	-2.51010101010101
			5.20707070707071	-2.51010101010101
			5.21212121212121	-2.51515151515152
			5.21717171717172	-2.51515151515152
			5.22222222222222	-2.51515151515152
			5.22727272727273	-2.51515151515152
			5.23232323232323	-2.51515151515152
			5.23737373737374	-2.51515151515152
			5.24242424242424	-2.51515151515152
			5.24747474747475	-2.52020202020202
			5.25252525252525	-2.52020202020202
			5.25757575757576	-2.52020202020202
			5.26262626262626	-2.52020202020202
			5.26767676767677	-2.52525252525253
			5.27272727272727	-2.52525252525253
			5.27777777777778	-2.52525252525253
			5.28282828282828	-2.52525252525253
			5.28787878787879	-2.52525252525253
			5.29292929292929	-2.53030303030303
			5.2979797979798	-2.53030303030303
			5.3030303030303	-2.53030303030303
			5.30808080808081	-2.53030303030303
			5.31313131313131	-2.53535353535354
			5.31818181818182	-2.53535353535354
			5.32323232323232	-2.53535353535354
			5.32828282828283	-2.53535353535354
			5.32828282828283	-2.54040404040404
			5.33333333333333	-2.54040404040404
			5.33838383838384	-2.54040404040404
			5.34343434343434	-2.54040404040404
			5.34848484848485	-2.54040404040404
			5.35353535353535	-2.54040404040404
			5.35858585858586	-2.53535353535354
			5.36363636363636	-2.53535353535354
			5.36868686868687	-2.53535353535354
			5.37373737373737	-2.53535353535354
			5.37878787878788	-2.53535353535354
			5.38383838383838	-2.53535353535354
			5.38888888888889	-2.53535353535354
			5.39393939393939	-2.53030303030303
			5.3989898989899	-2.53030303030303
			5.4040404040404	-2.53030303030303
			5.40909090909091	-2.53030303030303
			5.41414141414141	-2.53030303030303
			5.41919191919192	-2.53030303030303
			5.42424242424242	-2.52525252525253
			5.42929292929293	-2.52525252525253
			5.43434343434344	-2.52525252525253
			5.43939393939394	-2.52525252525253
			5.44444444444444	-2.52020202020202
			5.44949494949495	-2.52020202020202
			5.45454545454546	-2.52020202020202
			5.45959595959596	-2.52020202020202
			5.46464646464647	-2.51515151515152
			5.46969696969697	-2.51515151515152
			5.47474747474747	-2.51515151515152
			5.47979797979798	-2.51515151515152
			5.48484848484849	-2.51010101010101
			5.48989898989899	-2.51010101010101
			5.4949494949495	-2.51010101010101
			5.5	-2.50505050505051
			5.50505050505051	-2.50505050505051
			5.51010101010101	-2.50505050505051
			5.51515151515152	-2.5
			5.52020202020202	-2.5
			5.52525252525253	-2.4949494949495
			5.53030303030303	-2.4949494949495
			5.53535353535354	-2.4949494949495
			5.54040404040404	-2.48989898989899
			5.54545454545455	-2.48989898989899
			5.55050505050505	-2.48989898989899
			5.55555555555556	-2.48484848484848
			5.56060606060606	-2.48484848484848
			5.56060606060606	-2.47979797979798
			5.56565656565657	-2.47979797979798
			5.57070707070707	-2.47474747474747
			5.57575757575758	-2.47474747474747
			5.58080808080808	-2.47474747474747
			5.58585858585859	-2.47474747474747
			5.59090909090909	-2.47474747474747
			5.5959595959596	-2.47474747474747
			5.6010101010101	-2.47979797979798
			5.60606060606061	-2.47979797979798
			5.61111111111111	-2.47979797979798
			5.61616161616162	-2.47979797979798
			5.62121212121212	-2.47979797979798
			5.62626262626263	-2.47979797979798
			5.63131313131313	-2.47979797979798
			5.63636363636364	-2.47979797979798
			5.64141414141414	-2.47979797979798
			5.64646464646465	-2.47979797979798
			5.65151515151515	-2.47979797979798
			5.65656565656566	-2.47979797979798
			5.66161616161616	-2.47979797979798
			5.66666666666667	-2.48484848484848
			5.67171717171717	-2.48484848484848
			5.67676767676768	-2.48484848484848
			5.68181818181818	-2.48484848484848
			5.68686868686869	-2.48484848484848
			5.69191919191919	-2.48484848484848
			5.6969696969697	-2.48484848484848
			5.7020202020202	-2.48484848484848
			5.70707070707071	-2.48484848484848
			5.71212121212121	-2.48484848484848
			5.71717171717172	-2.48484848484848
			5.72222222222222	-2.48484848484848
			5.72727272727273	-2.48484848484848
			5.73232323232323	-2.48484848484848
			5.73737373737374	-2.48484848484848
			5.74242424242424	-2.48484848484848
			5.74747474747475	-2.48484848484848
			5.75252525252525	-2.48484848484848
			5.75757575757576	-2.48484848484848
			5.76262626262626	-2.48484848484848
			5.76767676767677	-2.48484848484848
			5.77272727272727	-2.48484848484848
			5.77777777777778	-2.48484848484848
			5.78282828282828	-2.48484848484848
			5.78787878787879	-2.47979797979798
			5.79292929292929	-2.47979797979798
			5.7979797979798	-2.47979797979798
			5.8030303030303	-2.47979797979798
			5.80808080808081	-2.47979797979798
			5.81313131313131	-2.47979797979798
			5.81818181818182	-2.47979797979798
			5.82323232323232	-2.47474747474747
			5.82828282828283	-2.47474747474747
			5.83333333333333	-2.47474747474747
			5.83838383838384	-2.47474747474747
			5.84343434343434	-2.46969696969697
			5.84848484848485	-2.46969696969697
			5.85353535353535	-2.46969696969697
			5.85858585858586	-2.46464646464646
			5.86363636363636	-2.46464646464646
			5.86868686868687	-2.45959595959596
			5.86868686868687	-2.45454545454545
			5.86868686868687	-2.44949494949495
			5.86868686868687	-2.44444444444444
			5.86868686868687	-2.43939393939394
			5.86868686868687	-2.43434343434343
			5.86868686868687	-2.42929292929293
			5.86868686868687	-2.42424242424242
			5.86868686868687	-2.41919191919192
			5.86868686868687	-2.41414141414141
			5.86868686868687	-2.40909090909091
			5.86868686868687	-2.4040404040404
			5.86868686868687	-2.3989898989899
			5.86868686868687	-2.39393939393939
			5.86868686868687	-2.38888888888889
			5.86868686868687	-2.38383838383838
			5.86868686868687	-2.37878787878788
			5.86868686868687	-2.37373737373737
			5.86868686868687	-2.36868686868687
			5.86868686868687	-2.36363636363636
			5.86868686868687	-2.35858585858586
			5.86868686868687	-2.35353535353535
			5.86868686868687	-2.34848484848485
			5.86868686868687	-2.34343434343434
			5.86868686868687	-2.33838383838384
			5.86868686868687	-2.33333333333333
			5.86868686868687	-2.32828282828283
			5.86868686868687	-2.32323232323232
			5.86868686868687	-2.31818181818182
			5.87373737373737	-2.31313131313131
			5.87373737373737	-2.30808080808081
			5.87373737373737	-2.3030303030303
			5.87373737373737	-2.2979797979798
			5.87373737373737	-2.29292929292929
			5.87373737373737	-2.28787878787879
			5.87373737373737	-2.28282828282828
			5.87373737373737	-2.27777777777778
			5.87373737373737	-2.27272727272727
			5.87878787878788	-2.26767676767677
			5.87878787878788	-2.26262626262626
			5.87878787878788	-2.25757575757576
			5.87878787878788	-2.25252525252525
			5.87878787878788	-2.24747474747475
			5.87878787878788	-2.24242424242424
			5.87878787878788	-2.23737373737374
			5.88383838383838	-2.23232323232323
			5.88383838383838	-2.22727272727273
			5.88383838383838	-2.22222222222222
			5.88383838383838	-2.21717171717172
			5.88383838383838	-2.21212121212121
			5.88888888888889	-2.20707070707071
			5.88888888888889	-2.2020202020202
			5.88888888888889	-2.1969696969697
			5.88888888888889	-2.19191919191919
			5.89393939393939	-2.18686868686869
			5.89393939393939	-2.18181818181818
			5.89393939393939	-2.17676767676768
			5.89393939393939	-2.17171717171717
			5.8989898989899	-2.16666666666667
			5.8989898989899	-2.16161616161616
			5.8989898989899	-2.15656565656566
			5.8989898989899	-2.15151515151515
			5.9040404040404	-2.14646464646465
			5.9040404040404	-2.14141414141414
			5.9040404040404	-2.13636363636364
			5.90909090909091	-2.13131313131313
			5.90909090909091	-2.12626262626263
			5.90909090909091	-2.12121212121212
			5.91414141414141	-2.11616161616162
			5.91414141414141	-2.11111111111111
			5.91414141414141	-2.10606060606061
			5.91919191919192	-2.1010101010101
			5.91919191919192	-2.0959595959596
			5.92424242424242	-2.09090909090909
			5.92424242424242	-2.08585858585859
			5.92424242424242	-2.08080808080808
			5.92929292929293	-2.07575757575758
			5.92929292929293	-2.07070707070707
			5.93434343434344	-2.06565656565657
			5.93434343434344	-2.06060606060606
			5.93939393939394	-2.05555555555556
			5.93939393939394	-2.05050505050505
			5.94444444444444	-2.04545454545455
			5.94444444444444	-2.04040404040404
			5.94949494949495	-2.03535353535354
			5.94949494949495	-2.03030303030303
			5.95454545454546	-2.02525252525253
			5.95959595959596	-2.02020202020202
			5.95959595959596	-2.01515151515152
			5.96464646464647	-2.01010101010101
			5.96464646464647	-2.00505050505051
			5.96969696969697	-2
			5.96969696969697	-1.9949494949495
			5.97474747474747	-1.98989898989899
			5.97979797979798	-1.98484848484849
			5.97979797979798	-1.97979797979798
			5.98484848484849	-1.97474747474747
			5.98989898989899	-1.97474747474747
			5.98989898989899	-1.96969696969697
			5.9949494949495	-1.96464646464646
			6	-1.95959595959596
			6	-1.95454545454545
			6.00505050505051	-1.94949494949495
			6.01010101010101	-1.94444444444444
			6.01515151515152	-1.93939393939394
			6.02020202020202	-1.93434343434343
			6.02525252525253	-1.92929292929293
			6.03030303030303	-1.92424242424242
			6.03535353535354	-1.91919191919192
			6.04040404040404	-1.91414141414141
			6.04545454545455	-1.90909090909091
			6.05050505050505	-1.9040404040404
			6.05050505050505	-1.8989898989899
			6.05555555555556	-1.89393939393939
			6.06060606060606	-1.88888888888889
			6.06565656565657	-1.88888888888889
			6.07070707070707	-1.88383838383838
			6.07575757575758	-1.87878787878788
			6.08080808080808	-1.87373737373737
			6.08585858585859	-1.86868686868687
			6.09090909090909	-1.86868686868687
			6.09090909090909	-1.86363636363636
			6.0959595959596	-1.85858585858586
			6.1010101010101	-1.85353535353535
			6.10606060606061	-1.84848484848485
			6.11111111111111	-1.84848484848485
			6.11616161616162	-1.84343434343434
			6.12121212121212	-1.83838383838384
			6.12626262626263	-1.83838383838384
			6.13131313131313	-1.83333333333333
			6.13636363636364	-1.82828282828283
			6.14141414141414	-1.82323232323232
			6.14646464646465	-1.82323232323232
			6.15151515151515	-1.81818181818182
			6.15656565656566	-1.81313131313131
			6.16161616161616	-1.81313131313131
			6.16666666666667	-1.80808080808081
			6.17171717171717	-1.8030303030303
			6.17676767676768	-1.8030303030303
			6.18181818181818	-1.7979797979798
			6.18686868686869	-1.7979797979798
			6.19191919191919	-1.79292929292929
			6.1969696969697	-1.79292929292929
			6.1969696969697	-1.78787878787879
			6.2020202020202	-1.78787878787879
			6.20707070707071	-1.78787878787879
			6.20707070707071	-1.78282828282828
			6.21212121212121	-1.78282828282828
			6.21717171717172	-1.78282828282828
			6.22222222222222	-1.77777777777778
			6.22727272727273	-1.77777777777778
			6.23232323232323	-1.77272727272727
			6.23737373737374	-1.77272727272727
			6.24242424242424	-1.76767676767677
			6.24747474747475	-1.76767676767677
			6.25252525252525	-1.76767676767677
			6.25757575757576	-1.76262626262626
			6.26262626262626	-1.76262626262626
			6.26767676767677	-1.75757575757576
			6.27272727272727	-1.75757575757576
			6.27777777777778	-1.75252525252525
			6.28282828282828	-1.75252525252525
			6.28787878787879	-1.75252525252525
			6.29292929292929	-1.74747474747475
			6.2979797979798	-1.74747474747475
			6.3030303030303	-1.74747474747475
			6.30808080808081	-1.74242424242424
			6.31313131313131	-1.74242424242424
			6.31818181818182	-1.74242424242424
			6.32323232323232	-1.73737373737374
			6.32828282828283	-1.73737373737374
			6.33333333333333	-1.73737373737374
			6.33838383838384	-1.73232323232323
			6.34343434343434	-1.73232323232323
			6.34848484848485	-1.73232323232323
			6.35353535353535	-1.73232323232323
			6.35858585858586	-1.72727272727273
			6.36363636363636	-1.72727272727273
			6.36868686868687	-1.72727272727273
			6.37373737373737	-1.72727272727273
			6.37878787878788	-1.72222222222222
			6.38383838383838	-1.72222222222222
			6.38888888888889	-1.72222222222222
			6.39393939393939	-1.72222222222222
			6.3989898989899	-1.71717171717172
			6.4040404040404	-1.71717171717172
			6.40909090909091	-1.71717171717172
			6.41414141414141	-1.71717171717172
			6.41919191919192	-1.71717171717172
			6.42424242424242	-1.71212121212121
			6.42929292929293	-1.71212121212121
			6.43434343434344	-1.71212121212121
			6.43939393939394	-1.71212121212121
			6.44444444444444	-1.71212121212121
			6.44949494949495	-1.70707070707071
			6.45454545454546	-1.70707070707071
			6.45959595959596	-1.70707070707071
			6.46464646464647	-1.70707070707071
			6.46969696969697	-1.70707070707071
			6.47474747474747	-1.70707070707071
			6.47979797979798	-1.70707070707071
			6.48484848484849	-1.7020202020202
			6.48989898989899	-1.7020202020202
			6.4949494949495	-1.7020202020202
			6.5	-1.7020202020202
			6.50505050505051	-1.7020202020202
			6.51010101010101	-1.7020202020202
			6.51515151515152	-1.7020202020202
			6.52020202020202	-1.6969696969697
			6.52525252525253	-1.6969696969697
			6.53030303030303	-1.6969696969697
			6.53535353535354	-1.6969696969697
			6.54040404040404	-1.6969696969697
			6.54545454545455	-1.6969696969697
			6.55050505050505	-1.6969696969697
			6.55555555555556	-1.6969696969697
			6.56060606060606	-1.6969696969697
			6.56565656565657	-1.6969696969697
			6.57070707070707	-1.6969696969697
			6.57575757575758	-1.69191919191919
			6.58080808080808	-1.69191919191919
			6.58585858585859	-1.69191919191919
			6.59090909090909	-1.69191919191919
			6.5959595959596	-1.69191919191919
			6.6010101010101	-1.69191919191919
			6.60606060606061	-1.69191919191919
			6.61111111111111	-1.69191919191919
			6.61616161616162	-1.69191919191919
			6.62121212121212	-1.69191919191919
			6.62626262626263	-1.69191919191919
			6.63131313131313	-1.69191919191919
			6.63636363636364	-1.69191919191919
			6.64141414141414	-1.69191919191919
			6.64141414141414	-1.68686868686869
			6.64646464646465	-1.68686868686869
			6.65151515151515	-1.68686868686869
			6.65656565656566	-1.68686868686869
			6.66161616161616	-1.68686868686869
			6.66666666666667	-1.68686868686869
			6.67171717171717	-1.68686868686869
			6.67676767676768	-1.68686868686869
			6.68181818181818	-1.68686868686869
			6.68686868686869	-1.68686868686869
			6.69191919191919	-1.68686868686869
			6.6969696969697	-1.68686868686869
			6.7020202020202	-1.68686868686869
			6.70707070707071	-1.68686868686869
			6.71212121212121	-1.68686868686869
			6.71717171717172	-1.68686868686869
			6.72222222222222	-1.68686868686869
			6.72727272727273	-1.68686868686869
			6.73232323232323	-1.68686868686869
			6.73737373737374	-1.68686868686869
			6.74242424242424	-1.68686868686869
			6.74747474747475	-1.68686868686869
			6.75252525252525	-1.68686868686869
			6.75757575757576	-1.68686868686869
			6.76262626262626	-1.68686868686869
			6.76767676767677	-1.68686868686869
			6.77272727272727	-1.68686868686869
			6.77777777777778	-1.68686868686869
			6.78282828282828	-1.68686868686869
			6.78787878787879	-1.68686868686869
			6.79292929292929	-1.68686868686869
			6.7979797979798	-1.68686868686869
			6.8030303030303	-1.68686868686869
			6.80808080808081	-1.68686868686869
			6.81313131313131	-1.68686868686869
			6.81818181818182	-1.68686868686869
			6.82323232323232	-1.68686868686869
			6.82828282828283	-1.68686868686869
			6.83333333333333	-1.68686868686869
			6.83838383838384	-1.68686868686869
			6.84343434343434	-1.68686868686869
			6.84848484848485	-1.68686868686869
			6.85353535353535	-1.68686868686869
			6.85858585858586	-1.68686868686869
			6.86363636363636	-1.69191919191919
			6.86868686868687	-1.69191919191919
			6.87373737373737	-1.69191919191919
			6.87878787878788	-1.69191919191919
			6.88383838383838	-1.69191919191919
			6.88888888888889	-1.69191919191919
			6.89393939393939	-1.69191919191919
			6.8989898989899	-1.69191919191919
			6.9040404040404	-1.69191919191919
			6.90909090909091	-1.69191919191919
			6.91414141414141	-1.69191919191919
			6.91919191919192	-1.69191919191919
			6.92424242424242	-1.69191919191919
			6.92929292929293	-1.6969696969697
			6.93434343434344	-1.6969696969697
			6.93939393939394	-1.6969696969697
			6.94444444444444	-1.6969696969697
			6.94949494949495	-1.6969696969697
			6.95454545454546	-1.6969696969697
			6.95959595959596	-1.6969696969697
			6.96464646464647	-1.6969696969697
			6.96969696969697	-1.6969696969697
			6.97474747474747	-1.6969696969697
			6.97979797979798	-1.7020202020202
			6.98484848484849	-1.7020202020202
			6.98989898989899	-1.7020202020202
			6.9949494949495	-1.7020202020202
			7	-1.7020202020202
			7.00505050505051	-1.7020202020202
			7.01010101010101	-1.7020202020202
			7.01515151515152	-1.7020202020202
			7.02020202020202	-1.70707070707071
			7.02525252525253	-1.70707070707071
			7.03030303030303	-1.70707070707071
			7.03535353535354	-1.70707070707071
			7.04040404040404	-1.70707070707071
			7.04545454545455	-1.70707070707071
			7.05050505050505	-1.70707070707071
			7.05555555555556	-1.71212121212121
			7.06060606060606	-1.71212121212121
			7.06565656565657	-1.71212121212121
			7.07070707070707	-1.71212121212121
			7.07575757575758	-1.71212121212121
			7.08080808080808	-1.71212121212121
			7.08585858585859	-1.71212121212121
			7.09090909090909	-1.71717171717172
			7.0959595959596	-1.71717171717172
			7.1010101010101	-1.71717171717172
			7.10606060606061	-1.71717171717172
			7.11111111111111	-1.71717171717172
			7.11616161616162	-1.71717171717172
			7.12121212121212	-1.72222222222222
			7.12626262626263	-1.72222222222222
			7.13131313131313	-1.72222222222222
			7.13636363636364	-1.72222222222222
			7.14141414141414	-1.72222222222222
			7.14646464646465	-1.72727272727273
			7.15151515151515	-1.72727272727273
			7.15656565656566	-1.72727272727273
			7.16161616161616	-1.72727272727273
			7.16666666666667	-1.72727272727273
			7.17171717171717	-1.72727272727273
			7.17676767676768	-1.72727272727273
			7.17676767676768	-1.73232323232323
			7.18181818181818	-1.73232323232323
			7.18686868686869	-1.73232323232323
			7.19191919191919	-1.73232323232323
			7.1969696969697	-1.73232323232323
			7.2020202020202	-1.73737373737374
			7.20707070707071	-1.73737373737374
			7.21212121212121	-1.73737373737374
			7.21717171717172	-1.73737373737374
			7.22222222222222	-1.73737373737374
			7.22727272727273	-1.74242424242424
			7.23232323232323	-1.74242424242424
			7.23737373737374	-1.74242424242424
			7.24242424242424	-1.74242424242424
			7.24747474747475	-1.74242424242424
			7.25252525252525	-1.74242424242424
			7.25757575757576	-1.74747474747475
			7.26262626262626	-1.74747474747475
			7.26767676767677	-1.74747474747475
			7.27272727272727	-1.74747474747475
			7.27777777777778	-1.75252525252525
			7.28282828282828	-1.75252525252525
			7.28787878787879	-1.75252525252525
			7.29292929292929	-1.75252525252525
			7.2979797979798	-1.75757575757576
			7.3030303030303	-1.75757575757576
			7.30808080808081	-1.75757575757576
			7.31313131313131	-1.75757575757576
			7.31818181818182	-1.75757575757576
			7.32323232323232	-1.76262626262626
			7.32828282828283	-1.76262626262626
			7.33333333333333	-1.76262626262626
			7.33838383838384	-1.76262626262626
			7.34343434343434	-1.76767676767677
			7.34848484848485	-1.76767676767677
			7.35353535353535	-1.76767676767677
			7.35858585858586	-1.76767676767677
			7.36363636363636	-1.77272727272727
			7.36868686868687	-1.77272727272727
			7.37373737373737	-1.77272727272727
			7.37878787878788	-1.77272727272727
			7.38383838383838	-1.77777777777778
			7.38888888888889	-1.77777777777778
			7.39393939393939	-1.77777777777778
			7.3989898989899	-1.77777777777778
			7.4040404040404	-1.78282828282828
			7.40909090909091	-1.78282828282828
			7.41414141414141	-1.78282828282828
			7.41919191919192	-1.78282828282828
			7.42424242424242	-1.78787878787879
			7.42929292929293	-1.78787878787879
			7.43434343434344	-1.78787878787879
			7.43939393939394	-1.78787878787879
			7.44444444444444	-1.79292929292929
			7.44949494949495	-1.79292929292929
			7.45454545454546	-1.79292929292929
			7.45959595959596	-1.79292929292929
			7.46464646464647	-1.7979797979798
			7.46969696969697	-1.7979797979798
			7.47474747474748	-1.7979797979798
			7.47979797979798	-1.7979797979798
			7.48484848484849	-1.8030303030303
			7.48989898989899	-1.8030303030303
			7.4949494949495	-1.8030303030303
			7.5	-1.80808080808081
			7.50505050505051	-1.80808080808081
			7.51010101010101	-1.80808080808081
			7.51515151515152	-1.80808080808081
			7.52020202020202	-1.81313131313131
			7.52525252525253	-1.81313131313131
			7.53030303030303	-1.81313131313131
			7.53535353535354	-1.81313131313131
			7.53535353535354	-1.81818181818182
			7.54040404040404	-1.81818181818182
			7.54545454545455	-1.81818181818182
			7.55050505050505	-1.81818181818182
			7.55555555555556	-1.82323232323232
			7.56060606060606	-1.82323232323232
			7.56565656565657	-1.82323232323232
			7.57070707070707	-1.82323232323232
			7.57575757575758	-1.82828282828283
			7.58080808080808	-1.82828282828283
			7.58585858585859	-1.82828282828283
			7.59090909090909	-1.83333333333333
			7.5959595959596	-1.83333333333333
			7.6010101010101	-1.83333333333333
			7.60606060606061	-1.83838383838384
			7.61111111111111	-1.83838383838384
			7.61616161616162	-1.83838383838384
			7.62121212121212	-1.84343434343434
			7.62626262626263	-1.84343434343434
			7.63131313131313	-1.84343434343434
			7.63636363636364	-1.84343434343434
			7.64141414141414	-1.84848484848485
			7.64646464646465	-1.84848484848485
			7.65151515151515	-1.84848484848485
			7.65656565656566	-1.85353535353535
			7.66161616161616	-1.85353535353535
			7.66666666666667	-1.85353535353535
			7.67171717171717	-1.85858585858586
			7.67676767676768	-1.85858585858586
			7.68181818181818	-1.85858585858586
			7.68686868686869	-1.85858585858586
			7.69191919191919	-1.86363636363636
			7.6969696969697	-1.86363636363636
			7.7020202020202	-1.86363636363636
			7.70707070707071	-1.86868686868687
			7.71212121212121	-1.86868686868687
			7.71717171717172	-1.86868686868687
			7.72222222222222	-1.87373737373737
			7.72727272727273	-1.87373737373737
			7.73232323232323	-1.87878787878788
			7.73737373737374	-1.87878787878788
			7.74242424242424	-1.88383838383838
			7.74747474747475	-1.88383838383838
			7.75252525252525	-1.88888888888889
			7.75757575757576	-1.88888888888889
			7.76262626262626	-1.88888888888889
			7.76767676767677	-1.89393939393939
			7.77272727272727	-1.89393939393939
			7.77777777777778	-1.8989898989899
			7.78282828282828	-1.9040404040404
			7.78787878787879	-1.9040404040404
			7.79292929292929	-1.9040404040404
			7.7979797979798	-1.90909090909091
			7.8030303030303	-1.90909090909091
			7.80808080808081	-1.91414141414141
			7.81313131313131	-1.91414141414141
			7.81818181818182	-1.91919191919192
			7.82323232323232	-1.91919191919192
			7.82828282828283	-1.92424242424242
			7.83333333333333	-1.92424242424242
			7.83838383838384	-1.92929292929293
			7.84343434343434	-1.92929292929293
			7.84848484848485	-1.93434343434343
			7.85353535353535	-1.93434343434343
			7.85858585858586	-1.93939393939394
			7.86363636363636	-1.93939393939394
			7.86868686868687	-1.93939393939394
			7.87373737373737	-1.94444444444444
			7.87878787878788	-1.94444444444444
			7.88383838383838	-1.94949494949495
			7.88888888888889	-1.94949494949495
			7.89393939393939	-1.95454545454545
			7.8989898989899	-1.95454545454545
			7.8989898989899	-1.95959595959596
			7.9040404040404	-1.95959595959596
			7.90909090909091	-1.96464646464646
			7.91414141414142	-1.96464646464646
			7.91919191919192	-1.96464646464646
			7.92424242424242	-1.96969696969697
			7.92929292929293	-1.96969696969697
			7.93434343434344	-1.97474747474747
			7.93939393939394	-1.97474747474747
			7.94444444444445	-1.97979797979798
			7.94949494949495	-1.97979797979798
			7.95454545454546	-1.98484848484849
			7.95959595959596	-1.98484848484849
			7.96464646464647	-1.98989898989899
			7.96969696969697	-1.98989898989899
			7.97474747474748	-1.9949494949495
			7.97979797979798	-1.9949494949495
			7.98484848484849	-2
			7.98989898989899	-2
			7.9949494949495	-2.00505050505051
			8	-2.00505050505051
			8.00505050505051	-2.01010101010101
			8.01010101010101	-2.01010101010101
			8.01515151515152	-2.01515151515152
			8.02020202020202	-2.01515151515152
			8.02525252525253	-2.02020202020202
			8.03030303030303	-2.02020202020202
			8.03535353535354	-2.02525252525253
			8.04040404040404	-2.02525252525253
			8.04545454545455	-2.03030303030303
			8.05050505050505	-2.03030303030303
			8.05555555555556	-2.03535353535354
			8.06060606060606	-2.03535353535354
			8.06565656565657	-2.04040404040404
			8.07070707070707	-2.04040404040404
			8.07575757575758	-2.04545454545455
			8.08080808080808	-2.04545454545455
			8.08585858585859	-2.05050505050505
			8.09090909090909	-2.05050505050505
			8.0959595959596	-2.05555555555556
			8.1010101010101	-2.05555555555556
			8.10606060606061	-2.06060606060606
			8.11111111111111	-2.06060606060606
			8.11616161616162	-2.06565656565657
			8.12121212121212	-2.07070707070707
			8.12626262626263	-2.07070707070707
			8.13131313131313	-2.07070707070707
			8.13131313131313	-2.07575757575758
			8.13636363636364	-2.07575757575758
			8.14141414141414	-2.07575757575758
			8.14141414141414	-2.08080808080808
			8.14646464646465	-2.08080808080808
			8.15151515151515	-2.08080808080808
			8.15656565656566	-2.08585858585859
			8.16161616161616	-2.09090909090909
			8.16666666666667	-2.09090909090909
			8.17171717171717	-2.0959595959596
			8.17676767676768	-2.0959595959596
			8.18181818181818	-2.1010101010101
			8.18686868686869	-2.1010101010101
			8.19191919191919	-2.10606060606061
			8.1969696969697	-2.10606060606061
			8.2020202020202	-2.11111111111111
			8.20707070707071	-2.11111111111111
			8.21212121212121	-2.11616161616162
			8.21717171717172	-2.11616161616162
			8.22222222222222	-2.12121212121212
			8.22727272727273	-2.12626262626263
			8.23232323232323	-2.12626262626263
			8.23737373737374	-2.13131313131313
			8.24242424242424	-2.13131313131313
			8.24747474747475	-2.13636363636364
			8.25252525252525	-2.13636363636364
			8.25757575757576	-2.14141414141414
			8.26262626262626	-2.14141414141414
			8.26767676767677	-2.14646464646465
			8.27272727272727	-2.14646464646465
			8.27777777777778	-2.15151515151515
			8.28282828282828	-2.15151515151515
			8.28282828282828	-2.15656565656566
			8.28787878787879	-2.15656565656566
			8.29292929292929	-2.16161616161616
			8.2979797979798	-2.16161616161616
			8.3030303030303	-2.16666666666667
			8.30808080808081	-2.16666666666667
			8.31313131313131	-2.17171717171717
			8.31818181818182	-2.17171717171717
			8.32323232323232	-2.17676767676768
			8.32828282828283	-2.17676767676768
			8.33333333333333	-2.18181818181818
			8.33838383838384	-2.18686868686869
			8.34343434343434	-2.18686868686869
			8.34848484848485	-2.19191919191919
			8.35353535353535	-2.19191919191919
			8.35858585858586	-2.1969696969697
			8.36363636363637	-2.1969696969697
			8.36868686868687	-2.2020202020202
			8.37373737373737	-2.20707070707071
			8.37878787878788	-2.20707070707071
			8.38383838383838	-2.20707070707071
			8.38383838383838	-2.21212121212121
			8.38888888888889	-2.21212121212121
			8.39393939393939	-2.21717171717172
			8.3989898989899	-2.21717171717172
			8.4040404040404	-2.22222222222222
			8.40909090909091	-2.22727272727273
			8.41414141414142	-2.22727272727273
			8.41919191919192	-2.23232323232323
			8.42424242424243	-2.23232323232323
			8.42929292929293	-2.23232323232323
			8.42929292929293	-2.23737373737374
			8.43434343434343	-2.23737373737374
			8.43939393939394	-2.24242424242424
			8.44444444444444	-2.24242424242424
			8.44949494949495	-2.24747474747475
			8.45454545454546	-2.25252525252525
			8.45959595959596	-2.25252525252525
			8.46464646464647	-2.25757575757576
			8.46969696969697	-2.25757575757576
			8.47474747474748	-2.26262626262626
			8.47979797979798	-2.26262626262626
			8.48484848484849	-2.26767676767677
			8.48989898989899	-2.27272727272727
			8.49494949494949	-2.27272727272727
			8.5	-2.27777777777778
			8.50505050505051	-2.27777777777778
			8.51010101010101	-2.28282828282828
			8.51515151515152	-2.28282828282828
			8.52020202020202	-2.28787878787879
			8.52020202020202	-2.29292929292929
			8.52525252525253	-2.29292929292929
			8.53030303030303	-2.2979797979798
			8.53535353535354	-2.2979797979798
			8.54040404040404	-2.3030303030303
			8.54545454545455	-2.3030303030303
			8.55050505050505	-2.30808080808081
			8.55555555555556	-2.30808080808081
			8.56060606060606	-2.31313131313131
			8.56565656565657	-2.31818181818182
			8.57070707070707	-2.31818181818182
			8.57575757575758	-2.32323232323232
			8.58080808080808	-2.32323232323232
			8.58585858585859	-2.32828282828283
			8.59090909090909	-2.32828282828283
			8.5959595959596	-2.33333333333333
			8.5959595959596	-2.33838383838384
			8.6010101010101	-2.33838383838384
			8.60606060606061	-2.34343434343434
			8.61111111111111	-2.34343434343434
			8.61616161616162	-2.34848484848485
			8.62121212121212	-2.34848484848485
			8.62626262626263	-2.35353535353535
			8.63131313131313	-2.35858585858586
			8.63636363636364	-2.35858585858586
			8.64141414141414	-2.36363636363636
			8.64646464646465	-2.36363636363636
			8.65151515151515	-2.36868686868687
			8.65656565656566	-2.36868686868687
			8.66161616161616	-2.37373737373737
			8.66161616161616	-2.37878787878788
			8.66666666666667	-2.37878787878788
			8.67171717171717	-2.38383838383838
			8.67676767676768	-2.38383838383838
			8.68181818181818	-2.38888888888889
			8.68686868686869	-2.38888888888889
			8.69191919191919	-2.39393939393939
			8.6969696969697	-2.39393939393939
			8.6969696969697	-2.3989898989899
			8.7020202020202	-2.3989898989899
			8.7020202020202	-2.4040404040404
			8.70707070707071	-2.4040404040404
			8.70707070707071	-2.40909090909091
			8.71212121212121	-2.40909090909091
			8.71212121212121	-2.41414141414141
			8.71717171717172	-2.41414141414141
			8.72222222222222	-2.41919191919192
			8.72727272727273	-2.42424242424242
			8.73232323232323	-2.42929292929293
			8.73737373737374	-2.43434343434343
			8.74242424242424	-2.43939393939394
			8.74747474747475	-2.44444444444444
			8.75252525252525	-2.44949494949495
			8.75757575757576	-2.45454545454545
			8.76262626262626	-2.45959595959596
			8.76767676767677	-2.46464646464646
			8.77272727272727	-2.46464646464646
			8.77777777777778	-2.46969696969697
			8.78282828282828	-2.47474747474747
			8.78787878787879	-2.47979797979798
			8.79292929292929	-2.48484848484848
			8.7979797979798	-2.48484848484848
			8.8030303030303	-2.48989898989899
			8.8030303030303	-2.4949494949495
			8.80808080808081	-2.5
			8.81313131313131	-2.5
			8.81818181818182	-2.50505050505051
			8.81818181818182	-2.51010101010101
			8.82323232323232	-2.51010101010101
			8.82828282828283	-2.51515151515152
			8.83333333333333	-2.52020202020202
			8.83333333333333	-2.52525252525253
			8.83838383838384	-2.52525252525253
			8.84343434343434	-2.53030303030303
			8.84848484848485	-2.53535353535354
			8.85353535353535	-2.54040404040404
			8.85858585858586	-2.54545454545455
			8.86363636363637	-2.55050505050505
			8.86868686868687	-2.55555555555556
			8.87373737373737	-2.55555555555556
			8.87878787878788	-2.56060606060606
			8.87878787878788	-2.56565656565657
			8.88383838383838	-2.57070707070707
			8.88888888888889	-2.57575757575758
			8.89393939393939	-2.58080808080808
			8.8989898989899	-2.58585858585859
			8.9040404040404	-2.58585858585859
			8.90909090909091	-2.59090909090909
			8.90909090909091	-2.5959595959596
			8.91414141414142	-2.6010101010101
			8.91919191919192	-2.60606060606061
			8.92424242424243	-2.61111111111111
			8.92929292929293	-2.61616161616162
			8.93434343434343	-2.61616161616162
			8.93939393939394	-2.62121212121212
			8.93939393939394	-2.62626262626263
			8.94444444444444	-2.63131313131313
			8.94949494949495	-2.63636363636364
			8.95454545454546	-2.64141414141414
			8.95959595959596	-2.64141414141414
			8.95959595959596	-2.64646464646465
			8.96464646464647	-2.65151515151515
			8.96969696969697	-2.65656565656566
			8.97474747474748	-2.66161616161616
			8.97979797979798	-2.66666666666667
			8.98484848484849	-2.67171717171717
			8.98989898989899	-2.67676767676768
			8.9949494949495	-2.68181818181818
			9	-2.68686868686869
			9.00505050505051	-2.69191919191919
			9.01010101010101	-2.6969696969697
			9.01515151515152	-2.7020202020202
			9.01515151515152	-2.70707070707071
			9.02020202020202	-2.71212121212121
			9.02525252525253	-2.71212121212121
			9.02525252525253	-2.71717171717172
			9.03030303030303	-2.72222222222222
			9.03535353535354	-2.72727272727273
			9.04040404040404	-2.73232323232323
			9.04545454545455	-2.73737373737374
			9.05050505050505	-2.74242424242424
			9.05050505050505	-2.74747474747475
			9.05555555555556	-2.75252525252525
			9.06060606060606	-2.75252525252525
			9.06060606060606	-2.75757575757576
			9.06565656565657	-2.76262626262626
			9.07070707070707	-2.76767676767677
			9.07575757575758	-2.77272727272727
			9.08080808080808	-2.77777777777778
			9.08585858585859	-2.78282828282828
			9.09090909090909	-2.78787878787879
			9.09090909090909	-2.79292929292929
			9.0959595959596	-2.7979797979798
			9.1010101010101	-2.8030303030303
			9.10606060606061	-2.80808080808081
			9.10606060606061	-2.81313131313131
			9.11111111111111	-2.81818181818182
			9.11616161616162	-2.82323232323232
			9.12121212121212	-2.82323232323232
			9.12121212121212	-2.82828282828283
			9.12626262626263	-2.83333333333333
			9.13131313131313	-2.83838383838384
			9.13636363636364	-2.84343434343434
			9.13636363636364	-2.84848484848485
			9.14141414141414	-2.85353535353535
			9.14646464646465	-2.85858585858586
			9.14646464646465	-2.86363636363636
			9.15151515151515	-2.86868686868687
			9.15656565656566	-2.86868686868687
			9.16161616161616	-2.87373737373737
			9.16666666666667	-2.87878787878788
			9.17171717171717	-2.88383838383838
			9.17676767676768	-2.88383838383838
			9.18181818181818	-2.88383838383838
			9.18181818181818	-2.88888888888889
			9.18686868686869	-2.88888888888889
			9.19191919191919	-2.88888888888889
			9.1969696969697	-2.89393939393939
			9.2020202020202	-2.89393939393939
			9.20707070707071	-2.89393939393939
			9.21212121212121	-2.89393939393939
			9.21717171717172	-2.8989898989899
			9.22222222222222	-2.8989898989899
			9.22727272727273	-2.9040404040404
			9.23232323232323	-2.9040404040404
			9.23737373737374	-2.9040404040404
			9.24242424242424	-2.9040404040404
			9.24747474747475	-2.90909090909091
			9.25252525252525	-2.90909090909091
			9.25757575757576	-2.90909090909091
			9.26262626262626	-2.90909090909091
			9.26767676767677	-2.91414141414141
			9.27272727272727	-2.91414141414141
			9.27777777777778	-2.91414141414141
			9.28282828282828	-2.91414141414141
			9.28787878787879	-2.91919191919192
			9.29292929292929	-2.91919191919192
			9.2979797979798	-2.91919191919192
			9.3030303030303	-2.91919191919192
			9.30808080808081	-2.91919191919192
			9.31313131313131	-2.92424242424242
			9.31818181818182	-2.92424242424242
			9.32323232323232	-2.92424242424242
			9.32828282828283	-2.92424242424242
			9.33333333333333	-2.92424242424242
			9.33838383838384	-2.92424242424242
			9.34343434343434	-2.92424242424242
			9.34848484848485	-2.92424242424242
			9.35353535353535	-2.92424242424242
			9.35858585858586	-2.92424242424242
			9.36363636363637	-2.92424242424242
			9.36868686868687	-2.92424242424242
			9.37373737373737	-2.92424242424242
			9.37878787878788	-2.92424242424242
			9.38383838383838	-2.92424242424242
			9.38888888888889	-2.92424242424242
			9.39393939393939	-2.92424242424242
			9.3989898989899	-2.92424242424242
			9.4040404040404	-2.91919191919192
			9.40909090909091	-2.91919191919192
			9.41414141414142	-2.91414141414141
			9.41919191919192	-2.90909090909091
			9.42424242424243	-2.9040404040404
			9.42929292929293	-2.8989898989899
			9.43434343434344	-2.89393939393939
			9.43939393939394	-2.88888888888889
			9.43939393939394	-2.88383838383838
			9.43939393939394	-2.87878787878788
			9.43939393939394	-2.87373737373737
			9.43939393939394	-2.86868686868687
			9.43939393939394	-2.86363636363636
			9.43939393939394	-2.85858585858586
			9.43939393939394	-2.85353535353535
			9.43939393939394	-2.84848484848485
			9.43939393939394	-2.84343434343434
			9.43939393939394	-2.83838383838384
			9.43939393939394	-2.83333333333333
			9.43434343434344	-2.82828282828283
			9.43434343434344	-2.82323232323232
			9.43434343434344	-2.81818181818182
			9.42929292929293	-2.81313131313131
			9.42929292929293	-2.80808080808081
			9.42929292929293	-2.8030303030303
			9.42424242424243	-2.7979797979798
			9.42424242424243	-2.79292929292929
			9.41919191919192	-2.78787878787879
			9.41919191919192	-2.78282828282828
			9.41919191919192	-2.77777777777778
			9.41414141414142	-2.77272727272727
			9.41414141414142	-2.76767676767677
			9.40909090909091	-2.76262626262626
			9.40909090909091	-2.75757575757576
			9.4040404040404	-2.75252525252525
			9.4040404040404	-2.74747474747475
			9.3989898989899	-2.74242424242424
			9.3989898989899	-2.73737373737374
			9.39393939393939	-2.73232323232323
			9.39393939393939	-2.72727272727273
			9.38888888888889	-2.72222222222222
			9.38888888888889	-2.71717171717172
			9.38383838383838	-2.71212121212121
			9.37878787878788	-2.70707070707071
			9.37878787878788	-2.7020202020202
			9.37373737373737	-2.6969696969697
			9.37373737373737	-2.69191919191919
			9.36868686868687	-2.68686868686869
			9.36363636363637	-2.68181818181818
			9.36363636363637	-2.67676767676768
			9.35858585858586	-2.67171717171717
			9.35353535353535	-2.66666666666667
			9.35353535353535	-2.66161616161616
			9.34848484848485	-2.65656565656566
			9.34343434343434	-2.65151515151515
			9.34343434343434	-2.64646464646465
			9.33838383838384	-2.64141414141414
			9.33838383838384	-2.63636363636364
			9.33333333333333	-2.63131313131313
			9.32828282828283	-2.62626262626263
			9.32828282828283	-2.62121212121212
			9.32323232323232	-2.62121212121212
			9.32323232323232	-2.61616161616162
			9.31818181818182	-2.61111111111111
			9.31313131313131	-2.60606060606061
			9.31313131313131	-2.6010101010101
			9.30808080808081	-2.5959595959596
			9.30808080808081	-2.59090909090909
			9.3030303030303	-2.58585858585859
			9.2979797979798	-2.58585858585859
			9.2979797979798	-2.58080808080808
			9.29292929292929	-2.57575757575758
			9.28787878787879	-2.57070707070707
			9.28787878787879	-2.56565656565657
			9.28282828282828	-2.56060606060606
			9.27777777777778	-2.55555555555556
			9.27777777777778	-2.55050505050505
			9.27272727272727	-2.54545454545455
			9.26767676767677	-2.54040404040404
			9.26262626262626	-2.53535353535354
			9.26262626262626	-2.53030303030303
			9.25757575757576	-2.52525252525253
			9.25252525252525	-2.52020202020202
			9.24747474747475	-2.51515151515152
			9.24747474747475	-2.51010101010101
			9.24242424242424	-2.50505050505051
			9.23737373737374	-2.5
			9.23232323232323	-2.4949494949495
		</posterior>
	</curves.scaled>
	<ruler.points type=matrix rownames=TRUE colnames=FALSE nrow=2 ncol=2 as.numeric=TRUE >
		Ruler point 1	1811	73
		Ruler point 2	1811	271
	</ruler.points>
</shapes>

