<shapes type=list>
	<ruler.pixel type=vector names=FALSE length=1 as.numeric=TRUE >271</ruler.pixel>
	<ruler.interval type=vector names=FALSE length=1 as.numeric=TRUE >5</ruler.interval>
	<scaling.units type=vector names=FALSE length=1 as.numeric=FALSE >mm</scaling.units>
	<scaling type=vector names=FALSE length=1 as.numeric=TRUE >0.018450184501845</scaling>
	<landmarks.pixel type=matrix rownames=TRUE colnames=FALSE nrow=16 ncol=2 as.numeric=TRUE >
		LM1	1072	188
		LM2	1066	227
		LM3	1063	947
		LM4	1070	1042
		LM5	1441	382
		LM6	1334	951
		LM7	1328	999
		LM8	1485	587
		LM9	1533	764
		LM10	1072	225
		LM11	1745	694
		LM12	1847	707
		LM13	1072	188
		LM14	1660	687
		LM15	1950	1008
		LM16	1950	1008
	</landmarks.pixel>
	<landmarks.scaled type=matrix rownames=TRUE colnames=FALSE nrow=16 ncol=2 as.numeric=TRUE >
		LM1	19.7785977859779	-3.46863468634686
		LM2	19.6678966789668	-4.18819188191882
		LM3	19.6125461254613	-17.4723247232472
		LM4	19.7416974169742	-19.2250922509225
		LM5	26.5867158671587	-7.0479704797048
		LM6	24.6125461254613	-17.5461254612546
		LM7	24.5018450184502	-18.4317343173432
		LM8	27.3985239852399	-10.830258302583
		LM9	28.2841328413284	-14.0959409594096
		LM10	19.7785977859779	-4.15129151291513
		LM11	32.1955719557196	-12.8044280442804
		LM12	34.0774907749078	-13.0442804428044
		LM13	19.7785977859779	-3.46863468634686
		LM14	30.6273062730627	-12.6752767527675
		LM15	35.9778597785978	-18.5977859778598
		LM16	35.9778597785978	-18.5977859778598
	</landmarks.scaled>
	<curves.control type=list>
		<glabella type=matrix rownames=FALSE colnames=FALSE nrow=9 ncol=2 as.numeric=TRUE >
			1066	227
			1273	216
			1406	323
			1467	359
			1426	463
			1384	666
			1334	949
			1341	989
			1328	999
		</glabella>
		<suture type=matrix rownames=FALSE colnames=FALSE nrow=17 ncol=2 as.numeric=TRUE >
			1072	225
			1214	179
			1424	325
			1499	444
			1483	591
			1610	571
			1623	642
			1633	736
			1566	757
			1474	774
			1605	792
			1679	742
			1725	696
			1754	657
			1799	700
			1808	700
			1847	707
		</suture>
		<anterior type=matrix rownames=FALSE colnames=FALSE nrow=5 ncol=2 as.numeric=TRUE >
			1072	188
			1336	207
			1647	458
			1964	800
			1950	1008
		</anterior>
		<posterior type=matrix rownames=FALSE colnames=FALSE nrow=9 ncol=2 as.numeric=TRUE >
			1070	1042
			1153	1065
			1264	1047
			1318	1009
			1436	1031
			1523	1012
			1758	1032
			2000	1082
			1950	1008
		</posterior>
	</curves.control>
	<curves.pixel type=list>
		<glabella type=matrix rownames=FALSE colnames=FALSE nrow=1040 ncol=2 as.numeric=TRUE >
			1066	227
			1067	227
			1068	227
			1069	227
			1070	227
			1071	227
			1072	227
			1073	227
			1074	227
			1075	227
			1076	227
			1077	227
			1077	226
			1078	226
			1079	226
			1080	226
			1081	226
			1082	226
			1083	226
			1084	226
			1085	226
			1086	226
			1087	226
			1088	226
			1089	226
			1090	226
			1091	226
			1092	226
			1093	226
			1094	226
			1095	226
			1096	226
			1097	226
			1098	226
			1099	226
			1100	226
			1101	226
			1102	226
			1103	226
			1104	226
			1105	226
			1106	226
			1107	226
			1108	226
			1109	226
			1110	226
			1111	226
			1112	226
			1113	226
			1114	226
			1115	226
			1116	226
			1117	226
			1118	226
			1119	226
			1120	226
			1121	226
			1122	226
			1123	226
			1124	226
			1125	226
			1126	226
			1127	226
			1128	226
			1129	226
			1130	226
			1130	227
			1131	227
			1132	227
			1133	227
			1134	227
			1135	227
			1136	227
			1137	227
			1138	227
			1139	227
			1140	227
			1141	227
			1142	227
			1143	227
			1144	227
			1145	227
			1146	227
			1147	227
			1148	227
			1149	228
			1150	228
			1151	228
			1152	228
			1153	228
			1154	228
			1155	228
			1156	228
			1157	228
			1158	228
			1159	228
			1160	228
			1161	229
			1162	229
			1163	229
			1164	229
			1165	229
			1166	229
			1167	229
			1168	229
			1169	229
			1170	229
			1171	230
			1172	230
			1173	230
			1174	230
			1175	230
			1176	230
			1177	230
			1178	230
			1179	230
			1180	231
			1181	231
			1182	231
			1183	231
			1184	231
			1185	231
			1186	231
			1187	231
			1188	232
			1189	232
			1190	232
			1191	232
			1192	232
			1193	232
			1194	232
			1194	233
			1195	233
			1196	233
			1197	233
			1198	233
			1199	233
			1200	233
			1201	234
			1202	234
			1203	234
			1204	234
			1205	234
			1206	234
			1207	235
			1208	235
			1209	235
			1210	235
			1211	235
			1212	236
			1213	236
			1214	236
			1215	236
			1216	236
			1217	236
			1218	237
			1219	237
			1220	237
			1221	237
			1222	237
			1223	238
			1224	238
			1225	238
			1226	238
			1227	239
			1228	239
			1229	239
			1230	239
			1231	240
			1232	240
			1233	240
			1234	240
			1235	240
			1236	241
			1237	241
			1238	241
			1239	241
			1240	242
			1241	242
			1242	242
			1243	242
			1244	243
			1245	243
			1246	243
			1247	243
			1248	244
			1249	244
			1250	244
			1251	244
			1252	245
			1253	245
			1254	245
			1255	246
			1256	246
			1257	246
			1258	246
			1259	247
			1260	247
			1261	247
			1262	248
			1263	248
			1264	248
			1265	249
			1266	249
			1267	249
			1268	250
			1269	250
			1270	250
			1271	251
			1272	251
			1273	251
			1274	251
			1275	252
			1276	252
			1277	252
			1278	253
			1279	253
			1280	253
			1281	254
			1282	254
			1283	254
			1284	255
			1285	255
			1286	256
			1287	256
			1288	256
			1289	257
			1290	257
			1291	257
			1291	258
			1292	258
			1293	258
			1294	259
			1295	259
			1296	260
			1297	260
			1298	260
			1299	261
			1300	261
			1301	261
			1302	262
			1303	262
			1304	263
			1305	263
			1306	263
			1307	264
			1308	264
			1309	265
			1310	265
			1311	265
			1312	266
			1313	266
			1313	267
			1314	267
			1315	268
			1316	268
			1317	268
			1318	269
			1319	269
			1320	270
			1321	270
			1322	271
			1323	271
			1324	271
			1325	272
			1326	272
			1327	273
			1328	274
			1329	274
			1330	274
			1330	275
			1331	275
			1332	275
			1332	276
			1333	276
			1334	276
			1334	277
			1335	277
			1336	277
			1336	278
			1337	278
			1338	278
			1338	279
			1339	279
			1340	279
			1340	280
			1341	280
			1342	280
			1342	281
			1343	281
			1344	282
			1345	282
			1346	283
			1347	283
			1348	284
			1349	284
			1349	285
			1350	285
			1351	285
			1352	286
			1353	287
			1354	287
			1355	288
			1356	288
			1357	289
			1358	289
			1359	290
			1360	291
			1361	292
			1362	292
			1363	293
			1364	293
			1365	294
			1366	295
			1367	295
			1368	296
			1369	296
			1370	297
			1371	298
			1372	298
			1373	299
			1374	300
			1375	300
			1376	301
			1377	301
			1378	302
			1379	303
			1380	304
			1381	305
			1382	305
			1383	306
			1384	306
			1385	307
			1386	308
			1387	309
			1388	309
			1388	310
			1389	310
			1390	311
			1391	311
			1392	312
			1393	313
			1394	314
			1395	314
			1396	315
			1397	316
			1398	316
			1399	317
			1399	318
			1400	319
			1401	319
			1402	320
			1403	321
			1404	321
			1405	322
			1406	323
			1407	323
			1407	324
			1408	324
			1409	325
			1410	325
			1411	326
			1412	327
			1413	328
			1414	328
			1415	329
			1416	330
			1417	331
			1418	332
			1419	333
			1420	334
			1421	334
			1422	335
			1423	336
			1424	337
			1425	338
			1425	339
			1426	340
			1427	341
			1428	342
			1428	343
			1429	344
			1430	345
			1431	346
			1431	347
			1432	348
			1432	349
			1433	350
			1434	351
			1434	352
			1435	353
			1435	354
			1435	355
			1436	355
			1436	356
			1436	357
			1437	358
			1437	359
			1438	360
			1438	361
			1438	362
			1439	363
			1439	364
			1439	365
			1439	366
			1440	367
			1440	368
			1440	369
			1440	370
			1441	371
			1441	372
			1441	373
			1441	374
			1441	375
			1442	376
			1442	377
			1442	378
			1442	379
			1442	380
			1442	381
			1442	382
			1442	383
			1442	384
			1442	385
			1442	386
			1442	387
			1442	388
			1442	389
			1442	390
			1442	391
			1442	392
			1442	393
			1442	394
			1442	395
			1442	396
			1442	397
			1442	398
			1442	399
			1442	400
			1442	401
			1442	402
			1442	403
			1442	404
			1442	405
			1441	406
			1441	407
			1441	408
			1441	409
			1441	410
			1441	411
			1441	412
			1440	413
			1440	414
			1440	415
			1440	416
			1440	417
			1440	418
			1439	419
			1439	420
			1439	421
			1439	422
			1439	423
			1438	424
			1438	425
			1438	426
			1438	427
			1437	428
			1437	429
			1437	430
			1437	431
			1436	432
			1436	433
			1436	434
			1436	435
			1435	436
			1435	437
			1435	438
			1434	439
			1434	440
			1434	441
			1433	442
			1433	443
			1433	444
			1432	445
			1432	446
			1432	447
			1431	448
			1431	449
			1431	450
			1430	451
			1430	452
			1430	453
			1430	454
			1429	454
			1429	455
			1429	456
			1428	457
			1428	458
			1427	459
			1427	460
			1427	461
			1426	462
			1426	463
			1426	464
			1426	465
			1425	466
			1425	467
			1425	468
			1425	469
			1425	470
			1424	471
			1424	472
			1424	473
			1424	474
			1423	475
			1423	476
			1423	477
			1423	478
			1423	479
			1422	480
			1422	481
			1422	482
			1422	483
			1422	484
			1421	485
			1421	486
			1421	487
			1421	488
			1421	489
			1420	490
			1420	491
			1420	492
			1420	493
			1420	494
			1419	495
			1419	496
			1419	497
			1419	498
			1419	499
			1418	500
			1418	501
			1418	502
			1418	503
			1418	504
			1417	505
			1417	506
			1417	507
			1417	508
			1417	509
			1416	510
			1416	511
			1416	512
			1416	513
			1416	514
			1415	515
			1415	516
			1415	517
			1415	518
			1415	519
			1414	520
			1414	521
			1414	522
			1414	523
			1413	524
			1413	525
			1413	526
			1413	527
			1413	528
			1413	529
			1412	530
			1412	531
			1412	532
			1412	533
			1412	534
			1411	535
			1411	536
			1411	537
			1411	538
			1411	539
			1410	540
			1410	541
			1410	542
			1410	543
			1409	544
			1409	545
			1409	546
			1409	547
			1409	548
			1408	549
			1408	550
			1408	551
			1408	552
			1408	553
			1408	554
			1407	555
			1407	556
			1407	557
			1407	558
			1407	559
			1406	560
			1406	561
			1406	562
			1406	563
			1406	564
			1405	565
			1405	566
			1405	567
			1405	568
			1405	569
			1404	570
			1404	571
			1404	572
			1404	573
			1404	574
			1403	575
			1403	576
			1403	577
			1403	578
			1403	579
			1402	580
			1402	581
			1402	582
			1402	583
			1402	584
			1401	585
			1401	586
			1401	587
			1401	588
			1401	589
			1400	590
			1400	591
			1400	592
			1400	593
			1400	594
			1399	595
			1399	596
			1399	597
			1399	598
			1399	599
			1398	600
			1398	601
			1398	602
			1398	603
			1398	604
			1397	605
			1397	606
			1397	607
			1397	608
			1397	609
			1397	610
			1396	611
			1396	612
			1396	613
			1396	614
			1396	615
			1395	616
			1395	617
			1395	618
			1395	619
			1395	620
			1394	621
			1394	622
			1394	623
			1394	624
			1394	625
			1393	626
			1393	627
			1393	628
			1393	629
			1393	630
			1393	631
			1392	632
			1392	633
			1392	634
			1392	635
			1391	636
			1391	637
			1391	638
			1391	639
			1391	640
			1391	641
			1390	642
			1390	643
			1390	644
			1390	645
			1390	646
			1389	647
			1389	648
			1389	649
			1389	650
			1389	651
			1388	652
			1388	653
			1388	654
			1388	655
			1388	656
			1388	657
			1387	658
			1387	659
			1387	660
			1387	661
			1387	662
			1386	663
			1386	664
			1386	665
			1386	666
			1386	667
			1385	668
			1385	669
			1385	670
			1385	671
			1385	672
			1384	673
			1384	674
			1384	675
			1384	676
			1384	677
			1384	678
			1383	679
			1383	680
			1383	681
			1383	682
			1383	683
			1382	684
			1382	685
			1382	686
			1382	687
			1382	688
			1381	689
			1381	690
			1381	691
			1381	692
			1381	693
			1380	694
			1380	695
			1380	696
			1380	697
			1380	698
			1379	699
			1379	700
			1379	701
			1379	702
			1379	703
			1379	704
			1378	705
			1378	706
			1378	707
			1378	708
			1378	709
			1377	710
			1377	711
			1377	712
			1377	713
			1377	714
			1377	715
			1376	716
			1376	717
			1376	718
			1376	719
			1376	720
			1375	721
			1375	722
			1375	723
			1375	724
			1375	725
			1374	726
			1374	727
			1374	728
			1374	729
			1374	730
			1374	731
			1373	732
			1373	733
			1373	734
			1373	735
			1373	736
			1372	737
			1372	738
			1372	739
			1372	740
			1372	741
			1371	742
			1371	743
			1371	744
			1371	745
			1371	746
			1371	747
			1370	748
			1370	749
			1370	750
			1370	751
			1370	752
			1369	753
			1369	754
			1369	755
			1369	756
			1369	757
			1369	758
			1368	759
			1368	760
			1368	761
			1368	762
			1368	763
			1367	764
			1367	765
			1367	766
			1367	767
			1367	768
			1366	769
			1366	770
			1366	771
			1366	772
			1366	773
			1366	774
			1365	775
			1365	776
			1365	777
			1365	778
			1365	779
			1364	780
			1364	781
			1364	782
			1364	783
			1364	784
			1364	785
			1363	786
			1363	787
			1363	788
			1363	789
			1363	790
			1362	791
			1362	792
			1362	793
			1362	794
			1362	795
			1362	796
			1361	797
			1361	798
			1361	799
			1361	800
			1361	801
			1360	802
			1360	803
			1360	804
			1360	805
			1360	806
			1359	807
			1359	808
			1359	809
			1359	810
			1359	811
			1359	812
			1358	813
			1358	814
			1358	815
			1358	816
			1358	817
			1357	818
			1357	819
			1357	820
			1357	821
			1357	822
			1357	823
			1356	824
			1356	825
			1356	826
			1356	827
			1356	828
			1355	829
			1355	830
			1355	831
			1355	832
			1355	833
			1355	834
			1354	835
			1354	836
			1354	837
			1354	838
			1354	839
			1353	840
			1353	841
			1353	842
			1353	843
			1353	844
			1353	845
			1352	846
			1352	847
			1352	848
			1352	849
			1352	850
			1352	851
			1351	852
			1351	853
			1351	854
			1351	855
			1351	856
			1350	857
			1350	858
			1350	859
			1350	860
			1350	861
			1350	862
			1349	863
			1349	864
			1349	865
			1349	866
			1349	867
			1348	868
			1348	869
			1348	870
			1348	871
			1348	872
			1347	873
			1347	874
			1347	875
			1347	876
			1347	877
			1347	878
			1346	879
			1346	880
			1346	881
			1346	882
			1346	883
			1346	884
			1345	885
			1345	886
			1345	887
			1345	888
			1345	889
			1345	890
			1344	891
			1344	892
			1344	893
			1344	894
			1344	895
			1343	896
			1343	897
			1343	898
			1343	899
			1343	900
			1343	901
			1342	902
			1342	903
			1342	904
			1342	905
			1342	906
			1341	907
			1341	908
			1341	909
			1341	910
			1341	911
			1341	912
			1340	913
			1340	914
			1340	915
			1340	916
			1340	917
			1340	918
			1339	919
			1339	920
			1339	921
			1339	922
			1339	923
			1338	924
			1338	925
			1338	926
			1338	927
			1338	928
			1338	929
			1337	930
			1337	931
			1337	932
			1337	933
			1337	934
			1337	935
			1336	936
			1336	937
			1336	938
			1336	939
			1336	940
			1335	941
			1335	942
			1335	943
			1335	944
			1335	945
			1335	946
			1334	947
			1334	948
			1334	949
			1334	950
			1334	951
			1334	952
			1335	953
			1335	954
			1335	955
			1335	956
			1335	957
			1335	958
			1336	959
			1336	960
			1336	961
			1336	962
			1336	963
			1336	964
			1336	965
			1336	966
			1336	967
			1336	968
			1336	969
			1336	970
			1336	971
			1336	972
			1336	973
			1336	974
			1336	975
			1336	976
			1336	977
			1336	978
			1336	979
			1336	980
			1336	981
			1336	982
			1336	983
			1336	984
			1335	985
			1335	986
			1335	987
			1335	988
			1335	989
			1334	990
			1334	991
			1333	992
			1333	993
			1332	994
			1332	995
			1331	996
			1330	997
			1330	998
			1329	998
			1328	999
		</glabella>
		<suture type=matrix rownames=FALSE colnames=FALSE nrow=1302 ncol=2 as.numeric=TRUE >
			1072	225
			1073	225
			1074	224
			1075	224
			1076	224
			1077	223
			1078	223
			1079	223
			1080	223
			1081	222
			1082	222
			1083	222
			1084	221
			1085	221
			1086	221
			1087	221
			1088	220
			1089	220
			1090	220
			1091	220
			1092	220
			1093	219
			1094	219
			1095	219
			1096	219
			1097	218
			1098	218
			1099	218
			1100	218
			1101	218
			1102	217
			1103	217
			1104	217
			1105	217
			1106	217
			1107	217
			1108	217
			1109	216
			1110	216
			1111	216
			1112	216
			1113	216
			1114	216
			1115	216
			1116	216
			1117	215
			1118	215
			1119	215
			1120	215
			1121	215
			1122	215
			1123	215
			1124	215
			1125	215
			1126	215
			1127	215
			1128	214
			1129	214
			1130	214
			1131	214
			1132	214
			1133	214
			1134	214
			1135	214
			1136	214
			1137	214
			1138	214
			1139	214
			1140	214
			1141	214
			1142	214
			1143	214
			1144	214
			1145	214
			1146	214
			1147	214
			1148	214
			1149	214
			1150	214
			1151	214
			1152	214
			1153	214
			1154	214
			1155	214
			1156	214
			1157	214
			1158	214
			1159	214
			1160	214
			1161	215
			1162	215
			1163	215
			1164	215
			1165	215
			1166	215
			1167	215
			1168	215
			1169	215
			1170	215
			1171	215
			1172	215
			1173	216
			1174	216
			1175	216
			1176	216
			1177	216
			1178	216
			1179	216
			1180	216
			1181	217
			1182	217
			1183	217
			1184	217
			1185	217
			1186	217
			1187	217
			1188	218
			1189	218
			1190	218
			1191	218
			1192	218
			1193	218
			1194	218
			1195	219
			1196	219
			1197	219
			1198	219
			1199	219
			1200	220
			1201	220
			1202	220
			1203	220
			1204	220
			1205	221
			1206	221
			1207	221
			1208	221
			1209	221
			1209	222
			1210	222
			1211	222
			1212	222
			1213	222
			1214	223
			1215	223
			1216	223
			1217	223
			1218	224
			1219	224
			1220	224
			1221	224
			1222	225
			1223	225
			1224	225
			1225	225
			1226	226
			1227	226
			1228	226
			1229	226
			1230	227
			1231	227
			1232	227
			1233	228
			1234	228
			1235	228
			1236	228
			1237	229
			1238	229
			1239	229
			1240	230
			1241	230
			1242	230
			1243	231
			1244	231
			1245	231
			1246	231
			1247	232
			1248	232
			1249	232
			1250	233
			1251	233
			1252	233
			1253	234
			1254	234
			1255	235
			1256	235
			1257	235
			1258	236
			1259	236
			1260	236
			1261	237
			1262	237
			1263	237
			1264	238
			1265	238
			1266	239
			1267	239
			1268	239
			1269	240
			1270	240
			1271	241
			1272	241
			1273	241
			1274	242
			1275	242
			1276	243
			1277	243
			1278	243
			1279	244
			1280	244
			1281	245
			1282	245
			1283	245
			1284	246
			1285	246
			1286	247
			1287	247
			1288	248
			1289	248
			1290	248
			1290	249
			1291	249
			1292	249
			1293	250
			1294	250
			1295	251
			1296	251
			1297	251
			1298	252
			1299	252
			1300	253
			1301	253
			1302	253
			1302	254
			1303	254
			1304	255
			1305	255
			1306	256
			1307	256
			1308	256
			1309	257
			1310	257
			1311	258
			1312	258
			1313	259
			1314	260
			1315	260
			1316	260
			1316	261
			1317	261
			1318	261
			1318	262
			1319	262
			1320	262
			1320	263
			1321	263
			1322	263
			1322	264
			1323	264
			1324	264
			1324	265
			1325	265
			1326	265
			1326	266
			1327	266
			1328	266
			1329	267
			1330	267
			1331	268
			1332	269
			1333	269
			1334	269
			1334	270
			1335	270
			1336	271
			1337	271
			1338	272
			1339	272
			1340	273
			1341	273
			1342	274
			1343	275
			1344	275
			1345	276
			1346	276
			1347	277
			1348	277
			1349	278
			1350	278
			1351	279
			1352	279
			1353	280
			1354	281
			1355	281
			1356	282
			1357	282
			1358	283
			1359	283
			1360	284
			1361	285
			1362	285
			1363	286
			1364	286
			1365	287
			1366	288
			1367	288
			1368	289
			1369	289
			1370	290
			1371	291
			1372	291
			1373	292
			1374	292
			1375	293
			1376	294
			1377	294
			1378	295
			1379	296
			1380	296
			1381	297
			1382	297
			1383	298
			1384	299
			1385	299
			1386	300
			1387	301
			1388	301
			1389	302
			1390	303
			1391	303
			1392	304
			1393	305
			1394	305
			1395	306
			1396	306
			1397	307
			1398	308
			1399	308
			1400	309
			1401	309
			1402	310
			1403	311
			1404	311
			1405	312
			1406	313
			1407	313
			1408	314
			1409	314
			1409	315
			1410	316
			1411	316
			1412	317
			1413	317
			1414	318
			1415	319
			1416	319
			1417	320
			1418	321
			1419	322
			1420	323
			1421	323
			1422	323
			1422	324
			1423	324
			1424	325
			1424	326
			1425	326
			1425	327
			1426	328
			1426	329
			1427	329
			1427	330
			1428	331
			1428	332
			1429	333
			1429	334
			1430	335
			1431	336
			1431	337
			1432	338
			1433	339
			1433	340
			1434	341
			1434	342
			1435	343
			1435	344
			1436	345
			1436	346
			1437	347
			1438	348
			1438	349
			1439	350
			1439	351
			1440	352
			1440	353
			1441	354
			1441	355
			1442	356
			1442	357
			1443	358
			1443	359
			1444	360
			1444	361
			1445	362
			1445	363
			1446	363
			1446	364
			1446	365
			1447	366
			1447	367
			1448	368
			1448	369
			1449	370
			1449	371
			1450	372
			1450	373
			1451	374
			1451	375
			1451	376
			1452	377
			1452	378
			1453	379
			1453	380
			1454	381
			1454	382
			1454	383
			1455	384
			1455	385
			1456	386
			1456	387
			1456	388
			1457	389
			1457	390
			1458	391
			1458	392
			1458	393
			1459	394
			1459	395
			1460	396
			1460	397
			1460	398
			1461	399
			1461	400
			1462	401
			1462	402
			1462	403
			1463	404
			1463	405
			1464	406
			1464	407
			1464	408
			1464	409
			1465	410
			1465	411
			1465	412
			1466	413
			1466	414
			1467	415
			1467	416
			1467	417
			1468	418
			1468	419
			1468	420
			1468	421
			1469	422
			1469	423
			1469	424
			1470	425
			1470	426
			1470	427
			1470	428
			1471	429
			1471	430
			1471	431
			1471	432
			1472	433
			1472	434
			1472	435
			1473	436
			1473	437
			1473	438
			1473	439
			1474	440
			1474	441
			1474	442
			1474	443
			1475	444
			1475	445
			1475	446
			1475	447
			1476	448
			1476	449
			1476	450
			1476	451
			1476	452
			1477	453
			1477	454
			1477	455
			1477	456
			1477	457
			1478	457
			1478	458
			1478	459
			1478	460
			1478	461
			1479	462
			1479	463
			1479	464
			1479	465
			1479	466
			1479	467
			1480	468
			1480	469
			1480	470
			1480	471
			1480	472
			1480	473
			1481	474
			1481	475
			1481	476
			1481	477
			1481	478
			1481	479
			1482	480
			1482	481
			1482	482
			1482	483
			1482	484
			1482	485
			1482	486
			1482	487
			1483	488
			1483	489
			1483	490
			1483	491
			1483	492
			1483	493
			1483	494
			1483	495
			1484	496
			1484	497
			1484	498
			1484	499
			1484	500
			1484	501
			1484	502
			1484	503
			1484	504
			1484	505
			1484	506
			1485	507
			1485	508
			1485	509
			1485	510
			1485	511
			1485	512
			1485	513
			1485	514
			1485	515
			1485	516
			1485	517
			1485	518
			1485	519
			1485	520
			1485	521
			1485	522
			1485	523
			1486	524
			1486	525
			1486	526
			1486	527
			1486	528
			1486	529
			1486	530
			1486	531
			1486	532
			1486	533
			1486	534
			1486	535
			1486	536
			1486	537
			1486	538
			1486	539
			1486	540
			1486	541
			1486	542
			1486	543
			1486	544
			1486	545
			1486	546
			1486	547
			1486	548
			1486	549
			1486	550
			1486	551
			1486	552
			1486	553
			1486	554
			1486	555
			1486	556
			1485	557
			1485	558
			1485	559
			1485	560
			1485	561
			1485	562
			1485	563
			1485	564
			1485	565
			1485	566
			1485	567
			1485	568
			1485	569
			1485	570
			1485	571
			1485	572
			1485	573
			1485	574
			1484	575
			1484	576
			1484	577
			1484	578
			1484	579
			1484	580
			1484	581
			1484	582
			1484	583
			1484	584
			1484	585
			1484	586
			1483	587
			1483	588
			1483	589
			1483	590
			1483	591
			1484	591
			1485	591
			1486	591
			1487	590
			1488	590
			1489	590
			1490	590
			1491	590
			1492	590
			1493	590
			1494	589
			1495	589
			1496	589
			1497	589
			1498	589
			1499	589
			1500	589
			1501	589
			1502	588
			1503	588
			1504	588
			1505	588
			1506	588
			1507	588
			1508	588
			1509	588
			1510	588
			1511	588
			1512	587
			1513	587
			1514	587
			1515	587
			1516	587
			1517	587
			1518	587
			1519	587
			1520	587
			1521	587
			1522	587
			1523	587
			1524	587
			1525	587
			1526	587
			1527	587
			1528	587
			1529	587
			1530	587
			1531	587
			1532	587
			1533	587
			1534	587
			1535	587
			1536	587
			1537	587
			1538	587
			1539	587
			1540	587
			1541	587
			1542	587
			1543	587
			1544	587
			1545	587
			1546	587
			1547	587
			1548	587
			1549	587
			1550	587
			1551	587
			1552	587
			1553	588
			1554	588
			1555	588
			1556	588
			1557	588
			1558	588
			1559	588
			1560	588
			1561	589
			1562	589
			1563	589
			1564	589
			1565	589
			1566	590
			1567	590
			1568	590
			1569	590
			1570	590
			1571	590
			1571	591
			1572	591
			1573	591
			1574	591
			1575	592
			1576	592
			1577	592
			1578	593
			1579	593
			1580	593
			1581	593
			1582	594
			1583	594
			1584	595
			1585	595
			1586	596
			1587	596
			1588	597
			1589	597
			1590	597
			1591	598
			1592	598
			1593	599
			1594	599
			1595	600
			1596	601
			1597	602
			1598	602
			1599	603
			1600	604
			1601	604
			1602	605
			1603	606
			1604	607
			1605	607
			1606	608
			1606	609
			1607	610
			1608	611
			1609	611
			1609	612
			1610	613
			1611	614
			1612	615
			1612	616
			1613	617
			1614	618
			1614	619
			1615	620
			1615	621
			1616	622
			1617	623
			1617	624
			1618	625
			1618	626
			1619	627
			1619	628
			1619	629
			1620	630
			1620	631
			1620	632
			1621	633
			1621	634
			1621	635
			1622	636
			1622	637
			1622	638
			1622	639
			1623	640
			1623	641
			1623	642
			1623	643
			1623	644
			1623	645
			1623	646
			1624	647
			1624	648
			1624	649
			1624	650
			1624	651
			1624	652
			1624	653
			1624	654
			1624	655
			1624	656
			1624	657
			1624	658
			1624	659
			1624	660
			1624	661
			1624	662
			1624	663
			1624	664
			1624	665
			1624	666
			1624	667
			1624	668
			1624	669
			1624	670
			1624	671
			1624	672
			1624	673
			1624	674
			1624	675
			1624	676
			1624	677
			1624	678
			1624	679
			1624	680
			1624	681
			1623	682
			1623	683
			1623	684
			1623	685
			1623	686
			1623	687
			1623	688
			1622	689
			1622	690
			1622	691
			1622	692
			1622	693
			1622	694
			1621	695
			1621	696
			1621	697
			1621	698
			1620	699
			1620	700
			1620	701
			1620	702
			1619	703
			1619	704
			1619	705
			1619	706
			1618	707
			1618	708
			1617	709
			1617	710
			1617	711
			1616	712
			1616	713
			1615	714
			1615	715
			1614	716
			1614	717
			1613	718
			1613	719
			1612	720
			1612	721
			1611	722
			1611	723
			1610	724
			1610	725
			1609	726
			1608	727
			1607	728
			1607	729
			1606	730
			1605	731
			1604	732
			1604	733
			1603	734
			1602	735
			1601	736
			1600	737
			1599	738
			1599	739
			1598	739
			1597	740
			1596	741
			1595	742
			1594	743
			1593	743
			1592	744
			1591	745
			1590	746
			1589	746
			1588	747
			1587	748
			1586	748
			1585	749
			1584	750
			1583	750
			1582	750
			1581	751
			1580	751
			1579	752
			1578	752
			1577	753
			1576	753
			1575	754
			1574	754
			1573	754
			1573	755
			1572	755
			1571	755
			1570	756
			1569	756
			1568	756
			1567	757
			1566	757
			1565	757
			1564	757
			1563	758
			1562	758
			1561	758
			1560	758
			1559	758
			1558	759
			1557	759
			1556	759
			1555	759
			1554	759
			1553	760
			1552	760
			1551	760
			1550	760
			1549	761
			1548	761
			1547	761
			1546	761
			1545	762
			1544	762
			1543	762
			1542	762
			1541	763
			1540	763
			1539	764
			1538	764
			1537	764
			1536	764
			1536	765
			1535	765
			1534	765
			1534	766
			1533	766
			1532	766
			1532	767
			1531	767
			1530	768
			1529	769
			1528	770
			1528	771
			1528	772
			1529	773
			1529	774
			1530	774
			1531	775
			1532	776
			1533	777
			1534	777
			1535	777
			1536	778
			1537	778
			1538	779
			1539	779
			1540	779
			1541	780
			1542	780
			1543	780
			1544	781
			1545	781
			1546	781
			1547	781
			1548	782
			1549	782
			1550	782
			1551	782
			1552	783
			1553	783
			1554	783
			1555	783
			1556	784
			1557	784
			1558	784
			1559	784
			1560	785
			1561	785
			1562	785
			1563	785
			1564	785
			1565	785
			1565	786
			1566	786
			1567	786
			1568	786
			1569	786
			1570	786
			1571	787
			1572	787
			1573	787
			1574	787
			1575	787
			1576	788
			1577	788
			1578	788
			1579	788
			1580	788
			1581	788
			1582	789
			1583	789
			1584	789
			1585	789
			1586	789
			1587	789
			1588	790
			1589	790
			1590	790
			1591	790
			1592	790
			1593	790
			1594	790
			1595	791
			1596	791
			1597	791
			1598	791
			1599	791
			1600	791
			1601	791
			1602	792
			1603	792
			1604	792
			1605	792
			1606	791
			1607	791
			1607	790
			1608	790
			1609	789
			1610	788
			1611	788
			1612	787
			1613	787
			1614	786
			1615	785
			1616	784
			1617	784
			1618	783
			1619	782
			1620	781
			1621	781
			1622	781
			1622	780
			1623	780
			1624	779
			1625	778
			1626	778
			1627	777
			1628	776
			1629	775
			1630	775
			1630	774
			1631	774
			1632	773
			1633	773
			1633	772
			1634	772
			1635	771
			1636	770
			1637	770
			1638	769
			1639	768
			1640	767
			1641	766
			1642	766
			1643	765
			1644	764
			1645	764
			1646	763
			1647	762
			1648	761
			1649	761
			1650	760
			1651	759
			1652	758
			1653	758
			1654	757
			1655	756
			1656	756
			1657	755
			1658	754
			1659	753
			1660	753
			1661	752
			1661	751
			1662	751
			1663	750
			1664	749
			1665	748
			1666	748
			1667	747
			1668	746
			1669	746
			1670	745
			1671	744
			1672	743
			1673	742
			1674	741
			1675	740
			1676	739
			1677	739
			1678	738
			1679	737
			1680	736
			1681	735
			1682	735
			1683	734
			1684	733
			1685	732
			1686	732
			1687	731
			1688	730
			1689	729
			1690	728
			1691	727
			1692	726
			1693	725
			1694	724
			1695	723
			1696	723
			1697	722
			1698	721
			1699	720
			1700	719
			1701	718
			1702	717
			1703	717
			1704	716
			1705	715
			1706	714
			1707	713
			1708	712
			1709	711
			1710	710
			1711	710
			1712	709
			1713	708
			1714	707
			1715	706
			1715	705
			1716	704
			1717	704
			1718	703
			1719	702
			1720	701
			1721	700
			1722	699
			1723	698
			1724	697
			1725	696
			1726	695
			1726	694
			1727	693
			1728	692
			1729	691
			1730	690
			1731	689
			1732	688
			1733	687
			1734	686
			1735	686
			1735	685
			1736	684
			1737	684
			1738	683
			1739	683
			1740	682
			1741	682
			1741	681
			1742	681
			1743	680
			1744	680
			1745	679
			1746	679
			1747	679
			1748	679
			1749	678
			1750	678
			1751	678
			1752	678
			1753	678
			1754	677
			1755	677
			1756	677
			1757	677
			1758	677
			1759	678
			1760	678
			1761	678
			1762	678
			1763	678
			1764	678
			1765	678
			1765	679
			1766	679
			1767	679
			1768	680
			1769	680
			1770	680
			1771	680
			1772	681
			1773	681
			1774	682
			1775	682
			1776	683
			1777	684
			1778	684
			1779	684
			1779	685
			1780	685
			1781	686
			1782	686
			1783	687
			1784	688
			1785	688
			1786	689
			1787	690
			1788	690
			1789	691
			1789	692
			1790	692
			1791	693
			1792	694
			1793	694
			1794	695
			1795	696
			1796	697
			1796	698
			1797	698
			1798	699
			1799	700
			1800	700
			1801	700
			1802	700
			1803	700
			1804	700
			1805	700
			1806	701
			1807	701
			1808	701
			1809	701
			1810	701
			1811	701
			1812	701
			1813	701
			1814	702
			1815	702
			1816	702
			1817	702
			1818	702
			1819	702
			1820	702
			1821	703
			1822	703
			1823	703
			1824	703
			1825	703
			1826	703
			1827	704
			1828	704
			1829	704
			1830	704
			1831	704
			1832	704
			1833	705
			1834	705
			1835	705
			1836	705
			1837	705
			1838	705
			1839	706
			1840	706
			1841	706
			1842	706
			1843	706
			1844	706
			1845	707
			1846	707
			1847	707
		</suture>
		<anterior type=matrix rownames=FALSE colnames=FALSE nrow=1186 ncol=2 as.numeric=TRUE >
			1072	188
			1073	188
			1074	188
			1075	188
			1076	188
			1077	188
			1078	188
			1079	189
			1080	189
			1081	189
			1082	189
			1083	189
			1084	189
			1085	189
			1086	189
			1087	189
			1088	189
			1089	189
			1090	190
			1091	190
			1092	190
			1093	190
			1094	190
			1095	190
			1096	190
			1097	190
			1098	190
			1099	191
			1100	191
			1101	191
			1102	191
			1103	191
			1104	191
			1105	191
			1106	191
			1107	192
			1108	192
			1109	192
			1110	192
			1111	192
			1112	192
			1113	192
			1114	192
			1115	193
			1116	193
			1117	193
			1118	193
			1119	193
			1120	193
			1121	193
			1122	194
			1123	194
			1124	194
			1125	194
			1126	194
			1127	194
			1128	195
			1129	195
			1130	195
			1131	195
			1132	195
			1133	195
			1134	196
			1135	196
			1136	196
			1137	196
			1138	196
			1139	196
			1140	197
			1141	197
			1142	197
			1143	197
			1144	197
			1145	198
			1146	198
			1147	198
			1148	198
			1149	198
			1150	198
			1151	199
			1152	199
			1153	199
			1154	199
			1155	200
			1156	200
			1157	200
			1158	200
			1159	200
			1160	201
			1161	201
			1162	201
			1163	201
			1164	201
			1165	202
			1166	202
			1167	202
			1168	202
			1169	203
			1170	203
			1171	203
			1172	203
			1173	203
			1174	204
			1175	204
			1176	204
			1177	204
			1178	205
			1179	205
			1180	205
			1181	205
			1182	206
			1183	206
			1184	206
			1185	206
			1186	206
			1187	207
			1188	207
			1189	207
			1190	207
			1190	208
			1191	208
			1192	208
			1193	208
			1194	209
			1195	209
			1196	209
			1197	209
			1198	209
			1198	210
			1199	210
			1200	210
			1201	210
			1202	211
			1203	211
			1204	211
			1205	211
			1206	212
			1207	212
			1208	212
			1209	213
			1210	213
			1211	213
			1212	213
			1213	214
			1214	214
			1215	214
			1216	214
			1216	215
			1217	215
			1218	215
			1219	215
			1219	216
			1220	216
			1221	216
			1222	216
			1223	217
			1224	217
			1225	217
			1226	218
			1227	218
			1228	218
			1229	218
			1230	219
			1231	219
			1232	220
			1233	220
			1234	220
			1235	220
			1236	221
			1237	221
			1238	221
			1239	222
			1240	222
			1241	222
			1242	223
			1243	223
			1244	223
			1245	224
			1246	224
			1247	224
			1248	225
			1249	225
			1250	225
			1251	226
			1252	226
			1253	226
			1254	227
			1255	227
			1256	227
			1257	228
			1258	228
			1259	228
			1260	229
			1261	229
			1262	229
			1263	230
			1264	230
			1265	231
			1266	231
			1267	231
			1268	232
			1269	232
			1270	233
			1271	233
			1272	233
			1273	233
			1274	234
			1275	234
			1276	235
			1277	235
			1278	236
			1279	236
			1280	236
			1281	237
			1282	237
			1283	237
			1284	238
			1285	238
			1286	239
			1287	239
			1288	239
			1289	240
			1290	240
			1291	241
			1292	241
			1293	241
			1294	242
			1295	242
			1296	242
			1296	243
			1297	243
			1298	243
			1299	244
			1300	244
			1301	245
			1302	245
			1303	245
			1304	246
			1305	246
			1306	247
			1307	247
			1308	247
			1309	248
			1310	248
			1311	248
			1311	249
			1312	249
			1313	250
			1314	250
			1315	250
			1316	251
			1317	251
			1318	251
			1318	252
			1319	252
			1320	253
			1321	253
			1322	253
			1323	254
			1324	254
			1325	254
			1326	255
			1327	256
			1328	256
			1329	257
			1330	257
			1331	257
			1332	258
			1333	258
			1334	259
			1335	259
			1336	259
			1336	260
			1337	260
			1338	260
			1339	261
			1340	261
			1341	262
			1342	262
			1343	263
			1344	263
			1345	264
			1346	264
			1347	264
			1348	265
			1349	265
			1349	266
			1350	266
			1351	267
			1352	267
			1353	268
			1354	268
			1355	268
			1356	269
			1357	269
			1358	270
			1359	270
			1360	271
			1361	271
			1361	272
			1362	272
			1363	272
			1364	273
			1365	273
			1366	274
			1367	274
			1368	275
			1369	275
			1370	276
			1371	276
			1372	277
			1373	277
			1374	278
			1375	278
			1376	279
			1377	279
			1378	280
			1379	281
			1380	281
			1381	281
			1382	282
			1383	282
			1383	283
			1384	283
			1385	283
			1386	284
			1387	284
			1388	285
			1389	286
			1390	286
			1391	287
			1392	287
			1393	288
			1394	288
			1395	289
			1396	289
			1397	290
			1398	290
			1399	291
			1400	291
			1401	292
			1402	292
			1403	293
			1404	293
			1405	294
			1406	294
			1407	295
			1408	295
			1409	296
			1410	296
			1411	297
			1412	297
			1412	298
			1413	299
			1414	299
			1415	300
			1416	300
			1417	301
			1418	301
			1419	302
			1420	302
			1421	303
			1422	303
			1423	304
			1424	305
			1425	305
			1426	306
			1427	306
			1428	307
			1429	307
			1430	308
			1431	308
			1432	309
			1433	310
			1434	310
			1435	311
			1436	311
			1437	312
			1438	312
			1439	313
			1440	314
			1441	314
			1442	315
			1443	315
			1444	316
			1445	316
			1446	317
			1447	318
			1448	318
			1449	319
			1450	319
			1451	320
			1452	321
			1453	321
			1454	322
			1455	322
			1456	323
			1457	323
			1458	324
			1459	325
			1460	325
			1461	326
			1462	326
			1463	327
			1464	328
			1465	328
			1466	329
			1467	329
			1468	330
			1469	331
			1470	331
			1471	332
			1472	333
			1473	333
			1474	334
			1475	334
			1476	335
			1476	336
			1477	336
			1478	337
			1479	337
			1480	338
			1481	339
			1482	339
			1483	340
			1484	341
			1485	341
			1486	342
			1487	343
			1488	343
			1489	344
			1490	344
			1491	345
			1492	346
			1493	346
			1494	347
			1495	348
			1496	348
			1497	349
			1498	350
			1499	350
			1500	351
			1501	352
			1502	352
			1503	353
			1504	353
			1505	354
			1506	355
			1507	355
			1508	356
			1509	357
			1510	357
			1511	358
			1512	359
			1513	359
			1514	360
			1515	361
			1516	361
			1517	362
			1518	363
			1519	363
			1520	364
			1521	365
			1522	366
			1523	366
			1524	367
			1525	368
			1526	368
			1527	369
			1528	370
			1529	370
			1530	370
			1530	371
			1531	371
			1532	372
			1533	373
			1534	373
			1535	374
			1536	375
			1537	376
			1538	376
			1539	377
			1540	378
			1541	379
			1542	379
			1543	380
			1544	380
			1545	381
			1546	382
			1547	382
			1548	383
			1549	384
			1550	385
			1551	386
			1552	386
			1553	387
			1554	387
			1554	388
			1555	388
			1556	389
			1557	389
			1558	390
			1559	391
			1560	392
			1561	392
			1562	393
			1563	394
			1564	395
			1565	395
			1566	396
			1567	397
			1568	397
			1569	398
			1570	399
			1571	400
			1572	401
			1573	401
			1574	402
			1575	403
			1576	404
			1577	404
			1578	405
			1579	405
			1580	406
			1581	407
			1582	408
			1583	408
			1584	409
			1585	410
			1586	411
			1587	411
			1588	412
			1589	413
			1590	413
			1591	414
			1592	415
			1593	416
			1594	417
			1595	417
			1596	418
			1596	419
			1597	419
			1598	420
			1599	420
			1599	421
			1600	421
			1601	422
			1602	423
			1603	424
			1604	424
			1605	425
			1606	426
			1607	426
			1607	427
			1608	428
			1609	428
			1610	429
			1611	429
			1612	430
			1612	431
			1613	431
			1614	432
			1615	433
			1616	433
			1617	434
			1617	435
			1618	435
			1619	436
			1620	436
			1621	437
			1621	438
			1622	438
			1623	439
			1624	440
			1625	440
			1626	441
			1626	442
			1627	442
			1628	443
			1629	444
			1630	444
			1631	445
			1631	446
			1632	446
			1633	447
			1634	448
			1635	448
			1636	449
			1636	450
			1637	450
			1638	451
			1639	451
			1640	452
			1641	453
			1642	454
			1643	455
			1644	456
			1645	457
			1646	457
			1647	458
			1648	459
			1649	460
			1650	461
			1650	462
			1651	462
			1652	463
			1652	464
			1653	464
			1653	465
			1654	466
			1655	466
			1655	467
			1656	468
			1657	468
			1657	469
			1658	470
			1659	471
			1660	472
			1661	473
			1662	474
			1662	475
			1663	475
			1664	476
			1664	477
			1665	478
			1666	478
			1667	479
			1667	480
			1668	481
			1669	482
			1670	483
			1671	484
			1672	485
			1673	486
			1673	487
			1674	488
			1675	489
			1676	490
			1677	491
			1678	492
			1678	493
			1679	493
			1680	494
			1681	495
			1682	496
			1683	497
			1683	498
			1684	499
			1685	500
			1686	501
			1687	502
			1688	503
			1688	504
			1689	505
			1690	505
			1691	506
			1692	507
			1692	508
			1693	509
			1694	510
			1695	511
			1696	512
			1696	513
			1697	514
			1698	515
			1699	516
			1700	517
			1701	518
			1702	519
			1703	520
			1703	521
			1704	521
			1704	522
			1705	523
			1706	523
			1706	524
			1707	525
			1708	526
			1709	527
			1710	528
			1710	529
			1711	530
			1712	530
			1712	531
			1713	532
			1714	533
			1714	534
			1715	534
			1716	535
			1716	536
			1717	537
			1718	538
			1719	539
			1720	540
			1721	541
			1721	542
			1722	543
			1723	544
			1724	545
			1725	546
			1725	547
			1726	547
			1727	548
			1728	549
			1729	550
			1729	551
			1730	552
			1731	553
			1732	554
			1732	555
			1733	556
			1734	557
			1735	558
			1736	559
			1736	560
			1737	560
			1738	561
			1739	562
			1739	563
			1740	564
			1741	565
			1742	566
			1742	567
			1743	568
			1744	569
			1745	570
			1745	571
			1746	572
			1747	572
			1748	573
			1748	574
			1749	575
			1750	576
			1751	577
			1751	578
			1752	579
			1753	580
			1754	581
			1754	582
			1755	582
			1756	583
			1756	584
			1757	585
			1758	586
			1759	587
			1759	588
			1760	589
			1761	590
			1762	591
			1762	592
			1763	592
			1764	593
			1764	594
			1765	595
			1766	596
			1767	597
			1767	598
			1768	599
			1769	600
			1769	601
			1770	601
			1771	602
			1771	603
			1772	604
			1773	605
			1774	606
			1774	607
			1775	608
			1776	609
			1776	610
			1777	610
			1778	611
			1778	612
			1779	613
			1780	614
			1780	615
			1781	616
			1782	617
			1783	618
			1784	619
			1785	620
			1785	621
			1786	622
			1787	623
			1788	624
			1788	625
			1789	626
			1789	627
			1790	627
			1790	628
			1791	629
			1792	630
			1793	631
			1793	632
			1794	633
			1795	634
			1795	635
			1796	636
			1797	637
			1797	638
			1798	638
			1799	639
			1799	640
			1800	641
			1801	642
			1801	643
			1802	644
			1803	645
			1803	646
			1804	647
			1805	647
			1805	648
			1806	649
			1807	650
			1807	651
			1808	652
			1809	653
			1809	654
			1810	655
			1811	656
			1812	657
			1813	658
			1813	659
			1814	660
			1814	661
			1815	662
			1816	663
			1816	664
			1817	665
			1818	665
			1818	666
			1819	667
			1819	668
			1820	668
			1820	669
			1821	670
			1821	671
			1822	672
			1823	673
			1824	674
			1824	675
			1825	676
			1825	677
			1826	678
			1827	679
			1828	680
			1829	681
			1829	682
			1830	683
			1830	684
			1831	685
			1832	686
			1832	687
			1833	688
			1833	689
			1834	689
			1835	690
			1835	691
			1836	692
			1837	693
			1837	694
			1838	695
			1838	696
			1839	697
			1840	698
			1840	699
			1841	700
			1842	701
			1842	702
			1843	703
			1843	704
			1844	704
			1845	705
			1845	706
			1846	707
			1846	708
			1847	709
			1848	710
			1848	711
			1849	712
			1849	713
			1850	714
			1850	715
			1851	716
			1852	716
			1852	717
			1853	718
			1853	719
			1854	720
			1855	721
			1855	722
			1856	723
			1856	724
			1857	725
			1857	726
			1858	727
			1859	728
			1860	729
			1860	730
			1861	731
			1861	732
			1862	733
			1863	734
			1863	735
			1864	736
			1864	737
			1865	738
			1866	739
			1866	740
			1867	741
			1867	742
			1868	743
			1868	744
			1869	745
			1869	746
			1870	747
			1871	748
			1872	749
			1872	750
			1872	751
			1873	751
			1873	752
			1874	753
			1874	754
			1875	755
			1875	756
			1876	757
			1876	758
			1877	759
			1878	760
			1878	761
			1879	762
			1879	763
			1880	764
			1880	765
			1881	766
			1881	767
			1882	768
			1882	769
			1883	770
			1883	771
			1884	772
			1885	772
			1885	773
			1886	774
			1886	775
			1887	776
			1887	777
			1888	778
			1888	779
			1889	780
			1889	781
			1890	782
			1890	783
			1890	784
			1891	785
			1891	786
			1892	787
			1893	788
			1893	789
			1894	790
			1894	791
			1895	792
			1895	793
			1896	794
			1896	795
			1897	796
			1897	797
			1898	798
			1898	799
			1899	800
			1899	801
			1900	802
			1900	803
			1901	804
			1901	805
			1902	806
			1902	807
			1902	808
			1903	809
			1903	810
			1904	810
			1904	811
			1905	812
			1905	813
			1906	814
			1906	815
			1906	816
			1907	817
			1907	818
			1908	819
			1908	820
			1909	821
			1909	822
			1909	823
			1910	824
			1910	825
			1911	825
			1911	826
			1911	827
			1912	828
			1912	829
			1913	830
			1913	831
			1913	832
			1914	833
			1914	834
			1915	835
			1915	836
			1915	837
			1916	837
			1916	838
			1917	839
			1917	840
			1917	841
			1918	842
			1918	843
			1918	844
			1919	845
			1919	846
			1920	847
			1920	848
			1921	849
			1921	850
			1921	851
			1922	852
			1922	853
			1923	854
			1923	855
			1923	856
			1923	857
			1924	857
			1924	858
			1924	859
			1925	860
			1925	861
			1925	862
			1926	863
			1926	864
			1926	865
			1927	866
			1927	867
			1927	868
			1928	869
			1928	870
			1929	871
			1929	872
			1929	873
			1930	874
			1930	875
			1930	876
			1931	877
			1931	878
			1931	879
			1931	880
			1932	880
			1932	881
			1932	882
			1932	883
			1933	883
			1933	884
			1933	885
			1933	886
			1934	887
			1934	888
			1934	889
			1935	890
			1935	891
			1935	892
			1936	893
			1936	894
			1936	895
			1936	896
			1937	897
			1937	898
			1937	899
			1937	900
			1938	900
			1938	901
			1938	902
			1938	903
			1939	904
			1939	905
			1939	906
			1939	907
			1940	908
			1940	909
			1940	910
			1940	911
			1941	912
			1941	913
			1941	914
			1941	915
			1942	916
			1942	917
			1942	918
			1942	919
			1943	920
			1943	921
			1943	922
			1943	923
			1943	924
			1944	925
			1944	926
			1944	927
			1944	928
			1944	929
			1945	930
			1945	931
			1945	932
			1945	933
			1945	934
			1945	935
			1946	936
			1946	937
			1946	938
			1946	939
			1946	940
			1946	941
			1947	942
			1947	943
			1947	944
			1947	945
			1947	946
			1947	947
			1948	948
			1948	949
			1948	950
			1948	951
			1948	952
			1948	953
			1948	954
			1948	955
			1949	956
			1949	957
			1949	958
			1949	959
			1949	960
			1949	961
			1949	962
			1949	963
			1949	964
			1949	965
			1950	966
			1950	967
			1950	968
			1950	969
			1950	970
			1950	971
			1950	972
			1950	973
			1950	974
			1950	975
			1950	976
			1950	977
			1950	978
			1950	979
			1950	980
			1950	981
			1950	982
			1950	983
			1951	984
			1951	985
			1951	986
			1951	987
			1951	988
			1951	989
			1951	990
			1951	991
			1951	992
			1951	993
			1951	994
			1951	995
			1951	996
			1951	997
			1950	998
			1950	999
			1950	1000
			1950	1001
			1950	1002
			1950	1003
			1950	1004
			1950	1005
			1950	1006
			1950	1007
			1950	1008
		</anterior>
		<posterior type=matrix rownames=FALSE colnames=FALSE nrow=923 ncol=2 as.numeric=TRUE >
			1070	1042
			1071	1042
			1072	1043
			1073	1043
			1074	1043
			1075	1043
			1076	1043
			1076	1044
			1077	1044
			1078	1044
			1079	1044
			1080	1045
			1081	1045
			1082	1045
			1083	1045
			1084	1046
			1085	1046
			1086	1046
			1087	1046
			1088	1046
			1089	1047
			1090	1047
			1091	1047
			1092	1047
			1093	1047
			1094	1048
			1095	1048
			1096	1048
			1097	1048
			1098	1048
			1099	1049
			1100	1049
			1101	1049
			1102	1049
			1103	1049
			1104	1049
			1105	1050
			1106	1050
			1107	1050
			1108	1050
			1109	1050
			1110	1050
			1111	1051
			1112	1051
			1113	1051
			1114	1051
			1115	1051
			1116	1051
			1117	1051
			1118	1052
			1119	1052
			1120	1052
			1121	1052
			1122	1052
			1123	1052
			1124	1052
			1125	1052
			1126	1053
			1127	1053
			1128	1053
			1129	1053
			1130	1053
			1131	1053
			1132	1053
			1133	1053
			1134	1053
			1135	1053
			1136	1054
			1137	1054
			1138	1054
			1139	1054
			1140	1054
			1141	1054
			1142	1054
			1143	1054
			1144	1054
			1145	1054
			1146	1054
			1147	1054
			1148	1054
			1149	1054
			1150	1054
			1151	1054
			1152	1054
			1153	1055
			1154	1055
			1155	1055
			1156	1055
			1157	1055
			1158	1055
			1159	1055
			1160	1055
			1161	1055
			1162	1055
			1163	1055
			1164	1055
			1165	1055
			1166	1055
			1167	1055
			1168	1055
			1169	1055
			1170	1055
			1171	1055
			1172	1055
			1173	1055
			1174	1055
			1175	1055
			1176	1055
			1177	1055
			1178	1055
			1179	1055
			1180	1055
			1181	1055
			1182	1055
			1183	1055
			1184	1055
			1185	1055
			1186	1055
			1187	1055
			1188	1055
			1189	1055
			1190	1055
			1191	1055
			1192	1055
			1193	1054
			1194	1054
			1195	1054
			1196	1054
			1197	1054
			1198	1054
			1199	1054
			1200	1054
			1201	1054
			1202	1054
			1203	1054
			1204	1054
			1205	1054
			1206	1054
			1207	1054
			1208	1054
			1209	1054
			1210	1053
			1211	1053
			1212	1053
			1213	1053
			1214	1053
			1215	1053
			1216	1053
			1217	1053
			1218	1053
			1219	1053
			1220	1053
			1221	1052
			1222	1052
			1223	1052
			1224	1052
			1225	1052
			1226	1052
			1227	1052
			1228	1052
			1229	1052
			1230	1052
			1231	1052
			1232	1051
			1233	1051
			1234	1051
			1235	1051
			1236	1051
			1237	1051
			1238	1051
			1239	1051
			1240	1050
			1241	1050
			1242	1050
			1243	1050
			1244	1050
			1245	1050
			1246	1050
			1247	1050
			1248	1049
			1249	1049
			1250	1049
			1251	1049
			1252	1049
			1253	1049
			1254	1049
			1255	1048
			1256	1048
			1257	1048
			1258	1048
			1259	1048
			1260	1048
			1261	1048
			1262	1047
			1263	1047
			1264	1047
			1265	1046
			1266	1046
			1267	1045
			1268	1044
			1269	1044
			1270	1043
			1271	1043
			1272	1042
			1273	1041
			1274	1041
			1275	1040
			1276	1040
			1277	1039
			1278	1039
			1279	1038
			1280	1038
			1281	1037
			1282	1037
			1283	1036
			1284	1036
			1285	1035
			1286	1035
			1287	1035
			1288	1034
			1289	1034
			1290	1033
			1291	1033
			1292	1033
			1293	1032
			1294	1032
			1295	1032
			1296	1031
			1297	1031
			1298	1031
			1299	1031
			1300	1030
			1301	1030
			1302	1030
			1303	1029
			1304	1029
			1305	1029
			1306	1029
			1307	1028
			1308	1028
			1309	1028
			1310	1028
			1311	1027
			1312	1027
			1313	1027
			1314	1027
			1315	1027
			1316	1026
			1317	1026
			1318	1026
			1319	1026
			1320	1026
			1321	1026
			1322	1025
			1323	1025
			1324	1025
			1325	1025
			1326	1025
			1327	1025
			1328	1025
			1329	1025
			1330	1024
			1331	1024
			1332	1024
			1333	1024
			1334	1024
			1335	1024
			1336	1024
			1337	1024
			1338	1024
			1339	1024
			1340	1024
			1341	1023
			1342	1023
			1343	1023
			1344	1023
			1345	1023
			1346	1023
			1347	1023
			1348	1023
			1349	1023
			1350	1023
			1351	1023
			1352	1023
			1353	1023
			1354	1023
			1355	1023
			1356	1023
			1357	1023
			1358	1023
			1359	1023
			1360	1023
			1361	1023
			1362	1023
			1363	1023
			1364	1023
			1365	1023
			1366	1023
			1367	1023
			1368	1023
			1369	1023
			1370	1023
			1371	1023
			1372	1023
			1373	1023
			1374	1023
			1375	1023
			1376	1023
			1377	1023
			1378	1024
			1379	1024
			1380	1024
			1381	1024
			1382	1024
			1383	1024
			1384	1024
			1385	1024
			1386	1024
			1387	1024
			1388	1024
			1389	1024
			1390	1024
			1391	1025
			1392	1025
			1393	1025
			1394	1025
			1395	1025
			1396	1025
			1397	1025
			1398	1025
			1399	1025
			1400	1026
			1401	1026
			1402	1026
			1403	1026
			1404	1026
			1405	1026
			1406	1026
			1407	1026
			1408	1027
			1409	1027
			1410	1027
			1411	1027
			1412	1027
			1413	1027
			1414	1027
			1415	1027
			1416	1028
			1417	1028
			1418	1028
			1419	1028
			1420	1028
			1421	1028
			1422	1029
			1423	1029
			1424	1029
			1425	1029
			1426	1029
			1427	1029
			1428	1029
			1429	1030
			1430	1030
			1431	1030
			1432	1030
			1433	1030
			1434	1031
			1435	1031
			1436	1031
			1437	1031
			1438	1031
			1439	1030
			1440	1030
			1441	1030
			1442	1030
			1443	1030
			1444	1029
			1445	1029
			1446	1029
			1447	1029
			1448	1029
			1449	1029
			1450	1028
			1451	1028
			1452	1028
			1453	1028
			1454	1028
			1455	1028
			1456	1027
			1457	1027
			1458	1027
			1459	1027
			1460	1027
			1461	1027
			1462	1027
			1463	1026
			1464	1026
			1465	1026
			1466	1026
			1467	1026
			1468	1026
			1469	1026
			1470	1026
			1471	1026
			1472	1025
			1473	1025
			1474	1025
			1475	1025
			1476	1025
			1477	1025
			1478	1025
			1479	1025
			1480	1025
			1481	1025
			1482	1024
			1483	1024
			1484	1024
			1485	1024
			1486	1024
			1487	1024
			1488	1024
			1489	1024
			1490	1024
			1491	1024
			1492	1024
			1493	1024
			1494	1024
			1495	1024
			1496	1023
			1497	1023
			1498	1023
			1499	1023
			1500	1023
			1501	1023
			1502	1023
			1503	1023
			1504	1023
			1505	1023
			1506	1023
			1507	1023
			1508	1023
			1509	1023
			1510	1023
			1511	1023
			1512	1023
			1513	1023
			1514	1023
			1515	1022
			1516	1022
			1517	1022
			1518	1022
			1519	1022
			1520	1022
			1521	1022
			1522	1022
			1523	1022
			1524	1022
			1525	1022
			1526	1022
			1527	1022
			1528	1022
			1529	1022
			1530	1022
			1531	1022
			1532	1022
			1533	1022
			1534	1022
			1535	1022
			1536	1022
			1537	1022
			1538	1022
			1539	1022
			1540	1022
			1541	1022
			1542	1022
			1543	1022
			1544	1022
			1545	1022
			1546	1022
			1547	1022
			1548	1022
			1549	1022
			1550	1022
			1551	1022
			1552	1022
			1553	1022
			1554	1022
			1555	1022
			1556	1022
			1557	1022
			1558	1022
			1559	1022
			1560	1022
			1561	1022
			1562	1022
			1563	1022
			1564	1022
			1565	1022
			1566	1022
			1567	1022
			1568	1022
			1569	1022
			1570	1022
			1571	1022
			1572	1022
			1573	1022
			1574	1022
			1575	1022
			1576	1022
			1577	1022
			1578	1022
			1579	1022
			1580	1022
			1581	1022
			1582	1022
			1583	1022
			1584	1022
			1585	1022
			1586	1022
			1587	1022
			1588	1022
			1589	1022
			1590	1022
			1591	1022
			1592	1022
			1593	1022
			1594	1022
			1595	1022
			1596	1022
			1597	1022
			1598	1022
			1599	1022
			1600	1022
			1601	1022
			1602	1022
			1603	1022
			1604	1023
			1605	1023
			1606	1023
			1607	1023
			1608	1023
			1609	1023
			1610	1023
			1611	1023
			1612	1023
			1613	1023
			1614	1023
			1615	1023
			1616	1023
			1617	1023
			1618	1023
			1619	1023
			1620	1023
			1621	1023
			1622	1023
			1623	1023
			1624	1023
			1625	1023
			1626	1023
			1627	1023
			1628	1023
			1629	1023
			1630	1024
			1631	1024
			1632	1024
			1633	1024
			1634	1024
			1635	1024
			1636	1024
			1637	1024
			1638	1024
			1639	1024
			1640	1024
			1641	1024
			1642	1024
			1643	1024
			1644	1024
			1645	1024
			1646	1024
			1647	1024
			1648	1024
			1649	1024
			1650	1024
			1651	1024
			1652	1025
			1653	1025
			1654	1025
			1655	1025
			1656	1025
			1657	1025
			1658	1025
			1659	1025
			1660	1025
			1661	1025
			1662	1025
			1663	1025
			1664	1025
			1665	1025
			1666	1025
			1667	1025
			1668	1025
			1669	1026
			1670	1026
			1671	1026
			1672	1026
			1673	1026
			1674	1026
			1675	1026
			1676	1026
			1677	1026
			1678	1026
			1679	1026
			1680	1026
			1681	1026
			1682	1026
			1683	1026
			1684	1026
			1685	1026
			1686	1027
			1687	1027
			1688	1027
			1689	1027
			1690	1027
			1691	1027
			1692	1027
			1693	1027
			1694	1027
			1695	1027
			1696	1027
			1697	1027
			1698	1027
			1699	1027
			1700	1028
			1701	1028
			1702	1028
			1703	1028
			1704	1028
			1705	1028
			1706	1028
			1707	1028
			1708	1028
			1709	1028
			1710	1028
			1711	1028
			1712	1028
			1713	1028
			1714	1028
			1715	1029
			1716	1029
			1717	1029
			1718	1029
			1719	1029
			1720	1029
			1721	1029
			1722	1029
			1723	1029
			1724	1029
			1725	1029
			1726	1029
			1727	1029
			1728	1030
			1729	1030
			1730	1030
			1731	1030
			1732	1030
			1733	1030
			1734	1030
			1735	1030
			1736	1030
			1737	1030
			1738	1030
			1739	1030
			1740	1031
			1741	1031
			1742	1031
			1743	1031
			1744	1031
			1745	1031
			1746	1031
			1747	1031
			1748	1031
			1749	1031
			1750	1031
			1751	1031
			1752	1031
			1753	1032
			1754	1032
			1755	1032
			1756	1032
			1757	1032
			1758	1032
			1759	1032
			1760	1032
			1761	1033
			1762	1033
			1763	1033
			1764	1033
			1765	1033
			1766	1034
			1767	1034
			1768	1034
			1769	1034
			1770	1034
			1771	1035
			1772	1035
			1773	1035
			1774	1035
			1775	1035
			1776	1036
			1777	1036
			1778	1036
			1779	1036
			1780	1036
			1781	1037
			1782	1037
			1783	1037
			1784	1037
			1785	1037
			1786	1037
			1787	1038
			1788	1038
			1789	1038
			1790	1038
			1791	1039
			1792	1039
			1793	1039
			1794	1039
			1795	1039
			1796	1039
			1797	1040
			1798	1040
			1799	1040
			1800	1040
			1801	1040
			1802	1040
			1803	1041
			1804	1041
			1805	1041
			1806	1041
			1807	1041
			1808	1041
			1809	1042
			1810	1042
			1811	1042
			1812	1042
			1813	1042
			1814	1043
			1815	1043
			1816	1043
			1817	1043
			1818	1043
			1819	1043
			1820	1044
			1821	1044
			1822	1044
			1823	1044
			1824	1044
			1825	1044
			1826	1044
			1826	1045
			1827	1045
			1828	1045
			1829	1045
			1830	1045
			1831	1045
			1832	1045
			1833	1046
			1834	1046
			1835	1046
			1836	1046
			1837	1046
			1838	1046
			1839	1047
			1840	1047
			1841	1047
			1842	1047
			1843	1047
			1844	1047
			1845	1047
			1846	1047
			1847	1048
			1848	1048
			1849	1048
			1850	1048
			1851	1048
			1852	1048
			1853	1048
			1854	1048
			1855	1049
			1856	1049
			1857	1049
			1858	1049
			1859	1049
			1860	1049
			1861	1049
			1862	1049
			1863	1049
			1864	1050
			1865	1050
			1866	1050
			1867	1050
			1868	1050
			1869	1050
			1870	1050
			1871	1050
			1872	1050
			1873	1051
			1874	1051
			1875	1051
			1876	1051
			1877	1051
			1878	1051
			1879	1051
			1880	1051
			1881	1051
			1882	1051
			1883	1051
			1884	1051
			1885	1051
			1886	1052
			1887	1052
			1888	1052
			1889	1052
			1890	1052
			1891	1052
			1892	1052
			1893	1052
			1894	1052
			1895	1052
			1896	1052
			1897	1052
			1898	1052
			1899	1052
			1900	1052
			1901	1052
			1902	1052
			1903	1052
			1904	1052
			1905	1052
			1906	1052
			1907	1052
			1908	1052
			1909	1052
			1910	1052
			1911	1052
			1912	1052
			1913	1052
			1914	1052
			1915	1052
			1916	1052
			1917	1052
			1918	1052
			1919	1052
			1920	1052
			1921	1052
			1922	1052
			1923	1051
			1924	1051
			1925	1051
			1926	1051
			1927	1051
			1928	1051
			1929	1051
			1930	1051
			1931	1050
			1932	1050
			1933	1050
			1934	1050
			1935	1050
			1936	1049
			1937	1049
			1938	1049
			1939	1049
			1940	1048
			1941	1048
			1942	1048
			1943	1048
			1943	1047
			1944	1047
			1945	1047
			1946	1046
			1947	1046
			1948	1045
			1949	1045
			1950	1044
			1951	1044
			1951	1043
			1952	1043
			1953	1042
			1954	1041
			1955	1040
			1956	1039
			1957	1038
			1957	1037
			1957	1036
			1958	1035
			1958	1034
			1958	1033
			1958	1032
			1959	1031
			1959	1030
			1959	1029
			1958	1028
			1958	1027
			1958	1026
			1958	1025
			1958	1024
			1957	1023
			1957	1022
			1957	1021
			1956	1020
			1956	1019
			1956	1018
			1955	1017
			1955	1016
			1954	1015
			1953	1014
			1953	1013
			1953	1012
			1952	1012
			1952	1011
			1951	1010
			1951	1009
			1950	1008
		</posterior>
	</curves.pixel>
	<curves.scaled type=list>
		<glabella type=matrix rownames=FALSE colnames=FALSE nrow=1040 ncol=2 as.numeric=TRUE >
			19.6678966789668	-4.18819188191882
			19.6863468634686	-4.18819188191882
			19.7047970479705	-4.18819188191882
			19.7232472324723	-4.18819188191882
			19.7416974169742	-4.18819188191882
			19.760147601476	-4.18819188191882
			19.7785977859779	-4.18819188191882
			19.7970479704797	-4.18819188191882
			19.8154981549816	-4.18819188191882
			19.8339483394834	-4.18819188191882
			19.8523985239852	-4.18819188191882
			19.8708487084871	-4.18819188191882
			19.8708487084871	-4.16974169741697
			19.8892988929889	-4.16974169741697
			19.9077490774908	-4.16974169741697
			19.9261992619926	-4.16974169741697
			19.9446494464945	-4.16974169741697
			19.9630996309963	-4.16974169741697
			19.9815498154982	-4.16974169741697
			20	-4.16974169741697
			20.0184501845018	-4.16974169741697
			20.0369003690037	-4.16974169741697
			20.0553505535055	-4.16974169741697
			20.0738007380074	-4.16974169741697
			20.0922509225092	-4.16974169741697
			20.1107011070111	-4.16974169741697
			20.1291512915129	-4.16974169741697
			20.1476014760148	-4.16974169741697
			20.1660516605166	-4.16974169741697
			20.1845018450184	-4.16974169741697
			20.2029520295203	-4.16974169741697
			20.2214022140221	-4.16974169741697
			20.239852398524	-4.16974169741697
			20.2583025830258	-4.16974169741697
			20.2767527675277	-4.16974169741697
			20.2952029520295	-4.16974169741697
			20.3136531365314	-4.16974169741697
			20.3321033210332	-4.16974169741697
			20.3505535055351	-4.16974169741697
			20.3690036900369	-4.16974169741697
			20.3874538745387	-4.16974169741697
			20.4059040590406	-4.16974169741697
			20.4243542435424	-4.16974169741697
			20.4428044280443	-4.16974169741697
			20.4612546125461	-4.16974169741697
			20.479704797048	-4.16974169741697
			20.4981549815498	-4.16974169741697
			20.5166051660517	-4.16974169741697
			20.5350553505535	-4.16974169741697
			20.5535055350554	-4.16974169741697
			20.5719557195572	-4.16974169741697
			20.590405904059	-4.16974169741697
			20.6088560885609	-4.16974169741697
			20.6273062730627	-4.16974169741697
			20.6457564575646	-4.16974169741697
			20.6642066420664	-4.16974169741697
			20.6826568265683	-4.16974169741697
			20.7011070110701	-4.16974169741697
			20.719557195572	-4.16974169741697
			20.7380073800738	-4.16974169741697
			20.7564575645756	-4.16974169741697
			20.7749077490775	-4.16974169741697
			20.7933579335793	-4.16974169741697
			20.8118081180812	-4.16974169741697
			20.830258302583	-4.16974169741697
			20.8487084870849	-4.16974169741697
			20.8487084870849	-4.18819188191882
			20.8671586715867	-4.18819188191882
			20.8856088560886	-4.18819188191882
			20.9040590405904	-4.18819188191882
			20.9225092250923	-4.18819188191882
			20.9409594095941	-4.18819188191882
			20.9594095940959	-4.18819188191882
			20.9778597785978	-4.18819188191882
			20.9963099630996	-4.18819188191882
			21.0147601476015	-4.18819188191882
			21.0332103321033	-4.18819188191882
			21.0516605166052	-4.18819188191882
			21.070110701107	-4.18819188191882
			21.0885608856089	-4.18819188191882
			21.1070110701107	-4.18819188191882
			21.1254612546125	-4.18819188191882
			21.1439114391144	-4.18819188191882
			21.1623616236162	-4.18819188191882
			21.1808118081181	-4.18819188191882
			21.1992619926199	-4.20664206642066
			21.2177121771218	-4.20664206642066
			21.2361623616236	-4.20664206642066
			21.2546125461255	-4.20664206642066
			21.2730627306273	-4.20664206642066
			21.2915129151292	-4.20664206642066
			21.309963099631	-4.20664206642066
			21.3284132841328	-4.20664206642066
			21.3468634686347	-4.20664206642066
			21.3653136531365	-4.20664206642066
			21.3837638376384	-4.20664206642066
			21.4022140221402	-4.20664206642066
			21.4206642066421	-4.22509225092251
			21.4391143911439	-4.22509225092251
			21.4575645756458	-4.22509225092251
			21.4760147601476	-4.22509225092251
			21.4944649446494	-4.22509225092251
			21.5129151291513	-4.22509225092251
			21.5313653136531	-4.22509225092251
			21.549815498155	-4.22509225092251
			21.5682656826568	-4.22509225092251
			21.5867158671587	-4.22509225092251
			21.6051660516605	-4.24354243542435
			21.6236162361624	-4.24354243542435
			21.6420664206642	-4.24354243542435
			21.6605166051661	-4.24354243542435
			21.6789667896679	-4.24354243542435
			21.6974169741697	-4.24354243542435
			21.7158671586716	-4.24354243542435
			21.7343173431734	-4.24354243542435
			21.7527675276753	-4.24354243542435
			21.7712177121771	-4.2619926199262
			21.789667896679	-4.2619926199262
			21.8081180811808	-4.2619926199262
			21.8265682656827	-4.2619926199262
			21.8450184501845	-4.2619926199262
			21.8634686346863	-4.2619926199262
			21.8819188191882	-4.2619926199262
			21.90036900369	-4.2619926199262
			21.9188191881919	-4.28044280442804
			21.9372693726937	-4.28044280442804
			21.9557195571956	-4.28044280442804
			21.9741697416974	-4.28044280442804
			21.9926199261993	-4.28044280442804
			22.0110701107011	-4.28044280442804
			22.029520295203	-4.28044280442804
			22.029520295203	-4.29889298892989
			22.0479704797048	-4.29889298892989
			22.0664206642066	-4.29889298892989
			22.0848708487085	-4.29889298892989
			22.1033210332103	-4.29889298892989
			22.1217712177122	-4.29889298892989
			22.140221402214	-4.29889298892989
			22.1586715867159	-4.31734317343173
			22.1771217712177	-4.31734317343173
			22.1955719557196	-4.31734317343173
			22.2140221402214	-4.31734317343173
			22.2324723247232	-4.31734317343173
			22.2509225092251	-4.31734317343173
			22.2693726937269	-4.33579335793358
			22.2878228782288	-4.33579335793358
			22.3062730627306	-4.33579335793358
			22.3247232472325	-4.33579335793358
			22.3431734317343	-4.33579335793358
			22.3616236162362	-4.35424354243542
			22.380073800738	-4.35424354243542
			22.3985239852399	-4.35424354243542
			22.4169741697417	-4.35424354243542
			22.4354243542435	-4.35424354243542
			22.4538745387454	-4.35424354243542
			22.4723247232472	-4.37269372693727
			22.4907749077491	-4.37269372693727
			22.5092250922509	-4.37269372693727
			22.5276752767528	-4.37269372693727
			22.5461254612546	-4.37269372693727
			22.5645756457565	-4.39114391143911
			22.5830258302583	-4.39114391143911
			22.6014760147601	-4.39114391143911
			22.619926199262	-4.39114391143911
			22.6383763837638	-4.40959409594096
			22.6568265682657	-4.40959409594096
			22.6752767527675	-4.40959409594096
			22.6937269372694	-4.40959409594096
			22.7121771217712	-4.4280442804428
			22.7306273062731	-4.4280442804428
			22.7490774907749	-4.4280442804428
			22.7675276752768	-4.4280442804428
			22.7859778597786	-4.4280442804428
			22.8044280442804	-4.44649446494465
			22.8228782287823	-4.44649446494465
			22.8413284132841	-4.44649446494465
			22.859778597786	-4.44649446494465
			22.8782287822878	-4.46494464944649
			22.8966789667897	-4.46494464944649
			22.9151291512915	-4.46494464944649
			22.9335793357934	-4.46494464944649
			22.9520295202952	-4.48339483394834
			22.970479704797	-4.48339483394834
			22.9889298892989	-4.48339483394834
			23.0073800738007	-4.48339483394834
			23.0258302583026	-4.50184501845018
			23.0442804428044	-4.50184501845018
			23.0627306273063	-4.50184501845018
			23.0811808118081	-4.50184501845018
			23.09963099631	-4.52029520295203
			23.1180811808118	-4.52029520295203
			23.1365313653137	-4.52029520295203
			23.1549815498155	-4.53874538745387
			23.1734317343173	-4.53874538745387
			23.1918819188192	-4.53874538745387
			23.210332103321	-4.53874538745387
			23.2287822878229	-4.55719557195572
			23.2472324723247	-4.55719557195572
			23.2656826568266	-4.55719557195572
			23.2841328413284	-4.57564575645756
			23.3025830258303	-4.57564575645756
			23.3210332103321	-4.57564575645756
			23.3394833948339	-4.59409594095941
			23.3579335793358	-4.59409594095941
			23.3763837638376	-4.59409594095941
			23.3948339483395	-4.61254612546125
			23.4132841328413	-4.61254612546125
			23.4317343173432	-4.61254612546125
			23.450184501845	-4.6309963099631
			23.4686346863469	-4.6309963099631
			23.4870848708487	-4.6309963099631
			23.5055350553506	-4.6309963099631
			23.5239852398524	-4.64944649446494
			23.5424354243542	-4.64944649446494
			23.5608856088561	-4.64944649446494
			23.5793357933579	-4.66789667896679
			23.5977859778598	-4.66789667896679
			23.6162361623616	-4.66789667896679
			23.6346863468635	-4.68634686346863
			23.6531365313653	-4.68634686346863
			23.6715867158672	-4.68634686346863
			23.690036900369	-4.70479704797048
			23.7084870848708	-4.70479704797048
			23.7269372693727	-4.72324723247232
			23.7453874538745	-4.72324723247232
			23.7638376383764	-4.72324723247232
			23.7822878228782	-4.74169741697417
			23.8007380073801	-4.74169741697417
			23.8191881918819	-4.74169741697417
			23.8191881918819	-4.76014760147601
			23.8376383763838	-4.76014760147601
			23.8560885608856	-4.76014760147601
			23.8745387453875	-4.77859778597786
			23.8929889298893	-4.77859778597786
			23.9114391143911	-4.7970479704797
			23.929889298893	-4.7970479704797
			23.9483394833948	-4.7970479704797
			23.9667896678967	-4.81549815498155
			23.9852398523985	-4.81549815498155
			24.0036900369004	-4.81549815498155
			24.0221402214022	-4.83394833948339
			24.0405904059041	-4.83394833948339
			24.0590405904059	-4.85239852398524
			24.0774907749077	-4.85239852398524
			24.0959409594096	-4.85239852398524
			24.1143911439114	-4.87084870848708
			24.1328413284133	-4.87084870848708
			24.1512915129151	-4.88929889298893
			24.169741697417	-4.88929889298893
			24.1881918819188	-4.88929889298893
			24.2066420664207	-4.90774907749077
			24.2250922509225	-4.90774907749077
			24.2250922509225	-4.92619926199262
			24.2435424354244	-4.92619926199262
			24.2619926199262	-4.94464944649446
			24.280442804428	-4.94464944649446
			24.2988929889299	-4.94464944649446
			24.3173431734317	-4.96309963099631
			24.3357933579336	-4.96309963099631
			24.3542435424354	-4.98154981549815
			24.3726937269373	-4.98154981549815
			24.3911439114391	-5
			24.409594095941	-5
			24.4280442804428	-5
			24.4464944649446	-5.01845018450184
			24.4649446494465	-5.01845018450184
			24.4833948339483	-5.03690036900369
			24.5018450184502	-5.05535055350554
			24.520295202952	-5.05535055350554
			24.5387453874539	-5.05535055350554
			24.5387453874539	-5.07380073800738
			24.5571955719557	-5.07380073800738
			24.5756457564576	-5.07380073800738
			24.5756457564576	-5.09225092250923
			24.5940959409594	-5.09225092250923
			24.6125461254613	-5.09225092250923
			24.6125461254613	-5.11070110701107
			24.6309963099631	-5.11070110701107
			24.6494464944649	-5.11070110701107
			24.6494464944649	-5.12915129151292
			24.6678966789668	-5.12915129151292
			24.6863468634686	-5.12915129151292
			24.6863468634686	-5.14760147601476
			24.7047970479705	-5.14760147601476
			24.7232472324723	-5.14760147601476
			24.7232472324723	-5.16605166051661
			24.7416974169742	-5.16605166051661
			24.760147601476	-5.16605166051661
			24.760147601476	-5.18450184501845
			24.7785977859779	-5.18450184501845
			24.7970479704797	-5.2029520295203
			24.8154981549816	-5.2029520295203
			24.8339483394834	-5.22140221402214
			24.8523985239852	-5.22140221402214
			24.8708487084871	-5.23985239852399
			24.8892988929889	-5.23985239852399
			24.8892988929889	-5.25830258302583
			24.9077490774908	-5.25830258302583
			24.9261992619926	-5.25830258302583
			24.9446494464945	-5.27675276752768
			24.9630996309963	-5.29520295202952
			24.9815498154982	-5.29520295202952
			25	-5.31365313653137
			25.0184501845018	-5.31365313653137
			25.0369003690037	-5.33210332103321
			25.0553505535055	-5.33210332103321
			25.0738007380074	-5.35055350553506
			25.0922509225092	-5.3690036900369
			25.1107011070111	-5.38745387453875
			25.1291512915129	-5.38745387453875
			25.1476014760148	-5.40590405904059
			25.1660516605166	-5.40590405904059
			25.1845018450184	-5.42435424354244
			25.2029520295203	-5.44280442804428
			25.2214022140221	-5.44280442804428
			25.239852398524	-5.46125461254613
			25.2583025830258	-5.46125461254613
			25.2767527675277	-5.47970479704797
			25.2952029520295	-5.49815498154982
			25.3136531365314	-5.49815498154982
			25.3321033210332	-5.51660516605166
			25.3505535055351	-5.53505535055351
			25.3690036900369	-5.53505535055351
			25.3874538745387	-5.55350553505535
			25.4059040590406	-5.55350553505535
			25.4243542435424	-5.5719557195572
			25.4428044280443	-5.59040590405904
			25.4612546125461	-5.60885608856089
			25.479704797048	-5.62730627306273
			25.4981549815498	-5.62730627306273
			25.5166051660517	-5.64575645756458
			25.5350553505535	-5.64575645756458
			25.5535055350554	-5.66420664206642
			25.5719557195572	-5.68265682656827
			25.590405904059	-5.70110701107011
			25.6088560885609	-5.70110701107011
			25.6088560885609	-5.71955719557196
			25.6273062730627	-5.71955719557196
			25.6457564575646	-5.7380073800738
			25.6642066420664	-5.7380073800738
			25.6826568265683	-5.75645756457565
			25.7011070110701	-5.77490774907749
			25.719557195572	-5.79335793357934
			25.7380073800738	-5.79335793357934
			25.7564575645756	-5.81180811808118
			25.7749077490775	-5.83025830258303
			25.7933579335793	-5.83025830258303
			25.8118081180812	-5.84870848708487
			25.8118081180812	-5.86715867158672
			25.830258302583	-5.88560885608856
			25.8487084870849	-5.88560885608856
			25.8671586715867	-5.90405904059041
			25.8856088560886	-5.92250922509225
			25.9040590405904	-5.92250922509225
			25.9225092250923	-5.9409594095941
			25.9409594095941	-5.95940959409594
			25.9594095940959	-5.95940959409594
			25.9594095940959	-5.97785977859779
			25.9778597785978	-5.97785977859779
			25.9963099630996	-5.99630996309963
			26.0147601476015	-5.99630996309963
			26.0332103321033	-6.01476014760148
			26.0516605166052	-6.03321033210332
			26.070110701107	-6.05166051660517
			26.0885608856089	-6.05166051660517
			26.1070110701107	-6.07011070110701
			26.1254612546125	-6.08856088560886
			26.1439114391144	-6.1070110701107
			26.1623616236162	-6.12546125461255
			26.1808118081181	-6.14391143911439
			26.1992619926199	-6.16236162361624
			26.2177121771218	-6.16236162361624
			26.2361623616236	-6.18081180811808
			26.2546125461255	-6.19926199261993
			26.2730627306273	-6.21771217712177
			26.2915129151292	-6.23616236162362
			26.2915129151292	-6.25461254612546
			26.309963099631	-6.27306273062731
			26.3284132841328	-6.29151291512915
			26.3468634686347	-6.309963099631
			26.3468634686347	-6.32841328413284
			26.3653136531365	-6.34686346863469
			26.3837638376384	-6.36531365313653
			26.4022140221402	-6.38376383763838
			26.4022140221402	-6.40221402214022
			26.4206642066421	-6.42066420664207
			26.4206642066421	-6.43911439114391
			26.4391143911439	-6.45756457564576
			26.4575645756458	-6.4760147601476
			26.4575645756458	-6.49446494464945
			26.4760147601476	-6.51291512915129
			26.4760147601476	-6.53136531365314
			26.4760147601476	-6.54981549815498
			26.4944649446494	-6.54981549815498
			26.4944649446494	-6.56826568265683
			26.4944649446494	-6.58671586715867
			26.5129151291513	-6.60516605166052
			26.5129151291513	-6.62361623616236
			26.5313653136531	-6.64206642066421
			26.5313653136531	-6.66051660516605
			26.5313653136531	-6.6789667896679
			26.549815498155	-6.69741697416974
			26.549815498155	-6.71586715867159
			26.549815498155	-6.73431734317343
			26.549815498155	-6.75276752767528
			26.5682656826568	-6.77121771217712
			26.5682656826568	-6.78966789667897
			26.5682656826568	-6.80811808118081
			26.5682656826568	-6.82656826568266
			26.5867158671587	-6.8450184501845
			26.5867158671587	-6.86346863468635
			26.5867158671587	-6.88191881918819
			26.5867158671587	-6.90036900369004
			26.5867158671587	-6.91881918819188
			26.6051660516605	-6.93726937269373
			26.6051660516605	-6.95571955719557
			26.6051660516605	-6.97416974169742
			26.6051660516605	-6.99261992619926
			26.6051660516605	-7.01107011070111
			26.6051660516605	-7.02952029520295
			26.6051660516605	-7.0479704797048
			26.6051660516605	-7.06642066420664
			26.6051660516605	-7.08487084870849
			26.6051660516605	-7.10332103321033
			26.6051660516605	-7.12177121771218
			26.6051660516605	-7.14022140221402
			26.6051660516605	-7.15867158671587
			26.6051660516605	-7.17712177121771
			26.6051660516605	-7.19557195571956
			26.6051660516605	-7.2140221402214
			26.6051660516605	-7.23247232472325
			26.6051660516605	-7.25092250922509
			26.6051660516605	-7.26937269372694
			26.6051660516605	-7.28782287822878
			26.6051660516605	-7.30627306273063
			26.6051660516605	-7.32472324723247
			26.6051660516605	-7.34317343173432
			26.6051660516605	-7.36162361623616
			26.6051660516605	-7.38007380073801
			26.6051660516605	-7.39852398523985
			26.6051660516605	-7.4169741697417
			26.6051660516605	-7.43542435424354
			26.6051660516605	-7.45387453874539
			26.6051660516605	-7.47232472324723
			26.5867158671587	-7.49077490774908
			26.5867158671587	-7.50922509225092
			26.5867158671587	-7.52767527675277
			26.5867158671587	-7.54612546125461
			26.5867158671587	-7.56457564575646
			26.5867158671587	-7.5830258302583
			26.5867158671587	-7.60147601476015
			26.5682656826568	-7.61992619926199
			26.5682656826568	-7.63837638376384
			26.5682656826568	-7.65682656826568
			26.5682656826568	-7.67527675276753
			26.5682656826568	-7.69372693726937
			26.5682656826568	-7.71217712177122
			26.549815498155	-7.73062730627306
			26.549815498155	-7.74907749077491
			26.549815498155	-7.76752767527675
			26.549815498155	-7.7859778597786
			26.549815498155	-7.80442804428044
			26.5313653136531	-7.82287822878229
			26.5313653136531	-7.84132841328413
			26.5313653136531	-7.85977859778598
			26.5313653136531	-7.87822878228782
			26.5129151291513	-7.89667896678967
			26.5129151291513	-7.91512915129151
			26.5129151291513	-7.93357933579336
			26.5129151291513	-7.9520295202952
			26.4944649446494	-7.97047970479705
			26.4944649446494	-7.98892988929889
			26.4944649446494	-8.00738007380074
			26.4944649446494	-8.02583025830258
			26.4760147601476	-8.04428044280443
			26.4760147601476	-8.06273062730627
			26.4760147601476	-8.08118081180812
			26.4575645756458	-8.09963099630996
			26.4575645756458	-8.11808118081181
			26.4575645756458	-8.13653136531365
			26.4391143911439	-8.1549815498155
			26.4391143911439	-8.17343173431734
			26.4391143911439	-8.19188191881919
			26.4206642066421	-8.21033210332103
			26.4206642066421	-8.22878228782288
			26.4206642066421	-8.24723247232472
			26.4022140221402	-8.26568265682657
			26.4022140221402	-8.28413284132841
			26.4022140221402	-8.30258302583026
			26.3837638376384	-8.3210332103321
			26.3837638376384	-8.33948339483395
			26.3837638376384	-8.35793357933579
			26.3837638376384	-8.37638376383764
			26.3653136531365	-8.37638376383764
			26.3653136531365	-8.39483394833948
			26.3653136531365	-8.41328413284133
			26.3468634686347	-8.43173431734317
			26.3468634686347	-8.45018450184502
			26.3284132841328	-8.46863468634686
			26.3284132841328	-8.48708487084871
			26.3284132841328	-8.50553505535055
			26.309963099631	-8.5239852398524
			26.309963099631	-8.54243542435424
			26.309963099631	-8.56088560885609
			26.309963099631	-8.57933579335793
			26.2915129151292	-8.59778597785978
			26.2915129151292	-8.61623616236162
			26.2915129151292	-8.63468634686347
			26.2915129151292	-8.65313653136531
			26.2915129151292	-8.67158671586716
			26.2730627306273	-8.690036900369
			26.2730627306273	-8.70848708487085
			26.2730627306273	-8.72693726937269
			26.2730627306273	-8.74538745387454
			26.2546125461255	-8.76383763837638
			26.2546125461255	-8.78228782287823
			26.2546125461255	-8.80073800738007
			26.2546125461255	-8.81918819188192
			26.2546125461255	-8.83763837638376
			26.2361623616236	-8.85608856088561
			26.2361623616236	-8.87453874538745
			26.2361623616236	-8.8929889298893
			26.2361623616236	-8.91143911439114
			26.2361623616236	-8.92988929889299
			26.2177121771218	-8.94833948339483
			26.2177121771218	-8.96678966789668
			26.2177121771218	-8.98523985239852
			26.2177121771218	-9.00369003690037
			26.2177121771218	-9.02214022140221
			26.1992619926199	-9.04059040590406
			26.1992619926199	-9.0590405904059
			26.1992619926199	-9.07749077490775
			26.1992619926199	-9.09594095940959
			26.1992619926199	-9.11439114391144
			26.1808118081181	-9.13284132841328
			26.1808118081181	-9.15129151291513
			26.1808118081181	-9.16974169741697
			26.1808118081181	-9.18819188191882
			26.1808118081181	-9.20664206642066
			26.1623616236162	-9.22509225092251
			26.1623616236162	-9.24354243542435
			26.1623616236162	-9.2619926199262
			26.1623616236162	-9.28044280442804
			26.1623616236162	-9.29889298892989
			26.1439114391144	-9.31734317343173
			26.1439114391144	-9.33579335793358
			26.1439114391144	-9.35424354243542
			26.1439114391144	-9.37269372693727
			26.1439114391144	-9.39114391143911
			26.1254612546125	-9.40959409594096
			26.1254612546125	-9.4280442804428
			26.1254612546125	-9.44649446494465
			26.1254612546125	-9.46494464944649
			26.1254612546125	-9.48339483394834
			26.1070110701107	-9.50184501845018
			26.1070110701107	-9.52029520295203
			26.1070110701107	-9.53874538745387
			26.1070110701107	-9.55719557195572
			26.1070110701107	-9.57564575645756
			26.0885608856089	-9.59409594095941
			26.0885608856089	-9.61254612546125
			26.0885608856089	-9.6309963099631
			26.0885608856089	-9.64944649446494
			26.070110701107	-9.66789667896679
			26.070110701107	-9.68634686346863
			26.070110701107	-9.70479704797048
			26.070110701107	-9.72324723247232
			26.070110701107	-9.74169741697417
			26.070110701107	-9.76014760147602
			26.0516605166052	-9.77859778597786
			26.0516605166052	-9.7970479704797
			26.0516605166052	-9.81549815498155
			26.0516605166052	-9.8339483394834
			26.0516605166052	-9.85239852398524
			26.0332103321033	-9.87084870848708
			26.0332103321033	-9.88929889298893
			26.0332103321033	-9.90774907749078
			26.0332103321033	-9.92619926199262
			26.0332103321033	-9.94464944649446
			26.0147601476015	-9.96309963099631
			26.0147601476015	-9.98154981549816
			26.0147601476015	-10
			26.0147601476015	-10.0184501845018
			25.9963099630996	-10.0369003690037
			25.9963099630996	-10.0553505535055
			25.9963099630996	-10.0738007380074
			25.9963099630996	-10.0922509225092
			25.9963099630996	-10.1107011070111
			25.9778597785978	-10.1291512915129
			25.9778597785978	-10.1476014760148
			25.9778597785978	-10.1660516605166
			25.9778597785978	-10.1845018450185
			25.9778597785978	-10.2029520295203
			25.9778597785978	-10.2214022140221
			25.9594095940959	-10.239852398524
			25.9594095940959	-10.2583025830258
			25.9594095940959	-10.2767527675277
			25.9594095940959	-10.2952029520295
			25.9594095940959	-10.3136531365314
			25.9409594095941	-10.3321033210332
			25.9409594095941	-10.3505535055351
			25.9409594095941	-10.3690036900369
			25.9409594095941	-10.3874538745387
			25.9409594095941	-10.4059040590406
			25.9225092250923	-10.4243542435424
			25.9225092250923	-10.4428044280443
			25.9225092250923	-10.4612546125461
			25.9225092250923	-10.479704797048
			25.9225092250923	-10.4981549815498
			25.9040590405904	-10.5166051660517
			25.9040590405904	-10.5350553505535
			25.9040590405904	-10.5535055350554
			25.9040590405904	-10.5719557195572
			25.9040590405904	-10.590405904059
			25.8856088560886	-10.6088560885609
			25.8856088560886	-10.6273062730627
			25.8856088560886	-10.6457564575646
			25.8856088560886	-10.6642066420664
			25.8856088560886	-10.6826568265683
			25.8671586715867	-10.7011070110701
			25.8671586715867	-10.719557195572
			25.8671586715867	-10.7380073800738
			25.8671586715867	-10.7564575645756
			25.8671586715867	-10.7749077490775
			25.8487084870849	-10.7933579335793
			25.8487084870849	-10.8118081180812
			25.8487084870849	-10.830258302583
			25.8487084870849	-10.8487084870849
			25.8487084870849	-10.8671586715867
			25.830258302583	-10.8856088560886
			25.830258302583	-10.9040590405904
			25.830258302583	-10.9225092250923
			25.830258302583	-10.9409594095941
			25.830258302583	-10.9594095940959
			25.8118081180812	-10.9778597785978
			25.8118081180812	-10.9963099630996
			25.8118081180812	-11.0147601476015
			25.8118081180812	-11.0332103321033
			25.8118081180812	-11.0516605166052
			25.7933579335793	-11.070110701107
			25.7933579335793	-11.0885608856089
			25.7933579335793	-11.1070110701107
			25.7933579335793	-11.1254612546125
			25.7933579335793	-11.1439114391144
			25.7749077490775	-11.1623616236162
			25.7749077490775	-11.1808118081181
			25.7749077490775	-11.1992619926199
			25.7749077490775	-11.2177121771218
			25.7749077490775	-11.2361623616236
			25.7749077490775	-11.2546125461255
			25.7564575645756	-11.2730627306273
			25.7564575645756	-11.2915129151292
			25.7564575645756	-11.309963099631
			25.7564575645756	-11.3284132841328
			25.7564575645756	-11.3468634686347
			25.7380073800738	-11.3653136531365
			25.7380073800738	-11.3837638376384
			25.7380073800738	-11.4022140221402
			25.7380073800738	-11.4206642066421
			25.7380073800738	-11.4391143911439
			25.719557195572	-11.4575645756458
			25.719557195572	-11.4760147601476
			25.719557195572	-11.4944649446494
			25.719557195572	-11.5129151291513
			25.719557195572	-11.5313653136531
			25.7011070110701	-11.549815498155
			25.7011070110701	-11.5682656826568
			25.7011070110701	-11.5867158671587
			25.7011070110701	-11.6051660516605
			25.7011070110701	-11.6236162361624
			25.7011070110701	-11.6420664206642
			25.6826568265683	-11.6605166051661
			25.6826568265683	-11.6789667896679
			25.6826568265683	-11.6974169741697
			25.6826568265683	-11.7158671586716
			25.6642066420664	-11.7343173431734
			25.6642066420664	-11.7527675276753
			25.6642066420664	-11.7712177121771
			25.6642066420664	-11.789667896679
			25.6642066420664	-11.8081180811808
			25.6642066420664	-11.8265682656827
			25.6457564575646	-11.8450184501845
			25.6457564575646	-11.8634686346863
			25.6457564575646	-11.8819188191882
			25.6457564575646	-11.90036900369
			25.6457564575646	-11.9188191881919
			25.6273062730627	-11.9372693726937
			25.6273062730627	-11.9557195571956
			25.6273062730627	-11.9741697416974
			25.6273062730627	-11.9926199261993
			25.6273062730627	-12.0110701107011
			25.6088560885609	-12.029520295203
			25.6088560885609	-12.0479704797048
			25.6088560885609	-12.0664206642066
			25.6088560885609	-12.0848708487085
			25.6088560885609	-12.1033210332103
			25.6088560885609	-12.1217712177122
			25.590405904059	-12.140221402214
			25.590405904059	-12.1586715867159
			25.590405904059	-12.1771217712177
			25.590405904059	-12.1955719557196
			25.590405904059	-12.2140221402214
			25.5719557195572	-12.2324723247232
			25.5719557195572	-12.2509225092251
			25.5719557195572	-12.2693726937269
			25.5719557195572	-12.2878228782288
			25.5719557195572	-12.3062730627306
			25.5535055350554	-12.3247232472325
			25.5535055350554	-12.3431734317343
			25.5535055350554	-12.3616236162362
			25.5535055350554	-12.380073800738
			25.5535055350554	-12.3985239852399
			25.5350553505535	-12.4169741697417
			25.5350553505535	-12.4354243542435
			25.5350553505535	-12.4538745387454
			25.5350553505535	-12.4723247232472
			25.5350553505535	-12.4907749077491
			25.5350553505535	-12.5092250922509
			25.5166051660517	-12.5276752767528
			25.5166051660517	-12.5461254612546
			25.5166051660517	-12.5645756457565
			25.5166051660517	-12.5830258302583
			25.5166051660517	-12.6014760147601
			25.4981549815498	-12.619926199262
			25.4981549815498	-12.6383763837638
			25.4981549815498	-12.6568265682657
			25.4981549815498	-12.6752767527675
			25.4981549815498	-12.6937269372694
			25.479704797048	-12.7121771217712
			25.479704797048	-12.7306273062731
			25.479704797048	-12.7490774907749
			25.479704797048	-12.7675276752768
			25.479704797048	-12.7859778597786
			25.4612546125461	-12.8044280442804
			25.4612546125461	-12.8228782287823
			25.4612546125461	-12.8413284132841
			25.4612546125461	-12.859778597786
			25.4612546125461	-12.8782287822878
			25.4428044280443	-12.8966789667897
			25.4428044280443	-12.9151291512915
			25.4428044280443	-12.9335793357934
			25.4428044280443	-12.9520295202952
			25.4428044280443	-12.970479704797
			25.4428044280443	-12.9889298892989
			25.4243542435424	-13.0073800738007
			25.4243542435424	-13.0258302583026
			25.4243542435424	-13.0442804428044
			25.4243542435424	-13.0627306273063
			25.4243542435424	-13.0811808118081
			25.4059040590406	-13.09963099631
			25.4059040590406	-13.1180811808118
			25.4059040590406	-13.1365313653137
			25.4059040590406	-13.1549815498155
			25.4059040590406	-13.1734317343173
			25.4059040590406	-13.1918819188192
			25.3874538745387	-13.210332103321
			25.3874538745387	-13.2287822878229
			25.3874538745387	-13.2472324723247
			25.3874538745387	-13.2656826568266
			25.3874538745387	-13.2841328413284
			25.3690036900369	-13.3025830258303
			25.3690036900369	-13.3210332103321
			25.3690036900369	-13.3394833948339
			25.3690036900369	-13.3579335793358
			25.3690036900369	-13.3763837638376
			25.3505535055351	-13.3948339483395
			25.3505535055351	-13.4132841328413
			25.3505535055351	-13.4317343173432
			25.3505535055351	-13.450184501845
			25.3505535055351	-13.4686346863469
			25.3505535055351	-13.4870848708487
			25.3321033210332	-13.5055350553506
			25.3321033210332	-13.5239852398524
			25.3321033210332	-13.5424354243542
			25.3321033210332	-13.5608856088561
			25.3321033210332	-13.5793357933579
			25.3136531365314	-13.5977859778598
			25.3136531365314	-13.6162361623616
			25.3136531365314	-13.6346863468635
			25.3136531365314	-13.6531365313653
			25.3136531365314	-13.6715867158672
			25.2952029520295	-13.690036900369
			25.2952029520295	-13.7084870848708
			25.2952029520295	-13.7269372693727
			25.2952029520295	-13.7453874538745
			25.2952029520295	-13.7638376383764
			25.2952029520295	-13.7822878228782
			25.2767527675277	-13.8007380073801
			25.2767527675277	-13.8191881918819
			25.2767527675277	-13.8376383763838
			25.2767527675277	-13.8560885608856
			25.2767527675277	-13.8745387453875
			25.2583025830258	-13.8929889298893
			25.2583025830258	-13.9114391143911
			25.2583025830258	-13.929889298893
			25.2583025830258	-13.9483394833948
			25.2583025830258	-13.9667896678967
			25.2583025830258	-13.9852398523985
			25.239852398524	-14.0036900369004
			25.239852398524	-14.0221402214022
			25.239852398524	-14.0405904059041
			25.239852398524	-14.0590405904059
			25.239852398524	-14.0774907749077
			25.2214022140221	-14.0959409594096
			25.2214022140221	-14.1143911439114
			25.2214022140221	-14.1328413284133
			25.2214022140221	-14.1512915129151
			25.2214022140221	-14.169741697417
			25.2029520295203	-14.1881918819188
			25.2029520295203	-14.2066420664207
			25.2029520295203	-14.2250922509225
			25.2029520295203	-14.2435424354244
			25.2029520295203	-14.2619926199262
			25.2029520295203	-14.280442804428
			25.1845018450184	-14.2988929889299
			25.1845018450184	-14.3173431734317
			25.1845018450184	-14.3357933579336
			25.1845018450184	-14.3542435424354
			25.1845018450184	-14.3726937269373
			25.1660516605166	-14.3911439114391
			25.1660516605166	-14.409594095941
			25.1660516605166	-14.4280442804428
			25.1660516605166	-14.4464944649446
			25.1660516605166	-14.4649446494465
			25.1660516605166	-14.4833948339483
			25.1476014760148	-14.5018450184502
			25.1476014760148	-14.520295202952
			25.1476014760148	-14.5387453874539
			25.1476014760148	-14.5571955719557
			25.1476014760148	-14.5756457564576
			25.1291512915129	-14.5940959409594
			25.1291512915129	-14.6125461254613
			25.1291512915129	-14.6309963099631
			25.1291512915129	-14.6494464944649
			25.1291512915129	-14.6678966789668
			25.1291512915129	-14.6863468634686
			25.1107011070111	-14.7047970479705
			25.1107011070111	-14.7232472324723
			25.1107011070111	-14.7416974169742
			25.1107011070111	-14.760147601476
			25.1107011070111	-14.7785977859779
			25.0922509225092	-14.7970479704797
			25.0922509225092	-14.8154981549815
			25.0922509225092	-14.8339483394834
			25.0922509225092	-14.8523985239852
			25.0922509225092	-14.8708487084871
			25.0738007380074	-14.8892988929889
			25.0738007380074	-14.9077490774908
			25.0738007380074	-14.9261992619926
			25.0738007380074	-14.9446494464945
			25.0738007380074	-14.9630996309963
			25.0738007380074	-14.9815498154982
			25.0553505535055	-15
			25.0553505535055	-15.0184501845018
			25.0553505535055	-15.0369003690037
			25.0553505535055	-15.0553505535055
			25.0553505535055	-15.0738007380074
			25.0369003690037	-15.0922509225092
			25.0369003690037	-15.1107011070111
			25.0369003690037	-15.1291512915129
			25.0369003690037	-15.1476014760148
			25.0369003690037	-15.1660516605166
			25.0369003690037	-15.1845018450185
			25.0184501845018	-15.2029520295203
			25.0184501845018	-15.2214022140221
			25.0184501845018	-15.239852398524
			25.0184501845018	-15.2583025830258
			25.0184501845018	-15.2767527675277
			25	-15.2952029520295
			25	-15.3136531365314
			25	-15.3321033210332
			25	-15.3505535055351
			25	-15.3690036900369
			25	-15.3874538745387
			24.9815498154982	-15.4059040590406
			24.9815498154982	-15.4243542435424
			24.9815498154982	-15.4428044280443
			24.9815498154982	-15.4612546125461
			24.9815498154982	-15.479704797048
			24.9630996309963	-15.4981549815498
			24.9630996309963	-15.5166051660517
			24.9630996309963	-15.5350553505535
			24.9630996309963	-15.5535055350554
			24.9630996309963	-15.5719557195572
			24.9630996309963	-15.590405904059
			24.9446494464945	-15.6088560885609
			24.9446494464945	-15.6273062730627
			24.9446494464945	-15.6457564575646
			24.9446494464945	-15.6642066420664
			24.9446494464945	-15.6826568265683
			24.9446494464945	-15.7011070110701
			24.9261992619926	-15.719557195572
			24.9261992619926	-15.7380073800738
			24.9261992619926	-15.7564575645756
			24.9261992619926	-15.7749077490775
			24.9261992619926	-15.7933579335793
			24.9077490774908	-15.8118081180812
			24.9077490774908	-15.830258302583
			24.9077490774908	-15.8487084870849
			24.9077490774908	-15.8671586715867
			24.9077490774908	-15.8856088560886
			24.9077490774908	-15.9040590405904
			24.8892988929889	-15.9225092250923
			24.8892988929889	-15.9409594095941
			24.8892988929889	-15.9594095940959
			24.8892988929889	-15.9778597785978
			24.8892988929889	-15.9963099630996
			24.8708487084871	-16.0147601476015
			24.8708487084871	-16.0332103321033
			24.8708487084871	-16.0516605166052
			24.8708487084871	-16.070110701107
			24.8708487084871	-16.0885608856089
			24.8523985239852	-16.1070110701107
			24.8523985239852	-16.1254612546125
			24.8523985239852	-16.1439114391144
			24.8523985239852	-16.1623616236162
			24.8523985239852	-16.1808118081181
			24.8523985239852	-16.1992619926199
			24.8339483394834	-16.2177121771218
			24.8339483394834	-16.2361623616236
			24.8339483394834	-16.2546125461255
			24.8339483394834	-16.2730627306273
			24.8339483394834	-16.2915129151292
			24.8339483394834	-16.309963099631
			24.8154981549816	-16.3284132841328
			24.8154981549816	-16.3468634686347
			24.8154981549816	-16.3653136531365
			24.8154981549816	-16.3837638376384
			24.8154981549816	-16.4022140221402
			24.8154981549816	-16.4206642066421
			24.7970479704797	-16.4391143911439
			24.7970479704797	-16.4575645756458
			24.7970479704797	-16.4760147601476
			24.7970479704797	-16.4944649446494
			24.7970479704797	-16.5129151291513
			24.7785977859779	-16.5313653136531
			24.7785977859779	-16.549815498155
			24.7785977859779	-16.5682656826568
			24.7785977859779	-16.5867158671587
			24.7785977859779	-16.6051660516605
			24.7785977859779	-16.6236162361624
			24.760147601476	-16.6420664206642
			24.760147601476	-16.6605166051661
			24.760147601476	-16.6789667896679
			24.760147601476	-16.6974169741697
			24.760147601476	-16.7158671586716
			24.7416974169742	-16.7343173431734
			24.7416974169742	-16.7527675276753
			24.7416974169742	-16.7712177121771
			24.7416974169742	-16.789667896679
			24.7416974169742	-16.8081180811808
			24.7416974169742	-16.8265682656827
			24.7232472324723	-16.8450184501845
			24.7232472324723	-16.8634686346863
			24.7232472324723	-16.8819188191882
			24.7232472324723	-16.90036900369
			24.7232472324723	-16.9188191881919
			24.7232472324723	-16.9372693726937
			24.7047970479705	-16.9557195571956
			24.7047970479705	-16.9741697416974
			24.7047970479705	-16.9926199261993
			24.7047970479705	-17.0110701107011
			24.7047970479705	-17.029520295203
			24.6863468634686	-17.0479704797048
			24.6863468634686	-17.0664206642066
			24.6863468634686	-17.0848708487085
			24.6863468634686	-17.1033210332103
			24.6863468634686	-17.1217712177122
			24.6863468634686	-17.140221402214
			24.6678966789668	-17.1586715867159
			24.6678966789668	-17.1771217712177
			24.6678966789668	-17.1955719557196
			24.6678966789668	-17.2140221402214
			24.6678966789668	-17.2324723247232
			24.6678966789668	-17.2509225092251
			24.6494464944649	-17.2693726937269
			24.6494464944649	-17.2878228782288
			24.6494464944649	-17.3062730627306
			24.6494464944649	-17.3247232472325
			24.6494464944649	-17.3431734317343
			24.6309963099631	-17.3616236162362
			24.6309963099631	-17.380073800738
			24.6309963099631	-17.3985239852399
			24.6309963099631	-17.4169741697417
			24.6309963099631	-17.4354243542435
			24.6309963099631	-17.4538745387454
			24.6125461254613	-17.4723247232472
			24.6125461254613	-17.4907749077491
			24.6125461254613	-17.5092250922509
			24.6125461254613	-17.5276752767528
			24.6125461254613	-17.5461254612546
			24.6125461254613	-17.5645756457565
			24.6309963099631	-17.5830258302583
			24.6309963099631	-17.6014760147601
			24.6309963099631	-17.619926199262
			24.6309963099631	-17.6383763837638
			24.6309963099631	-17.6568265682657
			24.6309963099631	-17.6752767527675
			24.6494464944649	-17.6937269372694
			24.6494464944649	-17.7121771217712
			24.6494464944649	-17.7306273062731
			24.6494464944649	-17.7490774907749
			24.6494464944649	-17.7675276752768
			24.6494464944649	-17.7859778597786
			24.6494464944649	-17.8044280442804
			24.6494464944649	-17.8228782287823
			24.6494464944649	-17.8413284132841
			24.6494464944649	-17.859778597786
			24.6494464944649	-17.8782287822878
			24.6494464944649	-17.8966789667897
			24.6494464944649	-17.9151291512915
			24.6494464944649	-17.9335793357934
			24.6494464944649	-17.9520295202952
			24.6494464944649	-17.970479704797
			24.6494464944649	-17.9889298892989
			24.6494464944649	-18.0073800738007
			24.6494464944649	-18.0258302583026
			24.6494464944649	-18.0442804428044
			24.6494464944649	-18.0627306273063
			24.6494464944649	-18.0811808118081
			24.6494464944649	-18.09963099631
			24.6494464944649	-18.1180811808118
			24.6494464944649	-18.1365313653137
			24.6494464944649	-18.1549815498155
			24.6309963099631	-18.1734317343173
			24.6309963099631	-18.1918819188192
			24.6309963099631	-18.210332103321
			24.6309963099631	-18.2287822878229
			24.6309963099631	-18.2472324723247
			24.6125461254613	-18.2656826568266
			24.6125461254613	-18.2841328413284
			24.5940959409594	-18.3025830258303
			24.5940959409594	-18.3210332103321
			24.5756457564576	-18.3394833948339
			24.5756457564576	-18.3579335793358
			24.5571955719557	-18.3763837638376
			24.5387453874539	-18.3948339483395
			24.5387453874539	-18.4132841328413
			24.520295202952	-18.4132841328413
			24.5018450184502	-18.4317343173432
		</glabella>
		<suture type=matrix rownames=FALSE colnames=FALSE nrow=1302 ncol=2 as.numeric=TRUE >
			19.7785977859779	-4.15129151291513
			19.7970479704797	-4.15129151291513
			19.8154981549816	-4.13284132841328
			19.8339483394834	-4.13284132841328
			19.8523985239852	-4.13284132841328
			19.8708487084871	-4.11439114391144
			19.8892988929889	-4.11439114391144
			19.9077490774908	-4.11439114391144
			19.9261992619926	-4.11439114391144
			19.9446494464945	-4.09594095940959
			19.9630996309963	-4.09594095940959
			19.9815498154982	-4.09594095940959
			20	-4.07749077490775
			20.0184501845018	-4.07749077490775
			20.0369003690037	-4.07749077490775
			20.0553505535055	-4.07749077490775
			20.0738007380074	-4.0590405904059
			20.0922509225092	-4.0590405904059
			20.1107011070111	-4.0590405904059
			20.1291512915129	-4.0590405904059
			20.1476014760148	-4.0590405904059
			20.1660516605166	-4.04059040590406
			20.1845018450184	-4.04059040590406
			20.2029520295203	-4.04059040590406
			20.2214022140221	-4.04059040590406
			20.239852398524	-4.02214022140221
			20.2583025830258	-4.02214022140221
			20.2767527675277	-4.02214022140221
			20.2952029520295	-4.02214022140221
			20.3136531365314	-4.02214022140221
			20.3321033210332	-4.00369003690037
			20.3505535055351	-4.00369003690037
			20.3690036900369	-4.00369003690037
			20.3874538745387	-4.00369003690037
			20.4059040590406	-4.00369003690037
			20.4243542435424	-4.00369003690037
			20.4428044280443	-4.00369003690037
			20.4612546125461	-3.98523985239852
			20.479704797048	-3.98523985239852
			20.4981549815498	-3.98523985239852
			20.5166051660517	-3.98523985239852
			20.5350553505535	-3.98523985239852
			20.5535055350554	-3.98523985239852
			20.5719557195572	-3.98523985239852
			20.590405904059	-3.98523985239852
			20.6088560885609	-3.96678966789668
			20.6273062730627	-3.96678966789668
			20.6457564575646	-3.96678966789668
			20.6642066420664	-3.96678966789668
			20.6826568265683	-3.96678966789668
			20.7011070110701	-3.96678966789668
			20.719557195572	-3.96678966789668
			20.7380073800738	-3.96678966789668
			20.7564575645756	-3.96678966789668
			20.7749077490775	-3.96678966789668
			20.7933579335793	-3.96678966789668
			20.8118081180812	-3.94833948339483
			20.830258302583	-3.94833948339483
			20.8487084870849	-3.94833948339483
			20.8671586715867	-3.94833948339483
			20.8856088560886	-3.94833948339483
			20.9040590405904	-3.94833948339483
			20.9225092250923	-3.94833948339483
			20.9409594095941	-3.94833948339483
			20.9594095940959	-3.94833948339483
			20.9778597785978	-3.94833948339483
			20.9963099630996	-3.94833948339483
			21.0147601476015	-3.94833948339483
			21.0332103321033	-3.94833948339483
			21.0516605166052	-3.94833948339483
			21.070110701107	-3.94833948339483
			21.0885608856089	-3.94833948339483
			21.1070110701107	-3.94833948339483
			21.1254612546125	-3.94833948339483
			21.1439114391144	-3.94833948339483
			21.1623616236162	-3.94833948339483
			21.1808118081181	-3.94833948339483
			21.1992619926199	-3.94833948339483
			21.2177121771218	-3.94833948339483
			21.2361623616236	-3.94833948339483
			21.2546125461255	-3.94833948339483
			21.2730627306273	-3.94833948339483
			21.2915129151292	-3.94833948339483
			21.309963099631	-3.94833948339483
			21.3284132841328	-3.94833948339483
			21.3468634686347	-3.94833948339483
			21.3653136531365	-3.94833948339483
			21.3837638376384	-3.94833948339483
			21.4022140221402	-3.94833948339483
			21.4206642066421	-3.96678966789668
			21.4391143911439	-3.96678966789668
			21.4575645756458	-3.96678966789668
			21.4760147601476	-3.96678966789668
			21.4944649446494	-3.96678966789668
			21.5129151291513	-3.96678966789668
			21.5313653136531	-3.96678966789668
			21.549815498155	-3.96678966789668
			21.5682656826568	-3.96678966789668
			21.5867158671587	-3.96678966789668
			21.6051660516605	-3.96678966789668
			21.6236162361624	-3.96678966789668
			21.6420664206642	-3.98523985239852
			21.6605166051661	-3.98523985239852
			21.6789667896679	-3.98523985239852
			21.6974169741697	-3.98523985239852
			21.7158671586716	-3.98523985239852
			21.7343173431734	-3.98523985239852
			21.7527675276753	-3.98523985239852
			21.7712177121771	-3.98523985239852
			21.789667896679	-4.00369003690037
			21.8081180811808	-4.00369003690037
			21.8265682656827	-4.00369003690037
			21.8450184501845	-4.00369003690037
			21.8634686346863	-4.00369003690037
			21.8819188191882	-4.00369003690037
			21.90036900369	-4.00369003690037
			21.9188191881919	-4.02214022140221
			21.9372693726937	-4.02214022140221
			21.9557195571956	-4.02214022140221
			21.9741697416974	-4.02214022140221
			21.9926199261993	-4.02214022140221
			22.0110701107011	-4.02214022140221
			22.029520295203	-4.02214022140221
			22.0479704797048	-4.04059040590406
			22.0664206642066	-4.04059040590406
			22.0848708487085	-4.04059040590406
			22.1033210332103	-4.04059040590406
			22.1217712177122	-4.04059040590406
			22.140221402214	-4.0590405904059
			22.1586715867159	-4.0590405904059
			22.1771217712177	-4.0590405904059
			22.1955719557196	-4.0590405904059
			22.2140221402214	-4.0590405904059
			22.2324723247232	-4.07749077490775
			22.2509225092251	-4.07749077490775
			22.2693726937269	-4.07749077490775
			22.2878228782288	-4.07749077490775
			22.3062730627306	-4.07749077490775
			22.3062730627306	-4.09594095940959
			22.3247232472325	-4.09594095940959
			22.3431734317343	-4.09594095940959
			22.3616236162362	-4.09594095940959
			22.380073800738	-4.09594095940959
			22.3985239852399	-4.11439114391144
			22.4169741697417	-4.11439114391144
			22.4354243542435	-4.11439114391144
			22.4538745387454	-4.11439114391144
			22.4723247232472	-4.13284132841328
			22.4907749077491	-4.13284132841328
			22.5092250922509	-4.13284132841328
			22.5276752767528	-4.13284132841328
			22.5461254612546	-4.15129151291513
			22.5645756457565	-4.15129151291513
			22.5830258302583	-4.15129151291513
			22.6014760147601	-4.15129151291513
			22.619926199262	-4.16974169741697
			22.6383763837638	-4.16974169741697
			22.6568265682657	-4.16974169741697
			22.6752767527675	-4.16974169741697
			22.6937269372694	-4.18819188191882
			22.7121771217712	-4.18819188191882
			22.7306273062731	-4.18819188191882
			22.7490774907749	-4.20664206642066
			22.7675276752768	-4.20664206642066
			22.7859778597786	-4.20664206642066
			22.8044280442804	-4.20664206642066
			22.8228782287823	-4.22509225092251
			22.8413284132841	-4.22509225092251
			22.859778597786	-4.22509225092251
			22.8782287822878	-4.24354243542435
			22.8966789667897	-4.24354243542435
			22.9151291512915	-4.24354243542435
			22.9335793357934	-4.2619926199262
			22.9520295202952	-4.2619926199262
			22.970479704797	-4.2619926199262
			22.9889298892989	-4.2619926199262
			23.0073800738007	-4.28044280442804
			23.0258302583026	-4.28044280442804
			23.0442804428044	-4.28044280442804
			23.0627306273063	-4.29889298892989
			23.0811808118081	-4.29889298892989
			23.09963099631	-4.29889298892989
			23.1180811808118	-4.31734317343173
			23.1365313653137	-4.31734317343173
			23.1549815498155	-4.33579335793358
			23.1734317343173	-4.33579335793358
			23.1918819188192	-4.33579335793358
			23.210332103321	-4.35424354243542
			23.2287822878229	-4.35424354243542
			23.2472324723247	-4.35424354243542
			23.2656826568266	-4.37269372693727
			23.2841328413284	-4.37269372693727
			23.3025830258303	-4.37269372693727
			23.3210332103321	-4.39114391143911
			23.3394833948339	-4.39114391143911
			23.3579335793358	-4.40959409594096
			23.3763837638376	-4.40959409594096
			23.3948339483395	-4.40959409594096
			23.4132841328413	-4.4280442804428
			23.4317343173432	-4.4280442804428
			23.450184501845	-4.44649446494465
			23.4686346863469	-4.44649446494465
			23.4870848708487	-4.44649446494465
			23.5055350553506	-4.46494464944649
			23.5239852398524	-4.46494464944649
			23.5424354243542	-4.48339483394834
			23.5608856088561	-4.48339483394834
			23.5793357933579	-4.48339483394834
			23.5977859778598	-4.50184501845018
			23.6162361623616	-4.50184501845018
			23.6346863468635	-4.52029520295203
			23.6531365313653	-4.52029520295203
			23.6715867158672	-4.52029520295203
			23.690036900369	-4.53874538745387
			23.7084870848708	-4.53874538745387
			23.7269372693727	-4.55719557195572
			23.7453874538745	-4.55719557195572
			23.7638376383764	-4.57564575645756
			23.7822878228782	-4.57564575645756
			23.8007380073801	-4.57564575645756
			23.8007380073801	-4.59409594095941
			23.8191881918819	-4.59409594095941
			23.8376383763838	-4.59409594095941
			23.8560885608856	-4.61254612546125
			23.8745387453875	-4.61254612546125
			23.8929889298893	-4.6309963099631
			23.9114391143911	-4.6309963099631
			23.929889298893	-4.6309963099631
			23.9483394833948	-4.64944649446494
			23.9667896678967	-4.64944649446494
			23.9852398523985	-4.66789667896679
			24.0036900369004	-4.66789667896679
			24.0221402214022	-4.66789667896679
			24.0221402214022	-4.68634686346863
			24.0405904059041	-4.68634686346863
			24.0590405904059	-4.70479704797048
			24.0774907749077	-4.70479704797048
			24.0959409594096	-4.72324723247232
			24.1143911439114	-4.72324723247232
			24.1328413284133	-4.72324723247232
			24.1512915129151	-4.74169741697417
			24.169741697417	-4.74169741697417
			24.1881918819188	-4.76014760147601
			24.2066420664207	-4.76014760147601
			24.2250922509225	-4.77859778597786
			24.2435424354244	-4.7970479704797
			24.2619926199262	-4.7970479704797
			24.280442804428	-4.7970479704797
			24.280442804428	-4.81549815498155
			24.2988929889299	-4.81549815498155
			24.3173431734317	-4.81549815498155
			24.3173431734317	-4.83394833948339
			24.3357933579336	-4.83394833948339
			24.3542435424354	-4.83394833948339
			24.3542435424354	-4.85239852398524
			24.3726937269373	-4.85239852398524
			24.3911439114391	-4.85239852398524
			24.3911439114391	-4.87084870848708
			24.409594095941	-4.87084870848708
			24.4280442804428	-4.87084870848708
			24.4280442804428	-4.88929889298893
			24.4464944649446	-4.88929889298893
			24.4649446494465	-4.88929889298893
			24.4649446494465	-4.90774907749077
			24.4833948339483	-4.90774907749077
			24.5018450184502	-4.90774907749077
			24.520295202952	-4.92619926199262
			24.5387453874539	-4.92619926199262
			24.5571955719557	-4.94464944649446
			24.5756457564576	-4.96309963099631
			24.5940959409594	-4.96309963099631
			24.6125461254613	-4.96309963099631
			24.6125461254613	-4.98154981549815
			24.6309963099631	-4.98154981549815
			24.6494464944649	-5
			24.6678966789668	-5
			24.6863468634686	-5.01845018450184
			24.7047970479705	-5.01845018450184
			24.7232472324723	-5.03690036900369
			24.7416974169742	-5.03690036900369
			24.760147601476	-5.05535055350554
			24.7785977859779	-5.07380073800738
			24.7970479704797	-5.07380073800738
			24.8154981549816	-5.09225092250923
			24.8339483394834	-5.09225092250923
			24.8523985239852	-5.11070110701107
			24.8708487084871	-5.11070110701107
			24.8892988929889	-5.12915129151292
			24.9077490774908	-5.12915129151292
			24.9261992619926	-5.14760147601476
			24.9446494464945	-5.14760147601476
			24.9630996309963	-5.16605166051661
			24.9815498154982	-5.18450184501845
			25	-5.18450184501845
			25.0184501845018	-5.2029520295203
			25.0369003690037	-5.2029520295203
			25.0553505535055	-5.22140221402214
			25.0738007380074	-5.22140221402214
			25.0922509225092	-5.23985239852399
			25.1107011070111	-5.25830258302583
			25.1291512915129	-5.25830258302583
			25.1476014760148	-5.27675276752768
			25.1660516605166	-5.27675276752768
			25.1845018450184	-5.29520295202952
			25.2029520295203	-5.31365313653137
			25.2214022140221	-5.31365313653137
			25.239852398524	-5.33210332103321
			25.2583025830258	-5.33210332103321
			25.2767527675277	-5.35055350553506
			25.2952029520295	-5.3690036900369
			25.3136531365314	-5.3690036900369
			25.3321033210332	-5.38745387453875
			25.3505535055351	-5.38745387453875
			25.3690036900369	-5.40590405904059
			25.3874538745387	-5.42435424354244
			25.4059040590406	-5.42435424354244
			25.4243542435424	-5.44280442804428
			25.4428044280443	-5.46125461254613
			25.4612546125461	-5.46125461254613
			25.479704797048	-5.47970479704797
			25.4981549815498	-5.47970479704797
			25.5166051660517	-5.49815498154982
			25.5350553505535	-5.51660516605166
			25.5535055350554	-5.51660516605166
			25.5719557195572	-5.53505535055351
			25.590405904059	-5.55350553505535
			25.6088560885609	-5.55350553505535
			25.6273062730627	-5.5719557195572
			25.6457564575646	-5.59040590405904
			25.6642066420664	-5.59040590405904
			25.6826568265683	-5.60885608856089
			25.7011070110701	-5.62730627306273
			25.719557195572	-5.62730627306273
			25.7380073800738	-5.64575645756458
			25.7564575645756	-5.64575645756458
			25.7749077490775	-5.66420664206642
			25.7933579335793	-5.68265682656827
			25.8118081180812	-5.68265682656827
			25.830258302583	-5.70110701107011
			25.8487084870849	-5.70110701107011
			25.8671586715867	-5.71955719557196
			25.8856088560886	-5.7380073800738
			25.9040590405904	-5.7380073800738
			25.9225092250923	-5.75645756457565
			25.9409594095941	-5.77490774907749
			25.9594095940959	-5.77490774907749
			25.9778597785978	-5.79335793357934
			25.9963099630996	-5.79335793357934
			25.9963099630996	-5.81180811808118
			26.0147601476015	-5.83025830258303
			26.0332103321033	-5.83025830258303
			26.0516605166052	-5.84870848708487
			26.070110701107	-5.84870848708487
			26.0885608856089	-5.86715867158672
			26.1070110701107	-5.88560885608856
			26.1254612546125	-5.88560885608856
			26.1439114391144	-5.90405904059041
			26.1623616236162	-5.92250922509225
			26.1808118081181	-5.9409594095941
			26.1992619926199	-5.95940959409594
			26.2177121771218	-5.95940959409594
			26.2361623616236	-5.95940959409594
			26.2361623616236	-5.97785977859779
			26.2546125461255	-5.97785977859779
			26.2730627306273	-5.99630996309963
			26.2730627306273	-6.01476014760148
			26.2915129151292	-6.01476014760148
			26.2915129151292	-6.03321033210332
			26.309963099631	-6.05166051660517
			26.309963099631	-6.07011070110701
			26.3284132841328	-6.07011070110701
			26.3284132841328	-6.08856088560886
			26.3468634686347	-6.1070110701107
			26.3468634686347	-6.12546125461255
			26.3653136531365	-6.14391143911439
			26.3653136531365	-6.16236162361624
			26.3837638376384	-6.18081180811808
			26.4022140221402	-6.19926199261993
			26.4022140221402	-6.21771217712177
			26.4206642066421	-6.23616236162362
			26.4391143911439	-6.25461254612546
			26.4391143911439	-6.27306273062731
			26.4575645756458	-6.29151291512915
			26.4575645756458	-6.309963099631
			26.4760147601476	-6.32841328413284
			26.4760147601476	-6.34686346863469
			26.4944649446494	-6.36531365313653
			26.4944649446494	-6.38376383763838
			26.5129151291513	-6.40221402214022
			26.5313653136531	-6.42066420664207
			26.5313653136531	-6.43911439114391
			26.549815498155	-6.45756457564576
			26.549815498155	-6.4760147601476
			26.5682656826568	-6.49446494464945
			26.5682656826568	-6.51291512915129
			26.5867158671587	-6.53136531365314
			26.5867158671587	-6.54981549815498
			26.6051660516605	-6.56826568265683
			26.6051660516605	-6.58671586715867
			26.6236162361624	-6.60516605166052
			26.6236162361624	-6.62361623616236
			26.6420664206642	-6.64206642066421
			26.6420664206642	-6.66051660516605
			26.6605166051661	-6.6789667896679
			26.6605166051661	-6.69741697416974
			26.6789667896679	-6.69741697416974
			26.6789667896679	-6.71586715867159
			26.6789667896679	-6.73431734317343
			26.6974169741697	-6.75276752767528
			26.6974169741697	-6.77121771217712
			26.7158671586716	-6.78966789667897
			26.7158671586716	-6.80811808118081
			26.7343173431734	-6.82656826568266
			26.7343173431734	-6.8450184501845
			26.7527675276753	-6.86346863468635
			26.7527675276753	-6.88191881918819
			26.7712177121771	-6.90036900369004
			26.7712177121771	-6.91881918819188
			26.7712177121771	-6.93726937269373
			26.789667896679	-6.95571955719557
			26.789667896679	-6.97416974169742
			26.8081180811808	-6.99261992619926
			26.8081180811808	-7.01107011070111
			26.8265682656827	-7.02952029520295
			26.8265682656827	-7.0479704797048
			26.8265682656827	-7.06642066420664
			26.8450184501845	-7.08487084870849
			26.8450184501845	-7.10332103321033
			26.8634686346863	-7.12177121771218
			26.8634686346863	-7.14022140221402
			26.8634686346863	-7.15867158671587
			26.8819188191882	-7.17712177121771
			26.8819188191882	-7.19557195571956
			26.90036900369	-7.2140221402214
			26.90036900369	-7.23247232472325
			26.90036900369	-7.25092250922509
			26.9188191881919	-7.26937269372694
			26.9188191881919	-7.28782287822878
			26.9372693726937	-7.30627306273063
			26.9372693726937	-7.32472324723247
			26.9372693726937	-7.34317343173432
			26.9557195571956	-7.36162361623616
			26.9557195571956	-7.38007380073801
			26.9741697416974	-7.39852398523985
			26.9741697416974	-7.4169741697417
			26.9741697416974	-7.43542435424354
			26.9926199261993	-7.45387453874539
			26.9926199261993	-7.47232472324723
			27.0110701107011	-7.49077490774908
			27.0110701107011	-7.50922509225092
			27.0110701107011	-7.52767527675277
			27.0110701107011	-7.54612546125461
			27.029520295203	-7.56457564575646
			27.029520295203	-7.5830258302583
			27.029520295203	-7.60147601476015
			27.0479704797048	-7.61992619926199
			27.0479704797048	-7.63837638376384
			27.0664206642066	-7.65682656826568
			27.0664206642066	-7.67527675276753
			27.0664206642066	-7.69372693726937
			27.0848708487085	-7.71217712177122
			27.0848708487085	-7.73062730627306
			27.0848708487085	-7.74907749077491
			27.0848708487085	-7.76752767527675
			27.1033210332103	-7.7859778597786
			27.1033210332103	-7.80442804428044
			27.1033210332103	-7.82287822878229
			27.1217712177122	-7.84132841328413
			27.1217712177122	-7.85977859778598
			27.1217712177122	-7.87822878228782
			27.1217712177122	-7.89667896678967
			27.140221402214	-7.91512915129151
			27.140221402214	-7.93357933579336
			27.140221402214	-7.9520295202952
			27.140221402214	-7.97047970479705
			27.1586715867159	-7.98892988929889
			27.1586715867159	-8.00738007380074
			27.1586715867159	-8.02583025830258
			27.1771217712177	-8.04428044280443
			27.1771217712177	-8.06273062730627
			27.1771217712177	-8.08118081180812
			27.1771217712177	-8.09963099630996
			27.1955719557196	-8.11808118081181
			27.1955719557196	-8.13653136531365
			27.1955719557196	-8.1549815498155
			27.1955719557196	-8.17343173431734
			27.2140221402214	-8.19188191881919
			27.2140221402214	-8.21033210332103
			27.2140221402214	-8.22878228782288
			27.2140221402214	-8.24723247232472
			27.2324723247232	-8.26568265682657
			27.2324723247232	-8.28413284132841
			27.2324723247232	-8.30258302583026
			27.2324723247232	-8.3210332103321
			27.2324723247232	-8.33948339483395
			27.2509225092251	-8.35793357933579
			27.2509225092251	-8.37638376383764
			27.2509225092251	-8.39483394833948
			27.2509225092251	-8.41328413284133
			27.2509225092251	-8.43173431734317
			27.2693726937269	-8.43173431734317
			27.2693726937269	-8.45018450184502
			27.2693726937269	-8.46863468634686
			27.2693726937269	-8.48708487084871
			27.2693726937269	-8.50553505535055
			27.2878228782288	-8.5239852398524
			27.2878228782288	-8.54243542435424
			27.2878228782288	-8.56088560885609
			27.2878228782288	-8.57933579335793
			27.2878228782288	-8.59778597785978
			27.2878228782288	-8.61623616236162
			27.3062730627306	-8.63468634686347
			27.3062730627306	-8.65313653136531
			27.3062730627306	-8.67158671586716
			27.3062730627306	-8.690036900369
			27.3062730627306	-8.70848708487085
			27.3062730627306	-8.72693726937269
			27.3247232472325	-8.74538745387454
			27.3247232472325	-8.76383763837638
			27.3247232472325	-8.78228782287823
			27.3247232472325	-8.80073800738007
			27.3247232472325	-8.81918819188192
			27.3247232472325	-8.83763837638376
			27.3431734317343	-8.85608856088561
			27.3431734317343	-8.87453874538745
			27.3431734317343	-8.8929889298893
			27.3431734317343	-8.91143911439114
			27.3431734317343	-8.92988929889299
			27.3431734317343	-8.94833948339483
			27.3431734317343	-8.96678966789668
			27.3431734317343	-8.98523985239852
			27.3616236162362	-9.00369003690037
			27.3616236162362	-9.02214022140221
			27.3616236162362	-9.04059040590406
			27.3616236162362	-9.0590405904059
			27.3616236162362	-9.07749077490775
			27.3616236162362	-9.09594095940959
			27.3616236162362	-9.11439114391144
			27.3616236162362	-9.13284132841328
			27.380073800738	-9.15129151291513
			27.380073800738	-9.16974169741697
			27.380073800738	-9.18819188191882
			27.380073800738	-9.20664206642066
			27.380073800738	-9.22509225092251
			27.380073800738	-9.24354243542435
			27.380073800738	-9.2619926199262
			27.380073800738	-9.28044280442804
			27.380073800738	-9.29889298892989
			27.380073800738	-9.31734317343173
			27.380073800738	-9.33579335793358
			27.3985239852399	-9.35424354243542
			27.3985239852399	-9.37269372693727
			27.3985239852399	-9.39114391143911
			27.3985239852399	-9.40959409594096
			27.3985239852399	-9.4280442804428
			27.3985239852399	-9.44649446494465
			27.3985239852399	-9.46494464944649
			27.3985239852399	-9.48339483394834
			27.3985239852399	-9.50184501845018
			27.3985239852399	-9.52029520295203
			27.3985239852399	-9.53874538745387
			27.3985239852399	-9.55719557195572
			27.3985239852399	-9.57564575645756
			27.3985239852399	-9.59409594095941
			27.3985239852399	-9.61254612546125
			27.3985239852399	-9.6309963099631
			27.3985239852399	-9.64944649446494
			27.4169741697417	-9.66789667896679
			27.4169741697417	-9.68634686346863
			27.4169741697417	-9.70479704797048
			27.4169741697417	-9.72324723247232
			27.4169741697417	-9.74169741697417
			27.4169741697417	-9.76014760147602
			27.4169741697417	-9.77859778597786
			27.4169741697417	-9.7970479704797
			27.4169741697417	-9.81549815498155
			27.4169741697417	-9.8339483394834
			27.4169741697417	-9.85239852398524
			27.4169741697417	-9.87084870848708
			27.4169741697417	-9.88929889298893
			27.4169741697417	-9.90774907749078
			27.4169741697417	-9.92619926199262
			27.4169741697417	-9.94464944649446
			27.4169741697417	-9.96309963099631
			27.4169741697417	-9.98154981549816
			27.4169741697417	-10
			27.4169741697417	-10.0184501845018
			27.4169741697417	-10.0369003690037
			27.4169741697417	-10.0553505535055
			27.4169741697417	-10.0738007380074
			27.4169741697417	-10.0922509225092
			27.4169741697417	-10.1107011070111
			27.4169741697417	-10.1291512915129
			27.4169741697417	-10.1476014760148
			27.4169741697417	-10.1660516605166
			27.4169741697417	-10.1845018450185
			27.4169741697417	-10.2029520295203
			27.4169741697417	-10.2214022140221
			27.4169741697417	-10.239852398524
			27.4169741697417	-10.2583025830258
			27.3985239852399	-10.2767527675277
			27.3985239852399	-10.2952029520295
			27.3985239852399	-10.3136531365314
			27.3985239852399	-10.3321033210332
			27.3985239852399	-10.3505535055351
			27.3985239852399	-10.3690036900369
			27.3985239852399	-10.3874538745387
			27.3985239852399	-10.4059040590406
			27.3985239852399	-10.4243542435424
			27.3985239852399	-10.4428044280443
			27.3985239852399	-10.4612546125461
			27.3985239852399	-10.479704797048
			27.3985239852399	-10.4981549815498
			27.3985239852399	-10.5166051660517
			27.3985239852399	-10.5350553505535
			27.3985239852399	-10.5535055350554
			27.3985239852399	-10.5719557195572
			27.3985239852399	-10.590405904059
			27.380073800738	-10.6088560885609
			27.380073800738	-10.6273062730627
			27.380073800738	-10.6457564575646
			27.380073800738	-10.6642066420664
			27.380073800738	-10.6826568265683
			27.380073800738	-10.7011070110701
			27.380073800738	-10.719557195572
			27.380073800738	-10.7380073800738
			27.380073800738	-10.7564575645756
			27.380073800738	-10.7749077490775
			27.380073800738	-10.7933579335793
			27.380073800738	-10.8118081180812
			27.3616236162362	-10.830258302583
			27.3616236162362	-10.8487084870849
			27.3616236162362	-10.8671586715867
			27.3616236162362	-10.8856088560886
			27.3616236162362	-10.9040590405904
			27.380073800738	-10.9040590405904
			27.3985239852399	-10.9040590405904
			27.4169741697417	-10.9040590405904
			27.4354243542435	-10.8856088560886
			27.4538745387454	-10.8856088560886
			27.4723247232472	-10.8856088560886
			27.4907749077491	-10.8856088560886
			27.5092250922509	-10.8856088560886
			27.5276752767528	-10.8856088560886
			27.5461254612546	-10.8856088560886
			27.5645756457565	-10.8671586715867
			27.5830258302583	-10.8671586715867
			27.6014760147601	-10.8671586715867
			27.619926199262	-10.8671586715867
			27.6383763837638	-10.8671586715867
			27.6568265682657	-10.8671586715867
			27.6752767527675	-10.8671586715867
			27.6937269372694	-10.8671586715867
			27.7121771217712	-10.8487084870849
			27.7306273062731	-10.8487084870849
			27.7490774907749	-10.8487084870849
			27.7675276752768	-10.8487084870849
			27.7859778597786	-10.8487084870849
			27.8044280442804	-10.8487084870849
			27.8228782287823	-10.8487084870849
			27.8413284132841	-10.8487084870849
			27.859778597786	-10.8487084870849
			27.8782287822878	-10.8487084870849
			27.8966789667897	-10.830258302583
			27.9151291512915	-10.830258302583
			27.9335793357934	-10.830258302583
			27.9520295202952	-10.830258302583
			27.970479704797	-10.830258302583
			27.9889298892989	-10.830258302583
			28.0073800738007	-10.830258302583
			28.0258302583026	-10.830258302583
			28.0442804428044	-10.830258302583
			28.0627306273063	-10.830258302583
			28.0811808118081	-10.830258302583
			28.09963099631	-10.830258302583
			28.1180811808118	-10.830258302583
			28.1365313653137	-10.830258302583
			28.1549815498155	-10.830258302583
			28.1734317343173	-10.830258302583
			28.1918819188192	-10.830258302583
			28.210332103321	-10.830258302583
			28.2287822878229	-10.830258302583
			28.2472324723247	-10.830258302583
			28.2656826568266	-10.830258302583
			28.2841328413284	-10.830258302583
			28.3025830258303	-10.830258302583
			28.3210332103321	-10.830258302583
			28.3394833948339	-10.830258302583
			28.3579335793358	-10.830258302583
			28.3763837638376	-10.830258302583
			28.3948339483395	-10.830258302583
			28.4132841328413	-10.830258302583
			28.4317343173432	-10.830258302583
			28.450184501845	-10.830258302583
			28.4686346863469	-10.830258302583
			28.4870848708487	-10.830258302583
			28.5055350553506	-10.830258302583
			28.5239852398524	-10.830258302583
			28.5424354243542	-10.830258302583
			28.5608856088561	-10.830258302583
			28.5793357933579	-10.830258302583
			28.5977859778598	-10.830258302583
			28.6162361623616	-10.830258302583
			28.6346863468635	-10.830258302583
			28.6531365313653	-10.8487084870849
			28.6715867158672	-10.8487084870849
			28.690036900369	-10.8487084870849
			28.7084870848708	-10.8487084870849
			28.7269372693727	-10.8487084870849
			28.7453874538745	-10.8487084870849
			28.7638376383764	-10.8487084870849
			28.7822878228782	-10.8487084870849
			28.8007380073801	-10.8671586715867
			28.8191881918819	-10.8671586715867
			28.8376383763838	-10.8671586715867
			28.8560885608856	-10.8671586715867
			28.8745387453875	-10.8671586715867
			28.8929889298893	-10.8856088560886
			28.9114391143911	-10.8856088560886
			28.929889298893	-10.8856088560886
			28.9483394833948	-10.8856088560886
			28.9667896678967	-10.8856088560886
			28.9852398523985	-10.8856088560886
			28.9852398523985	-10.9040590405904
			29.0036900369004	-10.9040590405904
			29.0221402214022	-10.9040590405904
			29.0405904059041	-10.9040590405904
			29.0590405904059	-10.9225092250923
			29.0774907749077	-10.9225092250923
			29.0959409594096	-10.9225092250923
			29.1143911439114	-10.9409594095941
			29.1328413284133	-10.9409594095941
			29.1512915129151	-10.9409594095941
			29.169741697417	-10.9409594095941
			29.1881918819188	-10.9594095940959
			29.2066420664207	-10.9594095940959
			29.2250922509225	-10.9778597785978
			29.2435424354244	-10.9778597785978
			29.2619926199262	-10.9963099630996
			29.280442804428	-10.9963099630996
			29.2988929889299	-11.0147601476015
			29.3173431734317	-11.0147601476015
			29.3357933579336	-11.0147601476015
			29.3542435424354	-11.0332103321033
			29.3726937269373	-11.0332103321033
			29.3911439114391	-11.0516605166052
			29.409594095941	-11.0516605166052
			29.4280442804428	-11.070110701107
			29.4464944649446	-11.0885608856089
			29.4649446494465	-11.1070110701107
			29.4833948339483	-11.1070110701107
			29.5018450184502	-11.1254612546125
			29.520295202952	-11.1439114391144
			29.5387453874539	-11.1439114391144
			29.5571955719557	-11.1623616236162
			29.5756457564576	-11.1808118081181
			29.5940959409594	-11.1992619926199
			29.6125461254613	-11.1992619926199
			29.6309963099631	-11.2177121771218
			29.6309963099631	-11.2361623616236
			29.6494464944649	-11.2546125461255
			29.6678966789668	-11.2730627306273
			29.6863468634686	-11.2730627306273
			29.6863468634686	-11.2915129151292
			29.7047970479705	-11.309963099631
			29.7232472324723	-11.3284132841328
			29.7416974169742	-11.3468634686347
			29.7416974169742	-11.3653136531365
			29.760147601476	-11.3837638376384
			29.7785977859779	-11.4022140221402
			29.7785977859779	-11.4206642066421
			29.7970479704797	-11.4391143911439
			29.7970479704797	-11.4575645756458
			29.8154981549816	-11.4760147601476
			29.8339483394834	-11.4944649446494
			29.8339483394834	-11.5129151291513
			29.8523985239852	-11.5313653136531
			29.8523985239852	-11.549815498155
			29.8708487084871	-11.5682656826568
			29.8708487084871	-11.5867158671587
			29.8708487084871	-11.6051660516605
			29.8892988929889	-11.6236162361624
			29.8892988929889	-11.6420664206642
			29.8892988929889	-11.6605166051661
			29.9077490774908	-11.6789667896679
			29.9077490774908	-11.6974169741697
			29.9077490774908	-11.7158671586716
			29.9261992619926	-11.7343173431734
			29.9261992619926	-11.7527675276753
			29.9261992619926	-11.7712177121771
			29.9261992619926	-11.789667896679
			29.9446494464945	-11.8081180811808
			29.9446494464945	-11.8265682656827
			29.9446494464945	-11.8450184501845
			29.9446494464945	-11.8634686346863
			29.9446494464945	-11.8819188191882
			29.9446494464945	-11.90036900369
			29.9446494464945	-11.9188191881919
			29.9630996309963	-11.9372693726937
			29.9630996309963	-11.9557195571956
			29.9630996309963	-11.9741697416974
			29.9630996309963	-11.9926199261993
			29.9630996309963	-12.0110701107011
			29.9630996309963	-12.029520295203
			29.9630996309963	-12.0479704797048
			29.9630996309963	-12.0664206642066
			29.9630996309963	-12.0848708487085
			29.9630996309963	-12.1033210332103
			29.9630996309963	-12.1217712177122
			29.9630996309963	-12.140221402214
			29.9630996309963	-12.1586715867159
			29.9630996309963	-12.1771217712177
			29.9630996309963	-12.1955719557196
			29.9630996309963	-12.2140221402214
			29.9630996309963	-12.2324723247232
			29.9630996309963	-12.2509225092251
			29.9630996309963	-12.2693726937269
			29.9630996309963	-12.2878228782288
			29.9630996309963	-12.3062730627306
			29.9630996309963	-12.3247232472325
			29.9630996309963	-12.3431734317343
			29.9630996309963	-12.3616236162362
			29.9630996309963	-12.380073800738
			29.9630996309963	-12.3985239852399
			29.9630996309963	-12.4169741697417
			29.9630996309963	-12.4354243542435
			29.9630996309963	-12.4538745387454
			29.9630996309963	-12.4723247232472
			29.9630996309963	-12.4907749077491
			29.9630996309963	-12.5092250922509
			29.9630996309963	-12.5276752767528
			29.9630996309963	-12.5461254612546
			29.9630996309963	-12.5645756457565
			29.9446494464945	-12.5830258302583
			29.9446494464945	-12.6014760147601
			29.9446494464945	-12.619926199262
			29.9446494464945	-12.6383763837638
			29.9446494464945	-12.6568265682657
			29.9446494464945	-12.6752767527675
			29.9446494464945	-12.6937269372694
			29.9261992619926	-12.7121771217712
			29.9261992619926	-12.7306273062731
			29.9261992619926	-12.7490774907749
			29.9261992619926	-12.7675276752768
			29.9261992619926	-12.7859778597786
			29.9261992619926	-12.8044280442804
			29.9077490774908	-12.8228782287823
			29.9077490774908	-12.8413284132841
			29.9077490774908	-12.859778597786
			29.9077490774908	-12.8782287822878
			29.8892988929889	-12.8966789667897
			29.8892988929889	-12.9151291512915
			29.8892988929889	-12.9335793357934
			29.8892988929889	-12.9520295202952
			29.8708487084871	-12.970479704797
			29.8708487084871	-12.9889298892989
			29.8708487084871	-13.0073800738007
			29.8708487084871	-13.0258302583026
			29.8523985239852	-13.0442804428044
			29.8523985239852	-13.0627306273063
			29.8339483394834	-13.0811808118081
			29.8339483394834	-13.09963099631
			29.8339483394834	-13.1180811808118
			29.8154981549816	-13.1365313653137
			29.8154981549816	-13.1549815498155
			29.7970479704797	-13.1734317343173
			29.7970479704797	-13.1918819188192
			29.7785977859779	-13.210332103321
			29.7785977859779	-13.2287822878229
			29.760147601476	-13.2472324723247
			29.760147601476	-13.2656826568266
			29.7416974169742	-13.2841328413284
			29.7416974169742	-13.3025830258303
			29.7232472324723	-13.3210332103321
			29.7232472324723	-13.3394833948339
			29.7047970479705	-13.3579335793358
			29.7047970479705	-13.3763837638376
			29.6863468634686	-13.3948339483395
			29.6678966789668	-13.4132841328413
			29.6494464944649	-13.4317343173432
			29.6494464944649	-13.450184501845
			29.6309963099631	-13.4686346863469
			29.6125461254613	-13.4870848708487
			29.5940959409594	-13.5055350553506
			29.5940959409594	-13.5239852398524
			29.5756457564576	-13.5424354243542
			29.5571955719557	-13.5608856088561
			29.5387453874539	-13.5793357933579
			29.520295202952	-13.5977859778598
			29.5018450184502	-13.6162361623616
			29.5018450184502	-13.6346863468635
			29.4833948339483	-13.6346863468635
			29.4649446494465	-13.6531365313653
			29.4464944649446	-13.6715867158672
			29.4280442804428	-13.690036900369
			29.409594095941	-13.7084870848708
			29.3911439114391	-13.7084870848708
			29.3726937269373	-13.7269372693727
			29.3542435424354	-13.7453874538745
			29.3357933579336	-13.7638376383764
			29.3173431734317	-13.7638376383764
			29.2988929889299	-13.7822878228782
			29.280442804428	-13.8007380073801
			29.2619926199262	-13.8007380073801
			29.2435424354244	-13.8191881918819
			29.2250922509225	-13.8376383763838
			29.2066420664207	-13.8376383763838
			29.1881918819188	-13.8376383763838
			29.169741697417	-13.8560885608856
			29.1512915129151	-13.8560885608856
			29.1328413284133	-13.8745387453875
			29.1143911439114	-13.8745387453875
			29.0959409594096	-13.8929889298893
			29.0774907749077	-13.8929889298893
			29.0590405904059	-13.9114391143911
			29.0405904059041	-13.9114391143911
			29.0221402214022	-13.9114391143911
			29.0221402214022	-13.929889298893
			29.0036900369004	-13.929889298893
			28.9852398523985	-13.929889298893
			28.9667896678967	-13.9483394833948
			28.9483394833948	-13.9483394833948
			28.929889298893	-13.9483394833948
			28.9114391143911	-13.9667896678967
			28.8929889298893	-13.9667896678967
			28.8745387453875	-13.9667896678967
			28.8560885608856	-13.9667896678967
			28.8376383763838	-13.9852398523985
			28.8191881918819	-13.9852398523985
			28.8007380073801	-13.9852398523985
			28.7822878228782	-13.9852398523985
			28.7638376383764	-13.9852398523985
			28.7453874538745	-14.0036900369004
			28.7269372693727	-14.0036900369004
			28.7084870848708	-14.0036900369004
			28.690036900369	-14.0036900369004
			28.6715867158672	-14.0036900369004
			28.6531365313653	-14.0221402214022
			28.6346863468635	-14.0221402214022
			28.6162361623616	-14.0221402214022
			28.5977859778598	-14.0221402214022
			28.5793357933579	-14.0405904059041
			28.5608856088561	-14.0405904059041
			28.5424354243542	-14.0405904059041
			28.5239852398524	-14.0405904059041
			28.5055350553506	-14.0590405904059
			28.4870848708487	-14.0590405904059
			28.4686346863469	-14.0590405904059
			28.450184501845	-14.0590405904059
			28.4317343173432	-14.0774907749077
			28.4132841328413	-14.0774907749077
			28.3948339483395	-14.0959409594096
			28.3763837638376	-14.0959409594096
			28.3579335793358	-14.0959409594096
			28.3394833948339	-14.0959409594096
			28.3394833948339	-14.1143911439114
			28.3210332103321	-14.1143911439114
			28.3025830258303	-14.1143911439114
			28.3025830258303	-14.1328413284133
			28.2841328413284	-14.1328413284133
			28.2656826568266	-14.1328413284133
			28.2656826568266	-14.1512915129151
			28.2472324723247	-14.1512915129151
			28.2287822878229	-14.169741697417
			28.210332103321	-14.1881918819188
			28.1918819188192	-14.2066420664207
			28.1918819188192	-14.2250922509225
			28.1918819188192	-14.2435424354244
			28.210332103321	-14.2619926199262
			28.210332103321	-14.280442804428
			28.2287822878229	-14.280442804428
			28.2472324723247	-14.2988929889299
			28.2656826568266	-14.3173431734317
			28.2841328413284	-14.3357933579336
			28.3025830258303	-14.3357933579336
			28.3210332103321	-14.3357933579336
			28.3394833948339	-14.3542435424354
			28.3579335793358	-14.3542435424354
			28.3763837638376	-14.3726937269373
			28.3948339483395	-14.3726937269373
			28.4132841328413	-14.3726937269373
			28.4317343173432	-14.3911439114391
			28.450184501845	-14.3911439114391
			28.4686346863469	-14.3911439114391
			28.4870848708487	-14.409594095941
			28.5055350553506	-14.409594095941
			28.5239852398524	-14.409594095941
			28.5424354243542	-14.409594095941
			28.5608856088561	-14.4280442804428
			28.5793357933579	-14.4280442804428
			28.5977859778598	-14.4280442804428
			28.6162361623616	-14.4280442804428
			28.6346863468635	-14.4464944649446
			28.6531365313653	-14.4464944649446
			28.6715867158672	-14.4464944649446
			28.690036900369	-14.4464944649446
			28.7084870848708	-14.4649446494465
			28.7269372693727	-14.4649446494465
			28.7453874538745	-14.4649446494465
			28.7638376383764	-14.4649446494465
			28.7822878228782	-14.4833948339483
			28.8007380073801	-14.4833948339483
			28.8191881918819	-14.4833948339483
			28.8376383763838	-14.4833948339483
			28.8560885608856	-14.4833948339483
			28.8745387453875	-14.4833948339483
			28.8745387453875	-14.5018450184502
			28.8929889298893	-14.5018450184502
			28.9114391143911	-14.5018450184502
			28.929889298893	-14.5018450184502
			28.9483394833948	-14.5018450184502
			28.9667896678967	-14.5018450184502
			28.9852398523985	-14.520295202952
			29.0036900369004	-14.520295202952
			29.0221402214022	-14.520295202952
			29.0405904059041	-14.520295202952
			29.0590405904059	-14.520295202952
			29.0774907749077	-14.5387453874539
			29.0959409594096	-14.5387453874539
			29.1143911439114	-14.5387453874539
			29.1328413284133	-14.5387453874539
			29.1512915129151	-14.5387453874539
			29.169741697417	-14.5387453874539
			29.1881918819188	-14.5571955719557
			29.2066420664207	-14.5571955719557
			29.2250922509225	-14.5571955719557
			29.2435424354244	-14.5571955719557
			29.2619926199262	-14.5571955719557
			29.280442804428	-14.5571955719557
			29.2988929889299	-14.5756457564576
			29.3173431734317	-14.5756457564576
			29.3357933579336	-14.5756457564576
			29.3542435424354	-14.5756457564576
			29.3726937269373	-14.5756457564576
			29.3911439114391	-14.5756457564576
			29.409594095941	-14.5756457564576
			29.4280442804428	-14.5940959409594
			29.4464944649446	-14.5940959409594
			29.4649446494465	-14.5940959409594
			29.4833948339483	-14.5940959409594
			29.5018450184502	-14.5940959409594
			29.520295202952	-14.5940959409594
			29.5387453874539	-14.5940959409594
			29.5571955719557	-14.6125461254613
			29.5756457564576	-14.6125461254613
			29.5940959409594	-14.6125461254613
			29.6125461254613	-14.6125461254613
			29.6309963099631	-14.5940959409594
			29.6494464944649	-14.5940959409594
			29.6494464944649	-14.5756457564576
			29.6678966789668	-14.5756457564576
			29.6863468634686	-14.5571955719557
			29.7047970479705	-14.5387453874539
			29.7232472324723	-14.5387453874539
			29.7416974169742	-14.520295202952
			29.760147601476	-14.520295202952
			29.7785977859779	-14.5018450184502
			29.7970479704797	-14.4833948339483
			29.8154981549816	-14.4649446494465
			29.8339483394834	-14.4649446494465
			29.8523985239852	-14.4464944649446
			29.8708487084871	-14.4280442804428
			29.8892988929889	-14.409594095941
			29.9077490774908	-14.409594095941
			29.9261992619926	-14.409594095941
			29.9261992619926	-14.3911439114391
			29.9446494464945	-14.3911439114391
			29.9630996309963	-14.3726937269373
			29.9815498154982	-14.3542435424354
			30	-14.3542435424354
			30.0184501845018	-14.3357933579336
			30.0369003690037	-14.3173431734317
			30.0553505535055	-14.2988929889299
			30.0738007380074	-14.2988929889299
			30.0738007380074	-14.280442804428
			30.0922509225092	-14.280442804428
			30.1107011070111	-14.2619926199262
			30.1291512915129	-14.2619926199262
			30.1291512915129	-14.2435424354244
			30.1476014760148	-14.2435424354244
			30.1660516605166	-14.2250922509225
			30.1845018450184	-14.2066420664207
			30.2029520295203	-14.2066420664207
			30.2214022140221	-14.1881918819188
			30.239852398524	-14.169741697417
			30.2583025830258	-14.1512915129151
			30.2767527675277	-14.1328413284133
			30.2952029520295	-14.1328413284133
			30.3136531365314	-14.1143911439114
			30.3321033210332	-14.0959409594096
			30.3505535055351	-14.0959409594096
			30.3690036900369	-14.0774907749077
			30.3874538745387	-14.0590405904059
			30.4059040590406	-14.0405904059041
			30.4243542435424	-14.0405904059041
			30.4428044280443	-14.0221402214022
			30.4612546125461	-14.0036900369004
			30.479704797048	-13.9852398523985
			30.4981549815498	-13.9852398523985
			30.5166051660517	-13.9667896678967
			30.5350553505535	-13.9483394833948
			30.5535055350554	-13.9483394833948
			30.5719557195572	-13.929889298893
			30.590405904059	-13.9114391143911
			30.6088560885609	-13.8929889298893
			30.6273062730627	-13.8929889298893
			30.6457564575646	-13.8745387453875
			30.6457564575646	-13.8560885608856
			30.6642066420664	-13.8560885608856
			30.6826568265683	-13.8376383763838
			30.7011070110701	-13.8191881918819
			30.719557195572	-13.8007380073801
			30.7380073800738	-13.8007380073801
			30.7564575645756	-13.7822878228782
			30.7749077490775	-13.7638376383764
			30.7933579335793	-13.7638376383764
			30.8118081180812	-13.7453874538745
			30.830258302583	-13.7269372693727
			30.8487084870849	-13.7084870848708
			30.8671586715867	-13.690036900369
			30.8856088560886	-13.6715867158672
			30.9040590405904	-13.6531365313653
			30.9225092250923	-13.6346863468635
			30.9409594095941	-13.6346863468635
			30.9594095940959	-13.6162361623616
			30.9778597785978	-13.5977859778598
			30.9963099630996	-13.5793357933579
			31.0147601476015	-13.5608856088561
			31.0332103321033	-13.5608856088561
			31.0516605166052	-13.5424354243542
			31.070110701107	-13.5239852398524
			31.0885608856089	-13.5055350553506
			31.1070110701107	-13.5055350553506
			31.1254612546125	-13.4870848708487
			31.1439114391144	-13.4686346863469
			31.1623616236162	-13.450184501845
			31.1808118081181	-13.4317343173432
			31.1992619926199	-13.4132841328413
			31.2177121771218	-13.3948339483395
			31.2361623616236	-13.3763837638376
			31.2546125461255	-13.3579335793358
			31.2730627306273	-13.3394833948339
			31.2915129151292	-13.3394833948339
			31.309963099631	-13.3210332103321
			31.3284132841328	-13.3025830258303
			31.3468634686347	-13.2841328413284
			31.3653136531365	-13.2656826568266
			31.3837638376384	-13.2472324723247
			31.4022140221402	-13.2287822878229
			31.4206642066421	-13.2287822878229
			31.4391143911439	-13.210332103321
			31.4575645756458	-13.1918819188192
			31.4760147601476	-13.1734317343173
			31.4944649446494	-13.1549815498155
			31.5129151291513	-13.1365313653137
			31.5313653136531	-13.1180811808118
			31.549815498155	-13.09963099631
			31.5682656826568	-13.09963099631
			31.5867158671587	-13.0811808118081
			31.6051660516605	-13.0627306273063
			31.6236162361624	-13.0442804428044
			31.6420664206642	-13.0258302583026
			31.6420664206642	-13.0073800738007
			31.6605166051661	-12.9889298892989
			31.6789667896679	-12.9889298892989
			31.6974169741697	-12.970479704797
			31.7158671586716	-12.9520295202952
			31.7343173431734	-12.9335793357934
			31.7527675276753	-12.9151291512915
			31.7712177121771	-12.8966789667897
			31.789667896679	-12.8782287822878
			31.8081180811808	-12.859778597786
			31.8265682656827	-12.8413284132841
			31.8450184501845	-12.8228782287823
			31.8450184501845	-12.8044280442804
			31.8634686346863	-12.7859778597786
			31.8819188191882	-12.7675276752768
			31.90036900369	-12.7490774907749
			31.9188191881919	-12.7306273062731
			31.9372693726937	-12.7121771217712
			31.9557195571956	-12.6937269372694
			31.9741697416974	-12.6752767527675
			31.9926199261993	-12.6568265682657
			32.0110701107011	-12.6568265682657
			32.0110701107011	-12.6383763837638
			32.0295202952029	-12.619926199262
			32.0479704797048	-12.619926199262
			32.0664206642066	-12.6014760147601
			32.0848708487085	-12.6014760147601
			32.1033210332103	-12.5830258302583
			32.1217712177122	-12.5830258302583
			32.1217712177122	-12.5645756457565
			32.140221402214	-12.5645756457565
			32.1586715867159	-12.5461254612546
			32.1771217712177	-12.5461254612546
			32.1955719557196	-12.5276752767528
			32.2140221402214	-12.5276752767528
			32.2324723247232	-12.5276752767528
			32.2509225092251	-12.5276752767528
			32.2693726937269	-12.5092250922509
			32.2878228782288	-12.5092250922509
			32.3062730627306	-12.5092250922509
			32.3247232472325	-12.5092250922509
			32.3431734317343	-12.5092250922509
			32.3616236162362	-12.4907749077491
			32.380073800738	-12.4907749077491
			32.3985239852399	-12.4907749077491
			32.4169741697417	-12.4907749077491
			32.4354243542435	-12.4907749077491
			32.4538745387454	-12.5092250922509
			32.4723247232472	-12.5092250922509
			32.4907749077491	-12.5092250922509
			32.5092250922509	-12.5092250922509
			32.5276752767528	-12.5092250922509
			32.5461254612546	-12.5092250922509
			32.5645756457565	-12.5092250922509
			32.5645756457565	-12.5276752767528
			32.5830258302583	-12.5276752767528
			32.6014760147601	-12.5276752767528
			32.619926199262	-12.5461254612546
			32.6383763837638	-12.5461254612546
			32.6568265682657	-12.5461254612546
			32.6752767527675	-12.5461254612546
			32.6937269372694	-12.5645756457565
			32.7121771217712	-12.5645756457565
			32.7306273062731	-12.5830258302583
			32.7490774907749	-12.5830258302583
			32.7675276752768	-12.6014760147601
			32.7859778597786	-12.619926199262
			32.8044280442804	-12.619926199262
			32.8228782287823	-12.619926199262
			32.8228782287823	-12.6383763837638
			32.8413284132841	-12.6383763837638
			32.859778597786	-12.6568265682657
			32.8782287822878	-12.6568265682657
			32.8966789667897	-12.6752767527675
			32.9151291512915	-12.6937269372694
			32.9335793357934	-12.6937269372694
			32.9520295202952	-12.7121771217712
			32.9704797047971	-12.7306273062731
			32.9889298892989	-12.7306273062731
			33.0073800738007	-12.7490774907749
			33.0073800738007	-12.7675276752768
			33.0258302583026	-12.7675276752768
			33.0442804428044	-12.7859778597786
			33.0627306273063	-12.8044280442804
			33.0811808118081	-12.8044280442804
			33.09963099631	-12.8228782287823
			33.1180811808118	-12.8413284132841
			33.1365313653137	-12.859778597786
			33.1365313653137	-12.8782287822878
			33.1549815498155	-12.8782287822878
			33.1734317343173	-12.8966789667897
			33.1918819188192	-12.9151291512915
			33.210332103321	-12.9151291512915
			33.2287822878229	-12.9151291512915
			33.2472324723247	-12.9151291512915
			33.2656826568266	-12.9151291512915
			33.2841328413284	-12.9151291512915
			33.3025830258303	-12.9151291512915
			33.3210332103321	-12.9335793357934
			33.3394833948339	-12.9335793357934
			33.3579335793358	-12.9335793357934
			33.3763837638376	-12.9335793357934
			33.3948339483395	-12.9335793357934
			33.4132841328413	-12.9335793357934
			33.4317343173432	-12.9335793357934
			33.450184501845	-12.9335793357934
			33.4686346863469	-12.9520295202952
			33.4870848708487	-12.9520295202952
			33.5055350553506	-12.9520295202952
			33.5239852398524	-12.9520295202952
			33.5424354243542	-12.9520295202952
			33.5608856088561	-12.9520295202952
			33.5793357933579	-12.9520295202952
			33.5977859778598	-12.970479704797
			33.6162361623616	-12.970479704797
			33.6346863468635	-12.970479704797
			33.6531365313653	-12.970479704797
			33.6715867158672	-12.970479704797
			33.690036900369	-12.970479704797
			33.7084870848708	-12.9889298892989
			33.7269372693727	-12.9889298892989
			33.7453874538745	-12.9889298892989
			33.7638376383764	-12.9889298892989
			33.7822878228782	-12.9889298892989
			33.8007380073801	-12.9889298892989
			33.8191881918819	-13.0073800738007
			33.8376383763838	-13.0073800738007
			33.8560885608856	-13.0073800738007
			33.8745387453875	-13.0073800738007
			33.8929889298893	-13.0073800738007
			33.9114391143911	-13.0073800738007
			33.929889298893	-13.0258302583026
			33.9483394833948	-13.0258302583026
			33.9667896678967	-13.0258302583026
			33.9852398523985	-13.0258302583026
			34.0036900369004	-13.0258302583026
			34.0221402214022	-13.0258302583026
			34.0405904059041	-13.0442804428044
			34.0590405904059	-13.0442804428044
			34.0774907749078	-13.0442804428044
		</suture>
		<anterior type=matrix rownames=FALSE colnames=FALSE nrow=1186 ncol=2 as.numeric=TRUE >
			19.7785977859779	-3.46863468634686
			19.7970479704797	-3.46863468634686
			19.8154981549816	-3.46863468634686
			19.8339483394834	-3.46863468634686
			19.8523985239852	-3.46863468634686
			19.8708487084871	-3.46863468634686
			19.8892988929889	-3.46863468634686
			19.9077490774908	-3.48708487084871
			19.9261992619926	-3.48708487084871
			19.9446494464945	-3.48708487084871
			19.9630996309963	-3.48708487084871
			19.9815498154982	-3.48708487084871
			20	-3.48708487084871
			20.0184501845018	-3.48708487084871
			20.0369003690037	-3.48708487084871
			20.0553505535055	-3.48708487084871
			20.0738007380074	-3.48708487084871
			20.0922509225092	-3.48708487084871
			20.1107011070111	-3.50553505535055
			20.1291512915129	-3.50553505535055
			20.1476014760148	-3.50553505535055
			20.1660516605166	-3.50553505535055
			20.1845018450184	-3.50553505535055
			20.2029520295203	-3.50553505535055
			20.2214022140221	-3.50553505535055
			20.239852398524	-3.50553505535055
			20.2583025830258	-3.50553505535055
			20.2767527675277	-3.5239852398524
			20.2952029520295	-3.5239852398524
			20.3136531365314	-3.5239852398524
			20.3321033210332	-3.5239852398524
			20.3505535055351	-3.5239852398524
			20.3690036900369	-3.5239852398524
			20.3874538745387	-3.5239852398524
			20.4059040590406	-3.5239852398524
			20.4243542435424	-3.54243542435424
			20.4428044280443	-3.54243542435424
			20.4612546125461	-3.54243542435424
			20.479704797048	-3.54243542435424
			20.4981549815498	-3.54243542435424
			20.5166051660517	-3.54243542435424
			20.5350553505535	-3.54243542435424
			20.5535055350554	-3.54243542435424
			20.5719557195572	-3.56088560885609
			20.590405904059	-3.56088560885609
			20.6088560885609	-3.56088560885609
			20.6273062730627	-3.56088560885609
			20.6457564575646	-3.56088560885609
			20.6642066420664	-3.56088560885609
			20.6826568265683	-3.56088560885609
			20.7011070110701	-3.57933579335793
			20.719557195572	-3.57933579335793
			20.7380073800738	-3.57933579335793
			20.7564575645756	-3.57933579335793
			20.7749077490775	-3.57933579335793
			20.7933579335793	-3.57933579335793
			20.8118081180812	-3.59778597785978
			20.830258302583	-3.59778597785978
			20.8487084870849	-3.59778597785978
			20.8671586715867	-3.59778597785978
			20.8856088560886	-3.59778597785978
			20.9040590405904	-3.59778597785978
			20.9225092250923	-3.61623616236162
			20.9409594095941	-3.61623616236162
			20.9594095940959	-3.61623616236162
			20.9778597785978	-3.61623616236162
			20.9963099630996	-3.61623616236162
			21.0147601476015	-3.61623616236162
			21.0332103321033	-3.63468634686347
			21.0516605166052	-3.63468634686347
			21.070110701107	-3.63468634686347
			21.0885608856089	-3.63468634686347
			21.1070110701107	-3.63468634686347
			21.1254612546125	-3.65313653136531
			21.1439114391144	-3.65313653136531
			21.1623616236162	-3.65313653136531
			21.1808118081181	-3.65313653136531
			21.1992619926199	-3.65313653136531
			21.2177121771218	-3.65313653136531
			21.2361623616236	-3.67158671586716
			21.2546125461255	-3.67158671586716
			21.2730627306273	-3.67158671586716
			21.2915129151292	-3.67158671586716
			21.309963099631	-3.690036900369
			21.3284132841328	-3.690036900369
			21.3468634686347	-3.690036900369
			21.3653136531365	-3.690036900369
			21.3837638376384	-3.690036900369
			21.4022140221402	-3.70848708487085
			21.4206642066421	-3.70848708487085
			21.4391143911439	-3.70848708487085
			21.4575645756458	-3.70848708487085
			21.4760147601476	-3.70848708487085
			21.4944649446494	-3.72693726937269
			21.5129151291513	-3.72693726937269
			21.5313653136531	-3.72693726937269
			21.549815498155	-3.72693726937269
			21.5682656826568	-3.74538745387454
			21.5867158671587	-3.74538745387454
			21.6051660516605	-3.74538745387454
			21.6236162361624	-3.74538745387454
			21.6420664206642	-3.74538745387454
			21.6605166051661	-3.76383763837638
			21.6789667896679	-3.76383763837638
			21.6974169741697	-3.76383763837638
			21.7158671586716	-3.76383763837638
			21.7343173431734	-3.78228782287823
			21.7527675276753	-3.78228782287823
			21.7712177121771	-3.78228782287823
			21.789667896679	-3.78228782287823
			21.8081180811808	-3.80073800738007
			21.8265682656827	-3.80073800738007
			21.8450184501845	-3.80073800738007
			21.8634686346863	-3.80073800738007
			21.8819188191882	-3.80073800738007
			21.90036900369	-3.81918819188192
			21.9188191881919	-3.81918819188192
			21.9372693726937	-3.81918819188192
			21.9557195571956	-3.81918819188192
			21.9557195571956	-3.83763837638376
			21.9741697416974	-3.83763837638376
			21.9926199261993	-3.83763837638376
			22.0110701107011	-3.83763837638376
			22.029520295203	-3.85608856088561
			22.0479704797048	-3.85608856088561
			22.0664206642066	-3.85608856088561
			22.0848708487085	-3.85608856088561
			22.1033210332103	-3.85608856088561
			22.1033210332103	-3.87453874538745
			22.1217712177122	-3.87453874538745
			22.140221402214	-3.87453874538745
			22.1586715867159	-3.87453874538745
			22.1771217712177	-3.8929889298893
			22.1955719557196	-3.8929889298893
			22.2140221402214	-3.8929889298893
			22.2324723247232	-3.8929889298893
			22.2509225092251	-3.91143911439114
			22.2693726937269	-3.91143911439114
			22.2878228782288	-3.91143911439114
			22.3062730627306	-3.92988929889299
			22.3247232472325	-3.92988929889299
			22.3431734317343	-3.92988929889299
			22.3616236162362	-3.92988929889299
			22.380073800738	-3.94833948339483
			22.3985239852399	-3.94833948339483
			22.4169741697417	-3.94833948339483
			22.4354243542435	-3.94833948339483
			22.4354243542435	-3.96678966789668
			22.4538745387454	-3.96678966789668
			22.4723247232472	-3.96678966789668
			22.4907749077491	-3.96678966789668
			22.4907749077491	-3.98523985239852
			22.5092250922509	-3.98523985239852
			22.5276752767528	-3.98523985239852
			22.5461254612546	-3.98523985239852
			22.5645756457565	-4.00369003690037
			22.5830258302583	-4.00369003690037
			22.6014760147601	-4.00369003690037
			22.619926199262	-4.02214022140221
			22.6383763837638	-4.02214022140221
			22.6568265682657	-4.02214022140221
			22.6752767527675	-4.02214022140221
			22.6937269372694	-4.04059040590406
			22.7121771217712	-4.04059040590406
			22.7306273062731	-4.0590405904059
			22.7490774907749	-4.0590405904059
			22.7675276752768	-4.0590405904059
			22.7859778597786	-4.0590405904059
			22.8044280442804	-4.07749077490775
			22.8228782287823	-4.07749077490775
			22.8413284132841	-4.07749077490775
			22.859778597786	-4.09594095940959
			22.8782287822878	-4.09594095940959
			22.8966789667897	-4.09594095940959
			22.9151291512915	-4.11439114391144
			22.9335793357934	-4.11439114391144
			22.9520295202952	-4.11439114391144
			22.970479704797	-4.13284132841328
			22.9889298892989	-4.13284132841328
			23.0073800738007	-4.13284132841328
			23.0258302583026	-4.15129151291513
			23.0442804428044	-4.15129151291513
			23.0627306273063	-4.15129151291513
			23.0811808118081	-4.16974169741697
			23.09963099631	-4.16974169741697
			23.1180811808118	-4.16974169741697
			23.1365313653137	-4.18819188191882
			23.1549815498155	-4.18819188191882
			23.1734317343173	-4.18819188191882
			23.1918819188192	-4.20664206642066
			23.210332103321	-4.20664206642066
			23.2287822878229	-4.20664206642066
			23.2472324723247	-4.22509225092251
			23.2656826568266	-4.22509225092251
			23.2841328413284	-4.22509225092251
			23.3025830258303	-4.24354243542435
			23.3210332103321	-4.24354243542435
			23.3394833948339	-4.2619926199262
			23.3579335793358	-4.2619926199262
			23.3763837638376	-4.2619926199262
			23.3948339483395	-4.28044280442804
			23.4132841328413	-4.28044280442804
			23.4317343173432	-4.29889298892989
			23.450184501845	-4.29889298892989
			23.4686346863469	-4.29889298892989
			23.4870848708487	-4.29889298892989
			23.5055350553506	-4.31734317343173
			23.5239852398524	-4.31734317343173
			23.5424354243542	-4.33579335793358
			23.5608856088561	-4.33579335793358
			23.5793357933579	-4.35424354243542
			23.5977859778598	-4.35424354243542
			23.6162361623616	-4.35424354243542
			23.6346863468635	-4.37269372693727
			23.6531365313653	-4.37269372693727
			23.6715867158672	-4.37269372693727
			23.690036900369	-4.39114391143911
			23.7084870848708	-4.39114391143911
			23.7269372693727	-4.40959409594096
			23.7453874538745	-4.40959409594096
			23.7638376383764	-4.40959409594096
			23.7822878228782	-4.4280442804428
			23.8007380073801	-4.4280442804428
			23.8191881918819	-4.44649446494465
			23.8376383763838	-4.44649446494465
			23.8560885608856	-4.44649446494465
			23.8745387453875	-4.46494464944649
			23.8929889298893	-4.46494464944649
			23.9114391143911	-4.46494464944649
			23.9114391143911	-4.48339483394834
			23.929889298893	-4.48339483394834
			23.9483394833948	-4.48339483394834
			23.9667896678967	-4.50184501845018
			23.9852398523985	-4.50184501845018
			24.0036900369004	-4.52029520295203
			24.0221402214022	-4.52029520295203
			24.0405904059041	-4.52029520295203
			24.0590405904059	-4.53874538745387
			24.0774907749077	-4.53874538745387
			24.0959409594096	-4.55719557195572
			24.1143911439114	-4.55719557195572
			24.1328413284133	-4.55719557195572
			24.1512915129151	-4.57564575645756
			24.169741697417	-4.57564575645756
			24.1881918819188	-4.57564575645756
			24.1881918819188	-4.59409594095941
			24.2066420664207	-4.59409594095941
			24.2250922509225	-4.61254612546125
			24.2435424354244	-4.61254612546125
			24.2619926199262	-4.61254612546125
			24.280442804428	-4.6309963099631
			24.2988929889299	-4.6309963099631
			24.3173431734317	-4.6309963099631
			24.3173431734317	-4.64944649446494
			24.3357933579336	-4.64944649446494
			24.3542435424354	-4.66789667896679
			24.3726937269373	-4.66789667896679
			24.3911439114391	-4.66789667896679
			24.409594095941	-4.68634686346863
			24.4280442804428	-4.68634686346863
			24.4464944649446	-4.68634686346863
			24.4649446494465	-4.70479704797048
			24.4833948339483	-4.72324723247232
			24.5018450184502	-4.72324723247232
			24.520295202952	-4.74169741697417
			24.5387453874539	-4.74169741697417
			24.5571955719557	-4.74169741697417
			24.5756457564576	-4.76014760147601
			24.5940959409594	-4.76014760147601
			24.6125461254613	-4.77859778597786
			24.6309963099631	-4.77859778597786
			24.6494464944649	-4.77859778597786
			24.6494464944649	-4.7970479704797
			24.6678966789668	-4.7970479704797
			24.6863468634686	-4.7970479704797
			24.7047970479705	-4.81549815498155
			24.7232472324723	-4.81549815498155
			24.7416974169742	-4.83394833948339
			24.760147601476	-4.83394833948339
			24.7785977859779	-4.85239852398524
			24.7970479704797	-4.85239852398524
			24.8154981549816	-4.87084870848708
			24.8339483394834	-4.87084870848708
			24.8523985239852	-4.87084870848708
			24.8708487084871	-4.88929889298893
			24.8892988929889	-4.88929889298893
			24.8892988929889	-4.90774907749077
			24.9077490774908	-4.90774907749077
			24.9261992619926	-4.92619926199262
			24.9446494464945	-4.92619926199262
			24.9630996309963	-4.94464944649446
			24.9815498154982	-4.94464944649446
			25	-4.94464944649446
			25.0184501845018	-4.96309963099631
			25.0369003690037	-4.96309963099631
			25.0553505535055	-4.98154981549815
			25.0738007380074	-4.98154981549815
			25.0922509225092	-5
			25.1107011070111	-5
			25.1107011070111	-5.01845018450184
			25.1291512915129	-5.01845018450184
			25.1476014760148	-5.01845018450184
			25.1660516605166	-5.03690036900369
			25.1845018450184	-5.03690036900369
			25.2029520295203	-5.05535055350554
			25.2214022140221	-5.05535055350554
			25.239852398524	-5.07380073800738
			25.2583025830258	-5.07380073800738
			25.2767527675277	-5.09225092250923
			25.2952029520295	-5.09225092250923
			25.3136531365314	-5.11070110701107
			25.3321033210332	-5.11070110701107
			25.3505535055351	-5.12915129151292
			25.3690036900369	-5.12915129151292
			25.3874538745387	-5.14760147601476
			25.4059040590406	-5.14760147601476
			25.4243542435424	-5.16605166051661
			25.4428044280443	-5.18450184501845
			25.4612546125461	-5.18450184501845
			25.479704797048	-5.18450184501845
			25.4981549815498	-5.2029520295203
			25.5166051660517	-5.2029520295203
			25.5166051660517	-5.22140221402214
			25.5350553505535	-5.22140221402214
			25.5535055350554	-5.22140221402214
			25.5719557195572	-5.23985239852399
			25.590405904059	-5.23985239852399
			25.6088560885609	-5.25830258302583
			25.6273062730627	-5.27675276752768
			25.6457564575646	-5.27675276752768
			25.6642066420664	-5.29520295202952
			25.6826568265683	-5.29520295202952
			25.7011070110701	-5.31365313653137
			25.719557195572	-5.31365313653137
			25.7380073800738	-5.33210332103321
			25.7564575645756	-5.33210332103321
			25.7749077490775	-5.35055350553506
			25.7933579335793	-5.35055350553506
			25.8118081180812	-5.3690036900369
			25.830258302583	-5.3690036900369
			25.8487084870849	-5.38745387453875
			25.8671586715867	-5.38745387453875
			25.8856088560886	-5.40590405904059
			25.9040590405904	-5.40590405904059
			25.9225092250923	-5.42435424354244
			25.9409594095941	-5.42435424354244
			25.9594095940959	-5.44280442804428
			25.9778597785978	-5.44280442804428
			25.9963099630996	-5.46125461254613
			26.0147601476015	-5.46125461254613
			26.0332103321033	-5.47970479704797
			26.0516605166052	-5.47970479704797
			26.0516605166052	-5.49815498154982
			26.070110701107	-5.51660516605166
			26.0885608856089	-5.51660516605166
			26.1070110701107	-5.53505535055351
			26.1254612546125	-5.53505535055351
			26.1439114391144	-5.55350553505535
			26.1623616236162	-5.55350553505535
			26.1808118081181	-5.5719557195572
			26.1992619926199	-5.5719557195572
			26.2177121771218	-5.59040590405904
			26.2361623616236	-5.59040590405904
			26.2546125461255	-5.60885608856089
			26.2730627306273	-5.62730627306273
			26.2915129151292	-5.62730627306273
			26.309963099631	-5.64575645756458
			26.3284132841328	-5.64575645756458
			26.3468634686347	-5.66420664206642
			26.3653136531365	-5.66420664206642
			26.3837638376384	-5.68265682656827
			26.4022140221402	-5.68265682656827
			26.4206642066421	-5.70110701107011
			26.4391143911439	-5.71955719557196
			26.4575645756458	-5.71955719557196
			26.4760147601476	-5.7380073800738
			26.4944649446494	-5.7380073800738
			26.5129151291513	-5.75645756457565
			26.5313653136531	-5.75645756457565
			26.549815498155	-5.77490774907749
			26.5682656826568	-5.79335793357934
			26.5867158671587	-5.79335793357934
			26.6051660516605	-5.81180811808118
			26.6236162361624	-5.81180811808118
			26.6420664206642	-5.83025830258303
			26.6605166051661	-5.83025830258303
			26.6789667896679	-5.84870848708487
			26.6974169741697	-5.86715867158672
			26.7158671586716	-5.86715867158672
			26.7343173431734	-5.88560885608856
			26.7527675276753	-5.88560885608856
			26.7712177121771	-5.90405904059041
			26.789667896679	-5.92250922509225
			26.8081180811808	-5.92250922509225
			26.8265682656827	-5.9409594095941
			26.8450184501845	-5.9409594095941
			26.8634686346863	-5.95940959409594
			26.8819188191882	-5.95940959409594
			26.90036900369	-5.97785977859779
			26.9188191881919	-5.99630996309963
			26.9372693726937	-5.99630996309963
			26.9557195571956	-6.01476014760148
			26.9741697416974	-6.01476014760148
			26.9926199261993	-6.03321033210332
			27.0110701107011	-6.05166051660517
			27.029520295203	-6.05166051660517
			27.0479704797048	-6.07011070110701
			27.0664206642066	-6.07011070110701
			27.0848708487085	-6.08856088560886
			27.1033210332103	-6.1070110701107
			27.1217712177122	-6.1070110701107
			27.140221402214	-6.12546125461255
			27.1586715867159	-6.14391143911439
			27.1771217712177	-6.14391143911439
			27.1955719557196	-6.16236162361624
			27.2140221402214	-6.16236162361624
			27.2324723247232	-6.18081180811808
			27.2324723247232	-6.19926199261993
			27.2509225092251	-6.19926199261993
			27.2693726937269	-6.21771217712177
			27.2878228782288	-6.21771217712177
			27.3062730627306	-6.23616236162362
			27.3247232472325	-6.25461254612546
			27.3431734317343	-6.25461254612546
			27.3616236162362	-6.27306273062731
			27.380073800738	-6.29151291512915
			27.3985239852399	-6.29151291512915
			27.4169741697417	-6.309963099631
			27.4354243542435	-6.32841328413284
			27.4538745387454	-6.32841328413284
			27.4723247232472	-6.34686346863469
			27.4907749077491	-6.34686346863469
			27.5092250922509	-6.36531365313653
			27.5276752767528	-6.38376383763838
			27.5461254612546	-6.38376383763838
			27.5645756457565	-6.40221402214022
			27.5830258302583	-6.42066420664207
			27.6014760147601	-6.42066420664207
			27.619926199262	-6.43911439114391
			27.6383763837638	-6.45756457564576
			27.6568265682657	-6.45756457564576
			27.6752767527675	-6.4760147601476
			27.6937269372694	-6.49446494464945
			27.7121771217712	-6.49446494464945
			27.7306273062731	-6.51291512915129
			27.7490774907749	-6.51291512915129
			27.7675276752768	-6.53136531365314
			27.7859778597786	-6.54981549815498
			27.8044280442804	-6.54981549815498
			27.8228782287823	-6.56826568265683
			27.8413284132841	-6.58671586715867
			27.859778597786	-6.58671586715867
			27.8782287822878	-6.60516605166052
			27.8966789667897	-6.62361623616236
			27.9151291512915	-6.62361623616236
			27.9335793357934	-6.64206642066421
			27.9520295202952	-6.66051660516605
			27.970479704797	-6.66051660516605
			27.9889298892989	-6.6789667896679
			28.0073800738007	-6.69741697416974
			28.0258302583026	-6.69741697416974
			28.0442804428044	-6.71586715867159
			28.0627306273063	-6.73431734317343
			28.0811808118081	-6.75276752767528
			28.09963099631	-6.75276752767528
			28.1180811808118	-6.77121771217712
			28.1365313653137	-6.78966789667897
			28.1549815498155	-6.78966789667897
			28.1734317343173	-6.80811808118081
			28.1918819188192	-6.82656826568266
			28.210332103321	-6.82656826568266
			28.2287822878229	-6.82656826568266
			28.2287822878229	-6.8450184501845
			28.2472324723247	-6.8450184501845
			28.2656826568266	-6.86346863468635
			28.2841328413284	-6.88191881918819
			28.3025830258303	-6.88191881918819
			28.3210332103321	-6.90036900369004
			28.3394833948339	-6.91881918819188
			28.3579335793358	-6.93726937269373
			28.3763837638376	-6.93726937269373
			28.3948339483395	-6.95571955719557
			28.4132841328413	-6.97416974169742
			28.4317343173432	-6.99261992619926
			28.450184501845	-6.99261992619926
			28.4686346863469	-7.01107011070111
			28.4870848708487	-7.01107011070111
			28.5055350553506	-7.02952029520295
			28.5239852398524	-7.0479704797048
			28.5424354243542	-7.0479704797048
			28.5608856088561	-7.06642066420664
			28.5793357933579	-7.08487084870849
			28.5977859778598	-7.10332103321033
			28.6162361623616	-7.12177121771218
			28.6346863468635	-7.12177121771218
			28.6531365313653	-7.14022140221402
			28.6715867158672	-7.14022140221402
			28.6715867158672	-7.15867158671587
			28.690036900369	-7.15867158671587
			28.7084870848708	-7.17712177121771
			28.7269372693727	-7.17712177121771
			28.7453874538745	-7.19557195571956
			28.7638376383764	-7.2140221402214
			28.7822878228782	-7.23247232472325
			28.8007380073801	-7.23247232472325
			28.8191881918819	-7.25092250922509
			28.8376383763838	-7.26937269372694
			28.8560885608856	-7.28782287822878
			28.8745387453875	-7.28782287822878
			28.8929889298893	-7.30627306273063
			28.9114391143911	-7.32472324723247
			28.929889298893	-7.32472324723247
			28.9483394833948	-7.34317343173432
			28.9667896678967	-7.36162361623616
			28.9852398523985	-7.38007380073801
			29.0036900369004	-7.39852398523985
			29.0221402214022	-7.39852398523985
			29.0405904059041	-7.4169741697417
			29.0590405904059	-7.43542435424354
			29.0774907749077	-7.45387453874539
			29.0959409594096	-7.45387453874539
			29.1143911439114	-7.47232472324723
			29.1328413284133	-7.47232472324723
			29.1512915129151	-7.49077490774908
			29.169741697417	-7.50922509225092
			29.1881918819188	-7.52767527675277
			29.2066420664207	-7.52767527675277
			29.2250922509225	-7.54612546125461
			29.2435424354244	-7.56457564575646
			29.2619926199262	-7.5830258302583
			29.280442804428	-7.5830258302583
			29.2988929889299	-7.60147601476015
			29.3173431734317	-7.61992619926199
			29.3357933579336	-7.61992619926199
			29.3542435424354	-7.63837638376384
			29.3726937269373	-7.65682656826568
			29.3911439114391	-7.67527675276753
			29.409594095941	-7.69372693726937
			29.4280442804428	-7.69372693726937
			29.4464944649446	-7.71217712177122
			29.4464944649446	-7.73062730627306
			29.4649446494465	-7.73062730627306
			29.4833948339483	-7.74907749077491
			29.5018450184502	-7.74907749077491
			29.5018450184502	-7.76752767527675
			29.520295202952	-7.76752767527675
			29.5387453874539	-7.7859778597786
			29.5571955719557	-7.80442804428044
			29.5756457564576	-7.82287822878229
			29.5940959409594	-7.82287822878229
			29.6125461254613	-7.84132841328413
			29.6309963099631	-7.85977859778598
			29.6494464944649	-7.85977859778598
			29.6494464944649	-7.87822878228782
			29.6678966789668	-7.89667896678967
			29.6863468634686	-7.89667896678967
			29.7047970479705	-7.91512915129151
			29.7232472324723	-7.91512915129151
			29.7416974169742	-7.93357933579336
			29.7416974169742	-7.9520295202952
			29.760147601476	-7.9520295202952
			29.7785977859779	-7.97047970479705
			29.7970479704797	-7.98892988929889
			29.8154981549816	-7.98892988929889
			29.8339483394834	-8.00738007380074
			29.8339483394834	-8.02583025830258
			29.8523985239852	-8.02583025830258
			29.8708487084871	-8.04428044280443
			29.8892988929889	-8.04428044280443
			29.9077490774908	-8.06273062730627
			29.9077490774908	-8.08118081180812
			29.9261992619926	-8.08118081180812
			29.9446494464945	-8.09963099630996
			29.9630996309963	-8.11808118081181
			29.9815498154982	-8.11808118081181
			30	-8.13653136531365
			30	-8.1549815498155
			30.0184501845018	-8.1549815498155
			30.0369003690037	-8.17343173431734
			30.0553505535055	-8.19188191881919
			30.0738007380074	-8.19188191881919
			30.0922509225092	-8.21033210332103
			30.0922509225092	-8.22878228782288
			30.1107011070111	-8.22878228782288
			30.1291512915129	-8.24723247232472
			30.1476014760148	-8.26568265682657
			30.1660516605166	-8.26568265682657
			30.1845018450184	-8.28413284132841
			30.1845018450184	-8.30258302583026
			30.2029520295203	-8.30258302583026
			30.2214022140221	-8.3210332103321
			30.239852398524	-8.3210332103321
			30.2583025830258	-8.33948339483395
			30.2767527675277	-8.35793357933579
			30.2952029520295	-8.37638376383764
			30.3136531365314	-8.39483394833948
			30.3321033210332	-8.41328413284133
			30.3505535055351	-8.43173431734317
			30.3690036900369	-8.43173431734317
			30.3874538745387	-8.45018450184502
			30.4059040590406	-8.46863468634686
			30.4243542435424	-8.48708487084871
			30.4428044280443	-8.50553505535055
			30.4428044280443	-8.5239852398524
			30.4612546125461	-8.5239852398524
			30.479704797048	-8.54243542435424
			30.479704797048	-8.56088560885609
			30.4981549815498	-8.56088560885609
			30.4981549815498	-8.57933579335793
			30.5166051660517	-8.59778597785978
			30.5350553505535	-8.59778597785978
			30.5350553505535	-8.61623616236162
			30.5535055350554	-8.63468634686347
			30.5719557195572	-8.63468634686347
			30.5719557195572	-8.65313653136531
			30.590405904059	-8.67158671586716
			30.6088560885609	-8.690036900369
			30.6273062730627	-8.70848708487085
			30.6457564575646	-8.72693726937269
			30.6642066420664	-8.74538745387454
			30.6642066420664	-8.76383763837638
			30.6826568265683	-8.76383763837638
			30.7011070110701	-8.78228782287823
			30.7011070110701	-8.80073800738007
			30.719557195572	-8.81918819188192
			30.7380073800738	-8.81918819188192
			30.7564575645756	-8.83763837638376
			30.7564575645756	-8.85608856088561
			30.7749077490775	-8.87453874538745
			30.7933579335793	-8.8929889298893
			30.8118081180812	-8.91143911439114
			30.830258302583	-8.92988929889299
			30.8487084870849	-8.94833948339483
			30.8671586715867	-8.96678966789668
			30.8671586715867	-8.98523985239852
			30.8856088560886	-9.00369003690037
			30.9040590405904	-9.02214022140221
			30.9225092250923	-9.04059040590406
			30.9409594095941	-9.0590405904059
			30.9594095940959	-9.07749077490775
			30.9594095940959	-9.09594095940959
			30.9778597785978	-9.09594095940959
			30.9963099630996	-9.11439114391144
			31.0147601476015	-9.13284132841328
			31.0332103321033	-9.15129151291513
			31.0516605166052	-9.16974169741697
			31.0516605166052	-9.18819188191882
			31.070110701107	-9.20664206642066
			31.0885608856089	-9.22509225092251
			31.1070110701107	-9.24354243542435
			31.1254612546125	-9.2619926199262
			31.1439114391144	-9.28044280442804
			31.1439114391144	-9.29889298892989
			31.1623616236162	-9.31734317343173
			31.1808118081181	-9.31734317343173
			31.1992619926199	-9.33579335793358
			31.2177121771218	-9.35424354243542
			31.2177121771218	-9.37269372693727
			31.2361623616236	-9.39114391143911
			31.2546125461255	-9.40959409594096
			31.2730627306273	-9.4280442804428
			31.2915129151292	-9.44649446494465
			31.2915129151292	-9.46494464944649
			31.309963099631	-9.48339483394834
			31.3284132841328	-9.50184501845018
			31.3468634686347	-9.52029520295203
			31.3653136531365	-9.53874538745387
			31.3837638376384	-9.55719557195572
			31.4022140221402	-9.57564575645756
			31.4206642066421	-9.59409594095941
			31.4206642066421	-9.61254612546125
			31.4391143911439	-9.61254612546125
			31.4391143911439	-9.6309963099631
			31.4575645756458	-9.64944649446494
			31.4760147601476	-9.64944649446494
			31.4760147601476	-9.66789667896679
			31.4944649446494	-9.68634686346863
			31.5129151291513	-9.70479704797048
			31.5313653136531	-9.72324723247232
			31.549815498155	-9.74169741697417
			31.549815498155	-9.76014760147602
			31.5682656826568	-9.77859778597786
			31.5867158671587	-9.77859778597786
			31.5867158671587	-9.7970479704797
			31.6051660516605	-9.81549815498155
			31.6236162361624	-9.8339483394834
			31.6236162361624	-9.85239852398524
			31.6420664206642	-9.85239852398524
			31.6605166051661	-9.87084870848708
			31.6605166051661	-9.88929889298893
			31.6789667896679	-9.90774907749078
			31.6974169741697	-9.92619926199262
			31.7158671586716	-9.94464944649446
			31.7343173431734	-9.96309963099631
			31.7527675276753	-9.98154981549816
			31.7527675276753	-10
			31.7712177121771	-10.0184501845018
			31.789667896679	-10.0369003690037
			31.8081180811808	-10.0553505535055
			31.8265682656827	-10.0738007380074
			31.8265682656827	-10.0922509225092
			31.8450184501845	-10.0922509225092
			31.8634686346863	-10.1107011070111
			31.8819188191882	-10.1291512915129
			31.90036900369	-10.1476014760148
			31.90036900369	-10.1660516605166
			31.9188191881919	-10.1845018450185
			31.9372693726937	-10.2029520295203
			31.9557195571956	-10.2214022140221
			31.9557195571956	-10.239852398524
			31.9741697416974	-10.2583025830258
			31.9926199261993	-10.2767527675277
			32.0110701107011	-10.2952029520295
			32.0295202952029	-10.3136531365314
			32.0295202952029	-10.3321033210332
			32.0479704797048	-10.3321033210332
			32.0664206642066	-10.3505535055351
			32.0848708487085	-10.3690036900369
			32.0848708487085	-10.3874538745387
			32.1033210332103	-10.4059040590406
			32.1217712177122	-10.4243542435424
			32.140221402214	-10.4428044280443
			32.140221402214	-10.4612546125461
			32.1586715867159	-10.479704797048
			32.1771217712177	-10.4981549815498
			32.1955719557196	-10.5166051660517
			32.1955719557196	-10.5350553505535
			32.2140221402214	-10.5535055350554
			32.2324723247232	-10.5535055350554
			32.2509225092251	-10.5719557195572
			32.2509225092251	-10.590405904059
			32.2693726937269	-10.6088560885609
			32.2878228782288	-10.6273062730627
			32.3062730627306	-10.6457564575646
			32.3062730627306	-10.6642066420664
			32.3247232472325	-10.6826568265683
			32.3431734317343	-10.7011070110701
			32.3616236162362	-10.719557195572
			32.3616236162362	-10.7380073800738
			32.380073800738	-10.7380073800738
			32.3985239852399	-10.7564575645756
			32.3985239852399	-10.7749077490775
			32.4169741697417	-10.7933579335793
			32.4354243542435	-10.8118081180812
			32.4538745387454	-10.830258302583
			32.4538745387454	-10.8487084870849
			32.4723247232472	-10.8671586715867
			32.4907749077491	-10.8856088560886
			32.5092250922509	-10.9040590405904
			32.5092250922509	-10.9225092250923
			32.5276752767528	-10.9225092250923
			32.5461254612546	-10.9409594095941
			32.5461254612546	-10.9594095940959
			32.5645756457565	-10.9778597785978
			32.5830258302583	-10.9963099630996
			32.6014760147601	-11.0147601476015
			32.6014760147601	-11.0332103321033
			32.619926199262	-11.0516605166052
			32.6383763837638	-11.070110701107
			32.6383763837638	-11.0885608856089
			32.6568265682657	-11.0885608856089
			32.6752767527675	-11.1070110701107
			32.6752767527675	-11.1254612546125
			32.6937269372694	-11.1439114391144
			32.7121771217712	-11.1623616236162
			32.7306273062731	-11.1808118081181
			32.7306273062731	-11.1992619926199
			32.7490774907749	-11.2177121771218
			32.7675276752768	-11.2361623616236
			32.7675276752768	-11.2546125461255
			32.7859778597786	-11.2546125461255
			32.8044280442804	-11.2730627306273
			32.8044280442804	-11.2915129151292
			32.8228782287823	-11.309963099631
			32.8413284132841	-11.3284132841328
			32.8413284132841	-11.3468634686347
			32.859778597786	-11.3653136531365
			32.8782287822878	-11.3837638376384
			32.8966789667897	-11.4022140221402
			32.9151291512915	-11.4206642066421
			32.9335793357934	-11.4391143911439
			32.9335793357934	-11.4575645756458
			32.9520295202952	-11.4760147601476
			32.9704797047971	-11.4944649446494
			32.9889298892989	-11.5129151291513
			32.9889298892989	-11.5313653136531
			33.0073800738007	-11.549815498155
			33.0073800738007	-11.5682656826568
			33.0258302583026	-11.5682656826568
			33.0258302583026	-11.5867158671587
			33.0442804428044	-11.6051660516605
			33.0627306273063	-11.6236162361624
			33.0811808118081	-11.6420664206642
			33.0811808118081	-11.6605166051661
			33.09963099631	-11.6789667896679
			33.1180811808118	-11.6974169741697
			33.1180811808118	-11.7158671586716
			33.1365313653137	-11.7343173431734
			33.1549815498155	-11.7527675276753
			33.1549815498155	-11.7712177121771
			33.1734317343173	-11.7712177121771
			33.1918819188192	-11.789667896679
			33.1918819188192	-11.8081180811808
			33.210332103321	-11.8265682656827
			33.2287822878229	-11.8450184501845
			33.2287822878229	-11.8634686346863
			33.2472324723247	-11.8819188191882
			33.2656826568266	-11.90036900369
			33.2656826568266	-11.9188191881919
			33.2841328413284	-11.9372693726937
			33.3025830258303	-11.9372693726937
			33.3025830258303	-11.9557195571956
			33.3210332103321	-11.9741697416974
			33.3394833948339	-11.9926199261993
			33.3394833948339	-12.0110701107011
			33.3579335793358	-12.029520295203
			33.3763837638376	-12.0479704797048
			33.3763837638376	-12.0664206642066
			33.3948339483395	-12.0848708487085
			33.4132841328413	-12.1033210332103
			33.4317343173432	-12.1217712177122
			33.450184501845	-12.140221402214
			33.450184501845	-12.1586715867159
			33.4686346863469	-12.1771217712177
			33.4686346863469	-12.1955719557196
			33.4870848708487	-12.2140221402214
			33.5055350553506	-12.2324723247232
			33.5055350553506	-12.2509225092251
			33.5239852398524	-12.2693726937269
			33.5424354243542	-12.2693726937269
			33.5424354243542	-12.2878228782288
			33.5608856088561	-12.3062730627306
			33.5608856088561	-12.3247232472325
			33.5793357933579	-12.3247232472325
			33.5793357933579	-12.3431734317343
			33.5977859778598	-12.3616236162362
			33.5977859778598	-12.380073800738
			33.6162361623616	-12.3985239852399
			33.6346863468635	-12.4169741697417
			33.6531365313653	-12.4354243542435
			33.6531365313653	-12.4538745387454
			33.6715867158672	-12.4723247232472
			33.6715867158672	-12.4907749077491
			33.690036900369	-12.5092250922509
			33.7084870848708	-12.5276752767528
			33.7269372693727	-12.5461254612546
			33.7453874538745	-12.5645756457565
			33.7453874538745	-12.5830258302583
			33.7638376383764	-12.6014760147601
			33.7638376383764	-12.619926199262
			33.7822878228782	-12.6383763837638
			33.8007380073801	-12.6568265682657
			33.8007380073801	-12.6752767527675
			33.8191881918819	-12.6937269372694
			33.8191881918819	-12.7121771217712
			33.8376383763838	-12.7121771217712
			33.8560885608856	-12.7306273062731
			33.8560885608856	-12.7490774907749
			33.8745387453875	-12.7675276752768
			33.8929889298893	-12.7859778597786
			33.8929889298893	-12.8044280442804
			33.9114391143911	-12.8228782287823
			33.9114391143911	-12.8413284132841
			33.929889298893	-12.859778597786
			33.9483394833948	-12.8782287822878
			33.9483394833948	-12.8966789667897
			33.9667896678967	-12.9151291512915
			33.9852398523985	-12.9335793357934
			33.9852398523985	-12.9520295202952
			34.0036900369004	-12.970479704797
			34.0036900369004	-12.9889298892989
			34.0221402214022	-12.9889298892989
			34.0405904059041	-13.0073800738007
			34.0405904059041	-13.0258302583026
			34.0590405904059	-13.0442804428044
			34.0590405904059	-13.0627306273063
			34.0774907749078	-13.0811808118081
			34.0959409594096	-13.09963099631
			34.0959409594096	-13.1180811808118
			34.1143911439114	-13.1365313653137
			34.1143911439114	-13.1549815498155
			34.1328413284133	-13.1734317343173
			34.1328413284133	-13.1918819188192
			34.1512915129151	-13.210332103321
			34.169741697417	-13.210332103321
			34.169741697417	-13.2287822878229
			34.1881918819188	-13.2472324723247
			34.1881918819188	-13.2656826568266
			34.2066420664207	-13.2841328413284
			34.2250922509225	-13.3025830258303
			34.2250922509225	-13.3210332103321
			34.2435424354244	-13.3394833948339
			34.2435424354244	-13.3579335793358
			34.2619926199262	-13.3763837638376
			34.2619926199262	-13.3948339483395
			34.280442804428	-13.4132841328413
			34.2988929889299	-13.4317343173432
			34.3173431734317	-13.450184501845
			34.3173431734317	-13.4686346863469
			34.3357933579336	-13.4870848708487
			34.3357933579336	-13.5055350553506
			34.3542435424354	-13.5239852398524
			34.3726937269373	-13.5424354243542
			34.3726937269373	-13.5608856088561
			34.3911439114391	-13.5793357933579
			34.3911439114391	-13.5977859778598
			34.409594095941	-13.6162361623616
			34.4280442804428	-13.6346863468635
			34.4280442804428	-13.6531365313653
			34.4464944649446	-13.6715867158672
			34.4464944649446	-13.690036900369
			34.4649446494465	-13.7084870848708
			34.4649446494465	-13.7269372693727
			34.4833948339483	-13.7453874538745
			34.4833948339483	-13.7638376383764
			34.5018450184502	-13.7822878228782
			34.520295202952	-13.8007380073801
			34.5387453874539	-13.8191881918819
			34.5387453874539	-13.8376383763838
			34.5387453874539	-13.8560885608856
			34.5571955719557	-13.8560885608856
			34.5571955719557	-13.8745387453875
			34.5756457564576	-13.8929889298893
			34.5756457564576	-13.9114391143911
			34.5940959409594	-13.929889298893
			34.5940959409594	-13.9483394833948
			34.6125461254613	-13.9667896678967
			34.6125461254613	-13.9852398523985
			34.6309963099631	-14.0036900369004
			34.6494464944649	-14.0221402214022
			34.6494464944649	-14.0405904059041
			34.6678966789668	-14.0590405904059
			34.6678966789668	-14.0774907749077
			34.6863468634686	-14.0959409594096
			34.6863468634686	-14.1143911439114
			34.7047970479705	-14.1328413284133
			34.7047970479705	-14.1512915129151
			34.7232472324723	-14.169741697417
			34.7232472324723	-14.1881918819188
			34.7416974169742	-14.2066420664207
			34.7416974169742	-14.2250922509225
			34.760147601476	-14.2435424354244
			34.7785977859779	-14.2435424354244
			34.7785977859779	-14.2619926199262
			34.7970479704797	-14.280442804428
			34.7970479704797	-14.2988929889299
			34.8154981549815	-14.3173431734317
			34.8154981549815	-14.3357933579336
			34.8339483394834	-14.3542435424354
			34.8339483394834	-14.3726937269373
			34.8523985239852	-14.3911439114391
			34.8523985239852	-14.409594095941
			34.8708487084871	-14.4280442804428
			34.8708487084871	-14.4464944649446
			34.8708487084871	-14.4649446494465
			34.8892988929889	-14.4833948339483
			34.8892988929889	-14.5018450184502
			34.9077490774908	-14.520295202952
			34.9261992619926	-14.5387453874539
			34.9261992619926	-14.5571955719557
			34.9446494464945	-14.5756457564576
			34.9446494464945	-14.5940959409594
			34.9630996309963	-14.6125461254613
			34.9630996309963	-14.6309963099631
			34.9815498154982	-14.6494464944649
			34.9815498154982	-14.6678966789668
			35	-14.6863468634686
			35	-14.7047970479705
			35.0184501845018	-14.7232472324723
			35.0184501845018	-14.7416974169742
			35.0369003690037	-14.760147601476
			35.0369003690037	-14.7785977859779
			35.0553505535055	-14.7970479704797
			35.0553505535055	-14.8154981549815
			35.0738007380074	-14.8339483394834
			35.0738007380074	-14.8523985239852
			35.0922509225092	-14.8708487084871
			35.0922509225092	-14.8892988929889
			35.0922509225092	-14.9077490774908
			35.1107011070111	-14.9261992619926
			35.1107011070111	-14.9446494464945
			35.1291512915129	-14.9446494464945
			35.1291512915129	-14.9630996309963
			35.1476014760148	-14.9815498154982
			35.1476014760148	-15
			35.1660516605166	-15.0184501845018
			35.1660516605166	-15.0369003690037
			35.1660516605166	-15.0553505535055
			35.1845018450185	-15.0738007380074
			35.1845018450185	-15.0922509225092
			35.2029520295203	-15.1107011070111
			35.2029520295203	-15.1291512915129
			35.2214022140221	-15.1476014760148
			35.2214022140221	-15.1660516605166
			35.2214022140221	-15.1845018450185
			35.239852398524	-15.2029520295203
			35.239852398524	-15.2214022140221
			35.2583025830258	-15.2214022140221
			35.2583025830258	-15.239852398524
			35.2583025830258	-15.2583025830258
			35.2767527675277	-15.2767527675277
			35.2767527675277	-15.2952029520295
			35.2952029520295	-15.3136531365314
			35.2952029520295	-15.3321033210332
			35.2952029520295	-15.3505535055351
			35.3136531365314	-15.3690036900369
			35.3136531365314	-15.3874538745387
			35.3321033210332	-15.4059040590406
			35.3321033210332	-15.4243542435424
			35.3321033210332	-15.4428044280443
			35.3505535055351	-15.4428044280443
			35.3505535055351	-15.4612546125461
			35.3690036900369	-15.479704797048
			35.3690036900369	-15.4981549815498
			35.3690036900369	-15.5166051660517
			35.3874538745387	-15.5350553505535
			35.3874538745387	-15.5535055350554
			35.3874538745387	-15.5719557195572
			35.4059040590406	-15.590405904059
			35.4059040590406	-15.6088560885609
			35.4243542435424	-15.6273062730627
			35.4243542435424	-15.6457564575646
			35.4428044280443	-15.6642066420664
			35.4428044280443	-15.6826568265683
			35.4428044280443	-15.7011070110701
			35.4612546125461	-15.719557195572
			35.4612546125461	-15.7380073800738
			35.479704797048	-15.7564575645756
			35.479704797048	-15.7749077490775
			35.479704797048	-15.7933579335793
			35.479704797048	-15.8118081180812
			35.4981549815498	-15.8118081180812
			35.4981549815498	-15.830258302583
			35.4981549815498	-15.8487084870849
			35.5166051660517	-15.8671586715867
			35.5166051660517	-15.8856088560886
			35.5166051660517	-15.9040590405904
			35.5350553505535	-15.9225092250923
			35.5350553505535	-15.9409594095941
			35.5350553505535	-15.9594095940959
			35.5535055350554	-15.9778597785978
			35.5535055350554	-15.9963099630996
			35.5535055350554	-16.0147601476015
			35.5719557195572	-16.0332103321033
			35.5719557195572	-16.0516605166052
			35.590405904059	-16.070110701107
			35.590405904059	-16.0885608856089
			35.590405904059	-16.1070110701107
			35.6088560885609	-16.1254612546125
			35.6088560885609	-16.1439114391144
			35.6088560885609	-16.1623616236162
			35.6273062730627	-16.1808118081181
			35.6273062730627	-16.1992619926199
			35.6273062730627	-16.2177121771218
			35.6273062730627	-16.2361623616236
			35.6457564575646	-16.2361623616236
			35.6457564575646	-16.2546125461255
			35.6457564575646	-16.2730627306273
			35.6457564575646	-16.2915129151292
			35.6642066420664	-16.2915129151292
			35.6642066420664	-16.309963099631
			35.6642066420664	-16.3284132841328
			35.6642066420664	-16.3468634686347
			35.6826568265683	-16.3653136531365
			35.6826568265683	-16.3837638376384
			35.6826568265683	-16.4022140221402
			35.7011070110701	-16.4206642066421
			35.7011070110701	-16.4391143911439
			35.7011070110701	-16.4575645756458
			35.719557195572	-16.4760147601476
			35.719557195572	-16.4944649446494
			35.719557195572	-16.5129151291513
			35.719557195572	-16.5313653136531
			35.7380073800738	-16.549815498155
			35.7380073800738	-16.5682656826568
			35.7380073800738	-16.5867158671587
			35.7380073800738	-16.6051660516605
			35.7564575645756	-16.6051660516605
			35.7564575645756	-16.6236162361624
			35.7564575645756	-16.6420664206642
			35.7564575645756	-16.6605166051661
			35.7749077490775	-16.6789667896679
			35.7749077490775	-16.6974169741697
			35.7749077490775	-16.7158671586716
			35.7749077490775	-16.7343173431734
			35.7933579335793	-16.7527675276753
			35.7933579335793	-16.7712177121771
			35.7933579335793	-16.789667896679
			35.7933579335793	-16.8081180811808
			35.8118081180812	-16.8265682656827
			35.8118081180812	-16.8450184501845
			35.8118081180812	-16.8634686346863
			35.8118081180812	-16.8819188191882
			35.830258302583	-16.90036900369
			35.830258302583	-16.9188191881919
			35.830258302583	-16.9372693726937
			35.830258302583	-16.9557195571956
			35.8487084870849	-16.9741697416974
			35.8487084870849	-16.9926199261993
			35.8487084870849	-17.0110701107011
			35.8487084870849	-17.029520295203
			35.8487084870849	-17.0479704797048
			35.8671586715867	-17.0664206642066
			35.8671586715867	-17.0848708487085
			35.8671586715867	-17.1033210332103
			35.8671586715867	-17.1217712177122
			35.8671586715867	-17.140221402214
			35.8856088560886	-17.1586715867159
			35.8856088560886	-17.1771217712177
			35.8856088560886	-17.1955719557196
			35.8856088560886	-17.2140221402214
			35.8856088560886	-17.2324723247232
			35.8856088560886	-17.2509225092251
			35.9040590405904	-17.2693726937269
			35.9040590405904	-17.2878228782288
			35.9040590405904	-17.3062730627306
			35.9040590405904	-17.3247232472325
			35.9040590405904	-17.3431734317343
			35.9040590405904	-17.3616236162362
			35.9225092250922	-17.380073800738
			35.9225092250922	-17.3985239852399
			35.9225092250922	-17.4169741697417
			35.9225092250922	-17.4354243542435
			35.9225092250922	-17.4538745387454
			35.9225092250922	-17.4723247232472
			35.9409594095941	-17.4907749077491
			35.9409594095941	-17.5092250922509
			35.9409594095941	-17.5276752767528
			35.9409594095941	-17.5461254612546
			35.9409594095941	-17.5645756457565
			35.9409594095941	-17.5830258302583
			35.9409594095941	-17.6014760147601
			35.9409594095941	-17.619926199262
			35.9594095940959	-17.6383763837638
			35.9594095940959	-17.6568265682657
			35.9594095940959	-17.6752767527675
			35.9594095940959	-17.6937269372694
			35.9594095940959	-17.7121771217712
			35.9594095940959	-17.7306273062731
			35.9594095940959	-17.7490774907749
			35.9594095940959	-17.7675276752768
			35.9594095940959	-17.7859778597786
			35.9594095940959	-17.8044280442804
			35.9778597785978	-17.8228782287823
			35.9778597785978	-17.8413284132841
			35.9778597785978	-17.859778597786
			35.9778597785978	-17.8782287822878
			35.9778597785978	-17.8966789667897
			35.9778597785978	-17.9151291512915
			35.9778597785978	-17.9335793357934
			35.9778597785978	-17.9520295202952
			35.9778597785978	-17.970479704797
			35.9778597785978	-17.9889298892989
			35.9778597785978	-18.0073800738007
			35.9778597785978	-18.0258302583026
			35.9778597785978	-18.0442804428044
			35.9778597785978	-18.0627306273063
			35.9778597785978	-18.0811808118081
			35.9778597785978	-18.09963099631
			35.9778597785978	-18.1180811808118
			35.9778597785978	-18.1365313653137
			35.9963099630996	-18.1549815498155
			35.9963099630996	-18.1734317343173
			35.9963099630996	-18.1918819188192
			35.9963099630996	-18.210332103321
			35.9963099630996	-18.2287822878229
			35.9963099630996	-18.2472324723247
			35.9963099630996	-18.2656826568266
			35.9963099630996	-18.2841328413284
			35.9963099630996	-18.3025830258303
			35.9963099630996	-18.3210332103321
			35.9963099630996	-18.3394833948339
			35.9963099630996	-18.3579335793358
			35.9963099630996	-18.3763837638376
			35.9963099630996	-18.3948339483395
			35.9778597785978	-18.4132841328413
			35.9778597785978	-18.4317343173432
			35.9778597785978	-18.450184501845
			35.9778597785978	-18.4686346863469
			35.9778597785978	-18.4870848708487
			35.9778597785978	-18.5055350553506
			35.9778597785978	-18.5239852398524
			35.9778597785978	-18.5424354243542
			35.9778597785978	-18.5608856088561
			35.9778597785978	-18.5793357933579
			35.9778597785978	-18.5977859778598
		</anterior>
		<posterior type=matrix rownames=FALSE colnames=FALSE nrow=923 ncol=2 as.numeric=TRUE >
			19.7416974169742	-19.2250922509225
			19.760147601476	-19.2250922509225
			19.7785977859779	-19.2435424354244
			19.7970479704797	-19.2435424354244
			19.8154981549816	-19.2435424354244
			19.8339483394834	-19.2435424354244
			19.8523985239852	-19.2435424354244
			19.8523985239852	-19.2619926199262
			19.8708487084871	-19.2619926199262
			19.8892988929889	-19.2619926199262
			19.9077490774908	-19.2619926199262
			19.9261992619926	-19.280442804428
			19.9446494464945	-19.280442804428
			19.9630996309963	-19.280442804428
			19.9815498154982	-19.280442804428
			20	-19.2988929889299
			20.0184501845018	-19.2988929889299
			20.0369003690037	-19.2988929889299
			20.0553505535055	-19.2988929889299
			20.0738007380074	-19.2988929889299
			20.0922509225092	-19.3173431734317
			20.1107011070111	-19.3173431734317
			20.1291512915129	-19.3173431734317
			20.1476014760148	-19.3173431734317
			20.1660516605166	-19.3173431734317
			20.1845018450184	-19.3357933579336
			20.2029520295203	-19.3357933579336
			20.2214022140221	-19.3357933579336
			20.239852398524	-19.3357933579336
			20.2583025830258	-19.3357933579336
			20.2767527675277	-19.3542435424354
			20.2952029520295	-19.3542435424354
			20.3136531365314	-19.3542435424354
			20.3321033210332	-19.3542435424354
			20.3505535055351	-19.3542435424354
			20.3690036900369	-19.3542435424354
			20.3874538745387	-19.3726937269373
			20.4059040590406	-19.3726937269373
			20.4243542435424	-19.3726937269373
			20.4428044280443	-19.3726937269373
			20.4612546125461	-19.3726937269373
			20.479704797048	-19.3726937269373
			20.4981549815498	-19.3911439114391
			20.5166051660517	-19.3911439114391
			20.5350553505535	-19.3911439114391
			20.5535055350554	-19.3911439114391
			20.5719557195572	-19.3911439114391
			20.590405904059	-19.3911439114391
			20.6088560885609	-19.3911439114391
			20.6273062730627	-19.409594095941
			20.6457564575646	-19.409594095941
			20.6642066420664	-19.409594095941
			20.6826568265683	-19.409594095941
			20.7011070110701	-19.409594095941
			20.719557195572	-19.409594095941
			20.7380073800738	-19.409594095941
			20.7564575645756	-19.409594095941
			20.7749077490775	-19.4280442804428
			20.7933579335793	-19.4280442804428
			20.8118081180812	-19.4280442804428
			20.830258302583	-19.4280442804428
			20.8487084870849	-19.4280442804428
			20.8671586715867	-19.4280442804428
			20.8856088560886	-19.4280442804428
			20.9040590405904	-19.4280442804428
			20.9225092250923	-19.4280442804428
			20.9409594095941	-19.4280442804428
			20.9594095940959	-19.4464944649446
			20.9778597785978	-19.4464944649446
			20.9963099630996	-19.4464944649446
			21.0147601476015	-19.4464944649446
			21.0332103321033	-19.4464944649446
			21.0516605166052	-19.4464944649446
			21.070110701107	-19.4464944649446
			21.0885608856089	-19.4464944649446
			21.1070110701107	-19.4464944649446
			21.1254612546125	-19.4464944649446
			21.1439114391144	-19.4464944649446
			21.1623616236162	-19.4464944649446
			21.1808118081181	-19.4464944649446
			21.1992619926199	-19.4464944649446
			21.2177121771218	-19.4464944649446
			21.2361623616236	-19.4464944649446
			21.2546125461255	-19.4464944649446
			21.2730627306273	-19.4649446494465
			21.2915129151292	-19.4649446494465
			21.309963099631	-19.4649446494465
			21.3284132841328	-19.4649446494465
			21.3468634686347	-19.4649446494465
			21.3653136531365	-19.4649446494465
			21.3837638376384	-19.4649446494465
			21.4022140221402	-19.4649446494465
			21.4206642066421	-19.4649446494465
			21.4391143911439	-19.4649446494465
			21.4575645756458	-19.4649446494465
			21.4760147601476	-19.4649446494465
			21.4944649446494	-19.4649446494465
			21.5129151291513	-19.4649446494465
			21.5313653136531	-19.4649446494465
			21.549815498155	-19.4649446494465
			21.5682656826568	-19.4649446494465
			21.5867158671587	-19.4649446494465
			21.6051660516605	-19.4649446494465
			21.6236162361624	-19.4649446494465
			21.6420664206642	-19.4649446494465
			21.6605166051661	-19.4649446494465
			21.6789667896679	-19.4649446494465
			21.6974169741697	-19.4649446494465
			21.7158671586716	-19.4649446494465
			21.7343173431734	-19.4649446494465
			21.7527675276753	-19.4649446494465
			21.7712177121771	-19.4649446494465
			21.789667896679	-19.4649446494465
			21.8081180811808	-19.4649446494465
			21.8265682656827	-19.4649446494465
			21.8450184501845	-19.4649446494465
			21.8634686346863	-19.4649446494465
			21.8819188191882	-19.4649446494465
			21.90036900369	-19.4649446494465
			21.9188191881919	-19.4649446494465
			21.9372693726937	-19.4649446494465
			21.9557195571956	-19.4649446494465
			21.9741697416974	-19.4649446494465
			21.9926199261993	-19.4649446494465
			22.0110701107011	-19.4464944649446
			22.029520295203	-19.4464944649446
			22.0479704797048	-19.4464944649446
			22.0664206642066	-19.4464944649446
			22.0848708487085	-19.4464944649446
			22.1033210332103	-19.4464944649446
			22.1217712177122	-19.4464944649446
			22.140221402214	-19.4464944649446
			22.1586715867159	-19.4464944649446
			22.1771217712177	-19.4464944649446
			22.1955719557196	-19.4464944649446
			22.2140221402214	-19.4464944649446
			22.2324723247232	-19.4464944649446
			22.2509225092251	-19.4464944649446
			22.2693726937269	-19.4464944649446
			22.2878228782288	-19.4464944649446
			22.3062730627306	-19.4464944649446
			22.3247232472325	-19.4280442804428
			22.3431734317343	-19.4280442804428
			22.3616236162362	-19.4280442804428
			22.380073800738	-19.4280442804428
			22.3985239852399	-19.4280442804428
			22.4169741697417	-19.4280442804428
			22.4354243542435	-19.4280442804428
			22.4538745387454	-19.4280442804428
			22.4723247232472	-19.4280442804428
			22.4907749077491	-19.4280442804428
			22.5092250922509	-19.4280442804428
			22.5276752767528	-19.409594095941
			22.5461254612546	-19.409594095941
			22.5645756457565	-19.409594095941
			22.5830258302583	-19.409594095941
			22.6014760147601	-19.409594095941
			22.619926199262	-19.409594095941
			22.6383763837638	-19.409594095941
			22.6568265682657	-19.409594095941
			22.6752767527675	-19.409594095941
			22.6937269372694	-19.409594095941
			22.7121771217712	-19.409594095941
			22.7306273062731	-19.3911439114391
			22.7490774907749	-19.3911439114391
			22.7675276752768	-19.3911439114391
			22.7859778597786	-19.3911439114391
			22.8044280442804	-19.3911439114391
			22.8228782287823	-19.3911439114391
			22.8413284132841	-19.3911439114391
			22.859778597786	-19.3911439114391
			22.8782287822878	-19.3726937269373
			22.8966789667897	-19.3726937269373
			22.9151291512915	-19.3726937269373
			22.9335793357934	-19.3726937269373
			22.9520295202952	-19.3726937269373
			22.970479704797	-19.3726937269373
			22.9889298892989	-19.3726937269373
			23.0073800738007	-19.3726937269373
			23.0258302583026	-19.3542435424354
			23.0442804428044	-19.3542435424354
			23.0627306273063	-19.3542435424354
			23.0811808118081	-19.3542435424354
			23.09963099631	-19.3542435424354
			23.1180811808118	-19.3542435424354
			23.1365313653137	-19.3542435424354
			23.1549815498155	-19.3357933579336
			23.1734317343173	-19.3357933579336
			23.1918819188192	-19.3357933579336
			23.210332103321	-19.3357933579336
			23.2287822878229	-19.3357933579336
			23.2472324723247	-19.3357933579336
			23.2656826568266	-19.3357933579336
			23.2841328413284	-19.3173431734317
			23.3025830258303	-19.3173431734317
			23.3210332103321	-19.3173431734317
			23.3394833948339	-19.2988929889299
			23.3579335793358	-19.2988929889299
			23.3763837638376	-19.280442804428
			23.3948339483395	-19.2619926199262
			23.4132841328413	-19.2619926199262
			23.4317343173432	-19.2435424354244
			23.450184501845	-19.2435424354244
			23.4686346863469	-19.2250922509225
			23.4870848708487	-19.2066420664207
			23.5055350553506	-19.2066420664207
			23.5239852398524	-19.1881918819188
			23.5424354243542	-19.1881918819188
			23.5608856088561	-19.169741697417
			23.5793357933579	-19.169741697417
			23.5977859778598	-19.1512915129151
			23.6162361623616	-19.1512915129151
			23.6346863468635	-19.1328413284133
			23.6531365313653	-19.1328413284133
			23.6715867158672	-19.1143911439114
			23.690036900369	-19.1143911439114
			23.7084870848708	-19.0959409594096
			23.7269372693727	-19.0959409594096
			23.7453874538745	-19.0959409594096
			23.7638376383764	-19.0774907749077
			23.7822878228782	-19.0774907749077
			23.8007380073801	-19.0590405904059
			23.8191881918819	-19.0590405904059
			23.8376383763838	-19.0590405904059
			23.8560885608856	-19.0405904059041
			23.8745387453875	-19.0405904059041
			23.8929889298893	-19.0405904059041
			23.9114391143911	-19.0221402214022
			23.929889298893	-19.0221402214022
			23.9483394833948	-19.0221402214022
			23.9667896678967	-19.0221402214022
			23.9852398523985	-19.0036900369004
			24.0036900369004	-19.0036900369004
			24.0221402214022	-19.0036900369004
			24.0405904059041	-18.9852398523985
			24.0590405904059	-18.9852398523985
			24.0774907749077	-18.9852398523985
			24.0959409594096	-18.9852398523985
			24.1143911439114	-18.9667896678967
			24.1328413284133	-18.9667896678967
			24.1512915129151	-18.9667896678967
			24.169741697417	-18.9667896678967
			24.1881918819188	-18.9483394833948
			24.2066420664207	-18.9483394833948
			24.2250922509225	-18.9483394833948
			24.2435424354244	-18.9483394833948
			24.2619926199262	-18.9483394833948
			24.280442804428	-18.929889298893
			24.2988929889299	-18.929889298893
			24.3173431734317	-18.929889298893
			24.3357933579336	-18.929889298893
			24.3542435424354	-18.929889298893
			24.3726937269373	-18.929889298893
			24.3911439114391	-18.9114391143911
			24.409594095941	-18.9114391143911
			24.4280442804428	-18.9114391143911
			24.4464944649446	-18.9114391143911
			24.4649446494465	-18.9114391143911
			24.4833948339483	-18.9114391143911
			24.5018450184502	-18.9114391143911
			24.520295202952	-18.9114391143911
			24.5387453874539	-18.8929889298893
			24.5571955719557	-18.8929889298893
			24.5756457564576	-18.8929889298893
			24.5940959409594	-18.8929889298893
			24.6125461254613	-18.8929889298893
			24.6309963099631	-18.8929889298893
			24.6494464944649	-18.8929889298893
			24.6678966789668	-18.8929889298893
			24.6863468634686	-18.8929889298893
			24.7047970479705	-18.8929889298893
			24.7232472324723	-18.8929889298893
			24.7416974169742	-18.8745387453875
			24.760147601476	-18.8745387453875
			24.7785977859779	-18.8745387453875
			24.7970479704797	-18.8745387453875
			24.8154981549816	-18.8745387453875
			24.8339483394834	-18.8745387453875
			24.8523985239852	-18.8745387453875
			24.8708487084871	-18.8745387453875
			24.8892988929889	-18.8745387453875
			24.9077490774908	-18.8745387453875
			24.9261992619926	-18.8745387453875
			24.9446494464945	-18.8745387453875
			24.9630996309963	-18.8745387453875
			24.9815498154982	-18.8745387453875
			25	-18.8745387453875
			25.0184501845018	-18.8745387453875
			25.0369003690037	-18.8745387453875
			25.0553505535055	-18.8745387453875
			25.0738007380074	-18.8745387453875
			25.0922509225092	-18.8745387453875
			25.1107011070111	-18.8745387453875
			25.1291512915129	-18.8745387453875
			25.1476014760148	-18.8745387453875
			25.1660516605166	-18.8745387453875
			25.1845018450184	-18.8745387453875
			25.2029520295203	-18.8745387453875
			25.2214022140221	-18.8745387453875
			25.239852398524	-18.8745387453875
			25.2583025830258	-18.8745387453875
			25.2767527675277	-18.8745387453875
			25.2952029520295	-18.8745387453875
			25.3136531365314	-18.8745387453875
			25.3321033210332	-18.8745387453875
			25.3505535055351	-18.8745387453875
			25.3690036900369	-18.8745387453875
			25.3874538745387	-18.8745387453875
			25.4059040590406	-18.8745387453875
			25.4243542435424	-18.8929889298893
			25.4428044280443	-18.8929889298893
			25.4612546125461	-18.8929889298893
			25.479704797048	-18.8929889298893
			25.4981549815498	-18.8929889298893
			25.5166051660517	-18.8929889298893
			25.5350553505535	-18.8929889298893
			25.5535055350554	-18.8929889298893
			25.5719557195572	-18.8929889298893
			25.590405904059	-18.8929889298893
			25.6088560885609	-18.8929889298893
			25.6273062730627	-18.8929889298893
			25.6457564575646	-18.8929889298893
			25.6642066420664	-18.9114391143911
			25.6826568265683	-18.9114391143911
			25.7011070110701	-18.9114391143911
			25.719557195572	-18.9114391143911
			25.7380073800738	-18.9114391143911
			25.7564575645756	-18.9114391143911
			25.7749077490775	-18.9114391143911
			25.7933579335793	-18.9114391143911
			25.8118081180812	-18.9114391143911
			25.830258302583	-18.929889298893
			25.8487084870849	-18.929889298893
			25.8671586715867	-18.929889298893
			25.8856088560886	-18.929889298893
			25.9040590405904	-18.929889298893
			25.9225092250923	-18.929889298893
			25.9409594095941	-18.929889298893
			25.9594095940959	-18.929889298893
			25.9778597785978	-18.9483394833948
			25.9963099630996	-18.9483394833948
			26.0147601476015	-18.9483394833948
			26.0332103321033	-18.9483394833948
			26.0516605166052	-18.9483394833948
			26.070110701107	-18.9483394833948
			26.0885608856089	-18.9483394833948
			26.1070110701107	-18.9483394833948
			26.1254612546125	-18.9667896678967
			26.1439114391144	-18.9667896678967
			26.1623616236162	-18.9667896678967
			26.1808118081181	-18.9667896678967
			26.1992619926199	-18.9667896678967
			26.2177121771218	-18.9667896678967
			26.2361623616236	-18.9852398523985
			26.2546125461255	-18.9852398523985
			26.2730627306273	-18.9852398523985
			26.2915129151292	-18.9852398523985
			26.309963099631	-18.9852398523985
			26.3284132841328	-18.9852398523985
			26.3468634686347	-18.9852398523985
			26.3653136531365	-19.0036900369004
			26.3837638376384	-19.0036900369004
			26.4022140221402	-19.0036900369004
			26.4206642066421	-19.0036900369004
			26.4391143911439	-19.0036900369004
			26.4575645756458	-19.0221402214022
			26.4760147601476	-19.0221402214022
			26.4944649446494	-19.0221402214022
			26.5129151291513	-19.0221402214022
			26.5313653136531	-19.0221402214022
			26.549815498155	-19.0036900369004
			26.5682656826568	-19.0036900369004
			26.5867158671587	-19.0036900369004
			26.6051660516605	-19.0036900369004
			26.6236162361624	-19.0036900369004
			26.6420664206642	-18.9852398523985
			26.6605166051661	-18.9852398523985
			26.6789667896679	-18.9852398523985
			26.6974169741697	-18.9852398523985
			26.7158671586716	-18.9852398523985
			26.7343173431734	-18.9852398523985
			26.7527675276753	-18.9667896678967
			26.7712177121771	-18.9667896678967
			26.789667896679	-18.9667896678967
			26.8081180811808	-18.9667896678967
			26.8265682656827	-18.9667896678967
			26.8450184501845	-18.9667896678967
			26.8634686346863	-18.9483394833948
			26.8819188191882	-18.9483394833948
			26.90036900369	-18.9483394833948
			26.9188191881919	-18.9483394833948
			26.9372693726937	-18.9483394833948
			26.9557195571956	-18.9483394833948
			26.9741697416974	-18.9483394833948
			26.9926199261993	-18.929889298893
			27.0110701107011	-18.929889298893
			27.029520295203	-18.929889298893
			27.0479704797048	-18.929889298893
			27.0664206642066	-18.929889298893
			27.0848708487085	-18.929889298893
			27.1033210332103	-18.929889298893
			27.1217712177122	-18.929889298893
			27.140221402214	-18.929889298893
			27.1586715867159	-18.9114391143911
			27.1771217712177	-18.9114391143911
			27.1955719557196	-18.9114391143911
			27.2140221402214	-18.9114391143911
			27.2324723247232	-18.9114391143911
			27.2509225092251	-18.9114391143911
			27.2693726937269	-18.9114391143911
			27.2878228782288	-18.9114391143911
			27.3062730627306	-18.9114391143911
			27.3247232472325	-18.9114391143911
			27.3431734317343	-18.8929889298893
			27.3616236162362	-18.8929889298893
			27.380073800738	-18.8929889298893
			27.3985239852399	-18.8929889298893
			27.4169741697417	-18.8929889298893
			27.4354243542435	-18.8929889298893
			27.4538745387454	-18.8929889298893
			27.4723247232472	-18.8929889298893
			27.4907749077491	-18.8929889298893
			27.5092250922509	-18.8929889298893
			27.5276752767528	-18.8929889298893
			27.5461254612546	-18.8929889298893
			27.5645756457565	-18.8929889298893
			27.5830258302583	-18.8929889298893
			27.6014760147601	-18.8745387453875
			27.619926199262	-18.8745387453875
			27.6383763837638	-18.8745387453875
			27.6568265682657	-18.8745387453875
			27.6752767527675	-18.8745387453875
			27.6937269372694	-18.8745387453875
			27.7121771217712	-18.8745387453875
			27.7306273062731	-18.8745387453875
			27.7490774907749	-18.8745387453875
			27.7675276752768	-18.8745387453875
			27.7859778597786	-18.8745387453875
			27.8044280442804	-18.8745387453875
			27.8228782287823	-18.8745387453875
			27.8413284132841	-18.8745387453875
			27.859778597786	-18.8745387453875
			27.8782287822878	-18.8745387453875
			27.8966789667897	-18.8745387453875
			27.9151291512915	-18.8745387453875
			27.9335793357934	-18.8745387453875
			27.9520295202952	-18.8560885608856
			27.970479704797	-18.8560885608856
			27.9889298892989	-18.8560885608856
			28.0073800738007	-18.8560885608856
			28.0258302583026	-18.8560885608856
			28.0442804428044	-18.8560885608856
			28.0627306273063	-18.8560885608856
			28.0811808118081	-18.8560885608856
			28.09963099631	-18.8560885608856
			28.1180811808118	-18.8560885608856
			28.1365313653137	-18.8560885608856
			28.1549815498155	-18.8560885608856
			28.1734317343173	-18.8560885608856
			28.1918819188192	-18.8560885608856
			28.210332103321	-18.8560885608856
			28.2287822878229	-18.8560885608856
			28.2472324723247	-18.8560885608856
			28.2656826568266	-18.8560885608856
			28.2841328413284	-18.8560885608856
			28.3025830258303	-18.8560885608856
			28.3210332103321	-18.8560885608856
			28.3394833948339	-18.8560885608856
			28.3579335793358	-18.8560885608856
			28.3763837638376	-18.8560885608856
			28.3948339483395	-18.8560885608856
			28.4132841328413	-18.8560885608856
			28.4317343173432	-18.8560885608856
			28.450184501845	-18.8560885608856
			28.4686346863469	-18.8560885608856
			28.4870848708487	-18.8560885608856
			28.5055350553506	-18.8560885608856
			28.5239852398524	-18.8560885608856
			28.5424354243542	-18.8560885608856
			28.5608856088561	-18.8560885608856
			28.5793357933579	-18.8560885608856
			28.5977859778598	-18.8560885608856
			28.6162361623616	-18.8560885608856
			28.6346863468635	-18.8560885608856
			28.6531365313653	-18.8560885608856
			28.6715867158672	-18.8560885608856
			28.690036900369	-18.8560885608856
			28.7084870848708	-18.8560885608856
			28.7269372693727	-18.8560885608856
			28.7453874538745	-18.8560885608856
			28.7638376383764	-18.8560885608856
			28.7822878228782	-18.8560885608856
			28.8007380073801	-18.8560885608856
			28.8191881918819	-18.8560885608856
			28.8376383763838	-18.8560885608856
			28.8560885608856	-18.8560885608856
			28.8745387453875	-18.8560885608856
			28.8929889298893	-18.8560885608856
			28.9114391143911	-18.8560885608856
			28.929889298893	-18.8560885608856
			28.9483394833948	-18.8560885608856
			28.9667896678967	-18.8560885608856
			28.9852398523985	-18.8560885608856
			29.0036900369004	-18.8560885608856
			29.0221402214022	-18.8560885608856
			29.0405904059041	-18.8560885608856
			29.0590405904059	-18.8560885608856
			29.0774907749077	-18.8560885608856
			29.0959409594096	-18.8560885608856
			29.1143911439114	-18.8560885608856
			29.1328413284133	-18.8560885608856
			29.1512915129151	-18.8560885608856
			29.169741697417	-18.8560885608856
			29.1881918819188	-18.8560885608856
			29.2066420664207	-18.8560885608856
			29.2250922509225	-18.8560885608856
			29.2435424354244	-18.8560885608856
			29.2619926199262	-18.8560885608856
			29.280442804428	-18.8560885608856
			29.2988929889299	-18.8560885608856
			29.3173431734317	-18.8560885608856
			29.3357933579336	-18.8560885608856
			29.3542435424354	-18.8560885608856
			29.3726937269373	-18.8560885608856
			29.3911439114391	-18.8560885608856
			29.409594095941	-18.8560885608856
			29.4280442804428	-18.8560885608856
			29.4464944649446	-18.8560885608856
			29.4649446494465	-18.8560885608856
			29.4833948339483	-18.8560885608856
			29.5018450184502	-18.8560885608856
			29.520295202952	-18.8560885608856
			29.5387453874539	-18.8560885608856
			29.5571955719557	-18.8560885608856
			29.5756457564576	-18.8560885608856
			29.5940959409594	-18.8745387453875
			29.6125461254613	-18.8745387453875
			29.6309963099631	-18.8745387453875
			29.6494464944649	-18.8745387453875
			29.6678966789668	-18.8745387453875
			29.6863468634686	-18.8745387453875
			29.7047970479705	-18.8745387453875
			29.7232472324723	-18.8745387453875
			29.7416974169742	-18.8745387453875
			29.760147601476	-18.8745387453875
			29.7785977859779	-18.8745387453875
			29.7970479704797	-18.8745387453875
			29.8154981549816	-18.8745387453875
			29.8339483394834	-18.8745387453875
			29.8523985239852	-18.8745387453875
			29.8708487084871	-18.8745387453875
			29.8892988929889	-18.8745387453875
			29.9077490774908	-18.8745387453875
			29.9261992619926	-18.8745387453875
			29.9446494464945	-18.8745387453875
			29.9630996309963	-18.8745387453875
			29.9815498154982	-18.8745387453875
			30	-18.8745387453875
			30.0184501845018	-18.8745387453875
			30.0369003690037	-18.8745387453875
			30.0553505535055	-18.8745387453875
			30.0738007380074	-18.8929889298893
			30.0922509225092	-18.8929889298893
			30.1107011070111	-18.8929889298893
			30.1291512915129	-18.8929889298893
			30.1476014760148	-18.8929889298893
			30.1660516605166	-18.8929889298893
			30.1845018450184	-18.8929889298893
			30.2029520295203	-18.8929889298893
			30.2214022140221	-18.8929889298893
			30.239852398524	-18.8929889298893
			30.2583025830258	-18.8929889298893
			30.2767527675277	-18.8929889298893
			30.2952029520295	-18.8929889298893
			30.3136531365314	-18.8929889298893
			30.3321033210332	-18.8929889298893
			30.3505535055351	-18.8929889298893
			30.3690036900369	-18.8929889298893
			30.3874538745387	-18.8929889298893
			30.4059040590406	-18.8929889298893
			30.4243542435424	-18.8929889298893
			30.4428044280443	-18.8929889298893
			30.4612546125461	-18.8929889298893
			30.479704797048	-18.9114391143911
			30.4981549815498	-18.9114391143911
			30.5166051660517	-18.9114391143911
			30.5350553505535	-18.9114391143911
			30.5535055350554	-18.9114391143911
			30.5719557195572	-18.9114391143911
			30.590405904059	-18.9114391143911
			30.6088560885609	-18.9114391143911
			30.6273062730627	-18.9114391143911
			30.6457564575646	-18.9114391143911
			30.6642066420664	-18.9114391143911
			30.6826568265683	-18.9114391143911
			30.7011070110701	-18.9114391143911
			30.719557195572	-18.9114391143911
			30.7380073800738	-18.9114391143911
			30.7564575645756	-18.9114391143911
			30.7749077490775	-18.9114391143911
			30.7933579335793	-18.929889298893
			30.8118081180812	-18.929889298893
			30.830258302583	-18.929889298893
			30.8487084870849	-18.929889298893
			30.8671586715867	-18.929889298893
			30.8856088560886	-18.929889298893
			30.9040590405904	-18.929889298893
			30.9225092250923	-18.929889298893
			30.9409594095941	-18.929889298893
			30.9594095940959	-18.929889298893
			30.9778597785978	-18.929889298893
			30.9963099630996	-18.929889298893
			31.0147601476015	-18.929889298893
			31.0332103321033	-18.929889298893
			31.0516605166052	-18.929889298893
			31.070110701107	-18.929889298893
			31.0885608856089	-18.929889298893
			31.1070110701107	-18.9483394833948
			31.1254612546125	-18.9483394833948
			31.1439114391144	-18.9483394833948
			31.1623616236162	-18.9483394833948
			31.1808118081181	-18.9483394833948
			31.1992619926199	-18.9483394833948
			31.2177121771218	-18.9483394833948
			31.2361623616236	-18.9483394833948
			31.2546125461255	-18.9483394833948
			31.2730627306273	-18.9483394833948
			31.2915129151292	-18.9483394833948
			31.309963099631	-18.9483394833948
			31.3284132841328	-18.9483394833948
			31.3468634686347	-18.9483394833948
			31.3653136531365	-18.9667896678967
			31.3837638376384	-18.9667896678967
			31.4022140221402	-18.9667896678967
			31.4206642066421	-18.9667896678967
			31.4391143911439	-18.9667896678967
			31.4575645756458	-18.9667896678967
			31.4760147601476	-18.9667896678967
			31.4944649446494	-18.9667896678967
			31.5129151291513	-18.9667896678967
			31.5313653136531	-18.9667896678967
			31.549815498155	-18.9667896678967
			31.5682656826568	-18.9667896678967
			31.5867158671587	-18.9667896678967
			31.6051660516605	-18.9667896678967
			31.6236162361624	-18.9667896678967
			31.6420664206642	-18.9852398523985
			31.6605166051661	-18.9852398523985
			31.6789667896679	-18.9852398523985
			31.6974169741697	-18.9852398523985
			31.7158671586716	-18.9852398523985
			31.7343173431734	-18.9852398523985
			31.7527675276753	-18.9852398523985
			31.7712177121771	-18.9852398523985
			31.789667896679	-18.9852398523985
			31.8081180811808	-18.9852398523985
			31.8265682656827	-18.9852398523985
			31.8450184501845	-18.9852398523985
			31.8634686346863	-18.9852398523985
			31.8819188191882	-19.0036900369004
			31.90036900369	-19.0036900369004
			31.9188191881919	-19.0036900369004
			31.9372693726937	-19.0036900369004
			31.9557195571956	-19.0036900369004
			31.9741697416974	-19.0036900369004
			31.9926199261993	-19.0036900369004
			32.0110701107011	-19.0036900369004
			32.0295202952029	-19.0036900369004
			32.0479704797048	-19.0036900369004
			32.0664206642066	-19.0036900369004
			32.0848708487085	-19.0036900369004
			32.1033210332103	-19.0221402214022
			32.1217712177122	-19.0221402214022
			32.140221402214	-19.0221402214022
			32.1586715867159	-19.0221402214022
			32.1771217712177	-19.0221402214022
			32.1955719557196	-19.0221402214022
			32.2140221402214	-19.0221402214022
			32.2324723247232	-19.0221402214022
			32.2509225092251	-19.0221402214022
			32.2693726937269	-19.0221402214022
			32.2878228782288	-19.0221402214022
			32.3062730627306	-19.0221402214022
			32.3247232472325	-19.0221402214022
			32.3431734317343	-19.0405904059041
			32.3616236162362	-19.0405904059041
			32.380073800738	-19.0405904059041
			32.3985239852399	-19.0405904059041
			32.4169741697417	-19.0405904059041
			32.4354243542435	-19.0405904059041
			32.4538745387454	-19.0405904059041
			32.4723247232472	-19.0405904059041
			32.4907749077491	-19.0590405904059
			32.5092250922509	-19.0590405904059
			32.5276752767528	-19.0590405904059
			32.5461254612546	-19.0590405904059
			32.5645756457565	-19.0590405904059
			32.5830258302583	-19.0774907749077
			32.6014760147601	-19.0774907749077
			32.619926199262	-19.0774907749077
			32.6383763837638	-19.0774907749077
			32.6568265682657	-19.0774907749077
			32.6752767527675	-19.0959409594096
			32.6937269372694	-19.0959409594096
			32.7121771217712	-19.0959409594096
			32.7306273062731	-19.0959409594096
			32.7490774907749	-19.0959409594096
			32.7675276752768	-19.1143911439114
			32.7859778597786	-19.1143911439114
			32.8044280442804	-19.1143911439114
			32.8228782287823	-19.1143911439114
			32.8413284132841	-19.1143911439114
			32.859778597786	-19.1328413284133
			32.8782287822878	-19.1328413284133
			32.8966789667897	-19.1328413284133
			32.9151291512915	-19.1328413284133
			32.9335793357934	-19.1328413284133
			32.9520295202952	-19.1328413284133
			32.9704797047971	-19.1512915129151
			32.9889298892989	-19.1512915129151
			33.0073800738007	-19.1512915129151
			33.0258302583026	-19.1512915129151
			33.0442804428044	-19.169741697417
			33.0627306273063	-19.169741697417
			33.0811808118081	-19.169741697417
			33.09963099631	-19.169741697417
			33.1180811808118	-19.169741697417
			33.1365313653137	-19.169741697417
			33.1549815498155	-19.1881918819188
			33.1734317343173	-19.1881918819188
			33.1918819188192	-19.1881918819188
			33.210332103321	-19.1881918819188
			33.2287822878229	-19.1881918819188
			33.2472324723247	-19.1881918819188
			33.2656826568266	-19.2066420664207
			33.2841328413284	-19.2066420664207
			33.3025830258303	-19.2066420664207
			33.3210332103321	-19.2066420664207
			33.3394833948339	-19.2066420664207
			33.3579335793358	-19.2066420664207
			33.3763837638376	-19.2250922509225
			33.3948339483395	-19.2250922509225
			33.4132841328413	-19.2250922509225
			33.4317343173432	-19.2250922509225
			33.450184501845	-19.2250922509225
			33.4686346863469	-19.2435424354244
			33.4870848708487	-19.2435424354244
			33.5055350553506	-19.2435424354244
			33.5239852398524	-19.2435424354244
			33.5424354243542	-19.2435424354244
			33.5608856088561	-19.2435424354244
			33.5793357933579	-19.2619926199262
			33.5977859778598	-19.2619926199262
			33.6162361623616	-19.2619926199262
			33.6346863468635	-19.2619926199262
			33.6531365313653	-19.2619926199262
			33.6715867158672	-19.2619926199262
			33.690036900369	-19.2619926199262
			33.690036900369	-19.280442804428
			33.7084870848708	-19.280442804428
			33.7269372693727	-19.280442804428
			33.7453874538745	-19.280442804428
			33.7638376383764	-19.280442804428
			33.7822878228782	-19.280442804428
			33.8007380073801	-19.280442804428
			33.8191881918819	-19.2988929889299
			33.8376383763838	-19.2988929889299
			33.8560885608856	-19.2988929889299
			33.8745387453875	-19.2988929889299
			33.8929889298893	-19.2988929889299
			33.9114391143911	-19.2988929889299
			33.929889298893	-19.3173431734317
			33.9483394833948	-19.3173431734317
			33.9667896678967	-19.3173431734317
			33.9852398523985	-19.3173431734317
			34.0036900369004	-19.3173431734317
			34.0221402214022	-19.3173431734317
			34.0405904059041	-19.3173431734317
			34.0590405904059	-19.3173431734317
			34.0774907749078	-19.3357933579336
			34.0959409594096	-19.3357933579336
			34.1143911439114	-19.3357933579336
			34.1328413284133	-19.3357933579336
			34.1512915129151	-19.3357933579336
			34.169741697417	-19.3357933579336
			34.1881918819188	-19.3357933579336
			34.2066420664207	-19.3357933579336
			34.2250922509225	-19.3542435424354
			34.2435424354244	-19.3542435424354
			34.2619926199262	-19.3542435424354
			34.280442804428	-19.3542435424354
			34.2988929889299	-19.3542435424354
			34.3173431734317	-19.3542435424354
			34.3357933579336	-19.3542435424354
			34.3542435424354	-19.3542435424354
			34.3726937269373	-19.3542435424354
			34.3911439114391	-19.3726937269373
			34.409594095941	-19.3726937269373
			34.4280442804428	-19.3726937269373
			34.4464944649446	-19.3726937269373
			34.4649446494465	-19.3726937269373
			34.4833948339483	-19.3726937269373
			34.5018450184502	-19.3726937269373
			34.520295202952	-19.3726937269373
			34.5387453874539	-19.3726937269373
			34.5571955719557	-19.3911439114391
			34.5756457564576	-19.3911439114391
			34.5940959409594	-19.3911439114391
			34.6125461254613	-19.3911439114391
			34.6309963099631	-19.3911439114391
			34.6494464944649	-19.3911439114391
			34.6678966789668	-19.3911439114391
			34.6863468634686	-19.3911439114391
			34.7047970479705	-19.3911439114391
			34.7232472324723	-19.3911439114391
			34.7416974169742	-19.3911439114391
			34.760147601476	-19.3911439114391
			34.7785977859779	-19.3911439114391
			34.7970479704797	-19.409594095941
			34.8154981549815	-19.409594095941
			34.8339483394834	-19.409594095941
			34.8523985239852	-19.409594095941
			34.8708487084871	-19.409594095941
			34.8892988929889	-19.409594095941
			34.9077490774908	-19.409594095941
			34.9261992619926	-19.409594095941
			34.9446494464945	-19.409594095941
			34.9630996309963	-19.409594095941
			34.9815498154982	-19.409594095941
			35	-19.409594095941
			35.0184501845018	-19.409594095941
			35.0369003690037	-19.409594095941
			35.0553505535055	-19.409594095941
			35.0738007380074	-19.409594095941
			35.0922509225092	-19.409594095941
			35.1107011070111	-19.409594095941
			35.1291512915129	-19.409594095941
			35.1476014760148	-19.409594095941
			35.1660516605166	-19.409594095941
			35.1845018450185	-19.409594095941
			35.2029520295203	-19.409594095941
			35.2214022140221	-19.409594095941
			35.239852398524	-19.409594095941
			35.2583025830258	-19.409594095941
			35.2767527675277	-19.409594095941
			35.2952029520295	-19.409594095941
			35.3136531365314	-19.409594095941
			35.3321033210332	-19.409594095941
			35.3505535055351	-19.409594095941
			35.3690036900369	-19.409594095941
			35.3874538745387	-19.409594095941
			35.4059040590406	-19.409594095941
			35.4243542435424	-19.409594095941
			35.4428044280443	-19.409594095941
			35.4612546125461	-19.409594095941
			35.479704797048	-19.3911439114391
			35.4981549815498	-19.3911439114391
			35.5166051660517	-19.3911439114391
			35.5350553505535	-19.3911439114391
			35.5535055350554	-19.3911439114391
			35.5719557195572	-19.3911439114391
			35.590405904059	-19.3911439114391
			35.6088560885609	-19.3911439114391
			35.6273062730627	-19.3726937269373
			35.6457564575646	-19.3726937269373
			35.6642066420664	-19.3726937269373
			35.6826568265683	-19.3726937269373
			35.7011070110701	-19.3726937269373
			35.719557195572	-19.3542435424354
			35.7380073800738	-19.3542435424354
			35.7564575645756	-19.3542435424354
			35.7749077490775	-19.3542435424354
			35.7933579335793	-19.3357933579336
			35.8118081180812	-19.3357933579336
			35.830258302583	-19.3357933579336
			35.8487084870849	-19.3357933579336
			35.8487084870849	-19.3173431734317
			35.8671586715867	-19.3173431734317
			35.8856088560886	-19.3173431734317
			35.9040590405904	-19.2988929889299
			35.9225092250922	-19.2988929889299
			35.9409594095941	-19.280442804428
			35.9594095940959	-19.280442804428
			35.9778597785978	-19.2619926199262
			35.9963099630996	-19.2619926199262
			35.9963099630996	-19.2435424354244
			36.0147601476015	-19.2435424354244
			36.0332103321033	-19.2250922509225
			36.0516605166052	-19.2066420664207
			36.070110701107	-19.1881918819188
			36.0885608856089	-19.169741697417
			36.1070110701107	-19.1512915129151
			36.1070110701107	-19.1328413284133
			36.1070110701107	-19.1143911439114
			36.1254612546125	-19.0959409594096
			36.1254612546125	-19.0774907749077
			36.1254612546125	-19.0590405904059
			36.1254612546125	-19.0405904059041
			36.1439114391144	-19.0221402214022
			36.1439114391144	-19.0036900369004
			36.1439114391144	-18.9852398523985
			36.1254612546125	-18.9667896678967
			36.1254612546125	-18.9483394833948
			36.1254612546125	-18.929889298893
			36.1254612546125	-18.9114391143911
			36.1254612546125	-18.8929889298893
			36.1070110701107	-18.8745387453875
			36.1070110701107	-18.8560885608856
			36.1070110701107	-18.8376383763838
			36.0885608856089	-18.8191881918819
			36.0885608856089	-18.8007380073801
			36.0885608856089	-18.7822878228782
			36.070110701107	-18.7638376383764
			36.070110701107	-18.7453874538745
			36.0516605166052	-18.7269372693727
			36.0332103321033	-18.7084870848708
			36.0332103321033	-18.690036900369
			36.0332103321033	-18.6715867158672
			36.0147601476015	-18.6715867158672
			36.0147601476015	-18.6531365313653
			35.9963099630996	-18.6346863468635
			35.9963099630996	-18.6162361623616
			35.9778597785978	-18.5977859778598
		</posterior>
	</curves.scaled>
	<ruler.points type=matrix rownames=TRUE colnames=FALSE nrow=2 ncol=2 as.numeric=TRUE >
		Ruler point 1	229	1194
		Ruler point 2	500	1194
	</ruler.points>
</shapes>

