<shapes type=list>
	<ruler.pixel type=vector names=FALSE length=1 as.numeric=TRUE >293</ruler.pixel>
	<ruler.interval type=vector names=FALSE length=1 as.numeric=TRUE >1</ruler.interval>
	<scaling.units type=vector names=FALSE length=1 as.numeric=FALSE >cm</scaling.units>
	<scaling type=vector names=FALSE length=1 as.numeric=TRUE >0.00341296928327645</scaling>
	<landmarks.pixel type=matrix rownames=TRUE colnames=FALSE nrow=16 ncol=2 as.numeric=TRUE >
		LM1	774	138
		LM2	774	138
		LM3	806	648
		LM4	812	794
		LM5	1061	289
		LM6	1005	671
		LM7	1000	713
		LM8	1176	394
		LM9	1137	528
		LM10	774	138
		LM11	1283	518
		LM12	1344	534
		LM13	774	138
		LM14	1256	483
		LM15	1468	728
		LM16	1468	728
	</landmarks.pixel>
	<landmarks.scaled type=matrix rownames=TRUE colnames=FALSE nrow=16 ncol=2 as.numeric=TRUE >
		LM1	2.64163822525597	-0.47098976109215
		LM2	2.64163822525597	-0.47098976109215
		LM3	2.75085324232082	-2.21160409556314
		LM4	2.77133105802048	-2.7098976109215
		LM5	3.62116040955631	-0.986348122866894
		LM6	3.43003412969283	-2.2901023890785
		LM7	3.41296928327645	-2.43344709897611
		LM8	4.01365187713311	-1.34470989761092
		LM9	3.88054607508532	-1.80204778156997
		LM10	2.64163822525597	-0.47098976109215
		LM11	4.37883959044369	-1.7679180887372
		LM12	4.58703071672355	-1.82252559726962
		LM13	2.64163822525597	-0.47098976109215
		LM14	4.28668941979522	-1.64846416382253
		LM15	5.01023890784983	-2.48464163822526
		LM16	5.01023890784983	-2.48464163822526
	</landmarks.scaled>
	<curves.control type=list>
		<glabella type=matrix rownames=FALSE colnames=FALSE nrow=13 ncol=2 as.numeric=TRUE >
			774	138
			959	143
			1045	246
			1075	283
			1051	331
			1064	353
			1069	373
			1084	417
			1048	529
			1022	583
			1002	648
			1018	688
			1000	713
		</glabella>
		<suture type=matrix rownames=FALSE colnames=FALSE nrow=21 ncol=2 as.numeric=TRUE >
			774	138
			959	143
			1045	246
			1090	293
			1090	351
			1130	365
			1176	393
			1212	393
			1252	458
			1256	504
			1232	526
			1189	552
			1147	532
			1111	525
			1117	548
			1173	576
			1233	542
			1275	500
			1283	518
			1322	532
			1344	534
		</suture>
		<anterior type=matrix rownames=FALSE colnames=FALSE nrow=11 ncol=2 as.numeric=TRUE >
			774	138
			959	143
			1048	243
			1102	282
			1148	309
			1207	351
			1244	395
			1291	441
			1394	610
			1442	665
			1468	728
		</anterior>
		<posterior type=matrix rownames=FALSE colnames=FALSE nrow=17 ncol=2 as.numeric=TRUE >
			812	794
			884	784
			936	768
			972	738
			1004	716
			1009	703
			1077	714
			1153	713
			1234	725
			1291	748
			1361	773
			1418	834
			1413	779
			1379	757
			1428	716
			1445	730
			1468	728
		</posterior>
	</curves.control>
	<curves.pixel type=list>
		<glabella type=matrix rownames=FALSE colnames=FALSE nrow=767 ncol=2 as.numeric=TRUE >
			774	138
			775	138
			776	138
			777	138
			778	138
			779	138
			780	138
			781	138
			782	138
			783	138
			784	138
			785	138
			786	138
			787	138
			788	139
			789	139
			790	139
			791	139
			792	139
			793	139
			794	139
			795	139
			796	139
			797	139
			798	139
			799	139
			800	139
			801	139
			802	139
			803	139
			804	139
			805	140
			806	140
			807	140
			808	140
			809	140
			810	140
			811	140
			812	140
			813	140
			814	140
			815	140
			816	141
			817	141
			818	141
			819	141
			820	141
			821	141
			822	141
			823	141
			824	141
			825	141
			826	142
			827	142
			828	142
			829	142
			830	142
			831	142
			832	142
			833	142
			834	142
			835	143
			836	143
			837	143
			838	143
			839	143
			840	143
			841	144
			842	144
			843	144
			844	144
			845	144
			846	144
			847	144
			848	145
			849	145
			850	145
			851	145
			852	145
			853	145
			854	145
			855	146
			856	146
			857	146
			858	146
			859	146
			860	147
			861	147
			862	147
			863	147
			864	147
			865	148
			866	148
			867	148
			868	148
			869	148
			870	149
			871	149
			872	149
			873	149
			874	149
			875	150
			876	150
			877	150
			878	150
			879	150
			880	151
			881	151
			882	151
			883	152
			884	152
			885	152
			886	152
			887	152
			888	153
			889	153
			890	153
			891	153
			891	154
			892	154
			893	154
			894	154
			895	154
			895	155
			896	155
			897	155
			898	155
			899	156
			900	156
			901	156
			902	156
			903	157
			904	157
			905	157
			906	158
			907	158
			908	158
			909	159
			910	159
			911	159
			912	160
			913	160
			914	160
			915	160
			916	161
			917	161
			918	162
			919	162
			920	162
			921	162
			922	163
			923	163
			924	163
			924	164
			925	164
			926	164
			927	165
			928	165
			929	165
			930	166
			931	166
			932	166
			933	167
			934	168
			935	168
			936	168
			937	169
			938	169
			939	169
			939	170
			940	170
			941	170
			942	171
			943	171
			944	172
			945	172
			946	172
			947	173
			948	173
			949	174
			950	174
			951	175
			952	175
			953	176
			954	176
			955	177
			956	177
			957	178
			958	178
			959	179
			960	179
			961	180
			962	180
			963	181
			964	181
			965	182
			966	182
			967	183
			968	184
			969	184
			970	184
			971	185
			972	185
			973	186
			974	186
			974	187
			975	187
			976	188
			977	188
			978	189
			979	189
			979	190
			980	190
			981	191
			982	191
			983	192
			984	193
			985	194
			986	194
			987	195
			988	195
			989	196
			990	197
			991	197
			992	198
			993	199
			994	199
			995	200
			996	201
			997	201
			998	202
			999	203
			1000	204
			1001	205
			1002	205
			1003	206
			1004	207
			1005	208
			1006	208
			1007	209
			1008	210
			1009	211
			1010	212
			1011	212
			1012	213
			1013	214
			1014	215
			1015	215
			1016	216
			1016	217
			1017	218
			1018	218
			1019	219
			1020	220
			1021	221
			1022	221
			1022	222
			1023	223
			1024	224
			1025	225
			1026	225
			1027	226
			1028	227
			1028	228
			1029	229
			1030	230
			1031	230
			1032	231
			1032	232
			1033	233
			1034	234
			1035	235
			1036	235
			1037	236
			1037	237
			1038	238
			1039	239
			1040	240
			1040	241
			1041	242
			1042	242
			1043	243
			1043	244
			1044	245
			1045	246
			1046	247
			1047	248
			1048	249
			1048	250
			1049	251
			1049	252
			1050	252
			1050	253
			1051	254
			1051	255
			1052	256
			1053	257
			1053	258
			1054	259
			1054	260
			1055	261
			1055	262
			1056	263
			1056	264
			1057	265
			1057	266
			1057	267
			1058	268
			1058	269
			1058	270
			1059	271
			1059	272
			1059	273
			1060	274
			1060	275
			1060	276
			1060	277
			1061	278
			1061	279
			1061	280
			1061	281
			1061	282
			1061	283
			1061	284
			1061	285
			1062	286
			1062	287
			1062	288
			1062	289
			1062	290
			1062	291
			1062	292
			1062	293
			1062	294
			1062	295
			1061	296
			1061	297
			1061	298
			1061	299
			1061	300
			1061	301
			1061	302
			1061	303
			1060	304
			1060	305
			1060	306
			1060	307
			1060	308
			1059	309
			1059	310
			1059	311
			1058	312
			1058	313
			1058	314
			1057	315
			1057	316
			1057	317
			1057	318
			1056	318
			1056	319
			1056	320
			1056	321
			1055	322
			1054	323
			1054	324
			1054	325
			1053	326
			1053	327
			1052	328
			1052	329
			1051	330
			1051	331
			1051	332
			1052	333
			1052	334
			1053	334
			1053	335
			1054	336
			1054	337
			1055	338
			1055	339
			1056	339
			1056	340
			1057	341
			1057	342
			1057	343
			1058	344
			1059	345
			1059	346
			1060	347
			1060	348
			1061	349
			1061	350
			1061	351
			1062	352
			1062	353
			1063	354
			1063	355
			1064	356
			1064	357
			1064	358
			1065	359
			1065	360
			1065	361
			1066	362
			1066	363
			1066	364
			1067	365
			1067	366
			1067	367
			1068	368
			1068	369
			1068	370
			1068	371
			1069	371
			1069	372
			1069	373
			1069	374
			1070	375
			1070	376
			1070	377
			1070	378
			1071	379
			1071	380
			1071	381
			1071	382
			1072	383
			1072	384
			1072	385
			1072	386
			1072	387
			1072	388
			1072	389
			1073	389
			1073	390
			1073	391
			1073	392
			1073	393
			1073	394
			1073	395
			1073	396
			1073	397
			1073	398
			1073	399
			1073	400
			1073	401
			1073	402
			1073	403
			1073	404
			1073	405
			1073	406
			1073	407
			1073	408
			1073	409
			1073	410
			1073	411
			1073	412
			1073	413
			1073	414
			1073	415
			1073	416
			1073	417
			1073	418
			1073	419
			1073	420
			1073	421
			1073	422
			1073	423
			1072	423
			1072	424
			1072	425
			1072	426
			1072	427
			1072	428
			1072	429
			1072	430
			1072	431
			1071	432
			1071	433
			1071	434
			1071	435
			1071	436
			1071	437
			1071	438
			1070	439
			1070	440
			1070	441
			1070	442
			1070	443
			1070	444
			1070	445
			1069	446
			1069	447
			1069	448
			1069	449
			1069	450
			1069	451
			1068	452
			1068	453
			1068	454
			1068	455
			1068	456
			1067	457
			1067	458
			1067	459
			1067	460
			1067	461
			1066	462
			1066	463
			1066	464
			1066	465
			1065	466
			1065	467
			1065	468
			1065	469
			1065	470
			1064	471
			1064	472
			1064	473
			1064	474
			1063	475
			1063	476
			1063	477
			1063	478
			1062	479
			1062	480
			1062	481
			1062	482
			1061	483
			1061	484
			1061	485
			1061	486
			1060	487
			1060	488
			1060	489
			1060	490
			1059	491
			1059	492
			1059	493
			1058	494
			1058	495
			1058	496
			1058	497
			1057	498
			1057	499
			1057	500
			1057	501
			1056	502
			1056	503
			1056	504
			1055	505
			1055	506
			1055	507
			1054	508
			1054	509
			1054	510
			1054	511
			1053	512
			1053	513
			1053	514
			1052	515
			1052	516
			1052	517
			1051	518
			1051	519
			1051	520
			1051	521
			1050	522
			1050	523
			1050	524
			1049	525
			1049	526
			1049	527
			1048	528
			1048	529
			1048	530
			1047	531
			1047	532
			1046	533
			1046	534
			1045	534
			1045	535
			1045	536
			1044	537
			1044	538
			1043	539
			1043	540
			1042	541
			1042	542
			1042	543
			1041	544
			1041	545
			1040	546
			1040	547
			1039	547
			1039	548
			1039	549
			1038	550
			1038	551
			1037	552
			1037	553
			1037	554
			1036	555
			1036	556
			1035	557
			1035	558
			1034	559
			1034	560
			1034	561
			1033	562
			1033	563
			1032	564
			1032	565
			1032	566
			1031	567
			1030	568
			1030	569
			1030	570
			1030	571
			1029	571
			1029	572
			1029	573
			1028	573
			1028	574
			1028	575
			1027	576
			1027	577
			1027	578
			1026	579
			1026	580
			1025	581
			1025	582
			1024	583
			1024	584
			1024	585
			1023	586
			1023	587
			1023	588
			1022	589
			1022	590
			1021	591
			1021	592
			1021	593
			1020	594
			1020	595
			1020	596
			1019	597
			1019	598
			1019	599
			1018	600
			1018	601
			1018	602
			1017	603
			1017	604
			1016	605
			1016	606
			1016	607
			1015	607
			1015	608
			1015	609
			1014	610
			1014	611
			1014	612
			1013	613
			1013	614
			1013	615
			1013	616
			1012	616
			1012	617
			1012	618
			1011	619
			1011	620
			1011	621
			1010	622
			1010	623
			1010	624
			1009	625
			1009	626
			1009	627
			1008	628
			1008	629
			1008	630
			1007	631
			1007	632
			1007	633
			1006	634
			1006	635
			1006	636
			1005	637
			1005	638
			1005	639
			1004	640
			1004	641
			1004	642
			1004	643
			1003	644
			1003	645
			1003	646
			1002	647
			1002	648
			1002	649
			1003	649
			1003	650
			1003	651
			1003	652
			1004	653
			1004	654
			1005	655
			1005	656
			1005	657
			1005	658
			1006	658
			1006	659
			1006	660
			1006	661
			1007	662
			1007	663
			1007	664
			1007	665
			1008	666
			1008	667
			1008	668
			1008	669
			1008	670
			1009	671
			1009	672
			1009	673
			1009	674
			1009	675
			1009	676
			1009	677
			1009	678
			1009	679
			1010	680
			1010	681
			1010	682
			1010	683
			1010	684
			1009	685
			1009	686
			1009	687
			1009	688
			1009	689
			1009	690
			1009	691
			1009	692
			1009	693
			1008	694
			1008	695
			1008	696
			1008	697
			1007	698
			1007	699
			1007	700
			1006	701
			1006	702
			1006	703
			1005	704
			1005	705
			1004	706
			1004	707
			1003	708
			1002	709
			1002	710
			1001	711
			1000	712
			1000	713
		</glabella>
		<suture type=matrix rownames=FALSE colnames=FALSE nrow=1015 ncol=2 as.numeric=TRUE >
			774	138
			775	138
			776	138
			777	138
			778	138
			779	138
			780	138
			781	138
			782	138
			783	138
			784	138
			785	138
			786	138
			787	138
			788	139
			789	139
			790	139
			791	139
			792	139
			793	139
			794	139
			795	139
			796	139
			797	139
			798	139
			799	139
			800	139
			801	139
			802	139
			803	139
			804	139
			804	140
			805	140
			806	140
			807	140
			808	140
			809	140
			810	140
			811	140
			812	140
			813	140
			814	140
			815	140
			816	141
			817	141
			818	141
			819	141
			820	141
			821	141
			822	141
			823	141
			824	141
			825	141
			826	142
			827	142
			828	142
			829	142
			830	142
			831	142
			832	142
			833	142
			834	143
			835	143
			836	143
			837	143
			838	143
			839	143
			840	143
			841	143
			841	144
			842	144
			843	144
			844	144
			845	144
			846	144
			847	144
			848	144
			848	145
			849	145
			850	145
			851	145
			852	145
			853	145
			854	145
			855	146
			856	146
			857	146
			858	146
			859	146
			860	147
			861	147
			862	147
			863	147
			864	147
			865	148
			866	148
			867	148
			868	148
			869	148
			870	149
			871	149
			872	149
			873	149
			874	149
			875	150
			876	150
			877	150
			878	150
			879	150
			880	151
			881	151
			882	151
			883	151
			883	152
			884	152
			885	152
			886	152
			887	152
			888	153
			889	153
			890	153
			891	153
			892	154
			893	154
			894	154
			895	155
			896	155
			897	155
			898	155
			899	156
			900	156
			901	156
			902	156
			903	157
			904	157
			905	157
			906	158
			907	158
			908	158
			909	158
			910	159
			911	159
			912	160
			913	160
			914	160
			915	160
			915	161
			916	161
			917	161
			918	161
			919	162
			920	162
			921	163
			922	163
			923	163
			924	164
			925	164
			926	164
			927	165
			928	165
			929	165
			930	166
			931	166
			932	167
			933	167
			934	167
			935	168
			936	168
			937	169
			938	169
			939	170
			940	170
			941	170
			942	171
			943	171
			944	172
			945	172
			946	172
			947	173
			948	174
			949	174
			950	174
			951	175
			952	175
			953	176
			954	176
			955	177
			956	177
			957	178
			958	178
			959	178
			959	179
			960	179
			961	180
			962	180
			963	181
			964	181
			965	182
			966	182
			967	183
			968	183
			969	184
			970	184
			970	185
			971	185
			972	186
			973	186
			974	187
			975	187
			976	188
			977	189
			978	189
			979	190
			980	190
			981	191
			982	192
			983	192
			984	193
			985	193
			986	194
			987	195
			988	195
			989	196
			990	197
			991	197
			992	198
			993	198
			994	199
			995	200
			996	201
			997	202
			998	202
			999	203
			1000	204
			1001	205
			1002	205
			1003	206
			1004	206
			1004	207
			1005	208
			1006	208
			1007	209
			1008	209
			1008	210
			1009	211
			1010	211
			1011	212
			1012	213
			1013	214
			1014	215
			1015	215
			1016	216
			1016	217
			1017	218
			1018	218
			1019	219
			1020	220
			1021	221
			1022	221
			1022	222
			1023	223
			1024	224
			1025	225
			1026	225
			1027	226
			1028	227
			1028	228
			1029	229
			1030	230
			1031	230
			1032	231
			1032	232
			1033	233
			1034	234
			1035	234
			1036	235
			1036	236
			1037	237
			1038	238
			1039	239
			1039	240
			1040	240
			1041	241
			1042	242
			1043	243
			1043	244
			1044	245
			1045	246
			1046	247
			1046	248
			1047	248
			1048	249
			1049	250
			1049	251
			1050	252
			1051	252
			1052	253
			1052	254
			1053	255
			1054	256
			1054	257
			1055	257
			1056	258
			1056	259
			1057	260
			1058	261
			1058	262
			1059	262
			1060	263
			1060	264
			1061	265
			1062	266
			1062	267
			1063	268
			1064	269
			1065	270
			1065	271
			1066	272
			1067	273
			1067	274
			1068	275
			1069	276
			1069	277
			1070	278
			1070	279
			1071	280
			1071	281
			1072	282
			1073	283
			1073	284
			1074	285
			1074	286
			1075	287
			1075	288
			1075	289
			1076	290
			1077	291
			1077	292
			1077	293
			1078	293
			1078	294
			1078	295
			1079	295
			1079	296
			1079	297
			1080	298
			1080	299
			1080	300
			1081	301
			1081	302
			1082	303
			1082	304
			1082	305
			1083	306
			1083	307
			1083	308
			1084	309
			1084	310
			1084	311
			1085	312
			1085	313
			1085	314
			1085	315
			1086	316
			1086	317
			1086	318
			1086	319
			1087	320
			1087	321
			1087	322
			1087	323
			1088	324
			1088	325
			1088	326
			1088	327
			1088	328
			1088	329
			1089	330
			1089	331
			1089	332
			1089	333
			1089	334
			1089	335
			1089	336
			1089	337
			1089	338
			1089	339
			1090	340
			1090	341
			1090	342
			1090	343
			1090	344
			1090	345
			1090	346
			1090	347
			1090	348
			1090	349
			1090	350
			1090	351
			1091	351
			1092	352
			1093	352
			1094	353
			1095	353
			1096	353
			1097	353
			1097	354
			1098	354
			1099	354
			1100	355
			1101	355
			1102	356
			1103	356
			1104	356
			1105	357
			1106	357
			1107	358
			1108	358
			1109	358
			1110	359
			1111	359
			1112	360
			1113	360
			1114	360
			1115	361
			1116	361
			1117	362
			1118	362
			1119	363
			1120	363
			1121	364
			1122	364
			1123	365
			1124	365
			1125	366
			1126	366
			1127	366
			1128	367
			1129	367
			1130	368
			1131	368
			1132	369
			1133	369
			1134	370
			1135	370
			1136	371
			1137	371
			1138	372
			1139	372
			1140	373
			1141	373
			1141	374
			1142	374
			1143	374
			1144	375
			1145	375
			1146	376
			1147	376
			1148	377
			1149	377
			1150	378
			1151	378
			1152	379
			1153	379
			1153	380
			1154	380
			1155	381
			1156	381
			1157	382
			1158	383
			1159	383
			1160	384
			1161	384
			1162	385
			1163	385
			1164	386
			1165	386
			1166	387
			1167	387
			1167	388
			1168	388
			1169	389
			1170	390
			1171	390
			1172	391
			1173	391
			1174	392
			1175	392
			1176	393
			1177	393
			1178	393
			1179	393
			1180	393
			1181	393
			1182	393
			1183	394
			1184	394
			1185	394
			1186	394
			1187	395
			1188	395
			1189	395
			1190	395
			1191	396
			1192	396
			1193	397
			1194	397
			1195	397
			1195	398
			1196	398
			1197	398
			1198	399
			1199	399
			1199	400
			1200	400
			1201	401
			1202	401
			1203	402
			1204	403
			1205	403
			1206	404
			1207	405
			1208	405
			1209	406
			1210	407
			1211	408
			1212	408
			1213	409
			1214	410
			1215	411
			1216	412
			1217	413
			1218	414
			1219	415
			1220	416
			1221	417
			1222	418
			1223	419
			1224	420
			1225	421
			1226	422
			1227	423
			1228	424
			1229	425
			1229	426
			1230	427
			1231	427
			1231	428
			1232	429
			1232	430
			1233	430
			1234	431
			1234	432
			1235	433
			1235	434
			1236	434
			1237	435
			1237	436
			1238	437
			1238	438
			1239	438
			1240	439
			1240	440
			1241	441
			1241	442
			1242	443
			1243	444
			1243	445
			1244	445
			1245	446
			1245	447
			1246	448
			1246	449
			1247	450
			1248	451
			1248	452
			1249	453
			1249	454
			1250	455
			1251	456
			1251	457
			1252	458
			1252	459
			1252	460
			1252	461
			1252	462
			1252	463
			1252	464
			1252	465
			1252	466
			1253	466
			1253	467
			1253	468
			1253	469
			1253	470
			1253	471
			1253	472
			1253	473
			1253	474
			1252	475
			1252	476
			1252	477
			1252	478
			1252	479
			1252	480
			1252	481
			1252	482
			1252	483
			1252	484
			1252	485
			1252	486
			1251	487
			1251	488
			1251	489
			1251	490
			1251	491
			1250	492
			1250	493
			1250	494
			1250	495
			1250	496
			1249	497
			1249	498
			1249	499
			1248	500
			1248	501
			1248	502
			1247	503
			1247	504
			1246	505
			1246	506
			1245	507
			1245	508
			1245	509
			1244	510
			1243	511
			1243	512
			1242	513
			1242	514
			1241	515
			1241	516
			1240	517
			1239	518
			1239	519
			1238	519
			1237	520
			1237	521
			1236	522
			1235	523
			1234	524
			1233	525
			1232	526
			1231	527
			1230	527
			1229	528
			1228	528
			1227	529
			1226	530
			1225	530
			1224	531
			1223	531
			1222	532
			1221	532
			1220	533
			1219	533
			1218	533
			1217	534
			1216	534
			1215	534
			1214	535
			1213	535
			1212	536
			1211	536
			1210	536
			1209	537
			1208	537
			1207	537
			1206	537
			1205	538
			1204	538
			1203	538
			1202	539
			1201	539
			1200	539
			1199	539
			1198	539
			1197	540
			1196	540
			1195	540
			1194	540
			1193	540
			1192	540
			1191	540
			1190	540
			1189	541
			1188	541
			1187	541
			1186	541
			1185	541
			1184	541
			1183	541
			1182	541
			1181	541
			1180	541
			1179	541
			1178	540
			1177	540
			1176	540
			1175	540
			1174	540
			1173	540
			1172	540
			1171	540
			1170	540
			1169	539
			1168	539
			1167	539
			1166	539
			1165	539
			1164	538
			1163	538
			1162	538
			1161	537
			1160	537
			1159	537
			1158	536
			1157	536
			1156	536
			1155	535
			1154	535
			1153	535
			1152	534
			1151	534
			1150	533
			1149	533
			1148	532
			1147	532
			1146	532
			1145	532
			1144	531
			1143	531
			1142	531
			1141	531
			1140	531
			1139	531
			1138	531
			1137	531
			1136	530
			1135	530
			1134	530
			1133	530
			1132	530
			1131	530
			1130	530
			1129	531
			1128	531
			1127	531
			1126	531
			1125	531
			1124	532
			1123	532
			1122	532
			1121	533
			1120	534
			1119	535
			1118	536
			1117	537
			1117	538
			1116	539
			1116	540
			1116	541
			1116	542
			1116	543
			1116	544
			1116	545
			1117	546
			1117	547
			1117	548
			1118	549
			1119	549
			1120	549
			1121	550
			1122	550
			1123	551
			1124	551
			1125	552
			1126	552
			1127	553
			1128	553
			1129	553
			1130	554
			1131	554
			1132	554
			1133	555
			1134	555
			1135	555
			1136	556
			1137	556
			1138	556
			1139	557
			1140	557
			1141	557
			1142	557
			1143	558
			1144	558
			1145	558
			1146	558
			1147	559
			1148	559
			1149	559
			1150	559
			1151	559
			1152	559
			1153	560
			1154	560
			1155	560
			1156	560
			1157	560
			1158	560
			1159	560
			1160	560
			1161	560
			1162	560
			1163	560
			1163	561
			1164	561
			1165	561
			1166	561
			1167	561
			1168	561
			1169	561
			1170	561
			1171	561
			1172	561
			1173	561
			1174	560
			1175	560
			1176	560
			1177	560
			1178	560
			1179	560
			1180	560
			1181	560
			1182	560
			1183	560
			1184	560
			1185	559
			1186	559
			1187	559
			1188	559
			1189	559
			1190	559
			1191	558
			1192	558
			1193	558
			1194	558
			1195	557
			1196	557
			1197	557
			1198	557
			1199	556
			1200	556
			1201	556
			1202	556
			1202	555
			1203	555
			1204	555
			1205	555
			1206	554
			1207	554
			1208	553
			1209	553
			1210	553
			1211	552
			1212	552
			1213	552
			1214	551
			1215	551
			1216	550
			1217	550
			1218	550
			1219	549
			1220	549
			1221	548
			1222	548
			1223	547
			1224	547
			1225	546
			1226	546
			1227	545
			1228	545
			1229	544
			1230	544
			1231	543
			1232	543
			1233	542
			1234	541
			1235	540
			1236	539
			1237	538
			1238	537
			1239	536
			1240	536
			1240	535
			1241	534
			1242	533
			1243	533
			1243	532
			1244	531
			1245	531
			1246	530
			1246	529
			1247	529
			1248	528
			1249	527
			1250	526
			1251	525
			1252	525
			1253	524
			1254	523
			1255	522
			1256	521
			1257	521
			1258	520
			1259	520
			1260	519
			1260	518
			1261	518
			1262	517
			1263	517
			1264	517
			1264	516
			1265	516
			1266	515
			1267	515
			1268	514
			1269	514
			1270	514
			1271	513
			1272	513
			1273	513
			1274	513
			1275	513
			1276	513
			1277	513
			1278	513
			1279	514
			1280	514
			1281	515
			1282	516
			1283	517
			1283	518
			1284	518
			1285	519
			1286	519
			1287	520
			1288	520
			1289	520
			1290	520
			1290	521
			1291	521
			1292	521
			1293	521
			1294	522
			1295	522
			1296	522
			1297	523
			1298	523
			1299	524
			1300	524
			1301	524
			1302	524
			1303	525
			1304	525
			1305	525
			1306	526
			1307	526
			1308	526
			1309	527
			1310	527
			1311	527
			1312	528
			1313	528
			1314	528
			1315	528
			1316	529
			1317	529
			1318	529
			1319	529
			1320	530
			1321	530
			1322	530
			1323	530
			1324	530
			1324	531
			1325	531
			1326	531
			1327	531
			1328	531
			1329	532
			1330	532
			1331	532
			1332	532
			1333	532
			1334	533
			1335	533
			1336	533
			1337	533
			1338	533
			1339	533
			1340	534
			1341	534
			1342	534
			1343	534
			1344	534
		</suture>
		<anterior type=matrix rownames=FALSE colnames=FALSE nrow=847 ncol=2 as.numeric=TRUE >
			774	138
			775	138
			776	138
			777	138
			778	138
			779	138
			780	138
			781	138
			782	138
			783	138
			784	138
			785	138
			786	138
			787	138
			788	139
			789	139
			790	139
			791	139
			792	139
			793	139
			794	139
			795	139
			796	139
			797	139
			798	139
			799	139
			800	139
			801	139
			802	139
			803	139
			804	139
			805	140
			806	140
			807	140
			808	140
			809	140
			810	140
			811	140
			812	140
			813	140
			814	140
			815	140
			816	140
			817	141
			818	141
			819	141
			820	141
			821	141
			822	141
			823	141
			824	141
			825	141
			826	141
			827	142
			828	142
			829	142
			830	142
			831	142
			832	142
			833	142
			834	142
			835	143
			836	143
			837	143
			838	143
			839	143
			840	143
			841	143
			842	144
			843	144
			844	144
			845	144
			846	144
			847	144
			848	144
			849	145
			850	145
			851	145
			852	145
			853	145
			854	145
			855	145
			856	146
			857	146
			858	146
			859	146
			860	146
			861	146
			862	147
			863	147
			864	147
			865	147
			866	147
			866	148
			867	148
			868	148
			869	148
			870	148
			871	148
			872	149
			873	149
			874	149
			875	149
			876	150
			877	150
			878	150
			879	150
			880	150
			881	151
			882	151
			883	151
			884	151
			885	151
			886	152
			887	152
			888	152
			889	152
			890	153
			891	153
			892	153
			893	154
			894	154
			895	154
			896	154
			897	155
			898	155
			899	155
			900	155
			901	156
			902	156
			903	156
			904	156
			905	157
			906	157
			907	157
			908	158
			909	158
			910	158
			911	159
			912	159
			913	159
			914	159
			915	160
			916	160
			917	160
			918	161
			919	161
			920	161
			921	162
			922	162
			923	162
			923	163
			924	163
			925	163
			926	164
			927	164
			928	164
			929	164
			930	165
			931	165
			932	165
			933	166
			934	167
			935	167
			936	167
			937	168
			938	168
			939	168
			940	169
			941	169
			942	169
			943	170
			944	170
			945	171
			946	171
			947	172
			948	172
			949	172
			949	173
			950	173
			951	173
			952	174
			953	174
			954	175
			955	175
			956	175
			957	176
			958	177
			959	177
			960	178
			961	178
			962	179
			963	179
			964	180
			965	180
			966	181
			967	181
			968	181
			969	182
			970	183
			971	183
			972	183
			973	184
			974	185
			975	185
			976	186
			977	186
			978	187
			979	187
			980	188
			981	189
			982	189
			983	190
			984	191
			985	191
			986	192
			987	192
			988	193
			989	194
			990	194
			991	195
			992	195
			993	196
			994	197
			995	197
			996	198
			997	199
			998	199
			999	200
			1000	200
			1001	201
			1002	202
			1003	202
			1004	203
			1004	204
			1005	204
			1006	205
			1007	206
			1008	206
			1009	207
			1010	208
			1011	209
			1012	209
			1013	210
			1014	211
			1015	212
			1016	213
			1017	214
			1018	215
			1019	215
			1020	216
			1021	217
			1022	218
			1023	219
			1024	219
			1025	220
			1026	221
			1027	222
			1028	223
			1029	224
			1030	224
			1031	225
			1031	226
			1032	227
			1033	228
			1034	228
			1035	229
			1036	230
			1036	231
			1037	232
			1038	232
			1039	233
			1040	234
			1040	235
			1041	236
			1042	237
			1043	237
			1044	238
			1044	239
			1045	240
			1046	241
			1047	242
			1048	243
			1049	244
			1050	244
			1051	245
			1052	246
			1053	247
			1054	247
			1055	248
			1056	249
			1057	250
			1058	250
			1059	251
			1060	251
			1061	252
			1061	253
			1062	253
			1063	254
			1064	254
			1065	255
			1066	256
			1067	257
			1068	257
			1069	258
			1070	259
			1071	259
			1072	260
			1073	261
			1074	261
			1075	262
			1076	263
			1077	263
			1078	264
			1079	265
			1080	266
			1081	266
			1082	267
			1083	267
			1083	268
			1084	268
			1085	269
			1086	270
			1087	270
			1088	271
			1089	272
			1090	272
			1091	273
			1092	273
			1092	274
			1093	275
			1094	275
			1095	276
			1096	276
			1096	277
			1097	277
			1098	278
			1099	278
			1100	279
			1101	280
			1102	280
			1103	281
			1104	282
			1105	282
			1106	283
			1107	283
			1108	284
			1109	285
			1110	286
			1111	286
			1112	287
			1113	287
			1113	288
			1114	288
			1115	289
			1116	289
			1117	290
			1118	291
			1119	291
			1120	292
			1121	292
			1121	293
			1122	293
			1123	294
			1124	294
			1124	295
			1125	295
			1126	296
			1127	296
			1128	297
			1129	298
			1130	298
			1131	299
			1132	299
			1133	300
			1134	300
			1135	301
			1135	302
			1136	302
			1137	303
			1138	303
			1139	304
			1140	304
			1141	305
			1142	305
			1143	306
			1144	306
			1145	307
			1145	308
			1146	308
			1147	309
			1148	309
			1149	310
			1150	311
			1151	311
			1152	312
			1153	312
			1153	313
			1154	313
			1155	314
			1156	315
			1157	316
			1158	316
			1159	317
			1160	317
			1160	318
			1161	319
			1162	319
			1163	320
			1164	320
			1164	321
			1165	322
			1166	322
			1167	323
			1168	324
			1169	325
			1170	325
			1171	326
			1172	327
			1173	327
			1174	328
			1175	329
			1176	330
			1177	331
			1178	332
			1179	333
			1180	334
			1181	334
			1182	335
			1183	336
			1184	337
			1185	337
			1186	338
			1187	339
			1188	340
			1189	341
			1190	342
			1191	343
			1192	343
			1193	344
			1194	345
			1195	346
			1196	346
			1196	347
			1197	348
			1198	349
			1199	349
			1200	350
			1201	351
			1202	352
			1203	353
			1204	354
			1205	355
			1206	356
			1207	357
			1208	358
			1209	359
			1210	359
			1211	360
			1212	361
			1213	362
			1214	363
			1215	364
			1216	365
			1217	366
			1218	367
			1219	368
			1220	368
			1220	369
			1221	370
			1222	371
			1223	372
			1224	373
			1225	374
			1226	375
			1227	376
			1228	377
			1228	378
			1229	378
			1230	379
			1231	380
			1232	381
			1233	382
			1233	383
			1234	384
			1235	385
			1236	386
			1237	387
			1238	388
			1238	389
			1239	389
			1240	390
			1241	391
			1242	392
			1242	393
			1243	394
			1244	395
			1245	396
			1246	397
			1247	398
			1248	399
			1249	400
			1250	401
			1251	402
			1252	403
			1253	404
			1253	405
			1254	406
			1255	406
			1255	407
			1256	408
			1257	409
			1258	410
			1259	411
			1260	412
			1261	413
			1261	414
			1262	415
			1263	416
			1264	417
			1265	418
			1266	419
			1267	420
			1268	421
			1268	422
			1269	423
			1270	424
			1271	425
			1272	426
			1272	427
			1273	428
			1274	429
			1274	430
			1275	431
			1276	431
			1276	432
			1277	433
			1278	434
			1278	435
			1279	436
			1280	437
			1280	438
			1281	439
			1282	440
			1283	441
			1283	442
			1284	443
			1285	444
			1286	445
			1287	446
			1287	447
			1288	448
			1289	449
			1289	450
			1290	451
			1291	452
			1291	453
			1292	454
			1293	454
			1293	455
			1294	456
			1295	457
			1295	458
			1296	459
			1297	460
			1297	461
			1298	462
			1299	463
			1299	464
			1300	465
			1301	466
			1301	467
			1302	468
			1303	469
			1304	470
			1304	471
			1305	472
			1306	473
			1306	474
			1307	475
			1308	476
			1308	477
			1309	478
			1310	479
			1311	480
			1311	481
			1312	482
			1313	483
			1313	484
			1314	485
			1315	486
			1316	487
			1316	488
			1317	489
			1318	490
			1318	491
			1319	491
			1319	492
			1319	493
			1320	493
			1320	494
			1321	495
			1322	496
			1323	497
			1323	498
			1324	499
			1324	500
			1325	501
			1325	502
			1326	502
			1326	503
			1327	504
			1328	505
			1328	506
			1329	507
			1330	508
			1330	509
			1331	510
			1332	511
			1333	512
			1333	513
			1333	514
			1334	514
			1334	515
			1335	516
			1335	517
			1336	518
			1337	519
			1338	520
			1338	521
			1339	522
			1339	523
			1340	523
			1340	524
			1341	525
			1341	526
			1342	526
			1342	527
			1343	528
			1343	529
			1344	530
			1345	531
			1345	532
			1346	533
			1347	534
			1347	535
			1348	536
			1348	537
			1349	538
			1350	539
			1350	540
			1351	541
			1352	542
			1352	543
			1353	544
			1353	545
			1354	546
			1355	547
			1355	548
			1356	549
			1357	550
			1357	551
			1358	552
			1359	553
			1359	554
			1360	555
			1361	556
			1361	557
			1362	558
			1363	559
			1363	560
			1364	561
			1365	562
			1365	563
			1366	564
			1367	565
			1367	566
			1367	567
			1368	567
			1368	568
			1369	569
			1369	570
			1370	571
			1371	572
			1371	573
			1372	574
			1373	575
			1373	576
			1374	577
			1374	578
			1375	579
			1375	580
			1376	581
			1377	582
			1377	583
			1378	584
			1378	585
			1379	586
			1380	587
			1380	588
			1381	589
			1382	590
			1382	591
			1383	592
			1383	593
			1384	593
			1384	594
			1385	595
			1386	596
			1386	597
			1387	598
			1387	599
			1388	600
			1389	601
			1389	602
			1390	603
			1391	604
			1391	605
			1392	606
			1392	607
			1393	608
			1393	609
			1394	610
			1394	611
			1395	611
			1396	612
			1396	613
			1397	613
			1398	614
			1398	615
			1399	616
			1400	617
			1400	618
			1401	618
			1402	619
			1403	620
			1403	621
			1404	622
			1405	623
			1406	624
			1407	625
			1408	626
			1408	627
			1409	628
			1410	629
			1411	630
			1412	631
			1412	632
			1413	633
			1414	634
			1415	635
			1415	636
			1416	637
			1417	638
			1417	639
			1418	639
			1418	640
			1419	641
			1419	642
			1420	643
			1421	644
			1422	645
			1422	646
			1423	647
			1424	648
			1425	649
			1425	650
			1426	651
			1426	652
			1427	653
			1428	653
			1428	654
			1429	655
			1429	656
			1430	657
			1431	658
			1431	659
			1432	660
			1432	661
			1433	662
			1434	662
			1434	663
			1435	664
			1435	665
			1436	666
			1437	667
			1437	668
			1438	669
			1438	670
			1439	671
			1439	672
			1440	673
			1441	674
			1442	675
			1442	676
			1443	677
			1443	678
			1444	679
			1445	680
			1445	681
			1446	682
			1446	683
			1446	684
			1447	685
			1448	686
			1448	687
			1449	688
			1449	689
			1450	690
			1450	691
			1451	692
			1452	693
			1452	694
			1453	695
			1453	696
			1454	697
			1454	698
			1455	699
			1455	700
			1456	701
			1456	702
			1457	703
			1457	704
			1458	705
			1458	706
			1459	707
			1459	708
			1459	709
			1460	710
			1460	711
			1461	712
			1461	713
			1462	714
			1462	715
			1463	716
			1463	717
			1464	718
			1464	719
			1465	720
			1465	721
			1465	722
			1466	723
			1466	724
			1467	725
			1467	726
			1468	727
			1468	728
		</anterior>
		<posterior type=matrix rownames=FALSE colnames=FALSE nrow=756 ncol=2 as.numeric=TRUE >
			812	794
			813	794
			814	794
			815	794
			816	793
			817	793
			818	793
			819	793
			820	793
			821	793
			822	793
			823	792
			824	792
			825	792
			826	792
			827	792
			828	792
			829	791
			830	791
			831	791
			832	791
			833	791
			834	791
			835	791
			836	790
			837	790
			838	790
			839	790
			840	790
			841	790
			842	789
			843	789
			844	789
			845	789
			846	789
			847	789
			848	788
			849	788
			850	788
			851	788
			852	788
			853	787
			854	787
			855	787
			856	787
			857	787
			858	787
			859	786
			860	786
			861	786
			862	786
			863	786
			864	785
			865	785
			866	785
			867	785
			868	785
			869	785
			870	784
			871	784
			872	784
			873	784
			874	784
			875	783
			876	783
			877	783
			878	783
			879	783
			880	782
			881	782
			882	782
			883	782
			884	781
			885	781
			886	781
			887	781
			888	781
			889	780
			890	780
			891	780
			892	780
			893	779
			894	779
			895	779
			896	779
			897	779
			898	778
			899	778
			900	778
			901	777
			902	777
			903	777
			904	777
			905	777
			906	776
			907	776
			908	776
			909	776
			910	775
			911	775
			912	775
			913	775
			914	774
			915	774
			916	774
			917	774
			917	773
			918	773
			919	773
			920	773
			921	772
			922	772
			923	772
			924	772
			925	771
			926	771
			927	771
			928	770
			929	770
			930	770
			931	770
			931	769
			932	769
			933	769
			934	769
			935	768
			936	768
			937	767
			938	766
			939	766
			940	765
			940	764
			941	764
			942	763
			943	762
			944	762
			945	761
			945	760
			946	760
			947	759
			948	758
			949	758
			950	757
			950	756
			951	756
			952	755
			953	754
			954	754
			954	753
			955	752
			956	752
			957	751
			958	750
			959	750
			959	749
			960	748
			961	748
			962	747
			963	746
			964	745
			965	744
			966	744
			967	743
			968	742
			969	741
			970	741
			971	740
			972	739
			973	739
			974	738
			975	737
			976	736
			977	736
			978	735
			979	734
			980	734
			980	733
			981	732
			982	731
			983	731
			984	730
			985	729
			986	729
			987	728
			988	727
			989	727
			990	726
			991	725
			992	725
			993	724
			994	723
			995	722
			996	721
			997	721
			998	720
			999	719
			1000	719
			1001	718
			1002	717
			1003	717
			1003	716
			1004	716
			1004	715
			1005	715
			1005	714
			1006	714
			1006	713
			1007	713
			1008	712
			1009	711
			1010	711
			1011	711
			1012	711
			1012	710
			1013	710
			1014	710
			1015	710
			1016	710
			1017	710
			1018	709
			1019	709
			1020	709
			1021	709
			1022	709
			1023	709
			1024	709
			1025	709
			1026	709
			1027	709
			1028	709
			1029	709
			1030	709
			1031	709
			1032	709
			1033	709
			1034	709
			1035	709
			1036	709
			1037	709
			1038	709
			1039	709
			1040	709
			1041	710
			1042	710
			1043	710
			1044	710
			1045	710
			1046	710
			1047	710
			1048	710
			1049	710
			1050	710
			1051	710
			1052	710
			1053	711
			1054	711
			1055	711
			1056	711
			1057	711
			1058	711
			1059	711
			1060	711
			1061	712
			1062	712
			1063	712
			1064	712
			1065	712
			1066	712
			1067	712
			1068	713
			1069	713
			1070	713
			1071	713
			1072	713
			1073	713
			1074	713
			1075	714
			1076	714
			1077	714
			1078	714
			1079	714
			1080	714
			1081	714
			1082	714
			1083	714
			1084	714
			1085	714
			1086	714
			1087	714
			1088	714
			1089	714
			1090	714
			1091	714
			1092	714
			1093	714
			1094	714
			1095	714
			1096	714
			1097	714
			1098	714
			1099	714
			1100	714
			1101	714
			1102	714
			1103	714
			1104	714
			1105	714
			1106	714
			1107	714
			1108	714
			1109	714
			1110	714
			1111	714
			1112	714
			1113	714
			1114	714
			1115	714
			1116	714
			1117	714
			1118	714
			1119	714
			1120	714
			1121	714
			1122	715
			1123	715
			1124	715
			1125	715
			1126	715
			1127	715
			1128	715
			1129	715
			1130	715
			1131	715
			1132	715
			1133	715
			1134	715
			1135	715
			1136	715
			1137	715
			1138	715
			1139	715
			1140	715
			1141	715
			1142	715
			1143	716
			1144	716
			1145	716
			1146	716
			1147	716
			1148	716
			1149	716
			1150	716
			1151	716
			1152	716
			1153	716
			1154	716
			1155	716
			1156	716
			1157	716
			1158	717
			1159	717
			1160	717
			1161	717
			1162	717
			1163	717
			1164	717
			1165	717
			1166	717
			1167	717
			1168	717
			1169	717
			1170	717
			1171	718
			1172	718
			1173	718
			1174	718
			1175	718
			1176	718
			1177	718
			1178	718
			1179	718
			1180	718
			1181	718
			1182	719
			1183	719
			1184	719
			1185	719
			1186	719
			1187	719
			1188	719
			1189	719
			1190	719
			1191	719
			1192	720
			1193	720
			1194	720
			1195	720
			1196	720
			1197	720
			1198	720
			1199	720
			1200	720
			1201	721
			1202	721
			1203	721
			1204	721
			1205	721
			1206	721
			1207	721
			1208	721
			1209	722
			1210	722
			1211	722
			1212	722
			1213	722
			1214	722
			1215	722
			1216	722
			1217	723
			1218	723
			1219	723
			1220	723
			1221	723
			1222	723
			1223	723
			1224	724
			1225	724
			1226	724
			1227	724
			1228	724
			1229	724
			1230	724
			1231	725
			1232	725
			1233	725
			1234	725
			1235	725
			1236	726
			1237	726
			1238	727
			1239	727
			1240	727
			1241	728
			1242	728
			1243	729
			1244	729
			1245	730
			1246	730
			1247	730
			1248	731
			1249	731
			1250	731
			1251	732
			1252	732
			1253	733
			1254	733
			1255	733
			1256	734
			1257	734
			1258	734
			1259	735
			1260	735
			1261	736
			1262	736
			1263	736
			1263	737
			1264	737
			1265	737
			1266	738
			1267	738
			1268	739
			1269	739
			1270	739
			1271	740
			1272	740
			1273	740
			1274	741
			1275	741
			1276	741
			1277	742
			1278	742
			1279	743
			1280	743
			1281	743
			1282	744
			1283	744
			1284	744
			1285	745
			1286	745
			1287	746
			1288	746
			1289	746
			1290	747
			1291	747
			1292	748
			1293	748
			1294	748
			1295	749
			1296	749
			1297	750
			1298	750
			1299	750
			1300	750
			1300	751
			1301	751
			1302	751
			1303	752
			1304	752
			1305	752
			1306	753
			1307	753
			1308	754
			1309	754
			1310	754
			1311	755
			1312	755
			1313	756
			1314	756
			1315	756
			1316	756
			1316	757
			1317	757
			1318	757
			1319	758
			1320	758
			1321	759
			1322	759
			1323	759
			1324	760
			1325	760
			1326	760
			1327	761
			1328	761
			1329	761
			1330	762
			1331	762
			1332	763
			1333	763
			1334	763
			1335	764
			1336	764
			1337	764
			1337	765
			1338	765
			1339	765
			1340	765
			1341	766
			1342	766
			1343	767
			1344	767
			1345	767
			1346	768
			1347	768
			1348	768
			1349	769
			1350	769
			1351	769
			1352	770
			1353	770
			1354	771
			1355	771
			1356	771
			1357	772
			1358	772
			1359	772
			1360	773
			1361	773
			1362	774
			1363	775
			1364	776
			1365	777
			1365	778
			1366	778
			1367	779
			1368	780
			1368	781
			1369	782
			1370	782
			1371	783
			1371	784
			1372	784
			1373	785
			1374	786
			1374	787
			1375	787
			1376	788
			1377	789
			1378	790
			1379	791
			1380	791
			1380	792
			1381	793
			1382	793
			1383	794
			1383	795
			1384	795
			1385	796
			1386	796
			1386	797
			1387	797
			1388	798
			1389	798
			1389	799
			1390	799
			1391	800
			1392	801
			1393	801
			1394	802
			1395	803
			1396	803
			1397	803
			1398	804
			1399	804
			1400	804
			1401	805
			1402	805
			1403	805
			1404	805
			1405	805
			1406	805
			1407	804
			1408	804
			1409	803
			1410	802
			1411	801
			1411	800
			1412	799
			1412	798
			1412	797
			1413	796
			1413	795
			1413	794
			1413	793
			1413	792
			1413	791
			1413	790
			1413	789
			1413	788
			1413	787
			1413	786
			1413	785
			1413	784
			1413	783
			1413	782
			1413	781
			1413	780
			1413	779
			1412	778
			1411	778
			1410	777
			1409	776
			1408	775
			1407	774
			1406	773
			1405	772
			1404	772
			1404	771
			1403	770
			1403	769
			1402	768
			1401	767
			1401	766
			1400	765
			1400	764
			1400	763
			1399	762
			1399	761
			1399	760
			1399	759
			1399	758
			1399	757
			1399	756
			1399	755
			1399	754
			1400	753
			1400	752
			1400	751
			1401	750
			1401	749
			1401	748
			1402	747
			1402	746
			1402	745
			1403	744
			1404	743
			1404	742
			1405	741
			1405	740
			1406	740
			1406	739
			1407	738
			1407	737
			1408	736
			1409	735
			1410	734
			1411	733
			1412	732
			1413	731
			1414	730
			1414	729
			1415	728
			1416	727
			1417	726
			1418	725
			1419	724
			1420	723
			1421	723
			1421	722
			1422	721
			1423	720
			1424	719
			1425	718
			1426	718
			1427	717
			1428	716
			1429	717
			1430	718
			1431	719
			1432	719
			1433	720
			1434	720
			1435	721
			1436	721
			1437	722
			1438	722
			1439	723
			1440	724
			1441	724
			1442	724
			1443	725
			1444	725
			1445	726
			1446	726
			1447	726
			1448	726
			1448	727
			1449	727
			1450	727
			1451	727
			1452	727
			1453	727
			1454	728
			1455	728
			1456	728
			1457	728
			1458	728
			1459	728
			1460	728
			1461	728
			1462	728
			1463	728
			1464	728
			1465	728
			1466	728
			1467	728
			1468	728
		</posterior>
	</curves.pixel>
	<curves.scaled type=list>
		<glabella type=matrix rownames=FALSE colnames=FALSE nrow=767 ncol=2 as.numeric=TRUE >
			2.64163822525597	-0.47098976109215
			2.64505119453925	-0.47098976109215
			2.64846416382253	-0.47098976109215
			2.6518771331058	-0.47098976109215
			2.65529010238908	-0.47098976109215
			2.65870307167235	-0.47098976109215
			2.66211604095563	-0.47098976109215
			2.66552901023891	-0.47098976109215
			2.66894197952218	-0.47098976109215
			2.67235494880546	-0.47098976109215
			2.67576791808874	-0.47098976109215
			2.67918088737201	-0.47098976109215
			2.68259385665529	-0.47098976109215
			2.68600682593857	-0.47098976109215
			2.68941979522184	-0.474402730375427
			2.69283276450512	-0.474402730375427
			2.6962457337884	-0.474402730375427
			2.69965870307167	-0.474402730375427
			2.70307167235495	-0.474402730375427
			2.70648464163823	-0.474402730375427
			2.7098976109215	-0.474402730375427
			2.71331058020478	-0.474402730375427
			2.71672354948805	-0.474402730375427
			2.72013651877133	-0.474402730375427
			2.72354948805461	-0.474402730375427
			2.72696245733788	-0.474402730375427
			2.73037542662116	-0.474402730375427
			2.73378839590444	-0.474402730375427
			2.73720136518771	-0.474402730375427
			2.74061433447099	-0.474402730375427
			2.74402730375427	-0.474402730375427
			2.74744027303754	-0.477815699658703
			2.75085324232082	-0.477815699658703
			2.7542662116041	-0.477815699658703
			2.75767918088737	-0.477815699658703
			2.76109215017065	-0.477815699658703
			2.76450511945392	-0.477815699658703
			2.7679180887372	-0.477815699658703
			2.77133105802048	-0.477815699658703
			2.77474402730375	-0.477815699658703
			2.77815699658703	-0.477815699658703
			2.78156996587031	-0.477815699658703
			2.78498293515358	-0.48122866894198
			2.78839590443686	-0.48122866894198
			2.79180887372014	-0.48122866894198
			2.79522184300341	-0.48122866894198
			2.79863481228669	-0.48122866894198
			2.80204778156997	-0.48122866894198
			2.80546075085324	-0.48122866894198
			2.80887372013652	-0.48122866894198
			2.8122866894198	-0.48122866894198
			2.81569965870307	-0.48122866894198
			2.81911262798635	-0.484641638225256
			2.82252559726962	-0.484641638225256
			2.8259385665529	-0.484641638225256
			2.82935153583618	-0.484641638225256
			2.83276450511945	-0.484641638225256
			2.83617747440273	-0.484641638225256
			2.83959044368601	-0.484641638225256
			2.84300341296928	-0.484641638225256
			2.84641638225256	-0.484641638225256
			2.84982935153584	-0.488054607508532
			2.85324232081911	-0.488054607508532
			2.85665529010239	-0.488054607508532
			2.86006825938567	-0.488054607508532
			2.86348122866894	-0.488054607508532
			2.86689419795222	-0.488054607508532
			2.87030716723549	-0.491467576791809
			2.87372013651877	-0.491467576791809
			2.87713310580205	-0.491467576791809
			2.88054607508532	-0.491467576791809
			2.8839590443686	-0.491467576791809
			2.88737201365188	-0.491467576791809
			2.89078498293515	-0.491467576791809
			2.89419795221843	-0.494880546075085
			2.89761092150171	-0.494880546075085
			2.90102389078498	-0.494880546075085
			2.90443686006826	-0.494880546075085
			2.90784982935154	-0.494880546075085
			2.91126279863481	-0.494880546075085
			2.91467576791809	-0.494880546075085
			2.91808873720137	-0.498293515358362
			2.92150170648464	-0.498293515358362
			2.92491467576792	-0.498293515358362
			2.92832764505119	-0.498293515358362
			2.93174061433447	-0.498293515358362
			2.93515358361775	-0.501706484641638
			2.93856655290102	-0.501706484641638
			2.9419795221843	-0.501706484641638
			2.94539249146758	-0.501706484641638
			2.94880546075085	-0.501706484641638
			2.95221843003413	-0.505119453924915
			2.95563139931741	-0.505119453924915
			2.95904436860068	-0.505119453924915
			2.96245733788396	-0.505119453924915
			2.96587030716724	-0.505119453924915
			2.96928327645051	-0.508532423208191
			2.97269624573379	-0.508532423208191
			2.97610921501706	-0.508532423208191
			2.97952218430034	-0.508532423208191
			2.98293515358362	-0.508532423208191
			2.98634812286689	-0.511945392491468
			2.98976109215017	-0.511945392491468
			2.99317406143345	-0.511945392491468
			2.99658703071672	-0.511945392491468
			3	-0.511945392491468
			3.00341296928328	-0.515358361774744
			3.00682593856655	-0.515358361774744
			3.01023890784983	-0.515358361774744
			3.01365187713311	-0.518771331058021
			3.01706484641638	-0.518771331058021
			3.02047781569966	-0.518771331058021
			3.02389078498294	-0.518771331058021
			3.02730375426621	-0.518771331058021
			3.03071672354949	-0.522184300341297
			3.03412969283276	-0.522184300341297
			3.03754266211604	-0.522184300341297
			3.04095563139932	-0.522184300341297
			3.04095563139932	-0.525597269624573
			3.04436860068259	-0.525597269624573
			3.04778156996587	-0.525597269624573
			3.05119453924915	-0.525597269624573
			3.05460750853242	-0.525597269624573
			3.05460750853242	-0.52901023890785
			3.0580204778157	-0.52901023890785
			3.06143344709898	-0.52901023890785
			3.06484641638225	-0.52901023890785
			3.06825938566553	-0.532423208191126
			3.07167235494881	-0.532423208191126
			3.07508532423208	-0.532423208191126
			3.07849829351536	-0.532423208191126
			3.08191126279863	-0.535836177474403
			3.08532423208191	-0.535836177474403
			3.08873720136519	-0.535836177474403
			3.09215017064846	-0.539249146757679
			3.09556313993174	-0.539249146757679
			3.09897610921502	-0.539249146757679
			3.10238907849829	-0.542662116040956
			3.10580204778157	-0.542662116040956
			3.10921501706485	-0.542662116040956
			3.11262798634812	-0.546075085324232
			3.1160409556314	-0.546075085324232
			3.11945392491468	-0.546075085324232
			3.12286689419795	-0.546075085324232
			3.12627986348123	-0.549488054607508
			3.12969283276451	-0.549488054607508
			3.13310580204778	-0.552901023890785
			3.13651877133106	-0.552901023890785
			3.13993174061433	-0.552901023890785
			3.14334470989761	-0.552901023890785
			3.14675767918089	-0.556313993174061
			3.15017064846416	-0.556313993174061
			3.15358361774744	-0.556313993174061
			3.15358361774744	-0.559726962457338
			3.15699658703072	-0.559726962457338
			3.16040955631399	-0.559726962457338
			3.16382252559727	-0.563139931740614
			3.16723549488055	-0.563139931740614
			3.17064846416382	-0.563139931740614
			3.1740614334471	-0.566552901023891
			3.17747440273038	-0.566552901023891
			3.18088737201365	-0.566552901023891
			3.18430034129693	-0.569965870307167
			3.1877133105802	-0.573378839590444
			3.19112627986348	-0.573378839590444
			3.19453924914676	-0.573378839590444
			3.19795221843003	-0.57679180887372
			3.20136518771331	-0.57679180887372
			3.20477815699659	-0.57679180887372
			3.20477815699659	-0.580204778156997
			3.20819112627986	-0.580204778156997
			3.21160409556314	-0.580204778156997
			3.21501706484642	-0.583617747440273
			3.21843003412969	-0.583617747440273
			3.22184300341297	-0.587030716723549
			3.22525597269625	-0.587030716723549
			3.22866894197952	-0.587030716723549
			3.2320819112628	-0.590443686006826
			3.23549488054608	-0.590443686006826
			3.23890784982935	-0.593856655290102
			3.24232081911263	-0.593856655290102
			3.2457337883959	-0.597269624573379
			3.24914675767918	-0.597269624573379
			3.25255972696246	-0.600682593856655
			3.25597269624573	-0.600682593856655
			3.25938566552901	-0.604095563139932
			3.26279863481229	-0.604095563139932
			3.26621160409556	-0.607508532423208
			3.26962457337884	-0.607508532423208
			3.27303754266212	-0.610921501706485
			3.27645051194539	-0.610921501706485
			3.27986348122867	-0.614334470989761
			3.28327645051195	-0.614334470989761
			3.28668941979522	-0.617747440273038
			3.2901023890785	-0.617747440273038
			3.29351535836177	-0.621160409556314
			3.29692832764505	-0.621160409556314
			3.30034129692833	-0.62457337883959
			3.3037542662116	-0.627986348122867
			3.30716723549488	-0.627986348122867
			3.31058020477816	-0.627986348122867
			3.31399317406143	-0.631399317406143
			3.31740614334471	-0.631399317406143
			3.32081911262799	-0.63481228668942
			3.32423208191126	-0.63481228668942
			3.32423208191126	-0.638225255972696
			3.32764505119454	-0.638225255972696
			3.33105802047782	-0.641638225255973
			3.33447098976109	-0.641638225255973
			3.33788395904437	-0.645051194539249
			3.34129692832765	-0.645051194539249
			3.34129692832765	-0.648464163822526
			3.34470989761092	-0.648464163822526
			3.3481228668942	-0.651877133105802
			3.35153583617747	-0.651877133105802
			3.35494880546075	-0.655290102389078
			3.35836177474403	-0.658703071672355
			3.3617747440273	-0.662116040955631
			3.36518771331058	-0.662116040955631
			3.36860068259386	-0.665529010238908
			3.37201365187713	-0.665529010238908
			3.37542662116041	-0.668941979522184
			3.37883959044369	-0.672354948805461
			3.38225255972696	-0.672354948805461
			3.38566552901024	-0.675767918088737
			3.38907849829352	-0.679180887372014
			3.39249146757679	-0.679180887372014
			3.39590443686007	-0.68259385665529
			3.39931740614334	-0.686006825938567
			3.40273037542662	-0.686006825938567
			3.4061433447099	-0.689419795221843
			3.40955631399317	-0.692832764505119
			3.41296928327645	-0.696245733788396
			3.41638225255973	-0.699658703071672
			3.419795221843	-0.699658703071672
			3.42320819112628	-0.703071672354949
			3.42662116040956	-0.706484641638225
			3.43003412969283	-0.709897610921502
			3.43344709897611	-0.709897610921502
			3.43686006825939	-0.713310580204778
			3.44027303754266	-0.716723549488055
			3.44368600682594	-0.720136518771331
			3.44709897610922	-0.723549488054608
			3.45051194539249	-0.723549488054608
			3.45392491467577	-0.726962457337884
			3.45733788395904	-0.73037542662116
			3.46075085324232	-0.733788395904437
			3.4641638225256	-0.733788395904437
			3.46757679180887	-0.737201365187713
			3.46757679180887	-0.74061433447099
			3.47098976109215	-0.744027303754266
			3.47440273037543	-0.744027303754266
			3.4778156996587	-0.747440273037543
			3.48122866894198	-0.750853242320819
			3.48464163822526	-0.754266211604096
			3.48805460750853	-0.754266211604096
			3.48805460750853	-0.757679180887372
			3.49146757679181	-0.761092150170648
			3.49488054607509	-0.764505119453925
			3.49829351535836	-0.767918088737201
			3.50170648464164	-0.767918088737201
			3.50511945392491	-0.771331058020478
			3.50853242320819	-0.774744027303754
			3.50853242320819	-0.778156996587031
			3.51194539249147	-0.781569965870307
			3.51535836177474	-0.784982935153584
			3.51877133105802	-0.784982935153584
			3.5221843003413	-0.78839590443686
			3.5221843003413	-0.791808873720137
			3.52559726962457	-0.795221843003413
			3.52901023890785	-0.798634812286689
			3.53242320819113	-0.802047781569966
			3.5358361774744	-0.802047781569966
			3.53924914675768	-0.805460750853242
			3.53924914675768	-0.808873720136519
			3.54266211604096	-0.812286689419795
			3.54607508532423	-0.815699658703072
			3.54948805460751	-0.819112627986348
			3.54948805460751	-0.822525597269625
			3.55290102389079	-0.825938566552901
			3.55631399317406	-0.825938566552901
			3.55972696245734	-0.829351535836177
			3.55972696245734	-0.832764505119454
			3.56313993174061	-0.83617747440273
			3.56655290102389	-0.839590443686007
			3.56996587030717	-0.843003412969283
			3.57337883959044	-0.84641638225256
			3.57679180887372	-0.849829351535836
			3.57679180887372	-0.853242320819113
			3.580204778157	-0.856655290102389
			3.580204778157	-0.860068259385666
			3.58361774744027	-0.860068259385666
			3.58361774744027	-0.863481228668942
			3.58703071672355	-0.866894197952218
			3.58703071672355	-0.870307167235495
			3.59044368600683	-0.873720136518771
			3.5938566552901	-0.877133105802048
			3.5938566552901	-0.880546075085324
			3.59726962457338	-0.883959044368601
			3.59726962457338	-0.887372013651877
			3.60068259385666	-0.890784982935154
			3.60068259385666	-0.89419795221843
			3.60409556313993	-0.897610921501707
			3.60409556313993	-0.901023890784983
			3.60750853242321	-0.904436860068259
			3.60750853242321	-0.907849829351536
			3.60750853242321	-0.911262798634812
			3.61092150170648	-0.914675767918089
			3.61092150170648	-0.918088737201365
			3.61092150170648	-0.921501706484642
			3.61433447098976	-0.924914675767918
			3.61433447098976	-0.928327645051195
			3.61433447098976	-0.931740614334471
			3.61774744027304	-0.935153583617747
			3.61774744027304	-0.938566552901024
			3.61774744027304	-0.9419795221843
			3.61774744027304	-0.945392491467577
			3.62116040955631	-0.948805460750853
			3.62116040955631	-0.95221843003413
			3.62116040955631	-0.955631399317406
			3.62116040955631	-0.959044368600683
			3.62116040955631	-0.962457337883959
			3.62116040955631	-0.965870307167236
			3.62116040955631	-0.969283276450512
			3.62116040955631	-0.972696245733788
			3.62457337883959	-0.976109215017065
			3.62457337883959	-0.979522184300341
			3.62457337883959	-0.982935153583618
			3.62457337883959	-0.986348122866894
			3.62457337883959	-0.989761092150171
			3.62457337883959	-0.993174061433447
			3.62457337883959	-0.996587030716724
			3.62457337883959	-1
			3.62457337883959	-1.00341296928328
			3.62457337883959	-1.00682593856655
			3.62116040955631	-1.01023890784983
			3.62116040955631	-1.01365187713311
			3.62116040955631	-1.01706484641638
			3.62116040955631	-1.02047781569966
			3.62116040955631	-1.02389078498294
			3.62116040955631	-1.02730375426621
			3.62116040955631	-1.03071672354949
			3.62116040955631	-1.03412969283276
			3.61774744027304	-1.03754266211604
			3.61774744027304	-1.04095563139932
			3.61774744027304	-1.04436860068259
			3.61774744027304	-1.04778156996587
			3.61774744027304	-1.05119453924915
			3.61433447098976	-1.05460750853242
			3.61433447098976	-1.0580204778157
			3.61433447098976	-1.06143344709898
			3.61092150170648	-1.06484641638225
			3.61092150170648	-1.06825938566553
			3.61092150170648	-1.07167235494881
			3.60750853242321	-1.07508532423208
			3.60750853242321	-1.07849829351536
			3.60750853242321	-1.08191126279863
			3.60750853242321	-1.08532423208191
			3.60409556313993	-1.08532423208191
			3.60409556313993	-1.08873720136519
			3.60409556313993	-1.09215017064846
			3.60409556313993	-1.09556313993174
			3.60068259385666	-1.09897610921502
			3.59726962457338	-1.10238907849829
			3.59726962457338	-1.10580204778157
			3.59726962457338	-1.10921501706485
			3.5938566552901	-1.11262798634812
			3.5938566552901	-1.1160409556314
			3.59044368600683	-1.11945392491468
			3.59044368600683	-1.12286689419795
			3.58703071672355	-1.12627986348123
			3.58703071672355	-1.12969283276451
			3.58703071672355	-1.13310580204778
			3.59044368600683	-1.13651877133106
			3.59044368600683	-1.13993174061433
			3.5938566552901	-1.13993174061433
			3.5938566552901	-1.14334470989761
			3.59726962457338	-1.14675767918089
			3.59726962457338	-1.15017064846416
			3.60068259385666	-1.15358361774744
			3.60068259385666	-1.15699658703072
			3.60409556313993	-1.15699658703072
			3.60409556313993	-1.16040955631399
			3.60750853242321	-1.16382252559727
			3.60750853242321	-1.16723549488055
			3.60750853242321	-1.17064846416382
			3.61092150170648	-1.1740614334471
			3.61433447098976	-1.17747440273038
			3.61433447098976	-1.18088737201365
			3.61774744027304	-1.18430034129693
			3.61774744027304	-1.1877133105802
			3.62116040955631	-1.19112627986348
			3.62116040955631	-1.19453924914676
			3.62116040955631	-1.19795221843003
			3.62457337883959	-1.20136518771331
			3.62457337883959	-1.20477815699659
			3.62798634812287	-1.20819112627986
			3.62798634812287	-1.21160409556314
			3.63139931740614	-1.21501706484642
			3.63139931740614	-1.21843003412969
			3.63139931740614	-1.22184300341297
			3.63481228668942	-1.22525597269625
			3.63481228668942	-1.22866894197952
			3.63481228668942	-1.2320819112628
			3.6382252559727	-1.23549488054608
			3.6382252559727	-1.23890784982935
			3.6382252559727	-1.24232081911263
			3.64163822525597	-1.2457337883959
			3.64163822525597	-1.24914675767918
			3.64163822525597	-1.25255972696246
			3.64505119453925	-1.25597269624573
			3.64505119453925	-1.25938566552901
			3.64505119453925	-1.26279863481229
			3.64505119453925	-1.26621160409556
			3.64846416382253	-1.26621160409556
			3.64846416382253	-1.26962457337884
			3.64846416382253	-1.27303754266212
			3.64846416382253	-1.27645051194539
			3.6518771331058	-1.27986348122867
			3.6518771331058	-1.28327645051195
			3.6518771331058	-1.28668941979522
			3.6518771331058	-1.2901023890785
			3.65529010238908	-1.29351535836177
			3.65529010238908	-1.29692832764505
			3.65529010238908	-1.30034129692833
			3.65529010238908	-1.3037542662116
			3.65870307167236	-1.30716723549488
			3.65870307167236	-1.31058020477816
			3.65870307167236	-1.31399317406143
			3.65870307167236	-1.31740614334471
			3.65870307167236	-1.32081911262799
			3.65870307167236	-1.32423208191126
			3.65870307167236	-1.32764505119454
			3.66211604095563	-1.32764505119454
			3.66211604095563	-1.33105802047782
			3.66211604095563	-1.33447098976109
			3.66211604095563	-1.33788395904437
			3.66211604095563	-1.34129692832765
			3.66211604095563	-1.34470989761092
			3.66211604095563	-1.3481228668942
			3.66211604095563	-1.35153583617747
			3.66211604095563	-1.35494880546075
			3.66211604095563	-1.35836177474403
			3.66211604095563	-1.3617747440273
			3.66211604095563	-1.36518771331058
			3.66211604095563	-1.36860068259386
			3.66211604095563	-1.37201365187713
			3.66211604095563	-1.37542662116041
			3.66211604095563	-1.37883959044369
			3.66211604095563	-1.38225255972696
			3.66211604095563	-1.38566552901024
			3.66211604095563	-1.38907849829352
			3.66211604095563	-1.39249146757679
			3.66211604095563	-1.39590443686007
			3.66211604095563	-1.39931740614334
			3.66211604095563	-1.40273037542662
			3.66211604095563	-1.4061433447099
			3.66211604095563	-1.40955631399317
			3.66211604095563	-1.41296928327645
			3.66211604095563	-1.41638225255973
			3.66211604095563	-1.419795221843
			3.66211604095563	-1.42320819112628
			3.66211604095563	-1.42662116040956
			3.66211604095563	-1.43003412969283
			3.66211604095563	-1.43344709897611
			3.66211604095563	-1.43686006825939
			3.66211604095563	-1.44027303754266
			3.66211604095563	-1.44368600682594
			3.65870307167236	-1.44368600682594
			3.65870307167236	-1.44709897610922
			3.65870307167236	-1.45051194539249
			3.65870307167236	-1.45392491467577
			3.65870307167236	-1.45733788395904
			3.65870307167236	-1.46075085324232
			3.65870307167236	-1.4641638225256
			3.65870307167236	-1.46757679180887
			3.65870307167236	-1.47098976109215
			3.65529010238908	-1.47440273037543
			3.65529010238908	-1.4778156996587
			3.65529010238908	-1.48122866894198
			3.65529010238908	-1.48464163822526
			3.65529010238908	-1.48805460750853
			3.65529010238908	-1.49146757679181
			3.65529010238908	-1.49488054607509
			3.6518771331058	-1.49829351535836
			3.6518771331058	-1.50170648464164
			3.6518771331058	-1.50511945392491
			3.6518771331058	-1.50853242320819
			3.6518771331058	-1.51194539249147
			3.6518771331058	-1.51535836177474
			3.6518771331058	-1.51877133105802
			3.64846416382253	-1.5221843003413
			3.64846416382253	-1.52559726962457
			3.64846416382253	-1.52901023890785
			3.64846416382253	-1.53242320819113
			3.64846416382253	-1.5358361774744
			3.64846416382253	-1.53924914675768
			3.64505119453925	-1.54266211604096
			3.64505119453925	-1.54607508532423
			3.64505119453925	-1.54948805460751
			3.64505119453925	-1.55290102389078
			3.64505119453925	-1.55631399317406
			3.64163822525597	-1.55972696245734
			3.64163822525597	-1.56313993174061
			3.64163822525597	-1.56655290102389
			3.64163822525597	-1.56996587030717
			3.64163822525597	-1.57337883959044
			3.6382252559727	-1.57679180887372
			3.6382252559727	-1.580204778157
			3.6382252559727	-1.58361774744027
			3.6382252559727	-1.58703071672355
			3.63481228668942	-1.59044368600683
			3.63481228668942	-1.5938566552901
			3.63481228668942	-1.59726962457338
			3.63481228668942	-1.60068259385666
			3.63481228668942	-1.60409556313993
			3.63139931740614	-1.60750853242321
			3.63139931740614	-1.61092150170648
			3.63139931740614	-1.61433447098976
			3.63139931740614	-1.61774744027304
			3.62798634812287	-1.62116040955631
			3.62798634812287	-1.62457337883959
			3.62798634812287	-1.62798634812287
			3.62798634812287	-1.63139931740614
			3.62457337883959	-1.63481228668942
			3.62457337883959	-1.6382252559727
			3.62457337883959	-1.64163822525597
			3.62457337883959	-1.64505119453925
			3.62116040955631	-1.64846416382253
			3.62116040955631	-1.6518771331058
			3.62116040955631	-1.65529010238908
			3.62116040955631	-1.65870307167235
			3.61774744027304	-1.66211604095563
			3.61774744027304	-1.66552901023891
			3.61774744027304	-1.66894197952218
			3.61774744027304	-1.67235494880546
			3.61433447098976	-1.67576791808874
			3.61433447098976	-1.67918088737201
			3.61433447098976	-1.68259385665529
			3.61092150170648	-1.68600682593857
			3.61092150170648	-1.68941979522184
			3.61092150170648	-1.69283276450512
			3.61092150170648	-1.6962457337884
			3.60750853242321	-1.69965870307167
			3.60750853242321	-1.70307167235495
			3.60750853242321	-1.70648464163823
			3.60750853242321	-1.7098976109215
			3.60409556313993	-1.71331058020478
			3.60409556313993	-1.71672354948805
			3.60409556313993	-1.72013651877133
			3.60068259385666	-1.72354948805461
			3.60068259385666	-1.72696245733788
			3.60068259385666	-1.73037542662116
			3.59726962457338	-1.73378839590444
			3.59726962457338	-1.73720136518771
			3.59726962457338	-1.74061433447099
			3.59726962457338	-1.74402730375427
			3.5938566552901	-1.74744027303754
			3.5938566552901	-1.75085324232082
			3.5938566552901	-1.7542662116041
			3.59044368600683	-1.75767918088737
			3.59044368600683	-1.76109215017065
			3.59044368600683	-1.76450511945392
			3.58703071672355	-1.7679180887372
			3.58703071672355	-1.77133105802048
			3.58703071672355	-1.77474402730375
			3.58703071672355	-1.77815699658703
			3.58361774744027	-1.78156996587031
			3.58361774744027	-1.78498293515358
			3.58361774744027	-1.78839590443686
			3.580204778157	-1.79180887372014
			3.580204778157	-1.79522184300341
			3.580204778157	-1.79863481228669
			3.57679180887372	-1.80204778156997
			3.57679180887372	-1.80546075085324
			3.57679180887372	-1.80887372013652
			3.57337883959044	-1.8122866894198
			3.57337883959044	-1.81569965870307
			3.56996587030717	-1.81911262798635
			3.56996587030717	-1.82252559726962
			3.56655290102389	-1.82252559726962
			3.56655290102389	-1.8259385665529
			3.56655290102389	-1.82935153583618
			3.56313993174061	-1.83276450511945
			3.56313993174061	-1.83617747440273
			3.55972696245734	-1.83959044368601
			3.55972696245734	-1.84300341296928
			3.55631399317406	-1.84641638225256
			3.55631399317406	-1.84982935153584
			3.55631399317406	-1.85324232081911
			3.55290102389079	-1.85665529010239
			3.55290102389079	-1.86006825938567
			3.54948805460751	-1.86348122866894
			3.54948805460751	-1.86689419795222
			3.54607508532423	-1.86689419795222
			3.54607508532423	-1.87030716723549
			3.54607508532423	-1.87372013651877
			3.54266211604096	-1.87713310580205
			3.54266211604096	-1.88054607508532
			3.53924914675768	-1.8839590443686
			3.53924914675768	-1.88737201365188
			3.53924914675768	-1.89078498293515
			3.5358361774744	-1.89419795221843
			3.5358361774744	-1.89761092150171
			3.53242320819113	-1.90102389078498
			3.53242320819113	-1.90443686006826
			3.52901023890785	-1.90784982935154
			3.52901023890785	-1.91126279863481
			3.52901023890785	-1.91467576791809
			3.52559726962457	-1.91808873720137
			3.52559726962457	-1.92150170648464
			3.5221843003413	-1.92491467576792
			3.5221843003413	-1.92832764505119
			3.5221843003413	-1.93174061433447
			3.51877133105802	-1.93515358361775
			3.51535836177474	-1.93856655290102
			3.51535836177474	-1.9419795221843
			3.51535836177474	-1.94539249146758
			3.51535836177474	-1.94880546075085
			3.51194539249147	-1.94880546075085
			3.51194539249147	-1.95221843003413
			3.51194539249147	-1.95563139931741
			3.50853242320819	-1.95563139931741
			3.50853242320819	-1.95904436860068
			3.50853242320819	-1.96245733788396
			3.50511945392491	-1.96587030716724
			3.50511945392491	-1.96928327645051
			3.50511945392491	-1.97269624573379
			3.50170648464164	-1.97610921501706
			3.50170648464164	-1.97952218430034
			3.49829351535836	-1.98293515358362
			3.49829351535836	-1.98634812286689
			3.49488054607509	-1.98976109215017
			3.49488054607509	-1.99317406143345
			3.49488054607509	-1.99658703071672
			3.49146757679181	-2
			3.49146757679181	-2.00341296928328
			3.49146757679181	-2.00682593856655
			3.48805460750853	-2.01023890784983
			3.48805460750853	-2.01365187713311
			3.48464163822526	-2.01706484641638
			3.48464163822526	-2.02047781569966
			3.48464163822526	-2.02389078498294
			3.48122866894198	-2.02730375426621
			3.48122866894198	-2.03071672354949
			3.48122866894198	-2.03412969283276
			3.4778156996587	-2.03754266211604
			3.4778156996587	-2.04095563139932
			3.4778156996587	-2.04436860068259
			3.47440273037543	-2.04778156996587
			3.47440273037543	-2.05119453924915
			3.47440273037543	-2.05460750853242
			3.47098976109215	-2.0580204778157
			3.47098976109215	-2.06143344709898
			3.46757679180887	-2.06484641638225
			3.46757679180887	-2.06825938566553
			3.46757679180887	-2.07167235494881
			3.4641638225256	-2.07167235494881
			3.4641638225256	-2.07508532423208
			3.4641638225256	-2.07849829351536
			3.46075085324232	-2.08191126279863
			3.46075085324232	-2.08532423208191
			3.46075085324232	-2.08873720136519
			3.45733788395904	-2.09215017064846
			3.45733788395904	-2.09556313993174
			3.45733788395904	-2.09897610921502
			3.45733788395904	-2.10238907849829
			3.45392491467577	-2.10238907849829
			3.45392491467577	-2.10580204778157
			3.45392491467577	-2.10921501706485
			3.45051194539249	-2.11262798634812
			3.45051194539249	-2.1160409556314
			3.45051194539249	-2.11945392491468
			3.44709897610922	-2.12286689419795
			3.44709897610922	-2.12627986348123
			3.44709897610922	-2.12969283276451
			3.44368600682594	-2.13310580204778
			3.44368600682594	-2.13651877133106
			3.44368600682594	-2.13993174061433
			3.44027303754266	-2.14334470989761
			3.44027303754266	-2.14675767918089
			3.44027303754266	-2.15017064846416
			3.43686006825939	-2.15358361774744
			3.43686006825939	-2.15699658703072
			3.43686006825939	-2.16040955631399
			3.43344709897611	-2.16382252559727
			3.43344709897611	-2.16723549488055
			3.43344709897611	-2.17064846416382
			3.43003412969283	-2.1740614334471
			3.43003412969283	-2.17747440273038
			3.43003412969283	-2.18088737201365
			3.42662116040956	-2.18430034129693
			3.42662116040956	-2.1877133105802
			3.42662116040956	-2.19112627986348
			3.42662116040956	-2.19453924914676
			3.42320819112628	-2.19795221843003
			3.42320819112628	-2.20136518771331
			3.42320819112628	-2.20477815699659
			3.419795221843	-2.20819112627986
			3.419795221843	-2.21160409556314
			3.419795221843	-2.21501706484642
			3.42320819112628	-2.21501706484642
			3.42320819112628	-2.21843003412969
			3.42320819112628	-2.22184300341297
			3.42320819112628	-2.22525597269625
			3.42662116040956	-2.22866894197952
			3.42662116040956	-2.2320819112628
			3.43003412969283	-2.23549488054608
			3.43003412969283	-2.23890784982935
			3.43003412969283	-2.24232081911263
			3.43003412969283	-2.2457337883959
			3.43344709897611	-2.2457337883959
			3.43344709897611	-2.24914675767918
			3.43344709897611	-2.25255972696246
			3.43344709897611	-2.25597269624573
			3.43686006825939	-2.25938566552901
			3.43686006825939	-2.26279863481229
			3.43686006825939	-2.26621160409556
			3.43686006825939	-2.26962457337884
			3.44027303754266	-2.27303754266212
			3.44027303754266	-2.27645051194539
			3.44027303754266	-2.27986348122867
			3.44027303754266	-2.28327645051195
			3.44027303754266	-2.28668941979522
			3.44368600682594	-2.2901023890785
			3.44368600682594	-2.29351535836177
			3.44368600682594	-2.29692832764505
			3.44368600682594	-2.30034129692833
			3.44368600682594	-2.3037542662116
			3.44368600682594	-2.30716723549488
			3.44368600682594	-2.31058020477816
			3.44368600682594	-2.31399317406143
			3.44368600682594	-2.31740614334471
			3.44709897610922	-2.32081911262799
			3.44709897610922	-2.32423208191126
			3.44709897610922	-2.32764505119454
			3.44709897610922	-2.33105802047782
			3.44709897610922	-2.33447098976109
			3.44368600682594	-2.33788395904437
			3.44368600682594	-2.34129692832765
			3.44368600682594	-2.34470989761092
			3.44368600682594	-2.3481228668942
			3.44368600682594	-2.35153583617747
			3.44368600682594	-2.35494880546075
			3.44368600682594	-2.35836177474403
			3.44368600682594	-2.3617747440273
			3.44368600682594	-2.36518771331058
			3.44027303754266	-2.36860068259386
			3.44027303754266	-2.37201365187713
			3.44027303754266	-2.37542662116041
			3.44027303754266	-2.37883959044369
			3.43686006825939	-2.38225255972696
			3.43686006825939	-2.38566552901024
			3.43686006825939	-2.38907849829352
			3.43344709897611	-2.39249146757679
			3.43344709897611	-2.39590443686007
			3.43344709897611	-2.39931740614334
			3.43003412969283	-2.40273037542662
			3.43003412969283	-2.4061433447099
			3.42662116040956	-2.40955631399317
			3.42662116040956	-2.41296928327645
			3.42320819112628	-2.41638225255973
			3.419795221843	-2.419795221843
			3.419795221843	-2.42320819112628
			3.41638225255973	-2.42662116040956
			3.41296928327645	-2.43003412969283
			3.41296928327645	-2.43344709897611
		</glabella>
		<suture type=matrix rownames=FALSE colnames=FALSE nrow=1015 ncol=2 as.numeric=TRUE >
			2.64163822525597	-0.47098976109215
			2.64505119453925	-0.47098976109215
			2.64846416382253	-0.47098976109215
			2.6518771331058	-0.47098976109215
			2.65529010238908	-0.47098976109215
			2.65870307167235	-0.47098976109215
			2.66211604095563	-0.47098976109215
			2.66552901023891	-0.47098976109215
			2.66894197952218	-0.47098976109215
			2.67235494880546	-0.47098976109215
			2.67576791808874	-0.47098976109215
			2.67918088737201	-0.47098976109215
			2.68259385665529	-0.47098976109215
			2.68600682593857	-0.47098976109215
			2.68941979522184	-0.474402730375427
			2.69283276450512	-0.474402730375427
			2.6962457337884	-0.474402730375427
			2.69965870307167	-0.474402730375427
			2.70307167235495	-0.474402730375427
			2.70648464163823	-0.474402730375427
			2.7098976109215	-0.474402730375427
			2.71331058020478	-0.474402730375427
			2.71672354948805	-0.474402730375427
			2.72013651877133	-0.474402730375427
			2.72354948805461	-0.474402730375427
			2.72696245733788	-0.474402730375427
			2.73037542662116	-0.474402730375427
			2.73378839590444	-0.474402730375427
			2.73720136518771	-0.474402730375427
			2.74061433447099	-0.474402730375427
			2.74402730375427	-0.474402730375427
			2.74402730375427	-0.477815699658703
			2.74744027303754	-0.477815699658703
			2.75085324232082	-0.477815699658703
			2.7542662116041	-0.477815699658703
			2.75767918088737	-0.477815699658703
			2.76109215017065	-0.477815699658703
			2.76450511945392	-0.477815699658703
			2.7679180887372	-0.477815699658703
			2.77133105802048	-0.477815699658703
			2.77474402730375	-0.477815699658703
			2.77815699658703	-0.477815699658703
			2.78156996587031	-0.477815699658703
			2.78498293515358	-0.48122866894198
			2.78839590443686	-0.48122866894198
			2.79180887372014	-0.48122866894198
			2.79522184300341	-0.48122866894198
			2.79863481228669	-0.48122866894198
			2.80204778156997	-0.48122866894198
			2.80546075085324	-0.48122866894198
			2.80887372013652	-0.48122866894198
			2.8122866894198	-0.48122866894198
			2.81569965870307	-0.48122866894198
			2.81911262798635	-0.484641638225256
			2.82252559726962	-0.484641638225256
			2.8259385665529	-0.484641638225256
			2.82935153583618	-0.484641638225256
			2.83276450511945	-0.484641638225256
			2.83617747440273	-0.484641638225256
			2.83959044368601	-0.484641638225256
			2.84300341296928	-0.484641638225256
			2.84641638225256	-0.488054607508532
			2.84982935153584	-0.488054607508532
			2.85324232081911	-0.488054607508532
			2.85665529010239	-0.488054607508532
			2.86006825938567	-0.488054607508532
			2.86348122866894	-0.488054607508532
			2.86689419795222	-0.488054607508532
			2.87030716723549	-0.488054607508532
			2.87030716723549	-0.491467576791809
			2.87372013651877	-0.491467576791809
			2.87713310580205	-0.491467576791809
			2.88054607508532	-0.491467576791809
			2.8839590443686	-0.491467576791809
			2.88737201365188	-0.491467576791809
			2.89078498293515	-0.491467576791809
			2.89419795221843	-0.491467576791809
			2.89419795221843	-0.494880546075085
			2.89761092150171	-0.494880546075085
			2.90102389078498	-0.494880546075085
			2.90443686006826	-0.494880546075085
			2.90784982935154	-0.494880546075085
			2.91126279863481	-0.494880546075085
			2.91467576791809	-0.494880546075085
			2.91808873720137	-0.498293515358362
			2.92150170648464	-0.498293515358362
			2.92491467576792	-0.498293515358362
			2.92832764505119	-0.498293515358362
			2.93174061433447	-0.498293515358362
			2.93515358361775	-0.501706484641638
			2.93856655290102	-0.501706484641638
			2.9419795221843	-0.501706484641638
			2.94539249146758	-0.501706484641638
			2.94880546075085	-0.501706484641638
			2.95221843003413	-0.505119453924915
			2.95563139931741	-0.505119453924915
			2.95904436860068	-0.505119453924915
			2.96245733788396	-0.505119453924915
			2.96587030716724	-0.505119453924915
			2.96928327645051	-0.508532423208191
			2.97269624573379	-0.508532423208191
			2.97610921501706	-0.508532423208191
			2.97952218430034	-0.508532423208191
			2.98293515358362	-0.508532423208191
			2.98634812286689	-0.511945392491468
			2.98976109215017	-0.511945392491468
			2.99317406143345	-0.511945392491468
			2.99658703071672	-0.511945392491468
			3	-0.511945392491468
			3.00341296928328	-0.515358361774744
			3.00682593856655	-0.515358361774744
			3.01023890784983	-0.515358361774744
			3.01365187713311	-0.515358361774744
			3.01365187713311	-0.518771331058021
			3.01706484641638	-0.518771331058021
			3.02047781569966	-0.518771331058021
			3.02389078498294	-0.518771331058021
			3.02730375426621	-0.518771331058021
			3.03071672354949	-0.522184300341297
			3.03412969283276	-0.522184300341297
			3.03754266211604	-0.522184300341297
			3.04095563139932	-0.522184300341297
			3.04436860068259	-0.525597269624573
			3.04778156996587	-0.525597269624573
			3.05119453924915	-0.525597269624573
			3.05460750853242	-0.52901023890785
			3.0580204778157	-0.52901023890785
			3.06143344709898	-0.52901023890785
			3.06484641638225	-0.52901023890785
			3.06825938566553	-0.532423208191126
			3.07167235494881	-0.532423208191126
			3.07508532423208	-0.532423208191126
			3.07849829351536	-0.532423208191126
			3.08191126279863	-0.535836177474403
			3.08532423208191	-0.535836177474403
			3.08873720136519	-0.535836177474403
			3.09215017064846	-0.539249146757679
			3.09556313993174	-0.539249146757679
			3.09897610921502	-0.539249146757679
			3.10238907849829	-0.539249146757679
			3.10580204778157	-0.542662116040956
			3.10921501706485	-0.542662116040956
			3.11262798634812	-0.546075085324232
			3.1160409556314	-0.546075085324232
			3.11945392491468	-0.546075085324232
			3.12286689419795	-0.546075085324232
			3.12286689419795	-0.549488054607508
			3.12627986348123	-0.549488054607508
			3.12969283276451	-0.549488054607508
			3.13310580204778	-0.549488054607508
			3.13651877133106	-0.552901023890785
			3.13993174061433	-0.552901023890785
			3.14334470989761	-0.556313993174061
			3.14675767918089	-0.556313993174061
			3.15017064846416	-0.556313993174061
			3.15358361774744	-0.559726962457338
			3.15699658703072	-0.559726962457338
			3.16040955631399	-0.559726962457338
			3.16382252559727	-0.563139931740614
			3.16723549488055	-0.563139931740614
			3.17064846416382	-0.563139931740614
			3.1740614334471	-0.566552901023891
			3.17747440273038	-0.566552901023891
			3.18088737201365	-0.569965870307167
			3.18430034129693	-0.569965870307167
			3.1877133105802	-0.569965870307167
			3.19112627986348	-0.573378839590444
			3.19453924914676	-0.573378839590444
			3.19795221843003	-0.57679180887372
			3.20136518771331	-0.57679180887372
			3.20477815699659	-0.580204778156997
			3.20819112627986	-0.580204778156997
			3.21160409556314	-0.580204778156997
			3.21501706484642	-0.583617747440273
			3.21843003412969	-0.583617747440273
			3.22184300341297	-0.587030716723549
			3.22525597269625	-0.587030716723549
			3.22866894197952	-0.587030716723549
			3.2320819112628	-0.590443686006826
			3.23549488054608	-0.593856655290102
			3.23890784982935	-0.593856655290102
			3.24232081911263	-0.593856655290102
			3.2457337883959	-0.597269624573379
			3.24914675767918	-0.597269624573379
			3.25255972696246	-0.600682593856655
			3.25597269624573	-0.600682593856655
			3.25938566552901	-0.604095563139932
			3.26279863481229	-0.604095563139932
			3.26621160409556	-0.607508532423208
			3.26962457337884	-0.607508532423208
			3.27303754266212	-0.607508532423208
			3.27303754266212	-0.610921501706485
			3.27645051194539	-0.610921501706485
			3.27986348122867	-0.614334470989761
			3.28327645051195	-0.614334470989761
			3.28668941979522	-0.617747440273038
			3.2901023890785	-0.617747440273038
			3.29351535836177	-0.621160409556314
			3.29692832764505	-0.621160409556314
			3.30034129692833	-0.62457337883959
			3.3037542662116	-0.62457337883959
			3.30716723549488	-0.627986348122867
			3.31058020477816	-0.627986348122867
			3.31058020477816	-0.631399317406143
			3.31399317406143	-0.631399317406143
			3.31740614334471	-0.63481228668942
			3.32081911262799	-0.63481228668942
			3.32423208191126	-0.638225255972696
			3.32764505119454	-0.638225255972696
			3.33105802047782	-0.641638225255973
			3.33447098976109	-0.645051194539249
			3.33788395904437	-0.645051194539249
			3.34129692832765	-0.648464163822526
			3.34470989761092	-0.648464163822526
			3.3481228668942	-0.651877133105802
			3.35153583617747	-0.655290102389078
			3.35494880546075	-0.655290102389078
			3.35836177474403	-0.658703071672355
			3.3617747440273	-0.658703071672355
			3.36518771331058	-0.662116040955631
			3.36860068259386	-0.665529010238908
			3.37201365187713	-0.665529010238908
			3.37542662116041	-0.668941979522184
			3.37883959044369	-0.672354948805461
			3.38225255972696	-0.672354948805461
			3.38566552901024	-0.675767918088737
			3.38907849829352	-0.675767918088737
			3.39249146757679	-0.679180887372014
			3.39590443686007	-0.68259385665529
			3.39931740614334	-0.686006825938567
			3.40273037542662	-0.689419795221843
			3.4061433447099	-0.689419795221843
			3.40955631399317	-0.692832764505119
			3.41296928327645	-0.696245733788396
			3.41638225255973	-0.699658703071672
			3.419795221843	-0.699658703071672
			3.42320819112628	-0.703071672354949
			3.42662116040956	-0.703071672354949
			3.42662116040956	-0.706484641638225
			3.43003412969283	-0.709897610921502
			3.43344709897611	-0.709897610921502
			3.43686006825939	-0.713310580204778
			3.44027303754266	-0.713310580204778
			3.44027303754266	-0.716723549488055
			3.44368600682594	-0.720136518771331
			3.44709897610922	-0.720136518771331
			3.45051194539249	-0.723549488054608
			3.45392491467577	-0.726962457337884
			3.45733788395904	-0.73037542662116
			3.46075085324232	-0.733788395904437
			3.4641638225256	-0.733788395904437
			3.46757679180887	-0.737201365187713
			3.46757679180887	-0.74061433447099
			3.47098976109215	-0.744027303754266
			3.47440273037543	-0.744027303754266
			3.4778156996587	-0.747440273037543
			3.48122866894198	-0.750853242320819
			3.48464163822526	-0.754266211604096
			3.48805460750853	-0.754266211604096
			3.48805460750853	-0.757679180887372
			3.49146757679181	-0.761092150170648
			3.49488054607509	-0.764505119453925
			3.49829351535836	-0.767918088737201
			3.50170648464164	-0.767918088737201
			3.50511945392491	-0.771331058020478
			3.50853242320819	-0.774744027303754
			3.50853242320819	-0.778156996587031
			3.51194539249147	-0.781569965870307
			3.51535836177474	-0.784982935153584
			3.51877133105802	-0.784982935153584
			3.5221843003413	-0.78839590443686
			3.5221843003413	-0.791808873720137
			3.52559726962457	-0.795221843003413
			3.52901023890785	-0.798634812286689
			3.53242320819113	-0.798634812286689
			3.5358361774744	-0.802047781569966
			3.5358361774744	-0.805460750853242
			3.53924914675768	-0.808873720136519
			3.54266211604096	-0.812286689419795
			3.54607508532423	-0.815699658703072
			3.54607508532423	-0.819112627986348
			3.54948805460751	-0.819112627986348
			3.55290102389079	-0.822525597269625
			3.55631399317406	-0.825938566552901
			3.55972696245734	-0.829351535836177
			3.55972696245734	-0.832764505119454
			3.56313993174061	-0.83617747440273
			3.56655290102389	-0.839590443686007
			3.56996587030717	-0.843003412969283
			3.56996587030717	-0.84641638225256
			3.57337883959044	-0.84641638225256
			3.57679180887372	-0.849829351535836
			3.580204778157	-0.853242320819113
			3.580204778157	-0.856655290102389
			3.58361774744027	-0.860068259385666
			3.58703071672355	-0.860068259385666
			3.59044368600683	-0.863481228668942
			3.59044368600683	-0.866894197952218
			3.5938566552901	-0.870307167235495
			3.59726962457338	-0.873720136518771
			3.59726962457338	-0.877133105802048
			3.60068259385666	-0.877133105802048
			3.60409556313993	-0.880546075085324
			3.60409556313993	-0.883959044368601
			3.60750853242321	-0.887372013651877
			3.61092150170648	-0.890784982935154
			3.61092150170648	-0.89419795221843
			3.61433447098976	-0.89419795221843
			3.61774744027304	-0.897610921501707
			3.61774744027304	-0.901023890784983
			3.62116040955631	-0.904436860068259
			3.62457337883959	-0.907849829351536
			3.62457337883959	-0.911262798634812
			3.62798634812287	-0.914675767918089
			3.63139931740614	-0.918088737201365
			3.63481228668942	-0.921501706484642
			3.63481228668942	-0.924914675767918
			3.6382252559727	-0.928327645051195
			3.64163822525597	-0.931740614334471
			3.64163822525597	-0.935153583617747
			3.64505119453925	-0.938566552901024
			3.64846416382253	-0.9419795221843
			3.64846416382253	-0.945392491467577
			3.6518771331058	-0.948805460750853
			3.6518771331058	-0.95221843003413
			3.65529010238908	-0.955631399317406
			3.65529010238908	-0.959044368600683
			3.65870307167236	-0.962457337883959
			3.66211604095563	-0.965870307167236
			3.66211604095563	-0.969283276450512
			3.66552901023891	-0.972696245733788
			3.66552901023891	-0.976109215017065
			3.66894197952218	-0.979522184300341
			3.66894197952218	-0.982935153583618
			3.66894197952218	-0.986348122866894
			3.67235494880546	-0.989761092150171
			3.67576791808874	-0.993174061433447
			3.67576791808874	-0.996587030716724
			3.67576791808874	-1
			3.67918088737201	-1
			3.67918088737201	-1.00341296928328
			3.67918088737201	-1.00682593856655
			3.68259385665529	-1.00682593856655
			3.68259385665529	-1.01023890784983
			3.68259385665529	-1.01365187713311
			3.68600682593857	-1.01706484641638
			3.68600682593857	-1.02047781569966
			3.68600682593857	-1.02389078498294
			3.68941979522184	-1.02730375426621
			3.68941979522184	-1.03071672354949
			3.69283276450512	-1.03412969283276
			3.69283276450512	-1.03754266211604
			3.69283276450512	-1.04095563139932
			3.6962457337884	-1.04436860068259
			3.6962457337884	-1.04778156996587
			3.6962457337884	-1.05119453924915
			3.69965870307167	-1.05460750853242
			3.69965870307167	-1.0580204778157
			3.69965870307167	-1.06143344709898
			3.70307167235495	-1.06484641638225
			3.70307167235495	-1.06825938566553
			3.70307167235495	-1.07167235494881
			3.70307167235495	-1.07508532423208
			3.70648464163823	-1.07849829351536
			3.70648464163823	-1.08191126279863
			3.70648464163823	-1.08532423208191
			3.70648464163823	-1.08873720136519
			3.7098976109215	-1.09215017064846
			3.7098976109215	-1.09556313993174
			3.7098976109215	-1.09897610921502
			3.7098976109215	-1.10238907849829
			3.71331058020478	-1.10580204778157
			3.71331058020478	-1.10921501706485
			3.71331058020478	-1.11262798634812
			3.71331058020478	-1.1160409556314
			3.71331058020478	-1.11945392491468
			3.71331058020478	-1.12286689419795
			3.71672354948805	-1.12627986348123
			3.71672354948805	-1.12969283276451
			3.71672354948805	-1.13310580204778
			3.71672354948805	-1.13651877133106
			3.71672354948805	-1.13993174061433
			3.71672354948805	-1.14334470989761
			3.71672354948805	-1.14675767918089
			3.71672354948805	-1.15017064846416
			3.71672354948805	-1.15358361774744
			3.71672354948805	-1.15699658703072
			3.72013651877133	-1.16040955631399
			3.72013651877133	-1.16382252559727
			3.72013651877133	-1.16723549488055
			3.72013651877133	-1.17064846416382
			3.72013651877133	-1.1740614334471
			3.72013651877133	-1.17747440273038
			3.72013651877133	-1.18088737201365
			3.72013651877133	-1.18430034129693
			3.72013651877133	-1.1877133105802
			3.72013651877133	-1.19112627986348
			3.72013651877133	-1.19453924914676
			3.72013651877133	-1.19795221843003
			3.72354948805461	-1.19795221843003
			3.72696245733788	-1.20136518771331
			3.73037542662116	-1.20136518771331
			3.73378839590444	-1.20477815699659
			3.73720136518771	-1.20477815699659
			3.74061433447099	-1.20477815699659
			3.74402730375427	-1.20477815699659
			3.74402730375427	-1.20819112627986
			3.74744027303754	-1.20819112627986
			3.75085324232082	-1.20819112627986
			3.7542662116041	-1.21160409556314
			3.75767918088737	-1.21160409556314
			3.76109215017065	-1.21501706484642
			3.76450511945392	-1.21501706484642
			3.7679180887372	-1.21501706484642
			3.77133105802048	-1.21843003412969
			3.77474402730375	-1.21843003412969
			3.77815699658703	-1.22184300341297
			3.78156996587031	-1.22184300341297
			3.78498293515358	-1.22184300341297
			3.78839590443686	-1.22525597269625
			3.79180887372014	-1.22525597269625
			3.79522184300341	-1.22866894197952
			3.79863481228669	-1.22866894197952
			3.80204778156997	-1.22866894197952
			3.80546075085324	-1.2320819112628
			3.80887372013652	-1.2320819112628
			3.8122866894198	-1.23549488054608
			3.81569965870307	-1.23549488054608
			3.81911262798635	-1.23890784982935
			3.82252559726962	-1.23890784982935
			3.8259385665529	-1.24232081911263
			3.82935153583618	-1.24232081911263
			3.83276450511945	-1.2457337883959
			3.83617747440273	-1.2457337883959
			3.83959044368601	-1.24914675767918
			3.84300341296928	-1.24914675767918
			3.84641638225256	-1.24914675767918
			3.84982935153584	-1.25255972696246
			3.85324232081911	-1.25255972696246
			3.85665529010239	-1.25597269624573
			3.86006825938567	-1.25597269624573
			3.86348122866894	-1.25938566552901
			3.86689419795222	-1.25938566552901
			3.87030716723549	-1.26279863481229
			3.87372013651877	-1.26279863481229
			3.87713310580205	-1.26621160409556
			3.88054607508532	-1.26621160409556
			3.8839590443686	-1.26962457337884
			3.88737201365188	-1.26962457337884
			3.89078498293515	-1.27303754266212
			3.89419795221843	-1.27303754266212
			3.89419795221843	-1.27645051194539
			3.89761092150171	-1.27645051194539
			3.90102389078498	-1.27645051194539
			3.90443686006826	-1.27986348122867
			3.90784982935154	-1.27986348122867
			3.91126279863481	-1.28327645051195
			3.91467576791809	-1.28327645051195
			3.91808873720137	-1.28668941979522
			3.92150170648464	-1.28668941979522
			3.92491467576792	-1.2901023890785
			3.92832764505119	-1.2901023890785
			3.93174061433447	-1.29351535836177
			3.93515358361775	-1.29351535836177
			3.93515358361775	-1.29692832764505
			3.93856655290102	-1.29692832764505
			3.9419795221843	-1.30034129692833
			3.94539249146758	-1.30034129692833
			3.94880546075085	-1.3037542662116
			3.95221843003413	-1.30716723549488
			3.95563139931741	-1.30716723549488
			3.95904436860068	-1.31058020477816
			3.96245733788396	-1.31058020477816
			3.96587030716724	-1.31399317406143
			3.96928327645051	-1.31399317406143
			3.97269624573379	-1.31740614334471
			3.97610921501706	-1.31740614334471
			3.97952218430034	-1.32081911262799
			3.98293515358362	-1.32081911262799
			3.98293515358362	-1.32423208191126
			3.98634812286689	-1.32423208191126
			3.98976109215017	-1.32764505119454
			3.99317406143345	-1.33105802047782
			3.99658703071672	-1.33105802047782
			4	-1.33447098976109
			4.00341296928328	-1.33447098976109
			4.00682593856655	-1.33788395904437
			4.01023890784983	-1.33788395904437
			4.01365187713311	-1.34129692832765
			4.01706484641638	-1.34129692832765
			4.02047781569966	-1.34129692832765
			4.02389078498294	-1.34129692832765
			4.02730375426621	-1.34129692832765
			4.03071672354949	-1.34129692832765
			4.03412969283276	-1.34129692832765
			4.03754266211604	-1.34470989761092
			4.04095563139932	-1.34470989761092
			4.04436860068259	-1.34470989761092
			4.04778156996587	-1.34470989761092
			4.05119453924915	-1.3481228668942
			4.05460750853242	-1.3481228668942
			4.0580204778157	-1.3481228668942
			4.06143344709898	-1.3481228668942
			4.06484641638225	-1.35153583617747
			4.06825938566553	-1.35153583617747
			4.07167235494881	-1.35494880546075
			4.07508532423208	-1.35494880546075
			4.07849829351536	-1.35494880546075
			4.07849829351536	-1.35836177474403
			4.08191126279864	-1.35836177474403
			4.08532423208191	-1.35836177474403
			4.08873720136519	-1.3617747440273
			4.09215017064846	-1.3617747440273
			4.09215017064846	-1.36518771331058
			4.09556313993174	-1.36518771331058
			4.09897610921502	-1.36860068259386
			4.10238907849829	-1.36860068259386
			4.10580204778157	-1.37201365187713
			4.10921501706485	-1.37542662116041
			4.11262798634812	-1.37542662116041
			4.1160409556314	-1.37883959044369
			4.11945392491468	-1.38225255972696
			4.12286689419795	-1.38225255972696
			4.12627986348123	-1.38566552901024
			4.1296928327645	-1.38907849829352
			4.13310580204778	-1.39249146757679
			4.13651877133106	-1.39249146757679
			4.13993174061433	-1.39590443686007
			4.14334470989761	-1.39931740614334
			4.14675767918089	-1.40273037542662
			4.15017064846416	-1.4061433447099
			4.15358361774744	-1.40955631399317
			4.15699658703072	-1.41296928327645
			4.16040955631399	-1.41638225255973
			4.16382252559727	-1.419795221843
			4.16723549488055	-1.42320819112628
			4.17064846416382	-1.42662116040956
			4.1740614334471	-1.43003412969283
			4.17747440273038	-1.43344709897611
			4.18088737201365	-1.43686006825939
			4.18430034129693	-1.44027303754266
			4.1877133105802	-1.44368600682594
			4.19112627986348	-1.44709897610922
			4.19453924914676	-1.45051194539249
			4.19453924914676	-1.45392491467577
			4.19795221843003	-1.45733788395904
			4.20136518771331	-1.45733788395904
			4.20136518771331	-1.46075085324232
			4.20477815699659	-1.4641638225256
			4.20477815699659	-1.46757679180887
			4.20819112627986	-1.46757679180887
			4.21160409556314	-1.47098976109215
			4.21160409556314	-1.47440273037543
			4.21501706484642	-1.4778156996587
			4.21501706484642	-1.48122866894198
			4.21843003412969	-1.48122866894198
			4.22184300341297	-1.48464163822526
			4.22184300341297	-1.48805460750853
			4.22525597269625	-1.49146757679181
			4.22525597269625	-1.49488054607509
			4.22866894197952	-1.49488054607509
			4.2320819112628	-1.49829351535836
			4.2320819112628	-1.50170648464164
			4.23549488054608	-1.50511945392491
			4.23549488054608	-1.50853242320819
			4.23890784982935	-1.51194539249147
			4.24232081911263	-1.51535836177474
			4.24232081911263	-1.51877133105802
			4.2457337883959	-1.51877133105802
			4.24914675767918	-1.5221843003413
			4.24914675767918	-1.52559726962457
			4.25255972696246	-1.52901023890785
			4.25255972696246	-1.53242320819113
			4.25597269624573	-1.5358361774744
			4.25938566552901	-1.53924914675768
			4.25938566552901	-1.54266211604096
			4.26279863481229	-1.54607508532423
			4.26279863481229	-1.54948805460751
			4.26621160409556	-1.55290102389078
			4.26962457337884	-1.55631399317406
			4.26962457337884	-1.55972696245734
			4.27303754266212	-1.56313993174061
			4.27303754266212	-1.56655290102389
			4.27303754266212	-1.56996587030717
			4.27303754266212	-1.57337883959044
			4.27303754266212	-1.57679180887372
			4.27303754266212	-1.580204778157
			4.27303754266212	-1.58361774744027
			4.27303754266212	-1.58703071672355
			4.27303754266212	-1.59044368600683
			4.27645051194539	-1.59044368600683
			4.27645051194539	-1.5938566552901
			4.27645051194539	-1.59726962457338
			4.27645051194539	-1.60068259385666
			4.27645051194539	-1.60409556313993
			4.27645051194539	-1.60750853242321
			4.27645051194539	-1.61092150170648
			4.27645051194539	-1.61433447098976
			4.27645051194539	-1.61774744027304
			4.27303754266212	-1.62116040955631
			4.27303754266212	-1.62457337883959
			4.27303754266212	-1.62798634812287
			4.27303754266212	-1.63139931740614
			4.27303754266212	-1.63481228668942
			4.27303754266212	-1.6382252559727
			4.27303754266212	-1.64163822525597
			4.27303754266212	-1.64505119453925
			4.27303754266212	-1.64846416382253
			4.27303754266212	-1.6518771331058
			4.27303754266212	-1.65529010238908
			4.27303754266212	-1.65870307167235
			4.26962457337884	-1.66211604095563
			4.26962457337884	-1.66552901023891
			4.26962457337884	-1.66894197952218
			4.26962457337884	-1.67235494880546
			4.26962457337884	-1.67576791808874
			4.26621160409556	-1.67918088737201
			4.26621160409556	-1.68259385665529
			4.26621160409556	-1.68600682593857
			4.26621160409556	-1.68941979522184
			4.26621160409556	-1.69283276450512
			4.26279863481229	-1.6962457337884
			4.26279863481229	-1.69965870307167
			4.26279863481229	-1.70307167235495
			4.25938566552901	-1.70648464163823
			4.25938566552901	-1.7098976109215
			4.25938566552901	-1.71331058020478
			4.25597269624573	-1.71672354948805
			4.25597269624573	-1.72013651877133
			4.25255972696246	-1.72354948805461
			4.25255972696246	-1.72696245733788
			4.24914675767918	-1.73037542662116
			4.24914675767918	-1.73378839590444
			4.24914675767918	-1.73720136518771
			4.2457337883959	-1.74061433447099
			4.24232081911263	-1.74402730375427
			4.24232081911263	-1.74744027303754
			4.23890784982935	-1.75085324232082
			4.23890784982935	-1.7542662116041
			4.23549488054608	-1.75767918088737
			4.23549488054608	-1.76109215017065
			4.2320819112628	-1.76450511945392
			4.22866894197952	-1.7679180887372
			4.22866894197952	-1.77133105802048
			4.22525597269625	-1.77133105802048
			4.22184300341297	-1.77474402730375
			4.22184300341297	-1.77815699658703
			4.21843003412969	-1.78156996587031
			4.21501706484642	-1.78498293515358
			4.21160409556314	-1.78839590443686
			4.20819112627986	-1.79180887372014
			4.20477815699659	-1.79522184300341
			4.20136518771331	-1.79863481228669
			4.19795221843003	-1.79863481228669
			4.19453924914676	-1.80204778156997
			4.19112627986348	-1.80204778156997
			4.1877133105802	-1.80546075085324
			4.18430034129693	-1.80887372013652
			4.18088737201365	-1.80887372013652
			4.17747440273038	-1.8122866894198
			4.1740614334471	-1.8122866894198
			4.17064846416382	-1.81569965870307
			4.16723549488055	-1.81569965870307
			4.16382252559727	-1.81911262798635
			4.16040955631399	-1.81911262798635
			4.15699658703072	-1.81911262798635
			4.15358361774744	-1.82252559726962
			4.15017064846416	-1.82252559726962
			4.14675767918089	-1.82252559726962
			4.14334470989761	-1.8259385665529
			4.13993174061433	-1.8259385665529
			4.13651877133106	-1.82935153583618
			4.13310580204778	-1.82935153583618
			4.1296928327645	-1.82935153583618
			4.12627986348123	-1.83276450511945
			4.12286689419795	-1.83276450511945
			4.11945392491468	-1.83276450511945
			4.1160409556314	-1.83276450511945
			4.11262798634812	-1.83617747440273
			4.10921501706485	-1.83617747440273
			4.10580204778157	-1.83617747440273
			4.10238907849829	-1.83959044368601
			4.09897610921502	-1.83959044368601
			4.09556313993174	-1.83959044368601
			4.09215017064846	-1.83959044368601
			4.08873720136519	-1.83959044368601
			4.08532423208191	-1.84300341296928
			4.08191126279864	-1.84300341296928
			4.07849829351536	-1.84300341296928
			4.07508532423208	-1.84300341296928
			4.07167235494881	-1.84300341296928
			4.06825938566553	-1.84300341296928
			4.06484641638225	-1.84300341296928
			4.06143344709898	-1.84300341296928
			4.0580204778157	-1.84641638225256
			4.05460750853242	-1.84641638225256
			4.05119453924915	-1.84641638225256
			4.04778156996587	-1.84641638225256
			4.04436860068259	-1.84641638225256
			4.04095563139932	-1.84641638225256
			4.03754266211604	-1.84641638225256
			4.03412969283276	-1.84641638225256
			4.03071672354949	-1.84641638225256
			4.02730375426621	-1.84641638225256
			4.02389078498294	-1.84641638225256
			4.02047781569966	-1.84300341296928
			4.01706484641638	-1.84300341296928
			4.01365187713311	-1.84300341296928
			4.01023890784983	-1.84300341296928
			4.00682593856655	-1.84300341296928
			4.00341296928328	-1.84300341296928
			4	-1.84300341296928
			3.99658703071672	-1.84300341296928
			3.99317406143345	-1.84300341296928
			3.98976109215017	-1.83959044368601
			3.98634812286689	-1.83959044368601
			3.98293515358362	-1.83959044368601
			3.97952218430034	-1.83959044368601
			3.97610921501706	-1.83959044368601
			3.97269624573379	-1.83617747440273
			3.96928327645051	-1.83617747440273
			3.96587030716724	-1.83617747440273
			3.96245733788396	-1.83276450511945
			3.95904436860068	-1.83276450511945
			3.95563139931741	-1.83276450511945
			3.95221843003413	-1.82935153583618
			3.94880546075085	-1.82935153583618
			3.94539249146758	-1.82935153583618
			3.9419795221843	-1.8259385665529
			3.93856655290102	-1.8259385665529
			3.93515358361775	-1.8259385665529
			3.93174061433447	-1.82252559726962
			3.92832764505119	-1.82252559726962
			3.92491467576792	-1.81911262798635
			3.92150170648464	-1.81911262798635
			3.91808873720137	-1.81569965870307
			3.91467576791809	-1.81569965870307
			3.91126279863481	-1.81569965870307
			3.90784982935154	-1.81569965870307
			3.90443686006826	-1.8122866894198
			3.90102389078498	-1.8122866894198
			3.89761092150171	-1.8122866894198
			3.89419795221843	-1.8122866894198
			3.89078498293515	-1.8122866894198
			3.88737201365188	-1.8122866894198
			3.8839590443686	-1.8122866894198
			3.88054607508532	-1.8122866894198
			3.87713310580205	-1.80887372013652
			3.87372013651877	-1.80887372013652
			3.87030716723549	-1.80887372013652
			3.86689419795222	-1.80887372013652
			3.86348122866894	-1.80887372013652
			3.86006825938567	-1.80887372013652
			3.85665529010239	-1.80887372013652
			3.85324232081911	-1.8122866894198
			3.84982935153584	-1.8122866894198
			3.84641638225256	-1.8122866894198
			3.84300341296928	-1.8122866894198
			3.83959044368601	-1.8122866894198
			3.83617747440273	-1.81569965870307
			3.83276450511945	-1.81569965870307
			3.82935153583618	-1.81569965870307
			3.8259385665529	-1.81911262798635
			3.82252559726962	-1.82252559726962
			3.81911262798635	-1.8259385665529
			3.81569965870307	-1.82935153583618
			3.8122866894198	-1.83276450511945
			3.8122866894198	-1.83617747440273
			3.80887372013652	-1.83959044368601
			3.80887372013652	-1.84300341296928
			3.80887372013652	-1.84641638225256
			3.80887372013652	-1.84982935153584
			3.80887372013652	-1.85324232081911
			3.80887372013652	-1.85665529010239
			3.80887372013652	-1.86006825938567
			3.8122866894198	-1.86348122866894
			3.8122866894198	-1.86689419795222
			3.8122866894198	-1.87030716723549
			3.81569965870307	-1.87372013651877
			3.81911262798635	-1.87372013651877
			3.82252559726962	-1.87372013651877
			3.8259385665529	-1.87713310580205
			3.82935153583618	-1.87713310580205
			3.83276450511945	-1.88054607508532
			3.83617747440273	-1.88054607508532
			3.83959044368601	-1.8839590443686
			3.84300341296928	-1.8839590443686
			3.84641638225256	-1.88737201365188
			3.84982935153584	-1.88737201365188
			3.85324232081911	-1.88737201365188
			3.85665529010239	-1.89078498293515
			3.86006825938567	-1.89078498293515
			3.86348122866894	-1.89078498293515
			3.86689419795222	-1.89419795221843
			3.87030716723549	-1.89419795221843
			3.87372013651877	-1.89419795221843
			3.87713310580205	-1.89761092150171
			3.88054607508532	-1.89761092150171
			3.8839590443686	-1.89761092150171
			3.88737201365188	-1.90102389078498
			3.89078498293515	-1.90102389078498
			3.89419795221843	-1.90102389078498
			3.89761092150171	-1.90102389078498
			3.90102389078498	-1.90443686006826
			3.90443686006826	-1.90443686006826
			3.90784982935154	-1.90443686006826
			3.91126279863481	-1.90443686006826
			3.91467576791809	-1.90784982935154
			3.91808873720137	-1.90784982935154
			3.92150170648464	-1.90784982935154
			3.92491467576792	-1.90784982935154
			3.92832764505119	-1.90784982935154
			3.93174061433447	-1.90784982935154
			3.93515358361775	-1.91126279863481
			3.93856655290102	-1.91126279863481
			3.9419795221843	-1.91126279863481
			3.94539249146758	-1.91126279863481
			3.94880546075085	-1.91126279863481
			3.95221843003413	-1.91126279863481
			3.95563139931741	-1.91126279863481
			3.95904436860068	-1.91126279863481
			3.96245733788396	-1.91126279863481
			3.96587030716724	-1.91126279863481
			3.96928327645051	-1.91126279863481
			3.96928327645051	-1.91467576791809
			3.97269624573379	-1.91467576791809
			3.97610921501706	-1.91467576791809
			3.97952218430034	-1.91467576791809
			3.98293515358362	-1.91467576791809
			3.98634812286689	-1.91467576791809
			3.98976109215017	-1.91467576791809
			3.99317406143345	-1.91467576791809
			3.99658703071672	-1.91467576791809
			4	-1.91467576791809
			4.00341296928328	-1.91467576791809
			4.00682593856655	-1.91126279863481
			4.01023890784983	-1.91126279863481
			4.01365187713311	-1.91126279863481
			4.01706484641638	-1.91126279863481
			4.02047781569966	-1.91126279863481
			4.02389078498294	-1.91126279863481
			4.02730375426621	-1.91126279863481
			4.03071672354949	-1.91126279863481
			4.03412969283276	-1.91126279863481
			4.03754266211604	-1.91126279863481
			4.04095563139932	-1.91126279863481
			4.04436860068259	-1.90784982935154
			4.04778156996587	-1.90784982935154
			4.05119453924915	-1.90784982935154
			4.05460750853242	-1.90784982935154
			4.0580204778157	-1.90784982935154
			4.06143344709898	-1.90784982935154
			4.06484641638225	-1.90443686006826
			4.06825938566553	-1.90443686006826
			4.07167235494881	-1.90443686006826
			4.07508532423208	-1.90443686006826
			4.07849829351536	-1.90102389078498
			4.08191126279864	-1.90102389078498
			4.08532423208191	-1.90102389078498
			4.08873720136519	-1.90102389078498
			4.09215017064846	-1.89761092150171
			4.09556313993174	-1.89761092150171
			4.09897610921502	-1.89761092150171
			4.10238907849829	-1.89761092150171
			4.10238907849829	-1.89419795221843
			4.10580204778157	-1.89419795221843
			4.10921501706485	-1.89419795221843
			4.11262798634812	-1.89419795221843
			4.1160409556314	-1.89078498293515
			4.11945392491468	-1.89078498293515
			4.12286689419795	-1.88737201365188
			4.12627986348123	-1.88737201365188
			4.1296928327645	-1.88737201365188
			4.13310580204778	-1.8839590443686
			4.13651877133106	-1.8839590443686
			4.13993174061433	-1.8839590443686
			4.14334470989761	-1.88054607508532
			4.14675767918089	-1.88054607508532
			4.15017064846416	-1.87713310580205
			4.15358361774744	-1.87713310580205
			4.15699658703072	-1.87713310580205
			4.16040955631399	-1.87372013651877
			4.16382252559727	-1.87372013651877
			4.16723549488055	-1.87030716723549
			4.17064846416382	-1.87030716723549
			4.1740614334471	-1.86689419795222
			4.17747440273038	-1.86689419795222
			4.18088737201365	-1.86348122866894
			4.18430034129693	-1.86348122866894
			4.1877133105802	-1.86006825938567
			4.19112627986348	-1.86006825938567
			4.19453924914676	-1.85665529010239
			4.19795221843003	-1.85665529010239
			4.20136518771331	-1.85324232081911
			4.20477815699659	-1.85324232081911
			4.20819112627986	-1.84982935153584
			4.21160409556314	-1.84641638225256
			4.21501706484642	-1.84300341296928
			4.21843003412969	-1.83959044368601
			4.22184300341297	-1.83617747440273
			4.22525597269625	-1.83276450511945
			4.22866894197952	-1.82935153583618
			4.2320819112628	-1.82935153583618
			4.2320819112628	-1.8259385665529
			4.23549488054608	-1.82252559726962
			4.23890784982935	-1.81911262798635
			4.24232081911263	-1.81911262798635
			4.24232081911263	-1.81569965870307
			4.2457337883959	-1.8122866894198
			4.24914675767918	-1.8122866894198
			4.25255972696246	-1.80887372013652
			4.25255972696246	-1.80546075085324
			4.25597269624573	-1.80546075085324
			4.25938566552901	-1.80204778156997
			4.26279863481229	-1.79863481228669
			4.26621160409556	-1.79522184300341
			4.26962457337884	-1.79180887372014
			4.27303754266212	-1.79180887372014
			4.27645051194539	-1.78839590443686
			4.27986348122867	-1.78498293515358
			4.28327645051195	-1.78156996587031
			4.28668941979522	-1.77815699658703
			4.2901023890785	-1.77815699658703
			4.29351535836178	-1.77474402730375
			4.29692832764505	-1.77474402730375
			4.30034129692833	-1.77133105802048
			4.30034129692833	-1.7679180887372
			4.3037542662116	-1.7679180887372
			4.30716723549488	-1.76450511945392
			4.31058020477816	-1.76450511945392
			4.31399317406143	-1.76450511945392
			4.31399317406143	-1.76109215017065
			4.31740614334471	-1.76109215017065
			4.32081911262799	-1.75767918088737
			4.32423208191126	-1.75767918088737
			4.32764505119454	-1.7542662116041
			4.33105802047782	-1.7542662116041
			4.33447098976109	-1.7542662116041
			4.33788395904437	-1.75085324232082
			4.34129692832764	-1.75085324232082
			4.34470989761092	-1.75085324232082
			4.3481228668942	-1.75085324232082
			4.35153583617747	-1.75085324232082
			4.35494880546075	-1.75085324232082
			4.35836177474403	-1.75085324232082
			4.3617747440273	-1.75085324232082
			4.36518771331058	-1.7542662116041
			4.36860068259386	-1.7542662116041
			4.37201365187713	-1.75767918088737
			4.37542662116041	-1.76109215017065
			4.37883959044369	-1.76450511945392
			4.37883959044369	-1.7679180887372
			4.38225255972696	-1.7679180887372
			4.38566552901024	-1.77133105802048
			4.38907849829352	-1.77133105802048
			4.39249146757679	-1.77474402730375
			4.39590443686007	-1.77474402730375
			4.39931740614334	-1.77474402730375
			4.40273037542662	-1.77474402730375
			4.40273037542662	-1.77815699658703
			4.4061433447099	-1.77815699658703
			4.40955631399317	-1.77815699658703
			4.41296928327645	-1.77815699658703
			4.41638225255973	-1.78156996587031
			4.419795221843	-1.78156996587031
			4.42320819112628	-1.78156996587031
			4.42662116040956	-1.78498293515358
			4.43003412969283	-1.78498293515358
			4.43344709897611	-1.78839590443686
			4.43686006825939	-1.78839590443686
			4.44027303754266	-1.78839590443686
			4.44368600682594	-1.78839590443686
			4.44709897610922	-1.79180887372014
			4.45051194539249	-1.79180887372014
			4.45392491467577	-1.79180887372014
			4.45733788395904	-1.79522184300341
			4.46075085324232	-1.79522184300341
			4.4641638225256	-1.79522184300341
			4.46757679180887	-1.79863481228669
			4.47098976109215	-1.79863481228669
			4.47440273037543	-1.79863481228669
			4.4778156996587	-1.80204778156997
			4.48122866894198	-1.80204778156997
			4.48464163822526	-1.80204778156997
			4.48805460750853	-1.80204778156997
			4.49146757679181	-1.80546075085324
			4.49488054607509	-1.80546075085324
			4.49829351535836	-1.80546075085324
			4.50170648464164	-1.80546075085324
			4.50511945392492	-1.80887372013652
			4.50853242320819	-1.80887372013652
			4.51194539249147	-1.80887372013652
			4.51535836177474	-1.80887372013652
			4.51877133105802	-1.80887372013652
			4.51877133105802	-1.8122866894198
			4.5221843003413	-1.8122866894198
			4.52559726962457	-1.8122866894198
			4.52901023890785	-1.8122866894198
			4.53242320819113	-1.8122866894198
			4.5358361774744	-1.81569965870307
			4.53924914675768	-1.81569965870307
			4.54266211604096	-1.81569965870307
			4.54607508532423	-1.81569965870307
			4.54948805460751	-1.81569965870307
			4.55290102389078	-1.81911262798635
			4.55631399317406	-1.81911262798635
			4.55972696245734	-1.81911262798635
			4.56313993174061	-1.81911262798635
			4.56655290102389	-1.81911262798635
			4.56996587030717	-1.81911262798635
			4.57337883959044	-1.82252559726962
			4.57679180887372	-1.82252559726962
			4.580204778157	-1.82252559726962
			4.58361774744027	-1.82252559726962
			4.58703071672355	-1.82252559726962
		</suture>
		<anterior type=matrix rownames=FALSE colnames=FALSE nrow=847 ncol=2 as.numeric=TRUE >
			2.64163822525597	-0.47098976109215
			2.64505119453925	-0.47098976109215
			2.64846416382253	-0.47098976109215
			2.6518771331058	-0.47098976109215
			2.65529010238908	-0.47098976109215
			2.65870307167235	-0.47098976109215
			2.66211604095563	-0.47098976109215
			2.66552901023891	-0.47098976109215
			2.66894197952218	-0.47098976109215
			2.67235494880546	-0.47098976109215
			2.67576791808874	-0.47098976109215
			2.67918088737201	-0.47098976109215
			2.68259385665529	-0.47098976109215
			2.68600682593857	-0.47098976109215
			2.68941979522184	-0.474402730375427
			2.69283276450512	-0.474402730375427
			2.6962457337884	-0.474402730375427
			2.69965870307167	-0.474402730375427
			2.70307167235495	-0.474402730375427
			2.70648464163823	-0.474402730375427
			2.7098976109215	-0.474402730375427
			2.71331058020478	-0.474402730375427
			2.71672354948805	-0.474402730375427
			2.72013651877133	-0.474402730375427
			2.72354948805461	-0.474402730375427
			2.72696245733788	-0.474402730375427
			2.73037542662116	-0.474402730375427
			2.73378839590444	-0.474402730375427
			2.73720136518771	-0.474402730375427
			2.74061433447099	-0.474402730375427
			2.74402730375427	-0.474402730375427
			2.74744027303754	-0.477815699658703
			2.75085324232082	-0.477815699658703
			2.7542662116041	-0.477815699658703
			2.75767918088737	-0.477815699658703
			2.76109215017065	-0.477815699658703
			2.76450511945392	-0.477815699658703
			2.7679180887372	-0.477815699658703
			2.77133105802048	-0.477815699658703
			2.77474402730375	-0.477815699658703
			2.77815699658703	-0.477815699658703
			2.78156996587031	-0.477815699658703
			2.78498293515358	-0.477815699658703
			2.78839590443686	-0.48122866894198
			2.79180887372014	-0.48122866894198
			2.79522184300341	-0.48122866894198
			2.79863481228669	-0.48122866894198
			2.80204778156997	-0.48122866894198
			2.80546075085324	-0.48122866894198
			2.80887372013652	-0.48122866894198
			2.8122866894198	-0.48122866894198
			2.81569965870307	-0.48122866894198
			2.81911262798635	-0.48122866894198
			2.82252559726962	-0.484641638225256
			2.8259385665529	-0.484641638225256
			2.82935153583618	-0.484641638225256
			2.83276450511945	-0.484641638225256
			2.83617747440273	-0.484641638225256
			2.83959044368601	-0.484641638225256
			2.84300341296928	-0.484641638225256
			2.84641638225256	-0.484641638225256
			2.84982935153584	-0.488054607508532
			2.85324232081911	-0.488054607508532
			2.85665529010239	-0.488054607508532
			2.86006825938567	-0.488054607508532
			2.86348122866894	-0.488054607508532
			2.86689419795222	-0.488054607508532
			2.87030716723549	-0.488054607508532
			2.87372013651877	-0.491467576791809
			2.87713310580205	-0.491467576791809
			2.88054607508532	-0.491467576791809
			2.8839590443686	-0.491467576791809
			2.88737201365188	-0.491467576791809
			2.89078498293515	-0.491467576791809
			2.89419795221843	-0.491467576791809
			2.89761092150171	-0.494880546075085
			2.90102389078498	-0.494880546075085
			2.90443686006826	-0.494880546075085
			2.90784982935154	-0.494880546075085
			2.91126279863481	-0.494880546075085
			2.91467576791809	-0.494880546075085
			2.91808873720137	-0.494880546075085
			2.92150170648464	-0.498293515358362
			2.92491467576792	-0.498293515358362
			2.92832764505119	-0.498293515358362
			2.93174061433447	-0.498293515358362
			2.93515358361775	-0.498293515358362
			2.93856655290102	-0.498293515358362
			2.9419795221843	-0.501706484641638
			2.94539249146758	-0.501706484641638
			2.94880546075085	-0.501706484641638
			2.95221843003413	-0.501706484641638
			2.95563139931741	-0.501706484641638
			2.95563139931741	-0.505119453924915
			2.95904436860068	-0.505119453924915
			2.96245733788396	-0.505119453924915
			2.96587030716724	-0.505119453924915
			2.96928327645051	-0.505119453924915
			2.97269624573379	-0.505119453924915
			2.97610921501706	-0.508532423208191
			2.97952218430034	-0.508532423208191
			2.98293515358362	-0.508532423208191
			2.98634812286689	-0.508532423208191
			2.98976109215017	-0.511945392491468
			2.99317406143345	-0.511945392491468
			2.99658703071672	-0.511945392491468
			3	-0.511945392491468
			3.00341296928328	-0.511945392491468
			3.00682593856655	-0.515358361774744
			3.01023890784983	-0.515358361774744
			3.01365187713311	-0.515358361774744
			3.01706484641638	-0.515358361774744
			3.02047781569966	-0.515358361774744
			3.02389078498294	-0.518771331058021
			3.02730375426621	-0.518771331058021
			3.03071672354949	-0.518771331058021
			3.03412969283276	-0.518771331058021
			3.03754266211604	-0.522184300341297
			3.04095563139932	-0.522184300341297
			3.04436860068259	-0.522184300341297
			3.04778156996587	-0.525597269624573
			3.05119453924915	-0.525597269624573
			3.05460750853242	-0.525597269624573
			3.0580204778157	-0.525597269624573
			3.06143344709898	-0.52901023890785
			3.06484641638225	-0.52901023890785
			3.06825938566553	-0.52901023890785
			3.07167235494881	-0.52901023890785
			3.07508532423208	-0.532423208191126
			3.07849829351536	-0.532423208191126
			3.08191126279863	-0.532423208191126
			3.08532423208191	-0.532423208191126
			3.08873720136519	-0.535836177474403
			3.09215017064846	-0.535836177474403
			3.09556313993174	-0.535836177474403
			3.09897610921502	-0.539249146757679
			3.10238907849829	-0.539249146757679
			3.10580204778157	-0.539249146757679
			3.10921501706485	-0.542662116040956
			3.11262798634812	-0.542662116040956
			3.1160409556314	-0.542662116040956
			3.11945392491468	-0.542662116040956
			3.12286689419795	-0.546075085324232
			3.12627986348123	-0.546075085324232
			3.12969283276451	-0.546075085324232
			3.13310580204778	-0.549488054607508
			3.13651877133106	-0.549488054607508
			3.13993174061433	-0.549488054607508
			3.14334470989761	-0.552901023890785
			3.14675767918089	-0.552901023890785
			3.15017064846416	-0.552901023890785
			3.15017064846416	-0.556313993174061
			3.15358361774744	-0.556313993174061
			3.15699658703072	-0.556313993174061
			3.16040955631399	-0.559726962457338
			3.16382252559727	-0.559726962457338
			3.16723549488055	-0.559726962457338
			3.17064846416382	-0.559726962457338
			3.1740614334471	-0.563139931740614
			3.17747440273038	-0.563139931740614
			3.18088737201365	-0.563139931740614
			3.18430034129693	-0.566552901023891
			3.1877133105802	-0.569965870307167
			3.19112627986348	-0.569965870307167
			3.19453924914676	-0.569965870307167
			3.19795221843003	-0.573378839590444
			3.20136518771331	-0.573378839590444
			3.20477815699659	-0.573378839590444
			3.20819112627986	-0.57679180887372
			3.21160409556314	-0.57679180887372
			3.21501706484642	-0.57679180887372
			3.21843003412969	-0.580204778156997
			3.22184300341297	-0.580204778156997
			3.22525597269625	-0.583617747440273
			3.22866894197952	-0.583617747440273
			3.2320819112628	-0.587030716723549
			3.23549488054608	-0.587030716723549
			3.23890784982935	-0.587030716723549
			3.23890784982935	-0.590443686006826
			3.24232081911263	-0.590443686006826
			3.2457337883959	-0.590443686006826
			3.24914675767918	-0.593856655290102
			3.25255972696246	-0.593856655290102
			3.25597269624573	-0.597269624573379
			3.25938566552901	-0.597269624573379
			3.26279863481229	-0.597269624573379
			3.26621160409556	-0.600682593856655
			3.26962457337884	-0.604095563139932
			3.27303754266212	-0.604095563139932
			3.27645051194539	-0.607508532423208
			3.27986348122867	-0.607508532423208
			3.28327645051195	-0.610921501706485
			3.28668941979522	-0.610921501706485
			3.2901023890785	-0.614334470989761
			3.29351535836177	-0.614334470989761
			3.29692832764505	-0.617747440273038
			3.30034129692833	-0.617747440273038
			3.3037542662116	-0.617747440273038
			3.30716723549488	-0.621160409556314
			3.31058020477816	-0.62457337883959
			3.31399317406143	-0.62457337883959
			3.31740614334471	-0.62457337883959
			3.32081911262799	-0.627986348122867
			3.32423208191126	-0.631399317406143
			3.32764505119454	-0.631399317406143
			3.33105802047782	-0.63481228668942
			3.33447098976109	-0.63481228668942
			3.33788395904437	-0.638225255972696
			3.34129692832765	-0.638225255972696
			3.34470989761092	-0.641638225255973
			3.3481228668942	-0.645051194539249
			3.35153583617747	-0.645051194539249
			3.35494880546075	-0.648464163822526
			3.35836177474403	-0.651877133105802
			3.3617747440273	-0.651877133105802
			3.36518771331058	-0.655290102389078
			3.36860068259386	-0.655290102389078
			3.37201365187713	-0.658703071672355
			3.37542662116041	-0.662116040955631
			3.37883959044369	-0.662116040955631
			3.38225255972696	-0.665529010238908
			3.38566552901024	-0.665529010238908
			3.38907849829352	-0.668941979522184
			3.39249146757679	-0.672354948805461
			3.39590443686007	-0.672354948805461
			3.39931740614334	-0.675767918088737
			3.40273037542662	-0.679180887372014
			3.4061433447099	-0.679180887372014
			3.40955631399317	-0.68259385665529
			3.41296928327645	-0.68259385665529
			3.41638225255973	-0.686006825938567
			3.419795221843	-0.689419795221843
			3.42320819112628	-0.689419795221843
			3.42662116040956	-0.692832764505119
			3.42662116040956	-0.696245733788396
			3.43003412969283	-0.696245733788396
			3.43344709897611	-0.699658703071672
			3.43686006825939	-0.703071672354949
			3.44027303754266	-0.703071672354949
			3.44368600682594	-0.706484641638225
			3.44709897610922	-0.709897610921502
			3.45051194539249	-0.713310580204778
			3.45392491467577	-0.713310580204778
			3.45733788395904	-0.716723549488055
			3.46075085324232	-0.720136518771331
			3.4641638225256	-0.723549488054608
			3.46757679180887	-0.726962457337884
			3.47098976109215	-0.73037542662116
			3.47440273037543	-0.733788395904437
			3.4778156996587	-0.733788395904437
			3.48122866894198	-0.737201365187713
			3.48464163822526	-0.74061433447099
			3.48805460750853	-0.744027303754266
			3.49146757679181	-0.747440273037543
			3.49488054607509	-0.747440273037543
			3.49829351535836	-0.750853242320819
			3.50170648464164	-0.754266211604096
			3.50511945392491	-0.757679180887372
			3.50853242320819	-0.761092150170648
			3.51194539249147	-0.764505119453925
			3.51535836177474	-0.764505119453925
			3.51877133105802	-0.767918088737201
			3.51877133105802	-0.771331058020478
			3.5221843003413	-0.774744027303754
			3.52559726962457	-0.778156996587031
			3.52901023890785	-0.778156996587031
			3.53242320819113	-0.781569965870307
			3.5358361774744	-0.784982935153584
			3.5358361774744	-0.78839590443686
			3.53924914675768	-0.791808873720137
			3.54266211604096	-0.791808873720137
			3.54607508532423	-0.795221843003413
			3.54948805460751	-0.798634812286689
			3.54948805460751	-0.802047781569966
			3.55290102389079	-0.805460750853242
			3.55631399317406	-0.808873720136519
			3.55972696245734	-0.808873720136519
			3.56313993174061	-0.812286689419795
			3.56313993174061	-0.815699658703072
			3.56655290102389	-0.819112627986348
			3.56996587030717	-0.822525597269625
			3.57337883959044	-0.825938566552901
			3.57679180887372	-0.829351535836177
			3.580204778157	-0.832764505119454
			3.58361774744027	-0.832764505119454
			3.58703071672355	-0.83617747440273
			3.59044368600683	-0.839590443686007
			3.5938566552901	-0.843003412969283
			3.59726962457338	-0.843003412969283
			3.60068259385666	-0.84641638225256
			3.60409556313993	-0.849829351535836
			3.60750853242321	-0.853242320819113
			3.61092150170648	-0.853242320819113
			3.61433447098976	-0.856655290102389
			3.61774744027304	-0.856655290102389
			3.62116040955631	-0.860068259385666
			3.62116040955631	-0.863481228668942
			3.62457337883959	-0.863481228668942
			3.62798634812287	-0.866894197952218
			3.63139931740614	-0.866894197952218
			3.63481228668942	-0.870307167235495
			3.6382252559727	-0.873720136518771
			3.64163822525597	-0.877133105802048
			3.64505119453925	-0.877133105802048
			3.64846416382253	-0.880546075085324
			3.6518771331058	-0.883959044368601
			3.65529010238908	-0.883959044368601
			3.65870307167236	-0.887372013651877
			3.66211604095563	-0.890784982935154
			3.66552901023891	-0.890784982935154
			3.66894197952218	-0.89419795221843
			3.67235494880546	-0.897610921501707
			3.67576791808874	-0.897610921501707
			3.67918088737201	-0.901023890784983
			3.68259385665529	-0.904436860068259
			3.68600682593857	-0.907849829351536
			3.68941979522184	-0.907849829351536
			3.69283276450512	-0.911262798634812
			3.6962457337884	-0.911262798634812
			3.6962457337884	-0.914675767918089
			3.69965870307167	-0.914675767918089
			3.70307167235495	-0.918088737201365
			3.70648464163823	-0.921501706484642
			3.7098976109215	-0.921501706484642
			3.71331058020478	-0.924914675767918
			3.71672354948805	-0.928327645051195
			3.72013651877133	-0.928327645051195
			3.72354948805461	-0.931740614334471
			3.72696245733788	-0.931740614334471
			3.72696245733788	-0.935153583617747
			3.73037542662116	-0.938566552901024
			3.73378839590444	-0.938566552901024
			3.73720136518771	-0.9419795221843
			3.74061433447099	-0.9419795221843
			3.74061433447099	-0.945392491467577
			3.74402730375427	-0.945392491467577
			3.74744027303754	-0.948805460750853
			3.75085324232082	-0.948805460750853
			3.7542662116041	-0.95221843003413
			3.75767918088737	-0.955631399317406
			3.76109215017065	-0.955631399317406
			3.76450511945392	-0.959044368600683
			3.7679180887372	-0.962457337883959
			3.77133105802048	-0.962457337883959
			3.77474402730375	-0.965870307167236
			3.77815699658703	-0.965870307167236
			3.78156996587031	-0.969283276450512
			3.78498293515358	-0.972696245733788
			3.78839590443686	-0.976109215017065
			3.79180887372014	-0.976109215017065
			3.79522184300341	-0.979522184300341
			3.79863481228669	-0.979522184300341
			3.79863481228669	-0.982935153583618
			3.80204778156997	-0.982935153583618
			3.80546075085324	-0.986348122866894
			3.80887372013652	-0.986348122866894
			3.8122866894198	-0.989761092150171
			3.81569965870307	-0.993174061433447
			3.81911262798635	-0.993174061433447
			3.82252559726962	-0.996587030716724
			3.8259385665529	-0.996587030716724
			3.8259385665529	-1
			3.82935153583618	-1
			3.83276450511945	-1.00341296928328
			3.83617747440273	-1.00341296928328
			3.83617747440273	-1.00682593856655
			3.83959044368601	-1.00682593856655
			3.84300341296928	-1.01023890784983
			3.84641638225256	-1.01023890784983
			3.84982935153584	-1.01365187713311
			3.85324232081911	-1.01706484641638
			3.85665529010239	-1.01706484641638
			3.86006825938567	-1.02047781569966
			3.86348122866894	-1.02047781569966
			3.86689419795222	-1.02389078498294
			3.87030716723549	-1.02389078498294
			3.87372013651877	-1.02730375426621
			3.87372013651877	-1.03071672354949
			3.87713310580205	-1.03071672354949
			3.88054607508532	-1.03412969283276
			3.8839590443686	-1.03412969283276
			3.88737201365188	-1.03754266211604
			3.89078498293515	-1.03754266211604
			3.89419795221843	-1.04095563139932
			3.89761092150171	-1.04095563139932
			3.90102389078498	-1.04436860068259
			3.90443686006826	-1.04436860068259
			3.90784982935154	-1.04778156996587
			3.90784982935154	-1.05119453924915
			3.91126279863481	-1.05119453924915
			3.91467576791809	-1.05460750853242
			3.91808873720137	-1.05460750853242
			3.92150170648464	-1.0580204778157
			3.92491467576792	-1.06143344709898
			3.92832764505119	-1.06143344709898
			3.93174061433447	-1.06484641638225
			3.93515358361775	-1.06484641638225
			3.93515358361775	-1.06825938566553
			3.93856655290102	-1.06825938566553
			3.9419795221843	-1.07167235494881
			3.94539249146758	-1.07508532423208
			3.94880546075085	-1.07849829351536
			3.95221843003413	-1.07849829351536
			3.95563139931741	-1.08191126279863
			3.95904436860068	-1.08191126279863
			3.95904436860068	-1.08532423208191
			3.96245733788396	-1.08873720136519
			3.96587030716724	-1.08873720136519
			3.96928327645051	-1.09215017064846
			3.97269624573379	-1.09215017064846
			3.97269624573379	-1.09556313993174
			3.97610921501706	-1.09897610921502
			3.97952218430034	-1.09897610921502
			3.98293515358362	-1.10238907849829
			3.98634812286689	-1.10580204778157
			3.98976109215017	-1.10921501706485
			3.99317406143345	-1.10921501706485
			3.99658703071672	-1.11262798634812
			4	-1.1160409556314
			4.00341296928328	-1.1160409556314
			4.00682593856655	-1.11945392491468
			4.01023890784983	-1.12286689419795
			4.01365187713311	-1.12627986348123
			4.01706484641638	-1.12969283276451
			4.02047781569966	-1.13310580204778
			4.02389078498294	-1.13651877133106
			4.02730375426621	-1.13993174061433
			4.03071672354949	-1.13993174061433
			4.03412969283276	-1.14334470989761
			4.03754266211604	-1.14675767918089
			4.04095563139932	-1.15017064846416
			4.04436860068259	-1.15017064846416
			4.04778156996587	-1.15358361774744
			4.05119453924915	-1.15699658703072
			4.05460750853242	-1.16040955631399
			4.0580204778157	-1.16382252559727
			4.06143344709898	-1.16723549488055
			4.06484641638225	-1.17064846416382
			4.06825938566553	-1.17064846416382
			4.07167235494881	-1.1740614334471
			4.07508532423208	-1.17747440273038
			4.07849829351536	-1.18088737201365
			4.08191126279864	-1.18088737201365
			4.08191126279864	-1.18430034129693
			4.08532423208191	-1.1877133105802
			4.08873720136519	-1.19112627986348
			4.09215017064846	-1.19112627986348
			4.09556313993174	-1.19453924914676
			4.09897610921502	-1.19795221843003
			4.10238907849829	-1.20136518771331
			4.10580204778157	-1.20477815699659
			4.10921501706485	-1.20819112627986
			4.11262798634812	-1.21160409556314
			4.1160409556314	-1.21501706484642
			4.11945392491468	-1.21843003412969
			4.12286689419795	-1.22184300341297
			4.12627986348123	-1.22525597269625
			4.1296928327645	-1.22525597269625
			4.13310580204778	-1.22866894197952
			4.13651877133106	-1.2320819112628
			4.13993174061433	-1.23549488054608
			4.14334470989761	-1.23890784982935
			4.14675767918089	-1.24232081911263
			4.15017064846416	-1.2457337883959
			4.15358361774744	-1.24914675767918
			4.15699658703072	-1.25255972696246
			4.16040955631399	-1.25597269624573
			4.16382252559727	-1.25597269624573
			4.16382252559727	-1.25938566552901
			4.16723549488055	-1.26279863481229
			4.17064846416382	-1.26621160409556
			4.1740614334471	-1.26962457337884
			4.17747440273038	-1.27303754266212
			4.18088737201365	-1.27645051194539
			4.18430034129693	-1.27986348122867
			4.1877133105802	-1.28327645051195
			4.19112627986348	-1.28668941979522
			4.19112627986348	-1.2901023890785
			4.19453924914676	-1.2901023890785
			4.19795221843003	-1.29351535836177
			4.20136518771331	-1.29692832764505
			4.20477815699659	-1.30034129692833
			4.20819112627986	-1.3037542662116
			4.20819112627986	-1.30716723549488
			4.21160409556314	-1.31058020477816
			4.21501706484642	-1.31399317406143
			4.21843003412969	-1.31740614334471
			4.22184300341297	-1.32081911262799
			4.22525597269625	-1.32423208191126
			4.22525597269625	-1.32764505119454
			4.22866894197952	-1.32764505119454
			4.2320819112628	-1.33105802047782
			4.23549488054608	-1.33447098976109
			4.23890784982935	-1.33788395904437
			4.23890784982935	-1.34129692832765
			4.24232081911263	-1.34470989761092
			4.2457337883959	-1.3481228668942
			4.24914675767918	-1.35153583617747
			4.25255972696246	-1.35494880546075
			4.25597269624573	-1.35836177474403
			4.25938566552901	-1.3617747440273
			4.26279863481229	-1.36518771331058
			4.26621160409556	-1.36860068259386
			4.26962457337884	-1.37201365187713
			4.27303754266212	-1.37542662116041
			4.27645051194539	-1.37883959044369
			4.27645051194539	-1.38225255972696
			4.27986348122867	-1.38566552901024
			4.28327645051195	-1.38566552901024
			4.28327645051195	-1.38907849829352
			4.28668941979522	-1.39249146757679
			4.2901023890785	-1.39590443686007
			4.29351535836178	-1.39931740614334
			4.29692832764505	-1.40273037542662
			4.30034129692833	-1.4061433447099
			4.3037542662116	-1.40955631399317
			4.3037542662116	-1.41296928327645
			4.30716723549488	-1.41638225255973
			4.31058020477816	-1.419795221843
			4.31399317406143	-1.42320819112628
			4.31740614334471	-1.42662116040956
			4.32081911262799	-1.43003412969283
			4.32423208191126	-1.43344709897611
			4.32764505119454	-1.43686006825939
			4.32764505119454	-1.44027303754266
			4.33105802047782	-1.44368600682594
			4.33447098976109	-1.44709897610922
			4.33788395904437	-1.45051194539249
			4.34129692832764	-1.45392491467577
			4.34129692832764	-1.45733788395904
			4.34470989761092	-1.46075085324232
			4.3481228668942	-1.4641638225256
			4.3481228668942	-1.46757679180887
			4.35153583617747	-1.47098976109215
			4.35494880546075	-1.47098976109215
			4.35494880546075	-1.47440273037543
			4.35836177474403	-1.4778156996587
			4.3617747440273	-1.48122866894198
			4.3617747440273	-1.48464163822526
			4.36518771331058	-1.48805460750853
			4.36860068259386	-1.49146757679181
			4.36860068259386	-1.49488054607509
			4.37201365187713	-1.49829351535836
			4.37542662116041	-1.50170648464164
			4.37883959044369	-1.50511945392491
			4.37883959044369	-1.50853242320819
			4.38225255972696	-1.51194539249147
			4.38566552901024	-1.51535836177474
			4.38907849829352	-1.51877133105802
			4.39249146757679	-1.5221843003413
			4.39249146757679	-1.52559726962457
			4.39590443686007	-1.52901023890785
			4.39931740614334	-1.53242320819113
			4.39931740614334	-1.5358361774744
			4.40273037542662	-1.53924914675768
			4.4061433447099	-1.54266211604096
			4.4061433447099	-1.54607508532423
			4.40955631399317	-1.54948805460751
			4.41296928327645	-1.54948805460751
			4.41296928327645	-1.55290102389078
			4.41638225255973	-1.55631399317406
			4.419795221843	-1.55972696245734
			4.419795221843	-1.56313993174061
			4.42320819112628	-1.56655290102389
			4.42662116040956	-1.56996587030717
			4.42662116040956	-1.57337883959044
			4.43003412969283	-1.57679180887372
			4.43344709897611	-1.580204778157
			4.43344709897611	-1.58361774744027
			4.43686006825939	-1.58703071672355
			4.44027303754266	-1.59044368600683
			4.44027303754266	-1.5938566552901
			4.44368600682594	-1.59726962457338
			4.44709897610922	-1.60068259385666
			4.45051194539249	-1.60409556313993
			4.45051194539249	-1.60750853242321
			4.45392491467577	-1.61092150170648
			4.45733788395904	-1.61433447098976
			4.45733788395904	-1.61774744027304
			4.46075085324232	-1.62116040955631
			4.4641638225256	-1.62457337883959
			4.4641638225256	-1.62798634812287
			4.46757679180887	-1.63139931740614
			4.47098976109215	-1.63481228668942
			4.47440273037543	-1.6382252559727
			4.47440273037543	-1.64163822525597
			4.4778156996587	-1.64505119453925
			4.48122866894198	-1.64846416382253
			4.48122866894198	-1.6518771331058
			4.48464163822526	-1.65529010238908
			4.48805460750853	-1.65870307167235
			4.49146757679181	-1.66211604095563
			4.49146757679181	-1.66552901023891
			4.49488054607509	-1.66894197952218
			4.49829351535836	-1.67235494880546
			4.49829351535836	-1.67576791808874
			4.50170648464164	-1.67576791808874
			4.50170648464164	-1.67918088737201
			4.50170648464164	-1.68259385665529
			4.50511945392492	-1.68259385665529
			4.50511945392492	-1.68600682593857
			4.50853242320819	-1.68941979522184
			4.51194539249147	-1.69283276450512
			4.51535836177474	-1.6962457337884
			4.51535836177474	-1.69965870307167
			4.51877133105802	-1.70307167235495
			4.51877133105802	-1.70648464163823
			4.5221843003413	-1.7098976109215
			4.5221843003413	-1.71331058020478
			4.52559726962457	-1.71331058020478
			4.52559726962457	-1.71672354948805
			4.52901023890785	-1.72013651877133
			4.53242320819113	-1.72354948805461
			4.53242320819113	-1.72696245733788
			4.5358361774744	-1.73037542662116
			4.53924914675768	-1.73378839590444
			4.53924914675768	-1.73720136518771
			4.54266211604096	-1.74061433447099
			4.54607508532423	-1.74402730375427
			4.54948805460751	-1.74744027303754
			4.54948805460751	-1.75085324232082
			4.54948805460751	-1.7542662116041
			4.55290102389078	-1.7542662116041
			4.55290102389078	-1.75767918088737
			4.55631399317406	-1.76109215017065
			4.55631399317406	-1.76450511945392
			4.55972696245734	-1.7679180887372
			4.56313993174061	-1.77133105802048
			4.56655290102389	-1.77474402730375
			4.56655290102389	-1.77815699658703
			4.56996587030717	-1.78156996587031
			4.56996587030717	-1.78498293515358
			4.57337883959044	-1.78498293515358
			4.57337883959044	-1.78839590443686
			4.57679180887372	-1.79180887372014
			4.57679180887372	-1.79522184300341
			4.580204778157	-1.79522184300341
			4.580204778157	-1.79863481228669
			4.58361774744027	-1.80204778156997
			4.58361774744027	-1.80546075085324
			4.58703071672355	-1.80887372013652
			4.59044368600683	-1.8122866894198
			4.59044368600683	-1.81569965870307
			4.5938566552901	-1.81911262798635
			4.59726962457338	-1.82252559726962
			4.59726962457338	-1.8259385665529
			4.60068259385666	-1.82935153583618
			4.60068259385666	-1.83276450511945
			4.60409556313993	-1.83617747440273
			4.60750853242321	-1.83959044368601
			4.60750853242321	-1.84300341296928
			4.61092150170648	-1.84641638225256
			4.61433447098976	-1.84982935153584
			4.61433447098976	-1.85324232081911
			4.61774744027304	-1.85665529010239
			4.61774744027304	-1.86006825938567
			4.62116040955631	-1.86348122866894
			4.62457337883959	-1.86689419795222
			4.62457337883959	-1.87030716723549
			4.62798634812287	-1.87372013651877
			4.63139931740614	-1.87713310580205
			4.63139931740614	-1.88054607508532
			4.63481228668942	-1.8839590443686
			4.6382252559727	-1.88737201365188
			4.6382252559727	-1.89078498293515
			4.64163822525597	-1.89419795221843
			4.64505119453925	-1.89761092150171
			4.64505119453925	-1.90102389078498
			4.64846416382253	-1.90443686006826
			4.6518771331058	-1.90784982935154
			4.6518771331058	-1.91126279863481
			4.65529010238908	-1.91467576791809
			4.65870307167236	-1.91808873720137
			4.65870307167236	-1.92150170648464
			4.66211604095563	-1.92491467576792
			4.66552901023891	-1.92832764505119
			4.66552901023891	-1.93174061433447
			4.66552901023891	-1.93515358361775
			4.66894197952218	-1.93515358361775
			4.66894197952218	-1.93856655290102
			4.67235494880546	-1.9419795221843
			4.67235494880546	-1.94539249146758
			4.67576791808874	-1.94880546075085
			4.67918088737201	-1.95221843003413
			4.67918088737201	-1.95563139931741
			4.68259385665529	-1.95904436860068
			4.68600682593857	-1.96245733788396
			4.68600682593857	-1.96587030716724
			4.68941979522184	-1.96928327645051
			4.68941979522184	-1.97269624573379
			4.69283276450512	-1.97610921501706
			4.69283276450512	-1.97952218430034
			4.6962457337884	-1.98293515358362
			4.69965870307167	-1.98634812286689
			4.69965870307167	-1.98976109215017
			4.70307167235495	-1.99317406143345
			4.70307167235495	-1.99658703071672
			4.70648464163822	-2
			4.7098976109215	-2.00341296928328
			4.7098976109215	-2.00682593856655
			4.71331058020478	-2.01023890784983
			4.71672354948806	-2.01365187713311
			4.71672354948806	-2.01706484641638
			4.72013651877133	-2.02047781569966
			4.72013651877133	-2.02389078498294
			4.72354948805461	-2.02389078498294
			4.72354948805461	-2.02730375426621
			4.72696245733788	-2.03071672354949
			4.73037542662116	-2.03412969283276
			4.73037542662116	-2.03754266211604
			4.73378839590444	-2.04095563139932
			4.73378839590444	-2.04436860068259
			4.73720136518771	-2.04778156996587
			4.74061433447099	-2.05119453924915
			4.74061433447099	-2.05460750853242
			4.74402730375427	-2.0580204778157
			4.74744027303754	-2.06143344709898
			4.74744027303754	-2.06484641638225
			4.75085324232082	-2.06825938566553
			4.75085324232082	-2.07167235494881
			4.7542662116041	-2.07508532423208
			4.7542662116041	-2.07849829351536
			4.75767918088737	-2.08191126279863
			4.75767918088737	-2.08532423208191
			4.76109215017065	-2.08532423208191
			4.76450511945392	-2.08873720136519
			4.76450511945392	-2.09215017064846
			4.7679180887372	-2.09215017064846
			4.77133105802048	-2.09556313993174
			4.77133105802048	-2.09897610921502
			4.77474402730375	-2.10238907849829
			4.77815699658703	-2.10580204778157
			4.77815699658703	-2.10921501706485
			4.78156996587031	-2.10921501706485
			4.78498293515358	-2.11262798634812
			4.78839590443686	-2.1160409556314
			4.78839590443686	-2.11945392491468
			4.79180887372014	-2.12286689419795
			4.79522184300341	-2.12627986348123
			4.79863481228669	-2.12969283276451
			4.80204778156997	-2.13310580204778
			4.80546075085324	-2.13651877133106
			4.80546075085324	-2.13993174061433
			4.80887372013652	-2.14334470989761
			4.8122866894198	-2.14675767918089
			4.81569965870307	-2.15017064846416
			4.81911262798635	-2.15358361774744
			4.81911262798635	-2.15699658703072
			4.82252559726962	-2.16040955631399
			4.8259385665529	-2.16382252559727
			4.82935153583618	-2.16723549488055
			4.82935153583618	-2.17064846416382
			4.83276450511945	-2.1740614334471
			4.83617747440273	-2.17747440273038
			4.83617747440273	-2.18088737201365
			4.83959044368601	-2.18088737201365
			4.83959044368601	-2.18430034129693
			4.84300341296928	-2.1877133105802
			4.84300341296928	-2.19112627986348
			4.84641638225256	-2.19453924914676
			4.84982935153584	-2.19795221843003
			4.85324232081911	-2.20136518771331
			4.85324232081911	-2.20477815699659
			4.85665529010239	-2.20819112627986
			4.86006825938567	-2.21160409556314
			4.86348122866894	-2.21501706484642
			4.86348122866894	-2.21843003412969
			4.86689419795222	-2.22184300341297
			4.86689419795222	-2.22525597269625
			4.8703071672355	-2.22866894197952
			4.87372013651877	-2.22866894197952
			4.87372013651877	-2.2320819112628
			4.87713310580205	-2.23549488054608
			4.87713310580205	-2.23890784982935
			4.88054607508532	-2.24232081911263
			4.8839590443686	-2.2457337883959
			4.8839590443686	-2.24914675767918
			4.88737201365188	-2.25255972696246
			4.88737201365188	-2.25597269624573
			4.89078498293515	-2.25938566552901
			4.89419795221843	-2.25938566552901
			4.89419795221843	-2.26279863481229
			4.89761092150171	-2.26621160409556
			4.89761092150171	-2.26962457337884
			4.90102389078498	-2.27303754266212
			4.90443686006826	-2.27645051194539
			4.90443686006826	-2.27986348122867
			4.90784982935154	-2.28327645051195
			4.90784982935154	-2.28668941979522
			4.91126279863481	-2.2901023890785
			4.91126279863481	-2.29351535836177
			4.91467576791809	-2.29692832764505
			4.91808873720136	-2.30034129692833
			4.92150170648464	-2.3037542662116
			4.92150170648464	-2.30716723549488
			4.92491467576792	-2.31058020477816
			4.92491467576792	-2.31399317406143
			4.9283276450512	-2.31740614334471
			4.93174061433447	-2.32081911262799
			4.93174061433447	-2.32423208191126
			4.93515358361775	-2.32764505119454
			4.93515358361775	-2.33105802047782
			4.93515358361775	-2.33447098976109
			4.93856655290102	-2.33788395904437
			4.9419795221843	-2.34129692832765
			4.9419795221843	-2.34470989761092
			4.94539249146758	-2.3481228668942
			4.94539249146758	-2.35153583617747
			4.94880546075085	-2.35494880546075
			4.94880546075085	-2.35836177474403
			4.95221843003413	-2.3617747440273
			4.95563139931741	-2.36518771331058
			4.95563139931741	-2.36860068259386
			4.95904436860068	-2.37201365187713
			4.95904436860068	-2.37542662116041
			4.96245733788396	-2.37883959044369
			4.96245733788396	-2.38225255972696
			4.96587030716724	-2.38566552901024
			4.96587030716724	-2.38907849829352
			4.96928327645051	-2.39249146757679
			4.96928327645051	-2.39590443686007
			4.97269624573379	-2.39931740614334
			4.97269624573379	-2.40273037542662
			4.97610921501706	-2.4061433447099
			4.97610921501706	-2.40955631399317
			4.97952218430034	-2.41296928327645
			4.97952218430034	-2.41638225255973
			4.97952218430034	-2.419795221843
			4.98293515358362	-2.42320819112628
			4.98293515358362	-2.42662116040956
			4.98634812286689	-2.43003412969283
			4.98634812286689	-2.43344709897611
			4.98976109215017	-2.43686006825939
			4.98976109215017	-2.44027303754266
			4.99317406143345	-2.44368600682594
			4.99317406143345	-2.44709897610922
			4.99658703071672	-2.45051194539249
			4.99658703071672	-2.45392491467577
			5	-2.45733788395904
			5	-2.46075085324232
			5	-2.4641638225256
			5.00341296928328	-2.46757679180887
			5.00341296928328	-2.47098976109215
			5.00682593856655	-2.47440273037543
			5.00682593856655	-2.4778156996587
			5.01023890784983	-2.48122866894198
			5.01023890784983	-2.48464163822526
		</anterior>
		<posterior type=matrix rownames=FALSE colnames=FALSE nrow=756 ncol=2 as.numeric=TRUE >
			2.77133105802048	-2.7098976109215
			2.77474402730375	-2.7098976109215
			2.77815699658703	-2.7098976109215
			2.78156996587031	-2.7098976109215
			2.78498293515358	-2.70648464163823
			2.78839590443686	-2.70648464163823
			2.79180887372014	-2.70648464163823
			2.79522184300341	-2.70648464163823
			2.79863481228669	-2.70648464163823
			2.80204778156997	-2.70648464163823
			2.80546075085324	-2.70648464163823
			2.80887372013652	-2.70307167235495
			2.8122866894198	-2.70307167235495
			2.81569965870307	-2.70307167235495
			2.81911262798635	-2.70307167235495
			2.82252559726962	-2.70307167235495
			2.8259385665529	-2.70307167235495
			2.82935153583618	-2.69965870307167
			2.83276450511945	-2.69965870307167
			2.83617747440273	-2.69965870307167
			2.83959044368601	-2.69965870307167
			2.84300341296928	-2.69965870307167
			2.84641638225256	-2.69965870307167
			2.84982935153584	-2.69965870307167
			2.85324232081911	-2.6962457337884
			2.85665529010239	-2.6962457337884
			2.86006825938567	-2.6962457337884
			2.86348122866894	-2.6962457337884
			2.86689419795222	-2.6962457337884
			2.87030716723549	-2.6962457337884
			2.87372013651877	-2.69283276450512
			2.87713310580205	-2.69283276450512
			2.88054607508532	-2.69283276450512
			2.8839590443686	-2.69283276450512
			2.88737201365188	-2.69283276450512
			2.89078498293515	-2.69283276450512
			2.89419795221843	-2.68941979522184
			2.89761092150171	-2.68941979522184
			2.90102389078498	-2.68941979522184
			2.90443686006826	-2.68941979522184
			2.90784982935154	-2.68941979522184
			2.91126279863481	-2.68600682593857
			2.91467576791809	-2.68600682593857
			2.91808873720137	-2.68600682593857
			2.92150170648464	-2.68600682593857
			2.92491467576792	-2.68600682593857
			2.92832764505119	-2.68600682593857
			2.93174061433447	-2.68259385665529
			2.93515358361775	-2.68259385665529
			2.93856655290102	-2.68259385665529
			2.9419795221843	-2.68259385665529
			2.94539249146758	-2.68259385665529
			2.94880546075085	-2.67918088737201
			2.95221843003413	-2.67918088737201
			2.95563139931741	-2.67918088737201
			2.95904436860068	-2.67918088737201
			2.96245733788396	-2.67918088737201
			2.96587030716724	-2.67918088737201
			2.96928327645051	-2.67576791808874
			2.97269624573379	-2.67576791808874
			2.97610921501706	-2.67576791808874
			2.97952218430034	-2.67576791808874
			2.98293515358362	-2.67576791808874
			2.98634812286689	-2.67235494880546
			2.98976109215017	-2.67235494880546
			2.99317406143345	-2.67235494880546
			2.99658703071672	-2.67235494880546
			3	-2.67235494880546
			3.00341296928328	-2.66894197952218
			3.00682593856655	-2.66894197952218
			3.01023890784983	-2.66894197952218
			3.01365187713311	-2.66894197952218
			3.01706484641638	-2.66552901023891
			3.02047781569966	-2.66552901023891
			3.02389078498294	-2.66552901023891
			3.02730375426621	-2.66552901023891
			3.03071672354949	-2.66552901023891
			3.03412969283276	-2.66211604095563
			3.03754266211604	-2.66211604095563
			3.04095563139932	-2.66211604095563
			3.04436860068259	-2.66211604095563
			3.04778156996587	-2.65870307167235
			3.05119453924915	-2.65870307167235
			3.05460750853242	-2.65870307167235
			3.0580204778157	-2.65870307167235
			3.06143344709898	-2.65870307167235
			3.06484641638225	-2.65529010238908
			3.06825938566553	-2.65529010238908
			3.07167235494881	-2.65529010238908
			3.07508532423208	-2.6518771331058
			3.07849829351536	-2.6518771331058
			3.08191126279863	-2.6518771331058
			3.08532423208191	-2.6518771331058
			3.08873720136519	-2.6518771331058
			3.09215017064846	-2.64846416382253
			3.09556313993174	-2.64846416382253
			3.09897610921502	-2.64846416382253
			3.10238907849829	-2.64846416382253
			3.10580204778157	-2.64505119453925
			3.10921501706485	-2.64505119453925
			3.11262798634812	-2.64505119453925
			3.1160409556314	-2.64505119453925
			3.11945392491468	-2.64163822525597
			3.12286689419795	-2.64163822525597
			3.12627986348123	-2.64163822525597
			3.12969283276451	-2.64163822525597
			3.12969283276451	-2.6382252559727
			3.13310580204778	-2.6382252559727
			3.13651877133106	-2.6382252559727
			3.13993174061433	-2.6382252559727
			3.14334470989761	-2.63481228668942
			3.14675767918089	-2.63481228668942
			3.15017064846416	-2.63481228668942
			3.15358361774744	-2.63481228668942
			3.15699658703072	-2.63139931740614
			3.16040955631399	-2.63139931740614
			3.16382252559727	-2.63139931740614
			3.16723549488055	-2.62798634812287
			3.17064846416382	-2.62798634812287
			3.1740614334471	-2.62798634812287
			3.17747440273038	-2.62798634812287
			3.17747440273038	-2.62457337883959
			3.18088737201365	-2.62457337883959
			3.18430034129693	-2.62457337883959
			3.1877133105802	-2.62457337883959
			3.19112627986348	-2.62116040955631
			3.19453924914676	-2.62116040955631
			3.19795221843003	-2.61774744027304
			3.20136518771331	-2.61433447098976
			3.20477815699659	-2.61433447098976
			3.20819112627986	-2.61092150170648
			3.20819112627986	-2.60750853242321
			3.21160409556314	-2.60750853242321
			3.21501706484642	-2.60409556313993
			3.21843003412969	-2.60068259385666
			3.22184300341297	-2.60068259385666
			3.22525597269625	-2.59726962457338
			3.22525597269625	-2.5938566552901
			3.22866894197952	-2.5938566552901
			3.2320819112628	-2.59044368600683
			3.23549488054608	-2.58703071672355
			3.23890784982935	-2.58703071672355
			3.24232081911263	-2.58361774744027
			3.24232081911263	-2.580204778157
			3.2457337883959	-2.580204778157
			3.24914675767918	-2.57679180887372
			3.25255972696246	-2.57337883959044
			3.25597269624573	-2.57337883959044
			3.25597269624573	-2.56996587030717
			3.25938566552901	-2.56655290102389
			3.26279863481229	-2.56655290102389
			3.26621160409556	-2.56313993174061
			3.26962457337884	-2.55972696245734
			3.27303754266212	-2.55972696245734
			3.27303754266212	-2.55631399317406
			3.27645051194539	-2.55290102389079
			3.27986348122867	-2.55290102389079
			3.28327645051195	-2.54948805460751
			3.28668941979522	-2.54607508532423
			3.2901023890785	-2.54266211604096
			3.29351535836177	-2.53924914675768
			3.29692832764505	-2.53924914675768
			3.30034129692833	-2.5358361774744
			3.3037542662116	-2.53242320819113
			3.30716723549488	-2.52901023890785
			3.31058020477816	-2.52901023890785
			3.31399317406143	-2.52559726962457
			3.31740614334471	-2.5221843003413
			3.32081911262799	-2.5221843003413
			3.32423208191126	-2.51877133105802
			3.32764505119454	-2.51535836177474
			3.33105802047782	-2.51194539249147
			3.33447098976109	-2.51194539249147
			3.33788395904437	-2.50853242320819
			3.34129692832765	-2.50511945392491
			3.34470989761092	-2.50511945392491
			3.34470989761092	-2.50170648464164
			3.3481228668942	-2.49829351535836
			3.35153583617747	-2.49488054607509
			3.35494880546075	-2.49488054607509
			3.35836177474403	-2.49146757679181
			3.3617747440273	-2.48805460750853
			3.36518771331058	-2.48805460750853
			3.36860068259386	-2.48464163822526
			3.37201365187713	-2.48122866894198
			3.37542662116041	-2.48122866894198
			3.37883959044369	-2.4778156996587
			3.38225255972696	-2.47440273037543
			3.38566552901024	-2.47440273037543
			3.38907849829352	-2.47098976109215
			3.39249146757679	-2.46757679180887
			3.39590443686007	-2.4641638225256
			3.39931740614334	-2.46075085324232
			3.40273037542662	-2.46075085324232
			3.4061433447099	-2.45733788395904
			3.40955631399317	-2.45392491467577
			3.41296928327645	-2.45392491467577
			3.41638225255973	-2.45051194539249
			3.419795221843	-2.44709897610922
			3.42320819112628	-2.44709897610922
			3.42320819112628	-2.44368600682594
			3.42662116040956	-2.44368600682594
			3.42662116040956	-2.44027303754266
			3.43003412969283	-2.44027303754266
			3.43003412969283	-2.43686006825939
			3.43344709897611	-2.43686006825939
			3.43344709897611	-2.43344709897611
			3.43686006825939	-2.43344709897611
			3.44027303754266	-2.43003412969283
			3.44368600682594	-2.42662116040956
			3.44709897610922	-2.42662116040956
			3.45051194539249	-2.42662116040956
			3.45392491467577	-2.42662116040956
			3.45392491467577	-2.42320819112628
			3.45733788395904	-2.42320819112628
			3.46075085324232	-2.42320819112628
			3.4641638225256	-2.42320819112628
			3.46757679180887	-2.42320819112628
			3.47098976109215	-2.42320819112628
			3.47440273037543	-2.419795221843
			3.4778156996587	-2.419795221843
			3.48122866894198	-2.419795221843
			3.48464163822526	-2.419795221843
			3.48805460750853	-2.419795221843
			3.49146757679181	-2.419795221843
			3.49488054607509	-2.419795221843
			3.49829351535836	-2.419795221843
			3.50170648464164	-2.419795221843
			3.50511945392491	-2.419795221843
			3.50853242320819	-2.419795221843
			3.51194539249147	-2.419795221843
			3.51535836177474	-2.419795221843
			3.51877133105802	-2.419795221843
			3.5221843003413	-2.419795221843
			3.52559726962457	-2.419795221843
			3.52901023890785	-2.419795221843
			3.53242320819113	-2.419795221843
			3.5358361774744	-2.419795221843
			3.53924914675768	-2.419795221843
			3.54266211604096	-2.419795221843
			3.54607508532423	-2.419795221843
			3.54948805460751	-2.419795221843
			3.55290102389079	-2.42320819112628
			3.55631399317406	-2.42320819112628
			3.55972696245734	-2.42320819112628
			3.56313993174061	-2.42320819112628
			3.56655290102389	-2.42320819112628
			3.56996587030717	-2.42320819112628
			3.57337883959044	-2.42320819112628
			3.57679180887372	-2.42320819112628
			3.580204778157	-2.42320819112628
			3.58361774744027	-2.42320819112628
			3.58703071672355	-2.42320819112628
			3.59044368600683	-2.42320819112628
			3.5938566552901	-2.42662116040956
			3.59726962457338	-2.42662116040956
			3.60068259385666	-2.42662116040956
			3.60409556313993	-2.42662116040956
			3.60750853242321	-2.42662116040956
			3.61092150170648	-2.42662116040956
			3.61433447098976	-2.42662116040956
			3.61774744027304	-2.42662116040956
			3.62116040955631	-2.43003412969283
			3.62457337883959	-2.43003412969283
			3.62798634812287	-2.43003412969283
			3.63139931740614	-2.43003412969283
			3.63481228668942	-2.43003412969283
			3.6382252559727	-2.43003412969283
			3.64163822525597	-2.43003412969283
			3.64505119453925	-2.43344709897611
			3.64846416382253	-2.43344709897611
			3.6518771331058	-2.43344709897611
			3.65529010238908	-2.43344709897611
			3.65870307167236	-2.43344709897611
			3.66211604095563	-2.43344709897611
			3.66552901023891	-2.43344709897611
			3.66894197952218	-2.43686006825939
			3.67235494880546	-2.43686006825939
			3.67576791808874	-2.43686006825939
			3.67918088737201	-2.43686006825939
			3.68259385665529	-2.43686006825939
			3.68600682593857	-2.43686006825939
			3.68941979522184	-2.43686006825939
			3.69283276450512	-2.43686006825939
			3.6962457337884	-2.43686006825939
			3.69965870307167	-2.43686006825939
			3.70307167235495	-2.43686006825939
			3.70648464163823	-2.43686006825939
			3.7098976109215	-2.43686006825939
			3.71331058020478	-2.43686006825939
			3.71672354948805	-2.43686006825939
			3.72013651877133	-2.43686006825939
			3.72354948805461	-2.43686006825939
			3.72696245733788	-2.43686006825939
			3.73037542662116	-2.43686006825939
			3.73378839590444	-2.43686006825939
			3.73720136518771	-2.43686006825939
			3.74061433447099	-2.43686006825939
			3.74402730375427	-2.43686006825939
			3.74744027303754	-2.43686006825939
			3.75085324232082	-2.43686006825939
			3.7542662116041	-2.43686006825939
			3.75767918088737	-2.43686006825939
			3.76109215017065	-2.43686006825939
			3.76450511945392	-2.43686006825939
			3.7679180887372	-2.43686006825939
			3.77133105802048	-2.43686006825939
			3.77474402730375	-2.43686006825939
			3.77815699658703	-2.43686006825939
			3.78156996587031	-2.43686006825939
			3.78498293515358	-2.43686006825939
			3.78839590443686	-2.43686006825939
			3.79180887372014	-2.43686006825939
			3.79522184300341	-2.43686006825939
			3.79863481228669	-2.43686006825939
			3.80204778156997	-2.43686006825939
			3.80546075085324	-2.43686006825939
			3.80887372013652	-2.43686006825939
			3.8122866894198	-2.43686006825939
			3.81569965870307	-2.43686006825939
			3.81911262798635	-2.43686006825939
			3.82252559726962	-2.43686006825939
			3.8259385665529	-2.43686006825939
			3.82935153583618	-2.44027303754266
			3.83276450511945	-2.44027303754266
			3.83617747440273	-2.44027303754266
			3.83959044368601	-2.44027303754266
			3.84300341296928	-2.44027303754266
			3.84641638225256	-2.44027303754266
			3.84982935153584	-2.44027303754266
			3.85324232081911	-2.44027303754266
			3.85665529010239	-2.44027303754266
			3.86006825938567	-2.44027303754266
			3.86348122866894	-2.44027303754266
			3.86689419795222	-2.44027303754266
			3.87030716723549	-2.44027303754266
			3.87372013651877	-2.44027303754266
			3.87713310580205	-2.44027303754266
			3.88054607508532	-2.44027303754266
			3.8839590443686	-2.44027303754266
			3.88737201365188	-2.44027303754266
			3.89078498293515	-2.44027303754266
			3.89419795221843	-2.44027303754266
			3.89761092150171	-2.44027303754266
			3.90102389078498	-2.44368600682594
			3.90443686006826	-2.44368600682594
			3.90784982935154	-2.44368600682594
			3.91126279863481	-2.44368600682594
			3.91467576791809	-2.44368600682594
			3.91808873720137	-2.44368600682594
			3.92150170648464	-2.44368600682594
			3.92491467576792	-2.44368600682594
			3.92832764505119	-2.44368600682594
			3.93174061433447	-2.44368600682594
			3.93515358361775	-2.44368600682594
			3.93856655290102	-2.44368600682594
			3.9419795221843	-2.44368600682594
			3.94539249146758	-2.44368600682594
			3.94880546075085	-2.44368600682594
			3.95221843003413	-2.44709897610922
			3.95563139931741	-2.44709897610922
			3.95904436860068	-2.44709897610922
			3.96245733788396	-2.44709897610922
			3.96587030716724	-2.44709897610922
			3.96928327645051	-2.44709897610922
			3.97269624573379	-2.44709897610922
			3.97610921501706	-2.44709897610922
			3.97952218430034	-2.44709897610922
			3.98293515358362	-2.44709897610922
			3.98634812286689	-2.44709897610922
			3.98976109215017	-2.44709897610922
			3.99317406143345	-2.44709897610922
			3.99658703071672	-2.45051194539249
			4	-2.45051194539249
			4.00341296928328	-2.45051194539249
			4.00682593856655	-2.45051194539249
			4.01023890784983	-2.45051194539249
			4.01365187713311	-2.45051194539249
			4.01706484641638	-2.45051194539249
			4.02047781569966	-2.45051194539249
			4.02389078498294	-2.45051194539249
			4.02730375426621	-2.45051194539249
			4.03071672354949	-2.45051194539249
			4.03412969283276	-2.45392491467577
			4.03754266211604	-2.45392491467577
			4.04095563139932	-2.45392491467577
			4.04436860068259	-2.45392491467577
			4.04778156996587	-2.45392491467577
			4.05119453924915	-2.45392491467577
			4.05460750853242	-2.45392491467577
			4.0580204778157	-2.45392491467577
			4.06143344709898	-2.45392491467577
			4.06484641638225	-2.45392491467577
			4.06825938566553	-2.45733788395904
			4.07167235494881	-2.45733788395904
			4.07508532423208	-2.45733788395904
			4.07849829351536	-2.45733788395904
			4.08191126279864	-2.45733788395904
			4.08532423208191	-2.45733788395904
			4.08873720136519	-2.45733788395904
			4.09215017064846	-2.45733788395904
			4.09556313993174	-2.45733788395904
			4.09897610921502	-2.46075085324232
			4.10238907849829	-2.46075085324232
			4.10580204778157	-2.46075085324232
			4.10921501706485	-2.46075085324232
			4.11262798634812	-2.46075085324232
			4.1160409556314	-2.46075085324232
			4.11945392491468	-2.46075085324232
			4.12286689419795	-2.46075085324232
			4.12627986348123	-2.4641638225256
			4.1296928327645	-2.4641638225256
			4.13310580204778	-2.4641638225256
			4.13651877133106	-2.4641638225256
			4.13993174061433	-2.4641638225256
			4.14334470989761	-2.4641638225256
			4.14675767918089	-2.4641638225256
			4.15017064846416	-2.4641638225256
			4.15358361774744	-2.46757679180887
			4.15699658703072	-2.46757679180887
			4.16040955631399	-2.46757679180887
			4.16382252559727	-2.46757679180887
			4.16723549488055	-2.46757679180887
			4.17064846416382	-2.46757679180887
			4.1740614334471	-2.46757679180887
			4.17747440273038	-2.47098976109215
			4.18088737201365	-2.47098976109215
			4.18430034129693	-2.47098976109215
			4.1877133105802	-2.47098976109215
			4.19112627986348	-2.47098976109215
			4.19453924914676	-2.47098976109215
			4.19795221843003	-2.47098976109215
			4.20136518771331	-2.47440273037543
			4.20477815699659	-2.47440273037543
			4.20819112627986	-2.47440273037543
			4.21160409556314	-2.47440273037543
			4.21501706484642	-2.47440273037543
			4.21843003412969	-2.4778156996587
			4.22184300341297	-2.4778156996587
			4.22525597269625	-2.48122866894198
			4.22866894197952	-2.48122866894198
			4.2320819112628	-2.48122866894198
			4.23549488054608	-2.48464163822526
			4.23890784982935	-2.48464163822526
			4.24232081911263	-2.48805460750853
			4.2457337883959	-2.48805460750853
			4.24914675767918	-2.49146757679181
			4.25255972696246	-2.49146757679181
			4.25597269624573	-2.49146757679181
			4.25938566552901	-2.49488054607509
			4.26279863481229	-2.49488054607509
			4.26621160409556	-2.49488054607509
			4.26962457337884	-2.49829351535836
			4.27303754266212	-2.49829351535836
			4.27645051194539	-2.50170648464164
			4.27986348122867	-2.50170648464164
			4.28327645051195	-2.50170648464164
			4.28668941979522	-2.50511945392491
			4.2901023890785	-2.50511945392491
			4.29351535836178	-2.50511945392491
			4.29692832764505	-2.50853242320819
			4.30034129692833	-2.50853242320819
			4.3037542662116	-2.51194539249147
			4.30716723549488	-2.51194539249147
			4.31058020477816	-2.51194539249147
			4.31058020477816	-2.51535836177474
			4.31399317406143	-2.51535836177474
			4.31740614334471	-2.51535836177474
			4.32081911262799	-2.51877133105802
			4.32423208191126	-2.51877133105802
			4.32764505119454	-2.5221843003413
			4.33105802047782	-2.5221843003413
			4.33447098976109	-2.5221843003413
			4.33788395904437	-2.52559726962457
			4.34129692832764	-2.52559726962457
			4.34470989761092	-2.52559726962457
			4.3481228668942	-2.52901023890785
			4.35153583617747	-2.52901023890785
			4.35494880546075	-2.52901023890785
			4.35836177474403	-2.53242320819113
			4.3617747440273	-2.53242320819113
			4.36518771331058	-2.5358361774744
			4.36860068259386	-2.5358361774744
			4.37201365187713	-2.5358361774744
			4.37542662116041	-2.53924914675768
			4.37883959044369	-2.53924914675768
			4.38225255972696	-2.53924914675768
			4.38566552901024	-2.54266211604096
			4.38907849829352	-2.54266211604096
			4.39249146757679	-2.54607508532423
			4.39590443686007	-2.54607508532423
			4.39931740614334	-2.54607508532423
			4.40273037542662	-2.54948805460751
			4.4061433447099	-2.54948805460751
			4.40955631399317	-2.55290102389079
			4.41296928327645	-2.55290102389079
			4.41638225255973	-2.55290102389079
			4.419795221843	-2.55631399317406
			4.42320819112628	-2.55631399317406
			4.42662116040956	-2.55972696245734
			4.43003412969283	-2.55972696245734
			4.43344709897611	-2.55972696245734
			4.43686006825939	-2.55972696245734
			4.43686006825939	-2.56313993174061
			4.44027303754266	-2.56313993174061
			4.44368600682594	-2.56313993174061
			4.44709897610922	-2.56655290102389
			4.45051194539249	-2.56655290102389
			4.45392491467577	-2.56655290102389
			4.45733788395904	-2.56996587030717
			4.46075085324232	-2.56996587030717
			4.4641638225256	-2.57337883959044
			4.46757679180887	-2.57337883959044
			4.47098976109215	-2.57337883959044
			4.47440273037543	-2.57679180887372
			4.4778156996587	-2.57679180887372
			4.48122866894198	-2.580204778157
			4.48464163822526	-2.580204778157
			4.48805460750853	-2.580204778157
			4.49146757679181	-2.580204778157
			4.49146757679181	-2.58361774744027
			4.49488054607509	-2.58361774744027
			4.49829351535836	-2.58361774744027
			4.50170648464164	-2.58703071672355
			4.50511945392492	-2.58703071672355
			4.50853242320819	-2.59044368600683
			4.51194539249147	-2.59044368600683
			4.51535836177474	-2.59044368600683
			4.51877133105802	-2.5938566552901
			4.5221843003413	-2.5938566552901
			4.52559726962457	-2.5938566552901
			4.52901023890785	-2.59726962457338
			4.53242320819113	-2.59726962457338
			4.5358361774744	-2.59726962457338
			4.53924914675768	-2.60068259385666
			4.54266211604096	-2.60068259385666
			4.54607508532423	-2.60409556313993
			4.54948805460751	-2.60409556313993
			4.55290102389078	-2.60409556313993
			4.55631399317406	-2.60750853242321
			4.55972696245734	-2.60750853242321
			4.56313993174061	-2.60750853242321
			4.56313993174061	-2.61092150170648
			4.56655290102389	-2.61092150170648
			4.56996587030717	-2.61092150170648
			4.57337883959044	-2.61092150170648
			4.57679180887372	-2.61433447098976
			4.580204778157	-2.61433447098976
			4.58361774744027	-2.61774744027304
			4.58703071672355	-2.61774744027304
			4.59044368600683	-2.61774744027304
			4.5938566552901	-2.62116040955631
			4.59726962457338	-2.62116040955631
			4.60068259385666	-2.62116040955631
			4.60409556313993	-2.62457337883959
			4.60750853242321	-2.62457337883959
			4.61092150170648	-2.62457337883959
			4.61433447098976	-2.62798634812287
			4.61774744027304	-2.62798634812287
			4.62116040955631	-2.63139931740614
			4.62457337883959	-2.63139931740614
			4.62798634812287	-2.63139931740614
			4.63139931740614	-2.63481228668942
			4.63481228668942	-2.63481228668942
			4.6382252559727	-2.63481228668942
			4.64163822525597	-2.6382252559727
			4.64505119453925	-2.6382252559727
			4.64846416382253	-2.64163822525597
			4.6518771331058	-2.64505119453925
			4.65529010238908	-2.64846416382253
			4.65870307167236	-2.6518771331058
			4.65870307167236	-2.65529010238908
			4.66211604095563	-2.65529010238908
			4.66552901023891	-2.65870307167235
			4.66894197952218	-2.66211604095563
			4.66894197952218	-2.66552901023891
			4.67235494880546	-2.66894197952218
			4.67576791808874	-2.66894197952218
			4.67918088737201	-2.67235494880546
			4.67918088737201	-2.67576791808874
			4.68259385665529	-2.67576791808874
			4.68600682593857	-2.67918088737201
			4.68941979522184	-2.68259385665529
			4.68941979522184	-2.68600682593857
			4.69283276450512	-2.68600682593857
			4.6962457337884	-2.68941979522184
			4.69965870307167	-2.69283276450512
			4.70307167235495	-2.6962457337884
			4.70648464163822	-2.69965870307167
			4.7098976109215	-2.69965870307167
			4.7098976109215	-2.70307167235495
			4.71331058020478	-2.70648464163823
			4.71672354948806	-2.70648464163823
			4.72013651877133	-2.7098976109215
			4.72013651877133	-2.71331058020478
			4.72354948805461	-2.71331058020478
			4.72696245733788	-2.71672354948805
			4.73037542662116	-2.71672354948805
			4.73037542662116	-2.72013651877133
			4.73378839590444	-2.72013651877133
			4.73720136518771	-2.72354948805461
			4.74061433447099	-2.72354948805461
			4.74061433447099	-2.72696245733788
			4.74402730375427	-2.72696245733788
			4.74744027303754	-2.73037542662116
			4.75085324232082	-2.73378839590444
			4.7542662116041	-2.73378839590444
			4.75767918088737	-2.73720136518771
			4.76109215017065	-2.74061433447099
			4.76450511945392	-2.74061433447099
			4.7679180887372	-2.74061433447099
			4.77133105802048	-2.74402730375427
			4.77474402730375	-2.74402730375427
			4.77815699658703	-2.74402730375427
			4.78156996587031	-2.74744027303754
			4.78498293515358	-2.74744027303754
			4.78839590443686	-2.74744027303754
			4.79180887372014	-2.74744027303754
			4.79522184300341	-2.74744027303754
			4.79863481228669	-2.74744027303754
			4.80204778156997	-2.74402730375427
			4.80546075085324	-2.74402730375427
			4.80887372013652	-2.74061433447099
			4.8122866894198	-2.73720136518771
			4.81569965870307	-2.73378839590444
			4.81569965870307	-2.73037542662116
			4.81911262798635	-2.72696245733788
			4.81911262798635	-2.72354948805461
			4.81911262798635	-2.72013651877133
			4.82252559726962	-2.71672354948805
			4.82252559726962	-2.71331058020478
			4.82252559726962	-2.7098976109215
			4.82252559726962	-2.70648464163823
			4.82252559726962	-2.70307167235495
			4.82252559726962	-2.69965870307167
			4.82252559726962	-2.6962457337884
			4.82252559726962	-2.69283276450512
			4.82252559726962	-2.68941979522184
			4.82252559726962	-2.68600682593857
			4.82252559726962	-2.68259385665529
			4.82252559726962	-2.67918088737201
			4.82252559726962	-2.67576791808874
			4.82252559726962	-2.67235494880546
			4.82252559726962	-2.66894197952218
			4.82252559726962	-2.66552901023891
			4.82252559726962	-2.66211604095563
			4.82252559726962	-2.65870307167235
			4.81911262798635	-2.65529010238908
			4.81569965870307	-2.65529010238908
			4.8122866894198	-2.6518771331058
			4.80887372013652	-2.64846416382253
			4.80546075085324	-2.64505119453925
			4.80204778156997	-2.64163822525597
			4.79863481228669	-2.6382252559727
			4.79522184300341	-2.63481228668942
			4.79180887372014	-2.63481228668942
			4.79180887372014	-2.63139931740614
			4.78839590443686	-2.62798634812287
			4.78839590443686	-2.62457337883959
			4.78498293515358	-2.62116040955631
			4.78156996587031	-2.61774744027304
			4.78156996587031	-2.61433447098976
			4.77815699658703	-2.61092150170648
			4.77815699658703	-2.60750853242321
			4.77815699658703	-2.60409556313993
			4.77474402730375	-2.60068259385666
			4.77474402730375	-2.59726962457338
			4.77474402730375	-2.5938566552901
			4.77474402730375	-2.59044368600683
			4.77474402730375	-2.58703071672355
			4.77474402730375	-2.58361774744027
			4.77474402730375	-2.580204778157
			4.77474402730375	-2.57679180887372
			4.77474402730375	-2.57337883959044
			4.77815699658703	-2.56996587030717
			4.77815699658703	-2.56655290102389
			4.77815699658703	-2.56313993174061
			4.78156996587031	-2.55972696245734
			4.78156996587031	-2.55631399317406
			4.78156996587031	-2.55290102389079
			4.78498293515358	-2.54948805460751
			4.78498293515358	-2.54607508532423
			4.78498293515358	-2.54266211604096
			4.78839590443686	-2.53924914675768
			4.79180887372014	-2.5358361774744
			4.79180887372014	-2.53242320819113
			4.79522184300341	-2.52901023890785
			4.79522184300341	-2.52559726962457
			4.79863481228669	-2.52559726962457
			4.79863481228669	-2.5221843003413
			4.80204778156997	-2.51877133105802
			4.80204778156997	-2.51535836177474
			4.80546075085324	-2.51194539249147
			4.80887372013652	-2.50853242320819
			4.8122866894198	-2.50511945392491
			4.81569965870307	-2.50170648464164
			4.81911262798635	-2.49829351535836
			4.82252559726962	-2.49488054607509
			4.8259385665529	-2.49146757679181
			4.8259385665529	-2.48805460750853
			4.82935153583618	-2.48464163822526
			4.83276450511945	-2.48122866894198
			4.83617747440273	-2.4778156996587
			4.83959044368601	-2.47440273037543
			4.84300341296928	-2.47098976109215
			4.84641638225256	-2.46757679180887
			4.84982935153584	-2.46757679180887
			4.84982935153584	-2.4641638225256
			4.85324232081911	-2.46075085324232
			4.85665529010239	-2.45733788395904
			4.86006825938567	-2.45392491467577
			4.86348122866894	-2.45051194539249
			4.86689419795222	-2.45051194539249
			4.8703071672355	-2.44709897610922
			4.87372013651877	-2.44368600682594
			4.87713310580205	-2.44709897610922
			4.88054607508532	-2.45051194539249
			4.8839590443686	-2.45392491467577
			4.88737201365188	-2.45392491467577
			4.89078498293515	-2.45733788395904
			4.89419795221843	-2.45733788395904
			4.89761092150171	-2.46075085324232
			4.90102389078498	-2.46075085324232
			4.90443686006826	-2.4641638225256
			4.90784982935154	-2.4641638225256
			4.91126279863481	-2.46757679180887
			4.91467576791809	-2.47098976109215
			4.91808873720136	-2.47098976109215
			4.92150170648464	-2.47098976109215
			4.92491467576792	-2.47440273037543
			4.9283276450512	-2.47440273037543
			4.93174061433447	-2.4778156996587
			4.93515358361775	-2.4778156996587
			4.93856655290102	-2.4778156996587
			4.9419795221843	-2.4778156996587
			4.9419795221843	-2.48122866894198
			4.94539249146758	-2.48122866894198
			4.94880546075085	-2.48122866894198
			4.95221843003413	-2.48122866894198
			4.95563139931741	-2.48122866894198
			4.95904436860068	-2.48122866894198
			4.96245733788396	-2.48464163822526
			4.96587030716724	-2.48464163822526
			4.96928327645051	-2.48464163822526
			4.97269624573379	-2.48464163822526
			4.97610921501706	-2.48464163822526
			4.97952218430034	-2.48464163822526
			4.98293515358362	-2.48464163822526
			4.98634812286689	-2.48464163822526
			4.98976109215017	-2.48464163822526
			4.99317406143345	-2.48464163822526
			4.99658703071672	-2.48464163822526
			5	-2.48464163822526
			5.00341296928328	-2.48464163822526
			5.00682593856655	-2.48464163822526
			5.01023890784983	-2.48464163822526
		</posterior>
	</curves.scaled>
	<ruler.points type=matrix rownames=TRUE colnames=FALSE nrow=2 ncol=2 as.numeric=TRUE >
		Ruler point 1	998	877
		Ruler point 2	1291	877
	</ruler.points>
</shapes>

