<shapes type=list>
	<ruler.pixel type=vector names=FALSE length=1 as.numeric=TRUE >415</ruler.pixel>
	<ruler.interval type=vector names=FALSE length=1 as.numeric=TRUE >5</ruler.interval>
	<scaling.units type=vector names=FALSE length=1 as.numeric=FALSE >mm</scaling.units>
	<scaling type=vector names=FALSE length=1 as.numeric=TRUE >0.0120481927710843</scaling>
	<landmarks.pixel type=matrix rownames=TRUE colnames=FALSE nrow=16 ncol=2 as.numeric=TRUE >
		LM1	937	108
		LM2	934	125
		LM3	932	777
		LM4	930	882
		LM5	1261	324
		LM6	1226	875
		LM7	1240	955
		LM8	1341	471
		LM9	1320	645
		LM10	937	122
		LM11	1592	694
		LM12	1661	742
		LM13	937	108
		LM14	1487	575
		LM15	1700	882
		LM16	1700	1011
	</landmarks.pixel>
	<landmarks.scaled type=matrix rownames=TRUE colnames=FALSE nrow=16 ncol=2 as.numeric=TRUE >
		LM1	11.289156626506	-1.30120481927711
		LM2	11.2530120481928	-1.50602409638554
		LM3	11.2289156626506	-9.36144578313253
		LM4	11.2048192771084	-10.6265060240964
		LM5	15.1927710843374	-3.90361445783133
		LM6	14.7710843373494	-10.5421686746988
		LM7	14.9397590361446	-11.5060240963855
		LM8	16.1566265060241	-5.67469879518072
		LM9	15.9036144578313	-7.7710843373494
		LM10	11.289156626506	-1.46987951807229
		LM11	19.1807228915663	-8.36144578313253
		LM12	20.0120481927711	-8.93975903614458
		LM13	11.289156626506	-1.30120481927711
		LM14	17.9156626506024	-6.92771084337349
		LM15	20.4819277108434	-10.6265060240964
		LM16	20.4819277108434	-12.1807228915663
	</landmarks.scaled>
	<curves.control type=list>
		<glabella type=matrix rownames=FALSE colnames=FALSE nrow=9 ncol=2 as.numeric=TRUE >
			934	125
			1216	129
			1261	293
			1275	369
			1243	415
			1310	429
			1271	568
			1257	673
			1240	955
		</glabella>
		<suture type=matrix rownames=FALSE colnames=FALSE nrow=11 ncol=2 as.numeric=TRUE >
			937	122
			1289	108
			1285	366
			1275	415
			1418	498
			1515	537
			1418	641
			1170	641
			1445	687
			1532	652
			1661	742
		</suture>
		<anterior type=matrix rownames=FALSE colnames=FALSE nrow=5 ncol=2 as.numeric=TRUE >
			937	108
			1292	87
			1560	477
			1668	683
			1700	882
		</anterior>
		<posterior type=matrix rownames=FALSE colnames=FALSE nrow=9 ncol=2 as.numeric=TRUE >
			930	882
			1038	899
			1118	924
			1177	962
			1296	892
			1445	913
			1620	976
			1766	1084
			1700	882
		</posterior>
	</curves.control>
	<curves.pixel type=list>
		<glabella type=matrix rownames=FALSE colnames=FALSE nrow=1054 ncol=2 as.numeric=TRUE >
			934	125
			935	125
			936	125
			937	125
			938	125
			939	125
			940	125
			941	125
			942	125
			943	125
			944	125
			945	125
			946	125
			947	125
			948	125
			949	125
			950	125
			951	125
			952	125
			953	125
			954	125
			955	126
			956	126
			957	126
			958	126
			959	126
			960	126
			961	126
			962	126
			963	126
			964	126
			965	126
			966	126
			967	126
			968	126
			969	126
			970	126
			971	126
			972	126
			973	126
			974	126
			975	127
			976	127
			977	127
			978	127
			979	127
			980	127
			981	127
			982	127
			983	127
			984	127
			985	127
			986	127
			987	127
			988	127
			989	127
			990	128
			991	128
			992	128
			993	128
			994	128
			995	128
			996	128
			997	128
			998	128
			999	128
			1000	128
			1001	128
			1001	129
			1002	129
			1003	129
			1004	129
			1005	129
			1006	129
			1007	129
			1008	129
			1009	129
			1010	129
			1011	130
			1012	130
			1013	130
			1014	130
			1015	130
			1016	130
			1017	130
			1018	130
			1019	130
			1019	131
			1020	131
			1021	131
			1022	131
			1023	131
			1024	131
			1025	131
			1026	131
			1027	132
			1028	132
			1029	132
			1030	132
			1031	132
			1032	132
			1033	132
			1034	133
			1035	133
			1036	133
			1037	133
			1038	133
			1039	133
			1040	133
			1041	134
			1042	134
			1043	134
			1044	134
			1045	134
			1046	134
			1047	135
			1048	135
			1049	135
			1050	135
			1051	135
			1052	136
			1053	136
			1054	136
			1055	136
			1056	136
			1057	136
			1058	137
			1059	137
			1060	137
			1061	137
			1062	137
			1063	138
			1064	138
			1065	138
			1066	138
			1067	138
			1068	139
			1069	139
			1070	139
			1071	139
			1072	140
			1073	140
			1074	140
			1075	140
			1076	140
			1077	141
			1078	141
			1079	141
			1080	141
			1081	142
			1082	142
			1083	142
			1084	142
			1085	143
			1086	143
			1087	143
			1088	143
			1089	144
			1090	144
			1091	144
			1092	144
			1093	145
			1094	145
			1095	145
			1096	146
			1097	146
			1098	146
			1099	146
			1099	147
			1100	147
			1101	147
			1102	147
			1103	148
			1104	148
			1105	148
			1106	148
			1106	149
			1107	149
			1108	149
			1109	149
			1110	150
			1111	150
			1112	150
			1112	151
			1113	151
			1114	151
			1115	151
			1116	152
			1117	152
			1118	152
			1118	153
			1119	153
			1120	153
			1121	154
			1122	154
			1123	154
			1124	155
			1125	155
			1126	155
			1127	156
			1128	156
			1129	157
			1130	157
			1131	157
			1132	158
			1133	158
			1134	158
			1135	159
			1136	159
			1137	160
			1138	160
			1139	160
			1139	161
			1140	161
			1141	162
			1142	162
			1143	162
			1144	163
			1145	163
			1146	164
			1147	164
			1148	165
			1149	165
			1150	166
			1151	166
			1152	167
			1153	167
			1154	168
			1155	168
			1156	169
			1157	169
			1158	170
			1159	170
			1160	171
			1161	171
			1162	172
			1163	172
			1164	173
			1165	173
			1165	174
			1166	174
			1167	175
			1168	175
			1169	176
			1170	176
			1171	177
			1172	178
			1173	178
			1174	179
			1175	179
			1176	180
			1177	181
			1178	181
			1179	182
			1180	183
			1181	183
			1182	184
			1183	184
			1184	185
			1185	186
			1186	186
			1187	187
			1188	188
			1189	189
			1190	190
			1191	190
			1192	191
			1193	192
			1194	193
			1195	193
			1196	194
			1197	195
			1198	196
			1199	197
			1200	197
			1201	198
			1202	199
			1203	200
			1204	201
			1205	202
			1206	203
			1207	204
			1208	205
			1209	206
			1210	207
			1211	208
			1212	209
			1213	209
			1214	210
			1215	211
			1216	212
			1217	213
			1218	214
			1219	215
			1220	216
			1220	217
			1221	218
			1222	219
			1223	220
			1224	221
			1225	222
			1226	223
			1226	224
			1227	225
			1228	226
			1229	227
			1229	228
			1230	228
			1230	229
			1231	230
			1231	231
			1232	232
			1233	233
			1234	234
			1234	235
			1235	236
			1235	237
			1236	237
			1236	238
			1237	239
			1238	240
			1238	241
			1239	241
			1239	242
			1240	243
			1240	244
			1241	245
			1242	246
			1242	247
			1243	248
			1243	249
			1244	250
			1244	251
			1245	252
			1245	253
			1246	254
			1246	255
			1247	256
			1247	257
			1248	258
			1249	259
			1249	260
			1249	261
			1250	262
			1250	263
			1251	264
			1251	265
			1251	266
			1252	267
			1252	268
			1253	269
			1253	270
			1254	271
			1254	272
			1254	273
			1255	274
			1255	275
			1255	276
			1256	277
			1256	278
			1257	279
			1257	280
			1257	281
			1258	282
			1258	283
			1258	284
			1259	285
			1259	286
			1259	287
			1259	288
			1260	288
			1260	289
			1260	290
			1260	291
			1261	292
			1261	293
			1261	294
			1261	295
			1262	296
			1262	297
			1262	298
			1262	299
			1262	300
			1262	301
			1262	302
			1263	303
			1263	304
			1263	305
			1263	306
			1263	307
			1263	308
			1264	309
			1264	310
			1264	311
			1264	312
			1264	313
			1264	314
			1264	315
			1264	316
			1264	317
			1264	318
			1265	319
			1265	320
			1265	321
			1265	322
			1265	323
			1265	324
			1265	325
			1265	326
			1265	327
			1265	328
			1265	329
			1265	330
			1265	331
			1265	332
			1265	333
			1265	334
			1265	335
			1265	336
			1265	337
			1265	338
			1265	339
			1265	340
			1265	341
			1265	342
			1265	343
			1265	344
			1265	345
			1265	346
			1265	347
			1265	348
			1265	349
			1265	350
			1265	351
			1265	352
			1264	353
			1264	354
			1264	355
			1264	356
			1264	357
			1264	358
			1264	359
			1264	360
			1264	361
			1263	362
			1263	363
			1263	364
			1263	365
			1263	366
			1263	367
			1262	368
			1262	369
			1262	370
			1262	371
			1261	372
			1261	373
			1261	374
			1261	375
			1261	376
			1260	377
			1260	378
			1260	379
			1259	380
			1259	381
			1259	382
			1259	383
			1258	384
			1258	385
			1258	386
			1257	387
			1257	388
			1257	389
			1256	390
			1256	391
			1255	392
			1255	393
			1255	394
			1254	395
			1254	396
			1253	397
			1253	398
			1252	399
			1252	400
			1251	401
			1251	402
			1250	403
			1250	404
			1249	405
			1249	406
			1248	407
			1248	408
			1247	409
			1246	410
			1246	411
			1245	412
			1244	413
			1244	414
			1243	415
			1244	415
			1245	415
			1246	416
			1247	416
			1248	416
			1249	417
			1250	417
			1251	417
			1252	418
			1253	418
			1254	418
			1255	419
			1256	420
			1257	420
			1258	421
			1259	421
			1260	422
			1261	422
			1262	423
			1263	424
			1264	424
			1265	425
			1266	426
			1267	427
			1268	428
			1269	429
			1270	430
			1271	431
			1272	432
			1272	433
			1273	434
			1274	435
			1275	436
			1275	437
			1276	438
			1276	439
			1277	440
			1277	441
			1278	442
			1278	443
			1279	444
			1279	445
			1279	446
			1280	447
			1280	448
			1281	449
			1281	450
			1281	451
			1282	452
			1282	453
			1282	454
			1282	455
			1283	456
			1283	457
			1283	458
			1283	459
			1283	460
			1284	461
			1284	462
			1284	463
			1284	464
			1284	465
			1284	466
			1284	467
			1285	467
			1285	468
			1285	469
			1285	470
			1285	471
			1285	472
			1285	473
			1285	474
			1285	475
			1285	476
			1285	477
			1285	478
			1285	479
			1285	480
			1285	481
			1285	482
			1285	483
			1285	484
			1285	485
			1285	486
			1285	487
			1285	488
			1285	489
			1285	490
			1285	491
			1285	492
			1285	493
			1285	494
			1285	495
			1285	496
			1285	497
			1285	498
			1285	499
			1284	500
			1284	501
			1284	502
			1284	503
			1284	504
			1284	505
			1284	506
			1284	507
			1284	508
			1284	509
			1283	510
			1283	511
			1283	512
			1283	513
			1283	514
			1283	515
			1283	516
			1282	517
			1282	518
			1282	519
			1282	520
			1282	521
			1282	522
			1281	523
			1281	524
			1281	525
			1281	526
			1281	527
			1280	528
			1280	529
			1280	530
			1280	531
			1280	532
			1280	533
			1279	533
			1279	534
			1279	535
			1279	536
			1279	537
			1278	538
			1278	539
			1278	540
			1278	541
			1278	542
			1277	543
			1277	544
			1277	545
			1277	546
			1276	547
			1276	548
			1276	549
			1276	550
			1275	551
			1275	552
			1275	553
			1275	554
			1274	555
			1274	556
			1274	557
			1274	558
			1273	559
			1273	560
			1273	561
			1273	562
			1272	563
			1272	564
			1272	565
			1271	566
			1271	567
			1271	568
			1271	569
			1271	570
			1271	571
			1271	572
			1270	572
			1270	573
			1270	574
			1270	575
			1270	576
			1270	577
			1270	578
			1270	579
			1269	580
			1269	581
			1269	582
			1269	583
			1269	584
			1269	585
			1269	586
			1269	587
			1268	588
			1268	589
			1268	590
			1268	591
			1268	592
			1268	593
			1268	594
			1268	595
			1268	596
			1267	597
			1267	598
			1267	599
			1267	600
			1267	601
			1267	602
			1267	603
			1267	604
			1267	605
			1266	606
			1266	607
			1266	608
			1266	609
			1266	610
			1266	611
			1266	612
			1266	613
			1266	614
			1266	615
			1265	615
			1265	616
			1265	617
			1265	618
			1265	619
			1265	620
			1265	621
			1265	622
			1265	623
			1265	624
			1264	625
			1264	626
			1264	627
			1264	628
			1264	629
			1264	630
			1264	631
			1264	632
			1264	633
			1264	634
			1263	635
			1263	636
			1263	637
			1263	638
			1263	639
			1263	640
			1263	641
			1263	642
			1263	643
			1263	644
			1263	645
			1262	646
			1262	647
			1262	648
			1262	649
			1262	650
			1262	651
			1262	652
			1262	653
			1262	654
			1262	655
			1261	656
			1261	657
			1261	658
			1261	659
			1261	660
			1261	661
			1261	662
			1261	663
			1261	664
			1261	665
			1261	666
			1261	667
			1260	668
			1260	669
			1260	670
			1260	671
			1260	672
			1260	673
			1260	674
			1260	675
			1260	676
			1260	677
			1260	678
			1259	679
			1259	680
			1259	681
			1259	682
			1259	683
			1259	684
			1259	685
			1259	686
			1259	687
			1259	688
			1259	689
			1258	690
			1258	691
			1258	692
			1258	693
			1258	694
			1258	695
			1258	696
			1258	697
			1258	698
			1258	699
			1258	700
			1258	701
			1258	702
			1257	703
			1257	704
			1257	705
			1257	706
			1257	707
			1257	708
			1257	709
			1257	710
			1257	711
			1257	712
			1257	713
			1257	714
			1256	715
			1256	716
			1256	717
			1256	718
			1256	719
			1256	720
			1256	721
			1256	722
			1256	723
			1256	724
			1256	725
			1256	726
			1256	727
			1255	728
			1255	729
			1255	730
			1255	731
			1255	732
			1255	733
			1255	734
			1255	735
			1255	736
			1255	737
			1255	738
			1255	739
			1254	740
			1254	741
			1254	742
			1254	743
			1254	744
			1254	745
			1254	746
			1254	747
			1254	748
			1254	749
			1254	750
			1254	751
			1254	752
			1253	753
			1253	754
			1253	755
			1253	756
			1253	757
			1253	758
			1253	759
			1253	760
			1253	761
			1253	762
			1253	763
			1253	764
			1253	765
			1253	766
			1252	767
			1252	768
			1252	769
			1252	770
			1252	771
			1252	772
			1252	773
			1252	774
			1252	775
			1252	776
			1252	777
			1252	778
			1252	779
			1251	780
			1251	781
			1251	782
			1251	783
			1251	784
			1251	785
			1251	786
			1251	787
			1251	788
			1251	789
			1251	790
			1251	791
			1251	792
			1251	793
			1250	794
			1250	795
			1250	796
			1250	797
			1250	798
			1250	799
			1250	800
			1250	801
			1250	802
			1250	803
			1250	804
			1250	805
			1250	806
			1250	807
			1249	808
			1249	809
			1249	810
			1249	811
			1249	812
			1249	813
			1249	814
			1249	815
			1249	816
			1249	817
			1249	818
			1249	819
			1249	820
			1249	821
			1249	822
			1248	823
			1248	824
			1248	825
			1248	826
			1248	827
			1248	828
			1248	829
			1248	830
			1248	831
			1248	832
			1248	833
			1248	834
			1248	835
			1248	836
			1247	837
			1247	838
			1247	839
			1247	840
			1247	841
			1247	842
			1247	843
			1247	844
			1247	845
			1247	846
			1247	847
			1247	848
			1247	849
			1247	850
			1247	851
			1246	852
			1246	853
			1246	854
			1246	855
			1246	856
			1246	857
			1246	858
			1246	859
			1246	860
			1246	861
			1246	862
			1246	863
			1246	864
			1246	865
			1246	866
			1245	867
			1245	868
			1245	869
			1245	870
			1245	871
			1245	872
			1245	873
			1245	874
			1245	875
			1245	876
			1245	877
			1245	878
			1245	879
			1245	880
			1245	881
			1245	882
			1244	883
			1244	884
			1244	885
			1244	886
			1244	887
			1244	888
			1244	889
			1244	890
			1244	891
			1244	892
			1244	893
			1244	894
			1244	895
			1244	896
			1244	897
			1244	898
			1243	899
			1243	900
			1243	901
			1243	902
			1243	903
			1243	904
			1243	905
			1243	906
			1243	907
			1243	908
			1243	909
			1243	910
			1243	911
			1243	912
			1243	913
			1243	914
			1242	915
			1242	916
			1242	917
			1242	918
			1242	919
			1242	920
			1242	921
			1242	922
			1242	923
			1242	924
			1242	925
			1242	926
			1242	927
			1242	928
			1242	929
			1242	930
			1241	931
			1241	932
			1241	933
			1241	934
			1241	935
			1241	936
			1241	937
			1241	938
			1241	939
			1241	940
			1241	941
			1241	942
			1241	943
			1241	944
			1241	945
			1241	946
			1240	947
			1240	948
			1240	949
			1240	950
			1240	951
			1240	952
			1240	953
			1240	954
			1240	955
		</glabella>
		<suture type=matrix rownames=FALSE colnames=FALSE nrow=1302 ncol=2 as.numeric=TRUE >
			937	122
			938	122
			939	122
			940	122
			941	122
			942	122
			943	122
			944	122
			945	122
			946	122
			947	122
			948	122
			949	122
			950	122
			951	122
			952	122
			953	122
			953	121
			954	121
			955	121
			956	121
			957	121
			958	121
			959	121
			960	121
			961	121
			962	121
			963	121
			964	121
			965	121
			966	121
			967	121
			968	121
			969	121
			970	121
			971	121
			972	121
			973	121
			974	121
			975	121
			976	121
			977	121
			978	121
			979	121
			980	121
			981	121
			982	121
			983	121
			984	121
			985	121
			986	121
			987	121
			988	121
			989	121
			990	121
			991	122
			992	122
			993	122
			994	122
			995	122
			996	122
			997	122
			998	122
			999	122
			1000	122
			1001	122
			1002	122
			1003	122
			1004	122
			1005	122
			1006	122
			1007	122
			1008	122
			1009	122
			1010	122
			1011	122
			1012	122
			1013	122
			1014	122
			1015	122
			1016	123
			1017	123
			1018	123
			1019	123
			1020	123
			1021	123
			1022	123
			1023	123
			1024	123
			1025	123
			1026	123
			1027	123
			1028	123
			1029	123
			1030	124
			1031	124
			1032	124
			1033	124
			1034	124
			1035	124
			1036	124
			1037	124
			1038	124
			1039	124
			1040	124
			1041	125
			1042	125
			1043	125
			1044	125
			1045	125
			1046	125
			1047	125
			1048	125
			1049	125
			1050	125
			1050	126
			1051	126
			1052	126
			1053	126
			1054	126
			1055	126
			1056	126
			1057	126
			1058	127
			1059	127
			1060	127
			1061	127
			1062	127
			1063	127
			1064	127
			1065	127
			1066	128
			1067	128
			1068	128
			1069	128
			1070	128
			1071	128
			1072	129
			1073	129
			1074	129
			1075	129
			1076	129
			1077	129
			1078	130
			1079	130
			1080	130
			1081	130
			1082	130
			1083	130
			1084	131
			1085	131
			1086	131
			1087	131
			1088	132
			1089	132
			1090	132
			1091	132
			1092	132
			1093	133
			1094	133
			1095	133
			1096	133
			1097	133
			1098	134
			1099	134
			1100	134
			1101	134
			1102	134
			1103	135
			1104	135
			1105	135
			1106	136
			1107	136
			1108	136
			1109	136
			1110	137
			1111	137
			1112	137
			1113	137
			1114	138
			1115	138
			1116	138
			1117	138
			1118	138
			1119	139
			1120	139
			1121	140
			1122	140
			1123	140
			1124	140
			1125	141
			1126	141
			1127	141
			1128	142
			1129	142
			1130	142
			1131	143
			1132	143
			1133	143
			1134	144
			1135	144
			1136	144
			1137	144
			1137	145
			1138	145
			1139	145
			1140	146
			1141	146
			1142	146
			1143	147
			1144	147
			1145	148
			1146	148
			1147	148
			1148	149
			1149	149
			1150	150
			1151	150
			1152	150
			1153	151
			1154	151
			1155	152
			1156	152
			1157	152
			1158	153
			1159	153
			1160	154
			1161	154
			1162	154
			1163	155
			1164	155
			1165	156
			1166	156
			1167	157
			1168	157
			1169	158
			1170	158
			1171	159
			1172	159
			1173	160
			1174	160
			1175	161
			1176	161
			1177	162
			1178	162
			1178	163
			1179	163
			1180	164
			1181	164
			1182	164
			1182	165
			1183	165
			1184	166
			1185	167
			1186	167
			1187	168
			1188	168
			1189	169
			1190	169
			1190	170
			1191	170
			1192	171
			1193	171
			1194	172
			1195	172
			1196	173
			1196	174
			1197	174
			1198	175
			1199	175
			1200	176
			1201	176
			1201	177
			1202	178
			1203	178
			1204	179
			1205	179
			1205	180
			1206	180
			1207	181
			1208	182
			1209	183
			1210	184
			1211	184
			1212	185
			1213	186
			1214	187
			1215	187
			1216	188
			1216	189
			1217	190
			1218	190
			1219	191
			1220	192
			1221	193
			1222	194
			1223	194
			1223	195
			1224	196
			1225	197
			1226	198
			1227	198
			1227	199
			1228	200
			1229	201
			1230	202
			1231	202
			1231	203
			1232	204
			1233	205
			1234	206
			1235	207
			1235	208
			1236	208
			1237	209
			1237	210
			1238	211
			1239	212
			1240	213
			1240	214
			1241	215
			1242	216
			1243	217
			1244	218
			1244	219
			1245	220
			1246	221
			1247	222
			1247	223
			1248	224
			1249	225
			1249	226
			1250	227
			1251	228
			1251	229
			1252	230
			1253	231
			1253	232
			1254	233
			1255	234
			1255	235
			1256	236
			1256	237
			1257	238
			1257	239
			1258	240
			1258	241
			1259	242
			1259	243
			1260	244
			1260	245
			1261	246
			1261	247
			1262	247
			1262	248
			1262	249
			1263	250
			1263	251
			1264	251
			1264	252
			1264	253
			1265	254
			1265	255
			1266	256
			1266	257
			1267	258
			1267	259
			1267	260
			1268	261
			1268	262
			1269	263
			1269	264
			1269	265
			1270	266
			1270	267
			1270	268
			1271	269
			1271	270
			1271	271
			1272	272
			1272	273
			1273	274
			1273	275
			1273	276
			1273	277
			1274	278
			1274	279
			1274	280
			1275	281
			1275	282
			1275	283
			1275	284
			1276	284
			1276	285
			1276	286
			1276	287
			1277	288
			1277	289
			1277	290
			1277	291
			1278	292
			1278	293
			1278	294
			1278	295
			1278	296
			1279	297
			1279	298
			1279	299
			1279	300
			1279	301
			1280	302
			1280	303
			1280	304
			1280	305
			1280	306
			1281	307
			1281	308
			1281	309
			1281	310
			1281	311
			1281	312
			1282	313
			1282	314
			1282	315
			1282	316
			1282	317
			1282	318
			1283	319
			1283	320
			1283	321
			1283	322
			1283	323
			1283	324
			1283	325
			1283	326
			1283	327
			1283	328
			1284	329
			1284	330
			1284	331
			1284	332
			1284	333
			1284	334
			1284	335
			1284	336
			1284	337
			1284	338
			1284	339
			1284	340
			1284	341
			1285	341
			1285	342
			1285	343
			1285	344
			1285	345
			1285	346
			1285	347
			1285	348
			1285	349
			1285	350
			1285	351
			1285	352
			1285	353
			1285	354
			1285	355
			1285	356
			1285	357
			1285	358
			1285	359
			1285	360
			1285	361
			1285	362
			1285	363
			1285	364
			1285	365
			1285	366
			1285	367
			1285	368
			1285	369
			1284	370
			1284	371
			1284	372
			1284	373
			1284	374
			1284	375
			1284	376
			1285	377
			1285	378
			1285	379
			1285	380
			1285	381
			1286	382
			1286	383
			1286	384
			1286	385
			1287	386
			1287	387
			1288	388
			1288	389
			1288	390
			1289	391
			1289	392
			1290	393
			1291	394
			1291	395
			1291	396
			1292	396
			1292	397
			1292	398
			1293	398
			1293	399
			1294	400
			1294	401
			1295	402
			1296	403
			1296	404
			1297	405
			1298	406
			1298	407
			1299	407
			1300	408
			1300	409
			1301	410
			1302	411
			1302	412
			1303	412
			1304	413
			1304	414
			1305	415
			1306	416
			1307	417
			1308	418
			1308	419
			1309	419
			1310	420
			1311	421
			1312	422
			1313	423
			1314	424
			1314	425
			1315	426
			1316	427
			1317	427
			1318	428
			1319	429
			1320	430
			1321	431
			1322	432
			1323	433
			1324	434
			1325	435
			1326	436
			1327	436
			1328	437
			1329	438
			1330	439
			1331	440
			1332	440
			1333	441
			1334	442
			1335	442
			1336	443
			1336	444
			1337	445
			1338	445
			1339	446
			1340	447
			1341	447
			1342	448
			1343	449
			1344	449
			1345	450
			1345	451
			1346	452
			1347	452
			1348	453
			1349	454
			1350	454
			1351	455
			1352	456
			1353	457
			1354	457
			1355	458
			1356	459
			1357	459
			1358	460
			1359	461
			1360	462
			1361	462
			1362	463
			1363	464
			1364	464
			1365	465
			1366	466
			1367	466
			1368	467
			1369	467
			1370	468
			1371	469
			1372	470
			1373	470
			1374	471
			1375	472
			1376	472
			1377	473
			1378	474
			1379	474
			1380	475
			1381	476
			1382	476
			1383	477
			1384	477
			1385	478
			1386	479
			1387	479
			1388	480
			1389	481
			1390	481
			1391	482
			1392	482
			1393	483
			1394	484
			1395	484
			1396	485
			1397	486
			1398	486
			1399	487
			1400	487
			1401	488
			1402	489
			1403	489
			1404	490
			1405	490
			1406	491
			1407	492
			1408	492
			1409	493
			1410	493
			1411	494
			1412	495
			1413	495
			1414	496
			1415	496
			1416	497
			1417	498
			1418	498
			1419	498
			1420	499
			1421	499
			1422	500
			1423	500
			1424	500
			1425	501
			1426	502
			1427	502
			1428	502
			1429	503
			1430	503
			1431	504
			1432	504
			1432	505
			1433	505
			1434	506
			1435	506
			1436	507
			1437	507
			1437	508
			1438	508
			1439	509
			1440	509
			1440	510
			1441	510
			1442	511
			1443	511
			1443	512
			1444	512
			1445	513
			1446	514
			1447	515
			1448	515
			1449	516
			1450	517
			1451	518
			1452	519
			1453	520
			1454	521
			1455	522
			1455	523
			1456	523
			1457	524
			1457	525
			1458	526
			1459	527
			1459	528
			1460	529
			1460	530
			1461	530
			1461	531
			1462	532
			1462	533
			1463	534
			1463	535
			1463	536
			1464	537
			1464	538
			1464	539
			1465	540
			1465	541
			1465	542
			1465	543
			1466	544
			1466	545
			1466	546
			1466	547
			1466	548
			1466	549
			1466	550
			1466	551
			1466	552
			1466	553
			1466	554
			1466	555
			1466	556
			1466	557
			1466	558
			1466	559
			1466	560
			1466	561
			1466	562
			1466	563
			1466	564
			1465	564
			1465	565
			1465	566
			1465	567
			1465	568
			1464	569
			1464	570
			1464	571
			1463	572
			1463	573
			1463	574
			1462	575
			1462	576
			1462	577
			1461	578
			1461	579
			1461	580
			1460	581
			1460	582
			1459	583
			1459	584
			1458	585
			1458	586
			1458	587
			1457	588
			1457	589
			1456	590
			1456	591
			1455	592
			1455	593
			1454	594
			1453	595
			1453	596
			1452	597
			1452	598
			1451	599
			1450	600
			1450	601
			1449	602
			1448	603
			1448	604
			1447	605
			1446	606
			1446	607
			1445	608
			1444	609
			1444	610
			1443	611
			1442	612
			1441	613
			1440	614
			1440	615
			1439	616
			1438	617
			1437	618
			1437	619
			1436	620
			1436	621
			1435	621
			1434	622
			1434	623
			1433	624
			1432	625
			1431	626
			1430	627
			1429	628
			1429	629
			1428	630
			1427	631
			1426	632
			1425	633
			1424	634
			1423	635
			1423	636
			1422	637
			1421	638
			1420	639
			1419	640
			1418	641
			1417	641
			1416	641
			1415	641
			1414	641
			1413	641
			1412	641
			1411	641
			1410	641
			1409	641
			1408	641
			1407	641
			1406	641
			1405	641
			1404	641
			1403	641
			1402	641
			1401	641
			1400	641
			1399	641
			1398	641
			1397	641
			1396	641
			1395	641
			1394	641
			1393	641
			1392	641
			1391	641
			1390	641
			1389	641
			1388	641
			1387	641
			1386	641
			1385	641
			1384	641
			1383	641
			1382	641
			1381	641
			1380	641
			1379	641
			1378	641
			1377	641
			1376	641
			1375	641
			1374	641
			1373	641
			1372	642
			1371	642
			1370	642
			1369	642
			1368	642
			1367	642
			1366	642
			1365	642
			1364	642
			1363	642
			1362	642
			1361	642
			1360	642
			1359	642
			1358	642
			1357	642
			1356	642
			1355	642
			1354	642
			1353	642
			1352	642
			1351	642
			1350	642
			1349	642
			1348	642
			1347	642
			1346	642
			1345	643
			1344	643
			1343	643
			1342	643
			1341	643
			1340	643
			1339	643
			1338	643
			1337	643
			1336	643
			1335	643
			1334	643
			1333	643
			1332	643
			1331	644
			1330	644
			1329	644
			1328	644
			1327	644
			1326	644
			1325	644
			1324	644
			1323	644
			1322	644
			1321	645
			1320	645
			1319	645
			1318	645
			1317	645
			1316	645
			1315	645
			1314	646
			1313	646
			1312	646
			1311	646
			1310	646
			1309	647
			1308	647
			1307	647
			1306	647
			1305	648
			1304	648
			1303	648
			1302	649
			1301	649
			1301	650
			1301	651
			1300	651
			1300	652
			1301	652
			1301	653
			1302	654
			1303	655
			1304	655
			1305	656
			1306	656
			1307	657
			1308	657
			1309	658
			1310	658
			1311	658
			1312	659
			1313	659
			1314	660
			1315	660
			1316	660
			1317	660
			1317	661
			1318	661
			1319	661
			1320	661
			1320	662
			1321	662
			1322	662
			1323	662
			1324	663
			1325	663
			1326	663
			1327	663
			1328	664
			1329	664
			1330	664
			1331	664
			1332	665
			1333	665
			1334	665
			1335	666
			1336	666
			1337	666
			1338	666
			1339	667
			1340	667
			1341	667
			1342	667
			1343	667
			1343	668
			1344	668
			1345	668
			1346	668
			1347	668
			1348	669
			1349	669
			1350	669
			1351	669
			1352	670
			1353	670
			1354	670
			1355	670
			1356	670
			1357	671
			1358	671
			1359	671
			1360	671
			1361	671
			1362	672
			1363	672
			1364	672
			1365	672
			1366	673
			1367	673
			1368	673
			1369	673
			1370	673
			1371	674
			1372	674
			1373	674
			1374	674
			1375	674
			1376	675
			1377	675
			1378	675
			1379	675
			1380	675
			1381	675
			1381	676
			1382	676
			1383	676
			1384	676
			1385	676
			1386	676
			1387	677
			1388	677
			1389	677
			1390	677
			1391	677
			1392	678
			1393	678
			1394	678
			1395	678
			1396	678
			1397	679
			1398	679
			1399	679
			1400	679
			1401	679
			1402	680
			1403	680
			1404	680
			1405	680
			1406	680
			1407	680
			1408	681
			1409	681
			1410	681
			1411	681
			1412	681
			1413	681
			1413	682
			1414	682
			1415	682
			1416	682
			1417	682
			1418	682
			1419	683
			1420	683
			1421	683
			1422	683
			1423	683
			1424	683
			1425	684
			1426	684
			1427	684
			1428	684
			1429	684
			1430	684
			1431	685
			1432	685
			1433	685
			1434	685
			1435	685
			1436	685
			1437	686
			1438	686
			1439	686
			1440	686
			1441	686
			1442	686
			1443	687
			1444	687
			1445	687
			1446	687
			1447	686
			1448	686
			1449	685
			1450	685
			1451	685
			1452	684
			1453	684
			1454	684
			1455	683
			1456	683
			1457	683
			1458	683
			1459	682
			1460	682
			1461	682
			1462	681
			1463	681
			1464	681
			1465	681
			1466	681
			1467	680
			1468	680
			1469	680
			1470	680
			1471	680
			1472	679
			1473	679
			1474	679
			1475	679
			1476	679
			1477	679
			1478	678
			1479	678
			1480	678
			1481	678
			1482	678
			1483	678
			1484	678
			1485	678
			1486	678
			1487	678
			1488	677
			1489	677
			1490	677
			1491	677
			1492	677
			1493	677
			1494	677
			1495	677
			1496	677
			1497	677
			1498	677
			1499	677
			1500	677
			1501	677
			1502	677
			1503	677
			1504	677
			1505	677
			1506	677
			1507	677
			1508	678
			1509	678
			1510	678
			1511	678
			1512	678
			1513	678
			1514	678
			1515	678
			1516	678
			1517	678
			1518	679
			1519	679
			1520	679
			1521	679
			1522	679
			1523	679
			1524	679
			1525	680
			1526	680
			1527	680
			1528	680
			1529	680
			1530	681
			1531	681
			1532	681
			1533	681
			1534	681
			1535	682
			1536	682
			1537	682
			1538	682
			1539	683
			1540	683
			1541	683
			1542	683
			1543	683
			1544	684
			1545	684
			1546	684
			1547	684
			1548	685
			1549	685
			1550	685
			1551	685
			1551	686
			1552	686
			1553	686
			1554	687
			1555	687
			1556	687
			1557	687
			1558	688
			1559	688
			1560	688
			1561	689
			1562	689
			1563	689
			1563	690
			1564	690
			1565	690
			1566	691
			1567	691
			1568	691
			1569	692
			1570	692
			1571	692
			1572	693
			1573	693
			1574	694
			1575	694
			1576	694
			1577	695
			1578	695
			1579	695
			1580	696
			1581	696
			1582	697
			1583	697
			1583	698
			1584	698
			1585	698
			1586	699
			1587	699
			1588	700
			1589	700
			1590	701
			1591	701
			1592	701
			1593	702
			1594	702
			1595	703
			1596	703
			1597	704
			1598	704
			1599	705
			1600	705
			1601	706
			1602	706
			1603	707
			1604	707
			1605	708
			1606	708
			1607	709
			1608	709
			1609	710
			1610	710
			1611	711
			1612	712
			1613	712
			1614	713
			1615	713
			1616	714
			1617	714
			1618	715
			1619	716
			1620	716
			1621	717
			1622	717
			1623	718
			1624	718
			1625	719
			1626	720
			1627	720
			1628	721
			1629	721
			1630	722
			1631	723
			1632	723
			1633	724
			1634	724
			1635	725
			1636	726
			1637	726
			1638	727
			1639	727
			1640	728
			1641	728
			1642	729
			1643	730
			1644	731
			1645	732
			1646	732
			1647	732
			1647	733
			1648	733
			1649	734
			1650	735
			1651	735
			1652	736
			1653	737
			1654	737
			1655	738
			1656	739
			1657	739
			1658	740
			1659	741
			1660	741
			1661	742
		</suture>
		<anterior type=matrix rownames=FALSE colnames=FALSE nrow=1088 ncol=2 as.numeric=TRUE >
			937	108
			938	108
			939	108
			940	108
			941	108
			942	108
			943	108
			944	108
			945	108
			946	108
			947	107
			948	107
			949	107
			950	107
			951	107
			952	107
			953	107
			954	107
			955	107
			956	107
			957	107
			958	107
			959	107
			960	107
			961	107
			962	107
			963	107
			964	107
			965	107
			966	107
			967	107
			968	107
			969	107
			970	107
			971	107
			972	107
			973	107
			974	107
			975	107
			976	107
			977	107
			978	107
			979	107
			980	107
			981	107
			982	107
			983	107
			984	107
			985	107
			986	107
			987	107
			988	107
			989	107
			990	107
			991	107
			992	107
			993	107
			994	107
			995	107
			996	107
			997	107
			998	107
			999	107
			1000	108
			1001	108
			1002	108
			1003	108
			1004	108
			1005	108
			1006	108
			1007	108
			1008	108
			1009	108
			1010	108
			1011	108
			1012	108
			1013	108
			1014	108
			1015	108
			1016	109
			1017	109
			1018	109
			1019	109
			1020	109
			1021	109
			1022	109
			1023	109
			1024	109
			1025	109
			1026	109
			1027	109
			1028	110
			1029	110
			1030	110
			1031	110
			1032	110
			1033	110
			1034	110
			1035	110
			1036	110
			1037	110
			1038	110
			1039	111
			1040	111
			1041	111
			1042	111
			1043	111
			1044	111
			1045	111
			1046	111
			1047	112
			1048	112
			1049	112
			1050	112
			1051	112
			1052	112
			1053	112
			1054	113
			1055	113
			1056	113
			1057	113
			1058	113
			1059	113
			1060	113
			1061	114
			1062	114
			1063	114
			1064	114
			1065	114
			1066	114
			1067	115
			1068	115
			1069	115
			1070	115
			1071	115
			1072	115
			1073	116
			1074	116
			1075	116
			1076	116
			1077	116
			1078	116
			1079	117
			1080	117
			1081	117
			1082	117
			1083	117
			1084	118
			1085	118
			1086	118
			1087	118
			1088	118
			1089	119
			1090	119
			1091	119
			1092	119
			1093	120
			1094	120
			1095	120
			1096	120
			1097	120
			1098	121
			1099	121
			1100	121
			1101	121
			1102	121
			1102	122
			1103	122
			1104	122
			1105	122
			1106	122
			1107	123
			1108	123
			1109	123
			1110	123
			1111	124
			1112	124
			1113	124
			1114	124
			1115	125
			1116	125
			1117	125
			1118	126
			1119	126
			1120	126
			1121	126
			1122	127
			1123	127
			1124	127
			1125	127
			1126	128
			1127	128
			1128	128
			1129	129
			1130	129
			1131	129
			1132	129
			1133	130
			1134	130
			1135	130
			1136	131
			1137	131
			1138	131
			1139	131
			1140	132
			1141	132
			1142	132
			1143	133
			1144	133
			1145	133
			1146	134
			1147	134
			1148	134
			1149	135
			1150	135
			1151	135
			1152	136
			1153	136
			1154	136
			1155	137
			1156	137
			1157	137
			1158	138
			1159	138
			1160	138
			1161	139
			1162	139
			1163	139
			1164	140
			1165	140
			1166	140
			1167	141
			1168	141
			1169	141
			1170	142
			1171	142
			1172	142
			1173	143
			1174	143
			1175	144
			1176	144
			1177	145
			1178	145
			1179	145
			1180	146
			1181	146
			1182	146
			1183	147
			1184	147
			1185	147
			1186	148
			1187	149
			1188	149
			1189	149
			1190	150
			1191	150
			1192	151
			1193	151
			1194	151
			1195	152
			1196	152
			1197	153
			1198	153
			1199	154
			1200	154
			1201	154
			1202	155
			1203	155
			1204	156
			1205	156
			1206	157
			1207	157
			1208	158
			1209	158
			1210	158
			1211	159
			1212	159
			1213	160
			1214	160
			1215	161
			1216	161
			1217	162
			1218	162
			1219	163
			1220	163
			1221	164
			1222	164
			1223	164
			1224	165
			1225	165
			1226	166
			1227	166
			1228	167
			1229	167
			1230	168
			1231	168
			1232	169
			1233	169
			1234	170
			1235	170
			1236	171
			1237	171
			1238	172
			1239	172
			1240	173
			1241	173
			1242	174
			1243	174
			1244	175
			1245	175
			1246	176
			1247	177
			1248	177
			1249	178
			1250	178
			1251	179
			1252	179
			1253	180
			1254	180
			1255	181
			1256	181
			1257	182
			1258	182
			1259	183
			1260	184
			1261	184
			1262	185
			1263	185
			1263	186
			1264	186
			1265	187
			1266	187
			1267	188
			1268	189
			1269	189
			1270	190
			1271	190
			1272	191
			1273	192
			1274	192
			1275	193
			1276	193
			1277	194
			1278	194
			1279	195
			1280	196
			1281	196
			1282	197
			1283	197
			1284	198
			1285	199
			1286	199
			1287	200
			1288	200
			1289	201
			1290	202
			1291	202
			1292	203
			1293	204
			1294	205
			1295	205
			1296	206
			1297	206
			1297	207
			1298	207
			1299	208
			1300	208
			1301	209
			1302	210
			1303	210
			1304	211
			1305	212
			1306	213
			1307	213
			1308	214
			1309	215
			1310	215
			1311	216
			1312	217
			1313	217
			1314	218
			1315	219
			1316	220
			1317	220
			1318	221
			1319	222
			1320	222
			1321	223
			1322	224
			1323	224
			1324	225
			1325	226
			1326	227
			1327	227
			1328	228
			1329	229
			1330	229
			1331	230
			1332	231
			1333	232
			1334	232
			1335	233
			1336	234
			1337	235
			1338	235
			1339	236
			1340	237
			1341	238
			1342	238
			1343	239
			1344	240
			1345	241
			1346	241
			1347	242
			1347	243
			1348	244
			1349	244
			1350	245
			1351	246
			1352	247
			1353	247
			1354	248
			1355	249
			1356	250
			1357	251
			1358	251
			1359	252
			1360	253
			1361	254
			1362	255
			1363	255
			1364	256
			1365	257
			1366	258
			1367	259
			1368	259
			1369	260
			1370	261
			1371	262
			1372	263
			1373	263
			1374	264
			1375	265
			1375	266
			1376	267
			1377	268
			1378	268
			1379	269
			1380	270
			1381	271
			1382	272
			1383	273
			1384	273
			1385	274
			1386	275
			1387	276
			1388	277
			1389	278
			1390	279
			1391	279
			1392	280
			1393	281
			1394	282
			1395	283
			1395	284
			1396	285
			1397	286
			1398	286
			1399	287
			1400	288
			1401	289
			1402	290
			1403	291
			1404	292
			1405	293
			1406	293
			1407	294
			1408	295
			1409	296
			1410	297
			1411	298
			1412	299
			1412	300
			1413	301
			1414	302
			1415	303
			1416	303
			1417	304
			1418	305
			1419	306
			1420	307
			1421	308
			1422	309
			1423	310
			1424	311
			1425	312
			1426	313
			1427	314
			1427	315
			1428	316
			1429	317
			1430	317
			1431	318
			1432	319
			1433	320
			1434	321
			1435	322
			1436	323
			1437	324
			1438	325
			1439	326
			1440	327
			1441	328
			1441	329
			1442	330
			1443	331
			1444	332
			1445	333
			1446	334
			1447	335
			1448	336
			1449	337
			1450	338
			1451	339
			1452	340
			1453	341
			1453	342
			1454	343
			1455	344
			1456	345
			1457	346
			1458	347
			1459	348
			1460	349
			1461	350
			1462	351
			1463	352
			1464	353
			1464	354
			1465	355
			1466	356
			1467	357
			1468	358
			1469	359
			1470	360
			1471	361
			1472	362
			1473	363
			1473	364
			1474	365
			1475	366
			1476	367
			1477	368
			1477	369
			1478	370
			1479	370
			1479	371
			1480	372
			1481	373
			1482	374
			1483	375
			1483	376
			1484	377
			1485	378
			1486	379
			1487	380
			1487	381
			1488	382
			1489	383
			1490	383
			1490	384
			1491	385
			1492	386
			1493	387
			1494	388
			1494	389
			1495	390
			1496	391
			1497	392
			1497	393
			1498	394
			1499	395
			1500	396
			1501	397
			1501	398
			1502	399
			1503	400
			1504	401
			1504	402
			1505	403
			1506	404
			1507	405
			1507	406
			1508	407
			1509	408
			1510	409
			1511	409
			1511	410
			1512	411
			1513	412
			1514	413
			1514	414
			1515	415
			1516	416
			1517	417
			1517	418
			1518	419
			1519	420
			1520	421
			1521	422
			1521	423
			1522	424
			1523	425
			1524	426
			1524	427
			1525	428
			1526	429
			1526	430
			1527	430
			1527	431
			1527	432
			1528	432
			1528	433
			1529	433
			1529	434
			1530	435
			1531	436
			1532	437
			1532	438
			1533	439
			1534	440
			1534	441
			1535	441
			1535	442
			1536	443
			1536	444
			1537	444
			1537	445
			1538	446
			1538	447
			1539	447
			1540	448
			1540	449
			1541	450
			1542	451
			1542	452
			1543	453
			1544	454
			1544	455
			1545	456
			1546	457
			1547	458
			1548	459
			1548	460
			1549	461
			1550	462
			1551	463
			1551	464
			1552	465
			1552	466
			1553	467
			1554	468
			1555	469
			1555	470
			1556	471
			1557	472
			1557	473
			1558	474
			1559	475
			1559	476
			1560	477
			1561	478
			1561	479
			1562	480
			1562	481
			1563	482
			1563	483
			1564	484
			1564	485
			1565	486
			1565	487
			1566	488
			1566	489
			1567	490
			1567	491
			1568	492
			1569	493
			1569	494
			1569	495
			1570	496
			1570	497
			1571	498
			1572	499
			1572	500
			1572	501
			1573	502
			1573	503
			1574	504
			1574	505
			1575	506
			1575	507
			1576	508
			1577	509
			1577	510
			1578	511
			1578	512
			1578	513
			1579	513
			1579	514
			1579	515
			1580	516
			1580	517
			1581	518
			1581	519
			1582	520
			1582	521
			1583	522
			1583	523
			1584	524
			1584	525
			1584	526
			1585	527
			1586	528
			1586	529
			1586	530
			1587	530
			1587	531
			1587	532
			1588	532
			1588	533
			1588	534
			1589	534
			1589	535
			1589	536
			1590	536
			1590	537
			1590	538
			1591	538
			1591	539
			1591	540
			1592	541
			1592	542
			1593	543
			1593	544
			1594	545
			1594	546
			1595	547
			1595	548
			1596	549
			1596	550
			1596	551
			1597	552
			1597	553
			1598	554
			1598	555
			1599	556
			1599	557
			1600	558
			1600	559
			1600	560
			1601	561
			1602	562
			1602	563
			1602	564
			1603	564
			1603	565
			1603	566
			1604	567
			1604	568
			1605	569
			1605	570
			1605	571
			1606	572
			1606	573
			1607	573
			1607	574
			1607	575
			1608	576
			1608	577
			1609	578
			1609	579
			1610	580
			1610	581
			1610	582
			1611	583
			1611	584
			1612	585
			1612	586
			1613	587
			1613	588
			1613	589
			1614	590
			1614	591
			1615	592
			1615	593
			1615	594
			1616	595
			1616	596
			1617	597
			1617	598
			1618	599
			1618	600
			1618	601
			1619	602
			1619	603
			1620	604
			1620	605
			1620	606
			1621	607
			1621	608
			1622	609
			1622	610
			1622	611
			1623	612
			1623	613
			1624	614
			1624	615
			1624	616
			1625	617
			1625	618
			1626	619
			1626	620
			1626	621
			1627	622
			1627	623
			1628	623
			1628	624
			1628	625
			1629	626
			1629	627
			1629	628
			1630	629
			1630	630
			1631	631
			1631	632
			1631	633
			1632	634
			1632	635
			1633	636
			1633	637
			1633	638
			1634	639
			1634	640
			1634	641
			1635	642
			1635	643
			1636	644
			1636	645
			1636	646
			1637	647
			1637	648
			1637	649
			1638	650
			1638	651
			1638	652
			1639	653
			1639	654
			1640	655
			1640	656
			1640	657
			1641	658
			1641	659
			1641	660
			1642	661
			1642	662
			1642	663
			1643	664
			1643	665
			1643	666
			1644	667
			1644	668
			1645	668
			1645	669
			1645	670
			1646	671
			1646	672
			1646	673
			1647	674
			1647	675
			1647	676
			1648	677
			1648	678
			1648	679
			1649	680
			1649	681
			1649	682
			1650	683
			1650	684
			1650	685
			1651	686
			1651	687
			1651	688
			1652	689
			1652	690
			1652	691
			1653	692
			1653	693
			1653	694
			1654	695
			1654	696
			1654	697
			1655	698
			1655	699
			1655	700
			1656	701
			1656	702
			1656	703
			1657	704
			1657	705
			1657	706
			1657	707
			1658	707
			1658	708
			1658	709
			1659	710
			1659	711
			1659	712
			1660	713
			1660	714
			1660	715
			1661	716
			1661	717
			1661	718
			1661	719
			1662	720
			1662	721
			1662	722
			1663	723
			1663	724
			1663	725
			1664	726
			1664	727
			1664	728
			1664	729
			1665	730
			1665	731
			1665	732
			1666	733
			1666	734
			1666	735
			1666	736
			1667	737
			1667	738
			1667	739
			1668	740
			1668	741
			1668	742
			1669	743
			1669	744
			1669	745
			1669	746
			1670	746
			1670	747
			1670	748
			1670	749
			1671	750
			1671	751
			1671	752
			1671	753
			1672	754
			1672	755
			1672	756
			1673	757
			1673	758
			1673	759
			1674	760
			1674	761
			1674	762
			1674	763
			1675	764
			1675	765
			1675	766
			1675	767
			1676	768
			1676	769
			1676	770
			1676	771
			1677	772
			1677	773
			1677	774
			1678	775
			1678	776
			1678	777
			1678	778
			1679	779
			1679	780
			1679	781
			1679	782
			1680	783
			1680	784
			1680	785
			1680	786
			1681	787
			1681	788
			1681	789
			1681	790
			1682	791
			1682	792
			1682	793
			1682	794
			1683	795
			1683	796
			1683	797
			1683	798
			1684	799
			1684	800
			1684	801
			1684	802
			1684	803
			1685	804
			1685	805
			1685	806
			1685	807
			1686	808
			1686	809
			1686	810
			1686	811
			1687	812
			1687	813
			1687	814
			1687	815
			1687	816
			1688	817
			1688	818
			1688	819
			1688	820
			1689	821
			1689	822
			1689	823
			1689	824
			1689	825
			1690	826
			1690	827
			1690	828
			1690	829
			1690	830
			1691	831
			1691	832
			1691	833
			1691	834
			1691	835
			1692	836
			1692	837
			1692	838
			1692	839
			1692	840
			1693	841
			1693	842
			1693	843
			1693	844
			1693	845
			1694	846
			1694	847
			1694	848
			1694	849
			1694	850
			1695	851
			1695	852
			1695	853
			1695	854
			1695	855
			1696	856
			1696	857
			1696	858
			1696	859
			1696	860
			1696	861
			1697	862
			1697	863
			1697	864
			1697	865
			1697	866
			1698	867
			1698	868
			1698	869
			1698	870
			1698	871
			1698	872
			1699	873
			1699	874
			1699	875
			1699	876
			1699	877
			1699	878
			1700	879
			1700	880
			1700	881
			1700	882
		</anterior>
		<posterior type=matrix rownames=FALSE colnames=FALSE nrow=934 ncol=2 as.numeric=TRUE >
			930	882
			931	882
			932	882
			933	882
			934	883
			935	883
			936	883
			937	883
			938	883
			939	883
			940	884
			941	884
			942	884
			943	884
			944	884
			945	884
			946	885
			947	885
			948	885
			949	885
			950	885
			951	885
			952	886
			953	886
			954	886
			955	886
			956	886
			957	886
			957	887
			958	887
			959	887
			960	887
			961	887
			962	887
			963	887
			964	888
			965	888
			966	888
			967	888
			968	888
			969	889
			970	889
			971	889
			972	889
			973	889
			974	889
			974	890
			975	890
			976	890
			977	890
			978	890
			979	890
			980	891
			981	891
			982	891
			983	891
			984	891
			985	891
			985	892
			986	892
			987	892
			988	892
			989	892
			990	892
			991	893
			992	893
			993	893
			994	893
			995	893
			995	894
			996	894
			997	894
			998	894
			999	894
			1000	894
			1001	895
			1002	895
			1003	895
			1004	895
			1005	896
			1006	896
			1007	896
			1008	896
			1009	896
			1010	897
			1011	897
			1012	897
			1013	897
			1014	897
			1015	898
			1016	898
			1017	898
			1018	898
			1019	898
			1020	899
			1021	899
			1022	899
			1023	899
			1024	899
			1024	900
			1025	900
			1026	900
			1027	900
			1028	900
			1029	901
			1030	901
			1031	901
			1032	901
			1033	901
			1034	902
			1035	902
			1036	902
			1037	902
			1038	903
			1039	903
			1040	903
			1041	903
			1042	904
			1043	904
			1044	904
			1045	904
			1046	904
			1046	905
			1047	905
			1048	905
			1049	905
			1050	905
			1051	906
			1052	906
			1053	906
			1054	906
			1055	907
			1056	907
			1057	907
			1058	907
			1059	908
			1060	908
			1061	908
			1062	908
			1063	909
			1064	909
			1065	909
			1066	909
			1067	910
			1068	910
			1069	910
			1070	910
			1071	911
			1072	911
			1073	911
			1074	911
			1075	912
			1076	912
			1077	912
			1078	912
			1079	913
			1080	913
			1081	913
			1082	914
			1083	914
			1084	914
			1085	914
			1086	915
			1087	915
			1088	915
			1089	915
			1090	916
			1091	916
			1092	916
			1093	916
			1093	917
			1094	917
			1095	917
			1096	917
			1097	918
			1098	918
			1099	918
			1100	919
			1101	919
			1102	919
			1103	919
			1103	920
			1104	920
			1105	920
			1106	920
			1107	921
			1108	921
			1109	921
			1110	921
			1111	922
			1112	922
			1113	923
			1114	923
			1115	923
			1116	924
			1117	924
			1118	924
			1119	924
			1120	925
			1121	926
			1122	926
			1122	927
			1123	927
			1124	928
			1125	928
			1126	929
			1127	929
			1128	930
			1129	930
			1130	931
			1131	931
			1132	931
			1133	932
			1134	932
			1135	932
			1136	933
			1137	933
			1138	933
			1139	934
			1140	934
			1141	934
			1142	934
			1143	935
			1144	935
			1145	935
			1146	935
			1147	936
			1148	936
			1149	936
			1150	936
			1151	936
			1152	936
			1153	936
			1154	937
			1155	937
			1156	937
			1157	937
			1158	937
			1159	937
			1160	937
			1161	937
			1162	937
			1163	937
			1164	937
			1165	937
			1166	937
			1167	937
			1168	937
			1169	937
			1170	937
			1171	937
			1172	937
			1173	937
			1174	937
			1175	937
			1176	937
			1177	937
			1178	937
			1179	937
			1180	937
			1181	937
			1182	936
			1183	936
			1184	936
			1185	936
			1186	936
			1187	936
			1188	936
			1189	935
			1190	935
			1191	935
			1192	935
			1193	935
			1194	935
			1195	934
			1196	934
			1197	934
			1198	934
			1199	934
			1200	933
			1201	933
			1202	933
			1203	933
			1204	932
			1205	932
			1206	932
			1207	932
			1208	931
			1209	931
			1210	931
			1211	931
			1212	930
			1213	930
			1214	930
			1215	929
			1216	929
			1217	929
			1218	929
			1219	928
			1220	928
			1221	928
			1222	927
			1223	927
			1224	927
			1225	926
			1226	926
			1227	925
			1228	925
			1229	925
			1230	924
			1231	924
			1232	924
			1233	923
			1234	923
			1235	922
			1236	922
			1237	922
			1238	921
			1239	921
			1240	920
			1241	920
			1242	919
			1243	919
			1244	919
			1245	918
			1246	918
			1247	917
			1248	917
			1249	917
			1249	916
			1250	916
			1251	916
			1251	915
			1252	915
			1253	915
			1254	914
			1255	914
			1256	913
			1257	913
			1258	913
			1258	912
			1259	912
			1260	911
			1261	911
			1262	911
			1262	910
			1263	910
			1264	909
			1265	909
			1266	909
			1266	908
			1267	908
			1268	907
			1269	907
			1270	907
			1270	906
			1271	906
			1272	905
			1273	905
			1274	904
			1275	904
			1276	903
			1277	903
			1278	902
			1279	901
			1280	901
			1281	900
			1282	900
			1283	899
			1284	899
			1285	898
			1286	898
			1287	897
			1288	896
			1289	896
			1290	895
			1291	895
			1292	894
			1293	893
			1294	893
			1295	893
			1296	892
			1297	892
			1298	892
			1299	892
			1300	893
			1301	893
			1302	893
			1303	893
			1304	893
			1305	893
			1306	893
			1307	894
			1308	894
			1309	894
			1310	894
			1311	894
			1312	894
			1313	895
			1314	895
			1315	895
			1316	895
			1317	895
			1318	895
			1319	895
			1320	896
			1321	896
			1322	896
			1323	896
			1324	896
			1325	896
			1326	897
			1327	897
			1328	897
			1329	897
			1330	897
			1331	897
			1332	898
			1333	898
			1334	898
			1335	898
			1336	898
			1337	898
			1338	899
			1339	899
			1340	899
			1341	899
			1342	899
			1343	900
			1344	900
			1345	900
			1346	900
			1347	900
			1348	900
			1349	901
			1350	901
			1351	901
			1352	901
			1353	901
			1354	902
			1355	902
			1356	902
			1357	902
			1358	902
			1359	902
			1360	903
			1361	903
			1362	903
			1363	903
			1364	903
			1365	904
			1366	904
			1367	904
			1368	904
			1369	904
			1370	905
			1371	905
			1372	905
			1373	905
			1374	905
			1375	906
			1376	906
			1377	906
			1378	906
			1379	907
			1380	907
			1381	907
			1382	907
			1383	907
			1384	908
			1385	908
			1386	908
			1387	908
			1388	908
			1389	909
			1390	909
			1391	909
			1392	909
			1393	910
			1394	910
			1395	910
			1396	910
			1397	910
			1398	911
			1399	911
			1400	911
			1401	911
			1402	912
			1403	912
			1404	912
			1405	912
			1406	913
			1407	913
			1408	913
			1409	913
			1410	913
			1411	914
			1412	914
			1413	914
			1414	914
			1415	915
			1416	915
			1417	915
			1418	915
			1419	915
			1420	916
			1421	916
			1422	916
			1423	916
			1424	917
			1425	917
			1426	917
			1427	917
			1428	918
			1429	918
			1430	918
			1431	918
			1432	919
			1433	919
			1434	919
			1435	919
			1436	920
			1437	920
			1438	920
			1439	920
			1440	920
			1441	921
			1442	921
			1443	921
			1444	922
			1445	922
			1446	922
			1447	922
			1448	923
			1449	923
			1450	923
			1451	923
			1452	924
			1453	924
			1454	924
			1455	924
			1456	925
			1457	925
			1458	925
			1459	925
			1460	926
			1461	926
			1462	926
			1463	927
			1464	927
			1465	927
			1466	927
			1467	928
			1468	928
			1469	928
			1470	928
			1471	929
			1472	929
			1473	929
			1474	929
			1475	930
			1476	930
			1477	930
			1478	931
			1479	931
			1480	931
			1481	931
			1482	932
			1483	932
			1484	932
			1485	932
			1486	933
			1487	933
			1488	933
			1489	934
			1490	934
			1491	934
			1492	934
			1493	935
			1494	935
			1495	935
			1496	936
			1497	936
			1498	936
			1499	936
			1500	937
			1501	937
			1502	937
			1503	938
			1504	938
			1505	938
			1506	938
			1507	939
			1508	939
			1509	939
			1510	940
			1511	940
			1512	940
			1513	941
			1514	941
			1515	941
			1516	941
			1517	942
			1518	942
			1519	942
			1520	943
			1521	943
			1522	943
			1523	944
			1524	944
			1525	944
			1526	945
			1527	945
			1528	945
			1529	945
			1530	946
			1531	946
			1532	946
			1533	947
			1534	947
			1535	947
			1536	948
			1537	948
			1538	948
			1539	949
			1540	949
			1541	949
			1542	950
			1543	950
			1544	950
			1545	951
			1546	951
			1547	951
			1548	952
			1549	952
			1550	952
			1551	953
			1552	953
			1553	953
			1554	954
			1555	954
			1556	954
			1557	955
			1558	955
			1559	955
			1560	956
			1561	956
			1562	956
			1563	956
			1564	957
			1565	957
			1566	957
			1567	958
			1568	958
			1569	958
			1570	959
			1571	959
			1572	959
			1573	960
			1574	960
			1575	960
			1576	961
			1577	961
			1578	961
			1579	962
			1580	962
			1581	962
			1582	963
			1583	963
			1584	963
			1585	964
			1586	964
			1587	964
			1587	965
			1588	965
			1589	965
			1590	965
			1591	966
			1592	966
			1593	966
			1594	967
			1595	967
			1596	967
			1597	968
			1598	968
			1599	968
			1600	969
			1601	969
			1602	970
			1603	970
			1604	970
			1605	971
			1606	971
			1607	971
			1608	972
			1609	972
			1610	972
			1610	973
			1611	973
			1612	973
			1613	973
			1614	974
			1615	974
			1616	975
			1617	975
			1618	975
			1619	976
			1620	976
			1621	977
			1622	977
			1623	978
			1624	979
			1625	980
			1626	980
			1627	981
			1628	982
			1629	982
			1630	983
			1631	984
			1632	984
			1633	985
			1634	986
			1635	987
			1636	988
			1637	988
			1638	989
			1639	989
			1639	990
			1640	990
			1641	990
			1641	991
			1642	991
			1643	992
			1644	992
			1645	993
			1646	994
			1647	995
			1648	995
			1649	996
			1650	996
			1651	997
			1652	998
			1653	998
			1654	999
			1655	999
			1656	1000
			1657	1000
			1657	1001
			1658	1001
			1659	1001
			1660	1002
			1661	1002
			1661	1003
			1662	1003
			1663	1003
			1664	1004
			1665	1005
			1666	1005
			1667	1005
			1668	1006
			1669	1006
			1670	1007
			1671	1007
			1672	1008
			1673	1008
			1674	1009
			1675	1009
			1676	1009
			1677	1010
			1678	1010
			1679	1010
			1680	1011
			1681	1011
			1682	1011
			1683	1012
			1684	1012
			1685	1012
			1686	1012
			1687	1013
			1688	1013
			1689	1013
			1690	1013
			1691	1013
			1692	1013
			1693	1014
			1694	1014
			1695	1014
			1696	1014
			1697	1014
			1698	1014
			1699	1013
			1700	1013
			1701	1013
			1702	1013
			1703	1013
			1704	1013
			1705	1012
			1706	1012
			1707	1011
			1708	1011
			1709	1010
			1710	1010
			1711	1009
			1711	1008
			1712	1007
			1713	1007
			1714	1006
			1714	1005
			1715	1004
			1715	1003
			1716	1002
			1716	1001
			1717	1000
			1717	999
			1718	998
			1718	997
			1718	996
			1719	995
			1719	994
			1719	993
			1719	992
			1720	991
			1720	990
			1720	989
			1720	988
			1720	987
			1720	986
			1720	985
			1720	984
			1720	983
			1720	982
			1721	981
			1721	980
			1721	979
			1721	978
			1721	977
			1721	976
			1721	975
			1720	974
			1720	973
			1720	972
			1720	971
			1720	970
			1720	969
			1720	968
			1720	967
			1720	966
			1720	965
			1720	964
			1720	963
			1720	962
			1719	961
			1719	960
			1719	959
			1719	958
			1719	957
			1719	956
			1719	955
			1718	954
			1718	953
			1718	952
			1718	951
			1718	950
			1718	949
			1717	948
			1717	947
			1717	946
			1717	945
			1717	944
			1717	943
			1716	942
			1716	941
			1716	940
			1716	939
			1715	938
			1715	937
			1715	936
			1715	935
			1715	934
			1715	933
			1714	933
			1714	932
			1714	931
			1714	930
			1713	929
			1713	928
			1713	927
			1713	926
			1712	925
			1712	924
			1712	923
			1712	922
			1712	921
			1711	920
			1711	919
			1711	918
			1710	917
			1710	916
			1710	915
			1710	914
			1709	913
			1709	912
			1709	911
			1708	910
			1708	909
			1708	908
			1708	907
			1707	906
			1707	905
			1707	904
			1707	903
			1706	903
			1706	902
			1706	901
			1706	900
			1705	899
			1705	898
			1705	897
			1705	896
			1704	896
			1704	895
			1704	894
			1704	893
			1703	892
			1703	891
			1702	890
			1702	889
			1702	888
			1702	887
			1701	886
			1701	885
			1701	884
			1700	883
			1700	882
		</posterior>
	</curves.pixel>
	<curves.scaled type=list>
		<glabella type=matrix rownames=FALSE colnames=FALSE nrow=1054 ncol=2 as.numeric=TRUE >
			11.2530120481928	-1.50602409638554
			11.2650602409639	-1.50602409638554
			11.2771084337349	-1.50602409638554
			11.289156626506	-1.50602409638554
			11.3012048192771	-1.50602409638554
			11.3132530120482	-1.50602409638554
			11.3253012048193	-1.50602409638554
			11.3373493975904	-1.50602409638554
			11.3493975903614	-1.50602409638554
			11.3614457831325	-1.50602409638554
			11.3734939759036	-1.50602409638554
			11.3855421686747	-1.50602409638554
			11.3975903614458	-1.50602409638554
			11.4096385542169	-1.50602409638554
			11.421686746988	-1.50602409638554
			11.433734939759	-1.50602409638554
			11.4457831325301	-1.50602409638554
			11.4578313253012	-1.50602409638554
			11.4698795180723	-1.50602409638554
			11.4819277108434	-1.50602409638554
			11.4939759036145	-1.50602409638554
			11.5060240963855	-1.51807228915663
			11.5180722891566	-1.51807228915663
			11.5301204819277	-1.51807228915663
			11.5421686746988	-1.51807228915663
			11.5542168674699	-1.51807228915663
			11.566265060241	-1.51807228915663
			11.578313253012	-1.51807228915663
			11.5903614457831	-1.51807228915663
			11.6024096385542	-1.51807228915663
			11.6144578313253	-1.51807228915663
			11.6265060240964	-1.51807228915663
			11.6385542168675	-1.51807228915663
			11.6506024096386	-1.51807228915663
			11.6626506024096	-1.51807228915663
			11.6746987951807	-1.51807228915663
			11.6867469879518	-1.51807228915663
			11.6987951807229	-1.51807228915663
			11.710843373494	-1.51807228915663
			11.7228915662651	-1.51807228915663
			11.7349397590361	-1.51807228915663
			11.7469879518072	-1.53012048192771
			11.7590361445783	-1.53012048192771
			11.7710843373494	-1.53012048192771
			11.7831325301205	-1.53012048192771
			11.7951807228916	-1.53012048192771
			11.8072289156627	-1.53012048192771
			11.8192771084337	-1.53012048192771
			11.8313253012048	-1.53012048192771
			11.8433734939759	-1.53012048192771
			11.855421686747	-1.53012048192771
			11.8674698795181	-1.53012048192771
			11.8795180722892	-1.53012048192771
			11.8915662650602	-1.53012048192771
			11.9036144578313	-1.53012048192771
			11.9156626506024	-1.53012048192771
			11.9277108433735	-1.5421686746988
			11.9397590361446	-1.5421686746988
			11.9518072289157	-1.5421686746988
			11.9638554216867	-1.5421686746988
			11.9759036144578	-1.5421686746988
			11.9879518072289	-1.5421686746988
			12	-1.5421686746988
			12.0120481927711	-1.5421686746988
			12.0240963855422	-1.5421686746988
			12.0361445783133	-1.5421686746988
			12.0481927710843	-1.5421686746988
			12.0602409638554	-1.5421686746988
			12.0602409638554	-1.55421686746988
			12.0722891566265	-1.55421686746988
			12.0843373493976	-1.55421686746988
			12.0963855421687	-1.55421686746988
			12.1084337349398	-1.55421686746988
			12.1204819277108	-1.55421686746988
			12.1325301204819	-1.55421686746988
			12.144578313253	-1.55421686746988
			12.1566265060241	-1.55421686746988
			12.1686746987952	-1.55421686746988
			12.1807228915663	-1.56626506024096
			12.1927710843374	-1.56626506024096
			12.2048192771084	-1.56626506024096
			12.2168674698795	-1.56626506024096
			12.2289156626506	-1.56626506024096
			12.2409638554217	-1.56626506024096
			12.2530120481928	-1.56626506024096
			12.2650602409639	-1.56626506024096
			12.2771084337349	-1.56626506024096
			12.2771084337349	-1.57831325301205
			12.289156626506	-1.57831325301205
			12.3012048192771	-1.57831325301205
			12.3132530120482	-1.57831325301205
			12.3253012048193	-1.57831325301205
			12.3373493975904	-1.57831325301205
			12.3493975903614	-1.57831325301205
			12.3614457831325	-1.57831325301205
			12.3734939759036	-1.59036144578313
			12.3855421686747	-1.59036144578313
			12.3975903614458	-1.59036144578313
			12.4096385542169	-1.59036144578313
			12.421686746988	-1.59036144578313
			12.433734939759	-1.59036144578313
			12.4457831325301	-1.59036144578313
			12.4578313253012	-1.60240963855422
			12.4698795180723	-1.60240963855422
			12.4819277108434	-1.60240963855422
			12.4939759036145	-1.60240963855422
			12.5060240963855	-1.60240963855422
			12.5180722891566	-1.60240963855422
			12.5301204819277	-1.60240963855422
			12.5421686746988	-1.6144578313253
			12.5542168674699	-1.6144578313253
			12.566265060241	-1.6144578313253
			12.578313253012	-1.6144578313253
			12.5903614457831	-1.6144578313253
			12.6024096385542	-1.6144578313253
			12.6144578313253	-1.62650602409639
			12.6265060240964	-1.62650602409639
			12.6385542168675	-1.62650602409639
			12.6506024096386	-1.62650602409639
			12.6626506024096	-1.62650602409639
			12.6746987951807	-1.63855421686747
			12.6867469879518	-1.63855421686747
			12.6987951807229	-1.63855421686747
			12.710843373494	-1.63855421686747
			12.7228915662651	-1.63855421686747
			12.7349397590361	-1.63855421686747
			12.7469879518072	-1.65060240963855
			12.7590361445783	-1.65060240963855
			12.7710843373494	-1.65060240963855
			12.7831325301205	-1.65060240963855
			12.7951807228916	-1.65060240963855
			12.8072289156627	-1.66265060240964
			12.8192771084337	-1.66265060240964
			12.8313253012048	-1.66265060240964
			12.8433734939759	-1.66265060240964
			12.855421686747	-1.66265060240964
			12.8674698795181	-1.67469879518072
			12.8795180722892	-1.67469879518072
			12.8915662650602	-1.67469879518072
			12.9036144578313	-1.67469879518072
			12.9156626506024	-1.68674698795181
			12.9277108433735	-1.68674698795181
			12.9397590361446	-1.68674698795181
			12.9518072289157	-1.68674698795181
			12.9638554216867	-1.68674698795181
			12.9759036144578	-1.69879518072289
			12.9879518072289	-1.69879518072289
			13	-1.69879518072289
			13.0120481927711	-1.69879518072289
			13.0240963855422	-1.71084337349398
			13.0361445783133	-1.71084337349398
			13.0481927710843	-1.71084337349398
			13.0602409638554	-1.71084337349398
			13.0722891566265	-1.72289156626506
			13.0843373493976	-1.72289156626506
			13.0963855421687	-1.72289156626506
			13.1084337349398	-1.72289156626506
			13.1204819277108	-1.73493975903614
			13.1325301204819	-1.73493975903614
			13.144578313253	-1.73493975903614
			13.1566265060241	-1.73493975903614
			13.1686746987952	-1.74698795180723
			13.1807228915663	-1.74698795180723
			13.1927710843374	-1.74698795180723
			13.2048192771084	-1.75903614457831
			13.2168674698795	-1.75903614457831
			13.2289156626506	-1.75903614457831
			13.2409638554217	-1.75903614457831
			13.2409638554217	-1.7710843373494
			13.2530120481928	-1.7710843373494
			13.2650602409639	-1.7710843373494
			13.2771084337349	-1.7710843373494
			13.289156626506	-1.78313253012048
			13.3012048192771	-1.78313253012048
			13.3132530120482	-1.78313253012048
			13.3253012048193	-1.78313253012048
			13.3253012048193	-1.79518072289157
			13.3373493975904	-1.79518072289157
			13.3493975903614	-1.79518072289157
			13.3614457831325	-1.79518072289157
			13.3734939759036	-1.80722891566265
			13.3855421686747	-1.80722891566265
			13.3975903614458	-1.80722891566265
			13.3975903614458	-1.81927710843374
			13.4096385542169	-1.81927710843374
			13.421686746988	-1.81927710843374
			13.433734939759	-1.81927710843374
			13.4457831325301	-1.83132530120482
			13.4578313253012	-1.83132530120482
			13.4698795180723	-1.83132530120482
			13.4698795180723	-1.8433734939759
			13.4819277108434	-1.8433734939759
			13.4939759036145	-1.8433734939759
			13.5060240963855	-1.85542168674699
			13.5180722891566	-1.85542168674699
			13.5301204819277	-1.85542168674699
			13.5421686746988	-1.86746987951807
			13.5542168674699	-1.86746987951807
			13.566265060241	-1.86746987951807
			13.578313253012	-1.87951807228916
			13.5903614457831	-1.87951807228916
			13.6024096385542	-1.89156626506024
			13.6144578313253	-1.89156626506024
			13.6265060240964	-1.89156626506024
			13.6385542168675	-1.90361445783133
			13.6506024096386	-1.90361445783133
			13.6626506024096	-1.90361445783133
			13.6746987951807	-1.91566265060241
			13.6867469879518	-1.91566265060241
			13.6987951807229	-1.92771084337349
			13.710843373494	-1.92771084337349
			13.7228915662651	-1.92771084337349
			13.7228915662651	-1.93975903614458
			13.7349397590361	-1.93975903614458
			13.7469879518072	-1.95180722891566
			13.7590361445783	-1.95180722891566
			13.7710843373494	-1.95180722891566
			13.7831325301205	-1.96385542168675
			13.7951807228916	-1.96385542168675
			13.8072289156627	-1.97590361445783
			13.8192771084337	-1.97590361445783
			13.8313253012048	-1.98795180722892
			13.8433734939759	-1.98795180722892
			13.855421686747	-2
			13.8674698795181	-2
			13.8795180722892	-2.01204819277108
			13.8915662650602	-2.01204819277108
			13.9036144578313	-2.02409638554217
			13.9156626506024	-2.02409638554217
			13.9277108433735	-2.03614457831325
			13.9397590361446	-2.03614457831325
			13.9518072289157	-2.04819277108434
			13.9638554216867	-2.04819277108434
			13.9759036144578	-2.06024096385542
			13.9879518072289	-2.06024096385542
			14	-2.07228915662651
			14.0120481927711	-2.07228915662651
			14.0240963855422	-2.08433734939759
			14.0361445783133	-2.08433734939759
			14.0361445783133	-2.09638554216868
			14.0481927710843	-2.09638554216868
			14.0602409638554	-2.10843373493976
			14.0722891566265	-2.10843373493976
			14.0843373493976	-2.12048192771084
			14.0963855421687	-2.12048192771084
			14.1084337349398	-2.13253012048193
			14.1204819277108	-2.14457831325301
			14.1325301204819	-2.14457831325301
			14.144578313253	-2.1566265060241
			14.1566265060241	-2.1566265060241
			14.1686746987952	-2.16867469879518
			14.1807228915663	-2.18072289156627
			14.1927710843374	-2.18072289156627
			14.2048192771084	-2.19277108433735
			14.2168674698795	-2.20481927710843
			14.2289156626506	-2.20481927710843
			14.2409638554217	-2.21686746987952
			14.2530120481928	-2.21686746987952
			14.2650602409639	-2.2289156626506
			14.2771084337349	-2.24096385542169
			14.289156626506	-2.24096385542169
			14.3012048192771	-2.25301204819277
			14.3132530120482	-2.26506024096386
			14.3253012048193	-2.27710843373494
			14.3373493975904	-2.28915662650602
			14.3493975903614	-2.28915662650602
			14.3614457831325	-2.30120481927711
			14.3734939759036	-2.31325301204819
			14.3855421686747	-2.32530120481928
			14.3975903614458	-2.32530120481928
			14.4096385542169	-2.33734939759036
			14.421686746988	-2.34939759036145
			14.433734939759	-2.36144578313253
			14.4457831325301	-2.37349397590361
			14.4578313253012	-2.37349397590361
			14.4698795180723	-2.3855421686747
			14.4819277108434	-2.39759036144578
			14.4939759036145	-2.40963855421687
			14.5060240963855	-2.42168674698795
			14.5180722891566	-2.43373493975904
			14.5301204819277	-2.44578313253012
			14.5421686746988	-2.4578313253012
			14.5542168674699	-2.46987951807229
			14.566265060241	-2.48192771084337
			14.578313253012	-2.49397590361446
			14.5903614457831	-2.50602409638554
			14.6024096385542	-2.51807228915663
			14.6144578313253	-2.51807228915663
			14.6265060240964	-2.53012048192771
			14.6385542168675	-2.5421686746988
			14.6506024096386	-2.55421686746988
			14.6626506024096	-2.56626506024096
			14.6746987951807	-2.57831325301205
			14.6867469879518	-2.59036144578313
			14.6987951807229	-2.60240963855422
			14.6987951807229	-2.6144578313253
			14.710843373494	-2.62650602409639
			14.7228915662651	-2.63855421686747
			14.7349397590361	-2.65060240963855
			14.7469879518072	-2.66265060240964
			14.7590361445783	-2.67469879518072
			14.7710843373494	-2.68674698795181
			14.7710843373494	-2.69879518072289
			14.7831325301205	-2.71084337349398
			14.7951807228916	-2.72289156626506
			14.8072289156627	-2.73493975903614
			14.8072289156627	-2.74698795180723
			14.8192771084337	-2.74698795180723
			14.8192771084337	-2.75903614457831
			14.8313253012048	-2.7710843373494
			14.8313253012048	-2.78313253012048
			14.8433734939759	-2.79518072289157
			14.855421686747	-2.80722891566265
			14.8674698795181	-2.81927710843373
			14.8674698795181	-2.83132530120482
			14.8795180722892	-2.8433734939759
			14.8795180722892	-2.85542168674699
			14.8915662650602	-2.85542168674699
			14.8915662650602	-2.86746987951807
			14.9036144578313	-2.87951807228916
			14.9156626506024	-2.89156626506024
			14.9156626506024	-2.90361445783133
			14.9277108433735	-2.90361445783133
			14.9277108433735	-2.91566265060241
			14.9397590361446	-2.92771084337349
			14.9397590361446	-2.93975903614458
			14.9518072289157	-2.95180722891566
			14.9638554216867	-2.96385542168675
			14.9638554216867	-2.97590361445783
			14.9759036144578	-2.98795180722892
			14.9759036144578	-3
			14.9879518072289	-3.01204819277108
			14.9879518072289	-3.02409638554217
			15	-3.03614457831325
			15	-3.04819277108434
			15.0120481927711	-3.06024096385542
			15.0120481927711	-3.07228915662651
			15.0240963855422	-3.08433734939759
			15.0240963855422	-3.09638554216868
			15.0361445783133	-3.10843373493976
			15.0481927710843	-3.12048192771084
			15.0481927710843	-3.13253012048193
			15.0481927710843	-3.14457831325301
			15.0602409638554	-3.1566265060241
			15.0602409638554	-3.16867469879518
			15.0722891566265	-3.18072289156627
			15.0722891566265	-3.19277108433735
			15.0722891566265	-3.20481927710843
			15.0843373493976	-3.21686746987952
			15.0843373493976	-3.2289156626506
			15.0963855421687	-3.24096385542169
			15.0963855421687	-3.25301204819277
			15.1084337349398	-3.26506024096386
			15.1084337349398	-3.27710843373494
			15.1084337349398	-3.28915662650602
			15.1204819277108	-3.30120481927711
			15.1204819277108	-3.31325301204819
			15.1204819277108	-3.32530120481928
			15.1325301204819	-3.33734939759036
			15.1325301204819	-3.34939759036145
			15.144578313253	-3.36144578313253
			15.144578313253	-3.37349397590361
			15.144578313253	-3.3855421686747
			15.1566265060241	-3.39759036144578
			15.1566265060241	-3.40963855421687
			15.1566265060241	-3.42168674698795
			15.1686746987952	-3.43373493975904
			15.1686746987952	-3.44578313253012
			15.1686746987952	-3.45783132530121
			15.1686746987952	-3.46987951807229
			15.1807228915663	-3.46987951807229
			15.1807228915663	-3.48192771084337
			15.1807228915663	-3.49397590361446
			15.1807228915663	-3.50602409638554
			15.1927710843374	-3.51807228915663
			15.1927710843374	-3.53012048192771
			15.1927710843374	-3.5421686746988
			15.1927710843374	-3.55421686746988
			15.2048192771084	-3.56626506024096
			15.2048192771084	-3.57831325301205
			15.2048192771084	-3.59036144578313
			15.2048192771084	-3.60240963855422
			15.2048192771084	-3.6144578313253
			15.2048192771084	-3.62650602409639
			15.2048192771084	-3.63855421686747
			15.2168674698795	-3.65060240963855
			15.2168674698795	-3.66265060240964
			15.2168674698795	-3.67469879518072
			15.2168674698795	-3.68674698795181
			15.2168674698795	-3.69879518072289
			15.2168674698795	-3.71084337349398
			15.2289156626506	-3.72289156626506
			15.2289156626506	-3.73493975903614
			15.2289156626506	-3.74698795180723
			15.2289156626506	-3.75903614457831
			15.2289156626506	-3.7710843373494
			15.2289156626506	-3.78313253012048
			15.2289156626506	-3.79518072289157
			15.2289156626506	-3.80722891566265
			15.2289156626506	-3.81927710843374
			15.2289156626506	-3.83132530120482
			15.2409638554217	-3.8433734939759
			15.2409638554217	-3.85542168674699
			15.2409638554217	-3.86746987951807
			15.2409638554217	-3.87951807228916
			15.2409638554217	-3.89156626506024
			15.2409638554217	-3.90361445783133
			15.2409638554217	-3.91566265060241
			15.2409638554217	-3.92771084337349
			15.2409638554217	-3.93975903614458
			15.2409638554217	-3.95180722891566
			15.2409638554217	-3.96385542168675
			15.2409638554217	-3.97590361445783
			15.2409638554217	-3.98795180722892
			15.2409638554217	-4
			15.2409638554217	-4.01204819277108
			15.2409638554217	-4.02409638554217
			15.2409638554217	-4.03614457831325
			15.2409638554217	-4.04819277108434
			15.2409638554217	-4.06024096385542
			15.2409638554217	-4.07228915662651
			15.2409638554217	-4.08433734939759
			15.2409638554217	-4.09638554216868
			15.2409638554217	-4.10843373493976
			15.2409638554217	-4.12048192771084
			15.2409638554217	-4.13253012048193
			15.2409638554217	-4.14457831325301
			15.2409638554217	-4.1566265060241
			15.2409638554217	-4.16867469879518
			15.2409638554217	-4.18072289156627
			15.2409638554217	-4.19277108433735
			15.2409638554217	-4.20481927710843
			15.2409638554217	-4.21686746987952
			15.2409638554217	-4.2289156626506
			15.2409638554217	-4.24096385542169
			15.2289156626506	-4.25301204819277
			15.2289156626506	-4.26506024096386
			15.2289156626506	-4.27710843373494
			15.2289156626506	-4.28915662650602
			15.2289156626506	-4.30120481927711
			15.2289156626506	-4.31325301204819
			15.2289156626506	-4.32530120481928
			15.2289156626506	-4.33734939759036
			15.2289156626506	-4.34939759036145
			15.2168674698795	-4.36144578313253
			15.2168674698795	-4.37349397590361
			15.2168674698795	-4.3855421686747
			15.2168674698795	-4.39759036144578
			15.2168674698795	-4.40963855421687
			15.2168674698795	-4.42168674698795
			15.2048192771084	-4.43373493975904
			15.2048192771084	-4.44578313253012
			15.2048192771084	-4.45783132530121
			15.2048192771084	-4.46987951807229
			15.1927710843374	-4.48192771084337
			15.1927710843374	-4.49397590361446
			15.1927710843374	-4.50602409638554
			15.1927710843374	-4.51807228915663
			15.1927710843374	-4.53012048192771
			15.1807228915663	-4.5421686746988
			15.1807228915663	-4.55421686746988
			15.1807228915663	-4.56626506024096
			15.1686746987952	-4.57831325301205
			15.1686746987952	-4.59036144578313
			15.1686746987952	-4.60240963855422
			15.1686746987952	-4.6144578313253
			15.1566265060241	-4.62650602409639
			15.1566265060241	-4.63855421686747
			15.1566265060241	-4.65060240963855
			15.144578313253	-4.66265060240964
			15.144578313253	-4.67469879518072
			15.144578313253	-4.68674698795181
			15.1325301204819	-4.69879518072289
			15.1325301204819	-4.71084337349398
			15.1204819277108	-4.72289156626506
			15.1204819277108	-4.73493975903614
			15.1204819277108	-4.74698795180723
			15.1084337349398	-4.75903614457831
			15.1084337349398	-4.7710843373494
			15.0963855421687	-4.78313253012048
			15.0963855421687	-4.79518072289157
			15.0843373493976	-4.80722891566265
			15.0843373493976	-4.81927710843374
			15.0722891566265	-4.83132530120482
			15.0722891566265	-4.8433734939759
			15.0602409638554	-4.85542168674699
			15.0602409638554	-4.86746987951807
			15.0481927710843	-4.87951807228916
			15.0481927710843	-4.89156626506024
			15.0361445783133	-4.90361445783133
			15.0361445783133	-4.91566265060241
			15.0240963855422	-4.92771084337349
			15.0120481927711	-4.93975903614458
			15.0120481927711	-4.95180722891566
			15	-4.96385542168675
			14.9879518072289	-4.97590361445783
			14.9879518072289	-4.98795180722892
			14.9759036144578	-5
			14.9879518072289	-5
			15	-5
			15.0120481927711	-5.01204819277108
			15.0240963855422	-5.01204819277108
			15.0361445783133	-5.01204819277108
			15.0481927710843	-5.02409638554217
			15.0602409638554	-5.02409638554217
			15.0722891566265	-5.02409638554217
			15.0843373493976	-5.03614457831325
			15.0963855421687	-5.03614457831325
			15.1084337349398	-5.03614457831325
			15.1204819277108	-5.04819277108434
			15.1325301204819	-5.06024096385542
			15.144578313253	-5.06024096385542
			15.1566265060241	-5.07228915662651
			15.1686746987952	-5.07228915662651
			15.1807228915663	-5.08433734939759
			15.1927710843374	-5.08433734939759
			15.2048192771084	-5.09638554216868
			15.2168674698795	-5.10843373493976
			15.2289156626506	-5.10843373493976
			15.2409638554217	-5.12048192771084
			15.2530120481928	-5.13253012048193
			15.2650602409639	-5.14457831325301
			15.2771084337349	-5.1566265060241
			15.289156626506	-5.16867469879518
			15.3012048192771	-5.18072289156627
			15.3132530120482	-5.19277108433735
			15.3253012048193	-5.20481927710843
			15.3253012048193	-5.21686746987952
			15.3373493975904	-5.2289156626506
			15.3493975903614	-5.24096385542169
			15.3614457831325	-5.25301204819277
			15.3614457831325	-5.26506024096386
			15.3734939759036	-5.27710843373494
			15.3734939759036	-5.28915662650602
			15.3855421686747	-5.30120481927711
			15.3855421686747	-5.31325301204819
			15.3975903614458	-5.32530120481928
			15.3975903614458	-5.33734939759036
			15.4096385542169	-5.34939759036145
			15.4096385542169	-5.36144578313253
			15.4096385542169	-5.37349397590361
			15.421686746988	-5.3855421686747
			15.421686746988	-5.39759036144578
			15.433734939759	-5.40963855421687
			15.433734939759	-5.42168674698795
			15.433734939759	-5.43373493975904
			15.4457831325301	-5.44578313253012
			15.4457831325301	-5.45783132530121
			15.4457831325301	-5.46987951807229
			15.4457831325301	-5.48192771084337
			15.4578313253012	-5.49397590361446
			15.4578313253012	-5.50602409638554
			15.4578313253012	-5.51807228915663
			15.4578313253012	-5.53012048192771
			15.4578313253012	-5.5421686746988
			15.4698795180723	-5.55421686746988
			15.4698795180723	-5.56626506024096
			15.4698795180723	-5.57831325301205
			15.4698795180723	-5.59036144578313
			15.4698795180723	-5.60240963855422
			15.4698795180723	-5.6144578313253
			15.4698795180723	-5.62650602409639
			15.4819277108434	-5.62650602409639
			15.4819277108434	-5.63855421686747
			15.4819277108434	-5.65060240963855
			15.4819277108434	-5.66265060240964
			15.4819277108434	-5.67469879518072
			15.4819277108434	-5.68674698795181
			15.4819277108434	-5.69879518072289
			15.4819277108434	-5.71084337349398
			15.4819277108434	-5.72289156626506
			15.4819277108434	-5.73493975903614
			15.4819277108434	-5.74698795180723
			15.4819277108434	-5.75903614457831
			15.4819277108434	-5.7710843373494
			15.4819277108434	-5.78313253012048
			15.4819277108434	-5.79518072289157
			15.4819277108434	-5.80722891566265
			15.4819277108434	-5.81927710843374
			15.4819277108434	-5.83132530120482
			15.4819277108434	-5.8433734939759
			15.4819277108434	-5.85542168674699
			15.4819277108434	-5.86746987951807
			15.4819277108434	-5.87951807228916
			15.4819277108434	-5.89156626506024
			15.4819277108434	-5.90361445783133
			15.4819277108434	-5.91566265060241
			15.4819277108434	-5.92771084337349
			15.4819277108434	-5.93975903614458
			15.4819277108434	-5.95180722891566
			15.4819277108434	-5.96385542168675
			15.4819277108434	-5.97590361445783
			15.4819277108434	-5.98795180722892
			15.4819277108434	-6
			15.4819277108434	-6.01204819277108
			15.4698795180723	-6.02409638554217
			15.4698795180723	-6.03614457831325
			15.4698795180723	-6.04819277108434
			15.4698795180723	-6.06024096385542
			15.4698795180723	-6.07228915662651
			15.4698795180723	-6.08433734939759
			15.4698795180723	-6.09638554216868
			15.4698795180723	-6.10843373493976
			15.4698795180723	-6.12048192771084
			15.4698795180723	-6.13253012048193
			15.4578313253012	-6.14457831325301
			15.4578313253012	-6.1566265060241
			15.4578313253012	-6.16867469879518
			15.4578313253012	-6.18072289156627
			15.4578313253012	-6.19277108433735
			15.4578313253012	-6.20481927710843
			15.4578313253012	-6.21686746987952
			15.4457831325301	-6.2289156626506
			15.4457831325301	-6.24096385542169
			15.4457831325301	-6.25301204819277
			15.4457831325301	-6.26506024096386
			15.4457831325301	-6.27710843373494
			15.4457831325301	-6.28915662650602
			15.433734939759	-6.30120481927711
			15.433734939759	-6.31325301204819
			15.433734939759	-6.32530120481928
			15.433734939759	-6.33734939759036
			15.433734939759	-6.34939759036145
			15.421686746988	-6.36144578313253
			15.421686746988	-6.37349397590361
			15.421686746988	-6.3855421686747
			15.421686746988	-6.39759036144578
			15.421686746988	-6.40963855421687
			15.421686746988	-6.42168674698795
			15.4096385542169	-6.42168674698795
			15.4096385542169	-6.43373493975904
			15.4096385542169	-6.44578313253012
			15.4096385542169	-6.45783132530121
			15.4096385542169	-6.46987951807229
			15.3975903614458	-6.48192771084337
			15.3975903614458	-6.49397590361446
			15.3975903614458	-6.50602409638554
			15.3975903614458	-6.51807228915663
			15.3975903614458	-6.53012048192771
			15.3855421686747	-6.5421686746988
			15.3855421686747	-6.55421686746988
			15.3855421686747	-6.56626506024096
			15.3855421686747	-6.57831325301205
			15.3734939759036	-6.59036144578313
			15.3734939759036	-6.60240963855422
			15.3734939759036	-6.6144578313253
			15.3734939759036	-6.62650602409639
			15.3614457831325	-6.63855421686747
			15.3614457831325	-6.65060240963855
			15.3614457831325	-6.66265060240964
			15.3614457831325	-6.67469879518072
			15.3493975903614	-6.68674698795181
			15.3493975903614	-6.69879518072289
			15.3493975903614	-6.71084337349398
			15.3493975903614	-6.72289156626506
			15.3373493975904	-6.73493975903614
			15.3373493975904	-6.74698795180723
			15.3373493975904	-6.75903614457831
			15.3373493975904	-6.7710843373494
			15.3253012048193	-6.78313253012048
			15.3253012048193	-6.79518072289157
			15.3253012048193	-6.80722891566265
			15.3132530120482	-6.81927710843374
			15.3132530120482	-6.83132530120482
			15.3132530120482	-6.8433734939759
			15.3132530120482	-6.85542168674699
			15.3132530120482	-6.86746987951807
			15.3132530120482	-6.87951807228916
			15.3132530120482	-6.89156626506024
			15.3012048192771	-6.89156626506024
			15.3012048192771	-6.90361445783133
			15.3012048192771	-6.91566265060241
			15.3012048192771	-6.92771084337349
			15.3012048192771	-6.93975903614458
			15.3012048192771	-6.95180722891566
			15.3012048192771	-6.96385542168675
			15.3012048192771	-6.97590361445783
			15.289156626506	-6.98795180722892
			15.289156626506	-7
			15.289156626506	-7.01204819277108
			15.289156626506	-7.02409638554217
			15.289156626506	-7.03614457831325
			15.289156626506	-7.04819277108434
			15.289156626506	-7.06024096385542
			15.289156626506	-7.07228915662651
			15.2771084337349	-7.08433734939759
			15.2771084337349	-7.09638554216868
			15.2771084337349	-7.10843373493976
			15.2771084337349	-7.12048192771084
			15.2771084337349	-7.13253012048193
			15.2771084337349	-7.14457831325301
			15.2771084337349	-7.1566265060241
			15.2771084337349	-7.16867469879518
			15.2771084337349	-7.18072289156627
			15.2650602409639	-7.19277108433735
			15.2650602409639	-7.20481927710843
			15.2650602409639	-7.21686746987952
			15.2650602409639	-7.2289156626506
			15.2650602409639	-7.24096385542169
			15.2650602409639	-7.25301204819277
			15.2650602409639	-7.26506024096386
			15.2650602409639	-7.27710843373494
			15.2650602409639	-7.28915662650602
			15.2530120481928	-7.30120481927711
			15.2530120481928	-7.31325301204819
			15.2530120481928	-7.32530120481928
			15.2530120481928	-7.33734939759036
			15.2530120481928	-7.34939759036145
			15.2530120481928	-7.36144578313253
			15.2530120481928	-7.37349397590361
			15.2530120481928	-7.3855421686747
			15.2530120481928	-7.39759036144578
			15.2530120481928	-7.40963855421687
			15.2409638554217	-7.40963855421687
			15.2409638554217	-7.42168674698795
			15.2409638554217	-7.43373493975904
			15.2409638554217	-7.44578313253012
			15.2409638554217	-7.45783132530121
			15.2409638554217	-7.46987951807229
			15.2409638554217	-7.48192771084337
			15.2409638554217	-7.49397590361446
			15.2409638554217	-7.50602409638554
			15.2409638554217	-7.51807228915663
			15.2289156626506	-7.53012048192771
			15.2289156626506	-7.5421686746988
			15.2289156626506	-7.55421686746988
			15.2289156626506	-7.56626506024096
			15.2289156626506	-7.57831325301205
			15.2289156626506	-7.59036144578313
			15.2289156626506	-7.60240963855422
			15.2289156626506	-7.6144578313253
			15.2289156626506	-7.62650602409639
			15.2289156626506	-7.63855421686747
			15.2168674698795	-7.65060240963855
			15.2168674698795	-7.66265060240964
			15.2168674698795	-7.67469879518072
			15.2168674698795	-7.68674698795181
			15.2168674698795	-7.69879518072289
			15.2168674698795	-7.71084337349398
			15.2168674698795	-7.72289156626506
			15.2168674698795	-7.73493975903614
			15.2168674698795	-7.74698795180723
			15.2168674698795	-7.75903614457831
			15.2168674698795	-7.7710843373494
			15.2048192771084	-7.78313253012048
			15.2048192771084	-7.79518072289157
			15.2048192771084	-7.80722891566265
			15.2048192771084	-7.81927710843374
			15.2048192771084	-7.83132530120482
			15.2048192771084	-7.8433734939759
			15.2048192771084	-7.85542168674699
			15.2048192771084	-7.86746987951807
			15.2048192771084	-7.87951807228916
			15.2048192771084	-7.89156626506024
			15.1927710843374	-7.90361445783133
			15.1927710843374	-7.91566265060241
			15.1927710843374	-7.92771084337349
			15.1927710843374	-7.93975903614458
			15.1927710843374	-7.95180722891566
			15.1927710843374	-7.96385542168675
			15.1927710843374	-7.97590361445783
			15.1927710843374	-7.98795180722892
			15.1927710843374	-8
			15.1927710843374	-8.01204819277108
			15.1927710843374	-8.02409638554217
			15.1927710843374	-8.03614457831325
			15.1807228915663	-8.04819277108434
			15.1807228915663	-8.06024096385542
			15.1807228915663	-8.07228915662651
			15.1807228915663	-8.08433734939759
			15.1807228915663	-8.09638554216868
			15.1807228915663	-8.10843373493976
			15.1807228915663	-8.12048192771084
			15.1807228915663	-8.13253012048193
			15.1807228915663	-8.14457831325301
			15.1807228915663	-8.1566265060241
			15.1807228915663	-8.16867469879518
			15.1686746987952	-8.18072289156627
			15.1686746987952	-8.19277108433735
			15.1686746987952	-8.20481927710843
			15.1686746987952	-8.21686746987952
			15.1686746987952	-8.2289156626506
			15.1686746987952	-8.24096385542169
			15.1686746987952	-8.25301204819277
			15.1686746987952	-8.26506024096386
			15.1686746987952	-8.27710843373494
			15.1686746987952	-8.28915662650602
			15.1686746987952	-8.30120481927711
			15.1566265060241	-8.31325301204819
			15.1566265060241	-8.32530120481928
			15.1566265060241	-8.33734939759036
			15.1566265060241	-8.34939759036145
			15.1566265060241	-8.36144578313253
			15.1566265060241	-8.37349397590362
			15.1566265060241	-8.3855421686747
			15.1566265060241	-8.39759036144578
			15.1566265060241	-8.40963855421687
			15.1566265060241	-8.42168674698795
			15.1566265060241	-8.43373493975904
			15.1566265060241	-8.44578313253012
			15.1566265060241	-8.45783132530121
			15.144578313253	-8.46987951807229
			15.144578313253	-8.48192771084337
			15.144578313253	-8.49397590361446
			15.144578313253	-8.50602409638554
			15.144578313253	-8.51807228915663
			15.144578313253	-8.53012048192771
			15.144578313253	-8.54216867469879
			15.144578313253	-8.55421686746988
			15.144578313253	-8.56626506024096
			15.144578313253	-8.57831325301205
			15.144578313253	-8.59036144578313
			15.144578313253	-8.60240963855422
			15.1325301204819	-8.6144578313253
			15.1325301204819	-8.62650602409639
			15.1325301204819	-8.63855421686747
			15.1325301204819	-8.65060240963856
			15.1325301204819	-8.66265060240964
			15.1325301204819	-8.67469879518072
			15.1325301204819	-8.68674698795181
			15.1325301204819	-8.69879518072289
			15.1325301204819	-8.71084337349398
			15.1325301204819	-8.72289156626506
			15.1325301204819	-8.73493975903614
			15.1325301204819	-8.74698795180723
			15.1325301204819	-8.75903614457831
			15.1204819277108	-8.7710843373494
			15.1204819277108	-8.78313253012048
			15.1204819277108	-8.79518072289157
			15.1204819277108	-8.80722891566265
			15.1204819277108	-8.81927710843374
			15.1204819277108	-8.83132530120482
			15.1204819277108	-8.8433734939759
			15.1204819277108	-8.85542168674699
			15.1204819277108	-8.86746987951807
			15.1204819277108	-8.87951807228916
			15.1204819277108	-8.89156626506024
			15.1204819277108	-8.90361445783133
			15.1084337349398	-8.91566265060241
			15.1084337349398	-8.92771084337349
			15.1084337349398	-8.93975903614458
			15.1084337349398	-8.95180722891566
			15.1084337349398	-8.96385542168675
			15.1084337349398	-8.97590361445783
			15.1084337349398	-8.98795180722892
			15.1084337349398	-9
			15.1084337349398	-9.01204819277108
			15.1084337349398	-9.02409638554217
			15.1084337349398	-9.03614457831325
			15.1084337349398	-9.04819277108434
			15.1084337349398	-9.06024096385542
			15.0963855421687	-9.07228915662651
			15.0963855421687	-9.08433734939759
			15.0963855421687	-9.09638554216868
			15.0963855421687	-9.10843373493976
			15.0963855421687	-9.12048192771084
			15.0963855421687	-9.13253012048193
			15.0963855421687	-9.14457831325301
			15.0963855421687	-9.1566265060241
			15.0963855421687	-9.16867469879518
			15.0963855421687	-9.18072289156627
			15.0963855421687	-9.19277108433735
			15.0963855421687	-9.20481927710843
			15.0963855421687	-9.21686746987952
			15.0963855421687	-9.2289156626506
			15.0843373493976	-9.24096385542169
			15.0843373493976	-9.25301204819277
			15.0843373493976	-9.26506024096386
			15.0843373493976	-9.27710843373494
			15.0843373493976	-9.28915662650602
			15.0843373493976	-9.30120481927711
			15.0843373493976	-9.31325301204819
			15.0843373493976	-9.32530120481928
			15.0843373493976	-9.33734939759036
			15.0843373493976	-9.34939759036145
			15.0843373493976	-9.36144578313253
			15.0843373493976	-9.37349397590362
			15.0843373493976	-9.3855421686747
			15.0722891566265	-9.39759036144578
			15.0722891566265	-9.40963855421687
			15.0722891566265	-9.42168674698795
			15.0722891566265	-9.43373493975904
			15.0722891566265	-9.44578313253012
			15.0722891566265	-9.45783132530121
			15.0722891566265	-9.46987951807229
			15.0722891566265	-9.48192771084337
			15.0722891566265	-9.49397590361446
			15.0722891566265	-9.50602409638554
			15.0722891566265	-9.51807228915663
			15.0722891566265	-9.53012048192771
			15.0722891566265	-9.54216867469879
			15.0722891566265	-9.55421686746988
			15.0602409638554	-9.56626506024096
			15.0602409638554	-9.57831325301205
			15.0602409638554	-9.59036144578313
			15.0602409638554	-9.60240963855422
			15.0602409638554	-9.6144578313253
			15.0602409638554	-9.62650602409639
			15.0602409638554	-9.63855421686747
			15.0602409638554	-9.65060240963856
			15.0602409638554	-9.66265060240964
			15.0602409638554	-9.67469879518072
			15.0602409638554	-9.68674698795181
			15.0602409638554	-9.69879518072289
			15.0602409638554	-9.71084337349398
			15.0602409638554	-9.72289156626506
			15.0481927710843	-9.73493975903614
			15.0481927710843	-9.74698795180723
			15.0481927710843	-9.75903614457831
			15.0481927710843	-9.7710843373494
			15.0481927710843	-9.78313253012048
			15.0481927710843	-9.79518072289157
			15.0481927710843	-9.80722891566265
			15.0481927710843	-9.81927710843374
			15.0481927710843	-9.83132530120482
			15.0481927710843	-9.8433734939759
			15.0481927710843	-9.85542168674699
			15.0481927710843	-9.86746987951807
			15.0481927710843	-9.87951807228916
			15.0481927710843	-9.89156626506024
			15.0481927710843	-9.90361445783133
			15.0361445783133	-9.91566265060241
			15.0361445783133	-9.92771084337349
			15.0361445783133	-9.93975903614458
			15.0361445783133	-9.95180722891566
			15.0361445783133	-9.96385542168675
			15.0361445783133	-9.97590361445783
			15.0361445783133	-9.98795180722892
			15.0361445783133	-10
			15.0361445783133	-10.0120481927711
			15.0361445783133	-10.0240963855422
			15.0361445783133	-10.0361445783133
			15.0361445783133	-10.0481927710843
			15.0361445783133	-10.0602409638554
			15.0361445783133	-10.0722891566265
			15.0240963855422	-10.0843373493976
			15.0240963855422	-10.0963855421687
			15.0240963855422	-10.1084337349398
			15.0240963855422	-10.1204819277108
			15.0240963855422	-10.1325301204819
			15.0240963855422	-10.144578313253
			15.0240963855422	-10.1566265060241
			15.0240963855422	-10.1686746987952
			15.0240963855422	-10.1807228915663
			15.0240963855422	-10.1927710843374
			15.0240963855422	-10.2048192771084
			15.0240963855422	-10.2168674698795
			15.0240963855422	-10.2289156626506
			15.0240963855422	-10.2409638554217
			15.0240963855422	-10.2530120481928
			15.0120481927711	-10.2650602409639
			15.0120481927711	-10.2771084337349
			15.0120481927711	-10.289156626506
			15.0120481927711	-10.3012048192771
			15.0120481927711	-10.3132530120482
			15.0120481927711	-10.3253012048193
			15.0120481927711	-10.3373493975904
			15.0120481927711	-10.3493975903614
			15.0120481927711	-10.3614457831325
			15.0120481927711	-10.3734939759036
			15.0120481927711	-10.3855421686747
			15.0120481927711	-10.3975903614458
			15.0120481927711	-10.4096385542169
			15.0120481927711	-10.421686746988
			15.0120481927711	-10.433734939759
			15	-10.4457831325301
			15	-10.4578313253012
			15	-10.4698795180723
			15	-10.4819277108434
			15	-10.4939759036145
			15	-10.5060240963855
			15	-10.5180722891566
			15	-10.5301204819277
			15	-10.5421686746988
			15	-10.5542168674699
			15	-10.566265060241
			15	-10.578313253012
			15	-10.5903614457831
			15	-10.6024096385542
			15	-10.6144578313253
			15	-10.6265060240964
			14.9879518072289	-10.6385542168675
			14.9879518072289	-10.6506024096386
			14.9879518072289	-10.6626506024096
			14.9879518072289	-10.6746987951807
			14.9879518072289	-10.6867469879518
			14.9879518072289	-10.6987951807229
			14.9879518072289	-10.710843373494
			14.9879518072289	-10.7228915662651
			14.9879518072289	-10.7349397590361
			14.9879518072289	-10.7469879518072
			14.9879518072289	-10.7590361445783
			14.9879518072289	-10.7710843373494
			14.9879518072289	-10.7831325301205
			14.9879518072289	-10.7951807228916
			14.9879518072289	-10.8072289156627
			14.9879518072289	-10.8192771084337
			14.9759036144578	-10.8313253012048
			14.9759036144578	-10.8433734939759
			14.9759036144578	-10.855421686747
			14.9759036144578	-10.8674698795181
			14.9759036144578	-10.8795180722892
			14.9759036144578	-10.8915662650602
			14.9759036144578	-10.9036144578313
			14.9759036144578	-10.9156626506024
			14.9759036144578	-10.9277108433735
			14.9759036144578	-10.9397590361446
			14.9759036144578	-10.9518072289157
			14.9759036144578	-10.9638554216867
			14.9759036144578	-10.9759036144578
			14.9759036144578	-10.9879518072289
			14.9759036144578	-11
			14.9759036144578	-11.0120481927711
			14.9638554216867	-11.0240963855422
			14.9638554216867	-11.0361445783133
			14.9638554216867	-11.0481927710843
			14.9638554216867	-11.0602409638554
			14.9638554216867	-11.0722891566265
			14.9638554216867	-11.0843373493976
			14.9638554216867	-11.0963855421687
			14.9638554216867	-11.1084337349398
			14.9638554216867	-11.1204819277108
			14.9638554216867	-11.1325301204819
			14.9638554216867	-11.144578313253
			14.9638554216867	-11.1566265060241
			14.9638554216867	-11.1686746987952
			14.9638554216867	-11.1807228915663
			14.9638554216867	-11.1927710843374
			14.9638554216867	-11.2048192771084
			14.9518072289157	-11.2168674698795
			14.9518072289157	-11.2289156626506
			14.9518072289157	-11.2409638554217
			14.9518072289157	-11.2530120481928
			14.9518072289157	-11.2650602409639
			14.9518072289157	-11.2771084337349
			14.9518072289157	-11.289156626506
			14.9518072289157	-11.3012048192771
			14.9518072289157	-11.3132530120482
			14.9518072289157	-11.3253012048193
			14.9518072289157	-11.3373493975904
			14.9518072289157	-11.3493975903614
			14.9518072289157	-11.3614457831325
			14.9518072289157	-11.3734939759036
			14.9518072289157	-11.3855421686747
			14.9518072289157	-11.3975903614458
			14.9397590361446	-11.4096385542169
			14.9397590361446	-11.421686746988
			14.9397590361446	-11.433734939759
			14.9397590361446	-11.4457831325301
			14.9397590361446	-11.4578313253012
			14.9397590361446	-11.4698795180723
			14.9397590361446	-11.4819277108434
			14.9397590361446	-11.4939759036145
			14.9397590361446	-11.5060240963855
		</glabella>
		<suture type=matrix rownames=FALSE colnames=FALSE nrow=1302 ncol=2 as.numeric=TRUE >
			11.289156626506	-1.46987951807229
			11.3012048192771	-1.46987951807229
			11.3132530120482	-1.46987951807229
			11.3253012048193	-1.46987951807229
			11.3373493975904	-1.46987951807229
			11.3493975903614	-1.46987951807229
			11.3614457831325	-1.46987951807229
			11.3734939759036	-1.46987951807229
			11.3855421686747	-1.46987951807229
			11.3975903614458	-1.46987951807229
			11.4096385542169	-1.46987951807229
			11.421686746988	-1.46987951807229
			11.433734939759	-1.46987951807229
			11.4457831325301	-1.46987951807229
			11.4578313253012	-1.46987951807229
			11.4698795180723	-1.46987951807229
			11.4819277108434	-1.46987951807229
			11.4819277108434	-1.4578313253012
			11.4939759036145	-1.4578313253012
			11.5060240963855	-1.4578313253012
			11.5180722891566	-1.4578313253012
			11.5301204819277	-1.4578313253012
			11.5421686746988	-1.4578313253012
			11.5542168674699	-1.4578313253012
			11.566265060241	-1.4578313253012
			11.578313253012	-1.4578313253012
			11.5903614457831	-1.4578313253012
			11.6024096385542	-1.4578313253012
			11.6144578313253	-1.4578313253012
			11.6265060240964	-1.4578313253012
			11.6385542168675	-1.4578313253012
			11.6506024096386	-1.4578313253012
			11.6626506024096	-1.4578313253012
			11.6746987951807	-1.4578313253012
			11.6867469879518	-1.4578313253012
			11.6987951807229	-1.4578313253012
			11.710843373494	-1.4578313253012
			11.7228915662651	-1.4578313253012
			11.7349397590361	-1.4578313253012
			11.7469879518072	-1.4578313253012
			11.7590361445783	-1.4578313253012
			11.7710843373494	-1.4578313253012
			11.7831325301205	-1.4578313253012
			11.7951807228916	-1.4578313253012
			11.8072289156627	-1.4578313253012
			11.8192771084337	-1.4578313253012
			11.8313253012048	-1.4578313253012
			11.8433734939759	-1.4578313253012
			11.855421686747	-1.4578313253012
			11.8674698795181	-1.4578313253012
			11.8795180722892	-1.4578313253012
			11.8915662650602	-1.4578313253012
			11.9036144578313	-1.4578313253012
			11.9156626506024	-1.4578313253012
			11.9277108433735	-1.4578313253012
			11.9397590361446	-1.46987951807229
			11.9518072289157	-1.46987951807229
			11.9638554216867	-1.46987951807229
			11.9759036144578	-1.46987951807229
			11.9879518072289	-1.46987951807229
			12	-1.46987951807229
			12.0120481927711	-1.46987951807229
			12.0240963855422	-1.46987951807229
			12.0361445783133	-1.46987951807229
			12.0481927710843	-1.46987951807229
			12.0602409638554	-1.46987951807229
			12.0722891566265	-1.46987951807229
			12.0843373493976	-1.46987951807229
			12.0963855421687	-1.46987951807229
			12.1084337349398	-1.46987951807229
			12.1204819277108	-1.46987951807229
			12.1325301204819	-1.46987951807229
			12.144578313253	-1.46987951807229
			12.1566265060241	-1.46987951807229
			12.1686746987952	-1.46987951807229
			12.1807228915663	-1.46987951807229
			12.1927710843374	-1.46987951807229
			12.2048192771084	-1.46987951807229
			12.2168674698795	-1.46987951807229
			12.2289156626506	-1.46987951807229
			12.2409638554217	-1.48192771084337
			12.2530120481928	-1.48192771084337
			12.2650602409639	-1.48192771084337
			12.2771084337349	-1.48192771084337
			12.289156626506	-1.48192771084337
			12.3012048192771	-1.48192771084337
			12.3132530120482	-1.48192771084337
			12.3253012048193	-1.48192771084337
			12.3373493975904	-1.48192771084337
			12.3493975903614	-1.48192771084337
			12.3614457831325	-1.48192771084337
			12.3734939759036	-1.48192771084337
			12.3855421686747	-1.48192771084337
			12.3975903614458	-1.48192771084337
			12.4096385542169	-1.49397590361446
			12.421686746988	-1.49397590361446
			12.433734939759	-1.49397590361446
			12.4457831325301	-1.49397590361446
			12.4578313253012	-1.49397590361446
			12.4698795180723	-1.49397590361446
			12.4819277108434	-1.49397590361446
			12.4939759036145	-1.49397590361446
			12.5060240963855	-1.49397590361446
			12.5180722891566	-1.49397590361446
			12.5301204819277	-1.49397590361446
			12.5421686746988	-1.50602409638554
			12.5542168674699	-1.50602409638554
			12.566265060241	-1.50602409638554
			12.578313253012	-1.50602409638554
			12.5903614457831	-1.50602409638554
			12.6024096385542	-1.50602409638554
			12.6144578313253	-1.50602409638554
			12.6265060240964	-1.50602409638554
			12.6385542168675	-1.50602409638554
			12.6506024096386	-1.50602409638554
			12.6506024096386	-1.51807228915663
			12.6626506024096	-1.51807228915663
			12.6746987951807	-1.51807228915663
			12.6867469879518	-1.51807228915663
			12.6987951807229	-1.51807228915663
			12.710843373494	-1.51807228915663
			12.7228915662651	-1.51807228915663
			12.7349397590361	-1.51807228915663
			12.7469879518072	-1.53012048192771
			12.7590361445783	-1.53012048192771
			12.7710843373494	-1.53012048192771
			12.7831325301205	-1.53012048192771
			12.7951807228916	-1.53012048192771
			12.8072289156627	-1.53012048192771
			12.8192771084337	-1.53012048192771
			12.8313253012048	-1.53012048192771
			12.8433734939759	-1.5421686746988
			12.855421686747	-1.5421686746988
			12.8674698795181	-1.5421686746988
			12.8795180722892	-1.5421686746988
			12.8915662650602	-1.5421686746988
			12.9036144578313	-1.5421686746988
			12.9156626506024	-1.55421686746988
			12.9277108433735	-1.55421686746988
			12.9397590361446	-1.55421686746988
			12.9518072289157	-1.55421686746988
			12.9638554216867	-1.55421686746988
			12.9759036144578	-1.55421686746988
			12.9879518072289	-1.56626506024096
			13	-1.56626506024096
			13.0120481927711	-1.56626506024096
			13.0240963855422	-1.56626506024096
			13.0361445783133	-1.56626506024096
			13.0481927710843	-1.56626506024096
			13.0602409638554	-1.57831325301205
			13.0722891566265	-1.57831325301205
			13.0843373493976	-1.57831325301205
			13.0963855421687	-1.57831325301205
			13.1084337349398	-1.59036144578313
			13.1204819277108	-1.59036144578313
			13.1325301204819	-1.59036144578313
			13.144578313253	-1.59036144578313
			13.1566265060241	-1.59036144578313
			13.1686746987952	-1.60240963855422
			13.1807228915663	-1.60240963855422
			13.1927710843374	-1.60240963855422
			13.2048192771084	-1.60240963855422
			13.2168674698795	-1.60240963855422
			13.2289156626506	-1.6144578313253
			13.2409638554217	-1.6144578313253
			13.2530120481928	-1.6144578313253
			13.2650602409639	-1.6144578313253
			13.2771084337349	-1.6144578313253
			13.289156626506	-1.62650602409639
			13.3012048192771	-1.62650602409639
			13.3132530120482	-1.62650602409639
			13.3253012048193	-1.63855421686747
			13.3373493975904	-1.63855421686747
			13.3493975903614	-1.63855421686747
			13.3614457831325	-1.63855421686747
			13.3734939759036	-1.65060240963855
			13.3855421686747	-1.65060240963855
			13.3975903614458	-1.65060240963855
			13.4096385542169	-1.65060240963855
			13.421686746988	-1.66265060240964
			13.433734939759	-1.66265060240964
			13.4457831325301	-1.66265060240964
			13.4578313253012	-1.66265060240964
			13.4698795180723	-1.66265060240964
			13.4819277108434	-1.67469879518072
			13.4939759036145	-1.67469879518072
			13.5060240963855	-1.68674698795181
			13.5180722891566	-1.68674698795181
			13.5301204819277	-1.68674698795181
			13.5421686746988	-1.68674698795181
			13.5542168674699	-1.69879518072289
			13.566265060241	-1.69879518072289
			13.578313253012	-1.69879518072289
			13.5903614457831	-1.71084337349398
			13.6024096385542	-1.71084337349398
			13.6144578313253	-1.71084337349398
			13.6265060240964	-1.72289156626506
			13.6385542168675	-1.72289156626506
			13.6506024096386	-1.72289156626506
			13.6626506024096	-1.73493975903614
			13.6746987951807	-1.73493975903614
			13.6867469879518	-1.73493975903614
			13.6987951807229	-1.73493975903614
			13.6987951807229	-1.74698795180723
			13.710843373494	-1.74698795180723
			13.7228915662651	-1.74698795180723
			13.7349397590361	-1.75903614457831
			13.7469879518072	-1.75903614457831
			13.7590361445783	-1.75903614457831
			13.7710843373494	-1.7710843373494
			13.7831325301205	-1.7710843373494
			13.7951807228916	-1.78313253012048
			13.8072289156627	-1.78313253012048
			13.8192771084337	-1.78313253012048
			13.8313253012048	-1.79518072289157
			13.8433734939759	-1.79518072289157
			13.855421686747	-1.80722891566265
			13.8674698795181	-1.80722891566265
			13.8795180722892	-1.80722891566265
			13.8915662650602	-1.81927710843374
			13.9036144578313	-1.81927710843374
			13.9156626506024	-1.83132530120482
			13.9277108433735	-1.83132530120482
			13.9397590361446	-1.83132530120482
			13.9518072289157	-1.8433734939759
			13.9638554216867	-1.8433734939759
			13.9759036144578	-1.85542168674699
			13.9879518072289	-1.85542168674699
			14	-1.85542168674699
			14.0120481927711	-1.86746987951807
			14.0240963855422	-1.86746987951807
			14.0361445783133	-1.87951807228916
			14.0481927710843	-1.87951807228916
			14.0602409638554	-1.89156626506024
			14.0722891566265	-1.89156626506024
			14.0843373493976	-1.90361445783133
			14.0963855421687	-1.90361445783133
			14.1084337349398	-1.91566265060241
			14.1204819277108	-1.91566265060241
			14.1325301204819	-1.92771084337349
			14.144578313253	-1.92771084337349
			14.1566265060241	-1.93975903614458
			14.1686746987952	-1.93975903614458
			14.1807228915663	-1.95180722891566
			14.1927710843374	-1.95180722891566
			14.1927710843374	-1.96385542168675
			14.2048192771084	-1.96385542168675
			14.2168674698795	-1.97590361445783
			14.2289156626506	-1.97590361445783
			14.2409638554217	-1.97590361445783
			14.2409638554217	-1.98795180722892
			14.2530120481928	-1.98795180722892
			14.2650602409639	-2
			14.2771084337349	-2.01204819277108
			14.289156626506	-2.01204819277108
			14.3012048192771	-2.02409638554217
			14.3132530120482	-2.02409638554217
			14.3253012048193	-2.03614457831325
			14.3373493975904	-2.03614457831325
			14.3373493975904	-2.04819277108434
			14.3493975903614	-2.04819277108434
			14.3614457831325	-2.06024096385542
			14.3734939759036	-2.06024096385542
			14.3855421686747	-2.07228915662651
			14.3975903614458	-2.07228915662651
			14.4096385542169	-2.08433734939759
			14.4096385542169	-2.09638554216868
			14.421686746988	-2.09638554216868
			14.433734939759	-2.10843373493976
			14.4457831325301	-2.10843373493976
			14.4578313253012	-2.12048192771084
			14.4698795180723	-2.12048192771084
			14.4698795180723	-2.13253012048193
			14.4819277108434	-2.14457831325301
			14.4939759036145	-2.14457831325301
			14.5060240963855	-2.1566265060241
			14.5180722891566	-2.1566265060241
			14.5180722891566	-2.16867469879518
			14.5301204819277	-2.16867469879518
			14.5421686746988	-2.18072289156627
			14.5542168674699	-2.19277108433735
			14.566265060241	-2.20481927710843
			14.578313253012	-2.21686746987952
			14.5903614457831	-2.21686746987952
			14.6024096385542	-2.2289156626506
			14.6144578313253	-2.24096385542169
			14.6265060240964	-2.25301204819277
			14.6385542168675	-2.25301204819277
			14.6506024096386	-2.26506024096386
			14.6506024096386	-2.27710843373494
			14.6626506024096	-2.28915662650602
			14.6746987951807	-2.28915662650602
			14.6867469879518	-2.30120481927711
			14.6987951807229	-2.31325301204819
			14.710843373494	-2.32530120481928
			14.7228915662651	-2.33734939759036
			14.7349397590361	-2.33734939759036
			14.7349397590361	-2.34939759036145
			14.7469879518072	-2.36144578313253
			14.7590361445783	-2.37349397590361
			14.7710843373494	-2.3855421686747
			14.7831325301205	-2.3855421686747
			14.7831325301205	-2.39759036144578
			14.7951807228916	-2.40963855421687
			14.8072289156627	-2.42168674698795
			14.8192771084337	-2.43373493975904
			14.8313253012048	-2.43373493975904
			14.8313253012048	-2.44578313253012
			14.8433734939759	-2.4578313253012
			14.855421686747	-2.46987951807229
			14.8674698795181	-2.48192771084337
			14.8795180722892	-2.49397590361446
			14.8795180722892	-2.50602409638554
			14.8915662650602	-2.50602409638554
			14.9036144578313	-2.51807228915663
			14.9036144578313	-2.53012048192771
			14.9156626506024	-2.5421686746988
			14.9277108433735	-2.55421686746988
			14.9397590361446	-2.56626506024096
			14.9397590361446	-2.57831325301205
			14.9518072289157	-2.59036144578313
			14.9638554216867	-2.60240963855422
			14.9759036144578	-2.6144578313253
			14.9879518072289	-2.62650602409639
			14.9879518072289	-2.63855421686747
			15	-2.65060240963855
			15.0120481927711	-2.66265060240964
			15.0240963855422	-2.67469879518072
			15.0240963855422	-2.68674698795181
			15.0361445783133	-2.69879518072289
			15.0481927710843	-2.71084337349398
			15.0481927710843	-2.72289156626506
			15.0602409638554	-2.73493975903614
			15.0722891566265	-2.74698795180723
			15.0722891566265	-2.75903614457831
			15.0843373493976	-2.7710843373494
			15.0963855421687	-2.78313253012048
			15.0963855421687	-2.79518072289157
			15.1084337349398	-2.80722891566265
			15.1204819277108	-2.81927710843373
			15.1204819277108	-2.83132530120482
			15.1325301204819	-2.8433734939759
			15.1325301204819	-2.85542168674699
			15.144578313253	-2.86746987951807
			15.144578313253	-2.87951807228916
			15.1566265060241	-2.89156626506024
			15.1566265060241	-2.90361445783133
			15.1686746987952	-2.91566265060241
			15.1686746987952	-2.92771084337349
			15.1807228915663	-2.93975903614458
			15.1807228915663	-2.95180722891566
			15.1927710843374	-2.96385542168675
			15.1927710843374	-2.97590361445783
			15.2048192771084	-2.97590361445783
			15.2048192771084	-2.98795180722892
			15.2048192771084	-3
			15.2168674698795	-3.01204819277108
			15.2168674698795	-3.02409638554217
			15.2289156626506	-3.02409638554217
			15.2289156626506	-3.03614457831325
			15.2289156626506	-3.04819277108434
			15.2409638554217	-3.06024096385542
			15.2409638554217	-3.07228915662651
			15.2530120481928	-3.08433734939759
			15.2530120481928	-3.09638554216868
			15.2650602409639	-3.10843373493976
			15.2650602409639	-3.12048192771084
			15.2650602409639	-3.13253012048193
			15.2771084337349	-3.14457831325301
			15.2771084337349	-3.1566265060241
			15.289156626506	-3.16867469879518
			15.289156626506	-3.18072289156627
			15.289156626506	-3.19277108433735
			15.3012048192771	-3.20481927710843
			15.3012048192771	-3.21686746987952
			15.3012048192771	-3.2289156626506
			15.3132530120482	-3.24096385542169
			15.3132530120482	-3.25301204819277
			15.3132530120482	-3.26506024096386
			15.3253012048193	-3.27710843373494
			15.3253012048193	-3.28915662650602
			15.3373493975904	-3.30120481927711
			15.3373493975904	-3.31325301204819
			15.3373493975904	-3.32530120481928
			15.3373493975904	-3.33734939759036
			15.3493975903614	-3.34939759036145
			15.3493975903614	-3.36144578313253
			15.3493975903614	-3.37349397590361
			15.3614457831325	-3.3855421686747
			15.3614457831325	-3.39759036144578
			15.3614457831325	-3.40963855421687
			15.3614457831325	-3.42168674698795
			15.3734939759036	-3.42168674698795
			15.3734939759036	-3.43373493975904
			15.3734939759036	-3.44578313253012
			15.3734939759036	-3.45783132530121
			15.3855421686747	-3.46987951807229
			15.3855421686747	-3.48192771084337
			15.3855421686747	-3.49397590361446
			15.3855421686747	-3.50602409638554
			15.3975903614458	-3.51807228915663
			15.3975903614458	-3.53012048192771
			15.3975903614458	-3.5421686746988
			15.3975903614458	-3.55421686746988
			15.3975903614458	-3.56626506024096
			15.4096385542169	-3.57831325301205
			15.4096385542169	-3.59036144578313
			15.4096385542169	-3.60240963855422
			15.4096385542169	-3.6144578313253
			15.4096385542169	-3.62650602409639
			15.421686746988	-3.63855421686747
			15.421686746988	-3.65060240963855
			15.421686746988	-3.66265060240964
			15.421686746988	-3.67469879518072
			15.421686746988	-3.68674698795181
			15.433734939759	-3.69879518072289
			15.433734939759	-3.71084337349398
			15.433734939759	-3.72289156626506
			15.433734939759	-3.73493975903614
			15.433734939759	-3.74698795180723
			15.433734939759	-3.75903614457831
			15.4457831325301	-3.7710843373494
			15.4457831325301	-3.78313253012048
			15.4457831325301	-3.79518072289157
			15.4457831325301	-3.80722891566265
			15.4457831325301	-3.81927710843374
			15.4457831325301	-3.83132530120482
			15.4578313253012	-3.8433734939759
			15.4578313253012	-3.85542168674699
			15.4578313253012	-3.86746987951807
			15.4578313253012	-3.87951807228916
			15.4578313253012	-3.89156626506024
			15.4578313253012	-3.90361445783133
			15.4578313253012	-3.91566265060241
			15.4578313253012	-3.92771084337349
			15.4578313253012	-3.93975903614458
			15.4578313253012	-3.95180722891566
			15.4698795180723	-3.96385542168675
			15.4698795180723	-3.97590361445783
			15.4698795180723	-3.98795180722892
			15.4698795180723	-4
			15.4698795180723	-4.01204819277108
			15.4698795180723	-4.02409638554217
			15.4698795180723	-4.03614457831325
			15.4698795180723	-4.04819277108434
			15.4698795180723	-4.06024096385542
			15.4698795180723	-4.07228915662651
			15.4698795180723	-4.08433734939759
			15.4698795180723	-4.09638554216868
			15.4698795180723	-4.10843373493976
			15.4819277108434	-4.10843373493976
			15.4819277108434	-4.12048192771084
			15.4819277108434	-4.13253012048193
			15.4819277108434	-4.14457831325301
			15.4819277108434	-4.1566265060241
			15.4819277108434	-4.16867469879518
			15.4819277108434	-4.18072289156627
			15.4819277108434	-4.19277108433735
			15.4819277108434	-4.20481927710843
			15.4819277108434	-4.21686746987952
			15.4819277108434	-4.2289156626506
			15.4819277108434	-4.24096385542169
			15.4819277108434	-4.25301204819277
			15.4819277108434	-4.26506024096386
			15.4819277108434	-4.27710843373494
			15.4819277108434	-4.28915662650602
			15.4819277108434	-4.30120481927711
			15.4819277108434	-4.31325301204819
			15.4819277108434	-4.32530120481928
			15.4819277108434	-4.33734939759036
			15.4819277108434	-4.34939759036145
			15.4819277108434	-4.36144578313253
			15.4819277108434	-4.37349397590361
			15.4819277108434	-4.3855421686747
			15.4819277108434	-4.39759036144578
			15.4819277108434	-4.40963855421687
			15.4819277108434	-4.42168674698795
			15.4819277108434	-4.43373493975904
			15.4819277108434	-4.44578313253012
			15.4698795180723	-4.45783132530121
			15.4698795180723	-4.46987951807229
			15.4698795180723	-4.48192771084337
			15.4698795180723	-4.49397590361446
			15.4698795180723	-4.50602409638554
			15.4698795180723	-4.51807228915663
			15.4698795180723	-4.53012048192771
			15.4819277108434	-4.5421686746988
			15.4819277108434	-4.55421686746988
			15.4819277108434	-4.56626506024096
			15.4819277108434	-4.57831325301205
			15.4819277108434	-4.59036144578313
			15.4939759036145	-4.60240963855422
			15.4939759036145	-4.6144578313253
			15.4939759036145	-4.62650602409639
			15.4939759036145	-4.63855421686747
			15.5060240963855	-4.65060240963855
			15.5060240963855	-4.66265060240964
			15.5180722891566	-4.67469879518072
			15.5180722891566	-4.68674698795181
			15.5180722891566	-4.69879518072289
			15.5301204819277	-4.71084337349398
			15.5301204819277	-4.72289156626506
			15.5421686746988	-4.73493975903614
			15.5542168674699	-4.74698795180723
			15.5542168674699	-4.75903614457831
			15.5542168674699	-4.7710843373494
			15.566265060241	-4.7710843373494
			15.566265060241	-4.78313253012048
			15.566265060241	-4.79518072289157
			15.578313253012	-4.79518072289157
			15.578313253012	-4.80722891566265
			15.5903614457831	-4.81927710843374
			15.5903614457831	-4.83132530120482
			15.6024096385542	-4.8433734939759
			15.6144578313253	-4.85542168674699
			15.6144578313253	-4.86746987951807
			15.6265060240964	-4.87951807228916
			15.6385542168675	-4.89156626506024
			15.6385542168675	-4.90361445783133
			15.6506024096386	-4.90361445783133
			15.6626506024096	-4.91566265060241
			15.6626506024096	-4.92771084337349
			15.6746987951807	-4.93975903614458
			15.6867469879518	-4.95180722891566
			15.6867469879518	-4.96385542168675
			15.6987951807229	-4.96385542168675
			15.710843373494	-4.97590361445783
			15.710843373494	-4.98795180722892
			15.7228915662651	-5
			15.7349397590361	-5.01204819277108
			15.7469879518072	-5.02409638554217
			15.7590361445783	-5.03614457831325
			15.7590361445783	-5.04819277108434
			15.7710843373494	-5.04819277108434
			15.7831325301205	-5.06024096385542
			15.7951807228916	-5.07228915662651
			15.8072289156627	-5.08433734939759
			15.8192771084337	-5.09638554216868
			15.8313253012048	-5.10843373493976
			15.8313253012048	-5.12048192771084
			15.8433734939759	-5.13253012048193
			15.855421686747	-5.14457831325301
			15.8674698795181	-5.14457831325301
			15.8795180722892	-5.1566265060241
			15.8915662650602	-5.16867469879518
			15.9036144578313	-5.18072289156627
			15.9156626506024	-5.19277108433735
			15.9277108433735	-5.20481927710843
			15.9397590361446	-5.21686746987952
			15.9518072289157	-5.2289156626506
			15.9638554216867	-5.24096385542169
			15.9759036144578	-5.25301204819277
			15.9879518072289	-5.25301204819277
			16	-5.26506024096386
			16.0120481927711	-5.27710843373494
			16.0240963855422	-5.28915662650602
			16.0361445783133	-5.30120481927711
			16.0481927710843	-5.30120481927711
			16.0602409638554	-5.31325301204819
			16.0722891566265	-5.32530120481928
			16.0843373493976	-5.32530120481928
			16.0963855421687	-5.33734939759036
			16.0963855421687	-5.34939759036145
			16.1084337349398	-5.36144578313253
			16.1204819277108	-5.36144578313253
			16.1325301204819	-5.37349397590361
			16.144578313253	-5.3855421686747
			16.1566265060241	-5.3855421686747
			16.1686746987952	-5.39759036144578
			16.1807228915663	-5.40963855421687
			16.1927710843374	-5.40963855421687
			16.2048192771084	-5.42168674698795
			16.2048192771084	-5.43373493975904
			16.2168674698795	-5.44578313253012
			16.2289156626506	-5.44578313253012
			16.2409638554217	-5.45783132530121
			16.2530120481928	-5.46987951807229
			16.2650602409639	-5.46987951807229
			16.2771084337349	-5.48192771084337
			16.289156626506	-5.49397590361446
			16.3012048192771	-5.50602409638554
			16.3132530120482	-5.50602409638554
			16.3253012048193	-5.51807228915663
			16.3373493975904	-5.53012048192771
			16.3493975903614	-5.53012048192771
			16.3614457831325	-5.5421686746988
			16.3734939759036	-5.55421686746988
			16.3855421686747	-5.56626506024096
			16.3975903614458	-5.56626506024096
			16.4096385542169	-5.57831325301205
			16.421686746988	-5.59036144578313
			16.433734939759	-5.59036144578313
			16.4457831325301	-5.60240963855422
			16.4578313253012	-5.6144578313253
			16.4698795180723	-5.6144578313253
			16.4819277108434	-5.62650602409639
			16.4939759036145	-5.62650602409639
			16.5060240963855	-5.63855421686747
			16.5180722891566	-5.65060240963855
			16.5301204819277	-5.66265060240964
			16.5421686746988	-5.66265060240964
			16.5542168674699	-5.67469879518072
			16.566265060241	-5.68674698795181
			16.578313253012	-5.68674698795181
			16.5903614457831	-5.69879518072289
			16.6024096385542	-5.71084337349398
			16.6144578313253	-5.71084337349398
			16.6265060240964	-5.72289156626506
			16.6385542168675	-5.73493975903614
			16.6506024096386	-5.73493975903614
			16.6626506024096	-5.74698795180723
			16.6746987951807	-5.74698795180723
			16.6867469879518	-5.75903614457831
			16.6987951807229	-5.7710843373494
			16.710843373494	-5.7710843373494
			16.7228915662651	-5.78313253012048
			16.7349397590361	-5.79518072289157
			16.7469879518072	-5.79518072289157
			16.7590361445783	-5.80722891566265
			16.7710843373494	-5.80722891566265
			16.7831325301205	-5.81927710843374
			16.7951807228916	-5.83132530120482
			16.8072289156627	-5.83132530120482
			16.8192771084337	-5.8433734939759
			16.8313253012048	-5.85542168674699
			16.8433734939759	-5.85542168674699
			16.855421686747	-5.86746987951807
			16.8674698795181	-5.86746987951807
			16.8795180722892	-5.87951807228916
			16.8915662650602	-5.89156626506024
			16.9036144578313	-5.89156626506024
			16.9156626506024	-5.90361445783133
			16.9277108433735	-5.90361445783133
			16.9397590361446	-5.91566265060241
			16.9518072289157	-5.92771084337349
			16.9638554216867	-5.92771084337349
			16.9759036144578	-5.93975903614458
			16.9879518072289	-5.93975903614458
			17	-5.95180722891566
			17.0120481927711	-5.96385542168675
			17.0240963855422	-5.96385542168675
			17.0361445783133	-5.97590361445783
			17.0481927710843	-5.97590361445783
			17.0602409638554	-5.98795180722892
			17.0722891566265	-6
			17.0843373493976	-6
			17.0963855421687	-6
			17.1084337349398	-6.01204819277108
			17.1204819277108	-6.01204819277108
			17.1325301204819	-6.02409638554217
			17.144578313253	-6.02409638554217
			17.1566265060241	-6.02409638554217
			17.1686746987952	-6.03614457831325
			17.1807228915663	-6.04819277108434
			17.1927710843374	-6.04819277108434
			17.2048192771084	-6.04819277108434
			17.2168674698795	-6.06024096385542
			17.2289156626506	-6.06024096385542
			17.2409638554217	-6.07228915662651
			17.2530120481928	-6.07228915662651
			17.2530120481928	-6.08433734939759
			17.2650602409639	-6.08433734939759
			17.2771084337349	-6.09638554216868
			17.289156626506	-6.09638554216868
			17.3012048192771	-6.10843373493976
			17.3132530120482	-6.10843373493976
			17.3132530120482	-6.12048192771084
			17.3253012048193	-6.12048192771084
			17.3373493975904	-6.13253012048193
			17.3493975903614	-6.13253012048193
			17.3493975903614	-6.14457831325301
			17.3614457831325	-6.14457831325301
			17.3734939759036	-6.1566265060241
			17.3855421686747	-6.1566265060241
			17.3855421686747	-6.16867469879518
			17.3975903614458	-6.16867469879518
			17.4096385542169	-6.18072289156627
			17.421686746988	-6.19277108433735
			17.433734939759	-6.20481927710843
			17.4457831325301	-6.20481927710843
			17.4578313253012	-6.21686746987952
			17.4698795180723	-6.2289156626506
			17.4819277108434	-6.24096385542169
			17.4939759036145	-6.25301204819277
			17.5060240963855	-6.26506024096386
			17.5180722891566	-6.27710843373494
			17.5301204819277	-6.28915662650602
			17.5301204819277	-6.30120481927711
			17.5421686746988	-6.30120481927711
			17.5542168674699	-6.31325301204819
			17.5542168674699	-6.32530120481928
			17.566265060241	-6.33734939759036
			17.578313253012	-6.34939759036145
			17.578313253012	-6.36144578313253
			17.5903614457831	-6.37349397590361
			17.5903614457831	-6.3855421686747
			17.6024096385542	-6.3855421686747
			17.6024096385542	-6.39759036144578
			17.6144578313253	-6.40963855421687
			17.6144578313253	-6.42168674698795
			17.6265060240964	-6.43373493975904
			17.6265060240964	-6.44578313253012
			17.6265060240964	-6.45783132530121
			17.6385542168675	-6.46987951807229
			17.6385542168675	-6.48192771084337
			17.6385542168675	-6.49397590361446
			17.6506024096386	-6.50602409638554
			17.6506024096386	-6.51807228915663
			17.6506024096386	-6.53012048192771
			17.6506024096386	-6.5421686746988
			17.6626506024096	-6.55421686746988
			17.6626506024096	-6.56626506024096
			17.6626506024096	-6.57831325301205
			17.6626506024096	-6.59036144578313
			17.6626506024096	-6.60240963855422
			17.6626506024096	-6.6144578313253
			17.6626506024096	-6.62650602409639
			17.6626506024096	-6.63855421686747
			17.6626506024096	-6.65060240963855
			17.6626506024096	-6.66265060240964
			17.6626506024096	-6.67469879518072
			17.6626506024096	-6.68674698795181
			17.6626506024096	-6.69879518072289
			17.6626506024096	-6.71084337349398
			17.6626506024096	-6.72289156626506
			17.6626506024096	-6.73493975903614
			17.6626506024096	-6.74698795180723
			17.6626506024096	-6.75903614457831
			17.6626506024096	-6.7710843373494
			17.6626506024096	-6.78313253012048
			17.6626506024096	-6.79518072289157
			17.6506024096386	-6.79518072289157
			17.6506024096386	-6.80722891566265
			17.6506024096386	-6.81927710843374
			17.6506024096386	-6.83132530120482
			17.6506024096386	-6.8433734939759
			17.6385542168675	-6.85542168674699
			17.6385542168675	-6.86746987951807
			17.6385542168675	-6.87951807228916
			17.6265060240964	-6.89156626506024
			17.6265060240964	-6.90361445783133
			17.6265060240964	-6.91566265060241
			17.6144578313253	-6.92771084337349
			17.6144578313253	-6.93975903614458
			17.6144578313253	-6.95180722891566
			17.6024096385542	-6.96385542168675
			17.6024096385542	-6.97590361445783
			17.6024096385542	-6.98795180722892
			17.5903614457831	-7
			17.5903614457831	-7.01204819277108
			17.578313253012	-7.02409638554217
			17.578313253012	-7.03614457831325
			17.566265060241	-7.04819277108434
			17.566265060241	-7.06024096385542
			17.566265060241	-7.07228915662651
			17.5542168674699	-7.08433734939759
			17.5542168674699	-7.09638554216868
			17.5421686746988	-7.10843373493976
			17.5421686746988	-7.12048192771084
			17.5301204819277	-7.13253012048193
			17.5301204819277	-7.14457831325301
			17.5180722891566	-7.1566265060241
			17.5060240963855	-7.16867469879518
			17.5060240963855	-7.18072289156627
			17.4939759036145	-7.19277108433735
			17.4939759036145	-7.20481927710843
			17.4819277108434	-7.21686746987952
			17.4698795180723	-7.2289156626506
			17.4698795180723	-7.24096385542169
			17.4578313253012	-7.25301204819277
			17.4457831325301	-7.26506024096386
			17.4457831325301	-7.27710843373494
			17.433734939759	-7.28915662650602
			17.421686746988	-7.30120481927711
			17.421686746988	-7.31325301204819
			17.4096385542169	-7.32530120481928
			17.3975903614458	-7.33734939759036
			17.3975903614458	-7.34939759036145
			17.3855421686747	-7.36144578313253
			17.3734939759036	-7.37349397590361
			17.3614457831325	-7.3855421686747
			17.3493975903614	-7.39759036144578
			17.3493975903614	-7.40963855421687
			17.3373493975904	-7.42168674698795
			17.3253012048193	-7.43373493975904
			17.3132530120482	-7.44578313253012
			17.3132530120482	-7.45783132530121
			17.3012048192771	-7.46987951807229
			17.3012048192771	-7.48192771084337
			17.289156626506	-7.48192771084337
			17.2771084337349	-7.49397590361446
			17.2771084337349	-7.50602409638554
			17.2650602409639	-7.51807228915663
			17.2530120481928	-7.53012048192771
			17.2409638554217	-7.5421686746988
			17.2289156626506	-7.55421686746988
			17.2168674698795	-7.56626506024096
			17.2168674698795	-7.57831325301205
			17.2048192771084	-7.59036144578313
			17.1927710843374	-7.60240963855422
			17.1807228915663	-7.6144578313253
			17.1686746987952	-7.62650602409639
			17.1566265060241	-7.63855421686747
			17.144578313253	-7.65060240963855
			17.144578313253	-7.66265060240964
			17.1325301204819	-7.67469879518072
			17.1204819277108	-7.68674698795181
			17.1084337349398	-7.69879518072289
			17.0963855421687	-7.71084337349398
			17.0843373493976	-7.72289156626506
			17.0722891566265	-7.72289156626506
			17.0602409638554	-7.72289156626506
			17.0481927710843	-7.72289156626506
			17.0361445783133	-7.72289156626506
			17.0240963855422	-7.72289156626506
			17.0120481927711	-7.72289156626506
			17	-7.72289156626506
			16.9879518072289	-7.72289156626506
			16.9759036144578	-7.72289156626506
			16.9638554216867	-7.72289156626506
			16.9518072289157	-7.72289156626506
			16.9397590361446	-7.72289156626506
			16.9277108433735	-7.72289156626506
			16.9156626506024	-7.72289156626506
			16.9036144578313	-7.72289156626506
			16.8915662650602	-7.72289156626506
			16.8795180722892	-7.72289156626506
			16.8674698795181	-7.72289156626506
			16.855421686747	-7.72289156626506
			16.8433734939759	-7.72289156626506
			16.8313253012048	-7.72289156626506
			16.8192771084337	-7.72289156626506
			16.8072289156627	-7.72289156626506
			16.7951807228916	-7.72289156626506
			16.7831325301205	-7.72289156626506
			16.7710843373494	-7.72289156626506
			16.7590361445783	-7.72289156626506
			16.7469879518072	-7.72289156626506
			16.7349397590361	-7.72289156626506
			16.7228915662651	-7.72289156626506
			16.710843373494	-7.72289156626506
			16.6987951807229	-7.72289156626506
			16.6867469879518	-7.72289156626506
			16.6746987951807	-7.72289156626506
			16.6626506024096	-7.72289156626506
			16.6506024096386	-7.72289156626506
			16.6385542168675	-7.72289156626506
			16.6265060240964	-7.72289156626506
			16.6144578313253	-7.72289156626506
			16.6024096385542	-7.72289156626506
			16.5903614457831	-7.72289156626506
			16.578313253012	-7.72289156626506
			16.566265060241	-7.72289156626506
			16.5542168674699	-7.72289156626506
			16.5421686746988	-7.72289156626506
			16.5301204819277	-7.73493975903614
			16.5180722891566	-7.73493975903614
			16.5060240963855	-7.73493975903614
			16.4939759036145	-7.73493975903614
			16.4819277108434	-7.73493975903614
			16.4698795180723	-7.73493975903614
			16.4578313253012	-7.73493975903614
			16.4457831325301	-7.73493975903614
			16.433734939759	-7.73493975903614
			16.421686746988	-7.73493975903614
			16.4096385542169	-7.73493975903614
			16.3975903614458	-7.73493975903614
			16.3855421686747	-7.73493975903614
			16.3734939759036	-7.73493975903614
			16.3614457831325	-7.73493975903614
			16.3493975903614	-7.73493975903614
			16.3373493975904	-7.73493975903614
			16.3253012048193	-7.73493975903614
			16.3132530120482	-7.73493975903614
			16.3012048192771	-7.73493975903614
			16.289156626506	-7.73493975903614
			16.2771084337349	-7.73493975903614
			16.2650602409639	-7.73493975903614
			16.2530120481928	-7.73493975903614
			16.2409638554217	-7.73493975903614
			16.2289156626506	-7.73493975903614
			16.2168674698795	-7.73493975903614
			16.2048192771084	-7.74698795180723
			16.1927710843374	-7.74698795180723
			16.1807228915663	-7.74698795180723
			16.1686746987952	-7.74698795180723
			16.1566265060241	-7.74698795180723
			16.144578313253	-7.74698795180723
			16.1325301204819	-7.74698795180723
			16.1204819277108	-7.74698795180723
			16.1084337349398	-7.74698795180723
			16.0963855421687	-7.74698795180723
			16.0843373493976	-7.74698795180723
			16.0722891566265	-7.74698795180723
			16.0602409638554	-7.74698795180723
			16.0481927710843	-7.74698795180723
			16.0361445783133	-7.75903614457831
			16.0240963855422	-7.75903614457831
			16.0120481927711	-7.75903614457831
			16	-7.75903614457831
			15.9879518072289	-7.75903614457831
			15.9759036144578	-7.75903614457831
			15.9638554216867	-7.75903614457831
			15.9518072289157	-7.75903614457831
			15.9397590361446	-7.75903614457831
			15.9277108433735	-7.75903614457831
			15.9156626506024	-7.7710843373494
			15.9036144578313	-7.7710843373494
			15.8915662650602	-7.7710843373494
			15.8795180722892	-7.7710843373494
			15.8674698795181	-7.7710843373494
			15.855421686747	-7.7710843373494
			15.8433734939759	-7.7710843373494
			15.8313253012048	-7.78313253012048
			15.8192771084337	-7.78313253012048
			15.8072289156627	-7.78313253012048
			15.7951807228916	-7.78313253012048
			15.7831325301205	-7.78313253012048
			15.7710843373494	-7.79518072289157
			15.7590361445783	-7.79518072289157
			15.7469879518072	-7.79518072289157
			15.7349397590361	-7.79518072289157
			15.7228915662651	-7.80722891566265
			15.710843373494	-7.80722891566265
			15.6987951807229	-7.80722891566265
			15.6867469879518	-7.81927710843374
			15.6746987951807	-7.81927710843374
			15.6746987951807	-7.83132530120482
			15.6746987951807	-7.8433734939759
			15.6626506024096	-7.8433734939759
			15.6626506024096	-7.85542168674699
			15.6746987951807	-7.85542168674699
			15.6746987951807	-7.86746987951807
			15.6867469879518	-7.87951807228916
			15.6987951807229	-7.89156626506024
			15.710843373494	-7.89156626506024
			15.7228915662651	-7.90361445783133
			15.7349397590361	-7.90361445783133
			15.7469879518072	-7.91566265060241
			15.7590361445783	-7.91566265060241
			15.7710843373494	-7.92771084337349
			15.7831325301205	-7.92771084337349
			15.7951807228916	-7.92771084337349
			15.8072289156627	-7.93975903614458
			15.8192771084337	-7.93975903614458
			15.8313253012048	-7.95180722891566
			15.8433734939759	-7.95180722891566
			15.855421686747	-7.95180722891566
			15.8674698795181	-7.95180722891566
			15.8674698795181	-7.96385542168675
			15.8795180722892	-7.96385542168675
			15.8915662650602	-7.96385542168675
			15.9036144578313	-7.96385542168675
			15.9036144578313	-7.97590361445783
			15.9156626506024	-7.97590361445783
			15.9277108433735	-7.97590361445783
			15.9397590361446	-7.97590361445783
			15.9518072289157	-7.98795180722892
			15.9638554216867	-7.98795180722892
			15.9759036144578	-7.98795180722892
			15.9879518072289	-7.98795180722892
			16	-8
			16.0120481927711	-8
			16.0240963855422	-8
			16.0361445783133	-8
			16.0481927710843	-8.01204819277108
			16.0602409638554	-8.01204819277108
			16.0722891566265	-8.01204819277108
			16.0843373493976	-8.02409638554217
			16.0963855421687	-8.02409638554217
			16.1084337349398	-8.02409638554217
			16.1204819277108	-8.02409638554217
			16.1325301204819	-8.03614457831325
			16.144578313253	-8.03614457831325
			16.1566265060241	-8.03614457831325
			16.1686746987952	-8.03614457831325
			16.1807228915663	-8.03614457831325
			16.1807228915663	-8.04819277108434
			16.1927710843374	-8.04819277108434
			16.2048192771084	-8.04819277108434
			16.2168674698795	-8.04819277108434
			16.2289156626506	-8.04819277108434
			16.2409638554217	-8.06024096385542
			16.2530120481928	-8.06024096385542
			16.2650602409639	-8.06024096385542
			16.2771084337349	-8.06024096385542
			16.289156626506	-8.07228915662651
			16.3012048192771	-8.07228915662651
			16.3132530120482	-8.07228915662651
			16.3253012048193	-8.07228915662651
			16.3373493975904	-8.07228915662651
			16.3493975903614	-8.08433734939759
			16.3614457831325	-8.08433734939759
			16.3734939759036	-8.08433734939759
			16.3855421686747	-8.08433734939759
			16.3975903614458	-8.08433734939759
			16.4096385542169	-8.09638554216868
			16.421686746988	-8.09638554216868
			16.433734939759	-8.09638554216868
			16.4457831325301	-8.09638554216868
			16.4578313253012	-8.10843373493976
			16.4698795180723	-8.10843373493976
			16.4819277108434	-8.10843373493976
			16.4939759036145	-8.10843373493976
			16.5060240963855	-8.10843373493976
			16.5180722891566	-8.12048192771084
			16.5301204819277	-8.12048192771084
			16.5421686746988	-8.12048192771084
			16.5542168674699	-8.12048192771084
			16.566265060241	-8.12048192771084
			16.578313253012	-8.13253012048193
			16.5903614457831	-8.13253012048193
			16.6024096385542	-8.13253012048193
			16.6144578313253	-8.13253012048193
			16.6265060240964	-8.13253012048193
			16.6385542168675	-8.13253012048193
			16.6385542168675	-8.14457831325301
			16.6506024096386	-8.14457831325301
			16.6626506024096	-8.14457831325301
			16.6746987951807	-8.14457831325301
			16.6867469879518	-8.14457831325301
			16.6987951807229	-8.14457831325301
			16.710843373494	-8.1566265060241
			16.7228915662651	-8.1566265060241
			16.7349397590361	-8.1566265060241
			16.7469879518072	-8.1566265060241
			16.7590361445783	-8.1566265060241
			16.7710843373494	-8.16867469879518
			16.7831325301205	-8.16867469879518
			16.7951807228916	-8.16867469879518
			16.8072289156627	-8.16867469879518
			16.8192771084337	-8.16867469879518
			16.8313253012048	-8.18072289156627
			16.8433734939759	-8.18072289156627
			16.855421686747	-8.18072289156627
			16.8674698795181	-8.18072289156627
			16.8795180722892	-8.18072289156627
			16.8915662650602	-8.19277108433735
			16.9036144578313	-8.19277108433735
			16.9156626506024	-8.19277108433735
			16.9277108433735	-8.19277108433735
			16.9397590361446	-8.19277108433735
			16.9518072289157	-8.19277108433735
			16.9638554216867	-8.20481927710843
			16.9759036144578	-8.20481927710843
			16.9879518072289	-8.20481927710843
			17	-8.20481927710843
			17.0120481927711	-8.20481927710843
			17.0240963855422	-8.20481927710843
			17.0240963855422	-8.21686746987952
			17.0361445783133	-8.21686746987952
			17.0481927710843	-8.21686746987952
			17.0602409638554	-8.21686746987952
			17.0722891566265	-8.21686746987952
			17.0843373493976	-8.21686746987952
			17.0963855421687	-8.2289156626506
			17.1084337349398	-8.2289156626506
			17.1204819277108	-8.2289156626506
			17.1325301204819	-8.2289156626506
			17.144578313253	-8.2289156626506
			17.1566265060241	-8.2289156626506
			17.1686746987952	-8.24096385542169
			17.1807228915663	-8.24096385542169
			17.1927710843374	-8.24096385542169
			17.2048192771084	-8.24096385542169
			17.2168674698795	-8.24096385542169
			17.2289156626506	-8.24096385542169
			17.2409638554217	-8.25301204819277
			17.2530120481928	-8.25301204819277
			17.2650602409639	-8.25301204819277
			17.2771084337349	-8.25301204819277
			17.289156626506	-8.25301204819277
			17.3012048192771	-8.25301204819277
			17.3132530120482	-8.26506024096386
			17.3253012048193	-8.26506024096386
			17.3373493975904	-8.26506024096386
			17.3493975903614	-8.26506024096386
			17.3614457831325	-8.26506024096386
			17.3734939759036	-8.26506024096386
			17.3855421686747	-8.27710843373494
			17.3975903614458	-8.27710843373494
			17.4096385542169	-8.27710843373494
			17.421686746988	-8.27710843373494
			17.433734939759	-8.26506024096386
			17.4457831325301	-8.26506024096386
			17.4578313253012	-8.25301204819277
			17.4698795180723	-8.25301204819277
			17.4819277108434	-8.25301204819277
			17.4939759036145	-8.24096385542169
			17.5060240963855	-8.24096385542169
			17.5180722891566	-8.24096385542169
			17.5301204819277	-8.2289156626506
			17.5421686746988	-8.2289156626506
			17.5542168674699	-8.2289156626506
			17.566265060241	-8.2289156626506
			17.578313253012	-8.21686746987952
			17.5903614457831	-8.21686746987952
			17.6024096385542	-8.21686746987952
			17.6144578313253	-8.20481927710843
			17.6265060240964	-8.20481927710843
			17.6385542168675	-8.20481927710843
			17.6506024096386	-8.20481927710843
			17.6626506024096	-8.20481927710843
			17.6746987951807	-8.19277108433735
			17.6867469879518	-8.19277108433735
			17.6987951807229	-8.19277108433735
			17.710843373494	-8.19277108433735
			17.7228915662651	-8.19277108433735
			17.7349397590361	-8.18072289156627
			17.7469879518072	-8.18072289156627
			17.7590361445783	-8.18072289156627
			17.7710843373494	-8.18072289156627
			17.7831325301205	-8.18072289156627
			17.7951807228916	-8.18072289156627
			17.8072289156627	-8.16867469879518
			17.8192771084337	-8.16867469879518
			17.8313253012048	-8.16867469879518
			17.8433734939759	-8.16867469879518
			17.855421686747	-8.16867469879518
			17.8674698795181	-8.16867469879518
			17.8795180722892	-8.16867469879518
			17.8915662650602	-8.16867469879518
			17.9036144578313	-8.16867469879518
			17.9156626506024	-8.16867469879518
			17.9277108433735	-8.1566265060241
			17.9397590361446	-8.1566265060241
			17.9518072289157	-8.1566265060241
			17.9638554216867	-8.1566265060241
			17.9759036144578	-8.1566265060241
			17.9879518072289	-8.1566265060241
			18	-8.1566265060241
			18.0120481927711	-8.1566265060241
			18.0240963855422	-8.1566265060241
			18.0361445783133	-8.1566265060241
			18.0481927710843	-8.1566265060241
			18.0602409638554	-8.1566265060241
			18.0722891566265	-8.1566265060241
			18.0843373493976	-8.1566265060241
			18.0963855421687	-8.1566265060241
			18.1084337349398	-8.1566265060241
			18.1204819277108	-8.1566265060241
			18.1325301204819	-8.1566265060241
			18.144578313253	-8.1566265060241
			18.1566265060241	-8.1566265060241
			18.1686746987952	-8.16867469879518
			18.1807228915663	-8.16867469879518
			18.1927710843374	-8.16867469879518
			18.2048192771084	-8.16867469879518
			18.2168674698795	-8.16867469879518
			18.2289156626506	-8.16867469879518
			18.2409638554217	-8.16867469879518
			18.2530120481928	-8.16867469879518
			18.2650602409639	-8.16867469879518
			18.2771084337349	-8.16867469879518
			18.289156626506	-8.18072289156627
			18.3012048192771	-8.18072289156627
			18.3132530120482	-8.18072289156627
			18.3253012048193	-8.18072289156627
			18.3373493975904	-8.18072289156627
			18.3493975903614	-8.18072289156627
			18.3614457831325	-8.18072289156627
			18.3734939759036	-8.19277108433735
			18.3855421686747	-8.19277108433735
			18.3975903614458	-8.19277108433735
			18.4096385542169	-8.19277108433735
			18.421686746988	-8.19277108433735
			18.433734939759	-8.20481927710843
			18.4457831325301	-8.20481927710843
			18.4578313253012	-8.20481927710843
			18.4698795180723	-8.20481927710843
			18.4819277108434	-8.20481927710843
			18.4939759036145	-8.21686746987952
			18.5060240963855	-8.21686746987952
			18.5180722891566	-8.21686746987952
			18.5301204819277	-8.21686746987952
			18.5421686746988	-8.2289156626506
			18.5542168674699	-8.2289156626506
			18.566265060241	-8.2289156626506
			18.578313253012	-8.2289156626506
			18.5903614457831	-8.2289156626506
			18.6024096385542	-8.24096385542169
			18.6144578313253	-8.24096385542169
			18.6265060240964	-8.24096385542169
			18.6385542168675	-8.24096385542169
			18.6506024096386	-8.25301204819277
			18.6626506024096	-8.25301204819277
			18.6746987951807	-8.25301204819277
			18.6867469879518	-8.25301204819277
			18.6867469879518	-8.26506024096386
			18.6987951807229	-8.26506024096386
			18.710843373494	-8.26506024096386
			18.7228915662651	-8.27710843373494
			18.7349397590361	-8.27710843373494
			18.7469879518072	-8.27710843373494
			18.7590361445783	-8.27710843373494
			18.7710843373494	-8.28915662650602
			18.7831325301205	-8.28915662650602
			18.7951807228916	-8.28915662650602
			18.8072289156627	-8.30120481927711
			18.8192771084337	-8.30120481927711
			18.8313253012048	-8.30120481927711
			18.8313253012048	-8.31325301204819
			18.8433734939759	-8.31325301204819
			18.855421686747	-8.31325301204819
			18.8674698795181	-8.32530120481928
			18.8795180722892	-8.32530120481928
			18.8915662650602	-8.32530120481928
			18.9036144578313	-8.33734939759036
			18.9156626506024	-8.33734939759036
			18.9277108433735	-8.33734939759036
			18.9397590361446	-8.34939759036145
			18.9518072289157	-8.34939759036145
			18.9638554216867	-8.36144578313253
			18.9759036144578	-8.36144578313253
			18.9879518072289	-8.36144578313253
			19	-8.37349397590362
			19.0120481927711	-8.37349397590362
			19.0240963855422	-8.37349397590362
			19.0361445783133	-8.3855421686747
			19.0481927710843	-8.3855421686747
			19.0602409638554	-8.39759036144578
			19.0722891566265	-8.39759036144578
			19.0722891566265	-8.40963855421687
			19.0843373493976	-8.40963855421687
			19.0963855421687	-8.40963855421687
			19.1084337349398	-8.42168674698795
			19.1204819277108	-8.42168674698795
			19.1325301204819	-8.43373493975904
			19.144578313253	-8.43373493975904
			19.1566265060241	-8.44578313253012
			19.1686746987952	-8.44578313253012
			19.1807228915663	-8.44578313253012
			19.1927710843374	-8.45783132530121
			19.2048192771084	-8.45783132530121
			19.2168674698795	-8.46987951807229
			19.2289156626506	-8.46987951807229
			19.2409638554217	-8.48192771084337
			19.2530120481928	-8.48192771084337
			19.2650602409639	-8.49397590361446
			19.2771084337349	-8.49397590361446
			19.289156626506	-8.50602409638554
			19.3012048192771	-8.50602409638554
			19.3132530120482	-8.51807228915663
			19.3253012048193	-8.51807228915663
			19.3373493975904	-8.53012048192771
			19.3493975903614	-8.53012048192771
			19.3614457831325	-8.54216867469879
			19.3734939759036	-8.54216867469879
			19.3855421686747	-8.55421686746988
			19.3975903614458	-8.55421686746988
			19.4096385542169	-8.56626506024096
			19.421686746988	-8.57831325301205
			19.433734939759	-8.57831325301205
			19.4457831325301	-8.59036144578313
			19.4578313253012	-8.59036144578313
			19.4698795180723	-8.60240963855422
			19.4819277108434	-8.60240963855422
			19.4939759036145	-8.6144578313253
			19.5060240963855	-8.62650602409639
			19.5180722891566	-8.62650602409639
			19.5301204819277	-8.63855421686747
			19.5421686746988	-8.63855421686747
			19.5542168674699	-8.65060240963856
			19.566265060241	-8.65060240963856
			19.578313253012	-8.66265060240964
			19.5903614457831	-8.67469879518072
			19.6024096385542	-8.67469879518072
			19.6144578313253	-8.68674698795181
			19.6265060240964	-8.68674698795181
			19.6385542168675	-8.69879518072289
			19.6506024096386	-8.71084337349398
			19.6626506024096	-8.71084337349398
			19.6746987951807	-8.72289156626506
			19.6867469879518	-8.72289156626506
			19.6987951807229	-8.73493975903614
			19.710843373494	-8.74698795180723
			19.7228915662651	-8.74698795180723
			19.7349397590361	-8.75903614457831
			19.7469879518072	-8.75903614457831
			19.7590361445783	-8.7710843373494
			19.7710843373494	-8.7710843373494
			19.7831325301205	-8.78313253012048
			19.7951807228916	-8.79518072289157
			19.8072289156627	-8.80722891566265
			19.8192771084337	-8.81927710843374
			19.8313253012048	-8.81927710843374
			19.8433734939759	-8.81927710843374
			19.8433734939759	-8.83132530120482
			19.855421686747	-8.83132530120482
			19.8674698795181	-8.8433734939759
			19.8795180722892	-8.85542168674699
			19.8915662650602	-8.85542168674699
			19.9036144578313	-8.86746987951807
			19.9156626506024	-8.87951807228916
			19.9277108433735	-8.87951807228916
			19.9397590361446	-8.89156626506024
			19.9518072289157	-8.90361445783133
			19.9638554216867	-8.90361445783133
			19.9759036144578	-8.91566265060241
			19.9879518072289	-8.92771084337349
			20	-8.92771084337349
			20.0120481927711	-8.93975903614458
		</suture>
		<anterior type=matrix rownames=FALSE colnames=FALSE nrow=1088 ncol=2 as.numeric=TRUE >
			11.289156626506	-1.30120481927711
			11.3012048192771	-1.30120481927711
			11.3132530120482	-1.30120481927711
			11.3253012048193	-1.30120481927711
			11.3373493975904	-1.30120481927711
			11.3493975903614	-1.30120481927711
			11.3614457831325	-1.30120481927711
			11.3734939759036	-1.30120481927711
			11.3855421686747	-1.30120481927711
			11.3975903614458	-1.30120481927711
			11.4096385542169	-1.28915662650602
			11.421686746988	-1.28915662650602
			11.433734939759	-1.28915662650602
			11.4457831325301	-1.28915662650602
			11.4578313253012	-1.28915662650602
			11.4698795180723	-1.28915662650602
			11.4819277108434	-1.28915662650602
			11.4939759036145	-1.28915662650602
			11.5060240963855	-1.28915662650602
			11.5180722891566	-1.28915662650602
			11.5301204819277	-1.28915662650602
			11.5421686746988	-1.28915662650602
			11.5542168674699	-1.28915662650602
			11.566265060241	-1.28915662650602
			11.578313253012	-1.28915662650602
			11.5903614457831	-1.28915662650602
			11.6024096385542	-1.28915662650602
			11.6144578313253	-1.28915662650602
			11.6265060240964	-1.28915662650602
			11.6385542168675	-1.28915662650602
			11.6506024096386	-1.28915662650602
			11.6626506024096	-1.28915662650602
			11.6746987951807	-1.28915662650602
			11.6867469879518	-1.28915662650602
			11.6987951807229	-1.28915662650602
			11.710843373494	-1.28915662650602
			11.7228915662651	-1.28915662650602
			11.7349397590361	-1.28915662650602
			11.7469879518072	-1.28915662650602
			11.7590361445783	-1.28915662650602
			11.7710843373494	-1.28915662650602
			11.7831325301205	-1.28915662650602
			11.7951807228916	-1.28915662650602
			11.8072289156627	-1.28915662650602
			11.8192771084337	-1.28915662650602
			11.8313253012048	-1.28915662650602
			11.8433734939759	-1.28915662650602
			11.855421686747	-1.28915662650602
			11.8674698795181	-1.28915662650602
			11.8795180722892	-1.28915662650602
			11.8915662650602	-1.28915662650602
			11.9036144578313	-1.28915662650602
			11.9156626506024	-1.28915662650602
			11.9277108433735	-1.28915662650602
			11.9397590361446	-1.28915662650602
			11.9518072289157	-1.28915662650602
			11.9638554216867	-1.28915662650602
			11.9759036144578	-1.28915662650602
			11.9879518072289	-1.28915662650602
			12	-1.28915662650602
			12.0120481927711	-1.28915662650602
			12.0240963855422	-1.28915662650602
			12.0361445783133	-1.28915662650602
			12.0481927710843	-1.30120481927711
			12.0602409638554	-1.30120481927711
			12.0722891566265	-1.30120481927711
			12.0843373493976	-1.30120481927711
			12.0963855421687	-1.30120481927711
			12.1084337349398	-1.30120481927711
			12.1204819277108	-1.30120481927711
			12.1325301204819	-1.30120481927711
			12.144578313253	-1.30120481927711
			12.1566265060241	-1.30120481927711
			12.1686746987952	-1.30120481927711
			12.1807228915663	-1.30120481927711
			12.1927710843374	-1.30120481927711
			12.2048192771084	-1.30120481927711
			12.2168674698795	-1.30120481927711
			12.2289156626506	-1.30120481927711
			12.2409638554217	-1.31325301204819
			12.2530120481928	-1.31325301204819
			12.2650602409639	-1.31325301204819
			12.2771084337349	-1.31325301204819
			12.289156626506	-1.31325301204819
			12.3012048192771	-1.31325301204819
			12.3132530120482	-1.31325301204819
			12.3253012048193	-1.31325301204819
			12.3373493975904	-1.31325301204819
			12.3493975903614	-1.31325301204819
			12.3614457831325	-1.31325301204819
			12.3734939759036	-1.31325301204819
			12.3855421686747	-1.32530120481928
			12.3975903614458	-1.32530120481928
			12.4096385542169	-1.32530120481928
			12.421686746988	-1.32530120481928
			12.433734939759	-1.32530120481928
			12.4457831325301	-1.32530120481928
			12.4578313253012	-1.32530120481928
			12.4698795180723	-1.32530120481928
			12.4819277108434	-1.32530120481928
			12.4939759036145	-1.32530120481928
			12.5060240963855	-1.32530120481928
			12.5180722891566	-1.33734939759036
			12.5301204819277	-1.33734939759036
			12.5421686746988	-1.33734939759036
			12.5542168674699	-1.33734939759036
			12.566265060241	-1.33734939759036
			12.578313253012	-1.33734939759036
			12.5903614457831	-1.33734939759036
			12.6024096385542	-1.33734939759036
			12.6144578313253	-1.34939759036145
			12.6265060240964	-1.34939759036145
			12.6385542168675	-1.34939759036145
			12.6506024096386	-1.34939759036145
			12.6626506024096	-1.34939759036145
			12.6746987951807	-1.34939759036145
			12.6867469879518	-1.34939759036145
			12.6987951807229	-1.36144578313253
			12.710843373494	-1.36144578313253
			12.7228915662651	-1.36144578313253
			12.7349397590361	-1.36144578313253
			12.7469879518072	-1.36144578313253
			12.7590361445783	-1.36144578313253
			12.7710843373494	-1.36144578313253
			12.7831325301205	-1.37349397590361
			12.7951807228916	-1.37349397590361
			12.8072289156627	-1.37349397590361
			12.8192771084337	-1.37349397590361
			12.8313253012048	-1.37349397590361
			12.8433734939759	-1.37349397590361
			12.855421686747	-1.3855421686747
			12.8674698795181	-1.3855421686747
			12.8795180722892	-1.3855421686747
			12.8915662650602	-1.3855421686747
			12.9036144578313	-1.3855421686747
			12.9156626506024	-1.3855421686747
			12.9277108433735	-1.39759036144578
			12.9397590361446	-1.39759036144578
			12.9518072289157	-1.39759036144578
			12.9638554216867	-1.39759036144578
			12.9759036144578	-1.39759036144578
			12.9879518072289	-1.39759036144578
			13	-1.40963855421687
			13.0120481927711	-1.40963855421687
			13.0240963855422	-1.40963855421687
			13.0361445783133	-1.40963855421687
			13.0481927710843	-1.40963855421687
			13.0602409638554	-1.42168674698795
			13.0722891566265	-1.42168674698795
			13.0843373493976	-1.42168674698795
			13.0963855421687	-1.42168674698795
			13.1084337349398	-1.42168674698795
			13.1204819277108	-1.43373493975904
			13.1325301204819	-1.43373493975904
			13.144578313253	-1.43373493975904
			13.1566265060241	-1.43373493975904
			13.1686746987952	-1.44578313253012
			13.1807228915663	-1.44578313253012
			13.1927710843374	-1.44578313253012
			13.2048192771084	-1.44578313253012
			13.2168674698795	-1.44578313253012
			13.2289156626506	-1.4578313253012
			13.2409638554217	-1.4578313253012
			13.2530120481928	-1.4578313253012
			13.2650602409639	-1.4578313253012
			13.2771084337349	-1.4578313253012
			13.2771084337349	-1.46987951807229
			13.289156626506	-1.46987951807229
			13.3012048192771	-1.46987951807229
			13.3132530120482	-1.46987951807229
			13.3253012048193	-1.46987951807229
			13.3373493975904	-1.48192771084337
			13.3493975903614	-1.48192771084337
			13.3614457831325	-1.48192771084337
			13.3734939759036	-1.48192771084337
			13.3855421686747	-1.49397590361446
			13.3975903614458	-1.49397590361446
			13.4096385542169	-1.49397590361446
			13.421686746988	-1.49397590361446
			13.433734939759	-1.50602409638554
			13.4457831325301	-1.50602409638554
			13.4578313253012	-1.50602409638554
			13.4698795180723	-1.51807228915663
			13.4819277108434	-1.51807228915663
			13.4939759036145	-1.51807228915663
			13.5060240963855	-1.51807228915663
			13.5180722891566	-1.53012048192771
			13.5301204819277	-1.53012048192771
			13.5421686746988	-1.53012048192771
			13.5542168674699	-1.53012048192771
			13.566265060241	-1.5421686746988
			13.578313253012	-1.5421686746988
			13.5903614457831	-1.5421686746988
			13.6024096385542	-1.55421686746988
			13.6144578313253	-1.55421686746988
			13.6265060240964	-1.55421686746988
			13.6385542168675	-1.55421686746988
			13.6506024096386	-1.56626506024096
			13.6626506024096	-1.56626506024096
			13.6746987951807	-1.56626506024096
			13.6867469879518	-1.57831325301205
			13.6987951807229	-1.57831325301205
			13.710843373494	-1.57831325301205
			13.7228915662651	-1.57831325301205
			13.7349397590361	-1.59036144578313
			13.7469879518072	-1.59036144578313
			13.7590361445783	-1.59036144578313
			13.7710843373494	-1.60240963855422
			13.7831325301205	-1.60240963855422
			13.7951807228916	-1.60240963855422
			13.8072289156627	-1.6144578313253
			13.8192771084337	-1.6144578313253
			13.8313253012048	-1.6144578313253
			13.8433734939759	-1.62650602409639
			13.855421686747	-1.62650602409639
			13.8674698795181	-1.62650602409639
			13.8795180722892	-1.63855421686747
			13.8915662650602	-1.63855421686747
			13.9036144578313	-1.63855421686747
			13.9156626506024	-1.65060240963855
			13.9277108433735	-1.65060240963855
			13.9397590361446	-1.65060240963855
			13.9518072289157	-1.66265060240964
			13.9638554216867	-1.66265060240964
			13.9759036144578	-1.66265060240964
			13.9879518072289	-1.67469879518072
			14	-1.67469879518072
			14.0120481927711	-1.67469879518072
			14.0240963855422	-1.68674698795181
			14.0361445783133	-1.68674698795181
			14.0481927710843	-1.68674698795181
			14.0602409638554	-1.69879518072289
			14.0722891566265	-1.69879518072289
			14.0843373493976	-1.69879518072289
			14.0963855421687	-1.71084337349398
			14.1084337349398	-1.71084337349398
			14.1204819277108	-1.71084337349398
			14.1325301204819	-1.72289156626506
			14.144578313253	-1.72289156626506
			14.1566265060241	-1.73493975903614
			14.1686746987952	-1.73493975903614
			14.1807228915663	-1.74698795180723
			14.1927710843374	-1.74698795180723
			14.2048192771084	-1.74698795180723
			14.2168674698795	-1.75903614457831
			14.2289156626506	-1.75903614457831
			14.2409638554217	-1.75903614457831
			14.2530120481928	-1.7710843373494
			14.2650602409639	-1.7710843373494
			14.2771084337349	-1.7710843373494
			14.289156626506	-1.78313253012048
			14.3012048192771	-1.79518072289157
			14.3132530120482	-1.79518072289157
			14.3253012048193	-1.79518072289157
			14.3373493975904	-1.80722891566265
			14.3493975903614	-1.80722891566265
			14.3614457831325	-1.81927710843374
			14.3734939759036	-1.81927710843374
			14.3855421686747	-1.81927710843374
			14.3975903614458	-1.83132530120482
			14.4096385542169	-1.83132530120482
			14.421686746988	-1.8433734939759
			14.433734939759	-1.8433734939759
			14.4457831325301	-1.85542168674699
			14.4578313253012	-1.85542168674699
			14.4698795180723	-1.85542168674699
			14.4819277108434	-1.86746987951807
			14.4939759036145	-1.86746987951807
			14.5060240963855	-1.87951807228916
			14.5180722891566	-1.87951807228916
			14.5301204819277	-1.89156626506024
			14.5421686746988	-1.89156626506024
			14.5542168674699	-1.90361445783133
			14.566265060241	-1.90361445783133
			14.578313253012	-1.90361445783133
			14.5903614457831	-1.91566265060241
			14.6024096385542	-1.91566265060241
			14.6144578313253	-1.92771084337349
			14.6265060240964	-1.92771084337349
			14.6385542168675	-1.93975903614458
			14.6506024096386	-1.93975903614458
			14.6626506024096	-1.95180722891566
			14.6746987951807	-1.95180722891566
			14.6867469879518	-1.96385542168675
			14.6987951807229	-1.96385542168675
			14.710843373494	-1.97590361445783
			14.7228915662651	-1.97590361445783
			14.7349397590361	-1.97590361445783
			14.7469879518072	-1.98795180722892
			14.7590361445783	-1.98795180722892
			14.7710843373494	-2
			14.7831325301205	-2
			14.7951807228916	-2.01204819277108
			14.8072289156627	-2.01204819277108
			14.8192771084337	-2.02409638554217
			14.8313253012048	-2.02409638554217
			14.8433734939759	-2.03614457831325
			14.855421686747	-2.03614457831325
			14.8674698795181	-2.04819277108434
			14.8795180722892	-2.04819277108434
			14.8915662650602	-2.06024096385542
			14.9036144578313	-2.06024096385542
			14.9156626506024	-2.07228915662651
			14.9277108433735	-2.07228915662651
			14.9397590361446	-2.08433734939759
			14.9518072289157	-2.08433734939759
			14.9638554216867	-2.09638554216868
			14.9759036144578	-2.09638554216868
			14.9879518072289	-2.10843373493976
			15	-2.10843373493976
			15.0120481927711	-2.12048192771084
			15.0240963855422	-2.13253012048193
			15.0361445783133	-2.13253012048193
			15.0481927710843	-2.14457831325301
			15.0602409638554	-2.14457831325301
			15.0722891566265	-2.1566265060241
			15.0843373493976	-2.1566265060241
			15.0963855421687	-2.16867469879518
			15.1084337349398	-2.16867469879518
			15.1204819277108	-2.18072289156627
			15.1325301204819	-2.18072289156627
			15.144578313253	-2.19277108433735
			15.1566265060241	-2.19277108433735
			15.1686746987952	-2.20481927710843
			15.1807228915663	-2.21686746987952
			15.1927710843374	-2.21686746987952
			15.2048192771084	-2.2289156626506
			15.2168674698795	-2.2289156626506
			15.2168674698795	-2.24096385542169
			15.2289156626506	-2.24096385542169
			15.2409638554217	-2.25301204819277
			15.2530120481928	-2.25301204819277
			15.2650602409639	-2.26506024096386
			15.2771084337349	-2.27710843373494
			15.289156626506	-2.27710843373494
			15.3012048192771	-2.28915662650602
			15.3132530120482	-2.28915662650602
			15.3253012048193	-2.30120481927711
			15.3373493975904	-2.31325301204819
			15.3493975903614	-2.31325301204819
			15.3614457831325	-2.32530120481928
			15.3734939759036	-2.32530120481928
			15.3855421686747	-2.33734939759036
			15.3975903614458	-2.33734939759036
			15.4096385542169	-2.34939759036145
			15.421686746988	-2.36144578313253
			15.433734939759	-2.36144578313253
			15.4457831325301	-2.37349397590361
			15.4578313253012	-2.37349397590361
			15.4698795180723	-2.3855421686747
			15.4819277108434	-2.39759036144578
			15.4939759036145	-2.39759036144578
			15.5060240963855	-2.40963855421687
			15.5180722891566	-2.40963855421687
			15.5301204819277	-2.42168674698795
			15.5421686746988	-2.43373493975904
			15.5542168674699	-2.43373493975904
			15.566265060241	-2.44578313253012
			15.578313253012	-2.4578313253012
			15.5903614457831	-2.46987951807229
			15.6024096385542	-2.46987951807229
			15.6144578313253	-2.48192771084337
			15.6265060240964	-2.48192771084337
			15.6265060240964	-2.49397590361446
			15.6385542168675	-2.49397590361446
			15.6506024096386	-2.50602409638554
			15.6626506024096	-2.50602409638554
			15.6746987951807	-2.51807228915663
			15.6867469879518	-2.53012048192771
			15.6987951807229	-2.53012048192771
			15.710843373494	-2.5421686746988
			15.7228915662651	-2.55421686746988
			15.7349397590361	-2.56626506024096
			15.7469879518072	-2.56626506024096
			15.7590361445783	-2.57831325301205
			15.7710843373494	-2.59036144578313
			15.7831325301205	-2.59036144578313
			15.7951807228916	-2.60240963855422
			15.8072289156627	-2.6144578313253
			15.8192771084337	-2.6144578313253
			15.8313253012048	-2.62650602409639
			15.8433734939759	-2.63855421686747
			15.855421686747	-2.65060240963855
			15.8674698795181	-2.65060240963855
			15.8795180722892	-2.66265060240964
			15.8915662650602	-2.67469879518072
			15.9036144578313	-2.67469879518072
			15.9156626506024	-2.68674698795181
			15.9277108433735	-2.69879518072289
			15.9397590361446	-2.69879518072289
			15.9518072289157	-2.71084337349398
			15.9638554216867	-2.72289156626506
			15.9759036144578	-2.73493975903614
			15.9879518072289	-2.73493975903614
			16	-2.74698795180723
			16.0120481927711	-2.75903614457831
			16.0240963855422	-2.75903614457831
			16.0361445783133	-2.7710843373494
			16.0481927710843	-2.78313253012048
			16.0602409638554	-2.79518072289157
			16.0722891566265	-2.79518072289157
			16.0843373493976	-2.80722891566265
			16.0963855421687	-2.81927710843373
			16.1084337349398	-2.83132530120482
			16.1204819277108	-2.83132530120482
			16.1325301204819	-2.8433734939759
			16.144578313253	-2.85542168674699
			16.1566265060241	-2.86746987951807
			16.1686746987952	-2.86746987951807
			16.1807228915663	-2.87951807228916
			16.1927710843374	-2.89156626506024
			16.2048192771084	-2.90361445783133
			16.2168674698795	-2.90361445783133
			16.2289156626506	-2.91566265060241
			16.2289156626506	-2.92771084337349
			16.2409638554217	-2.93975903614458
			16.2530120481928	-2.93975903614458
			16.2650602409639	-2.95180722891566
			16.2771084337349	-2.96385542168675
			16.289156626506	-2.97590361445783
			16.3012048192771	-2.97590361445783
			16.3132530120482	-2.98795180722892
			16.3253012048193	-3
			16.3373493975904	-3.01204819277108
			16.3493975903614	-3.02409638554217
			16.3614457831325	-3.02409638554217
			16.3734939759036	-3.03614457831325
			16.3855421686747	-3.04819277108434
			16.3975903614458	-3.06024096385542
			16.4096385542169	-3.07228915662651
			16.421686746988	-3.07228915662651
			16.433734939759	-3.08433734939759
			16.4457831325301	-3.09638554216868
			16.4578313253012	-3.10843373493976
			16.4698795180723	-3.12048192771084
			16.4819277108434	-3.12048192771084
			16.4939759036145	-3.13253012048193
			16.5060240963855	-3.14457831325301
			16.5180722891566	-3.1566265060241
			16.5301204819277	-3.16867469879518
			16.5421686746988	-3.16867469879518
			16.5542168674699	-3.18072289156627
			16.566265060241	-3.19277108433735
			16.566265060241	-3.20481927710843
			16.578313253012	-3.21686746987952
			16.5903614457831	-3.2289156626506
			16.6024096385542	-3.2289156626506
			16.6144578313253	-3.24096385542169
			16.6265060240964	-3.25301204819277
			16.6385542168675	-3.26506024096386
			16.6506024096386	-3.27710843373494
			16.6626506024096	-3.28915662650602
			16.6746987951807	-3.28915662650602
			16.6867469879518	-3.30120481927711
			16.6987951807229	-3.31325301204819
			16.710843373494	-3.32530120481928
			16.7228915662651	-3.33734939759036
			16.7349397590361	-3.34939759036145
			16.7469879518072	-3.36144578313253
			16.7590361445783	-3.36144578313253
			16.7710843373494	-3.37349397590361
			16.7831325301205	-3.3855421686747
			16.7951807228916	-3.39759036144578
			16.8072289156627	-3.40963855421687
			16.8072289156627	-3.42168674698795
			16.8192771084337	-3.43373493975904
			16.8313253012048	-3.44578313253012
			16.8433734939759	-3.44578313253012
			16.855421686747	-3.45783132530121
			16.8674698795181	-3.46987951807229
			16.8795180722892	-3.48192771084337
			16.8915662650602	-3.49397590361446
			16.9036144578313	-3.50602409638554
			16.9156626506024	-3.51807228915663
			16.9277108433735	-3.53012048192771
			16.9397590361446	-3.53012048192771
			16.9518072289157	-3.5421686746988
			16.9638554216867	-3.55421686746988
			16.9759036144578	-3.56626506024096
			16.9879518072289	-3.57831325301205
			17	-3.59036144578313
			17.0120481927711	-3.60240963855422
			17.0120481927711	-3.6144578313253
			17.0240963855422	-3.62650602409639
			17.0361445783133	-3.63855421686747
			17.0481927710843	-3.65060240963855
			17.0602409638554	-3.65060240963855
			17.0722891566265	-3.66265060240964
			17.0843373493976	-3.67469879518072
			17.0963855421687	-3.68674698795181
			17.1084337349398	-3.69879518072289
			17.1204819277108	-3.71084337349398
			17.1325301204819	-3.72289156626506
			17.144578313253	-3.73493975903614
			17.1566265060241	-3.74698795180723
			17.1686746987952	-3.75903614457831
			17.1807228915663	-3.7710843373494
			17.1927710843374	-3.78313253012048
			17.1927710843374	-3.79518072289157
			17.2048192771084	-3.80722891566265
			17.2168674698795	-3.81927710843374
			17.2289156626506	-3.81927710843374
			17.2409638554217	-3.83132530120482
			17.2530120481928	-3.8433734939759
			17.2650602409639	-3.85542168674699
			17.2771084337349	-3.86746987951807
			17.289156626506	-3.87951807228916
			17.3012048192771	-3.89156626506024
			17.3132530120482	-3.90361445783133
			17.3253012048193	-3.91566265060241
			17.3373493975904	-3.92771084337349
			17.3493975903614	-3.93975903614458
			17.3614457831325	-3.95180722891566
			17.3614457831325	-3.96385542168675
			17.3734939759036	-3.97590361445783
			17.3855421686747	-3.98795180722892
			17.3975903614458	-4
			17.4096385542169	-4.01204819277108
			17.421686746988	-4.02409638554217
			17.433734939759	-4.03614457831325
			17.4457831325301	-4.04819277108434
			17.4578313253012	-4.06024096385542
			17.4698795180723	-4.07228915662651
			17.4819277108434	-4.08433734939759
			17.4939759036145	-4.09638554216868
			17.5060240963855	-4.10843373493976
			17.5060240963855	-4.12048192771084
			17.5180722891566	-4.13253012048193
			17.5301204819277	-4.14457831325301
			17.5421686746988	-4.1566265060241
			17.5542168674699	-4.16867469879518
			17.566265060241	-4.18072289156627
			17.578313253012	-4.19277108433735
			17.5903614457831	-4.20481927710843
			17.6024096385542	-4.21686746987952
			17.6144578313253	-4.2289156626506
			17.6265060240964	-4.24096385542169
			17.6385542168675	-4.25301204819277
			17.6385542168675	-4.26506024096386
			17.6506024096386	-4.27710843373494
			17.6626506024096	-4.28915662650602
			17.6746987951807	-4.30120481927711
			17.6867469879518	-4.31325301204819
			17.6987951807229	-4.32530120481928
			17.710843373494	-4.33734939759036
			17.7228915662651	-4.34939759036145
			17.7349397590361	-4.36144578313253
			17.7469879518072	-4.37349397590361
			17.7469879518072	-4.3855421686747
			17.7590361445783	-4.39759036144578
			17.7710843373494	-4.40963855421687
			17.7831325301205	-4.42168674698795
			17.7951807228916	-4.43373493975904
			17.7951807228916	-4.44578313253012
			17.8072289156627	-4.45783132530121
			17.8192771084337	-4.45783132530121
			17.8192771084337	-4.46987951807229
			17.8313253012048	-4.48192771084337
			17.8433734939759	-4.49397590361446
			17.855421686747	-4.50602409638554
			17.8674698795181	-4.51807228915663
			17.8674698795181	-4.53012048192771
			17.8795180722892	-4.5421686746988
			17.8915662650602	-4.55421686746988
			17.9036144578313	-4.56626506024096
			17.9156626506024	-4.57831325301205
			17.9156626506024	-4.59036144578313
			17.9277108433735	-4.60240963855422
			17.9397590361446	-4.6144578313253
			17.9518072289157	-4.6144578313253
			17.9518072289157	-4.62650602409639
			17.9638554216867	-4.63855421686747
			17.9759036144578	-4.65060240963855
			17.9879518072289	-4.66265060240964
			18	-4.67469879518072
			18	-4.68674698795181
			18.0120481927711	-4.69879518072289
			18.0240963855422	-4.71084337349398
			18.0361445783133	-4.72289156626506
			18.0361445783133	-4.73493975903614
			18.0481927710843	-4.74698795180723
			18.0602409638554	-4.75903614457831
			18.0722891566265	-4.7710843373494
			18.0843373493976	-4.78313253012048
			18.0843373493976	-4.79518072289157
			18.0963855421687	-4.80722891566265
			18.1084337349398	-4.81927710843374
			18.1204819277108	-4.83132530120482
			18.1204819277108	-4.8433734939759
			18.1325301204819	-4.85542168674699
			18.144578313253	-4.86746987951807
			18.1566265060241	-4.87951807228916
			18.1566265060241	-4.89156626506024
			18.1686746987952	-4.90361445783133
			18.1807228915663	-4.91566265060241
			18.1927710843374	-4.92771084337349
			18.2048192771084	-4.92771084337349
			18.2048192771084	-4.93975903614458
			18.2168674698795	-4.95180722891566
			18.2289156626506	-4.96385542168675
			18.2409638554217	-4.97590361445783
			18.2409638554217	-4.98795180722892
			18.2530120481928	-5
			18.2650602409639	-5.01204819277108
			18.2771084337349	-5.02409638554217
			18.2771084337349	-5.03614457831325
			18.289156626506	-5.04819277108434
			18.3012048192771	-5.06024096385542
			18.3132530120482	-5.07228915662651
			18.3253012048193	-5.08433734939759
			18.3253012048193	-5.09638554216868
			18.3373493975904	-5.10843373493976
			18.3493975903614	-5.12048192771084
			18.3614457831325	-5.13253012048193
			18.3614457831325	-5.14457831325301
			18.3734939759036	-5.1566265060241
			18.3855421686747	-5.16867469879518
			18.3855421686747	-5.18072289156627
			18.3975903614458	-5.18072289156627
			18.3975903614458	-5.19277108433735
			18.3975903614458	-5.20481927710843
			18.4096385542169	-5.20481927710843
			18.4096385542169	-5.21686746987952
			18.421686746988	-5.21686746987952
			18.421686746988	-5.2289156626506
			18.433734939759	-5.24096385542169
			18.4457831325301	-5.25301204819277
			18.4578313253012	-5.26506024096386
			18.4578313253012	-5.27710843373494
			18.4698795180723	-5.28915662650602
			18.4819277108434	-5.30120481927711
			18.4819277108434	-5.31325301204819
			18.4939759036145	-5.31325301204819
			18.4939759036145	-5.32530120481928
			18.5060240963855	-5.33734939759036
			18.5060240963855	-5.34939759036145
			18.5180722891566	-5.34939759036145
			18.5180722891566	-5.36144578313253
			18.5301204819277	-5.37349397590361
			18.5301204819277	-5.3855421686747
			18.5421686746988	-5.3855421686747
			18.5542168674699	-5.39759036144578
			18.5542168674699	-5.40963855421687
			18.566265060241	-5.42168674698795
			18.578313253012	-5.43373493975904
			18.578313253012	-5.44578313253012
			18.5903614457831	-5.45783132530121
			18.6024096385542	-5.46987951807229
			18.6024096385542	-5.48192771084337
			18.6144578313253	-5.49397590361446
			18.6265060240964	-5.50602409638554
			18.6385542168675	-5.51807228915663
			18.6506024096386	-5.53012048192771
			18.6506024096386	-5.5421686746988
			18.6626506024096	-5.55421686746988
			18.6746987951807	-5.56626506024096
			18.6867469879518	-5.57831325301205
			18.6867469879518	-5.59036144578313
			18.6987951807229	-5.60240963855422
			18.6987951807229	-5.6144578313253
			18.710843373494	-5.62650602409639
			18.7228915662651	-5.63855421686747
			18.7349397590361	-5.65060240963855
			18.7349397590361	-5.66265060240964
			18.7469879518072	-5.67469879518072
			18.7590361445783	-5.68674698795181
			18.7590361445783	-5.69879518072289
			18.7710843373494	-5.71084337349398
			18.7831325301205	-5.72289156626506
			18.7831325301205	-5.73493975903614
			18.7951807228916	-5.74698795180723
			18.8072289156627	-5.75903614457831
			18.8072289156627	-5.7710843373494
			18.8192771084337	-5.78313253012048
			18.8192771084337	-5.79518072289157
			18.8313253012048	-5.80722891566265
			18.8313253012048	-5.81927710843374
			18.8433734939759	-5.83132530120482
			18.8433734939759	-5.8433734939759
			18.855421686747	-5.85542168674699
			18.855421686747	-5.86746987951807
			18.8674698795181	-5.87951807228916
			18.8674698795181	-5.89156626506024
			18.8795180722892	-5.90361445783133
			18.8795180722892	-5.91566265060241
			18.8915662650602	-5.92771084337349
			18.9036144578313	-5.93975903614458
			18.9036144578313	-5.95180722891566
			18.9036144578313	-5.96385542168675
			18.9156626506024	-5.97590361445783
			18.9156626506024	-5.98795180722892
			18.9277108433735	-6
			18.9397590361446	-6.01204819277108
			18.9397590361446	-6.02409638554217
			18.9397590361446	-6.03614457831325
			18.9518072289157	-6.04819277108434
			18.9518072289157	-6.06024096385542
			18.9638554216867	-6.07228915662651
			18.9638554216867	-6.08433734939759
			18.9759036144578	-6.09638554216868
			18.9759036144578	-6.10843373493976
			18.9879518072289	-6.12048192771084
			19	-6.13253012048193
			19	-6.14457831325301
			19.0120481927711	-6.1566265060241
			19.0120481927711	-6.16867469879518
			19.0120481927711	-6.18072289156627
			19.0240963855422	-6.18072289156627
			19.0240963855422	-6.19277108433735
			19.0240963855422	-6.20481927710843
			19.0361445783133	-6.21686746987952
			19.0361445783133	-6.2289156626506
			19.0481927710843	-6.24096385542169
			19.0481927710843	-6.25301204819277
			19.0602409638554	-6.26506024096386
			19.0602409638554	-6.27710843373494
			19.0722891566265	-6.28915662650602
			19.0722891566265	-6.30120481927711
			19.0843373493976	-6.31325301204819
			19.0843373493976	-6.32530120481928
			19.0843373493976	-6.33734939759036
			19.0963855421687	-6.34939759036145
			19.1084337349398	-6.36144578313253
			19.1084337349398	-6.37349397590361
			19.1084337349398	-6.3855421686747
			19.1204819277108	-6.3855421686747
			19.1204819277108	-6.39759036144578
			19.1204819277108	-6.40963855421687
			19.1325301204819	-6.40963855421687
			19.1325301204819	-6.42168674698795
			19.1325301204819	-6.43373493975904
			19.144578313253	-6.43373493975904
			19.144578313253	-6.44578313253012
			19.144578313253	-6.45783132530121
			19.1566265060241	-6.45783132530121
			19.1566265060241	-6.46987951807229
			19.1566265060241	-6.48192771084337
			19.1686746987952	-6.48192771084337
			19.1686746987952	-6.49397590361446
			19.1686746987952	-6.50602409638554
			19.1807228915663	-6.51807228915663
			19.1807228915663	-6.53012048192771
			19.1927710843374	-6.5421686746988
			19.1927710843374	-6.55421686746988
			19.2048192771084	-6.56626506024096
			19.2048192771084	-6.57831325301205
			19.2168674698795	-6.59036144578313
			19.2168674698795	-6.60240963855422
			19.2289156626506	-6.6144578313253
			19.2289156626506	-6.62650602409639
			19.2289156626506	-6.63855421686747
			19.2409638554217	-6.65060240963855
			19.2409638554217	-6.66265060240964
			19.2530120481928	-6.67469879518072
			19.2530120481928	-6.68674698795181
			19.2650602409639	-6.69879518072289
			19.2650602409639	-6.71084337349398
			19.2771084337349	-6.72289156626506
			19.2771084337349	-6.73493975903614
			19.2771084337349	-6.74698795180723
			19.289156626506	-6.75903614457831
			19.3012048192771	-6.7710843373494
			19.3012048192771	-6.78313253012048
			19.3012048192771	-6.79518072289157
			19.3132530120482	-6.79518072289157
			19.3132530120482	-6.80722891566265
			19.3132530120482	-6.81927710843374
			19.3253012048193	-6.83132530120482
			19.3253012048193	-6.8433734939759
			19.3373493975904	-6.85542168674699
			19.3373493975904	-6.86746987951807
			19.3373493975904	-6.87951807228916
			19.3493975903614	-6.89156626506024
			19.3493975903614	-6.90361445783133
			19.3614457831325	-6.90361445783133
			19.3614457831325	-6.91566265060241
			19.3614457831325	-6.92771084337349
			19.3734939759036	-6.93975903614458
			19.3734939759036	-6.95180722891566
			19.3855421686747	-6.96385542168675
			19.3855421686747	-6.97590361445783
			19.3975903614458	-6.98795180722892
			19.3975903614458	-7
			19.3975903614458	-7.01204819277108
			19.4096385542169	-7.02409638554217
			19.4096385542169	-7.03614457831325
			19.421686746988	-7.04819277108434
			19.421686746988	-7.06024096385542
			19.433734939759	-7.07228915662651
			19.433734939759	-7.08433734939759
			19.433734939759	-7.09638554216868
			19.4457831325301	-7.10843373493976
			19.4457831325301	-7.12048192771084
			19.4578313253012	-7.13253012048193
			19.4578313253012	-7.14457831325301
			19.4578313253012	-7.1566265060241
			19.4698795180723	-7.16867469879518
			19.4698795180723	-7.18072289156627
			19.4819277108434	-7.19277108433735
			19.4819277108434	-7.20481927710843
			19.4939759036145	-7.21686746987952
			19.4939759036145	-7.2289156626506
			19.4939759036145	-7.24096385542169
			19.5060240963855	-7.25301204819277
			19.5060240963855	-7.26506024096386
			19.5180722891566	-7.27710843373494
			19.5180722891566	-7.28915662650602
			19.5180722891566	-7.30120481927711
			19.5301204819277	-7.31325301204819
			19.5301204819277	-7.32530120481928
			19.5421686746988	-7.33734939759036
			19.5421686746988	-7.34939759036145
			19.5421686746988	-7.36144578313253
			19.5542168674699	-7.37349397590361
			19.5542168674699	-7.3855421686747
			19.566265060241	-7.39759036144578
			19.566265060241	-7.40963855421687
			19.566265060241	-7.42168674698795
			19.578313253012	-7.43373493975904
			19.578313253012	-7.44578313253012
			19.5903614457831	-7.45783132530121
			19.5903614457831	-7.46987951807229
			19.5903614457831	-7.48192771084337
			19.6024096385542	-7.49397590361446
			19.6024096385542	-7.50602409638554
			19.6144578313253	-7.50602409638554
			19.6144578313253	-7.51807228915663
			19.6144578313253	-7.53012048192771
			19.6265060240964	-7.5421686746988
			19.6265060240964	-7.55421686746988
			19.6265060240964	-7.56626506024096
			19.6385542168675	-7.57831325301205
			19.6385542168675	-7.59036144578313
			19.6506024096386	-7.60240963855422
			19.6506024096386	-7.6144578313253
			19.6506024096386	-7.62650602409639
			19.6626506024096	-7.63855421686747
			19.6626506024096	-7.65060240963855
			19.6746987951807	-7.66265060240964
			19.6746987951807	-7.67469879518072
			19.6746987951807	-7.68674698795181
			19.6867469879518	-7.69879518072289
			19.6867469879518	-7.71084337349398
			19.6867469879518	-7.72289156626506
			19.6987951807229	-7.73493975903614
			19.6987951807229	-7.74698795180723
			19.710843373494	-7.75903614457831
			19.710843373494	-7.7710843373494
			19.710843373494	-7.78313253012048
			19.7228915662651	-7.79518072289157
			19.7228915662651	-7.80722891566265
			19.7228915662651	-7.81927710843374
			19.7349397590361	-7.83132530120482
			19.7349397590361	-7.8433734939759
			19.7349397590361	-7.85542168674699
			19.7469879518072	-7.86746987951807
			19.7469879518072	-7.87951807228916
			19.7590361445783	-7.89156626506024
			19.7590361445783	-7.90361445783133
			19.7590361445783	-7.91566265060241
			19.7710843373494	-7.92771084337349
			19.7710843373494	-7.93975903614458
			19.7710843373494	-7.95180722891566
			19.7831325301205	-7.96385542168675
			19.7831325301205	-7.97590361445783
			19.7831325301205	-7.98795180722892
			19.7951807228916	-8
			19.7951807228916	-8.01204819277108
			19.7951807228916	-8.02409638554217
			19.8072289156627	-8.03614457831325
			19.8072289156627	-8.04819277108434
			19.8192771084337	-8.04819277108434
			19.8192771084337	-8.06024096385542
			19.8192771084337	-8.07228915662651
			19.8313253012048	-8.08433734939759
			19.8313253012048	-8.09638554216868
			19.8313253012048	-8.10843373493976
			19.8433734939759	-8.12048192771084
			19.8433734939759	-8.13253012048193
			19.8433734939759	-8.14457831325301
			19.855421686747	-8.1566265060241
			19.855421686747	-8.16867469879518
			19.855421686747	-8.18072289156627
			19.8674698795181	-8.19277108433735
			19.8674698795181	-8.20481927710843
			19.8674698795181	-8.21686746987952
			19.8795180722892	-8.2289156626506
			19.8795180722892	-8.24096385542169
			19.8795180722892	-8.25301204819277
			19.8915662650602	-8.26506024096386
			19.8915662650602	-8.27710843373494
			19.8915662650602	-8.28915662650602
			19.9036144578313	-8.30120481927711
			19.9036144578313	-8.31325301204819
			19.9036144578313	-8.32530120481928
			19.9156626506024	-8.33734939759036
			19.9156626506024	-8.34939759036145
			19.9156626506024	-8.36144578313253
			19.9277108433735	-8.37349397590362
			19.9277108433735	-8.3855421686747
			19.9277108433735	-8.39759036144578
			19.9397590361446	-8.40963855421687
			19.9397590361446	-8.42168674698795
			19.9397590361446	-8.43373493975904
			19.9518072289157	-8.44578313253012
			19.9518072289157	-8.45783132530121
			19.9518072289157	-8.46987951807229
			19.9638554216867	-8.48192771084337
			19.9638554216867	-8.49397590361446
			19.9638554216867	-8.50602409638554
			19.9638554216867	-8.51807228915663
			19.9759036144578	-8.51807228915663
			19.9759036144578	-8.53012048192771
			19.9759036144578	-8.54216867469879
			19.9879518072289	-8.55421686746988
			19.9879518072289	-8.56626506024096
			19.9879518072289	-8.57831325301205
			20	-8.59036144578313
			20	-8.60240963855422
			20	-8.6144578313253
			20.0120481927711	-8.62650602409639
			20.0120481927711	-8.63855421686747
			20.0120481927711	-8.65060240963856
			20.0120481927711	-8.66265060240964
			20.0240963855422	-8.67469879518072
			20.0240963855422	-8.68674698795181
			20.0240963855422	-8.69879518072289
			20.0361445783133	-8.71084337349398
			20.0361445783133	-8.72289156626506
			20.0361445783133	-8.73493975903614
			20.0481927710843	-8.74698795180723
			20.0481927710843	-8.75903614457831
			20.0481927710843	-8.7710843373494
			20.0481927710843	-8.78313253012048
			20.0602409638554	-8.79518072289157
			20.0602409638554	-8.80722891566265
			20.0602409638554	-8.81927710843374
			20.0722891566265	-8.83132530120482
			20.0722891566265	-8.8433734939759
			20.0722891566265	-8.85542168674699
			20.0722891566265	-8.86746987951807
			20.0843373493976	-8.87951807228916
			20.0843373493976	-8.89156626506024
			20.0843373493976	-8.90361445783133
			20.0963855421687	-8.91566265060241
			20.0963855421687	-8.92771084337349
			20.0963855421687	-8.93975903614458
			20.1084337349398	-8.95180722891566
			20.1084337349398	-8.96385542168675
			20.1084337349398	-8.97590361445783
			20.1084337349398	-8.98795180722892
			20.1204819277108	-8.98795180722892
			20.1204819277108	-9
			20.1204819277108	-9.01204819277108
			20.1204819277108	-9.02409638554217
			20.1325301204819	-9.03614457831325
			20.1325301204819	-9.04819277108434
			20.1325301204819	-9.06024096385542
			20.1325301204819	-9.07228915662651
			20.144578313253	-9.08433734939759
			20.144578313253	-9.09638554216868
			20.144578313253	-9.10843373493976
			20.1566265060241	-9.12048192771084
			20.1566265060241	-9.13253012048193
			20.1566265060241	-9.14457831325301
			20.1686746987952	-9.1566265060241
			20.1686746987952	-9.16867469879518
			20.1686746987952	-9.18072289156627
			20.1686746987952	-9.19277108433735
			20.1807228915663	-9.20481927710843
			20.1807228915663	-9.21686746987952
			20.1807228915663	-9.2289156626506
			20.1807228915663	-9.24096385542169
			20.1927710843374	-9.25301204819277
			20.1927710843374	-9.26506024096386
			20.1927710843374	-9.27710843373494
			20.1927710843374	-9.28915662650602
			20.2048192771084	-9.30120481927711
			20.2048192771084	-9.31325301204819
			20.2048192771084	-9.32530120481928
			20.2168674698795	-9.33734939759036
			20.2168674698795	-9.34939759036145
			20.2168674698795	-9.36144578313253
			20.2168674698795	-9.37349397590362
			20.2289156626506	-9.3855421686747
			20.2289156626506	-9.39759036144578
			20.2289156626506	-9.40963855421687
			20.2289156626506	-9.42168674698795
			20.2409638554217	-9.43373493975904
			20.2409638554217	-9.44578313253012
			20.2409638554217	-9.45783132530121
			20.2409638554217	-9.46987951807229
			20.2530120481928	-9.48192771084337
			20.2530120481928	-9.49397590361446
			20.2530120481928	-9.50602409638554
			20.2530120481928	-9.51807228915663
			20.2650602409639	-9.53012048192771
			20.2650602409639	-9.54216867469879
			20.2650602409639	-9.55421686746988
			20.2650602409639	-9.56626506024096
			20.2771084337349	-9.57831325301205
			20.2771084337349	-9.59036144578313
			20.2771084337349	-9.60240963855422
			20.2771084337349	-9.6144578313253
			20.289156626506	-9.62650602409639
			20.289156626506	-9.63855421686747
			20.289156626506	-9.65060240963856
			20.289156626506	-9.66265060240964
			20.289156626506	-9.67469879518072
			20.3012048192771	-9.68674698795181
			20.3012048192771	-9.69879518072289
			20.3012048192771	-9.71084337349398
			20.3012048192771	-9.72289156626506
			20.3132530120482	-9.73493975903614
			20.3132530120482	-9.74698795180723
			20.3132530120482	-9.75903614457831
			20.3132530120482	-9.7710843373494
			20.3253012048193	-9.78313253012048
			20.3253012048193	-9.79518072289157
			20.3253012048193	-9.80722891566265
			20.3253012048193	-9.81927710843374
			20.3253012048193	-9.83132530120482
			20.3373493975904	-9.8433734939759
			20.3373493975904	-9.85542168674699
			20.3373493975904	-9.86746987951807
			20.3373493975904	-9.87951807228916
			20.3493975903614	-9.89156626506024
			20.3493975903614	-9.90361445783133
			20.3493975903614	-9.91566265060241
			20.3493975903614	-9.92771084337349
			20.3493975903614	-9.93975903614458
			20.3614457831325	-9.95180722891566
			20.3614457831325	-9.96385542168675
			20.3614457831325	-9.97590361445783
			20.3614457831325	-9.98795180722892
			20.3614457831325	-10
			20.3734939759036	-10.0120481927711
			20.3734939759036	-10.0240963855422
			20.3734939759036	-10.0361445783133
			20.3734939759036	-10.0481927710843
			20.3734939759036	-10.0602409638554
			20.3855421686747	-10.0722891566265
			20.3855421686747	-10.0843373493976
			20.3855421686747	-10.0963855421687
			20.3855421686747	-10.1084337349398
			20.3855421686747	-10.1204819277108
			20.3975903614458	-10.1325301204819
			20.3975903614458	-10.144578313253
			20.3975903614458	-10.1566265060241
			20.3975903614458	-10.1686746987952
			20.3975903614458	-10.1807228915663
			20.4096385542169	-10.1927710843374
			20.4096385542169	-10.2048192771084
			20.4096385542169	-10.2168674698795
			20.4096385542169	-10.2289156626506
			20.4096385542169	-10.2409638554217
			20.421686746988	-10.2530120481928
			20.421686746988	-10.2650602409639
			20.421686746988	-10.2771084337349
			20.421686746988	-10.289156626506
			20.421686746988	-10.3012048192771
			20.433734939759	-10.3132530120482
			20.433734939759	-10.3253012048193
			20.433734939759	-10.3373493975904
			20.433734939759	-10.3493975903614
			20.433734939759	-10.3614457831325
			20.433734939759	-10.3734939759036
			20.4457831325301	-10.3855421686747
			20.4457831325301	-10.3975903614458
			20.4457831325301	-10.4096385542169
			20.4457831325301	-10.421686746988
			20.4457831325301	-10.433734939759
			20.4578313253012	-10.4457831325301
			20.4578313253012	-10.4578313253012
			20.4578313253012	-10.4698795180723
			20.4578313253012	-10.4819277108434
			20.4578313253012	-10.4939759036145
			20.4578313253012	-10.5060240963855
			20.4698795180723	-10.5180722891566
			20.4698795180723	-10.5301204819277
			20.4698795180723	-10.5421686746988
			20.4698795180723	-10.5542168674699
			20.4698795180723	-10.566265060241
			20.4698795180723	-10.578313253012
			20.4819277108434	-10.5903614457831
			20.4819277108434	-10.6024096385542
			20.4819277108434	-10.6144578313253
			20.4819277108434	-10.6265060240964
		</anterior>
		<posterior type=matrix rownames=FALSE colnames=FALSE nrow=934 ncol=2 as.numeric=TRUE >
			11.2048192771084	-10.6265060240964
			11.2168674698795	-10.6265060240964
			11.2289156626506	-10.6265060240964
			11.2409638554217	-10.6265060240964
			11.2530120481928	-10.6385542168675
			11.2650602409639	-10.6385542168675
			11.2771084337349	-10.6385542168675
			11.289156626506	-10.6385542168675
			11.3012048192771	-10.6385542168675
			11.3132530120482	-10.6385542168675
			11.3253012048193	-10.6506024096386
			11.3373493975904	-10.6506024096386
			11.3493975903614	-10.6506024096386
			11.3614457831325	-10.6506024096386
			11.3734939759036	-10.6506024096386
			11.3855421686747	-10.6506024096386
			11.3975903614458	-10.6626506024096
			11.4096385542169	-10.6626506024096
			11.421686746988	-10.6626506024096
			11.433734939759	-10.6626506024096
			11.4457831325301	-10.6626506024096
			11.4578313253012	-10.6626506024096
			11.4698795180723	-10.6746987951807
			11.4819277108434	-10.6746987951807
			11.4939759036145	-10.6746987951807
			11.5060240963855	-10.6746987951807
			11.5180722891566	-10.6746987951807
			11.5301204819277	-10.6746987951807
			11.5301204819277	-10.6867469879518
			11.5421686746988	-10.6867469879518
			11.5542168674699	-10.6867469879518
			11.566265060241	-10.6867469879518
			11.578313253012	-10.6867469879518
			11.5903614457831	-10.6867469879518
			11.6024096385542	-10.6867469879518
			11.6144578313253	-10.6987951807229
			11.6265060240964	-10.6987951807229
			11.6385542168675	-10.6987951807229
			11.6506024096386	-10.6987951807229
			11.6626506024096	-10.6987951807229
			11.6746987951807	-10.710843373494
			11.6867469879518	-10.710843373494
			11.6987951807229	-10.710843373494
			11.710843373494	-10.710843373494
			11.7228915662651	-10.710843373494
			11.7349397590361	-10.710843373494
			11.7349397590361	-10.7228915662651
			11.7469879518072	-10.7228915662651
			11.7590361445783	-10.7228915662651
			11.7710843373494	-10.7228915662651
			11.7831325301205	-10.7228915662651
			11.7951807228916	-10.7228915662651
			11.8072289156627	-10.7349397590361
			11.8192771084337	-10.7349397590361
			11.8313253012048	-10.7349397590361
			11.8433734939759	-10.7349397590361
			11.855421686747	-10.7349397590361
			11.8674698795181	-10.7349397590361
			11.8674698795181	-10.7469879518072
			11.8795180722892	-10.7469879518072
			11.8915662650602	-10.7469879518072
			11.9036144578313	-10.7469879518072
			11.9156626506024	-10.7469879518072
			11.9277108433735	-10.7469879518072
			11.9397590361446	-10.7590361445783
			11.9518072289157	-10.7590361445783
			11.9638554216867	-10.7590361445783
			11.9759036144578	-10.7590361445783
			11.9879518072289	-10.7590361445783
			11.9879518072289	-10.7710843373494
			12	-10.7710843373494
			12.0120481927711	-10.7710843373494
			12.0240963855422	-10.7710843373494
			12.0361445783133	-10.7710843373494
			12.0481927710843	-10.7710843373494
			12.0602409638554	-10.7831325301205
			12.0722891566265	-10.7831325301205
			12.0843373493976	-10.7831325301205
			12.0963855421687	-10.7831325301205
			12.1084337349398	-10.7951807228916
			12.1204819277108	-10.7951807228916
			12.1325301204819	-10.7951807228916
			12.144578313253	-10.7951807228916
			12.1566265060241	-10.7951807228916
			12.1686746987952	-10.8072289156627
			12.1807228915663	-10.8072289156627
			12.1927710843374	-10.8072289156627
			12.2048192771084	-10.8072289156627
			12.2168674698795	-10.8072289156627
			12.2289156626506	-10.8192771084337
			12.2409638554217	-10.8192771084337
			12.2530120481928	-10.8192771084337
			12.2650602409639	-10.8192771084337
			12.2771084337349	-10.8192771084337
			12.289156626506	-10.8313253012048
			12.3012048192771	-10.8313253012048
			12.3132530120482	-10.8313253012048
			12.3253012048193	-10.8313253012048
			12.3373493975904	-10.8313253012048
			12.3373493975904	-10.8433734939759
			12.3493975903614	-10.8433734939759
			12.3614457831325	-10.8433734939759
			12.3734939759036	-10.8433734939759
			12.3855421686747	-10.8433734939759
			12.3975903614458	-10.855421686747
			12.4096385542169	-10.855421686747
			12.421686746988	-10.855421686747
			12.433734939759	-10.855421686747
			12.4457831325301	-10.855421686747
			12.4578313253012	-10.8674698795181
			12.4698795180723	-10.8674698795181
			12.4819277108434	-10.8674698795181
			12.4939759036145	-10.8674698795181
			12.5060240963855	-10.8795180722892
			12.5180722891566	-10.8795180722892
			12.5301204819277	-10.8795180722892
			12.5421686746988	-10.8795180722892
			12.5542168674699	-10.8915662650602
			12.566265060241	-10.8915662650602
			12.578313253012	-10.8915662650602
			12.5903614457831	-10.8915662650602
			12.6024096385542	-10.8915662650602
			12.6024096385542	-10.9036144578313
			12.6144578313253	-10.9036144578313
			12.6265060240964	-10.9036144578313
			12.6385542168675	-10.9036144578313
			12.6506024096386	-10.9036144578313
			12.6626506024096	-10.9156626506024
			12.6746987951807	-10.9156626506024
			12.6867469879518	-10.9156626506024
			12.6987951807229	-10.9156626506024
			12.710843373494	-10.9277108433735
			12.7228915662651	-10.9277108433735
			12.7349397590361	-10.9277108433735
			12.7469879518072	-10.9277108433735
			12.7590361445783	-10.9397590361446
			12.7710843373494	-10.9397590361446
			12.7831325301205	-10.9397590361446
			12.7951807228916	-10.9397590361446
			12.8072289156627	-10.9518072289157
			12.8192771084337	-10.9518072289157
			12.8313253012048	-10.9518072289157
			12.8433734939759	-10.9518072289157
			12.855421686747	-10.9638554216867
			12.8674698795181	-10.9638554216867
			12.8795180722892	-10.9638554216867
			12.8915662650602	-10.9638554216867
			12.9036144578313	-10.9759036144578
			12.9156626506024	-10.9759036144578
			12.9277108433735	-10.9759036144578
			12.9397590361446	-10.9759036144578
			12.9518072289157	-10.9879518072289
			12.9638554216867	-10.9879518072289
			12.9759036144578	-10.9879518072289
			12.9879518072289	-10.9879518072289
			13	-11
			13.0120481927711	-11
			13.0240963855422	-11
			13.0361445783133	-11.0120481927711
			13.0481927710843	-11.0120481927711
			13.0602409638554	-11.0120481927711
			13.0722891566265	-11.0120481927711
			13.0843373493976	-11.0240963855422
			13.0963855421687	-11.0240963855422
			13.1084337349398	-11.0240963855422
			13.1204819277108	-11.0240963855422
			13.1325301204819	-11.0361445783133
			13.144578313253	-11.0361445783133
			13.1566265060241	-11.0361445783133
			13.1686746987952	-11.0361445783133
			13.1686746987952	-11.0481927710843
			13.1807228915663	-11.0481927710843
			13.1927710843374	-11.0481927710843
			13.2048192771084	-11.0481927710843
			13.2168674698795	-11.0602409638554
			13.2289156626506	-11.0602409638554
			13.2409638554217	-11.0602409638554
			13.2530120481928	-11.0722891566265
			13.2650602409639	-11.0722891566265
			13.2771084337349	-11.0722891566265
			13.289156626506	-11.0722891566265
			13.289156626506	-11.0843373493976
			13.3012048192771	-11.0843373493976
			13.3132530120482	-11.0843373493976
			13.3253012048193	-11.0843373493976
			13.3373493975904	-11.0963855421687
			13.3493975903614	-11.0963855421687
			13.3614457831325	-11.0963855421687
			13.3734939759036	-11.0963855421687
			13.3855421686747	-11.1084337349398
			13.3975903614458	-11.1084337349398
			13.4096385542169	-11.1204819277108
			13.421686746988	-11.1204819277108
			13.433734939759	-11.1204819277108
			13.4457831325301	-11.1325301204819
			13.4578313253012	-11.1325301204819
			13.4698795180723	-11.1325301204819
			13.4819277108434	-11.1325301204819
			13.4939759036145	-11.144578313253
			13.5060240963855	-11.1566265060241
			13.5180722891566	-11.1566265060241
			13.5180722891566	-11.1686746987952
			13.5301204819277	-11.1686746987952
			13.5421686746988	-11.1807228915663
			13.5542168674699	-11.1807228915663
			13.566265060241	-11.1927710843374
			13.578313253012	-11.1927710843374
			13.5903614457831	-11.2048192771084
			13.6024096385542	-11.2048192771084
			13.6144578313253	-11.2168674698795
			13.6265060240964	-11.2168674698795
			13.6385542168675	-11.2168674698795
			13.6506024096386	-11.2289156626506
			13.6626506024096	-11.2289156626506
			13.6746987951807	-11.2289156626506
			13.6867469879518	-11.2409638554217
			13.6987951807229	-11.2409638554217
			13.710843373494	-11.2409638554217
			13.7228915662651	-11.2530120481928
			13.7349397590361	-11.2530120481928
			13.7469879518072	-11.2530120481928
			13.7590361445783	-11.2530120481928
			13.7710843373494	-11.2650602409639
			13.7831325301205	-11.2650602409639
			13.7951807228916	-11.2650602409639
			13.8072289156627	-11.2650602409639
			13.8192771084337	-11.2771084337349
			13.8313253012048	-11.2771084337349
			13.8433734939759	-11.2771084337349
			13.855421686747	-11.2771084337349
			13.8674698795181	-11.2771084337349
			13.8795180722892	-11.2771084337349
			13.8915662650602	-11.2771084337349
			13.9036144578313	-11.289156626506
			13.9156626506024	-11.289156626506
			13.9277108433735	-11.289156626506
			13.9397590361446	-11.289156626506
			13.9518072289157	-11.289156626506
			13.9638554216867	-11.289156626506
			13.9759036144578	-11.289156626506
			13.9879518072289	-11.289156626506
			14	-11.289156626506
			14.0120481927711	-11.289156626506
			14.0240963855422	-11.289156626506
			14.0361445783133	-11.289156626506
			14.0481927710843	-11.289156626506
			14.0602409638554	-11.289156626506
			14.0722891566265	-11.289156626506
			14.0843373493976	-11.289156626506
			14.0963855421687	-11.289156626506
			14.1084337349398	-11.289156626506
			14.1204819277108	-11.289156626506
			14.1325301204819	-11.289156626506
			14.144578313253	-11.289156626506
			14.1566265060241	-11.289156626506
			14.1686746987952	-11.289156626506
			14.1807228915663	-11.289156626506
			14.1927710843374	-11.289156626506
			14.2048192771084	-11.289156626506
			14.2168674698795	-11.289156626506
			14.2289156626506	-11.289156626506
			14.2409638554217	-11.2771084337349
			14.2530120481928	-11.2771084337349
			14.2650602409639	-11.2771084337349
			14.2771084337349	-11.2771084337349
			14.289156626506	-11.2771084337349
			14.3012048192771	-11.2771084337349
			14.3132530120482	-11.2771084337349
			14.3253012048193	-11.2650602409639
			14.3373493975904	-11.2650602409639
			14.3493975903614	-11.2650602409639
			14.3614457831325	-11.2650602409639
			14.3734939759036	-11.2650602409639
			14.3855421686747	-11.2650602409639
			14.3975903614458	-11.2530120481928
			14.4096385542169	-11.2530120481928
			14.421686746988	-11.2530120481928
			14.433734939759	-11.2530120481928
			14.4457831325301	-11.2530120481928
			14.4578313253012	-11.2409638554217
			14.4698795180723	-11.2409638554217
			14.4819277108434	-11.2409638554217
			14.4939759036145	-11.2409638554217
			14.5060240963855	-11.2289156626506
			14.5180722891566	-11.2289156626506
			14.5301204819277	-11.2289156626506
			14.5421686746988	-11.2289156626506
			14.5542168674699	-11.2168674698795
			14.566265060241	-11.2168674698795
			14.578313253012	-11.2168674698795
			14.5903614457831	-11.2168674698795
			14.6024096385542	-11.2048192771084
			14.6144578313253	-11.2048192771084
			14.6265060240964	-11.2048192771084
			14.6385542168675	-11.1927710843374
			14.6506024096386	-11.1927710843374
			14.6626506024096	-11.1927710843374
			14.6746987951807	-11.1927710843374
			14.6867469879518	-11.1807228915663
			14.6987951807229	-11.1807228915663
			14.710843373494	-11.1807228915663
			14.7228915662651	-11.1686746987952
			14.7349397590361	-11.1686746987952
			14.7469879518072	-11.1686746987952
			14.7590361445783	-11.1566265060241
			14.7710843373494	-11.1566265060241
			14.7831325301205	-11.144578313253
			14.7951807228916	-11.144578313253
			14.8072289156627	-11.144578313253
			14.8192771084337	-11.1325301204819
			14.8313253012048	-11.1325301204819
			14.8433734939759	-11.1325301204819
			14.855421686747	-11.1204819277108
			14.8674698795181	-11.1204819277108
			14.8795180722892	-11.1084337349398
			14.8915662650602	-11.1084337349398
			14.9036144578313	-11.1084337349398
			14.9156626506024	-11.0963855421687
			14.9277108433735	-11.0963855421687
			14.9397590361446	-11.0843373493976
			14.9518072289157	-11.0843373493976
			14.9638554216867	-11.0722891566265
			14.9759036144578	-11.0722891566265
			14.9879518072289	-11.0722891566265
			15	-11.0602409638554
			15.0120481927711	-11.0602409638554
			15.0240963855422	-11.0481927710843
			15.0361445783133	-11.0481927710843
			15.0481927710843	-11.0481927710843
			15.0481927710843	-11.0361445783133
			15.0602409638554	-11.0361445783133
			15.0722891566265	-11.0361445783133
			15.0722891566265	-11.0240963855422
			15.0843373493976	-11.0240963855422
			15.0963855421687	-11.0240963855422
			15.1084337349398	-11.0120481927711
			15.1204819277108	-11.0120481927711
			15.1325301204819	-11
			15.144578313253	-11
			15.1566265060241	-11
			15.1566265060241	-10.9879518072289
			15.1686746987952	-10.9879518072289
			15.1807228915663	-10.9759036144578
			15.1927710843374	-10.9759036144578
			15.2048192771084	-10.9759036144578
			15.2048192771084	-10.9638554216867
			15.2168674698795	-10.9638554216867
			15.2289156626506	-10.9518072289157
			15.2409638554217	-10.9518072289157
			15.2530120481928	-10.9518072289157
			15.2530120481928	-10.9397590361446
			15.2650602409639	-10.9397590361446
			15.2771084337349	-10.9277108433735
			15.289156626506	-10.9277108433735
			15.3012048192771	-10.9277108433735
			15.3012048192771	-10.9156626506024
			15.3132530120482	-10.9156626506024
			15.3253012048193	-10.9036144578313
			15.3373493975904	-10.9036144578313
			15.3493975903614	-10.8915662650602
			15.3614457831325	-10.8915662650602
			15.3734939759036	-10.8795180722892
			15.3855421686747	-10.8795180722892
			15.3975903614458	-10.8674698795181
			15.4096385542169	-10.855421686747
			15.421686746988	-10.855421686747
			15.433734939759	-10.8433734939759
			15.4457831325301	-10.8433734939759
			15.4578313253012	-10.8313253012048
			15.4698795180723	-10.8313253012048
			15.4819277108434	-10.8192771084337
			15.4939759036145	-10.8192771084337
			15.5060240963855	-10.8072289156627
			15.5180722891566	-10.7951807228916
			15.5301204819277	-10.7951807228916
			15.5421686746988	-10.7831325301205
			15.5542168674699	-10.7831325301205
			15.566265060241	-10.7710843373494
			15.578313253012	-10.7590361445783
			15.5903614457831	-10.7590361445783
			15.6024096385542	-10.7590361445783
			15.6144578313253	-10.7469879518072
			15.6265060240964	-10.7469879518072
			15.6385542168675	-10.7469879518072
			15.6506024096386	-10.7469879518072
			15.6626506024096	-10.7590361445783
			15.6746987951807	-10.7590361445783
			15.6867469879518	-10.7590361445783
			15.6987951807229	-10.7590361445783
			15.710843373494	-10.7590361445783
			15.7228915662651	-10.7590361445783
			15.7349397590361	-10.7590361445783
			15.7469879518072	-10.7710843373494
			15.7590361445783	-10.7710843373494
			15.7710843373494	-10.7710843373494
			15.7831325301205	-10.7710843373494
			15.7951807228916	-10.7710843373494
			15.8072289156627	-10.7710843373494
			15.8192771084337	-10.7831325301205
			15.8313253012048	-10.7831325301205
			15.8433734939759	-10.7831325301205
			15.855421686747	-10.7831325301205
			15.8674698795181	-10.7831325301205
			15.8795180722892	-10.7831325301205
			15.8915662650602	-10.7831325301205
			15.9036144578313	-10.7951807228916
			15.9156626506024	-10.7951807228916
			15.9277108433735	-10.7951807228916
			15.9397590361446	-10.7951807228916
			15.9518072289157	-10.7951807228916
			15.9638554216867	-10.7951807228916
			15.9759036144578	-10.8072289156627
			15.9879518072289	-10.8072289156627
			16	-10.8072289156627
			16.0120481927711	-10.8072289156627
			16.0240963855422	-10.8072289156627
			16.0361445783133	-10.8072289156627
			16.0481927710843	-10.8192771084337
			16.0602409638554	-10.8192771084337
			16.0722891566265	-10.8192771084337
			16.0843373493976	-10.8192771084337
			16.0963855421687	-10.8192771084337
			16.1084337349398	-10.8192771084337
			16.1204819277108	-10.8313253012048
			16.1325301204819	-10.8313253012048
			16.144578313253	-10.8313253012048
			16.1566265060241	-10.8313253012048
			16.1686746987952	-10.8313253012048
			16.1807228915663	-10.8433734939759
			16.1927710843374	-10.8433734939759
			16.2048192771084	-10.8433734939759
			16.2168674698795	-10.8433734939759
			16.2289156626506	-10.8433734939759
			16.2409638554217	-10.8433734939759
			16.2530120481928	-10.855421686747
			16.2650602409639	-10.855421686747
			16.2771084337349	-10.855421686747
			16.289156626506	-10.855421686747
			16.3012048192771	-10.855421686747
			16.3132530120482	-10.8674698795181
			16.3253012048193	-10.8674698795181
			16.3373493975904	-10.8674698795181
			16.3493975903614	-10.8674698795181
			16.3614457831325	-10.8674698795181
			16.3734939759036	-10.8674698795181
			16.3855421686747	-10.8795180722892
			16.3975903614458	-10.8795180722892
			16.4096385542169	-10.8795180722892
			16.421686746988	-10.8795180722892
			16.433734939759	-10.8795180722892
			16.4457831325301	-10.8915662650602
			16.4578313253012	-10.8915662650602
			16.4698795180723	-10.8915662650602
			16.4819277108434	-10.8915662650602
			16.4939759036145	-10.8915662650602
			16.5060240963855	-10.9036144578313
			16.5180722891566	-10.9036144578313
			16.5301204819277	-10.9036144578313
			16.5421686746988	-10.9036144578313
			16.5542168674699	-10.9036144578313
			16.566265060241	-10.9156626506024
			16.578313253012	-10.9156626506024
			16.5903614457831	-10.9156626506024
			16.6024096385542	-10.9156626506024
			16.6144578313253	-10.9277108433735
			16.6265060240964	-10.9277108433735
			16.6385542168675	-10.9277108433735
			16.6506024096386	-10.9277108433735
			16.6626506024096	-10.9277108433735
			16.6746987951807	-10.9397590361446
			16.6867469879518	-10.9397590361446
			16.6987951807229	-10.9397590361446
			16.710843373494	-10.9397590361446
			16.7228915662651	-10.9397590361446
			16.7349397590361	-10.9518072289157
			16.7469879518072	-10.9518072289157
			16.7590361445783	-10.9518072289157
			16.7710843373494	-10.9518072289157
			16.7831325301205	-10.9638554216867
			16.7951807228916	-10.9638554216867
			16.8072289156627	-10.9638554216867
			16.8192771084337	-10.9638554216867
			16.8313253012048	-10.9638554216867
			16.8433734939759	-10.9759036144578
			16.855421686747	-10.9759036144578
			16.8674698795181	-10.9759036144578
			16.8795180722892	-10.9759036144578
			16.8915662650602	-10.9879518072289
			16.9036144578313	-10.9879518072289
			16.9156626506024	-10.9879518072289
			16.9277108433735	-10.9879518072289
			16.9397590361446	-11
			16.9518072289157	-11
			16.9638554216867	-11
			16.9759036144578	-11
			16.9879518072289	-11
			17	-11.0120481927711
			17.0120481927711	-11.0120481927711
			17.0240963855422	-11.0120481927711
			17.0361445783133	-11.0120481927711
			17.0481927710843	-11.0240963855422
			17.0602409638554	-11.0240963855422
			17.0722891566265	-11.0240963855422
			17.0843373493976	-11.0240963855422
			17.0963855421687	-11.0240963855422
			17.1084337349398	-11.0361445783133
			17.1204819277108	-11.0361445783133
			17.1325301204819	-11.0361445783133
			17.144578313253	-11.0361445783133
			17.1566265060241	-11.0481927710843
			17.1686746987952	-11.0481927710843
			17.1807228915663	-11.0481927710843
			17.1927710843374	-11.0481927710843
			17.2048192771084	-11.0602409638554
			17.2168674698795	-11.0602409638554
			17.2289156626506	-11.0602409638554
			17.2409638554217	-11.0602409638554
			17.2530120481928	-11.0722891566265
			17.2650602409639	-11.0722891566265
			17.2771084337349	-11.0722891566265
			17.289156626506	-11.0722891566265
			17.3012048192771	-11.0843373493976
			17.3132530120482	-11.0843373493976
			17.3253012048193	-11.0843373493976
			17.3373493975904	-11.0843373493976
			17.3493975903614	-11.0843373493976
			17.3614457831325	-11.0963855421687
			17.3734939759036	-11.0963855421687
			17.3855421686747	-11.0963855421687
			17.3975903614458	-11.1084337349398
			17.4096385542169	-11.1084337349398
			17.421686746988	-11.1084337349398
			17.433734939759	-11.1084337349398
			17.4457831325301	-11.1204819277108
			17.4578313253012	-11.1204819277108
			17.4698795180723	-11.1204819277108
			17.4819277108434	-11.1204819277108
			17.4939759036145	-11.1325301204819
			17.5060240963855	-11.1325301204819
			17.5180722891566	-11.1325301204819
			17.5301204819277	-11.1325301204819
			17.5421686746988	-11.144578313253
			17.5542168674699	-11.144578313253
			17.566265060241	-11.144578313253
			17.578313253012	-11.144578313253
			17.5903614457831	-11.1566265060241
			17.6024096385542	-11.1566265060241
			17.6144578313253	-11.1566265060241
			17.6265060240964	-11.1686746987952
			17.6385542168675	-11.1686746987952
			17.6506024096386	-11.1686746987952
			17.6626506024096	-11.1686746987952
			17.6746987951807	-11.1807228915663
			17.6867469879518	-11.1807228915663
			17.6987951807229	-11.1807228915663
			17.710843373494	-11.1807228915663
			17.7228915662651	-11.1927710843374
			17.7349397590361	-11.1927710843374
			17.7469879518072	-11.1927710843374
			17.7590361445783	-11.1927710843374
			17.7710843373494	-11.2048192771084
			17.7831325301205	-11.2048192771084
			17.7951807228916	-11.2048192771084
			17.8072289156627	-11.2168674698795
			17.8192771084337	-11.2168674698795
			17.8313253012048	-11.2168674698795
			17.8433734939759	-11.2168674698795
			17.855421686747	-11.2289156626506
			17.8674698795181	-11.2289156626506
			17.8795180722892	-11.2289156626506
			17.8915662650602	-11.2289156626506
			17.9036144578313	-11.2409638554217
			17.9156626506024	-11.2409638554217
			17.9277108433735	-11.2409638554217
			17.9397590361446	-11.2530120481928
			17.9518072289157	-11.2530120481928
			17.9638554216867	-11.2530120481928
			17.9759036144578	-11.2530120481928
			17.9879518072289	-11.2650602409639
			18	-11.2650602409639
			18.0120481927711	-11.2650602409639
			18.0240963855422	-11.2771084337349
			18.0361445783133	-11.2771084337349
			18.0481927710843	-11.2771084337349
			18.0602409638554	-11.2771084337349
			18.0722891566265	-11.289156626506
			18.0843373493976	-11.289156626506
			18.0963855421687	-11.289156626506
			18.1084337349398	-11.3012048192771
			18.1204819277108	-11.3012048192771
			18.1325301204819	-11.3012048192771
			18.144578313253	-11.3012048192771
			18.1566265060241	-11.3132530120482
			18.1686746987952	-11.3132530120482
			18.1807228915663	-11.3132530120482
			18.1927710843374	-11.3253012048193
			18.2048192771084	-11.3253012048193
			18.2168674698795	-11.3253012048193
			18.2289156626506	-11.3373493975904
			18.2409638554217	-11.3373493975904
			18.2530120481928	-11.3373493975904
			18.2650602409639	-11.3373493975904
			18.2771084337349	-11.3493975903614
			18.289156626506	-11.3493975903614
			18.3012048192771	-11.3493975903614
			18.3132530120482	-11.3614457831325
			18.3253012048193	-11.3614457831325
			18.3373493975904	-11.3614457831325
			18.3493975903614	-11.3734939759036
			18.3614457831325	-11.3734939759036
			18.3734939759036	-11.3734939759036
			18.3855421686747	-11.3855421686747
			18.3975903614458	-11.3855421686747
			18.4096385542169	-11.3855421686747
			18.421686746988	-11.3855421686747
			18.433734939759	-11.3975903614458
			18.4457831325301	-11.3975903614458
			18.4578313253012	-11.3975903614458
			18.4698795180723	-11.4096385542169
			18.4819277108434	-11.4096385542169
			18.4939759036145	-11.4096385542169
			18.5060240963855	-11.421686746988
			18.5180722891566	-11.421686746988
			18.5301204819277	-11.421686746988
			18.5421686746988	-11.433734939759
			18.5542168674699	-11.433734939759
			18.566265060241	-11.433734939759
			18.578313253012	-11.4457831325301
			18.5903614457831	-11.4457831325301
			18.6024096385542	-11.4457831325301
			18.6144578313253	-11.4578313253012
			18.6265060240964	-11.4578313253012
			18.6385542168675	-11.4578313253012
			18.6506024096386	-11.4698795180723
			18.6626506024096	-11.4698795180723
			18.6746987951807	-11.4698795180723
			18.6867469879518	-11.4819277108434
			18.6987951807229	-11.4819277108434
			18.710843373494	-11.4819277108434
			18.7228915662651	-11.4939759036145
			18.7349397590361	-11.4939759036145
			18.7469879518072	-11.4939759036145
			18.7590361445783	-11.5060240963855
			18.7710843373494	-11.5060240963855
			18.7831325301205	-11.5060240963855
			18.7951807228916	-11.5180722891566
			18.8072289156627	-11.5180722891566
			18.8192771084337	-11.5180722891566
			18.8313253012048	-11.5180722891566
			18.8433734939759	-11.5301204819277
			18.855421686747	-11.5301204819277
			18.8674698795181	-11.5301204819277
			18.8795180722892	-11.5421686746988
			18.8915662650602	-11.5421686746988
			18.9036144578313	-11.5421686746988
			18.9156626506024	-11.5542168674699
			18.9277108433735	-11.5542168674699
			18.9397590361446	-11.5542168674699
			18.9518072289157	-11.566265060241
			18.9638554216867	-11.566265060241
			18.9759036144578	-11.566265060241
			18.9879518072289	-11.578313253012
			19	-11.578313253012
			19.0120481927711	-11.578313253012
			19.0240963855422	-11.5903614457831
			19.0361445783133	-11.5903614457831
			19.0481927710843	-11.5903614457831
			19.0602409638554	-11.6024096385542
			19.0722891566265	-11.6024096385542
			19.0843373493976	-11.6024096385542
			19.0963855421687	-11.6144578313253
			19.1084337349398	-11.6144578313253
			19.1204819277108	-11.6144578313253
			19.1204819277108	-11.6265060240964
			19.1325301204819	-11.6265060240964
			19.144578313253	-11.6265060240964
			19.1566265060241	-11.6265060240964
			19.1686746987952	-11.6385542168675
			19.1807228915663	-11.6385542168675
			19.1927710843374	-11.6385542168675
			19.2048192771084	-11.6506024096386
			19.2168674698795	-11.6506024096386
			19.2289156626506	-11.6506024096386
			19.2409638554217	-11.6626506024096
			19.2530120481928	-11.6626506024096
			19.2650602409639	-11.6626506024096
			19.2771084337349	-11.6746987951807
			19.289156626506	-11.6746987951807
			19.3012048192771	-11.6867469879518
			19.3132530120482	-11.6867469879518
			19.3253012048193	-11.6867469879518
			19.3373493975904	-11.6987951807229
			19.3493975903614	-11.6987951807229
			19.3614457831325	-11.6987951807229
			19.3734939759036	-11.710843373494
			19.3855421686747	-11.710843373494
			19.3975903614458	-11.710843373494
			19.3975903614458	-11.7228915662651
			19.4096385542169	-11.7228915662651
			19.421686746988	-11.7228915662651
			19.433734939759	-11.7228915662651
			19.4457831325301	-11.7349397590361
			19.4578313253012	-11.7349397590361
			19.4698795180723	-11.7469879518072
			19.4819277108434	-11.7469879518072
			19.4939759036145	-11.7469879518072
			19.5060240963855	-11.7590361445783
			19.5180722891566	-11.7590361445783
			19.5301204819277	-11.7710843373494
			19.5421686746988	-11.7710843373494
			19.5542168674699	-11.7831325301205
			19.566265060241	-11.7951807228916
			19.578313253012	-11.8072289156627
			19.5903614457831	-11.8072289156627
			19.6024096385542	-11.8192771084337
			19.6144578313253	-11.8313253012048
			19.6265060240964	-11.8313253012048
			19.6385542168675	-11.8433734939759
			19.6506024096386	-11.855421686747
			19.6626506024096	-11.855421686747
			19.6746987951807	-11.8674698795181
			19.6867469879518	-11.8795180722892
			19.6987951807229	-11.8915662650602
			19.710843373494	-11.9036144578313
			19.7228915662651	-11.9036144578313
			19.7349397590361	-11.9156626506024
			19.7469879518072	-11.9156626506024
			19.7469879518072	-11.9277108433735
			19.7590361445783	-11.9277108433735
			19.7710843373494	-11.9277108433735
			19.7710843373494	-11.9397590361446
			19.7831325301205	-11.9397590361446
			19.7951807228916	-11.9518072289157
			19.8072289156627	-11.9518072289157
			19.8192771084337	-11.9638554216867
			19.8313253012048	-11.9759036144578
			19.8433734939759	-11.9879518072289
			19.855421686747	-11.9879518072289
			19.8674698795181	-12
			19.8795180722892	-12
			19.8915662650602	-12.0120481927711
			19.9036144578313	-12.0240963855422
			19.9156626506024	-12.0240963855422
			19.9277108433735	-12.0361445783133
			19.9397590361446	-12.0361445783133
			19.9518072289157	-12.0481927710843
			19.9638554216867	-12.0481927710843
			19.9638554216867	-12.0602409638554
			19.9759036144578	-12.0602409638554
			19.9879518072289	-12.0602409638554
			20	-12.0722891566265
			20.0120481927711	-12.0722891566265
			20.0120481927711	-12.0843373493976
			20.0240963855422	-12.0843373493976
			20.0361445783133	-12.0843373493976
			20.0481927710843	-12.0963855421687
			20.0602409638554	-12.1084337349398
			20.0722891566265	-12.1084337349398
			20.0843373493976	-12.1084337349398
			20.0963855421687	-12.1204819277108
			20.1084337349398	-12.1204819277108
			20.1204819277108	-12.1325301204819
			20.1325301204819	-12.1325301204819
			20.144578313253	-12.144578313253
			20.1566265060241	-12.144578313253
			20.1686746987952	-12.1566265060241
			20.1807228915663	-12.1566265060241
			20.1927710843374	-12.1566265060241
			20.2048192771084	-12.1686746987952
			20.2168674698795	-12.1686746987952
			20.2289156626506	-12.1686746987952
			20.2409638554217	-12.1807228915663
			20.2530120481928	-12.1807228915663
			20.2650602409639	-12.1807228915663
			20.2771084337349	-12.1927710843374
			20.289156626506	-12.1927710843374
			20.3012048192771	-12.1927710843374
			20.3132530120482	-12.1927710843374
			20.3253012048193	-12.2048192771084
			20.3373493975904	-12.2048192771084
			20.3493975903614	-12.2048192771084
			20.3614457831325	-12.2048192771084
			20.3734939759036	-12.2048192771084
			20.3855421686747	-12.2048192771084
			20.3975903614458	-12.2168674698795
			20.4096385542169	-12.2168674698795
			20.421686746988	-12.2168674698795
			20.433734939759	-12.2168674698795
			20.4457831325301	-12.2168674698795
			20.4578313253012	-12.2168674698795
			20.4698795180723	-12.2048192771084
			20.4819277108434	-12.2048192771084
			20.4939759036145	-12.2048192771084
			20.5060240963855	-12.2048192771084
			20.5180722891566	-12.2048192771084
			20.5301204819277	-12.2048192771084
			20.5421686746988	-12.1927710843374
			20.5542168674699	-12.1927710843374
			20.566265060241	-12.1807228915663
			20.578313253012	-12.1807228915663
			20.5903614457831	-12.1686746987952
			20.6024096385542	-12.1686746987952
			20.6144578313253	-12.1566265060241
			20.6144578313253	-12.144578313253
			20.6265060240964	-12.1325301204819
			20.6385542168675	-12.1325301204819
			20.6506024096386	-12.1204819277108
			20.6506024096386	-12.1084337349398
			20.6626506024096	-12.0963855421687
			20.6626506024096	-12.0843373493976
			20.6746987951807	-12.0722891566265
			20.6746987951807	-12.0602409638554
			20.6867469879518	-12.0481927710843
			20.6867469879518	-12.0361445783133
			20.6987951807229	-12.0240963855422
			20.6987951807229	-12.0120481927711
			20.6987951807229	-12
			20.710843373494	-11.9879518072289
			20.710843373494	-11.9759036144578
			20.710843373494	-11.9638554216867
			20.710843373494	-11.9518072289157
			20.7228915662651	-11.9397590361446
			20.7228915662651	-11.9277108433735
			20.7228915662651	-11.9156626506024
			20.7228915662651	-11.9036144578313
			20.7228915662651	-11.8915662650602
			20.7228915662651	-11.8795180722892
			20.7228915662651	-11.8674698795181
			20.7228915662651	-11.855421686747
			20.7228915662651	-11.8433734939759
			20.7228915662651	-11.8313253012048
			20.7349397590361	-11.8192771084337
			20.7349397590361	-11.8072289156627
			20.7349397590361	-11.7951807228916
			20.7349397590361	-11.7831325301205
			20.7349397590361	-11.7710843373494
			20.7349397590361	-11.7590361445783
			20.7349397590361	-11.7469879518072
			20.7228915662651	-11.7349397590361
			20.7228915662651	-11.7228915662651
			20.7228915662651	-11.710843373494
			20.7228915662651	-11.6987951807229
			20.7228915662651	-11.6867469879518
			20.7228915662651	-11.6746987951807
			20.7228915662651	-11.6626506024096
			20.7228915662651	-11.6506024096386
			20.7228915662651	-11.6385542168675
			20.7228915662651	-11.6265060240964
			20.7228915662651	-11.6144578313253
			20.7228915662651	-11.6024096385542
			20.7228915662651	-11.5903614457831
			20.710843373494	-11.578313253012
			20.710843373494	-11.566265060241
			20.710843373494	-11.5542168674699
			20.710843373494	-11.5421686746988
			20.710843373494	-11.5301204819277
			20.710843373494	-11.5180722891566
			20.710843373494	-11.5060240963855
			20.6987951807229	-11.4939759036145
			20.6987951807229	-11.4819277108434
			20.6987951807229	-11.4698795180723
			20.6987951807229	-11.4578313253012
			20.6987951807229	-11.4457831325301
			20.6987951807229	-11.433734939759
			20.6867469879518	-11.421686746988
			20.6867469879518	-11.4096385542169
			20.6867469879518	-11.3975903614458
			20.6867469879518	-11.3855421686747
			20.6867469879518	-11.3734939759036
			20.6867469879518	-11.3614457831325
			20.6746987951807	-11.3493975903614
			20.6746987951807	-11.3373493975904
			20.6746987951807	-11.3253012048193
			20.6746987951807	-11.3132530120482
			20.6626506024096	-11.3012048192771
			20.6626506024096	-11.289156626506
			20.6626506024096	-11.2771084337349
			20.6626506024096	-11.2650602409639
			20.6626506024096	-11.2530120481928
			20.6626506024096	-11.2409638554217
			20.6506024096386	-11.2409638554217
			20.6506024096386	-11.2289156626506
			20.6506024096386	-11.2168674698795
			20.6506024096386	-11.2048192771084
			20.6385542168675	-11.1927710843374
			20.6385542168675	-11.1807228915663
			20.6385542168675	-11.1686746987952
			20.6385542168675	-11.1566265060241
			20.6265060240964	-11.144578313253
			20.6265060240964	-11.1325301204819
			20.6265060240964	-11.1204819277108
			20.6265060240964	-11.1084337349398
			20.6265060240964	-11.0963855421687
			20.6144578313253	-11.0843373493976
			20.6144578313253	-11.0722891566265
			20.6144578313253	-11.0602409638554
			20.6024096385542	-11.0481927710843
			20.6024096385542	-11.0361445783133
			20.6024096385542	-11.0240963855422
			20.6024096385542	-11.0120481927711
			20.5903614457831	-11
			20.5903614457831	-10.9879518072289
			20.5903614457831	-10.9759036144578
			20.578313253012	-10.9638554216867
			20.578313253012	-10.9518072289157
			20.578313253012	-10.9397590361446
			20.578313253012	-10.9277108433735
			20.566265060241	-10.9156626506024
			20.566265060241	-10.9036144578313
			20.566265060241	-10.8915662650602
			20.566265060241	-10.8795180722892
			20.5542168674699	-10.8795180722892
			20.5542168674699	-10.8674698795181
			20.5542168674699	-10.855421686747
			20.5542168674699	-10.8433734939759
			20.5421686746988	-10.8313253012048
			20.5421686746988	-10.8192771084337
			20.5421686746988	-10.8072289156627
			20.5421686746988	-10.7951807228916
			20.5301204819277	-10.7951807228916
			20.5301204819277	-10.7831325301205
			20.5301204819277	-10.7710843373494
			20.5301204819277	-10.7590361445783
			20.5180722891566	-10.7469879518072
			20.5180722891566	-10.7349397590361
			20.5060240963855	-10.7228915662651
			20.5060240963855	-10.710843373494
			20.5060240963855	-10.6987951807229
			20.5060240963855	-10.6867469879518
			20.4939759036145	-10.6746987951807
			20.4939759036145	-10.6626506024096
			20.4939759036145	-10.6506024096386
			20.4819277108434	-10.6385542168675
			20.4819277108434	-10.6265060240964
		</posterior>
	</curves.scaled>
	<ruler.points type=matrix rownames=TRUE colnames=FALSE nrow=2 ncol=2 as.numeric=TRUE >
		Ruler point 1	1247	1216
		Ruler point 2	1662	1216
	</ruler.points>
</shapes>

