<shapes type=list>
	<ruler.pixel type=vector names=FALSE length=1 as.numeric=TRUE >297</ruler.pixel>
	<ruler.interval type=vector names=FALSE length=1 as.numeric=TRUE >5</ruler.interval>
	<scaling.units type=vector names=FALSE length=1 as.numeric=FALSE >mm</scaling.units>
	<scaling type=vector names=FALSE length=1 as.numeric=TRUE >0.0168350168350168</scaling>
	<landmarks.pixel type=matrix rownames=TRUE colnames=FALSE nrow=16 ncol=2 as.numeric=TRUE >
		LM1	537	67
		LM2	533	80
		LM3	530	597
		LM4	534	686
		LM5	811	250
		LM6	751	618
		LM7	753	666
		LM8	879	339
		LM9	852	471
		LM10	537	75
		LM11	960	508
		LM12	1010	528
		LM13	537	67
		LM14	939	430
		LM15	1019	686
		LM16	1014	692
	</landmarks.pixel>
	<landmarks.scaled type=matrix rownames=TRUE colnames=FALSE nrow=16 ncol=2 as.numeric=TRUE >
		LM1	9.04040404040404	-1.12794612794613
		LM2	8.97306397306397	-1.34680134680135
		LM3	8.92255892255892	-10.0505050505051
		LM4	8.98989898989899	-11.5488215488215
		LM5	13.6531986531987	-4.20875420875421
		LM6	12.6430976430976	-10.4040404040404
		LM7	12.6767676767677	-11.2121212121212
		LM8	14.7979797979798	-5.70707070707071
		LM9	14.3434343434343	-7.92929292929293
		LM10	9.04040404040404	-1.26262626262626
		LM11	16.1616161616162	-8.55218855218855
		LM12	17.003367003367	-8.88888888888889
		LM13	9.04040404040404	-1.12794612794613
		LM14	15.8080808080808	-7.23905723905724
		LM15	17.1548821548822	-11.5488215488215
		LM16	17.0707070707071	-11.6498316498316
	</landmarks.scaled>
	<curves.control type=list>
		<glabella type=matrix rownames=FALSE colnames=FALSE nrow=13 ncol=2 as.numeric=TRUE >
			533	80
			627	93
			693	141
			782	188
			811	240
			815	360
			772	451
			772	488
			772	527
			772	562
			751	618
			767	643
			753	666
		</glabella>
		<suture type=matrix rownames=FALSE colnames=FALSE nrow=15 ncol=2 as.numeric=TRUE >
			537	75
			658	91
			772	182
			842	240
			823	293
			871	308
			914	386
			962	453
			904	490
			806	447
			865	519
			881	542
			933	515
			950	492
			1010	528
		</suture>
		<anterior type=matrix rownames=FALSE colnames=FALSE nrow=9 ncol=2 as.numeric=TRUE >
			537	67
			691	85
			836	240
			904	308
			943	362
			1029	498
			1025	652
			1026	671
			1019	686
		</anterior>
		<posterior type=matrix rownames=FALSE colnames=FALSE nrow=13 ncol=2 as.numeric=TRUE >
			534	686
			598	707
			703	684
			732	668
			792	668
			840	666
			919	697
			945	705
			982	703
			1021	699
			1024	672
			1023	661
			1019	686
		</posterior>
	</curves.control>
	<curves.pixel type=list>
		<glabella type=matrix rownames=FALSE colnames=FALSE nrow=738 ncol=2 as.numeric=TRUE >
			533	80
			534	80
			535	80
			536	80
			537	81
			538	81
			539	81
			540	81
			541	81
			542	81
			543	82
			544	82
			545	82
			546	82
			547	82
			548	82
			549	83
			550	83
			551	83
			552	83
			553	83
			554	83
			555	84
			556	84
			557	84
			558	84
			559	84
			560	85
			561	85
			562	85
			563	85
			564	86
			565	86
			566	86
			567	86
			568	86
			569	87
			570	87
			571	87
			572	87
			573	87
			574	88
			575	88
			576	88
			577	88
			578	89
			579	89
			580	89
			581	89
			582	90
			583	90
			584	90
			585	90
			586	91
			587	91
			588	91
			589	92
			590	92
			591	92
			592	92
			593	93
			594	93
			595	93
			596	93
			597	94
			598	94
			599	95
			600	95
			601	95
			602	96
			603	96
			604	96
			605	96
			605	97
			606	97
			607	97
			608	97
			609	98
			610	98
			611	98
			612	99
			613	99
			614	100
			615	100
			616	100
			617	101
			618	101
			619	101
			620	102
			621	102
			622	102
			622	103
			623	103
			624	103
			625	104
			626	104
			627	104
			628	105
			629	105
			630	106
			631	106
			632	107
			633	107
			634	108
			635	108
			636	108
			637	109
			638	109
			639	110
			640	110
			641	111
			642	111
			643	112
			644	112
			645	113
			646	113
			647	114
			648	114
			649	115
			650	115
			651	115
			652	116
			653	116
			654	117
			655	117
			656	118
			657	118
			658	119
			659	119
			660	120
			661	121
			662	121
			663	122
			664	122
			664	123
			665	123
			666	124
			667	124
			668	125
			669	125
			670	126
			671	126
			672	127
			673	128
			674	128
			675	129
			676	129
			676	130
			677	130
			678	131
			679	132
			680	132
			681	133
			682	133
			683	134
			684	134
			684	135
			685	136
			686	136
			687	137
			688	137
			689	138
			690	139
			691	139
			691	140
			692	141
			693	141
			694	142
			695	142
			696	142
			696	143
			697	143
			698	144
			699	144
			700	145
			701	145
			702	146
			703	146
			704	147
			705	148
			706	148
			707	149
			708	149
			709	150
			710	150
			711	151
			712	151
			713	152
			714	152
			715	153
			716	154
			717	155
			718	155
			719	156
			720	156
			721	157
			722	157
			723	158
			724	159
			725	159
			726	160
			727	161
			728	161
			729	162
			730	162
			731	163
			732	163
			732	164
			733	164
			734	165
			735	166
			736	166
			737	167
			738	167
			738	168
			739	168
			740	169
			741	170
			742	170
			743	171
			744	172
			745	173
			746	173
			747	174
			748	175
			749	175
			750	176
			751	177
			752	177
			753	178
			754	179
			755	179
			755	180
			756	181
			757	181
			758	182
			759	183
			760	183
			761	184
			762	185
			762	186
			763	186
			764	187
			765	188
			766	188
			767	189
			768	190
			769	191
			770	192
			771	193
			772	194
			773	194
			774	195
			775	196
			776	197
			777	198
			778	199
			779	200
			780	201
			781	202
			782	203
			783	204
			784	205
			785	206
			786	207
			787	208
			788	209
			789	210
			790	211
			791	212
			792	213
			793	214
			793	215
			794	215
			794	216
			795	217
			796	218
			797	219
			798	220
			798	221
			799	222
			800	223
			801	224
			801	225
			802	226
			803	227
			803	228
			804	229
			805	230
			806	231
			806	232
			807	233
			807	234
			808	235
			809	236
			809	237
			810	238
			811	239
			811	240
			811	241
			811	242
			811	243
			811	244
			811	245
			811	246
			811	247
			811	248
			811	249
			811	250
			811	251
			811	252
			811	253
			811	254
			811	255
			811	256
			811	257
			811	258
			811	259
			811	260
			811	261
			811	262
			811	263
			811	264
			811	265
			811	266
			811	267
			811	268
			811	269
			811	270
			811	271
			811	272
			811	273
			811	274
			811	275
			811	276
			811	277
			811	278
			811	279
			811	280
			811	281
			811	282
			811	283
			811	284
			811	285
			811	286
			811	287
			811	288
			811	289
			811	290
			811	291
			810	292
			810	293
			810	294
			810	295
			810	296
			810	297
			810	298
			810	299
			810	300
			810	301
			810	302
			810	303
			810	304
			810	305
			809	306
			809	307
			809	308
			809	309
			809	310
			809	311
			809	312
			809	313
			809	314
			809	315
			809	316
			808	317
			808	318
			808	319
			808	320
			808	321
			808	322
			808	323
			808	324
			808	325
			807	325
			807	326
			807	327
			807	328
			807	329
			807	330
			807	331
			807	332
			806	333
			806	334
			806	335
			806	336
			806	337
			806	338
			806	339
			805	340
			805	341
			805	342
			805	343
			805	344
			805	345
			805	346
			804	346
			804	347
			804	348
			804	349
			804	350
			804	351
			803	352
			803	353
			803	354
			803	355
			803	356
			802	357
			802	358
			802	359
			802	360
			802	361
			801	362
			801	363
			801	364
			801	365
			801	366
			800	366
			800	367
			800	368
			800	369
			800	370
			799	371
			799	372
			799	373
			799	374
			799	375
			798	376
			798	377
			798	378
			798	379
			797	379
			797	380
			797	381
			797	382
			797	383
			796	384
			796	385
			796	386
			796	387
			795	388
			795	389
			795	390
			794	391
			794	392
			794	393
			793	394
			793	395
			793	396
			793	397
			792	398
			792	399
			792	400
			791	401
			791	402
			791	403
			791	404
			790	405
			790	406
			790	407
			789	407
			789	408
			789	409
			788	410
			788	411
			788	412
			787	413
			787	414
			787	415
			787	416
			786	417
			786	418
			785	419
			785	420
			785	421
			784	421
			784	422
			784	423
			784	424
			783	425
			783	426
			782	427
			782	428
			782	429
			781	430
			781	431
			780	432
			780	433
			780	434
			779	435
			779	436
			778	437
			778	438
			777	439
			777	440
			776	441
			776	442
			776	443
			775	444
			775	445
			774	446
			774	447
			773	448
			773	449
			772	450
			772	451
			772	452
			772	453
			772	454
			772	455
			772	456
			772	457
			772	458
			772	459
			772	460
			772	461
			772	462
			772	463
			772	464
			772	465
			772	466
			772	467
			772	468
			772	469
			772	470
			772	471
			772	472
			772	473
			772	474
			772	475
			772	476
			772	477
			772	478
			772	479
			772	480
			772	481
			772	482
			772	483
			772	484
			772	485
			772	486
			772	487
			772	488
			772	489
			772	490
			772	491
			772	492
			772	493
			772	494
			772	495
			772	496
			772	497
			772	498
			772	499
			772	500
			772	501
			772	502
			772	503
			772	504
			772	505
			772	506
			772	507
			772	508
			772	509
			772	510
			772	511
			772	512
			772	513
			772	514
			772	515
			772	516
			772	517
			772	518
			772	519
			772	520
			772	521
			772	522
			772	523
			772	524
			772	525
			772	526
			772	527
			772	528
			772	529
			772	530
			772	531
			772	532
			772	533
			772	534
			772	535
			772	536
			772	537
			772	538
			771	539
			771	540
			771	541
			771	542
			771	543
			771	544
			771	545
			771	546
			771	547
			770	548
			770	549
			770	550
			770	551
			770	552
			770	553
			769	554
			769	555
			769	556
			769	557
			769	558
			768	559
			768	560
			768	561
			768	562
			768	563
			768	564
			767	564
			767	565
			767	566
			767	567
			767	568
			766	569
			766	570
			766	571
			766	572
			765	573
			765	574
			765	575
			765	576
			764	577
			764	578
			764	579
			764	580
			763	580
			763	581
			763	582
			763	583
			763	584
			762	584
			762	585
			762	586
			762	587
			761	588
			761	589
			761	590
			760	591
			760	592
			760	593
			759	594
			759	595
			759	596
			758	597
			758	598
			758	599
			757	600
			757	601
			757	602
			756	603
			756	604
			756	605
			755	606
			755	607
			755	608
			754	609
			754	610
			753	611
			753	612
			753	613
			752	614
			752	615
			752	616
			751	617
			751	618
			751	619
			752	619
			752	620
			753	621
			753	622
			754	623
			755	624
			755	625
			755	626
			756	627
			756	628
			757	629
			757	630
			757	631
			758	632
			758	633
			758	634
			758	635
			759	636
			759	637
			759	638
			759	639
			759	640
			759	641
			759	642
			760	643
			760	644
			760	645
			760	646
			759	647
			759	648
			759	649
			759	650
			759	651
			759	652
			759	653
			758	653
			758	654
			758	655
			758	656
			757	657
			757	658
			757	659
			756	659
			756	660
			756	661
			755	662
			755	663
			754	663
			754	664
			754	665
			753	666
		</glabella>
		<suture type=matrix rownames=FALSE colnames=FALSE nrow=860 ncol=2 as.numeric=TRUE >
			537	75
			538	75
			539	75
			540	75
			541	76
			542	76
			543	76
			544	76
			545	76
			546	76
			547	76
			548	77
			549	77
			550	77
			551	77
			552	77
			553	77
			554	78
			555	78
			556	78
			557	78
			558	78
			559	78
			560	79
			561	79
			562	79
			563	79
			564	79
			564	80
			565	80
			566	80
			567	80
			568	80
			569	81
			570	81
			571	81
			572	81
			573	81
			574	82
			575	82
			576	82
			577	82
			578	83
			579	83
			580	83
			581	83
			582	83
			583	84
			584	84
			585	84
			586	85
			587	85
			588	85
			589	85
			590	86
			591	86
			592	86
			593	87
			594	87
			595	87
			596	87
			597	88
			598	88
			599	88
			600	89
			601	89
			602	89
			603	89
			604	90
			605	90
			606	90
			607	91
			608	91
			609	91
			610	92
			611	92
			612	92
			613	93
			614	93
			615	93
			616	94
			617	94
			618	94
			619	95
			620	95
			621	95
			621	96
			622	96
			623	96
			624	97
			625	97
			626	97
			627	98
			628	98
			629	98
			630	99
			631	99
			632	100
			633	100
			634	100
			635	101
			636	101
			637	102
			638	102
			639	102
			640	103
			641	103
			642	103
			643	104
			644	104
			645	105
			646	105
			647	106
			648	106
			649	106
			650	107
			651	107
			652	108
			653	108
			654	109
			655	109
			656	109
			656	110
			657	110
			658	110
			658	111
			659	111
			660	111
			660	112
			661	112
			662	112
			662	113
			663	113
			664	113
			665	114
			666	114
			667	115
			668	115
			669	116
			670	116
			671	117
			672	117
			673	118
			674	118
			675	119
			676	119
			677	120
			678	120
			679	121
			680	122
			681	122
			682	123
			683	123
			684	124
			685	124
			686	125
			687	125
			688	126
			689	126
			690	127
			691	127
			692	128
			693	129
			694	129
			695	130
			696	130
			697	131
			698	131
			699	132
			700	132
			701	133
			702	134
			703	134
			704	135
			705	135
			706	136
			707	137
			708	137
			709	138
			710	138
			711	139
			712	140
			713	140
			714	141
			715	141
			716	142
			717	143
			718	143
			719	144
			720	144
			721	145
			722	146
			723	146
			724	147
			725	148
			726	148
			727	149
			728	150
			729	150
			730	151
			731	152
			732	152
			733	153
			734	154
			735	154
			736	155
			736	156
			737	156
			738	157
			739	158
			740	158
			741	159
			742	160
			743	160
			744	161
			745	162
			746	162
			747	163
			748	164
			749	165
			750	165
			751	166
			752	167
			753	167
			754	168
			755	169
			756	170
			757	170
			758	171
			759	172
			760	173
			761	173
			762	174
			763	175
			764	176
			765	176
			766	177
			767	178
			768	179
			769	179
			770	180
			771	181
			772	182
			773	183
			774	184
			775	185
			776	186
			777	186
			778	187
			779	188
			780	189
			781	190
			782	191
			783	191
			784	192
			784	193
			785	193
			786	194
			787	195
			787	196
			788	196
			789	197
			789	198
			790	198
			791	199
			792	200
			792	201
			793	201
			794	202
			794	203
			795	203
			796	204
			796	205
			797	205
			797	206
			798	207
			799	208
			800	209
			801	210
			802	211
			802	212
			803	213
			804	214
			805	214
			805	215
			806	216
			806	217
			807	218
			808	219
			809	220
			810	221
			810	222
			811	223
			812	224
			812	225
			813	226
			814	227
			814	228
			815	229
			815	230
			816	231
			816	232
			817	233
			817	234
			818	235
			818	236
			819	237
			819	238
			820	239
			820	240
			821	241
			821	242
			822	243
			822	244
			822	245
			823	246
			823	247
			823	248
			824	249
			824	250
			824	251
			824	252
			825	253
			825	254
			825	255
			825	256
			826	256
			826	257
			826	258
			826	259
			826	260
			826	261
			827	262
			827	263
			827	264
			827	265
			827	266
			827	267
			827	268
			827	269
			827	270
			827	271
			827	272
			827	273
			827	274
			827	275
			827	276
			827	277
			827	278
			826	279
			826	280
			826	281
			826	282
			826	283
			826	284
			825	285
			825	286
			825	287
			825	288
			824	289
			824	290
			824	291
			823	292
			823	293
			824	293
			825	294
			826	294
			827	294
			827	295
			828	295
			829	295
			830	296
			831	296
			832	296
			833	297
			834	297
			835	298
			836	298
			837	299
			838	299
			839	300
			840	301
			841	301
			842	302
			843	302
			844	303
			845	303
			846	304
			847	305
			848	305
			849	306
			850	306
			850	307
			851	307
			852	308
			853	309
			854	310
			855	310
			856	311
			857	312
			858	312
			858	313
			859	314
			860	315
			861	315
			862	316
			863	317
			864	318
			865	319
			866	320
			867	321
			868	322
			869	323
			870	324
			871	325
			872	326
			873	327
			874	328
			875	329
			875	330
			876	331
			877	331
			878	332
			878	333
			879	334
			880	335
			881	336
			881	337
			882	338
			883	338
			883	339
			884	340
			885	341
			886	342
			886	343
			887	344
			888	345
			889	346
			889	347
			890	348
			891	349
			892	350
			892	351
			893	352
			894	353
			894	354
			895	355
			896	356
			897	357
			897	358
			898	359
			898	360
			899	361
			900	362
			901	363
			901	364
			902	365
			902	366
			903	367
			903	368
			904	368
			904	369
			905	370
			905	371
			906	372
			906	373
			907	373
			907	374
			908	375
			908	376
			909	377
			909	378
			910	379
			910	380
			911	380
			911	381
			912	382
			912	383
			913	384
			913	385
			914	386
			914	387
			915	387
			916	388
			916	389
			917	390
			917	391
			918	391
			918	392
			919	393
			919	394
			920	394
			920	395
			921	396
			921	397
			922	397
			922	398
			922	399
			923	400
			923	401
			924	401
			924	402
			925	403
			925	404
			926	405
			927	406
			927	407
			927	408
			928	409
			928	410
			929	411
			929	412
			929	413
			930	413
			930	414
			930	415
			931	416
			931	417
			931	418
			932	419
			932	420
			933	421
			933	422
			933	423
			933	424
			934	425
			934	426
			934	427
			934	428
			935	429
			935	430
			935	431
			935	432
			935	433
			935	434
			935	435
			936	436
			936	437
			936	438
			936	439
			936	440
			936	441
			936	442
			936	443
			936	444
			936	445
			935	446
			935	447
			935	448
			935	449
			935	450
			935	451
			935	452
			934	453
			934	454
			934	455
			933	456
			933	457
			932	458
			932	459
			932	460
			931	461
			931	462
			930	463
			930	464
			929	465
			929	466
			928	467
			927	468
			927	469
			926	470
			925	471
			925	472
			924	473
			923	474
			922	475
			921	476
			921	477
			920	477
			919	478
			918	479
			917	480
			916	481
			915	482
			914	483
			913	483
			912	484
			911	485
			910	486
			909	487
			908	488
			907	488
			906	489
			905	489
			904	490
			903	490
			902	489
			901	489
			900	488
			899	488
			898	487
			897	487
			896	487
			896	486
			895	486
			894	486
			893	485
			892	485
			891	484
			890	484
			889	484
			888	484
			888	483
			887	483
			886	483
			885	482
			884	482
			883	481
			882	481
			881	481
			880	480
			879	480
			878	480
			877	479
			876	479
			875	479
			874	478
			873	478
			872	478
			871	477
			870	477
			869	477
			868	476
			867	476
			866	476
			865	476
			864	475
			863	475
			862	475
			861	475
			860	475
			859	474
			858	474
			857	474
			856	474
			855	474
			854	474
			853	474
			852	474
			851	474
			850	474
			849	474
			848	475
			847	475
			846	475
			846	476
			845	476
			844	477
			843	478
			843	479
			843	480
			843	481
			843	482
			843	483
			843	484
			843	485
			844	486
			844	487
			844	488
			845	489
			845	490
			846	491
			846	492
			847	493
			847	494
			848	495
			848	496
			849	497
			850	498
			850	499
			851	500
			851	501
			852	502
			853	503
			853	504
			854	505
			855	506
			855	507
			856	508
			857	509
			858	510
			859	511
			859	512
			860	513
			861	514
			862	515
			863	516
			863	517
			864	518
			865	519
			866	520
			866	521
			867	522
			868	522
			869	523
			869	524
			870	525
			871	525
			872	526
			873	526
			874	527
			875	527
			876	528
			877	528
			878	528
			879	529
			880	529
			881	529
			882	529
			883	529
			884	529
			885	530
			886	530
			887	530
			888	530
			889	530
			890	530
			891	529
			892	529
			893	529
			894	529
			895	529
			896	529
			897	529
			898	528
			899	528
			900	528
			901	528
			902	528
			902	527
			903	527
			904	527
			905	527
			906	526
			907	526
			908	526
			909	526
			910	525
			911	525
			912	524
			913	524
			914	524
			914	523
			915	523
			916	523
			917	523
			917	522
			918	522
			919	522
			919	521
			920	521
			921	521
			922	521
			922	520
			923	520
			924	520
			924	519
			925	519
			926	519
			927	518
			928	517
			929	517
			930	516
			931	516
			932	516
			933	515
			934	514
			934	513
			935	513
			936	512
			936	511
			937	511
			938	510
			939	510
			940	509
			941	509
			941	508
			942	508
			943	507
			944	507
			945	507
			946	507
			947	507
			947	506
			948	506
			949	506
			950	506
			951	506
			952	506
			953	506
			954	506
			955	506
			956	506
			957	506
			958	506
			959	506
			960	507
			961	507
			962	507
			963	507
			964	507
			965	508
			966	508
			967	508
			968	508
			969	509
			970	509
			971	509
			972	510
			973	510
			974	510
			975	511
			976	511
			977	511
			977	512
			978	512
			979	512
			980	513
			981	513
			982	514
			983	514
			984	514
			985	515
			986	515
			987	515
			987	516
			988	516
			989	517
			990	517
			991	517
			992	518
			993	518
			994	519
			995	519
			995	520
			996	520
			997	521
			998	521
			999	522
			1000	522
			1001	523
			1002	523
			1003	524
			1004	524
			1005	525
			1006	526
			1007	526
			1008	527
			1009	527
			1010	528
		</suture>
		<anterior type=matrix rownames=FALSE colnames=FALSE nrow=771 ncol=2 as.numeric=TRUE >
			537	67
			538	67
			539	67
			540	67
			541	67
			542	68
			543	68
			544	68
			545	68
			546	68
			547	68
			548	69
			549	69
			550	69
			551	69
			552	69
			553	69
			554	69
			555	70
			556	70
			557	70
			558	70
			559	70
			560	70
			561	71
			562	71
			563	71
			564	71
			565	71
			566	72
			567	72
			568	72
			569	72
			570	72
			570	73
			571	73
			572	73
			573	73
			574	73
			575	74
			576	74
			577	74
			578	74
			579	75
			580	75
			581	75
			582	75
			583	75
			584	76
			585	76
			586	76
			587	77
			588	77
			589	77
			590	77
			591	78
			592	78
			593	78
			594	78
			595	79
			596	79
			597	79
			598	80
			599	80
			600	80
			601	81
			602	81
			603	81
			604	81
			605	82
			606	82
			607	82
			608	83
			609	83
			610	83
			610	84
			611	84
			612	84
			613	85
			614	85
			615	85
			616	86
			617	86
			618	86
			619	87
			620	87
			621	87
			622	88
			623	88
			624	88
			625	89
			626	89
			627	89
			628	90
			629	90
			630	91
			631	91
			632	92
			633	92
			634	92
			635	93
			636	93
			637	93
			638	94
			639	94
			640	95
			641	95
			642	96
			643	96
			644	97
			645	97
			646	97
			647	98
			648	98
			649	99
			650	99
			651	100
			652	100
			653	101
			654	101
			655	101
			656	102
			657	102
			658	103
			659	103
			660	104
			661	104
			662	105
			663	105
			664	106
			665	106
			666	107
			667	107
			667	108
			668	108
			669	109
			670	109
			671	110
			672	110
			673	111
			674	111
			675	112
			676	112
			677	113
			678	113
			679	114
			680	114
			681	115
			682	115
			683	116
			684	117
			685	117
			686	118
			687	118
			688	119
			689	119
			690	120
			691	120
			692	121
			693	122
			694	122
			695	123
			696	123
			697	124
			698	124
			699	125
			700	126
			701	127
			702	127
			703	128
			704	128
			704	129
			705	129
			706	129
			706	130
			707	130
			708	131
			709	132
			710	133
			711	133
			712	134
			713	134
			714	135
			715	135
			715	136
			716	136
			717	137
			718	138
			719	138
			720	139
			721	140
			722	140
			723	141
			724	142
			725	143
			726	143
			727	144
			728	145
			729	145
			730	146
			731	147
			732	147
			733	148
			734	149
			735	150
			736	150
			737	151
			738	152
			739	153
			740	153
			741	154
			742	155
			743	156
			744	156
			745	157
			746	158
			747	159
			748	159
			749	160
			750	161
			751	162
			752	162
			753	163
			754	164
			755	165
			756	166
			757	166
			758	167
			759	168
			760	169
			761	170
			762	170
			763	171
			764	172
			765	173
			766	174
			767	174
			768	175
			769	176
			770	177
			771	178
			772	179
			773	179
			774	180
			775	181
			776	182
			777	183
			778	184
			779	185
			780	185
			781	186
			782	187
			783	188
			784	189
			785	190
			786	191
			787	191
			788	192
			789	193
			790	194
			791	195
			792	196
			793	197
			794	198
			795	199
			796	200
			797	201
			798	201
			799	202
			799	203
			800	204
			801	205
			802	206
			803	207
			804	208
			805	209
			806	210
			807	211
			808	212
			809	213
			810	214
			811	215
			812	216
			813	217
			814	218
			815	218
			816	219
			817	220
			818	221
			819	222
			820	223
			821	224
			822	225
			823	226
			824	227
			825	228
			826	229
			827	230
			828	231
			829	232
			830	233
			831	234
			831	235
			832	236
			833	236
			833	237
			834	238
			835	239
			836	240
			837	241
			838	242
			839	243
			840	244
			841	245
			842	246
			843	247
			844	248
			845	249
			846	250
			847	251
			848	252
			849	253
			850	254
			851	255
			852	256
			853	257
			853	258
			854	258
			855	259
			856	260
			856	261
			857	261
			858	262
			859	263
			859	264
			860	264
			861	265
			861	266
			862	267
			863	268
			864	268
			864	269
			865	270
			866	271
			867	272
			868	273
			869	274
			870	275
			871	276
			871	277
			872	277
			873	278
			874	279
			875	280
			876	281
			876	282
			877	283
			878	284
			879	285
			880	285
			880	286
			881	287
			882	288
			883	289
			884	290
			884	291
			885	292
			886	292
			887	293
			888	294
			888	295
			889	296
			890	297
			891	298
			892	299
			893	300
			894	301
			895	302
			896	303
			897	304
			898	305
			898	306
			899	307
			900	308
			901	309
			902	310
			902	311
			903	311
			903	312
			904	313
			905	314
			906	315
			907	316
			908	317
			908	318
			909	319
			910	319
			910	320
			911	321
			911	322
			912	322
			913	323
			913	324
			914	324
			914	325
			915	326
			916	327
			917	328
			918	329
			918	330
			919	331
			920	332
			921	333
			921	334
			922	334
			923	335
			923	336
			924	337
			925	338
			926	339
			927	340
			927	341
			928	342
			929	343
			930	344
			930	345
			931	346
			932	347
			933	348
			933	349
			934	350
			935	351
			936	352
			936	353
			937	354
			938	355
			938	356
			939	357
			940	358
			941	359
			941	360
			942	360
			943	361
			943	362
			944	363
			944	364
			945	365
			945	366
			946	367
			947	368
			948	369
			948	370
			949	371
			949	372
			950	373
			951	374
			951	375
			952	376
			952	377
			953	378
			953	379
			954	380
			955	381
			955	382
			956	383
			956	384
			957	385
			957	386
			958	387
			958	388
			959	389
			959	390
			960	390
			960	391
			961	392
			961	393
			962	394
			962	395
			963	396
			963	397
			964	398
			964	399
			965	399
			965	400
			966	401
			966	402
			967	403
			967	404
			968	405
			968	406
			969	407
			969	408
			970	409
			970	410
			971	411
			971	412
			972	413
			972	414
			973	415
			973	416
			974	417
			974	418
			975	419
			975	420
			976	421
			976	422
			977	423
			977	424
			977	425
			978	426
			978	427
			979	428
			979	429
			980	429
			980	430
			980	431
			981	432
			981	433
			982	434
			982	435
			983	436
			983	437
			983	438
			984	439
			984	440
			985	441
			985	442
			985	443
			986	444
			986	445
			987	446
			987	447
			988	448
			988	449
			989	450
			989	451
			989	452
			990	453
			990	454
			991	455
			991	456
			991	457
			992	458
			992	459
			992	460
			993	461
			993	462
			994	463
			994	464
			994	465
			995	466
			995	467
			995	468
			996	469
			996	470
			996	471
			997	472
			997	473
			998	474
			998	475
			998	476
			999	477
			999	478
			999	479
			1000	480
			1000	481
			1000	482
			1001	483
			1001	484
			1001	485
			1002	486
			1002	487
			1002	488
			1003	489
			1003	490
			1003	491
			1003	492
			1004	493
			1004	494
			1004	495
			1005	496
			1005	497
			1005	498
			1006	499
			1006	500
			1006	501
			1006	502
			1007	503
			1007	504
			1007	505
			1008	506
			1008	507
			1008	508
			1008	509
			1009	510
			1009	511
			1009	512
			1009	513
			1010	514
			1010	515
			1010	516
			1010	517
			1011	518
			1011	519
			1011	520
			1011	521
			1012	522
			1012	523
			1012	524
			1012	525
			1013	526
			1013	527
			1013	528
			1013	529
			1013	530
			1014	531
			1014	532
			1014	533
			1014	534
			1015	535
			1015	536
			1015	537
			1015	538
			1015	539
			1016	540
			1016	541
			1016	542
			1016	543
			1016	544
			1017	545
			1017	546
			1017	547
			1017	548
			1017	549
			1017	550
			1018	551
			1018	552
			1018	553
			1018	554
			1018	555
			1018	556
			1019	557
			1019	558
			1019	559
			1019	560
			1019	561
			1019	562
			1020	563
			1020	564
			1020	565
			1020	566
			1020	567
			1020	568
			1020	569
			1021	570
			1021	571
			1021	572
			1021	573
			1021	574
			1021	575
			1021	576
			1021	577
			1022	578
			1022	579
			1022	580
			1022	581
			1022	582
			1022	583
			1022	584
			1022	585
			1022	586
			1023	587
			1023	588
			1023	589
			1023	590
			1023	591
			1023	592
			1023	593
			1023	594
			1023	595
			1023	596
			1024	597
			1024	598
			1024	599
			1024	600
			1024	601
			1024	602
			1024	603
			1024	604
			1024	605
			1024	606
			1024	607
			1024	608
			1024	609
			1024	610
			1024	611
			1025	612
			1025	613
			1025	614
			1025	615
			1025	616
			1025	617
			1025	618
			1025	619
			1025	620
			1025	621
			1025	622
			1025	623
			1025	624
			1025	625
			1025	626
			1025	627
			1025	628
			1025	629
			1025	630
			1025	631
			1025	632
			1025	633
			1025	634
			1025	635
			1025	636
			1025	637
			1025	638
			1025	639
			1025	640
			1025	641
			1025	642
			1025	643
			1025	644
			1025	645
			1025	646
			1025	647
			1025	648
			1025	649
			1025	650
			1025	651
			1025	652
			1025	653
			1025	654
			1025	655
			1025	656
			1025	657
			1025	658
			1025	659
			1025	660
			1025	661
			1025	662
			1025	663
			1025	664
			1025	665
			1025	666
			1024	667
			1024	668
			1024	669
			1024	670
			1024	671
			1024	672
			1023	673
			1023	674
			1023	675
			1023	676
			1022	677
			1022	678
			1022	679
			1022	680
			1021	681
			1021	682
			1020	683
			1020	684
			1019	685
			1019	686
		</anterior>
		<posterior type=matrix rownames=FALSE colnames=FALSE nrow=530 ncol=2 as.numeric=TRUE >
			534	686
			535	686
			536	687
			537	687
			538	687
			539	688
			540	688
			541	688
			542	688
			542	689
			543	689
			544	689
			545	689
			546	689
			547	690
			548	690
			549	690
			550	690
			551	691
			552	691
			553	691
			554	691
			555	692
			556	692
			557	692
			558	692
			559	692
			560	692
			561	693
			562	693
			563	693
			564	693
			565	693
			566	693
			567	694
			568	694
			569	694
			570	694
			571	694
			572	694
			573	694
			574	694
			575	695
			576	695
			577	695
			578	695
			579	695
			580	695
			581	695
			582	695
			583	695
			584	695
			585	695
			586	695
			587	696
			588	696
			589	696
			590	696
			591	696
			592	696
			593	696
			594	696
			595	696
			596	696
			597	696
			598	696
			599	696
			600	696
			601	696
			602	696
			603	696
			604	696
			605	696
			606	696
			607	696
			608	696
			609	696
			610	696
			611	696
			612	696
			613	696
			614	696
			615	696
			616	696
			617	696
			618	696
			619	696
			620	696
			621	696
			622	696
			623	695
			624	695
			625	695
			626	695
			627	695
			628	695
			629	695
			630	695
			631	695
			632	695
			633	695
			634	695
			635	695
			636	695
			637	694
			638	694
			639	694
			640	694
			641	694
			642	694
			643	694
			644	694
			645	694
			646	694
			647	693
			648	693
			649	693
			650	693
			651	693
			652	693
			653	693
			654	693
			655	693
			656	692
			657	692
			658	692
			659	692
			660	692
			661	692
			662	692
			663	691
			664	691
			665	691
			666	691
			667	691
			668	691
			669	690
			670	690
			671	690
			672	690
			673	690
			674	690
			675	689
			676	689
			677	689
			678	689
			679	689
			680	689
			681	688
			682	688
			683	688
			684	688
			685	688
			686	687
			687	687
			688	687
			689	687
			690	687
			691	686
			692	686
			693	686
			694	686
			695	686
			696	685
			697	685
			698	685
			699	685
			700	685
			701	684
			702	684
			703	684
			704	684
			705	683
			706	682
			707	682
			708	681
			709	681
			710	681
			711	680
			712	680
			713	679
			714	679
			715	679
			716	678
			717	678
			718	678
			718	677
			719	677
			720	677
			721	676
			722	676
			723	676
			724	676
			725	675
			726	675
			727	675
			728	675
			729	674
			730	674
			731	674
			732	674
			733	673
			734	673
			735	673
			736	673
			737	672
			738	672
			739	672
			740	672
			741	672
			742	672
			743	671
			744	671
			745	671
			746	671
			747	671
			748	671
			749	671
			750	670
			751	670
			752	670
			753	670
			754	670
			755	670
			756	670
			757	670
			758	670
			759	669
			760	669
			761	669
			762	669
			763	669
			764	669
			765	669
			766	669
			767	669
			768	669
			769	669
			770	669
			771	669
			772	668
			773	668
			774	668
			775	668
			776	668
			777	668
			778	668
			779	668
			780	668
			781	668
			782	668
			783	668
			784	668
			785	668
			786	668
			787	668
			788	668
			789	668
			790	668
			791	668
			792	668
			793	668
			794	668
			795	668
			796	668
			797	668
			798	668
			799	668
			800	668
			801	668
			802	668
			803	668
			804	668
			805	668
			806	668
			807	668
			808	668
			809	668
			810	668
			811	668
			812	668
			813	669
			814	669
			815	669
			816	669
			817	669
			818	669
			819	669
			820	669
			821	669
			822	670
			823	670
			824	670
			825	670
			826	670
			827	670
			828	670
			829	671
			830	671
			831	671
			832	671
			833	671
			834	671
			835	672
			836	672
			837	672
			838	672
			839	672
			840	673
			841	673
			842	673
			843	673
			844	673
			845	674
			846	674
			847	674
			848	674
			849	674
			849	675
			850	675
			851	675
			852	675
			853	676
			854	676
			855	676
			856	676
			857	677
			858	677
			859	677
			860	677
			861	678
			862	678
			863	678
			864	678
			865	679
			866	679
			867	679
			868	679
			869	680
			870	680
			871	680
			872	681
			873	681
			874	681
			875	681
			876	682
			877	682
			878	682
			879	683
			880	683
			881	683
			882	684
			883	684
			884	684
			885	685
			886	685
			887	685
			888	686
			889	686
			890	686
			891	687
			892	687
			893	688
			894	688
			895	688
			896	688
			897	689
			898	689
			899	690
			900	690
			901	690
			902	690
			902	691
			903	691
			904	691
			905	692
			906	692
			907	692
			908	693
			909	693
			910	694
			911	694
			912	694
			913	695
			914	695
			915	695
			916	696
			917	696
			918	697
			919	697
			920	697
			921	698
			922	698
			923	698
			924	698
			925	699
			926	699
			927	699
			928	699
			929	700
			930	700
			931	700
			932	700
			933	700
			934	701
			935	701
			936	701
			937	701
			938	701
			939	701
			940	702
			941	702
			942	702
			943	702
			944	702
			945	702
			946	702
			947	702
			948	703
			949	703
			950	703
			951	703
			952	703
			953	703
			954	703
			955	703
			956	703
			957	703
			958	703
			959	703
			960	703
			961	703
			962	703
			963	703
			964	703
			965	703
			966	703
			967	703
			968	703
			969	703
			970	703
			971	703
			972	703
			973	703
			974	703
			975	703
			976	703
			977	703
			978	703
			979	703
			980	703
			981	703
			982	703
			983	703
			984	703
			985	703
			986	703
			987	702
			988	702
			989	702
			990	702
			991	702
			992	702
			993	701
			994	701
			995	701
			996	700
			997	700
			998	700
			999	700
			1000	699
			1001	699
			1002	699
			1003	698
			1004	698
			1005	697
			1006	697
			1007	696
			1008	696
			1009	695
			1010	695
			1011	694
			1012	694
			1012	693
			1013	692
			1014	692
			1015	691
			1015	690
			1016	690
			1017	689
			1017	688
			1018	688
			1019	687
			1019	686
			1020	685
			1020	684
			1021	684
			1021	683
			1021	682
			1022	681
			1022	680
			1022	679
			1023	678
			1023	677
			1023	676
			1023	675
			1024	674
			1024	673
			1024	672
			1024	671
			1024	670
			1024	669
			1023	669
			1022	670
			1022	671
			1022	672
			1021	673
			1021	674
			1021	675
			1021	676
			1021	677
			1020	678
			1020	679
			1020	680
			1020	681
			1020	682
			1019	683
			1019	684
			1019	685
			1019	686
		</posterior>
	</curves.pixel>
	<curves.scaled type=list>
		<glabella type=matrix rownames=FALSE colnames=FALSE nrow=738 ncol=2 as.numeric=TRUE >
			8.97306397306397	-1.34680134680135
			8.98989898989899	-1.34680134680135
			9.00673400673401	-1.34680134680135
			9.02356902356902	-1.34680134680135
			9.04040404040404	-1.36363636363636
			9.05723905723906	-1.36363636363636
			9.07407407407407	-1.36363636363636
			9.09090909090909	-1.36363636363636
			9.10774410774411	-1.36363636363636
			9.12457912457912	-1.36363636363636
			9.14141414141414	-1.38047138047138
			9.15824915824916	-1.38047138047138
			9.17508417508417	-1.38047138047138
			9.19191919191919	-1.38047138047138
			9.20875420875421	-1.38047138047138
			9.22558922558922	-1.38047138047138
			9.24242424242424	-1.3973063973064
			9.25925925925926	-1.3973063973064
			9.27609427609428	-1.3973063973064
			9.29292929292929	-1.3973063973064
			9.30976430976431	-1.3973063973064
			9.32659932659933	-1.3973063973064
			9.34343434343434	-1.41414141414141
			9.36026936026936	-1.41414141414141
			9.37710437710438	-1.41414141414141
			9.39393939393939	-1.41414141414141
			9.41077441077441	-1.41414141414141
			9.42760942760943	-1.43097643097643
			9.44444444444444	-1.43097643097643
			9.46127946127946	-1.43097643097643
			9.47811447811448	-1.43097643097643
			9.49494949494949	-1.44781144781145
			9.51178451178451	-1.44781144781145
			9.52861952861953	-1.44781144781145
			9.54545454545454	-1.44781144781145
			9.56228956228956	-1.44781144781145
			9.57912457912458	-1.46464646464646
			9.5959595959596	-1.46464646464646
			9.61279461279461	-1.46464646464646
			9.62962962962963	-1.46464646464646
			9.64646464646465	-1.46464646464646
			9.66329966329966	-1.48148148148148
			9.68013468013468	-1.48148148148148
			9.6969696969697	-1.48148148148148
			9.71380471380471	-1.48148148148148
			9.73063973063973	-1.4983164983165
			9.74747474747475	-1.4983164983165
			9.76430976430976	-1.4983164983165
			9.78114478114478	-1.4983164983165
			9.7979797979798	-1.51515151515152
			9.81481481481481	-1.51515151515152
			9.83164983164983	-1.51515151515152
			9.84848484848485	-1.51515151515152
			9.86531986531987	-1.53198653198653
			9.88215488215488	-1.53198653198653
			9.8989898989899	-1.53198653198653
			9.91582491582492	-1.54882154882155
			9.93265993265993	-1.54882154882155
			9.94949494949495	-1.54882154882155
			9.96632996632997	-1.54882154882155
			9.98316498316498	-1.56565656565657
			10	-1.56565656565657
			10.016835016835	-1.56565656565657
			10.03367003367	-1.56565656565657
			10.0505050505051	-1.58249158249158
			10.0673400673401	-1.58249158249158
			10.0841750841751	-1.5993265993266
			10.1010101010101	-1.5993265993266
			10.1178451178451	-1.5993265993266
			10.1346801346801	-1.61616161616162
			10.1515151515152	-1.61616161616162
			10.1683501683502	-1.61616161616162
			10.1851851851852	-1.61616161616162
			10.1851851851852	-1.63299663299663
			10.2020202020202	-1.63299663299663
			10.2188552188552	-1.63299663299663
			10.2356902356902	-1.63299663299663
			10.2525252525253	-1.64983164983165
			10.2693602693603	-1.64983164983165
			10.2861952861953	-1.64983164983165
			10.3030303030303	-1.66666666666667
			10.3198653198653	-1.66666666666667
			10.3367003367003	-1.68350168350168
			10.3535353535354	-1.68350168350168
			10.3703703703704	-1.68350168350168
			10.3872053872054	-1.7003367003367
			10.4040404040404	-1.7003367003367
			10.4208754208754	-1.7003367003367
			10.4377104377104	-1.71717171717172
			10.4545454545455	-1.71717171717172
			10.4713804713805	-1.71717171717172
			10.4713804713805	-1.73400673400673
			10.4882154882155	-1.73400673400673
			10.5050505050505	-1.73400673400673
			10.5218855218855	-1.75084175084175
			10.5387205387205	-1.75084175084175
			10.5555555555556	-1.75084175084175
			10.5723905723906	-1.76767676767677
			10.5892255892256	-1.76767676767677
			10.6060606060606	-1.78451178451178
			10.6228956228956	-1.78451178451178
			10.6397306397306	-1.8013468013468
			10.6565656565657	-1.8013468013468
			10.6734006734007	-1.81818181818182
			10.6902356902357	-1.81818181818182
			10.7070707070707	-1.81818181818182
			10.7239057239057	-1.83501683501683
			10.7407407407407	-1.83501683501683
			10.7575757575758	-1.85185185185185
			10.7744107744108	-1.85185185185185
			10.7912457912458	-1.86868686868687
			10.8080808080808	-1.86868686868687
			10.8249158249158	-1.88552188552189
			10.8417508417508	-1.88552188552189
			10.8585858585859	-1.9023569023569
			10.8754208754209	-1.9023569023569
			10.8922558922559	-1.91919191919192
			10.9090909090909	-1.91919191919192
			10.9259259259259	-1.93602693602694
			10.9427609427609	-1.93602693602694
			10.959595959596	-1.93602693602694
			10.976430976431	-1.95286195286195
			10.993265993266	-1.95286195286195
			11.010101010101	-1.96969696969697
			11.026936026936	-1.96969696969697
			11.043771043771	-1.98653198653199
			11.0606060606061	-1.98653198653199
			11.0774410774411	-2.003367003367
			11.0942760942761	-2.003367003367
			11.1111111111111	-2.02020202020202
			11.1279461279461	-2.03703703703704
			11.1447811447811	-2.03703703703704
			11.1616161616162	-2.05387205387205
			11.1784511784512	-2.05387205387205
			11.1784511784512	-2.07070707070707
			11.1952861952862	-2.07070707070707
			11.2121212121212	-2.08754208754209
			11.2289562289562	-2.08754208754209
			11.2457912457912	-2.1043771043771
			11.2626262626263	-2.1043771043771
			11.2794612794613	-2.12121212121212
			11.2962962962963	-2.12121212121212
			11.3131313131313	-2.13804713804714
			11.3299663299663	-2.15488215488215
			11.3468013468013	-2.15488215488215
			11.3636363636364	-2.17171717171717
			11.3804713804714	-2.17171717171717
			11.3804713804714	-2.18855218855219
			11.3973063973064	-2.18855218855219
			11.4141414141414	-2.20538720538721
			11.4309764309764	-2.22222222222222
			11.4478114478114	-2.22222222222222
			11.4646464646465	-2.23905723905724
			11.4814814814815	-2.23905723905724
			11.4983164983165	-2.25589225589226
			11.5151515151515	-2.25589225589226
			11.5151515151515	-2.27272727272727
			11.5319865319865	-2.28956228956229
			11.5488215488215	-2.28956228956229
			11.5656565656566	-2.30639730639731
			11.5824915824916	-2.30639730639731
			11.5993265993266	-2.32323232323232
			11.6161616161616	-2.34006734006734
			11.6329966329966	-2.34006734006734
			11.6329966329966	-2.35690235690236
			11.6498316498316	-2.37373737373737
			11.6666666666667	-2.37373737373737
			11.6835016835017	-2.39057239057239
			11.7003367003367	-2.39057239057239
			11.7171717171717	-2.39057239057239
			11.7171717171717	-2.40740740740741
			11.7340067340067	-2.40740740740741
			11.7508417508418	-2.42424242424242
			11.7676767676768	-2.42424242424242
			11.7845117845118	-2.44107744107744
			11.8013468013468	-2.44107744107744
			11.8181818181818	-2.45791245791246
			11.8350168350168	-2.45791245791246
			11.8518518518519	-2.47474747474747
			11.8686868686869	-2.49158249158249
			11.8855218855219	-2.49158249158249
			11.9023569023569	-2.50841750841751
			11.9191919191919	-2.50841750841751
			11.9360269360269	-2.52525252525253
			11.952861952862	-2.52525252525253
			11.969696969697	-2.54208754208754
			11.986531986532	-2.54208754208754
			12.003367003367	-2.55892255892256
			12.020202020202	-2.55892255892256
			12.037037037037	-2.57575757575758
			12.0538720538721	-2.59259259259259
			12.0707070707071	-2.60942760942761
			12.0875420875421	-2.60942760942761
			12.1043771043771	-2.62626262626263
			12.1212121212121	-2.62626262626263
			12.1380471380471	-2.64309764309764
			12.1548821548822	-2.64309764309764
			12.1717171717172	-2.65993265993266
			12.1885521885522	-2.67676767676768
			12.2053872053872	-2.67676767676768
			12.2222222222222	-2.69360269360269
			12.2390572390572	-2.71043771043771
			12.2558922558923	-2.71043771043771
			12.2727272727273	-2.72727272727273
			12.2895622895623	-2.72727272727273
			12.3063973063973	-2.74410774410774
			12.3232323232323	-2.74410774410774
			12.3232323232323	-2.76094276094276
			12.3400673400673	-2.76094276094276
			12.3569023569024	-2.77777777777778
			12.3737373737374	-2.79461279461279
			12.3905723905724	-2.79461279461279
			12.4074074074074	-2.81144781144781
			12.4242424242424	-2.81144781144781
			12.4242424242424	-2.82828282828283
			12.4410774410774	-2.82828282828283
			12.4579124579125	-2.84511784511785
			12.4747474747475	-2.86195286195286
			12.4915824915825	-2.86195286195286
			12.5084175084175	-2.87878787878788
			12.5252525252525	-2.8956228956229
			12.5420875420875	-2.91245791245791
			12.5589225589226	-2.91245791245791
			12.5757575757576	-2.92929292929293
			12.5925925925926	-2.94612794612795
			12.6094276094276	-2.94612794612795
			12.6262626262626	-2.96296296296296
			12.6430976430976	-2.97979797979798
			12.6599326599327	-2.97979797979798
			12.6767676767677	-2.996632996633
			12.6936026936027	-3.01346801346801
			12.7104377104377	-3.01346801346801
			12.7104377104377	-3.03030303030303
			12.7272727272727	-3.04713804713805
			12.7441077441077	-3.04713804713805
			12.7609427609428	-3.06397306397306
			12.7777777777778	-3.08080808080808
			12.7946127946128	-3.08080808080808
			12.8114478114478	-3.0976430976431
			12.8282828282828	-3.11447811447811
			12.8282828282828	-3.13131313131313
			12.8451178451178	-3.13131313131313
			12.8619528619529	-3.14814814814815
			12.8787878787879	-3.16498316498316
			12.8956228956229	-3.16498316498316
			12.9124579124579	-3.18181818181818
			12.9292929292929	-3.1986531986532
			12.9461279461279	-3.21548821548822
			12.962962962963	-3.23232323232323
			12.979797979798	-3.24915824915825
			12.996632996633	-3.26599326599327
			13.013468013468	-3.26599326599327
			13.030303030303	-3.28282828282828
			13.047138047138	-3.2996632996633
			13.0639730639731	-3.31649831649832
			13.0808080808081	-3.33333333333333
			13.0976430976431	-3.35016835016835
			13.1144781144781	-3.36700336700337
			13.1313131313131	-3.38383838383838
			13.1481481481481	-3.4006734006734
			13.1649831649832	-3.41750841750842
			13.1818181818182	-3.43434343434343
			13.1986531986532	-3.45117845117845
			13.2154882154882	-3.46801346801347
			13.2323232323232	-3.48484848484848
			13.2491582491582	-3.5016835016835
			13.2659932659933	-3.51851851851852
			13.2828282828283	-3.53535353535354
			13.2996632996633	-3.55218855218855
			13.3164983164983	-3.56902356902357
			13.3333333333333	-3.58585858585859
			13.3501683501683	-3.6026936026936
			13.3501683501683	-3.61952861952862
			13.3670033670034	-3.61952861952862
			13.3670033670034	-3.63636363636364
			13.3838383838384	-3.65319865319865
			13.4006734006734	-3.67003367003367
			13.4175084175084	-3.68686868686869
			13.4343434343434	-3.7037037037037
			13.4343434343434	-3.72053872053872
			13.4511784511785	-3.73737373737374
			13.4680134680135	-3.75420875420875
			13.4848484848485	-3.77104377104377
			13.4848484848485	-3.78787878787879
			13.5016835016835	-3.8047138047138
			13.5185185185185	-3.82154882154882
			13.5185185185185	-3.83838383838384
			13.5353535353535	-3.85521885521886
			13.5521885521886	-3.87205387205387
			13.5690235690236	-3.88888888888889
			13.5690235690236	-3.90572390572391
			13.5858585858586	-3.92255892255892
			13.5858585858586	-3.93939393939394
			13.6026936026936	-3.95622895622896
			13.6195286195286	-3.97306397306397
			13.6195286195286	-3.98989898989899
			13.6363636363636	-4.00673400673401
			13.6531986531987	-4.02356902356902
			13.6531986531987	-4.04040404040404
			13.6531986531987	-4.05723905723906
			13.6531986531987	-4.07407407407407
			13.6531986531987	-4.09090909090909
			13.6531986531987	-4.10774410774411
			13.6531986531987	-4.12457912457912
			13.6531986531987	-4.14141414141414
			13.6531986531987	-4.15824915824916
			13.6531986531987	-4.17508417508417
			13.6531986531987	-4.19191919191919
			13.6531986531987	-4.20875420875421
			13.6531986531987	-4.22558922558923
			13.6531986531987	-4.24242424242424
			13.6531986531987	-4.25925925925926
			13.6531986531987	-4.27609427609428
			13.6531986531987	-4.29292929292929
			13.6531986531987	-4.30976430976431
			13.6531986531987	-4.32659932659933
			13.6531986531987	-4.34343434343434
			13.6531986531987	-4.36026936026936
			13.6531986531987	-4.37710437710438
			13.6531986531987	-4.39393939393939
			13.6531986531987	-4.41077441077441
			13.6531986531987	-4.42760942760943
			13.6531986531987	-4.44444444444444
			13.6531986531987	-4.46127946127946
			13.6531986531987	-4.47811447811448
			13.6531986531987	-4.49494949494949
			13.6531986531987	-4.51178451178451
			13.6531986531987	-4.52861952861953
			13.6531986531987	-4.54545454545454
			13.6531986531987	-4.56228956228956
			13.6531986531987	-4.57912457912458
			13.6531986531987	-4.5959595959596
			13.6531986531987	-4.61279461279461
			13.6531986531987	-4.62962962962963
			13.6531986531987	-4.64646464646465
			13.6531986531987	-4.66329966329966
			13.6531986531987	-4.68013468013468
			13.6531986531987	-4.6969696969697
			13.6531986531987	-4.71380471380471
			13.6531986531987	-4.73063973063973
			13.6531986531987	-4.74747474747475
			13.6531986531987	-4.76430976430976
			13.6531986531987	-4.78114478114478
			13.6531986531987	-4.7979797979798
			13.6531986531987	-4.81481481481481
			13.6531986531987	-4.83164983164983
			13.6531986531987	-4.84848484848485
			13.6531986531987	-4.86531986531987
			13.6531986531987	-4.88215488215488
			13.6531986531987	-4.8989898989899
			13.6363636363636	-4.91582491582492
			13.6363636363636	-4.93265993265993
			13.6363636363636	-4.94949494949495
			13.6363636363636	-4.96632996632997
			13.6363636363636	-4.98316498316498
			13.6363636363636	-5
			13.6363636363636	-5.01683501683502
			13.6363636363636	-5.03367003367003
			13.6363636363636	-5.05050505050505
			13.6363636363636	-5.06734006734007
			13.6363636363636	-5.08417508417508
			13.6363636363636	-5.1010101010101
			13.6363636363636	-5.11784511784512
			13.6363636363636	-5.13468013468013
			13.6195286195286	-5.15151515151515
			13.6195286195286	-5.16835016835017
			13.6195286195286	-5.18518518518519
			13.6195286195286	-5.2020202020202
			13.6195286195286	-5.21885521885522
			13.6195286195286	-5.23569023569024
			13.6195286195286	-5.25252525252525
			13.6195286195286	-5.26936026936027
			13.6195286195286	-5.28619528619529
			13.6195286195286	-5.3030303030303
			13.6195286195286	-5.31986531986532
			13.6026936026936	-5.33670033670034
			13.6026936026936	-5.35353535353535
			13.6026936026936	-5.37037037037037
			13.6026936026936	-5.38720538720539
			13.6026936026936	-5.4040404040404
			13.6026936026936	-5.42087542087542
			13.6026936026936	-5.43771043771044
			13.6026936026936	-5.45454545454545
			13.6026936026936	-5.47138047138047
			13.5858585858586	-5.47138047138047
			13.5858585858586	-5.48821548821549
			13.5858585858586	-5.50505050505051
			13.5858585858586	-5.52188552188552
			13.5858585858586	-5.53872053872054
			13.5858585858586	-5.55555555555556
			13.5858585858586	-5.57239057239057
			13.5858585858586	-5.58922558922559
			13.5690235690236	-5.60606060606061
			13.5690235690236	-5.62289562289562
			13.5690235690236	-5.63973063973064
			13.5690235690236	-5.65656565656566
			13.5690235690236	-5.67340067340067
			13.5690235690236	-5.69023569023569
			13.5690235690236	-5.70707070707071
			13.5521885521886	-5.72390572390572
			13.5521885521886	-5.74074074074074
			13.5521885521886	-5.75757575757576
			13.5521885521886	-5.77441077441077
			13.5521885521886	-5.79124579124579
			13.5521885521886	-5.80808080808081
			13.5521885521886	-5.82491582491582
			13.5353535353535	-5.82491582491582
			13.5353535353535	-5.84175084175084
			13.5353535353535	-5.85858585858586
			13.5353535353535	-5.87542087542088
			13.5353535353535	-5.89225589225589
			13.5353535353535	-5.90909090909091
			13.5185185185185	-5.92592592592593
			13.5185185185185	-5.94276094276094
			13.5185185185185	-5.95959595959596
			13.5185185185185	-5.97643097643098
			13.5185185185185	-5.99326599326599
			13.5016835016835	-6.01010101010101
			13.5016835016835	-6.02693602693603
			13.5016835016835	-6.04377104377104
			13.5016835016835	-6.06060606060606
			13.5016835016835	-6.07744107744108
			13.4848484848485	-6.09427609427609
			13.4848484848485	-6.11111111111111
			13.4848484848485	-6.12794612794613
			13.4848484848485	-6.14478114478114
			13.4848484848485	-6.16161616161616
			13.4680134680135	-6.16161616161616
			13.4680134680135	-6.17845117845118
			13.4680134680135	-6.1952861952862
			13.4680134680135	-6.21212121212121
			13.4680134680135	-6.22895622895623
			13.4511784511785	-6.24579124579125
			13.4511784511785	-6.26262626262626
			13.4511784511785	-6.27946127946128
			13.4511784511785	-6.2962962962963
			13.4511784511785	-6.31313131313131
			13.4343434343434	-6.32996632996633
			13.4343434343434	-6.34680134680135
			13.4343434343434	-6.36363636363636
			13.4343434343434	-6.38047138047138
			13.4175084175084	-6.38047138047138
			13.4175084175084	-6.3973063973064
			13.4175084175084	-6.41414141414141
			13.4175084175084	-6.43097643097643
			13.4175084175084	-6.44781144781145
			13.4006734006734	-6.46464646464646
			13.4006734006734	-6.48148148148148
			13.4006734006734	-6.4983164983165
			13.4006734006734	-6.51515151515151
			13.3838383838384	-6.53198653198653
			13.3838383838384	-6.54882154882155
			13.3838383838384	-6.56565656565657
			13.3670033670034	-6.58249158249158
			13.3670033670034	-6.5993265993266
			13.3670033670034	-6.61616161616162
			13.3501683501683	-6.63299663299663
			13.3501683501683	-6.64983164983165
			13.3501683501683	-6.66666666666667
			13.3501683501683	-6.68350168350168
			13.3333333333333	-6.7003367003367
			13.3333333333333	-6.71717171717172
			13.3333333333333	-6.73400673400673
			13.3164983164983	-6.75084175084175
			13.3164983164983	-6.76767676767677
			13.3164983164983	-6.78451178451178
			13.3164983164983	-6.8013468013468
			13.2996632996633	-6.81818181818182
			13.2996632996633	-6.83501683501683
			13.2996632996633	-6.85185185185185
			13.2828282828283	-6.85185185185185
			13.2828282828283	-6.86868686868687
			13.2828282828283	-6.88552188552189
			13.2659932659933	-6.9023569023569
			13.2659932659933	-6.91919191919192
			13.2659932659933	-6.93602693602694
			13.2491582491582	-6.95286195286195
			13.2491582491582	-6.96969696969697
			13.2491582491582	-6.98653198653199
			13.2491582491582	-7.003367003367
			13.2323232323232	-7.02020202020202
			13.2323232323232	-7.03703703703704
			13.2154882154882	-7.05387205387205
			13.2154882154882	-7.07070707070707
			13.2154882154882	-7.08754208754209
			13.1986531986532	-7.08754208754209
			13.1986531986532	-7.1043771043771
			13.1986531986532	-7.12121212121212
			13.1986531986532	-7.13804713804714
			13.1818181818182	-7.15488215488215
			13.1818181818182	-7.17171717171717
			13.1649831649832	-7.18855218855219
			13.1649831649832	-7.20538720538721
			13.1649831649832	-7.22222222222222
			13.1481481481481	-7.23905723905724
			13.1481481481481	-7.25589225589226
			13.1313131313131	-7.27272727272727
			13.1313131313131	-7.28956228956229
			13.1313131313131	-7.30639730639731
			13.1144781144781	-7.32323232323232
			13.1144781144781	-7.34006734006734
			13.0976430976431	-7.35690235690236
			13.0976430976431	-7.37373737373737
			13.0808080808081	-7.39057239057239
			13.0808080808081	-7.40740740740741
			13.0639730639731	-7.42424242424242
			13.0639730639731	-7.44107744107744
			13.0639730639731	-7.45791245791246
			13.047138047138	-7.47474747474747
			13.047138047138	-7.49158249158249
			13.030303030303	-7.50841750841751
			13.030303030303	-7.52525252525253
			13.013468013468	-7.54208754208754
			13.013468013468	-7.55892255892256
			12.996632996633	-7.57575757575758
			12.996632996633	-7.59259259259259
			12.996632996633	-7.60942760942761
			12.996632996633	-7.62626262626263
			12.996632996633	-7.64309764309764
			12.996632996633	-7.65993265993266
			12.996632996633	-7.67676767676768
			12.996632996633	-7.69360269360269
			12.996632996633	-7.71043771043771
			12.996632996633	-7.72727272727273
			12.996632996633	-7.74410774410774
			12.996632996633	-7.76094276094276
			12.996632996633	-7.77777777777778
			12.996632996633	-7.79461279461279
			12.996632996633	-7.81144781144781
			12.996632996633	-7.82828282828283
			12.996632996633	-7.84511784511785
			12.996632996633	-7.86195286195286
			12.996632996633	-7.87878787878788
			12.996632996633	-7.8956228956229
			12.996632996633	-7.91245791245791
			12.996632996633	-7.92929292929293
			12.996632996633	-7.94612794612795
			12.996632996633	-7.96296296296296
			12.996632996633	-7.97979797979798
			12.996632996633	-7.996632996633
			12.996632996633	-8.01346801346801
			12.996632996633	-8.03030303030303
			12.996632996633	-8.04713804713805
			12.996632996633	-8.06397306397306
			12.996632996633	-8.08080808080808
			12.996632996633	-8.0976430976431
			12.996632996633	-8.11447811447811
			12.996632996633	-8.13131313131313
			12.996632996633	-8.14814814814815
			12.996632996633	-8.16498316498316
			12.996632996633	-8.18181818181818
			12.996632996633	-8.1986531986532
			12.996632996633	-8.21548821548821
			12.996632996633	-8.23232323232323
			12.996632996633	-8.24915824915825
			12.996632996633	-8.26599326599327
			12.996632996633	-8.28282828282828
			12.996632996633	-8.2996632996633
			12.996632996633	-8.31649831649832
			12.996632996633	-8.33333333333333
			12.996632996633	-8.35016835016835
			12.996632996633	-8.36700336700337
			12.996632996633	-8.38383838383838
			12.996632996633	-8.4006734006734
			12.996632996633	-8.41750841750842
			12.996632996633	-8.43434343434343
			12.996632996633	-8.45117845117845
			12.996632996633	-8.46801346801347
			12.996632996633	-8.48484848484848
			12.996632996633	-8.5016835016835
			12.996632996633	-8.51851851851852
			12.996632996633	-8.53535353535353
			12.996632996633	-8.55218855218855
			12.996632996633	-8.56902356902357
			12.996632996633	-8.58585858585859
			12.996632996633	-8.6026936026936
			12.996632996633	-8.61952861952862
			12.996632996633	-8.63636363636364
			12.996632996633	-8.65319865319865
			12.996632996633	-8.67003367003367
			12.996632996633	-8.68686868686869
			12.996632996633	-8.7037037037037
			12.996632996633	-8.72053872053872
			12.996632996633	-8.73737373737374
			12.996632996633	-8.75420875420875
			12.996632996633	-8.77104377104377
			12.996632996633	-8.78787878787879
			12.996632996633	-8.8047138047138
			12.996632996633	-8.82154882154882
			12.996632996633	-8.83838383838384
			12.996632996633	-8.85521885521885
			12.996632996633	-8.87205387205387
			12.996632996633	-8.88888888888889
			12.996632996633	-8.9057239057239
			12.996632996633	-8.92255892255892
			12.996632996633	-8.93939393939394
			12.996632996633	-8.95622895622896
			12.996632996633	-8.97306397306397
			12.996632996633	-8.98989898989899
			12.996632996633	-9.00673400673401
			12.996632996633	-9.02356902356902
			12.996632996633	-9.04040404040404
			12.996632996633	-9.05723905723906
			12.979797979798	-9.07407407407407
			12.979797979798	-9.09090909090909
			12.979797979798	-9.10774410774411
			12.979797979798	-9.12457912457912
			12.979797979798	-9.14141414141414
			12.979797979798	-9.15824915824916
			12.979797979798	-9.17508417508417
			12.979797979798	-9.19191919191919
			12.979797979798	-9.20875420875421
			12.962962962963	-9.22558922558922
			12.962962962963	-9.24242424242424
			12.962962962963	-9.25925925925926
			12.962962962963	-9.27609427609428
			12.962962962963	-9.29292929292929
			12.962962962963	-9.30976430976431
			12.9461279461279	-9.32659932659933
			12.9461279461279	-9.34343434343434
			12.9461279461279	-9.36026936026936
			12.9461279461279	-9.37710437710438
			12.9461279461279	-9.39393939393939
			12.9292929292929	-9.41077441077441
			12.9292929292929	-9.42760942760943
			12.9292929292929	-9.44444444444444
			12.9292929292929	-9.46127946127946
			12.9292929292929	-9.47811447811448
			12.9292929292929	-9.49494949494949
			12.9124579124579	-9.49494949494949
			12.9124579124579	-9.51178451178451
			12.9124579124579	-9.52861952861953
			12.9124579124579	-9.54545454545454
			12.9124579124579	-9.56228956228956
			12.8956228956229	-9.57912457912458
			12.8956228956229	-9.5959595959596
			12.8956228956229	-9.61279461279461
			12.8956228956229	-9.62962962962963
			12.8787878787879	-9.64646464646465
			12.8787878787879	-9.66329966329966
			12.8787878787879	-9.68013468013468
			12.8787878787879	-9.6969696969697
			12.8619528619529	-9.71380471380471
			12.8619528619529	-9.73063973063973
			12.8619528619529	-9.74747474747475
			12.8619528619529	-9.76430976430976
			12.8451178451178	-9.76430976430976
			12.8451178451178	-9.78114478114478
			12.8451178451178	-9.7979797979798
			12.8451178451178	-9.81481481481481
			12.8451178451178	-9.83164983164983
			12.8282828282828	-9.83164983164983
			12.8282828282828	-9.84848484848485
			12.8282828282828	-9.86531986531987
			12.8282828282828	-9.88215488215488
			12.8114478114478	-9.8989898989899
			12.8114478114478	-9.91582491582492
			12.8114478114478	-9.93265993265993
			12.7946127946128	-9.94949494949495
			12.7946127946128	-9.96632996632997
			12.7946127946128	-9.98316498316498
			12.7777777777778	-10
			12.7777777777778	-10.016835016835
			12.7777777777778	-10.03367003367
			12.7609427609428	-10.0505050505051
			12.7609427609428	-10.0673400673401
			12.7609427609428	-10.0841750841751
			12.7441077441077	-10.1010101010101
			12.7441077441077	-10.1178451178451
			12.7441077441077	-10.1346801346801
			12.7272727272727	-10.1515151515152
			12.7272727272727	-10.1683501683502
			12.7272727272727	-10.1851851851852
			12.7104377104377	-10.2020202020202
			12.7104377104377	-10.2188552188552
			12.7104377104377	-10.2356902356902
			12.6936026936027	-10.2525252525253
			12.6936026936027	-10.2693602693603
			12.6767676767677	-10.2861952861953
			12.6767676767677	-10.3030303030303
			12.6767676767677	-10.3198653198653
			12.6599326599327	-10.3367003367003
			12.6599326599327	-10.3535353535354
			12.6599326599327	-10.3703703703704
			12.6430976430976	-10.3872053872054
			12.6430976430976	-10.4040404040404
			12.6430976430976	-10.4208754208754
			12.6599326599327	-10.4208754208754
			12.6599326599327	-10.4377104377104
			12.6767676767677	-10.4545454545455
			12.6767676767677	-10.4713804713805
			12.6936026936027	-10.4882154882155
			12.7104377104377	-10.5050505050505
			12.7104377104377	-10.5218855218855
			12.7104377104377	-10.5387205387205
			12.7272727272727	-10.5555555555556
			12.7272727272727	-10.5723905723906
			12.7441077441077	-10.5892255892256
			12.7441077441077	-10.6060606060606
			12.7441077441077	-10.6228956228956
			12.7609427609428	-10.6397306397306
			12.7609427609428	-10.6565656565657
			12.7609427609428	-10.6734006734007
			12.7609427609428	-10.6902356902357
			12.7777777777778	-10.7070707070707
			12.7777777777778	-10.7239057239057
			12.7777777777778	-10.7407407407407
			12.7777777777778	-10.7575757575758
			12.7777777777778	-10.7744107744108
			12.7777777777778	-10.7912457912458
			12.7777777777778	-10.8080808080808
			12.7946127946128	-10.8249158249158
			12.7946127946128	-10.8417508417508
			12.7946127946128	-10.8585858585859
			12.7946127946128	-10.8754208754209
			12.7777777777778	-10.8922558922559
			12.7777777777778	-10.9090909090909
			12.7777777777778	-10.9259259259259
			12.7777777777778	-10.9427609427609
			12.7777777777778	-10.959595959596
			12.7777777777778	-10.976430976431
			12.7777777777778	-10.993265993266
			12.7609427609428	-10.993265993266
			12.7609427609428	-11.010101010101
			12.7609427609428	-11.026936026936
			12.7609427609428	-11.043771043771
			12.7441077441077	-11.0606060606061
			12.7441077441077	-11.0774410774411
			12.7441077441077	-11.0942760942761
			12.7272727272727	-11.0942760942761
			12.7272727272727	-11.1111111111111
			12.7272727272727	-11.1279461279461
			12.7104377104377	-11.1447811447811
			12.7104377104377	-11.1616161616162
			12.6936026936027	-11.1616161616162
			12.6936026936027	-11.1784511784512
			12.6936026936027	-11.1952861952862
			12.6767676767677	-11.2121212121212
		</glabella>
		<suture type=matrix rownames=FALSE colnames=FALSE nrow=860 ncol=2 as.numeric=TRUE >
			9.04040404040404	-1.26262626262626
			9.05723905723906	-1.26262626262626
			9.07407407407407	-1.26262626262626
			9.09090909090909	-1.26262626262626
			9.10774410774411	-1.27946127946128
			9.12457912457912	-1.27946127946128
			9.14141414141414	-1.27946127946128
			9.15824915824916	-1.27946127946128
			9.17508417508417	-1.27946127946128
			9.19191919191919	-1.27946127946128
			9.20875420875421	-1.27946127946128
			9.22558922558922	-1.2962962962963
			9.24242424242424	-1.2962962962963
			9.25925925925926	-1.2962962962963
			9.27609427609428	-1.2962962962963
			9.29292929292929	-1.2962962962963
			9.30976430976431	-1.2962962962963
			9.32659932659933	-1.31313131313131
			9.34343434343434	-1.31313131313131
			9.36026936026936	-1.31313131313131
			9.37710437710438	-1.31313131313131
			9.39393939393939	-1.31313131313131
			9.41077441077441	-1.31313131313131
			9.42760942760943	-1.32996632996633
			9.44444444444444	-1.32996632996633
			9.46127946127946	-1.32996632996633
			9.47811447811448	-1.32996632996633
			9.49494949494949	-1.32996632996633
			9.49494949494949	-1.34680134680135
			9.51178451178451	-1.34680134680135
			9.52861952861953	-1.34680134680135
			9.54545454545454	-1.34680134680135
			9.56228956228956	-1.34680134680135
			9.57912457912458	-1.36363636363636
			9.5959595959596	-1.36363636363636
			9.61279461279461	-1.36363636363636
			9.62962962962963	-1.36363636363636
			9.64646464646465	-1.36363636363636
			9.66329966329966	-1.38047138047138
			9.68013468013468	-1.38047138047138
			9.6969696969697	-1.38047138047138
			9.71380471380471	-1.38047138047138
			9.73063973063973	-1.3973063973064
			9.74747474747475	-1.3973063973064
			9.76430976430976	-1.3973063973064
			9.78114478114478	-1.3973063973064
			9.7979797979798	-1.3973063973064
			9.81481481481481	-1.41414141414141
			9.83164983164983	-1.41414141414141
			9.84848484848485	-1.41414141414141
			9.86531986531987	-1.43097643097643
			9.88215488215488	-1.43097643097643
			9.8989898989899	-1.43097643097643
			9.91582491582492	-1.43097643097643
			9.93265993265993	-1.44781144781145
			9.94949494949495	-1.44781144781145
			9.96632996632997	-1.44781144781145
			9.98316498316498	-1.46464646464646
			10	-1.46464646464646
			10.016835016835	-1.46464646464646
			10.03367003367	-1.46464646464646
			10.0505050505051	-1.48148148148148
			10.0673400673401	-1.48148148148148
			10.0841750841751	-1.48148148148148
			10.1010101010101	-1.4983164983165
			10.1178451178451	-1.4983164983165
			10.1346801346801	-1.4983164983165
			10.1515151515152	-1.4983164983165
			10.1683501683502	-1.51515151515152
			10.1851851851852	-1.51515151515152
			10.2020202020202	-1.51515151515152
			10.2188552188552	-1.53198653198653
			10.2356902356902	-1.53198653198653
			10.2525252525253	-1.53198653198653
			10.2693602693603	-1.54882154882155
			10.2861952861953	-1.54882154882155
			10.3030303030303	-1.54882154882155
			10.3198653198653	-1.56565656565657
			10.3367003367003	-1.56565656565657
			10.3535353535354	-1.56565656565657
			10.3703703703704	-1.58249158249158
			10.3872053872054	-1.58249158249158
			10.4040404040404	-1.58249158249158
			10.4208754208754	-1.5993265993266
			10.4377104377104	-1.5993265993266
			10.4545454545455	-1.5993265993266
			10.4545454545455	-1.61616161616162
			10.4713804713805	-1.61616161616162
			10.4882154882155	-1.61616161616162
			10.5050505050505	-1.63299663299663
			10.5218855218855	-1.63299663299663
			10.5387205387205	-1.63299663299663
			10.5555555555556	-1.64983164983165
			10.5723905723906	-1.64983164983165
			10.5892255892256	-1.64983164983165
			10.6060606060606	-1.66666666666667
			10.6228956228956	-1.66666666666667
			10.6397306397306	-1.68350168350168
			10.6565656565657	-1.68350168350168
			10.6734006734007	-1.68350168350168
			10.6902356902357	-1.7003367003367
			10.7070707070707	-1.7003367003367
			10.7239057239057	-1.71717171717172
			10.7407407407407	-1.71717171717172
			10.7575757575758	-1.71717171717172
			10.7744107744108	-1.73400673400673
			10.7912457912458	-1.73400673400673
			10.8080808080808	-1.73400673400673
			10.8249158249158	-1.75084175084175
			10.8417508417508	-1.75084175084175
			10.8585858585859	-1.76767676767677
			10.8754208754209	-1.76767676767677
			10.8922558922559	-1.78451178451178
			10.9090909090909	-1.78451178451178
			10.9259259259259	-1.78451178451178
			10.9427609427609	-1.8013468013468
			10.959595959596	-1.8013468013468
			10.976430976431	-1.81818181818182
			10.993265993266	-1.81818181818182
			11.010101010101	-1.83501683501683
			11.026936026936	-1.83501683501683
			11.043771043771	-1.83501683501683
			11.043771043771	-1.85185185185185
			11.0606060606061	-1.85185185185185
			11.0774410774411	-1.85185185185185
			11.0774410774411	-1.86868686868687
			11.0942760942761	-1.86868686868687
			11.1111111111111	-1.86868686868687
			11.1111111111111	-1.88552188552189
			11.1279461279461	-1.88552188552189
			11.1447811447811	-1.88552188552189
			11.1447811447811	-1.9023569023569
			11.1616161616162	-1.9023569023569
			11.1784511784512	-1.9023569023569
			11.1952861952862	-1.91919191919192
			11.2121212121212	-1.91919191919192
			11.2289562289562	-1.93602693602694
			11.2457912457912	-1.93602693602694
			11.2626262626263	-1.95286195286195
			11.2794612794613	-1.95286195286195
			11.2962962962963	-1.96969696969697
			11.3131313131313	-1.96969696969697
			11.3299663299663	-1.98653198653199
			11.3468013468013	-1.98653198653199
			11.3636363636364	-2.003367003367
			11.3804713804714	-2.003367003367
			11.3973063973064	-2.02020202020202
			11.4141414141414	-2.02020202020202
			11.4309764309764	-2.03703703703704
			11.4478114478114	-2.05387205387205
			11.4646464646465	-2.05387205387205
			11.4814814814815	-2.07070707070707
			11.4983164983165	-2.07070707070707
			11.5151515151515	-2.08754208754209
			11.5319865319865	-2.08754208754209
			11.5488215488215	-2.1043771043771
			11.5656565656566	-2.1043771043771
			11.5824915824916	-2.12121212121212
			11.5993265993266	-2.12121212121212
			11.6161616161616	-2.13804713804714
			11.6329966329966	-2.13804713804714
			11.6498316498316	-2.15488215488215
			11.6666666666667	-2.17171717171717
			11.6835016835017	-2.17171717171717
			11.7003367003367	-2.18855218855219
			11.7171717171717	-2.18855218855219
			11.7340067340067	-2.20538720538721
			11.7508417508418	-2.20538720538721
			11.7676767676768	-2.22222222222222
			11.7845117845118	-2.22222222222222
			11.8013468013468	-2.23905723905724
			11.8181818181818	-2.25589225589226
			11.8350168350168	-2.25589225589226
			11.8518518518519	-2.27272727272727
			11.8686868686869	-2.27272727272727
			11.8855218855219	-2.28956228956229
			11.9023569023569	-2.30639730639731
			11.9191919191919	-2.30639730639731
			11.9360269360269	-2.32323232323232
			11.952861952862	-2.32323232323232
			11.969696969697	-2.34006734006734
			11.986531986532	-2.35690235690236
			12.003367003367	-2.35690235690236
			12.020202020202	-2.37373737373737
			12.037037037037	-2.37373737373737
			12.0538720538721	-2.39057239057239
			12.0707070707071	-2.40740740740741
			12.0875420875421	-2.40740740740741
			12.1043771043771	-2.42424242424242
			12.1212121212121	-2.42424242424242
			12.1380471380471	-2.44107744107744
			12.1548821548822	-2.45791245791246
			12.1717171717172	-2.45791245791246
			12.1885521885522	-2.47474747474747
			12.2053872053872	-2.49158249158249
			12.2222222222222	-2.49158249158249
			12.2390572390572	-2.50841750841751
			12.2558922558923	-2.52525252525253
			12.2727272727273	-2.52525252525253
			12.2895622895623	-2.54208754208754
			12.3063973063973	-2.55892255892256
			12.3232323232323	-2.55892255892256
			12.3400673400673	-2.57575757575758
			12.3569023569024	-2.59259259259259
			12.3737373737374	-2.59259259259259
			12.3905723905724	-2.60942760942761
			12.3905723905724	-2.62626262626263
			12.4074074074074	-2.62626262626263
			12.4242424242424	-2.64309764309764
			12.4410774410774	-2.65993265993266
			12.4579124579125	-2.65993265993266
			12.4747474747475	-2.67676767676768
			12.4915824915825	-2.69360269360269
			12.5084175084175	-2.69360269360269
			12.5252525252525	-2.71043771043771
			12.5420875420875	-2.72727272727273
			12.5589225589226	-2.72727272727273
			12.5757575757576	-2.74410774410774
			12.5925925925926	-2.76094276094276
			12.6094276094276	-2.77777777777778
			12.6262626262626	-2.77777777777778
			12.6430976430976	-2.79461279461279
			12.6599326599327	-2.81144781144781
			12.6767676767677	-2.81144781144781
			12.6936026936027	-2.82828282828283
			12.7104377104377	-2.84511784511785
			12.7272727272727	-2.86195286195286
			12.7441077441077	-2.86195286195286
			12.7609427609428	-2.87878787878788
			12.7777777777778	-2.8956228956229
			12.7946127946128	-2.91245791245791
			12.8114478114478	-2.91245791245791
			12.8282828282828	-2.92929292929293
			12.8451178451178	-2.94612794612795
			12.8619528619529	-2.96296296296296
			12.8787878787879	-2.96296296296296
			12.8956228956229	-2.97979797979798
			12.9124579124579	-2.996632996633
			12.9292929292929	-3.01346801346801
			12.9461279461279	-3.01346801346801
			12.962962962963	-3.03030303030303
			12.979797979798	-3.04713804713805
			12.996632996633	-3.06397306397306
			13.013468013468	-3.08080808080808
			13.030303030303	-3.0976430976431
			13.047138047138	-3.11447811447811
			13.0639730639731	-3.13131313131313
			13.0808080808081	-3.13131313131313
			13.0976430976431	-3.14814814814815
			13.1144781144781	-3.16498316498316
			13.1313131313131	-3.18181818181818
			13.1481481481481	-3.1986531986532
			13.1649831649832	-3.21548821548822
			13.1818181818182	-3.21548821548822
			13.1986531986532	-3.23232323232323
			13.1986531986532	-3.24915824915825
			13.2154882154882	-3.24915824915825
			13.2323232323232	-3.26599326599327
			13.2491582491582	-3.28282828282828
			13.2491582491582	-3.2996632996633
			13.2659932659933	-3.2996632996633
			13.2828282828283	-3.31649831649832
			13.2828282828283	-3.33333333333333
			13.2996632996633	-3.33333333333333
			13.3164983164983	-3.35016835016835
			13.3333333333333	-3.36700336700337
			13.3333333333333	-3.38383838383838
			13.3501683501683	-3.38383838383838
			13.3670033670034	-3.4006734006734
			13.3670033670034	-3.41750841750842
			13.3838383838384	-3.41750841750842
			13.4006734006734	-3.43434343434343
			13.4006734006734	-3.45117845117845
			13.4175084175084	-3.45117845117845
			13.4175084175084	-3.46801346801347
			13.4343434343434	-3.48484848484848
			13.4511784511785	-3.5016835016835
			13.4680134680135	-3.51851851851852
			13.4848484848485	-3.53535353535354
			13.5016835016835	-3.55218855218855
			13.5016835016835	-3.56902356902357
			13.5185185185185	-3.58585858585859
			13.5353535353535	-3.6026936026936
			13.5521885521886	-3.6026936026936
			13.5521885521886	-3.61952861952862
			13.5690235690236	-3.63636363636364
			13.5690235690236	-3.65319865319865
			13.5858585858586	-3.67003367003367
			13.6026936026936	-3.68686868686869
			13.6195286195286	-3.7037037037037
			13.6363636363636	-3.72053872053872
			13.6363636363636	-3.73737373737374
			13.6531986531987	-3.75420875420875
			13.6700336700337	-3.77104377104377
			13.6700336700337	-3.78787878787879
			13.6868686868687	-3.8047138047138
			13.7037037037037	-3.82154882154882
			13.7037037037037	-3.83838383838384
			13.7205387205387	-3.85521885521886
			13.7205387205387	-3.87205387205387
			13.7373737373737	-3.88888888888889
			13.7373737373737	-3.90572390572391
			13.7542087542088	-3.92255892255892
			13.7542087542088	-3.93939393939394
			13.7710437710438	-3.95622895622896
			13.7710437710438	-3.97306397306397
			13.7878787878788	-3.98989898989899
			13.7878787878788	-4.00673400673401
			13.8047138047138	-4.02356902356902
			13.8047138047138	-4.04040404040404
			13.8215488215488	-4.05723905723906
			13.8215488215488	-4.07407407407407
			13.8383838383838	-4.09090909090909
			13.8383838383838	-4.10774410774411
			13.8383838383838	-4.12457912457912
			13.8552188552189	-4.14141414141414
			13.8552188552189	-4.15824915824916
			13.8552188552189	-4.17508417508417
			13.8720538720539	-4.19191919191919
			13.8720538720539	-4.20875420875421
			13.8720538720539	-4.22558922558923
			13.8720538720539	-4.24242424242424
			13.8888888888889	-4.25925925925926
			13.8888888888889	-4.27609427609428
			13.8888888888889	-4.29292929292929
			13.8888888888889	-4.30976430976431
			13.9057239057239	-4.30976430976431
			13.9057239057239	-4.32659932659933
			13.9057239057239	-4.34343434343434
			13.9057239057239	-4.36026936026936
			13.9057239057239	-4.37710437710438
			13.9057239057239	-4.39393939393939
			13.9225589225589	-4.41077441077441
			13.9225589225589	-4.42760942760943
			13.9225589225589	-4.44444444444444
			13.9225589225589	-4.46127946127946
			13.9225589225589	-4.47811447811448
			13.9225589225589	-4.49494949494949
			13.9225589225589	-4.51178451178451
			13.9225589225589	-4.52861952861953
			13.9225589225589	-4.54545454545454
			13.9225589225589	-4.56228956228956
			13.9225589225589	-4.57912457912458
			13.9225589225589	-4.5959595959596
			13.9225589225589	-4.61279461279461
			13.9225589225589	-4.62962962962963
			13.9225589225589	-4.64646464646465
			13.9225589225589	-4.66329966329966
			13.9225589225589	-4.68013468013468
			13.9057239057239	-4.6969696969697
			13.9057239057239	-4.71380471380471
			13.9057239057239	-4.73063973063973
			13.9057239057239	-4.74747474747475
			13.9057239057239	-4.76430976430976
			13.9057239057239	-4.78114478114478
			13.8888888888889	-4.7979797979798
			13.8888888888889	-4.81481481481481
			13.8888888888889	-4.83164983164983
			13.8888888888889	-4.84848484848485
			13.8720538720539	-4.86531986531987
			13.8720538720539	-4.88215488215488
			13.8720538720539	-4.8989898989899
			13.8552188552189	-4.91582491582492
			13.8552188552189	-4.93265993265993
			13.8720538720539	-4.93265993265993
			13.8888888888889	-4.94949494949495
			13.9057239057239	-4.94949494949495
			13.9225589225589	-4.94949494949495
			13.9225589225589	-4.96632996632997
			13.9393939393939	-4.96632996632997
			13.956228956229	-4.96632996632997
			13.973063973064	-4.98316498316498
			13.989898989899	-4.98316498316498
			14.006734006734	-4.98316498316498
			14.023569023569	-5
			14.040404040404	-5
			14.0572390572391	-5.01683501683502
			14.0740740740741	-5.01683501683502
			14.0909090909091	-5.03367003367003
			14.1077441077441	-5.03367003367003
			14.1245791245791	-5.05050505050505
			14.1414141414141	-5.06734006734007
			14.1582491582492	-5.06734006734007
			14.1750841750842	-5.08417508417508
			14.1919191919192	-5.08417508417508
			14.2087542087542	-5.1010101010101
			14.2255892255892	-5.1010101010101
			14.2424242424242	-5.11784511784512
			14.2592592592593	-5.13468013468013
			14.2760942760943	-5.13468013468013
			14.2929292929293	-5.15151515151515
			14.3097643097643	-5.15151515151515
			14.3097643097643	-5.16835016835017
			14.3265993265993	-5.16835016835017
			14.3434343434343	-5.18518518518519
			14.3602693602694	-5.2020202020202
			14.3771043771044	-5.21885521885522
			14.3939393939394	-5.21885521885522
			14.4107744107744	-5.23569023569024
			14.4276094276094	-5.25252525252525
			14.4444444444444	-5.25252525252525
			14.4444444444444	-5.26936026936027
			14.4612794612795	-5.28619528619529
			14.4781144781145	-5.3030303030303
			14.4949494949495	-5.3030303030303
			14.5117845117845	-5.31986531986532
			14.5286195286195	-5.33670033670034
			14.5454545454545	-5.35353535353535
			14.5622895622896	-5.37037037037037
			14.5791245791246	-5.38720538720539
			14.5959595959596	-5.4040404040404
			14.6127946127946	-5.42087542087542
			14.6296296296296	-5.43771043771044
			14.6464646464646	-5.45454545454545
			14.6632996632997	-5.47138047138047
			14.6801346801347	-5.48821548821549
			14.6969696969697	-5.50505050505051
			14.7138047138047	-5.52188552188552
			14.7306397306397	-5.53872053872054
			14.7306397306397	-5.55555555555556
			14.7474747474747	-5.57239057239057
			14.7643097643098	-5.57239057239057
			14.7811447811448	-5.58922558922559
			14.7811447811448	-5.60606060606061
			14.7979797979798	-5.62289562289562
			14.8148148148148	-5.63973063973064
			14.8316498316498	-5.65656565656566
			14.8316498316498	-5.67340067340067
			14.8484848484848	-5.69023569023569
			14.8653198653199	-5.69023569023569
			14.8653198653199	-5.70707070707071
			14.8821548821549	-5.72390572390572
			14.8989898989899	-5.74074074074074
			14.9158249158249	-5.75757575757576
			14.9158249158249	-5.77441077441077
			14.9326599326599	-5.79124579124579
			14.9494949494949	-5.80808080808081
			14.96632996633	-5.82491582491582
			14.96632996633	-5.84175084175084
			14.983164983165	-5.85858585858586
			15	-5.87542087542088
			15.016835016835	-5.89225589225589
			15.016835016835	-5.90909090909091
			15.03367003367	-5.92592592592593
			15.0505050505051	-5.94276094276094
			15.0505050505051	-5.95959595959596
			15.0673400673401	-5.97643097643098
			15.0841750841751	-5.99326599326599
			15.1010101010101	-6.01010101010101
			15.1010101010101	-6.02693602693603
			15.1178451178451	-6.04377104377104
			15.1178451178451	-6.06060606060606
			15.1346801346801	-6.07744107744108
			15.1515151515152	-6.09427609427609
			15.1683501683502	-6.11111111111111
			15.1683501683502	-6.12794612794613
			15.1851851851852	-6.14478114478114
			15.1851851851852	-6.16161616161616
			15.2020202020202	-6.17845117845118
			15.2020202020202	-6.1952861952862
			15.2188552188552	-6.1952861952862
			15.2188552188552	-6.21212121212121
			15.2356902356902	-6.22895622895623
			15.2356902356902	-6.24579124579125
			15.2525252525253	-6.26262626262626
			15.2525252525253	-6.27946127946128
			15.2693602693603	-6.27946127946128
			15.2693602693603	-6.2962962962963
			15.2861952861953	-6.31313131313131
			15.2861952861953	-6.32996632996633
			15.3030303030303	-6.34680134680135
			15.3030303030303	-6.36363636363636
			15.3198653198653	-6.38047138047138
			15.3198653198653	-6.3973063973064
			15.3367003367003	-6.3973063973064
			15.3367003367003	-6.41414141414141
			15.3535353535354	-6.43097643097643
			15.3535353535354	-6.44781144781145
			15.3703703703704	-6.46464646464646
			15.3703703703704	-6.48148148148148
			15.3872053872054	-6.4983164983165
			15.3872053872054	-6.51515151515151
			15.4040404040404	-6.51515151515151
			15.4208754208754	-6.53198653198653
			15.4208754208754	-6.54882154882155
			15.4377104377104	-6.56565656565657
			15.4377104377104	-6.58249158249158
			15.4545454545455	-6.58249158249158
			15.4545454545455	-6.5993265993266
			15.4713804713805	-6.61616161616162
			15.4713804713805	-6.63299663299663
			15.4882154882155	-6.63299663299663
			15.4882154882155	-6.64983164983165
			15.5050505050505	-6.66666666666667
			15.5050505050505	-6.68350168350168
			15.5218855218855	-6.68350168350168
			15.5218855218855	-6.7003367003367
			15.5218855218855	-6.71717171717172
			15.5387205387205	-6.73400673400673
			15.5387205387205	-6.75084175084175
			15.5555555555556	-6.75084175084175
			15.5555555555556	-6.76767676767677
			15.5723905723906	-6.78451178451178
			15.5723905723906	-6.8013468013468
			15.5892255892256	-6.81818181818182
			15.6060606060606	-6.83501683501683
			15.6060606060606	-6.85185185185185
			15.6060606060606	-6.86868686868687
			15.6228956228956	-6.88552188552189
			15.6228956228956	-6.9023569023569
			15.6397306397306	-6.91919191919192
			15.6397306397306	-6.93602693602694
			15.6397306397306	-6.95286195286195
			15.6565656565657	-6.95286195286195
			15.6565656565657	-6.96969696969697
			15.6565656565657	-6.98653198653199
			15.6734006734007	-7.003367003367
			15.6734006734007	-7.02020202020202
			15.6734006734007	-7.03703703703704
			15.6902356902357	-7.05387205387205
			15.6902356902357	-7.07070707070707
			15.7070707070707	-7.08754208754209
			15.7070707070707	-7.1043771043771
			15.7070707070707	-7.12121212121212
			15.7070707070707	-7.13804713804714
			15.7239057239057	-7.15488215488215
			15.7239057239057	-7.17171717171717
			15.7239057239057	-7.18855218855219
			15.7239057239057	-7.20538720538721
			15.7407407407407	-7.22222222222222
			15.7407407407407	-7.23905723905724
			15.7407407407407	-7.25589225589226
			15.7407407407407	-7.27272727272727
			15.7407407407407	-7.28956228956229
			15.7407407407407	-7.30639730639731
			15.7407407407407	-7.32323232323232
			15.7575757575758	-7.34006734006734
			15.7575757575758	-7.35690235690236
			15.7575757575758	-7.37373737373737
			15.7575757575758	-7.39057239057239
			15.7575757575758	-7.40740740740741
			15.7575757575758	-7.42424242424242
			15.7575757575758	-7.44107744107744
			15.7575757575758	-7.45791245791246
			15.7575757575758	-7.47474747474747
			15.7575757575758	-7.49158249158249
			15.7407407407407	-7.50841750841751
			15.7407407407407	-7.52525252525253
			15.7407407407407	-7.54208754208754
			15.7407407407407	-7.55892255892256
			15.7407407407407	-7.57575757575758
			15.7407407407407	-7.59259259259259
			15.7407407407407	-7.60942760942761
			15.7239057239057	-7.62626262626263
			15.7239057239057	-7.64309764309764
			15.7239057239057	-7.65993265993266
			15.7070707070707	-7.67676767676768
			15.7070707070707	-7.69360269360269
			15.6902356902357	-7.71043771043771
			15.6902356902357	-7.72727272727273
			15.6902356902357	-7.74410774410774
			15.6734006734007	-7.76094276094276
			15.6734006734007	-7.77777777777778
			15.6565656565657	-7.79461279461279
			15.6565656565657	-7.81144781144781
			15.6397306397306	-7.82828282828283
			15.6397306397306	-7.84511784511785
			15.6228956228956	-7.86195286195286
			15.6060606060606	-7.87878787878788
			15.6060606060606	-7.8956228956229
			15.5892255892256	-7.91245791245791
			15.5723905723906	-7.92929292929293
			15.5723905723906	-7.94612794612795
			15.5555555555556	-7.96296296296296
			15.5387205387205	-7.97979797979798
			15.5218855218855	-7.996632996633
			15.5050505050505	-8.01346801346801
			15.5050505050505	-8.03030303030303
			15.4882154882155	-8.03030303030303
			15.4713804713805	-8.04713804713805
			15.4545454545455	-8.06397306397306
			15.4377104377104	-8.08080808080808
			15.4208754208754	-8.0976430976431
			15.4040404040404	-8.11447811447811
			15.3872053872054	-8.13131313131313
			15.3703703703704	-8.13131313131313
			15.3535353535354	-8.14814814814815
			15.3367003367003	-8.16498316498316
			15.3198653198653	-8.18181818181818
			15.3030303030303	-8.1986531986532
			15.2861952861953	-8.21548821548821
			15.2693602693603	-8.21548821548821
			15.2525252525253	-8.23232323232323
			15.2356902356902	-8.23232323232323
			15.2188552188552	-8.24915824915825
			15.2020202020202	-8.24915824915825
			15.1851851851852	-8.23232323232323
			15.1683501683502	-8.23232323232323
			15.1515151515152	-8.21548821548821
			15.1346801346801	-8.21548821548821
			15.1178451178451	-8.1986531986532
			15.1010101010101	-8.1986531986532
			15.0841750841751	-8.1986531986532
			15.0841750841751	-8.18181818181818
			15.0673400673401	-8.18181818181818
			15.0505050505051	-8.18181818181818
			15.03367003367	-8.16498316498316
			15.016835016835	-8.16498316498316
			15	-8.14814814814815
			14.983164983165	-8.14814814814815
			14.96632996633	-8.14814814814815
			14.9494949494949	-8.14814814814815
			14.9494949494949	-8.13131313131313
			14.9326599326599	-8.13131313131313
			14.9158249158249	-8.13131313131313
			14.8989898989899	-8.11447811447811
			14.8821548821549	-8.11447811447811
			14.8653198653199	-8.0976430976431
			14.8484848484848	-8.0976430976431
			14.8316498316498	-8.0976430976431
			14.8148148148148	-8.08080808080808
			14.7979797979798	-8.08080808080808
			14.7811447811448	-8.08080808080808
			14.7643097643098	-8.06397306397306
			14.7474747474747	-8.06397306397306
			14.7306397306397	-8.06397306397306
			14.7138047138047	-8.04713804713805
			14.6969696969697	-8.04713804713805
			14.6801346801347	-8.04713804713805
			14.6632996632997	-8.03030303030303
			14.6464646464646	-8.03030303030303
			14.6296296296296	-8.03030303030303
			14.6127946127946	-8.01346801346801
			14.5959595959596	-8.01346801346801
			14.5791245791246	-8.01346801346801
			14.5622895622896	-8.01346801346801
			14.5454545454545	-7.996632996633
			14.5286195286195	-7.996632996633
			14.5117845117845	-7.996632996633
			14.4949494949495	-7.996632996633
			14.4781144781145	-7.996632996633
			14.4612794612795	-7.97979797979798
			14.4444444444444	-7.97979797979798
			14.4276094276094	-7.97979797979798
			14.4107744107744	-7.97979797979798
			14.3939393939394	-7.97979797979798
			14.3771043771044	-7.97979797979798
			14.3602693602694	-7.97979797979798
			14.3434343434343	-7.97979797979798
			14.3265993265993	-7.97979797979798
			14.3097643097643	-7.97979797979798
			14.2929292929293	-7.97979797979798
			14.2760942760943	-7.996632996633
			14.2592592592593	-7.996632996633
			14.2424242424242	-7.996632996633
			14.2424242424242	-8.01346801346801
			14.2255892255892	-8.01346801346801
			14.2087542087542	-8.03030303030303
			14.1919191919192	-8.04713804713805
			14.1919191919192	-8.06397306397306
			14.1919191919192	-8.08080808080808
			14.1919191919192	-8.0976430976431
			14.1919191919192	-8.11447811447811
			14.1919191919192	-8.13131313131313
			14.1919191919192	-8.14814814814815
			14.1919191919192	-8.16498316498316
			14.2087542087542	-8.18181818181818
			14.2087542087542	-8.1986531986532
			14.2087542087542	-8.21548821548821
			14.2255892255892	-8.23232323232323
			14.2255892255892	-8.24915824915825
			14.2424242424242	-8.26599326599327
			14.2424242424242	-8.28282828282828
			14.2592592592593	-8.2996632996633
			14.2592592592593	-8.31649831649832
			14.2760942760943	-8.33333333333333
			14.2760942760943	-8.35016835016835
			14.2929292929293	-8.36700336700337
			14.3097643097643	-8.38383838383838
			14.3097643097643	-8.4006734006734
			14.3265993265993	-8.41750841750842
			14.3265993265993	-8.43434343434343
			14.3434343434343	-8.45117845117845
			14.3602693602694	-8.46801346801347
			14.3602693602694	-8.48484848484848
			14.3771043771044	-8.5016835016835
			14.3939393939394	-8.51851851851852
			14.3939393939394	-8.53535353535353
			14.4107744107744	-8.55218855218855
			14.4276094276094	-8.56902356902357
			14.4444444444444	-8.58585858585859
			14.4612794612795	-8.6026936026936
			14.4612794612795	-8.61952861952862
			14.4781144781145	-8.63636363636364
			14.4949494949495	-8.65319865319865
			14.5117845117845	-8.67003367003367
			14.5286195286195	-8.68686868686869
			14.5286195286195	-8.7037037037037
			14.5454545454545	-8.72053872053872
			14.5622895622896	-8.73737373737374
			14.5791245791246	-8.75420875420875
			14.5791245791246	-8.77104377104377
			14.5959595959596	-8.78787878787879
			14.6127946127946	-8.78787878787879
			14.6296296296296	-8.8047138047138
			14.6296296296296	-8.82154882154882
			14.6464646464646	-8.83838383838384
			14.6632996632997	-8.83838383838384
			14.6801346801347	-8.85521885521885
			14.6969696969697	-8.85521885521885
			14.7138047138047	-8.87205387205387
			14.7306397306397	-8.87205387205387
			14.7474747474747	-8.88888888888889
			14.7643097643098	-8.88888888888889
			14.7811447811448	-8.88888888888889
			14.7979797979798	-8.9057239057239
			14.8148148148148	-8.9057239057239
			14.8316498316498	-8.9057239057239
			14.8484848484848	-8.9057239057239
			14.8653198653199	-8.9057239057239
			14.8821548821549	-8.9057239057239
			14.8989898989899	-8.92255892255892
			14.9158249158249	-8.92255892255892
			14.9326599326599	-8.92255892255892
			14.9494949494949	-8.92255892255892
			14.96632996633	-8.92255892255892
			14.983164983165	-8.92255892255892
			15	-8.9057239057239
			15.016835016835	-8.9057239057239
			15.03367003367	-8.9057239057239
			15.0505050505051	-8.9057239057239
			15.0673400673401	-8.9057239057239
			15.0841750841751	-8.9057239057239
			15.1010101010101	-8.9057239057239
			15.1178451178451	-8.88888888888889
			15.1346801346801	-8.88888888888889
			15.1515151515152	-8.88888888888889
			15.1683501683502	-8.88888888888889
			15.1851851851852	-8.88888888888889
			15.1851851851852	-8.87205387205387
			15.2020202020202	-8.87205387205387
			15.2188552188552	-8.87205387205387
			15.2356902356902	-8.87205387205387
			15.2525252525253	-8.85521885521885
			15.2693602693603	-8.85521885521885
			15.2861952861953	-8.85521885521885
			15.3030303030303	-8.85521885521885
			15.3198653198653	-8.83838383838384
			15.3367003367003	-8.83838383838384
			15.3535353535354	-8.82154882154882
			15.3703703703704	-8.82154882154882
			15.3872053872054	-8.82154882154882
			15.3872053872054	-8.8047138047138
			15.4040404040404	-8.8047138047138
			15.4208754208754	-8.8047138047138
			15.4377104377104	-8.8047138047138
			15.4377104377104	-8.78787878787879
			15.4545454545455	-8.78787878787879
			15.4713804713805	-8.78787878787879
			15.4713804713805	-8.77104377104377
			15.4882154882155	-8.77104377104377
			15.5050505050505	-8.77104377104377
			15.5218855218855	-8.77104377104377
			15.5218855218855	-8.75420875420875
			15.5387205387205	-8.75420875420875
			15.5555555555556	-8.75420875420875
			15.5555555555556	-8.73737373737374
			15.5723905723906	-8.73737373737374
			15.5892255892256	-8.73737373737374
			15.6060606060606	-8.72053872053872
			15.6228956228956	-8.7037037037037
			15.6397306397306	-8.7037037037037
			15.6565656565657	-8.68686868686869
			15.6734006734007	-8.68686868686869
			15.6902356902357	-8.68686868686869
			15.7070707070707	-8.67003367003367
			15.7239057239057	-8.65319865319865
			15.7239057239057	-8.63636363636364
			15.7407407407407	-8.63636363636364
			15.7575757575758	-8.61952861952862
			15.7575757575758	-8.6026936026936
			15.7744107744108	-8.6026936026936
			15.7912457912458	-8.58585858585859
			15.8080808080808	-8.58585858585859
			15.8249158249158	-8.56902356902357
			15.8417508417508	-8.56902356902357
			15.8417508417508	-8.55218855218855
			15.8585858585859	-8.55218855218855
			15.8754208754209	-8.53535353535353
			15.8922558922559	-8.53535353535353
			15.9090909090909	-8.53535353535353
			15.9259259259259	-8.53535353535353
			15.9427609427609	-8.53535353535353
			15.9427609427609	-8.51851851851852
			15.959595959596	-8.51851851851852
			15.976430976431	-8.51851851851852
			15.993265993266	-8.51851851851852
			16.010101010101	-8.51851851851852
			16.026936026936	-8.51851851851852
			16.043771043771	-8.51851851851852
			16.0606060606061	-8.51851851851852
			16.0774410774411	-8.51851851851852
			16.0942760942761	-8.51851851851852
			16.1111111111111	-8.51851851851852
			16.1279461279461	-8.51851851851852
			16.1447811447811	-8.51851851851852
			16.1616161616162	-8.53535353535353
			16.1784511784512	-8.53535353535353
			16.1952861952862	-8.53535353535353
			16.2121212121212	-8.53535353535353
			16.2289562289562	-8.53535353535353
			16.2457912457912	-8.55218855218855
			16.2626262626263	-8.55218855218855
			16.2794612794613	-8.55218855218855
			16.2962962962963	-8.55218855218855
			16.3131313131313	-8.56902356902357
			16.3299663299663	-8.56902356902357
			16.3468013468013	-8.56902356902357
			16.3636363636364	-8.58585858585859
			16.3804713804714	-8.58585858585859
			16.3973063973064	-8.58585858585859
			16.4141414141414	-8.6026936026936
			16.4309764309764	-8.6026936026936
			16.4478114478114	-8.6026936026936
			16.4478114478114	-8.61952861952862
			16.4646464646465	-8.61952861952862
			16.4814814814815	-8.61952861952862
			16.4983164983165	-8.63636363636364
			16.5151515151515	-8.63636363636364
			16.5319865319865	-8.65319865319865
			16.5488215488216	-8.65319865319865
			16.5656565656566	-8.65319865319865
			16.5824915824916	-8.67003367003367
			16.5993265993266	-8.67003367003367
			16.6161616161616	-8.67003367003367
			16.6161616161616	-8.68686868686869
			16.6329966329966	-8.68686868686869
			16.6498316498317	-8.7037037037037
			16.6666666666667	-8.7037037037037
			16.6835016835017	-8.7037037037037
			16.7003367003367	-8.72053872053872
			16.7171717171717	-8.72053872053872
			16.7340067340067	-8.73737373737374
			16.7508417508418	-8.73737373737374
			16.7508417508418	-8.75420875420875
			16.7676767676768	-8.75420875420875
			16.7845117845118	-8.77104377104377
			16.8013468013468	-8.77104377104377
			16.8181818181818	-8.78787878787879
			16.8350168350168	-8.78787878787879
			16.8518518518519	-8.8047138047138
			16.8686868686869	-8.8047138047138
			16.8855218855219	-8.82154882154882
			16.9023569023569	-8.82154882154882
			16.9191919191919	-8.83838383838384
			16.9360269360269	-8.85521885521885
			16.952861952862	-8.85521885521885
			16.969696969697	-8.87205387205387
			16.986531986532	-8.87205387205387
			17.003367003367	-8.88888888888889
		</suture>
		<anterior type=matrix rownames=FALSE colnames=FALSE nrow=771 ncol=2 as.numeric=TRUE >
			9.04040404040404	-1.12794612794613
			9.05723905723906	-1.12794612794613
			9.07407407407407	-1.12794612794613
			9.09090909090909	-1.12794612794613
			9.10774410774411	-1.12794612794613
			9.12457912457912	-1.14478114478114
			9.14141414141414	-1.14478114478114
			9.15824915824916	-1.14478114478114
			9.17508417508417	-1.14478114478114
			9.19191919191919	-1.14478114478114
			9.20875420875421	-1.14478114478114
			9.22558922558922	-1.16161616161616
			9.24242424242424	-1.16161616161616
			9.25925925925926	-1.16161616161616
			9.27609427609428	-1.16161616161616
			9.29292929292929	-1.16161616161616
			9.30976430976431	-1.16161616161616
			9.32659932659933	-1.16161616161616
			9.34343434343434	-1.17845117845118
			9.36026936026936	-1.17845117845118
			9.37710437710438	-1.17845117845118
			9.39393939393939	-1.17845117845118
			9.41077441077441	-1.17845117845118
			9.42760942760943	-1.17845117845118
			9.44444444444444	-1.1952861952862
			9.46127946127946	-1.1952861952862
			9.47811447811448	-1.1952861952862
			9.49494949494949	-1.1952861952862
			9.51178451178451	-1.1952861952862
			9.52861952861953	-1.21212121212121
			9.54545454545454	-1.21212121212121
			9.56228956228956	-1.21212121212121
			9.57912457912458	-1.21212121212121
			9.5959595959596	-1.21212121212121
			9.5959595959596	-1.22895622895623
			9.61279461279461	-1.22895622895623
			9.62962962962963	-1.22895622895623
			9.64646464646465	-1.22895622895623
			9.66329966329966	-1.22895622895623
			9.68013468013468	-1.24579124579125
			9.6969696969697	-1.24579124579125
			9.71380471380471	-1.24579124579125
			9.73063973063973	-1.24579124579125
			9.74747474747475	-1.26262626262626
			9.76430976430976	-1.26262626262626
			9.78114478114478	-1.26262626262626
			9.7979797979798	-1.26262626262626
			9.81481481481481	-1.26262626262626
			9.83164983164983	-1.27946127946128
			9.84848484848485	-1.27946127946128
			9.86531986531987	-1.27946127946128
			9.88215488215488	-1.2962962962963
			9.8989898989899	-1.2962962962963
			9.91582491582492	-1.2962962962963
			9.93265993265993	-1.2962962962963
			9.94949494949495	-1.31313131313131
			9.96632996632997	-1.31313131313131
			9.98316498316498	-1.31313131313131
			10	-1.31313131313131
			10.016835016835	-1.32996632996633
			10.03367003367	-1.32996632996633
			10.0505050505051	-1.32996632996633
			10.0673400673401	-1.34680134680135
			10.0841750841751	-1.34680134680135
			10.1010101010101	-1.34680134680135
			10.1178451178451	-1.36363636363636
			10.1346801346801	-1.36363636363636
			10.1515151515152	-1.36363636363636
			10.1683501683502	-1.36363636363636
			10.1851851851852	-1.38047138047138
			10.2020202020202	-1.38047138047138
			10.2188552188552	-1.38047138047138
			10.2356902356902	-1.3973063973064
			10.2525252525253	-1.3973063973064
			10.2693602693603	-1.3973063973064
			10.2693602693603	-1.41414141414141
			10.2861952861953	-1.41414141414141
			10.3030303030303	-1.41414141414141
			10.3198653198653	-1.43097643097643
			10.3367003367003	-1.43097643097643
			10.3535353535354	-1.43097643097643
			10.3703703703704	-1.44781144781145
			10.3872053872054	-1.44781144781145
			10.4040404040404	-1.44781144781145
			10.4208754208754	-1.46464646464646
			10.4377104377104	-1.46464646464646
			10.4545454545455	-1.46464646464646
			10.4713804713805	-1.48148148148148
			10.4882154882155	-1.48148148148148
			10.5050505050505	-1.48148148148148
			10.5218855218855	-1.4983164983165
			10.5387205387205	-1.4983164983165
			10.5555555555556	-1.4983164983165
			10.5723905723906	-1.51515151515152
			10.5892255892256	-1.51515151515152
			10.6060606060606	-1.53198653198653
			10.6228956228956	-1.53198653198653
			10.6397306397306	-1.54882154882155
			10.6565656565657	-1.54882154882155
			10.6734006734007	-1.54882154882155
			10.6902356902357	-1.56565656565657
			10.7070707070707	-1.56565656565657
			10.7239057239057	-1.56565656565657
			10.7407407407407	-1.58249158249158
			10.7575757575758	-1.58249158249158
			10.7744107744108	-1.5993265993266
			10.7912457912458	-1.5993265993266
			10.8080808080808	-1.61616161616162
			10.8249158249158	-1.61616161616162
			10.8417508417508	-1.63299663299663
			10.8585858585859	-1.63299663299663
			10.8754208754209	-1.63299663299663
			10.8922558922559	-1.64983164983165
			10.9090909090909	-1.64983164983165
			10.9259259259259	-1.66666666666667
			10.9427609427609	-1.66666666666667
			10.959595959596	-1.68350168350168
			10.976430976431	-1.68350168350168
			10.993265993266	-1.7003367003367
			11.010101010101	-1.7003367003367
			11.026936026936	-1.7003367003367
			11.043771043771	-1.71717171717172
			11.0606060606061	-1.71717171717172
			11.0774410774411	-1.73400673400673
			11.0942760942761	-1.73400673400673
			11.1111111111111	-1.75084175084175
			11.1279461279461	-1.75084175084175
			11.1447811447811	-1.76767676767677
			11.1616161616162	-1.76767676767677
			11.1784511784512	-1.78451178451178
			11.1952861952862	-1.78451178451178
			11.2121212121212	-1.8013468013468
			11.2289562289562	-1.8013468013468
			11.2289562289562	-1.81818181818182
			11.2457912457912	-1.81818181818182
			11.2626262626263	-1.83501683501683
			11.2794612794613	-1.83501683501683
			11.2962962962963	-1.85185185185185
			11.3131313131313	-1.85185185185185
			11.3299663299663	-1.86868686868687
			11.3468013468013	-1.86868686868687
			11.3636363636364	-1.88552188552189
			11.3804713804714	-1.88552188552189
			11.3973063973064	-1.9023569023569
			11.4141414141414	-1.9023569023569
			11.4309764309764	-1.91919191919192
			11.4478114478114	-1.91919191919192
			11.4646464646465	-1.93602693602694
			11.4814814814815	-1.93602693602694
			11.4983164983165	-1.95286195286195
			11.5151515151515	-1.96969696969697
			11.5319865319865	-1.96969696969697
			11.5488215488215	-1.98653198653199
			11.5656565656566	-1.98653198653199
			11.5824915824916	-2.003367003367
			11.5993265993266	-2.003367003367
			11.6161616161616	-2.02020202020202
			11.6329966329966	-2.02020202020202
			11.6498316498316	-2.03703703703704
			11.6666666666667	-2.05387205387205
			11.6835016835017	-2.05387205387205
			11.7003367003367	-2.07070707070707
			11.7171717171717	-2.07070707070707
			11.7340067340067	-2.08754208754209
			11.7508417508418	-2.08754208754209
			11.7676767676768	-2.1043771043771
			11.7845117845118	-2.12121212121212
			11.8013468013468	-2.13804713804714
			11.8181818181818	-2.13804713804714
			11.8350168350168	-2.15488215488215
			11.8518518518519	-2.15488215488215
			11.8518518518519	-2.17171717171717
			11.8686868686869	-2.17171717171717
			11.8855218855219	-2.17171717171717
			11.8855218855219	-2.18855218855219
			11.9023569023569	-2.18855218855219
			11.9191919191919	-2.20538720538721
			11.9360269360269	-2.22222222222222
			11.952861952862	-2.23905723905724
			11.969696969697	-2.23905723905724
			11.986531986532	-2.25589225589226
			12.003367003367	-2.25589225589226
			12.020202020202	-2.27272727272727
			12.037037037037	-2.27272727272727
			12.037037037037	-2.28956228956229
			12.0538720538721	-2.28956228956229
			12.0707070707071	-2.30639730639731
			12.0875420875421	-2.32323232323232
			12.1043771043771	-2.32323232323232
			12.1212121212121	-2.34006734006734
			12.1380471380471	-2.35690235690236
			12.1548821548822	-2.35690235690236
			12.1717171717172	-2.37373737373737
			12.1885521885522	-2.39057239057239
			12.2053872053872	-2.40740740740741
			12.2222222222222	-2.40740740740741
			12.2390572390572	-2.42424242424242
			12.2558922558923	-2.44107744107744
			12.2727272727273	-2.44107744107744
			12.2895622895623	-2.45791245791246
			12.3063973063973	-2.47474747474747
			12.3232323232323	-2.47474747474747
			12.3400673400673	-2.49158249158249
			12.3569023569024	-2.50841750841751
			12.3737373737374	-2.52525252525253
			12.3905723905724	-2.52525252525253
			12.4074074074074	-2.54208754208754
			12.4242424242424	-2.55892255892256
			12.4410774410774	-2.57575757575758
			12.4579124579125	-2.57575757575758
			12.4747474747475	-2.59259259259259
			12.4915824915825	-2.60942760942761
			12.5084175084175	-2.62626262626263
			12.5252525252525	-2.62626262626263
			12.5420875420875	-2.64309764309764
			12.5589225589226	-2.65993265993266
			12.5757575757576	-2.67676767676768
			12.5925925925926	-2.67676767676768
			12.6094276094276	-2.69360269360269
			12.6262626262626	-2.71043771043771
			12.6430976430976	-2.72727272727273
			12.6599326599327	-2.72727272727273
			12.6767676767677	-2.74410774410774
			12.6936026936027	-2.76094276094276
			12.7104377104377	-2.77777777777778
			12.7272727272727	-2.79461279461279
			12.7441077441077	-2.79461279461279
			12.7609427609428	-2.81144781144781
			12.7777777777778	-2.82828282828283
			12.7946127946128	-2.84511784511785
			12.8114478114478	-2.86195286195286
			12.8282828282828	-2.86195286195286
			12.8451178451178	-2.87878787878788
			12.8619528619529	-2.8956228956229
			12.8787878787879	-2.91245791245791
			12.8956228956229	-2.92929292929293
			12.9124579124579	-2.92929292929293
			12.9292929292929	-2.94612794612795
			12.9461279461279	-2.96296296296296
			12.962962962963	-2.97979797979798
			12.979797979798	-2.996632996633
			12.996632996633	-3.01346801346801
			13.013468013468	-3.01346801346801
			13.030303030303	-3.03030303030303
			13.047138047138	-3.04713804713805
			13.0639730639731	-3.06397306397306
			13.0808080808081	-3.08080808080808
			13.0976430976431	-3.0976430976431
			13.1144781144781	-3.11447811447811
			13.1313131313131	-3.11447811447811
			13.1481481481481	-3.13131313131313
			13.1649831649832	-3.14814814814815
			13.1818181818182	-3.16498316498316
			13.1986531986532	-3.18181818181818
			13.2154882154882	-3.1986531986532
			13.2323232323232	-3.21548821548822
			13.2491582491582	-3.21548821548822
			13.2659932659933	-3.23232323232323
			13.2828282828283	-3.24915824915825
			13.2996632996633	-3.26599326599327
			13.3164983164983	-3.28282828282828
			13.3333333333333	-3.2996632996633
			13.3501683501683	-3.31649831649832
			13.3670033670034	-3.33333333333333
			13.3838383838384	-3.35016835016835
			13.4006734006734	-3.36700336700337
			13.4175084175084	-3.38383838383838
			13.4343434343434	-3.38383838383838
			13.4511784511785	-3.4006734006734
			13.4511784511785	-3.41750841750842
			13.4680134680135	-3.43434343434343
			13.4848484848485	-3.45117845117845
			13.5016835016835	-3.46801346801347
			13.5185185185185	-3.48484848484848
			13.5353535353535	-3.5016835016835
			13.5521885521886	-3.51851851851852
			13.5690235690236	-3.53535353535354
			13.5858585858586	-3.55218855218855
			13.6026936026936	-3.56902356902357
			13.6195286195286	-3.58585858585859
			13.6363636363636	-3.6026936026936
			13.6531986531987	-3.61952861952862
			13.6700336700337	-3.63636363636364
			13.6868686868687	-3.65319865319865
			13.7037037037037	-3.67003367003367
			13.7205387205387	-3.67003367003367
			13.7373737373737	-3.68686868686869
			13.7542087542088	-3.7037037037037
			13.7710437710438	-3.72053872053872
			13.7878787878788	-3.73737373737374
			13.8047138047138	-3.75420875420875
			13.8215488215488	-3.77104377104377
			13.8383838383838	-3.78787878787879
			13.8552188552189	-3.8047138047138
			13.8720538720539	-3.82154882154882
			13.8888888888889	-3.83838383838384
			13.9057239057239	-3.85521885521886
			13.9225589225589	-3.87205387205387
			13.9393939393939	-3.88888888888889
			13.956228956229	-3.90572390572391
			13.973063973064	-3.92255892255892
			13.989898989899	-3.93939393939394
			13.989898989899	-3.95622895622896
			14.006734006734	-3.97306397306397
			14.023569023569	-3.97306397306397
			14.023569023569	-3.98989898989899
			14.040404040404	-4.00673400673401
			14.0572390572391	-4.02356902356902
			14.0740740740741	-4.04040404040404
			14.0909090909091	-4.05723905723906
			14.1077441077441	-4.07407407407407
			14.1245791245791	-4.09090909090909
			14.1414141414141	-4.10774410774411
			14.1582491582492	-4.12457912457912
			14.1750841750842	-4.14141414141414
			14.1919191919192	-4.15824915824916
			14.2087542087542	-4.17508417508417
			14.2255892255892	-4.19191919191919
			14.2424242424242	-4.20875420875421
			14.2592592592593	-4.22558922558923
			14.2760942760943	-4.24242424242424
			14.2929292929293	-4.25925925925926
			14.3097643097643	-4.27609427609428
			14.3265993265993	-4.29292929292929
			14.3434343434343	-4.30976430976431
			14.3602693602694	-4.32659932659933
			14.3602693602694	-4.34343434343434
			14.3771043771044	-4.34343434343434
			14.3939393939394	-4.36026936026936
			14.4107744107744	-4.37710437710438
			14.4107744107744	-4.39393939393939
			14.4276094276094	-4.39393939393939
			14.4444444444444	-4.41077441077441
			14.4612794612795	-4.42760942760943
			14.4612794612795	-4.44444444444444
			14.4781144781145	-4.44444444444444
			14.4949494949495	-4.46127946127946
			14.4949494949495	-4.47811447811448
			14.5117845117845	-4.49494949494949
			14.5286195286195	-4.51178451178451
			14.5454545454545	-4.51178451178451
			14.5454545454545	-4.52861952861953
			14.5622895622896	-4.54545454545454
			14.5791245791246	-4.56228956228956
			14.5959595959596	-4.57912457912458
			14.6127946127946	-4.5959595959596
			14.6296296296296	-4.61279461279461
			14.6464646464646	-4.62962962962963
			14.6632996632997	-4.64646464646465
			14.6632996632997	-4.66329966329966
			14.6801346801347	-4.66329966329966
			14.6969696969697	-4.68013468013468
			14.7138047138047	-4.6969696969697
			14.7306397306397	-4.71380471380471
			14.7474747474747	-4.73063973063973
			14.7474747474747	-4.74747474747475
			14.7643097643098	-4.76430976430976
			14.7811447811448	-4.78114478114478
			14.7979797979798	-4.7979797979798
			14.8148148148148	-4.7979797979798
			14.8148148148148	-4.81481481481481
			14.8316498316498	-4.83164983164983
			14.8484848484848	-4.84848484848485
			14.8653198653199	-4.86531986531987
			14.8821548821549	-4.88215488215488
			14.8821548821549	-4.8989898989899
			14.8989898989899	-4.91582491582492
			14.9158249158249	-4.91582491582492
			14.9326599326599	-4.93265993265993
			14.9494949494949	-4.94949494949495
			14.9494949494949	-4.96632996632997
			14.96632996633	-4.98316498316498
			14.983164983165	-5
			15	-5.01683501683502
			15.016835016835	-5.03367003367003
			15.03367003367	-5.05050505050505
			15.0505050505051	-5.06734006734007
			15.0673400673401	-5.08417508417508
			15.0841750841751	-5.1010101010101
			15.1010101010101	-5.11784511784512
			15.1178451178451	-5.13468013468013
			15.1178451178451	-5.15151515151515
			15.1346801346801	-5.16835016835017
			15.1515151515152	-5.18518518518519
			15.1683501683502	-5.2020202020202
			15.1851851851852	-5.21885521885522
			15.1851851851852	-5.23569023569024
			15.2020202020202	-5.23569023569024
			15.2020202020202	-5.25252525252525
			15.2188552188552	-5.26936026936027
			15.2356902356902	-5.28619528619529
			15.2525252525253	-5.3030303030303
			15.2693602693603	-5.31986531986532
			15.2861952861953	-5.33670033670034
			15.2861952861953	-5.35353535353535
			15.3030303030303	-5.37037037037037
			15.3198653198653	-5.37037037037037
			15.3198653198653	-5.38720538720539
			15.3367003367003	-5.4040404040404
			15.3367003367003	-5.42087542087542
			15.3535353535354	-5.42087542087542
			15.3703703703704	-5.43771043771044
			15.3703703703704	-5.45454545454545
			15.3872053872054	-5.45454545454545
			15.3872053872054	-5.47138047138047
			15.4040404040404	-5.48821548821549
			15.4208754208754	-5.50505050505051
			15.4377104377104	-5.52188552188552
			15.4545454545455	-5.53872053872054
			15.4545454545455	-5.55555555555556
			15.4713804713805	-5.57239057239057
			15.4882154882155	-5.58922558922559
			15.5050505050505	-5.60606060606061
			15.5050505050505	-5.62289562289562
			15.5218855218855	-5.62289562289562
			15.5387205387205	-5.63973063973064
			15.5387205387205	-5.65656565656566
			15.5555555555556	-5.67340067340067
			15.5723905723906	-5.69023569023569
			15.5892255892256	-5.70707070707071
			15.6060606060606	-5.72390572390572
			15.6060606060606	-5.74074074074074
			15.6228956228956	-5.75757575757576
			15.6397306397306	-5.77441077441077
			15.6565656565657	-5.79124579124579
			15.6565656565657	-5.80808080808081
			15.6734006734007	-5.82491582491582
			15.6902356902357	-5.84175084175084
			15.7070707070707	-5.85858585858586
			15.7070707070707	-5.87542087542088
			15.7239057239057	-5.89225589225589
			15.7407407407407	-5.90909090909091
			15.7575757575758	-5.92592592592593
			15.7575757575758	-5.94276094276094
			15.7744107744108	-5.95959595959596
			15.7912457912458	-5.97643097643098
			15.7912457912458	-5.99326599326599
			15.8080808080808	-6.01010101010101
			15.8249158249158	-6.02693602693603
			15.8417508417508	-6.04377104377104
			15.8417508417508	-6.06060606060606
			15.8585858585859	-6.06060606060606
			15.8754208754209	-6.07744107744108
			15.8754208754209	-6.09427609427609
			15.8922558922559	-6.11111111111111
			15.8922558922559	-6.12794612794613
			15.9090909090909	-6.14478114478114
			15.9090909090909	-6.16161616161616
			15.9259259259259	-6.17845117845118
			15.9427609427609	-6.1952861952862
			15.959595959596	-6.21212121212121
			15.959595959596	-6.22895622895623
			15.976430976431	-6.24579124579125
			15.976430976431	-6.26262626262626
			15.993265993266	-6.27946127946128
			16.010101010101	-6.2962962962963
			16.010101010101	-6.31313131313131
			16.026936026936	-6.32996632996633
			16.026936026936	-6.34680134680135
			16.043771043771	-6.36363636363636
			16.043771043771	-6.38047138047138
			16.0606060606061	-6.3973063973064
			16.0774410774411	-6.41414141414141
			16.0774410774411	-6.43097643097643
			16.0942760942761	-6.44781144781145
			16.0942760942761	-6.46464646464646
			16.1111111111111	-6.48148148148148
			16.1111111111111	-6.4983164983165
			16.1279461279461	-6.51515151515151
			16.1279461279461	-6.53198653198653
			16.1447811447811	-6.54882154882155
			16.1447811447811	-6.56565656565657
			16.1616161616162	-6.56565656565657
			16.1616161616162	-6.58249158249158
			16.1784511784512	-6.5993265993266
			16.1784511784512	-6.61616161616162
			16.1952861952862	-6.63299663299663
			16.1952861952862	-6.64983164983165
			16.2121212121212	-6.66666666666667
			16.2121212121212	-6.68350168350168
			16.2289562289562	-6.7003367003367
			16.2289562289562	-6.71717171717172
			16.2457912457912	-6.71717171717172
			16.2457912457912	-6.73400673400673
			16.2626262626263	-6.75084175084175
			16.2626262626263	-6.76767676767677
			16.2794612794613	-6.78451178451178
			16.2794612794613	-6.8013468013468
			16.2962962962963	-6.81818181818182
			16.2962962962963	-6.83501683501683
			16.3131313131313	-6.85185185185185
			16.3131313131313	-6.86868686868687
			16.3299663299663	-6.88552188552189
			16.3299663299663	-6.9023569023569
			16.3468013468013	-6.91919191919192
			16.3468013468013	-6.93602693602694
			16.3636363636364	-6.95286195286195
			16.3636363636364	-6.96969696969697
			16.3804713804714	-6.98653198653199
			16.3804713804714	-7.003367003367
			16.3973063973064	-7.02020202020202
			16.3973063973064	-7.03703703703704
			16.4141414141414	-7.05387205387205
			16.4141414141414	-7.07070707070707
			16.4309764309764	-7.08754208754209
			16.4309764309764	-7.1043771043771
			16.4478114478114	-7.12121212121212
			16.4478114478114	-7.13804713804714
			16.4478114478114	-7.15488215488215
			16.4646464646465	-7.17171717171717
			16.4646464646465	-7.18855218855219
			16.4814814814815	-7.20538720538721
			16.4814814814815	-7.22222222222222
			16.4983164983165	-7.22222222222222
			16.4983164983165	-7.23905723905724
			16.4983164983165	-7.25589225589226
			16.5151515151515	-7.27272727272727
			16.5151515151515	-7.28956228956229
			16.5319865319865	-7.30639730639731
			16.5319865319865	-7.32323232323232
			16.5488215488216	-7.34006734006734
			16.5488215488216	-7.35690235690236
			16.5488215488216	-7.37373737373737
			16.5656565656566	-7.39057239057239
			16.5656565656566	-7.40740740740741
			16.5824915824916	-7.42424242424242
			16.5824915824916	-7.44107744107744
			16.5824915824916	-7.45791245791246
			16.5993265993266	-7.47474747474747
			16.5993265993266	-7.49158249158249
			16.6161616161616	-7.50841750841751
			16.6161616161616	-7.52525252525253
			16.6329966329966	-7.54208754208754
			16.6329966329966	-7.55892255892256
			16.6498316498317	-7.57575757575758
			16.6498316498317	-7.59259259259259
			16.6498316498317	-7.60942760942761
			16.6666666666667	-7.62626262626263
			16.6666666666667	-7.64309764309764
			16.6835016835017	-7.65993265993266
			16.6835016835017	-7.67676767676768
			16.6835016835017	-7.69360269360269
			16.7003367003367	-7.71043771043771
			16.7003367003367	-7.72727272727273
			16.7003367003367	-7.74410774410774
			16.7171717171717	-7.76094276094276
			16.7171717171717	-7.77777777777778
			16.7340067340067	-7.79461279461279
			16.7340067340067	-7.81144781144781
			16.7340067340067	-7.82828282828283
			16.7508417508418	-7.84511784511785
			16.7508417508418	-7.86195286195286
			16.7508417508418	-7.87878787878788
			16.7676767676768	-7.8956228956229
			16.7676767676768	-7.91245791245791
			16.7676767676768	-7.92929292929293
			16.7845117845118	-7.94612794612795
			16.7845117845118	-7.96296296296296
			16.8013468013468	-7.97979797979798
			16.8013468013468	-7.996632996633
			16.8013468013468	-8.01346801346801
			16.8181818181818	-8.03030303030303
			16.8181818181818	-8.04713804713805
			16.8181818181818	-8.06397306397306
			16.8350168350168	-8.08080808080808
			16.8350168350168	-8.0976430976431
			16.8350168350168	-8.11447811447811
			16.8518518518519	-8.13131313131313
			16.8518518518519	-8.14814814814815
			16.8518518518519	-8.16498316498316
			16.8686868686869	-8.18181818181818
			16.8686868686869	-8.1986531986532
			16.8686868686869	-8.21548821548821
			16.8855218855219	-8.23232323232323
			16.8855218855219	-8.24915824915825
			16.8855218855219	-8.26599326599327
			16.8855218855219	-8.28282828282828
			16.9023569023569	-8.2996632996633
			16.9023569023569	-8.31649831649832
			16.9023569023569	-8.33333333333333
			16.9191919191919	-8.35016835016835
			16.9191919191919	-8.36700336700337
			16.9191919191919	-8.38383838383838
			16.9360269360269	-8.4006734006734
			16.9360269360269	-8.41750841750842
			16.9360269360269	-8.43434343434343
			16.9360269360269	-8.45117845117845
			16.952861952862	-8.46801346801347
			16.952861952862	-8.48484848484848
			16.952861952862	-8.5016835016835
			16.969696969697	-8.51851851851852
			16.969696969697	-8.53535353535353
			16.969696969697	-8.55218855218855
			16.969696969697	-8.56902356902357
			16.986531986532	-8.58585858585859
			16.986531986532	-8.6026936026936
			16.986531986532	-8.61952861952862
			16.986531986532	-8.63636363636364
			17.003367003367	-8.65319865319865
			17.003367003367	-8.67003367003367
			17.003367003367	-8.68686868686869
			17.003367003367	-8.7037037037037
			17.020202020202	-8.72053872053872
			17.020202020202	-8.73737373737374
			17.020202020202	-8.75420875420875
			17.020202020202	-8.77104377104377
			17.037037037037	-8.78787878787879
			17.037037037037	-8.8047138047138
			17.037037037037	-8.82154882154882
			17.037037037037	-8.83838383838384
			17.0538720538721	-8.85521885521885
			17.0538720538721	-8.87205387205387
			17.0538720538721	-8.88888888888889
			17.0538720538721	-8.9057239057239
			17.0538720538721	-8.92255892255892
			17.0707070707071	-8.93939393939394
			17.0707070707071	-8.95622895622896
			17.0707070707071	-8.97306397306397
			17.0707070707071	-8.98989898989899
			17.0875420875421	-9.00673400673401
			17.0875420875421	-9.02356902356902
			17.0875420875421	-9.04040404040404
			17.0875420875421	-9.05723905723906
			17.0875420875421	-9.07407407407407
			17.1043771043771	-9.09090909090909
			17.1043771043771	-9.10774410774411
			17.1043771043771	-9.12457912457912
			17.1043771043771	-9.14141414141414
			17.1043771043771	-9.15824915824916
			17.1212121212121	-9.17508417508417
			17.1212121212121	-9.19191919191919
			17.1212121212121	-9.20875420875421
			17.1212121212121	-9.22558922558922
			17.1212121212121	-9.24242424242424
			17.1212121212121	-9.25925925925926
			17.1380471380471	-9.27609427609428
			17.1380471380471	-9.29292929292929
			17.1380471380471	-9.30976430976431
			17.1380471380471	-9.32659932659933
			17.1380471380471	-9.34343434343434
			17.1380471380471	-9.36026936026936
			17.1548821548822	-9.37710437710438
			17.1548821548822	-9.39393939393939
			17.1548821548822	-9.41077441077441
			17.1548821548822	-9.42760942760943
			17.1548821548822	-9.44444444444444
			17.1548821548822	-9.46127946127946
			17.1717171717172	-9.47811447811448
			17.1717171717172	-9.49494949494949
			17.1717171717172	-9.51178451178451
			17.1717171717172	-9.52861952861953
			17.1717171717172	-9.54545454545454
			17.1717171717172	-9.56228956228956
			17.1717171717172	-9.57912457912458
			17.1885521885522	-9.5959595959596
			17.1885521885522	-9.61279461279461
			17.1885521885522	-9.62962962962963
			17.1885521885522	-9.64646464646465
			17.1885521885522	-9.66329966329966
			17.1885521885522	-9.68013468013468
			17.1885521885522	-9.6969696969697
			17.1885521885522	-9.71380471380471
			17.2053872053872	-9.73063973063973
			17.2053872053872	-9.74747474747475
			17.2053872053872	-9.76430976430976
			17.2053872053872	-9.78114478114478
			17.2053872053872	-9.7979797979798
			17.2053872053872	-9.81481481481481
			17.2053872053872	-9.83164983164983
			17.2053872053872	-9.84848484848485
			17.2053872053872	-9.86531986531987
			17.2222222222222	-9.88215488215488
			17.2222222222222	-9.8989898989899
			17.2222222222222	-9.91582491582492
			17.2222222222222	-9.93265993265993
			17.2222222222222	-9.94949494949495
			17.2222222222222	-9.96632996632997
			17.2222222222222	-9.98316498316498
			17.2222222222222	-10
			17.2222222222222	-10.016835016835
			17.2222222222222	-10.03367003367
			17.2390572390572	-10.0505050505051
			17.2390572390572	-10.0673400673401
			17.2390572390572	-10.0841750841751
			17.2390572390572	-10.1010101010101
			17.2390572390572	-10.1178451178451
			17.2390572390572	-10.1346801346801
			17.2390572390572	-10.1515151515152
			17.2390572390572	-10.1683501683502
			17.2390572390572	-10.1851851851852
			17.2390572390572	-10.2020202020202
			17.2390572390572	-10.2188552188552
			17.2390572390572	-10.2356902356902
			17.2390572390572	-10.2525252525253
			17.2390572390572	-10.2693602693603
			17.2390572390572	-10.2861952861953
			17.2558922558923	-10.3030303030303
			17.2558922558923	-10.3198653198653
			17.2558922558923	-10.3367003367003
			17.2558922558923	-10.3535353535354
			17.2558922558923	-10.3703703703704
			17.2558922558923	-10.3872053872054
			17.2558922558923	-10.4040404040404
			17.2558922558923	-10.4208754208754
			17.2558922558923	-10.4377104377104
			17.2558922558923	-10.4545454545455
			17.2558922558923	-10.4713804713805
			17.2558922558923	-10.4882154882155
			17.2558922558923	-10.5050505050505
			17.2558922558923	-10.5218855218855
			17.2558922558923	-10.5387205387205
			17.2558922558923	-10.5555555555556
			17.2558922558923	-10.5723905723906
			17.2558922558923	-10.5892255892256
			17.2558922558923	-10.6060606060606
			17.2558922558923	-10.6228956228956
			17.2558922558923	-10.6397306397306
			17.2558922558923	-10.6565656565657
			17.2558922558923	-10.6734006734007
			17.2558922558923	-10.6902356902357
			17.2558922558923	-10.7070707070707
			17.2558922558923	-10.7239057239057
			17.2558922558923	-10.7407407407407
			17.2558922558923	-10.7575757575758
			17.2558922558923	-10.7744107744108
			17.2558922558923	-10.7912457912458
			17.2558922558923	-10.8080808080808
			17.2558922558923	-10.8249158249158
			17.2558922558923	-10.8417508417508
			17.2558922558923	-10.8585858585859
			17.2558922558923	-10.8754208754209
			17.2558922558923	-10.8922558922559
			17.2558922558923	-10.9090909090909
			17.2558922558923	-10.9259259259259
			17.2558922558923	-10.9427609427609
			17.2558922558923	-10.959595959596
			17.2558922558923	-10.976430976431
			17.2558922558923	-10.993265993266
			17.2558922558923	-11.010101010101
			17.2558922558923	-11.026936026936
			17.2558922558923	-11.043771043771
			17.2558922558923	-11.0606060606061
			17.2558922558923	-11.0774410774411
			17.2558922558923	-11.0942760942761
			17.2558922558923	-11.1111111111111
			17.2558922558923	-11.1279461279461
			17.2558922558923	-11.1447811447811
			17.2558922558923	-11.1616161616162
			17.2558922558923	-11.1784511784512
			17.2558922558923	-11.1952861952862
			17.2558922558923	-11.2121212121212
			17.2390572390572	-11.2289562289562
			17.2390572390572	-11.2457912457912
			17.2390572390572	-11.2626262626263
			17.2390572390572	-11.2794612794613
			17.2390572390572	-11.2962962962963
			17.2390572390572	-11.3131313131313
			17.2222222222222	-11.3299663299663
			17.2222222222222	-11.3468013468013
			17.2222222222222	-11.3636363636364
			17.2222222222222	-11.3804713804714
			17.2053872053872	-11.3973063973064
			17.2053872053872	-11.4141414141414
			17.2053872053872	-11.4309764309764
			17.2053872053872	-11.4478114478114
			17.1885521885522	-11.4646464646465
			17.1885521885522	-11.4814814814815
			17.1717171717172	-11.4983164983165
			17.1717171717172	-11.5151515151515
			17.1548821548822	-11.5319865319865
			17.1548821548822	-11.5488215488215
		</anterior>
		<posterior type=matrix rownames=FALSE colnames=FALSE nrow=530 ncol=2 as.numeric=TRUE >
			8.98989898989899	-11.5488215488215
			9.00673400673401	-11.5488215488215
			9.02356902356902	-11.5656565656566
			9.04040404040404	-11.5656565656566
			9.05723905723906	-11.5656565656566
			9.07407407407407	-11.5824915824916
			9.09090909090909	-11.5824915824916
			9.10774410774411	-11.5824915824916
			9.12457912457912	-11.5824915824916
			9.12457912457912	-11.5993265993266
			9.14141414141414	-11.5993265993266
			9.15824915824916	-11.5993265993266
			9.17508417508417	-11.5993265993266
			9.19191919191919	-11.5993265993266
			9.20875420875421	-11.6161616161616
			9.22558922558922	-11.6161616161616
			9.24242424242424	-11.6161616161616
			9.25925925925926	-11.6161616161616
			9.27609427609428	-11.6329966329966
			9.29292929292929	-11.6329966329966
			9.30976430976431	-11.6329966329966
			9.32659932659933	-11.6329966329966
			9.34343434343434	-11.6498316498316
			9.36026936026936	-11.6498316498316
			9.37710437710438	-11.6498316498316
			9.39393939393939	-11.6498316498316
			9.41077441077441	-11.6498316498316
			9.42760942760943	-11.6498316498316
			9.44444444444444	-11.6666666666667
			9.46127946127946	-11.6666666666667
			9.47811447811448	-11.6666666666667
			9.49494949494949	-11.6666666666667
			9.51178451178451	-11.6666666666667
			9.52861952861953	-11.6666666666667
			9.54545454545454	-11.6835016835017
			9.56228956228956	-11.6835016835017
			9.57912457912458	-11.6835016835017
			9.5959595959596	-11.6835016835017
			9.61279461279461	-11.6835016835017
			9.62962962962963	-11.6835016835017
			9.64646464646465	-11.6835016835017
			9.66329966329966	-11.6835016835017
			9.68013468013468	-11.7003367003367
			9.6969696969697	-11.7003367003367
			9.71380471380471	-11.7003367003367
			9.73063973063973	-11.7003367003367
			9.74747474747475	-11.7003367003367
			9.76430976430976	-11.7003367003367
			9.78114478114478	-11.7003367003367
			9.7979797979798	-11.7003367003367
			9.81481481481481	-11.7003367003367
			9.83164983164983	-11.7003367003367
			9.84848484848485	-11.7003367003367
			9.86531986531987	-11.7003367003367
			9.88215488215488	-11.7171717171717
			9.8989898989899	-11.7171717171717
			9.91582491582492	-11.7171717171717
			9.93265993265993	-11.7171717171717
			9.94949494949495	-11.7171717171717
			9.96632996632997	-11.7171717171717
			9.98316498316498	-11.7171717171717
			10	-11.7171717171717
			10.016835016835	-11.7171717171717
			10.03367003367	-11.7171717171717
			10.0505050505051	-11.7171717171717
			10.0673400673401	-11.7171717171717
			10.0841750841751	-11.7171717171717
			10.1010101010101	-11.7171717171717
			10.1178451178451	-11.7171717171717
			10.1346801346801	-11.7171717171717
			10.1515151515152	-11.7171717171717
			10.1683501683502	-11.7171717171717
			10.1851851851852	-11.7171717171717
			10.2020202020202	-11.7171717171717
			10.2188552188552	-11.7171717171717
			10.2356902356902	-11.7171717171717
			10.2525252525253	-11.7171717171717
			10.2693602693603	-11.7171717171717
			10.2861952861953	-11.7171717171717
			10.3030303030303	-11.7171717171717
			10.3198653198653	-11.7171717171717
			10.3367003367003	-11.7171717171717
			10.3535353535354	-11.7171717171717
			10.3703703703704	-11.7171717171717
			10.3872053872054	-11.7171717171717
			10.4040404040404	-11.7171717171717
			10.4208754208754	-11.7171717171717
			10.4377104377104	-11.7171717171717
			10.4545454545455	-11.7171717171717
			10.4713804713805	-11.7171717171717
			10.4882154882155	-11.7003367003367
			10.5050505050505	-11.7003367003367
			10.5218855218855	-11.7003367003367
			10.5387205387205	-11.7003367003367
			10.5555555555556	-11.7003367003367
			10.5723905723906	-11.7003367003367
			10.5892255892256	-11.7003367003367
			10.6060606060606	-11.7003367003367
			10.6228956228956	-11.7003367003367
			10.6397306397306	-11.7003367003367
			10.6565656565657	-11.7003367003367
			10.6734006734007	-11.7003367003367
			10.6902356902357	-11.7003367003367
			10.7070707070707	-11.7003367003367
			10.7239057239057	-11.6835016835017
			10.7407407407407	-11.6835016835017
			10.7575757575758	-11.6835016835017
			10.7744107744108	-11.6835016835017
			10.7912457912458	-11.6835016835017
			10.8080808080808	-11.6835016835017
			10.8249158249158	-11.6835016835017
			10.8417508417508	-11.6835016835017
			10.8585858585859	-11.6835016835017
			10.8754208754209	-11.6835016835017
			10.8922558922559	-11.6666666666667
			10.9090909090909	-11.6666666666667
			10.9259259259259	-11.6666666666667
			10.9427609427609	-11.6666666666667
			10.959595959596	-11.6666666666667
			10.976430976431	-11.6666666666667
			10.993265993266	-11.6666666666667
			11.010101010101	-11.6666666666667
			11.026936026936	-11.6666666666667
			11.043771043771	-11.6498316498316
			11.0606060606061	-11.6498316498316
			11.0774410774411	-11.6498316498316
			11.0942760942761	-11.6498316498316
			11.1111111111111	-11.6498316498316
			11.1279461279461	-11.6498316498316
			11.1447811447811	-11.6498316498316
			11.1616161616162	-11.6329966329966
			11.1784511784512	-11.6329966329966
			11.1952861952862	-11.6329966329966
			11.2121212121212	-11.6329966329966
			11.2289562289562	-11.6329966329966
			11.2457912457912	-11.6329966329966
			11.2626262626263	-11.6161616161616
			11.2794612794613	-11.6161616161616
			11.2962962962963	-11.6161616161616
			11.3131313131313	-11.6161616161616
			11.3299663299663	-11.6161616161616
			11.3468013468013	-11.6161616161616
			11.3636363636364	-11.5993265993266
			11.3804713804714	-11.5993265993266
			11.3973063973064	-11.5993265993266
			11.4141414141414	-11.5993265993266
			11.4309764309764	-11.5993265993266
			11.4478114478114	-11.5993265993266
			11.4646464646465	-11.5824915824916
			11.4814814814815	-11.5824915824916
			11.4983164983165	-11.5824915824916
			11.5151515151515	-11.5824915824916
			11.5319865319865	-11.5824915824916
			11.5488215488215	-11.5656565656566
			11.5656565656566	-11.5656565656566
			11.5824915824916	-11.5656565656566
			11.5993265993266	-11.5656565656566
			11.6161616161616	-11.5656565656566
			11.6329966329966	-11.5488215488215
			11.6498316498316	-11.5488215488215
			11.6666666666667	-11.5488215488215
			11.6835016835017	-11.5488215488215
			11.7003367003367	-11.5488215488215
			11.7171717171717	-11.5319865319865
			11.7340067340067	-11.5319865319865
			11.7508417508418	-11.5319865319865
			11.7676767676768	-11.5319865319865
			11.7845117845118	-11.5319865319865
			11.8013468013468	-11.5151515151515
			11.8181818181818	-11.5151515151515
			11.8350168350168	-11.5151515151515
			11.8518518518519	-11.5151515151515
			11.8686868686869	-11.4983164983165
			11.8855218855219	-11.4814814814815
			11.9023569023569	-11.4814814814815
			11.9191919191919	-11.4646464646465
			11.9360269360269	-11.4646464646465
			11.952861952862	-11.4646464646465
			11.969696969697	-11.4478114478114
			11.986531986532	-11.4478114478114
			12.003367003367	-11.4309764309764
			12.020202020202	-11.4309764309764
			12.037037037037	-11.4309764309764
			12.0538720538721	-11.4141414141414
			12.0707070707071	-11.4141414141414
			12.0875420875421	-11.4141414141414
			12.0875420875421	-11.3973063973064
			12.1043771043771	-11.3973063973064
			12.1212121212121	-11.3973063973064
			12.1380471380471	-11.3804713804714
			12.1548821548822	-11.3804713804714
			12.1717171717172	-11.3804713804714
			12.1885521885522	-11.3804713804714
			12.2053872053872	-11.3636363636364
			12.2222222222222	-11.3636363636364
			12.2390572390572	-11.3636363636364
			12.2558922558923	-11.3636363636364
			12.2727272727273	-11.3468013468013
			12.2895622895623	-11.3468013468013
			12.3063973063973	-11.3468013468013
			12.3232323232323	-11.3468013468013
			12.3400673400673	-11.3299663299663
			12.3569023569024	-11.3299663299663
			12.3737373737374	-11.3299663299663
			12.3905723905724	-11.3299663299663
			12.4074074074074	-11.3131313131313
			12.4242424242424	-11.3131313131313
			12.4410774410774	-11.3131313131313
			12.4579124579125	-11.3131313131313
			12.4747474747475	-11.3131313131313
			12.4915824915825	-11.3131313131313
			12.5084175084175	-11.2962962962963
			12.5252525252525	-11.2962962962963
			12.5420875420875	-11.2962962962963
			12.5589225589226	-11.2962962962963
			12.5757575757576	-11.2962962962963
			12.5925925925926	-11.2962962962963
			12.6094276094276	-11.2962962962963
			12.6262626262626	-11.2794612794613
			12.6430976430976	-11.2794612794613
			12.6599326599327	-11.2794612794613
			12.6767676767677	-11.2794612794613
			12.6936026936027	-11.2794612794613
			12.7104377104377	-11.2794612794613
			12.7272727272727	-11.2794612794613
			12.7441077441077	-11.2794612794613
			12.7609427609428	-11.2794612794613
			12.7777777777778	-11.2626262626263
			12.7946127946128	-11.2626262626263
			12.8114478114478	-11.2626262626263
			12.8282828282828	-11.2626262626263
			12.8451178451178	-11.2626262626263
			12.8619528619529	-11.2626262626263
			12.8787878787879	-11.2626262626263
			12.8956228956229	-11.2626262626263
			12.9124579124579	-11.2626262626263
			12.9292929292929	-11.2626262626263
			12.9461279461279	-11.2626262626263
			12.962962962963	-11.2626262626263
			12.979797979798	-11.2626262626263
			12.996632996633	-11.2457912457912
			13.013468013468	-11.2457912457912
			13.030303030303	-11.2457912457912
			13.047138047138	-11.2457912457912
			13.0639730639731	-11.2457912457912
			13.0808080808081	-11.2457912457912
			13.0976430976431	-11.2457912457912
			13.1144781144781	-11.2457912457912
			13.1313131313131	-11.2457912457912
			13.1481481481481	-11.2457912457912
			13.1649831649832	-11.2457912457912
			13.1818181818182	-11.2457912457912
			13.1986531986532	-11.2457912457912
			13.2154882154882	-11.2457912457912
			13.2323232323232	-11.2457912457912
			13.2491582491582	-11.2457912457912
			13.2659932659933	-11.2457912457912
			13.2828282828283	-11.2457912457912
			13.2996632996633	-11.2457912457912
			13.3164983164983	-11.2457912457912
			13.3333333333333	-11.2457912457912
			13.3501683501683	-11.2457912457912
			13.3670033670034	-11.2457912457912
			13.3838383838384	-11.2457912457912
			13.4006734006734	-11.2457912457912
			13.4175084175084	-11.2457912457912
			13.4343434343434	-11.2457912457912
			13.4511784511785	-11.2457912457912
			13.4680134680135	-11.2457912457912
			13.4848484848485	-11.2457912457912
			13.5016835016835	-11.2457912457912
			13.5185185185185	-11.2457912457912
			13.5353535353535	-11.2457912457912
			13.5521885521886	-11.2457912457912
			13.5690235690236	-11.2457912457912
			13.5858585858586	-11.2457912457912
			13.6026936026936	-11.2457912457912
			13.6195286195286	-11.2457912457912
			13.6363636363636	-11.2457912457912
			13.6531986531987	-11.2457912457912
			13.6700336700337	-11.2457912457912
			13.6868686868687	-11.2626262626263
			13.7037037037037	-11.2626262626263
			13.7205387205387	-11.2626262626263
			13.7373737373737	-11.2626262626263
			13.7542087542088	-11.2626262626263
			13.7710437710438	-11.2626262626263
			13.7878787878788	-11.2626262626263
			13.8047138047138	-11.2626262626263
			13.8215488215488	-11.2626262626263
			13.8383838383838	-11.2794612794613
			13.8552188552189	-11.2794612794613
			13.8720538720539	-11.2794612794613
			13.8888888888889	-11.2794612794613
			13.9057239057239	-11.2794612794613
			13.9225589225589	-11.2794612794613
			13.9393939393939	-11.2794612794613
			13.956228956229	-11.2962962962963
			13.973063973064	-11.2962962962963
			13.989898989899	-11.2962962962963
			14.006734006734	-11.2962962962963
			14.023569023569	-11.2962962962963
			14.040404040404	-11.2962962962963
			14.0572390572391	-11.3131313131313
			14.0740740740741	-11.3131313131313
			14.0909090909091	-11.3131313131313
			14.1077441077441	-11.3131313131313
			14.1245791245791	-11.3131313131313
			14.1414141414141	-11.3299663299663
			14.1582491582492	-11.3299663299663
			14.1750841750842	-11.3299663299663
			14.1919191919192	-11.3299663299663
			14.2087542087542	-11.3299663299663
			14.2255892255892	-11.3468013468013
			14.2424242424242	-11.3468013468013
			14.2592592592593	-11.3468013468013
			14.2760942760943	-11.3468013468013
			14.2929292929293	-11.3468013468013
			14.2929292929293	-11.3636363636364
			14.3097643097643	-11.3636363636364
			14.3265993265993	-11.3636363636364
			14.3434343434343	-11.3636363636364
			14.3602693602694	-11.3804713804714
			14.3771043771044	-11.3804713804714
			14.3939393939394	-11.3804713804714
			14.4107744107744	-11.3804713804714
			14.4276094276094	-11.3973063973064
			14.4444444444444	-11.3973063973064
			14.4612794612795	-11.3973063973064
			14.4781144781145	-11.3973063973064
			14.4949494949495	-11.4141414141414
			14.5117845117845	-11.4141414141414
			14.5286195286195	-11.4141414141414
			14.5454545454545	-11.4141414141414
			14.5622895622896	-11.4309764309764
			14.5791245791246	-11.4309764309764
			14.5959595959596	-11.4309764309764
			14.6127946127946	-11.4309764309764
			14.6296296296296	-11.4478114478114
			14.6464646464646	-11.4478114478114
			14.6632996632997	-11.4478114478114
			14.6801346801347	-11.4646464646465
			14.6969696969697	-11.4646464646465
			14.7138047138047	-11.4646464646465
			14.7306397306397	-11.4646464646465
			14.7474747474747	-11.4814814814815
			14.7643097643098	-11.4814814814815
			14.7811447811448	-11.4814814814815
			14.7979797979798	-11.4983164983165
			14.8148148148148	-11.4983164983165
			14.8316498316498	-11.4983164983165
			14.8484848484848	-11.5151515151515
			14.8653198653199	-11.5151515151515
			14.8821548821549	-11.5151515151515
			14.8989898989899	-11.5319865319865
			14.9158249158249	-11.5319865319865
			14.9326599326599	-11.5319865319865
			14.9494949494949	-11.5488215488215
			14.96632996633	-11.5488215488215
			14.983164983165	-11.5488215488215
			15	-11.5656565656566
			15.016835016835	-11.5656565656566
			15.03367003367	-11.5824915824916
			15.0505050505051	-11.5824915824916
			15.0673400673401	-11.5824915824916
			15.0841750841751	-11.5824915824916
			15.1010101010101	-11.5993265993266
			15.1178451178451	-11.5993265993266
			15.1346801346801	-11.6161616161616
			15.1515151515152	-11.6161616161616
			15.1683501683502	-11.6161616161616
			15.1851851851852	-11.6161616161616
			15.1851851851852	-11.6329966329966
			15.2020202020202	-11.6329966329966
			15.2188552188552	-11.6329966329966
			15.2356902356902	-11.6498316498316
			15.2525252525253	-11.6498316498316
			15.2693602693603	-11.6498316498316
			15.2861952861953	-11.6666666666667
			15.3030303030303	-11.6666666666667
			15.3198653198653	-11.6835016835017
			15.3367003367003	-11.6835016835017
			15.3535353535354	-11.6835016835017
			15.3703703703704	-11.7003367003367
			15.3872053872054	-11.7003367003367
			15.4040404040404	-11.7003367003367
			15.4208754208754	-11.7171717171717
			15.4377104377104	-11.7171717171717
			15.4545454545455	-11.7340067340067
			15.4713804713805	-11.7340067340067
			15.4882154882155	-11.7340067340067
			15.5050505050505	-11.7508417508418
			15.5218855218855	-11.7508417508418
			15.5387205387205	-11.7508417508418
			15.5555555555556	-11.7508417508418
			15.5723905723906	-11.7676767676768
			15.5892255892256	-11.7676767676768
			15.6060606060606	-11.7676767676768
			15.6228956228956	-11.7676767676768
			15.6397306397306	-11.7845117845118
			15.6565656565657	-11.7845117845118
			15.6734006734007	-11.7845117845118
			15.6902356902357	-11.7845117845118
			15.7070707070707	-11.7845117845118
			15.7239057239057	-11.8013468013468
			15.7407407407407	-11.8013468013468
			15.7575757575758	-11.8013468013468
			15.7744107744108	-11.8013468013468
			15.7912457912458	-11.8013468013468
			15.8080808080808	-11.8013468013468
			15.8249158249158	-11.8181818181818
			15.8417508417508	-11.8181818181818
			15.8585858585859	-11.8181818181818
			15.8754208754209	-11.8181818181818
			15.8922558922559	-11.8181818181818
			15.9090909090909	-11.8181818181818
			15.9259259259259	-11.8181818181818
			15.9427609427609	-11.8181818181818
			15.959595959596	-11.8350168350168
			15.976430976431	-11.8350168350168
			15.993265993266	-11.8350168350168
			16.010101010101	-11.8350168350168
			16.026936026936	-11.8350168350168
			16.043771043771	-11.8350168350168
			16.0606060606061	-11.8350168350168
			16.0774410774411	-11.8350168350168
			16.0942760942761	-11.8350168350168
			16.1111111111111	-11.8350168350168
			16.1279461279461	-11.8350168350168
			16.1447811447811	-11.8350168350168
			16.1616161616162	-11.8350168350168
			16.1784511784512	-11.8350168350168
			16.1952861952862	-11.8350168350168
			16.2121212121212	-11.8350168350168
			16.2289562289562	-11.8350168350168
			16.2457912457912	-11.8350168350168
			16.2626262626263	-11.8350168350168
			16.2794612794613	-11.8350168350168
			16.2962962962963	-11.8350168350168
			16.3131313131313	-11.8350168350168
			16.3299663299663	-11.8350168350168
			16.3468013468013	-11.8350168350168
			16.3636363636364	-11.8350168350168
			16.3804713804714	-11.8350168350168
			16.3973063973064	-11.8350168350168
			16.4141414141414	-11.8350168350168
			16.4309764309764	-11.8350168350168
			16.4478114478114	-11.8350168350168
			16.4646464646465	-11.8350168350168
			16.4814814814815	-11.8350168350168
			16.4983164983165	-11.8350168350168
			16.5151515151515	-11.8350168350168
			16.5319865319865	-11.8350168350168
			16.5488215488216	-11.8350168350168
			16.5656565656566	-11.8350168350168
			16.5824915824916	-11.8350168350168
			16.5993265993266	-11.8350168350168
			16.6161616161616	-11.8181818181818
			16.6329966329966	-11.8181818181818
			16.6498316498317	-11.8181818181818
			16.6666666666667	-11.8181818181818
			16.6835016835017	-11.8181818181818
			16.7003367003367	-11.8181818181818
			16.7171717171717	-11.8013468013468
			16.7340067340067	-11.8013468013468
			16.7508417508418	-11.8013468013468
			16.7676767676768	-11.7845117845118
			16.7845117845118	-11.7845117845118
			16.8013468013468	-11.7845117845118
			16.8181818181818	-11.7845117845118
			16.8350168350168	-11.7676767676768
			16.8518518518519	-11.7676767676768
			16.8686868686869	-11.7676767676768
			16.8855218855219	-11.7508417508418
			16.9023569023569	-11.7508417508418
			16.9191919191919	-11.7340067340067
			16.9360269360269	-11.7340067340067
			16.952861952862	-11.7171717171717
			16.969696969697	-11.7171717171717
			16.986531986532	-11.7003367003367
			17.003367003367	-11.7003367003367
			17.020202020202	-11.6835016835017
			17.037037037037	-11.6835016835017
			17.037037037037	-11.6666666666667
			17.0538720538721	-11.6498316498316
			17.0707070707071	-11.6498316498316
			17.0875420875421	-11.6329966329966
			17.0875420875421	-11.6161616161616
			17.1043771043771	-11.6161616161616
			17.1212121212121	-11.5993265993266
			17.1212121212121	-11.5824915824916
			17.1380471380471	-11.5824915824916
			17.1548821548822	-11.5656565656566
			17.1548821548822	-11.5488215488215
			17.1717171717172	-11.5319865319865
			17.1717171717172	-11.5151515151515
			17.1885521885522	-11.5151515151515
			17.1885521885522	-11.4983164983165
			17.1885521885522	-11.4814814814815
			17.2053872053872	-11.4646464646465
			17.2053872053872	-11.4478114478114
			17.2053872053872	-11.4309764309764
			17.2222222222222	-11.4141414141414
			17.2222222222222	-11.3973063973064
			17.2222222222222	-11.3804713804714
			17.2222222222222	-11.3636363636364
			17.2390572390572	-11.3468013468013
			17.2390572390572	-11.3299663299663
			17.2390572390572	-11.3131313131313
			17.2390572390572	-11.2962962962963
			17.2390572390572	-11.2794612794613
			17.2390572390572	-11.2626262626263
			17.2222222222222	-11.2626262626263
			17.2053872053872	-11.2794612794613
			17.2053872053872	-11.2962962962963
			17.2053872053872	-11.3131313131313
			17.1885521885522	-11.3299663299663
			17.1885521885522	-11.3468013468013
			17.1885521885522	-11.3636363636364
			17.1885521885522	-11.3804713804714
			17.1885521885522	-11.3973063973064
			17.1717171717172	-11.4141414141414
			17.1717171717172	-11.4309764309764
			17.1717171717172	-11.4478114478114
			17.1717171717172	-11.4646464646465
			17.1717171717172	-11.4814814814815
			17.1548821548822	-11.4983164983165
			17.1548821548822	-11.5151515151515
			17.1548821548822	-11.5319865319865
			17.1548821548822	-11.5488215488215
		</posterior>
	</curves.scaled>
	<ruler.points type=matrix rownames=TRUE colnames=FALSE nrow=2 ncol=2 as.numeric=TRUE >
		Ruler point 1	680	811
		Ruler point 2	977	811
	</ruler.points>
</shapes>

