<shapes type=list>
	<ruler.pixel type=vector names=FALSE length=1 as.numeric=TRUE >1167</ruler.pixel>
	<ruler.interval type=vector names=FALSE length=1 as.numeric=TRUE >5</ruler.interval>
	<scaling.units type=vector names=FALSE length=1 as.numeric=FALSE >mm</scaling.units>
	<scaling type=vector names=FALSE length=1 as.numeric=TRUE >0.00428449014567267</scaling>
	<landmarks.pixel type=matrix rownames=TRUE colnames=FALSE nrow=16 ncol=2 as.numeric=TRUE >
		LM1	2592	642
		LM2	2592	754
		LM3	2592	1459
		LM4	2592	1657
		LM5	2948	1342
		LM6	2967	1512
		LM7	2967	1595
		LM8	3113	929
		LM9	3152	1172
		LM10	2592	642
		LM11	3483	1488
		LM12	3492	1624
		LM13	2592	642
		LM14	3201	1044
		LM15	3802	1657
		LM16	3915	2709
	</landmarks.pixel>
	<landmarks.scaled type=matrix rownames=TRUE colnames=FALSE nrow=16 ncol=2 as.numeric=TRUE >
		LM1	11.1053984575835	-2.75064267352185
		LM2	11.1053984575835	-3.23050556983719
		LM3	11.1053984575835	-6.25107112253642
		LM4	11.1053984575835	-7.09940017137961
		LM5	12.630676949443	-5.74978577549272
		LM6	12.7120822622108	-6.47814910025707
		LM7	12.7120822622108	-6.8337617823479
		LM8	13.337617823479	-3.98029134532991
		LM9	13.5047129391602	-5.02142245072836
		LM10	11.1053984575835	-2.75064267352185
		LM11	14.9228791773779	-6.37532133676093
		LM12	14.9614395886889	-6.95801199657241
		LM13	11.1053984575835	-2.75064267352185
		LM14	13.7146529562982	-4.47300771208226
		LM15	16.2896315338475	-7.09940017137961
		LM16	16.7737789203085	-11.6066838046273
	</landmarks.scaled>
	<curves.control type=list>
		<glabella type=matrix rownames=FALSE colnames=FALSE nrow=3 ncol=2 as.numeric=TRUE >
			2592	754
			2982	681
			2967	1595
		</glabella>
		<suture type=matrix rownames=FALSE colnames=FALSE nrow=13 ncol=2 as.numeric=TRUE >
			2592	642
			2695	647
			2977	661
			3118	666
			3132	773
			3147	846
			3113	924
			3283	1055
			3157	1172
			3098	1298
			3317	1410
			3556	1469
			3492	1624
		</suture>
		<anterior type=matrix rownames=FALSE colnames=FALSE nrow=5 ncol=2 as.numeric=TRUE >
			2592	642
			2695	647
			2967	657
			3784	676
			3802	1657
		</anterior>
		<posterior type=matrix rownames=FALSE colnames=FALSE nrow=13 ncol=2 as.numeric=TRUE >
			2592	1657
			2758	1653
			2967	1600
			3249	1590
			3526	1624
			3663	1639
			3721	1688
			3770	1872
			3886	2495
			3920	2782
			3920	2718
			3920	2349
			3802	1657
		</posterior>
	</curves.control>
	<curves.pixel type=list>
		<glabella type=matrix rownames=FALSE colnames=FALSE nrow=1015 ncol=2 as.numeric=TRUE >
			2592	754
			2593	754
			2594	754
			2595	753
			2596	753
			2597	753
			2598	753
			2599	753
			2600	753
			2601	752
			2602	752
			2603	752
			2604	752
			2605	752
			2606	752
			2607	752
			2608	751
			2609	751
			2610	751
			2611	751
			2612	751
			2613	751
			2614	751
			2615	751
			2616	750
			2617	750
			2618	750
			2619	750
			2620	750
			2621	750
			2622	750
			2623	750
			2624	750
			2625	750
			2626	749
			2627	749
			2628	749
			2629	749
			2630	749
			2631	749
			2632	749
			2633	749
			2634	749
			2635	749
			2636	749
			2637	749
			2638	749
			2639	749
			2640	749
			2641	749
			2642	749
			2643	749
			2644	749
			2645	749
			2646	749
			2647	749
			2648	749
			2649	749
			2650	749
			2651	749
			2652	749
			2653	749
			2654	749
			2655	749
			2656	749
			2657	749
			2658	749
			2659	749
			2660	749
			2661	749
			2662	749
			2663	749
			2664	749
			2665	749
			2666	749
			2667	749
			2668	749
			2669	749
			2670	750
			2671	750
			2672	750
			2673	750
			2674	750
			2675	750
			2676	750
			2677	750
			2678	750
			2679	751
			2680	751
			2681	751
			2682	751
			2683	751
			2684	751
			2685	751
			2686	752
			2687	752
			2688	752
			2689	752
			2690	752
			2691	753
			2692	753
			2693	753
			2694	753
			2695	753
			2696	753
			2697	754
			2698	754
			2699	754
			2700	754
			2701	755
			2702	755
			2703	755
			2704	755
			2705	755
			2706	756
			2707	756
			2708	756
			2709	757
			2710	757
			2711	757
			2712	757
			2713	758
			2714	758
			2715	758
			2716	759
			2717	759
			2718	759
			2719	760
			2720	760
			2721	760
			2722	761
			2723	761
			2724	761
			2725	762
			2726	762
			2727	763
			2728	763
			2729	763
			2730	764
			2731	764
			2732	764
			2733	765
			2734	765
			2735	765
			2735	766
			2736	766
			2737	766
			2738	767
			2739	767
			2740	768
			2741	768
			2742	769
			2743	769
			2744	770
			2745	770
			2746	770
			2747	771
			2748	771
			2748	772
			2749	772
			2750	773
			2751	773
			2752	774
			2753	774
			2754	775
			2755	775
			2756	776
			2757	776
			2757	777
			2758	777
			2759	778
			2760	778
			2761	779
			2762	779
			2763	780
			2764	780
			2765	781
			2766	782
			2767	783
			2768	783
			2769	784
			2770	785
			2771	785
			2772	786
			2773	786
			2774	787
			2775	788
			2776	789
			2777	789
			2778	790
			2779	791
			2780	791
			2781	792
			2782	793
			2783	793
			2783	794
			2784	795
			2785	796
			2786	796
			2787	797
			2788	798
			2789	798
			2789	799
			2790	800
			2791	800
			2792	801
			2793	802
			2794	803
			2795	803
			2795	804
			2796	805
			2797	806
			2798	806
			2799	807
			2800	808
			2800	809
			2801	809
			2802	810
			2803	811
			2804	812
			2805	813
			2806	814
			2807	815
			2808	816
			2809	817
			2810	818
			2811	819
			2812	820
			2813	821
			2814	822
			2815	823
			2816	824
			2817	825
			2818	826
			2819	827
			2820	828
			2820	829
			2821	830
			2822	831
			2823	832
			2824	833
			2824	834
			2825	835
			2826	836
			2827	837
			2828	838
			2828	839
			2829	840
			2830	841
			2831	842
			2831	843
			2832	844
			2833	845
			2834	846
			2835	847
			2835	848
			2836	849
			2837	850
			2838	851
			2838	852
			2839	853
			2840	854
			2840	855
			2841	856
			2842	857
			2843	858
			2843	859
			2844	860
			2844	861
			2845	861
			2845	862
			2846	863
			2846	864
			2847	865
			2848	866
			2848	867
			2849	868
			2850	869
			2850	870
			2851	871
			2852	872
			2852	873
			2853	874
			2853	875
			2854	876
			2855	877
			2855	878
			2856	879
			2856	880
			2857	881
			2858	882
			2858	883
			2859	884
			2859	885
			2860	886
			2860	887
			2861	888
			2861	889
			2862	890
			2863	891
			2863	892
			2863	893
			2864	893
			2864	894
			2865	895
			2865	896
			2866	896
			2866	897
			2866	898
			2867	899
			2867	900
			2868	900
			2868	901
			2868	902
			2869	903
			2869	904
			2870	904
			2870	905
			2870	906
			2871	907
			2871	908
			2872	908
			2872	909
			2872	910
			2873	911
			2873	912
			2874	913
			2874	914
			2875	915
			2875	916
			2876	917
			2876	918
			2877	919
			2877	920
			2878	921
			2878	922
			2879	923
			2879	924
			2880	925
			2880	926
			2881	927
			2881	928
			2882	929
			2882	930
			2882	931
			2883	932
			2883	933
			2884	934
			2884	935
			2884	936
			2885	937
			2885	938
			2886	939
			2886	940
			2886	941
			2887	942
			2887	943
			2888	944
			2888	945
			2888	946
			2889	946
			2889	947
			2889	948
			2890	949
			2890	950
			2891	951
			2891	952
			2891	953
			2892	954
			2892	955
			2892	956
			2893	957
			2893	958
			2894	959
			2894	960
			2894	961
			2895	962
			2895	963
			2895	964
			2896	965
			2896	966
			2896	967
			2897	968
			2897	969
			2898	970
			2898	971
			2898	972
			2899	973
			2899	974
			2899	975
			2900	976
			2900	977
			2900	978
			2901	979
			2901	980
			2901	981
			2902	982
			2902	983
			2902	984
			2903	985
			2903	986
			2903	987
			2904	988
			2904	989
			2905	990
			2905	991
			2905	992
			2906	993
			2906	994
			2906	995
			2907	996
			2907	997
			2907	998
			2908	999
			2908	1000
			2908	1001
			2908	1002
			2909	1003
			2909	1004
			2909	1005
			2910	1006
			2910	1007
			2910	1008
			2911	1009
			2911	1010
			2911	1011
			2911	1012
			2912	1013
			2912	1014
			2912	1015
			2912	1016
			2913	1017
			2913	1018
			2913	1019
			2914	1019
			2914	1020
			2914	1021
			2914	1022
			2915	1023
			2915	1024
			2915	1025
			2915	1026
			2916	1027
			2916	1028
			2916	1029
			2917	1030
			2917	1031
			2917	1032
			2917	1033
			2918	1034
			2918	1035
			2918	1036
			2918	1037
			2919	1038
			2919	1039
			2919	1040
			2919	1041
			2920	1042
			2920	1043
			2920	1044
			2920	1045
			2921	1046
			2921	1047
			2921	1048
			2921	1049
			2922	1050
			2922	1051
			2922	1052
			2922	1053
			2923	1054
			2923	1055
			2923	1056
			2923	1057
			2924	1058
			2924	1059
			2924	1060
			2924	1061
			2925	1062
			2925	1063
			2925	1064
			2925	1065
			2926	1066
			2926	1067
			2926	1068
			2926	1069
			2927	1070
			2927	1071
			2927	1072
			2927	1073
			2927	1074
			2928	1075
			2928	1076
			2928	1077
			2928	1078
			2929	1079
			2929	1080
			2929	1081
			2929	1082
			2929	1083
			2930	1084
			2930	1085
			2930	1086
			2930	1087
			2930	1088
			2931	1089
			2931	1090
			2931	1091
			2931	1092
			2931	1093
			2932	1094
			2932	1095
			2932	1096
			2932	1097
			2932	1098
			2933	1098
			2933	1099
			2933	1100
			2933	1101
			2933	1102
			2934	1103
			2934	1104
			2934	1105
			2934	1106
			2934	1107
			2935	1108
			2935	1109
			2935	1110
			2935	1111
			2935	1112
			2936	1113
			2936	1114
			2936	1115
			2936	1116
			2936	1117
			2936	1118
			2937	1119
			2937	1120
			2937	1121
			2937	1122
			2937	1123
			2938	1124
			2938	1125
			2938	1126
			2938	1127
			2938	1128
			2938	1129
			2939	1130
			2939	1131
			2939	1132
			2939	1133
			2939	1134
			2939	1135
			2940	1136
			2940	1137
			2940	1138
			2940	1139
			2940	1140
			2941	1141
			2941	1142
			2941	1143
			2941	1144
			2941	1145
			2941	1146
			2942	1147
			2942	1148
			2942	1149
			2942	1150
			2942	1151
			2942	1152
			2942	1153
			2943	1154
			2943	1155
			2943	1156
			2943	1157
			2943	1158
			2943	1159
			2944	1160
			2944	1161
			2944	1162
			2944	1163
			2944	1164
			2944	1165
			2944	1166
			2945	1166
			2945	1167
			2945	1168
			2945	1169
			2945	1170
			2945	1171
			2945	1172
			2946	1173
			2946	1174
			2946	1175
			2946	1176
			2946	1177
			2946	1178
			2946	1179
			2947	1180
			2947	1181
			2947	1182
			2947	1183
			2947	1184
			2947	1185
			2947	1186
			2947	1187
			2948	1188
			2948	1189
			2948	1190
			2948	1191
			2948	1192
			2948	1193
			2948	1194
			2949	1195
			2949	1196
			2949	1197
			2949	1198
			2949	1199
			2949	1200
			2949	1201
			2949	1202
			2950	1203
			2950	1204
			2950	1205
			2950	1206
			2950	1207
			2950	1208
			2950	1209
			2950	1210
			2951	1211
			2951	1212
			2951	1213
			2951	1214
			2951	1215
			2951	1216
			2951	1217
			2951	1218
			2952	1219
			2952	1220
			2952	1221
			2952	1222
			2952	1223
			2952	1224
			2952	1225
			2952	1226
			2952	1227
			2953	1228
			2953	1229
			2953	1230
			2953	1231
			2953	1232
			2953	1233
			2953	1234
			2953	1235
			2954	1236
			2954	1237
			2954	1238
			2954	1239
			2954	1240
			2954	1241
			2954	1242
			2954	1243
			2954	1244
			2954	1245
			2955	1246
			2955	1247
			2955	1248
			2955	1249
			2955	1250
			2955	1251
			2955	1252
			2955	1253
			2955	1254
			2955	1255
			2956	1256
			2956	1257
			2956	1258
			2956	1259
			2956	1260
			2956	1261
			2956	1262
			2956	1263
			2956	1264
			2956	1265
			2956	1266
			2957	1267
			2957	1268
			2957	1269
			2957	1270
			2957	1271
			2957	1272
			2957	1273
			2957	1274
			2957	1275
			2957	1276
			2957	1277
			2958	1277
			2958	1278
			2958	1279
			2958	1280
			2958	1281
			2958	1282
			2958	1283
			2958	1284
			2958	1285
			2958	1286
			2958	1287
			2958	1288
			2959	1289
			2959	1290
			2959	1291
			2959	1292
			2959	1293
			2959	1294
			2959	1295
			2959	1296
			2959	1297
			2959	1298
			2959	1299
			2959	1300
			2959	1301
			2960	1301
			2960	1302
			2960	1303
			2960	1304
			2960	1305
			2960	1306
			2960	1307
			2960	1308
			2960	1309
			2960	1310
			2960	1311
			2960	1312
			2960	1313
			2961	1314
			2961	1315
			2961	1316
			2961	1317
			2961	1318
			2961	1319
			2961	1320
			2961	1321
			2961	1322
			2961	1323
			2961	1324
			2961	1325
			2961	1326
			2961	1327
			2961	1328
			2962	1329
			2962	1330
			2962	1331
			2962	1332
			2962	1333
			2962	1334
			2962	1335
			2962	1336
			2962	1337
			2962	1338
			2962	1339
			2962	1340
			2962	1341
			2962	1342
			2962	1343
			2962	1344
			2963	1345
			2963	1346
			2963	1347
			2963	1348
			2963	1349
			2963	1350
			2963	1351
			2963	1352
			2963	1353
			2963	1354
			2963	1355
			2963	1356
			2963	1357
			2963	1358
			2963	1359
			2963	1360
			2963	1361
			2963	1362
			2964	1363
			2964	1364
			2964	1365
			2964	1366
			2964	1367
			2964	1368
			2964	1369
			2964	1370
			2964	1371
			2964	1372
			2964	1373
			2964	1374
			2964	1375
			2964	1376
			2964	1377
			2964	1378
			2964	1379
			2964	1380
			2964	1381
			2964	1382
			2964	1383
			2965	1384
			2965	1385
			2965	1386
			2965	1387
			2965	1388
			2965	1389
			2965	1390
			2965	1391
			2965	1392
			2965	1393
			2965	1394
			2965	1395
			2965	1396
			2965	1397
			2965	1398
			2965	1399
			2965	1400
			2965	1401
			2965	1402
			2965	1403
			2965	1404
			2965	1405
			2965	1406
			2965	1407
			2965	1408
			2966	1409
			2966	1410
			2966	1411
			2966	1412
			2966	1413
			2966	1414
			2966	1415
			2966	1416
			2966	1417
			2966	1418
			2966	1419
			2966	1420
			2966	1421
			2966	1422
			2966	1423
			2966	1424
			2966	1425
			2966	1426
			2966	1427
			2966	1428
			2966	1429
			2966	1430
			2966	1431
			2966	1432
			2966	1433
			2966	1434
			2966	1435
			2966	1436
			2966	1437
			2966	1438
			2966	1439
			2966	1440
			2966	1441
			2967	1442
			2967	1443
			2967	1444
			2967	1445
			2967	1446
			2967	1447
			2967	1448
			2967	1449
			2967	1450
			2967	1451
			2967	1452
			2967	1453
			2967	1454
			2967	1455
			2967	1456
			2967	1457
			2967	1458
			2967	1459
			2967	1460
			2967	1461
			2967	1462
			2967	1463
			2967	1464
			2967	1465
			2967	1466
			2967	1467
			2967	1468
			2967	1469
			2967	1470
			2967	1471
			2967	1472
			2967	1473
			2967	1474
			2967	1475
			2967	1476
			2967	1477
			2967	1478
			2967	1479
			2967	1480
			2967	1481
			2967	1482
			2967	1483
			2967	1484
			2967	1485
			2967	1486
			2967	1487
			2967	1488
			2967	1489
			2967	1490
			2967	1491
			2967	1492
			2967	1493
			2967	1494
			2967	1495
			2967	1496
			2967	1497
			2967	1498
			2967	1499
			2967	1500
			2967	1501
			2967	1502
			2967	1503
			2967	1504
			2967	1505
			2967	1506
			2967	1507
			2967	1508
			2968	1509
			2968	1510
			2968	1511
			2968	1512
			2968	1513
			2968	1514
			2968	1515
			2968	1516
			2968	1517
			2968	1518
			2968	1519
			2968	1520
			2968	1521
			2968	1522
			2968	1523
			2968	1524
			2968	1525
			2968	1526
			2968	1527
			2968	1528
			2968	1529
			2968	1530
			2968	1531
			2968	1532
			2968	1533
			2968	1534
			2968	1535
			2968	1536
			2968	1537
			2968	1538
			2968	1539
			2968	1540
			2968	1541
			2968	1542
			2968	1543
			2968	1544
			2968	1545
			2968	1546
			2968	1547
			2968	1548
			2968	1549
			2967	1550
			2967	1551
			2967	1552
			2967	1553
			2967	1554
			2967	1555
			2967	1556
			2967	1557
			2967	1558
			2967	1559
			2967	1560
			2967	1561
			2967	1562
			2967	1563
			2967	1564
			2967	1565
			2967	1566
			2967	1567
			2967	1568
			2967	1569
			2967	1570
			2967	1571
			2967	1572
			2967	1573
			2967	1574
			2967	1575
			2967	1576
			2967	1577
			2967	1578
			2967	1579
			2967	1580
			2967	1581
			2967	1582
			2967	1583
			2967	1584
			2967	1585
			2967	1586
			2967	1587
			2967	1588
			2967	1589
			2967	1590
			2967	1591
			2967	1592
			2967	1593
			2967	1594
			2967	1595
		</glabella>
		<suture type=matrix rownames=FALSE colnames=FALSE nrow=1595 ncol=2 as.numeric=TRUE >
			2592	642
			2593	642
			2594	642
			2595	642
			2596	642
			2597	642
			2598	642
			2599	642
			2600	642
			2601	642
			2602	642
			2602	643
			2603	643
			2604	643
			2605	643
			2606	643
			2607	643
			2608	643
			2609	643
			2610	643
			2611	643
			2612	643
			2613	643
			2614	643
			2615	643
			2616	643
			2617	643
			2618	643
			2619	643
			2620	643
			2621	643
			2622	643
			2623	644
			2624	644
			2625	644
			2626	644
			2627	644
			2628	644
			2629	644
			2630	644
			2631	644
			2632	644
			2633	644
			2634	644
			2635	644
			2636	644
			2637	644
			2638	644
			2639	644
			2640	644
			2641	644
			2642	644
			2643	644
			2644	645
			2645	645
			2646	645
			2647	645
			2648	645
			2649	645
			2650	645
			2651	645
			2652	645
			2653	645
			2654	645
			2655	645
			2656	645
			2657	645
			2658	645
			2659	645
			2660	645
			2661	645
			2662	645
			2663	645
			2664	646
			2665	646
			2666	646
			2667	646
			2668	646
			2669	646
			2670	646
			2671	646
			2672	646
			2673	646
			2674	646
			2675	646
			2676	646
			2677	646
			2678	646
			2679	646
			2680	646
			2681	646
			2682	646
			2683	646
			2684	647
			2685	647
			2686	647
			2687	647
			2688	647
			2689	647
			2690	647
			2691	647
			2692	647
			2693	647
			2694	647
			2695	647
			2696	647
			2697	647
			2698	647
			2699	647
			2700	647
			2701	647
			2702	647
			2703	647
			2704	647
			2705	648
			2706	648
			2707	648
			2708	648
			2709	648
			2710	648
			2711	648
			2712	648
			2713	648
			2714	648
			2715	648
			2716	648
			2717	648
			2718	648
			2719	648
			2720	648
			2721	648
			2722	648
			2723	648
			2724	648
			2725	649
			2726	649
			2727	649
			2728	649
			2729	649
			2730	649
			2731	649
			2732	649
			2733	649
			2734	649
			2735	649
			2736	649
			2737	649
			2738	649
			2739	649
			2740	649
			2741	649
			2742	649
			2743	649
			2744	649
			2745	649
			2746	650
			2747	650
			2748	650
			2749	650
			2750	650
			2751	650
			2752	650
			2753	650
			2754	650
			2755	650
			2756	650
			2757	650
			2758	650
			2759	650
			2760	650
			2761	650
			2762	650
			2763	650
			2764	650
			2765	651
			2766	651
			2767	651
			2768	651
			2769	651
			2770	651
			2771	651
			2772	651
			2773	651
			2774	651
			2775	651
			2776	651
			2777	651
			2778	651
			2779	651
			2780	651
			2781	651
			2782	651
			2783	651
			2784	651
			2785	651
			2786	652
			2787	652
			2788	652
			2789	652
			2790	652
			2791	652
			2792	652
			2793	652
			2794	652
			2795	652
			2796	652
			2797	652
			2798	652
			2799	652
			2800	652
			2801	652
			2802	652
			2803	652
			2804	652
			2805	652
			2806	653
			2807	653
			2808	653
			2809	653
			2810	653
			2811	653
			2812	653
			2813	653
			2814	653
			2815	653
			2816	653
			2817	653
			2818	653
			2819	653
			2820	653
			2821	653
			2822	653
			2823	653
			2824	653
			2825	653
			2826	654
			2827	654
			2828	654
			2829	654
			2830	654
			2831	654
			2832	654
			2833	654
			2834	654
			2835	654
			2836	654
			2837	654
			2838	654
			2839	654
			2840	654
			2841	654
			2842	654
			2843	654
			2844	654
			2845	654
			2846	655
			2847	655
			2848	655
			2849	655
			2850	655
			2851	655
			2852	655
			2853	655
			2854	655
			2855	655
			2856	655
			2857	655
			2858	655
			2859	655
			2860	655
			2861	655
			2862	655
			2863	655
			2864	655
			2865	655
			2866	655
			2867	656
			2868	656
			2869	656
			2870	656
			2871	656
			2872	656
			2873	656
			2874	656
			2875	656
			2876	656
			2877	656
			2878	656
			2879	656
			2880	656
			2881	656
			2882	656
			2883	656
			2884	656
			2885	656
			2886	656
			2887	657
			2888	657
			2889	657
			2890	657
			2891	657
			2892	657
			2893	657
			2894	657
			2895	657
			2896	657
			2897	657
			2898	657
			2899	657
			2900	657
			2901	657
			2902	657
			2903	657
			2904	657
			2905	657
			2906	657
			2907	658
			2908	658
			2909	658
			2910	658
			2911	658
			2912	658
			2913	658
			2914	658
			2915	658
			2916	658
			2917	658
			2918	658
			2919	658
			2920	658
			2921	658
			2922	658
			2923	658
			2924	658
			2925	658
			2926	658
			2927	659
			2928	659
			2929	659
			2930	659
			2931	659
			2932	659
			2933	659
			2934	659
			2935	659
			2936	659
			2937	659
			2938	659
			2939	659
			2940	659
			2941	659
			2942	659
			2943	659
			2944	659
			2945	659
			2946	659
			2947	660
			2948	660
			2949	660
			2950	660
			2951	660
			2952	660
			2953	660
			2954	660
			2955	660
			2956	660
			2957	660
			2958	660
			2959	660
			2960	660
			2961	660
			2962	660
			2963	660
			2964	660
			2965	660
			2966	660
			2967	661
			2968	661
			2969	661
			2970	661
			2971	661
			2972	661
			2973	661
			2974	661
			2975	661
			2976	661
			2977	661
			2978	661
			2979	661
			2980	661
			2981	661
			2982	661
			2983	661
			2984	661
			2985	661
			2986	661
			2987	661
			2988	662
			2989	662
			2990	662
			2991	662
			2992	662
			2993	662
			2994	662
			2995	662
			2996	662
			2997	662
			2998	662
			2999	663
			3000	663
			3001	663
			3002	663
			3003	663
			3004	663
			3005	663
			3006	663
			3007	663
			3008	664
			3009	664
			3010	664
			3011	664
			3012	664
			3013	664
			3014	664
			3015	665
			3016	665
			3017	665
			3018	665
			3019	665
			3020	665
			3021	666
			3022	666
			3023	666
			3024	666
			3025	666
			3026	667
			3027	667
			3028	667
			3029	667
			3030	667
			3031	668
			3032	668
			3033	668
			3034	668
			3034	669
			3035	669
			3036	669
			3037	669
			3038	669
			3039	670
			3040	670
			3041	670
			3042	671
			3043	671
			3044	671
			3045	672
			3046	672
			3047	672
			3048	673
			3049	673
			3050	673
			3051	674
			3052	674
			3053	674
			3054	675
			3055	675
			3056	675
			3057	676
			3058	676
			3059	676
			3060	677
			3061	678
			3062	678
			3063	678
			3064	679
			3065	679
			3066	680
			3067	680
			3068	680
			3069	681
			3070	682
			3071	682
			3072	683
			3073	683
			3074	684
			3075	684
			3076	685
			3077	685
			3077	686
			3078	686
			3079	687
			3080	687
			3081	688
			3082	689
			3083	689
			3084	690
			3085	691
			3086	691
			3087	692
			3088	693
			3089	693
			3090	694
			3090	695
			3091	695
			3092	696
			3093	697
			3094	697
			3095	698
			3095	699
			3096	700
			3097	700
			3098	701
			3099	702
			3099	703
			3100	703
			3101	704
			3102	705
			3102	706
			3103	707
			3104	707
			3105	708
			3105	709
			3106	710
			3107	711
			3107	712
			3108	712
			3109	713
			3109	714
			3110	715
			3111	716
			3111	717
			3112	718
			3113	719
			3114	720
			3114	721
			3115	722
			3115	723
			3116	723
			3116	724
			3116	725
			3117	725
			3117	726
			3118	727
			3118	728
			3119	729
			3119	730
			3120	731
			3120	732
			3121	733
			3121	734
			3122	735
			3122	736
			3123	737
			3123	738
			3123	739
			3124	740
			3124	741
			3125	742
			3125	743
			3125	744
			3126	745
			3126	746
			3126	747
			3127	748
			3127	749
			3127	750
			3128	751
			3128	752
			3128	753
			3128	754
			3129	755
			3129	756
			3129	757
			3129	758
			3130	759
			3130	760
			3130	761
			3130	762
			3130	763
			3131	764
			3131	765
			3131	766
			3131	767
			3131	768
			3131	769
			3132	770
			3132	771
			3132	772
			3132	773
			3132	774
			3132	775
			3133	776
			3133	777
			3133	778
			3133	779
			3133	780
			3134	781
			3134	782
			3134	783
			3134	784
			3134	785
			3134	786
			3134	787
			3135	788
			3135	789
			3135	790
			3135	791
			3135	792
			3135	793
			3135	794
			3135	795
			3135	796
			3136	797
			3136	798
			3136	799
			3136	800
			3136	801
			3136	802
			3136	803
			3136	804
			3136	805
			3136	806
			3136	807
			3136	808
			3136	809
			3136	810
			3136	811
			3137	812
			3137	813
			3137	814
			3137	815
			3137	816
			3137	817
			3137	818
			3137	819
			3137	820
			3137	821
			3137	822
			3137	823
			3137	824
			3136	825
			3136	826
			3136	827
			3136	828
			3136	829
			3136	830
			3136	831
			3136	832
			3136	833
			3136	834
			3136	835
			3136	836
			3136	837
			3136	838
			3136	839
			3136	840
			3135	841
			3135	842
			3135	843
			3135	844
			3135	845
			3135	846
			3135	847
			3135	848
			3134	849
			3134	850
			3134	851
			3134	852
			3134	853
			3134	854
			3134	855
			3134	856
			3133	857
			3133	858
			3133	859
			3133	860
			3133	861
			3132	862
			3132	863
			3132	864
			3132	865
			3132	866
			3131	867
			3131	868
			3131	869
			3131	870
			3130	871
			3130	872
			3130	873
			3130	874
			3130	875
			3129	876
			3129	877
			3129	878
			3129	879
			3128	880
			3128	881
			3128	882
			3128	883
			3127	884
			3127	885
			3127	886
			3127	887
			3126	888
			3126	889
			3126	890
			3125	891
			3125	892
			3125	893
			3124	894
			3124	895
			3124	896
			3124	897
			3123	897
			3123	898
			3123	899
			3122	900
			3122	901
			3122	902
			3121	903
			3121	904
			3120	905
			3120	906
			3120	907
			3119	908
			3119	909
			3119	910
			3118	911
			3118	912
			3118	913
			3117	914
			3117	915
			3116	916
			3116	917
			3116	918
			3115	919
			3115	920
			3114	921
			3114	922
			3113	923
			3113	924
			3114	925
			3115	926
			3116	926
			3117	927
			3118	928
			3119	929
			3120	930
			3121	931
			3122	931
			3123	932
			3124	933
			3125	933
			3126	934
			3127	935
			3127	936
			3128	936
			3129	937
			3130	938
			3131	938
			3132	939
			3133	940
			3133	941
			3134	941
			3135	942
			3136	943
			3137	943
			3137	944
			3138	945
			3139	945
			3140	946
			3141	947
			3141	948
			3142	948
			3143	949
			3144	950
			3145	951
			3146	952
			3147	953
			3148	954
			3149	955
			3150	955
			3151	956
			3151	957
			3152	958
			3153	959
			3154	960
			3155	960
			3156	961
			3156	962
			3157	963
			3158	964
			3159	965
			3160	965
			3161	966
			3161	967
			3162	968
			3163	969
			3164	970
			3165	971
			3166	972
			3167	973
			3168	974
			3169	975
			3170	976
			3170	977
			3171	978
			3172	979
			3173	980
			3174	981
			3175	982
			3175	983
			3176	984
			3177	985
			3178	986
			3179	987
			3179	988
			3180	989
			3181	990
			3182	991
			3182	992
			3183	993
			3184	994
			3184	995
			3185	996
			3186	997
			3186	998
			3187	999
			3188	1000
			3188	1001
			3189	1002
			3190	1003
			3190	1004
			3191	1005
			3191	1006
			3192	1007
			3193	1008
			3193	1009
			3194	1010
			3194	1011
			3195	1012
			3195	1013
			3196	1014
			3196	1015
			3197	1016
			3197	1017
			3198	1018
			3198	1019
			3199	1020
			3199	1021
			3200	1022
			3200	1023
			3201	1024
			3201	1025
			3201	1026
			3202	1027
			3202	1028
			3203	1029
			3203	1030
			3203	1031
			3204	1032
			3204	1033
			3204	1034
			3205	1035
			3205	1036
			3205	1037
			3206	1038
			3206	1039
			3206	1040
			3207	1041
			3207	1042
			3207	1043
			3207	1044
			3208	1045
			3208	1046
			3208	1047
			3208	1048
			3208	1049
			3209	1049
			3209	1050
			3209	1051
			3209	1052
			3209	1053
			3209	1054
			3210	1055
			3210	1056
			3210	1057
			3210	1058
			3210	1059
			3210	1060
			3210	1061
			3210	1062
			3210	1063
			3210	1064
			3211	1065
			3211	1066
			3211	1067
			3211	1068
			3211	1069
			3211	1070
			3211	1071
			3211	1072
			3211	1073
			3211	1074
			3211	1075
			3210	1076
			3210	1077
			3210	1078
			3210	1079
			3210	1080
			3210	1081
			3210	1082
			3210	1083
			3210	1084
			3210	1085
			3209	1085
			3209	1086
			3209	1087
			3209	1088
			3209	1089
			3209	1090
			3208	1091
			3208	1092
			3208	1093
			3208	1094
			3207	1095
			3207	1096
			3207	1097
			3207	1098
			3206	1099
			3206	1100
			3206	1101
			3205	1102
			3205	1103
			3205	1104
			3204	1105
			3204	1106
			3204	1107
			3203	1108
			3203	1109
			3203	1110
			3202	1111
			3202	1112
			3201	1113
			3201	1114
			3201	1115
			3200	1116
			3200	1117
			3199	1118
			3199	1119
			3198	1120
			3198	1121
			3197	1122
			3197	1123
			3196	1124
			3196	1125
			3195	1126
			3194	1127
			3194	1128
			3193	1129
			3192	1130
			3192	1131
			3191	1132
			3191	1133
			3190	1133
			3190	1134
			3189	1135
			3189	1136
			3188	1137
			3187	1138
			3186	1139
			3186	1140
			3185	1141
			3185	1142
			3184	1142
			3183	1143
			3183	1144
			3182	1145
			3181	1146
			3181	1147
			3180	1147
			3179	1148
			3179	1149
			3178	1150
			3177	1151
			3177	1152
			3176	1152
			3175	1153
			3175	1154
			3174	1155
			3173	1156
			3172	1157
			3171	1158
			3170	1159
			3169	1160
			3168	1161
			3167	1162
			3166	1163
			3165	1164
			3164	1165
			3163	1166
			3162	1167
			3161	1168
			3160	1169
			3159	1170
			3158	1171
			3157	1172
			3156	1173
			3156	1174
			3156	1175
			3155	1176
			3155	1177
			3154	1178
			3154	1179
			3153	1180
			3153	1181
			3153	1182
			3152	1183
			3152	1184
			3152	1185
			3151	1186
			3151	1187
			3151	1188
			3150	1189
			3150	1190
			3150	1191
			3149	1192
			3149	1193
			3149	1194
			3148	1195
			3148	1196
			3148	1197
			3148	1198
			3147	1199
			3147	1200
			3147	1201
			3147	1202
			3147	1203
			3146	1204
			3146	1205
			3146	1206
			3146	1207
			3146	1208
			3146	1209
			3146	1210
			3145	1211
			3145	1212
			3145	1213
			3145	1214
			3145	1215
			3145	1216
			3145	1217
			3145	1218
			3145	1219
			3145	1220
			3145	1221
			3145	1222
			3145	1223
			3144	1223
			3144	1224
			3144	1225
			3144	1226
			3144	1227
			3145	1227
			3145	1228
			3145	1229
			3145	1230
			3145	1231
			3145	1232
			3145	1233
			3145	1234
			3145	1235
			3145	1236
			3145	1237
			3145	1238
			3145	1239
			3146	1240
			3146	1241
			3146	1242
			3146	1243
			3146	1244
			3146	1245
			3146	1246
			3147	1247
			3147	1248
			3147	1249
			3147	1250
			3148	1251
			3148	1252
			3148	1253
			3148	1254
			3149	1255
			3149	1256
			3149	1257
			3150	1258
			3150	1259
			3150	1260
			3151	1261
			3151	1262
			3151	1263
			3152	1264
			3152	1265
			3152	1266
			3153	1267
			3153	1268
			3154	1269
			3154	1270
			3154	1271
			3155	1272
			3155	1273
			3156	1274
			3156	1275
			3157	1276
			3157	1277
			3158	1278
			3158	1279
			3159	1280
			3159	1281
			3160	1282
			3160	1283
			3161	1284
			3161	1285
			3162	1286
			3162	1287
			3163	1287
			3164	1288
			3164	1289
			3165	1290
			3165	1291
			3166	1292
			3167	1293
			3167	1294
			3168	1295
			3169	1296
			3169	1297
			3170	1298
			3171	1299
			3171	1300
			3172	1301
			3173	1302
			3174	1303
			3174	1304
			3175	1305
			3176	1306
			3177	1307
			3177	1308
			3178	1309
			3179	1310
			3180	1311
			3180	1312
			3181	1313
			3182	1313
			3183	1314
			3184	1315
			3185	1316
			3185	1317
			3186	1318
			3187	1319
			3188	1320
			3189	1321
			3190	1322
			3191	1323
			3192	1324
			3193	1325
			3194	1326
			3195	1327
			3196	1328
			3197	1329
			3198	1330
			3199	1331
			3200	1332
			3201	1333
			3202	1333
			3203	1334
			3204	1335
			3205	1336
			3206	1337
			3207	1338
			3208	1339
			3209	1340
			3210	1341
			3211	1342
			3212	1343
			3213	1344
			3214	1345
			3215	1345
			3216	1346
			3217	1347
			3218	1348
			3219	1348
			3220	1349
			3221	1350
			3222	1351
			3223	1352
			3224	1353
			3225	1354
			3226	1354
			3227	1355
			3228	1356
			3229	1356
			3229	1357
			3230	1357
			3231	1358
			3232	1359
			3233	1359
			3234	1360
			3235	1361
			3236	1361
			3237	1362
			3238	1363
			3239	1364
			3240	1364
			3241	1365
			3242	1366
			3243	1366
			3244	1367
			3245	1368
			3246	1369
			3247	1369
			3248	1370
			3249	1371
			3250	1371
			3251	1372
			3252	1373
			3253	1373
			3254	1374
			3255	1375
			3256	1375
			3257	1376
			3258	1376
			3259	1377
			3260	1378
			3261	1378
			3262	1379
			3263	1380
			3264	1380
			3265	1381
			3266	1382
			3267	1382
			3268	1383
			3269	1383
			3270	1384
			3271	1384
			3272	1385
			3273	1386
			3274	1386
			3275	1387
			3276	1387
			3277	1388
			3278	1389
			3279	1389
			3280	1390
			3281	1390
			3282	1391
			3283	1392
			3284	1392
			3285	1393
			3286	1393
			3287	1394
			3288	1395
			3289	1395
			3290	1396
			3291	1396
			3292	1397
			3293	1397
			3294	1398
			3295	1398
			3296	1399
			3297	1399
			3298	1400
			3299	1400
			3299	1401
			3300	1401
			3301	1402
			3302	1402
			3303	1402
			3303	1403
			3304	1403
			3305	1404
			3306	1404
			3307	1405
			3308	1405
			3309	1406
			3310	1406
			3311	1407
			3312	1407
			3313	1408
			3314	1408
			3315	1409
			3316	1409
			3317	1410
			3318	1410
			3319	1411
			3320	1411
			3321	1411
			3322	1411
			3323	1412
			3324	1412
			3325	1412
			3326	1412
			3327	1413
			3328	1413
			3329	1413
			3330	1413
			3331	1414
			3332	1414
			3333	1414
			3334	1414
			3335	1415
			3336	1415
			3337	1415
			3338	1416
			3339	1416
			3340	1416
			3341	1416
			3342	1417
			3343	1417
			3344	1417
			3345	1418
			3346	1418
			3347	1418
			3348	1418
			3349	1419
			3350	1419
			3351	1419
			3352	1420
			3353	1420
			3354	1420
			3355	1420
			3355	1421
			3356	1421
			3357	1421
			3358	1422
			3359	1422
			3360	1422
			3361	1422
			3362	1423
			3363	1423
			3364	1424
			3365	1424
			3366	1424
			3367	1425
			3368	1425
			3369	1425
			3370	1426
			3371	1426
			3372	1426
			3373	1427
			3374	1427
			3375	1427
			3376	1428
			3377	1428
			3378	1428
			3379	1429
			3380	1429
			3381	1429
			3382	1430
			3383	1430
			3384	1431
			3385	1431
			3386	1432
			3387	1432
			3388	1432
			3389	1433
			3390	1433
			3391	1434
			3392	1434
			3393	1434
			3394	1435
			3395	1435
			3396	1436
			3397	1436
			3398	1436
			3399	1437
			3400	1437
			3401	1437
			3402	1438
			3403	1439
			3404	1439
			3405	1440
			3406	1440
			3407	1441
			3408	1441
			3409	1441
			3410	1442
			3411	1442
			3412	1443
			3413	1443
			3414	1444
			3415	1444
			3416	1445
			3417	1445
			3418	1446
			3419	1446
			3420	1447
			3421	1447
			3422	1448
			3423	1448
			3423	1449
			3424	1449
			3425	1449
			3426	1450
			3427	1450
			3427	1451
			3428	1451
			3429	1452
			3430	1452
			3431	1453
			3432	1453
			3433	1454
			3434	1455
			3435	1455
			3436	1456
			3437	1456
			3438	1457
			3439	1457
			3439	1458
			3440	1458
			3441	1459
			3442	1460
			3443	1460
			3444	1461
			3445	1461
			3446	1462
			3447	1463
			3448	1464
			3449	1464
			3450	1465
			3451	1466
			3452	1467
			3453	1467
			3454	1468
			3455	1469
			3456	1469
			3457	1470
			3458	1471
			3459	1472
			3460	1473
			3461	1474
			3462	1475
			3463	1476
			3464	1477
			3465	1478
			3466	1478
			3467	1479
			3468	1480
			3469	1481
			3470	1482
			3471	1483
			3472	1484
			3473	1485
			3474	1486
			3475	1487
			3476	1488
			3477	1489
			3477	1490
			3478	1491
			3479	1491
			3480	1492
			3481	1493
			3481	1494
			3482	1495
			3483	1496
			3484	1497
			3484	1498
			3485	1499
			3486	1500
			3486	1501
			3487	1502
			3488	1503
			3488	1504
			3489	1505
			3490	1506
			3490	1507
			3491	1508
			3492	1509
			3492	1510
			3493	1511
			3493	1512
			3494	1513
			3494	1514
			3495	1515
			3495	1516
			3496	1517
			3496	1518
			3496	1519
			3497	1519
			3497	1520
			3497	1521
			3498	1522
			3498	1523
			3499	1524
			3499	1525
			3499	1526
			3500	1527
			3500	1528
			3500	1529
			3501	1530
			3501	1531
			3501	1532
			3501	1533
			3502	1534
			3502	1535
			3502	1536
			3502	1537
			3503	1538
			3503	1539
			3503	1540
			3503	1541
			3504	1542
			3504	1543
			3504	1544
			3504	1545
			3504	1546
			3504	1547
			3505	1548
			3505	1549
			3505	1550
			3505	1551
			3505	1552
			3505	1553
			3505	1554
			3505	1555
			3505	1556
			3505	1557
			3505	1558
			3505	1559
			3505	1560
			3505	1561
			3506	1561
			3506	1562
			3506	1563
			3506	1564
			3506	1565
			3505	1565
			3505	1566
			3505	1567
			3505	1568
			3505	1569
			3505	1570
			3505	1571
			3505	1572
			3505	1573
			3505	1574
			3505	1575
			3505	1576
			3505	1577
			3505	1578
			3504	1579
			3504	1580
			3504	1581
			3504	1582
			3504	1583
			3504	1584
			3504	1585
			3503	1586
			3503	1587
			3503	1588
			3503	1589
			3503	1590
			3502	1591
			3502	1592
			3502	1593
			3502	1594
			3502	1595
			3501	1596
			3501	1597
			3501	1598
			3501	1599
			3500	1600
			3500	1601
			3500	1602
			3499	1603
			3499	1604
			3499	1605
			3498	1606
			3498	1607
			3498	1608
			3497	1609
			3497	1610
			3497	1611
			3497	1612
			3496	1612
			3496	1613
			3496	1614
			3496	1615
			3495	1616
			3495	1617
			3494	1618
			3494	1619
			3494	1620
			3493	1621
			3493	1622
			3492	1623
			3492	1624
		</suture>
		<anterior type=matrix rownames=FALSE colnames=FALSE nrow=1792 ncol=2 as.numeric=TRUE >
			2592	642
			2593	642
			2594	642
			2595	642
			2596	642
			2597	642
			2598	642
			2599	642
			2600	642
			2601	642
			2602	643
			2603	643
			2604	643
			2605	643
			2606	643
			2607	643
			2608	643
			2609	643
			2610	643
			2611	643
			2612	643
			2613	643
			2614	643
			2615	643
			2616	643
			2617	643
			2618	643
			2619	643
			2620	643
			2621	643
			2622	643
			2623	643
			2624	643
			2625	644
			2626	644
			2627	644
			2628	644
			2629	644
			2630	644
			2631	644
			2632	644
			2633	644
			2634	644
			2635	644
			2636	644
			2637	644
			2638	644
			2639	644
			2640	644
			2641	644
			2642	644
			2643	644
			2644	644
			2645	644
			2646	644
			2647	645
			2648	645
			2649	645
			2650	645
			2651	645
			2652	645
			2653	645
			2654	645
			2655	645
			2656	645
			2657	645
			2658	645
			2659	645
			2660	645
			2661	645
			2662	645
			2663	645
			2664	645
			2665	645
			2666	645
			2667	645
			2668	645
			2669	645
			2670	645
			2671	646
			2672	646
			2673	646
			2674	646
			2675	646
			2676	646
			2677	646
			2678	646
			2679	646
			2680	646
			2681	646
			2682	646
			2683	646
			2684	646
			2685	646
			2686	646
			2687	646
			2688	646
			2689	646
			2690	646
			2691	646
			2692	646
			2693	646
			2694	646
			2695	647
			2696	647
			2697	647
			2698	647
			2699	647
			2700	647
			2701	647
			2702	647
			2703	647
			2704	647
			2705	647
			2706	647
			2707	647
			2708	647
			2709	647
			2710	647
			2711	647
			2712	647
			2713	647
			2714	647
			2715	647
			2716	647
			2717	647
			2718	647
			2719	648
			2720	648
			2721	648
			2722	648
			2723	648
			2724	648
			2725	648
			2726	648
			2727	648
			2728	648
			2729	648
			2730	648
			2731	648
			2732	648
			2733	648
			2734	648
			2735	648
			2736	648
			2737	648
			2738	648
			2739	648
			2740	648
			2741	648
			2742	648
			2743	648
			2744	649
			2745	649
			2746	649
			2747	649
			2748	649
			2749	649
			2750	649
			2751	649
			2752	649
			2753	649
			2754	649
			2755	649
			2756	649
			2757	649
			2758	649
			2759	649
			2760	649
			2761	649
			2762	649
			2763	649
			2764	649
			2765	649
			2766	649
			2767	649
			2768	649
			2769	649
			2769	650
			2770	650
			2771	650
			2772	650
			2773	650
			2774	650
			2775	650
			2776	650
			2777	650
			2778	650
			2779	650
			2780	650
			2781	650
			2782	650
			2783	650
			2784	650
			2785	650
			2786	650
			2787	650
			2788	650
			2789	650
			2790	650
			2791	650
			2792	650
			2793	650
			2794	650
			2795	651
			2796	651
			2797	651
			2798	651
			2799	651
			2800	651
			2801	651
			2802	651
			2803	651
			2804	651
			2805	651
			2806	651
			2807	651
			2808	651
			2809	651
			2810	651
			2811	651
			2812	651
			2813	651
			2814	651
			2815	651
			2816	651
			2817	651
			2818	651
			2819	651
			2820	652
			2821	652
			2822	652
			2823	652
			2824	652
			2825	652
			2826	652
			2827	652
			2828	652
			2829	652
			2830	652
			2831	652
			2832	652
			2833	652
			2834	652
			2835	652
			2836	652
			2837	652
			2838	652
			2839	652
			2840	652
			2841	652
			2842	652
			2843	652
			2844	652
			2845	652
			2846	652
			2847	653
			2848	653
			2849	653
			2850	653
			2851	653
			2852	653
			2853	653
			2854	653
			2855	653
			2856	653
			2857	653
			2858	653
			2859	653
			2860	653
			2861	653
			2862	653
			2863	653
			2864	653
			2865	653
			2866	653
			2867	653
			2868	653
			2869	653
			2870	653
			2871	653
			2872	653
			2873	653
			2874	654
			2875	654
			2876	654
			2877	654
			2878	654
			2879	654
			2880	654
			2881	654
			2882	654
			2883	654
			2884	654
			2885	654
			2886	654
			2887	654
			2888	654
			2889	654
			2890	654
			2891	654
			2892	654
			2893	654
			2894	654
			2895	654
			2896	654
			2897	654
			2898	654
			2899	654
			2900	655
			2901	655
			2902	655
			2903	655
			2904	655
			2905	655
			2906	655
			2907	655
			2908	655
			2909	655
			2910	655
			2911	655
			2912	655
			2913	655
			2914	655
			2915	655
			2916	655
			2917	655
			2918	655
			2919	655
			2920	655
			2921	655
			2922	655
			2923	655
			2924	655
			2925	655
			2926	655
			2927	656
			2928	656
			2929	656
			2930	656
			2931	656
			2932	656
			2933	656
			2934	656
			2935	656
			2936	656
			2937	656
			2938	656
			2939	656
			2940	656
			2941	656
			2942	656
			2943	656
			2944	656
			2945	656
			2946	656
			2947	656
			2948	656
			2949	656
			2950	656
			2951	656
			2952	656
			2953	656
			2954	657
			2955	657
			2956	657
			2957	657
			2958	657
			2959	657
			2960	657
			2961	657
			2962	657
			2963	657
			2964	657
			2965	657
			2966	657
			2967	657
			2968	657
			2969	657
			2970	657
			2971	657
			2972	657
			2973	657
			2974	657
			2975	657
			2976	657
			2977	657
			2978	657
			2979	657
			2980	657
			2981	657
			2982	657
			2983	657
			2984	657
			2985	658
			2986	658
			2987	658
			2988	658
			2989	658
			2990	658
			2991	658
			2992	658
			2993	658
			2994	658
			2995	658
			2996	658
			2997	658
			2998	658
			2999	658
			3000	658
			3001	658
			3002	658
			3003	658
			3004	658
			3005	658
			3006	658
			3007	659
			3008	659
			3009	659
			3010	659
			3011	659
			3012	659
			3013	659
			3014	659
			3015	659
			3016	659
			3017	659
			3018	659
			3019	659
			3020	659
			3021	659
			3022	659
			3023	660
			3024	660
			3025	660
			3026	660
			3027	660
			3028	660
			3029	660
			3030	660
			3031	660
			3032	660
			3033	660
			3034	660
			3035	660
			3036	660
			3037	660
			3038	661
			3039	661
			3040	661
			3041	661
			3042	661
			3043	661
			3044	661
			3045	661
			3046	661
			3047	661
			3048	661
			3049	661
			3049	662
			3050	662
			3051	662
			3052	662
			3053	662
			3054	662
			3055	662
			3056	662
			3057	662
			3058	662
			3059	662
			3060	663
			3061	663
			3062	663
			3063	663
			3064	663
			3065	663
			3066	663
			3067	663
			3068	663
			3069	663
			3070	664
			3071	664
			3072	664
			3073	664
			3074	664
			3075	664
			3076	664
			3077	664
			3078	664
			3079	665
			3080	665
			3081	665
			3082	665
			3083	665
			3084	665
			3085	665
			3086	665
			3087	666
			3088	666
			3089	666
			3090	666
			3091	666
			3092	666
			3093	666
			3094	666
			3095	666
			3096	667
			3097	667
			3098	667
			3099	667
			3100	667
			3101	667
			3102	667
			3103	668
			3104	668
			3105	668
			3106	668
			3107	668
			3108	668
			3109	668
			3110	668
			3110	669
			3111	669
			3112	669
			3113	669
			3114	669
			3115	669
			3116	669
			3117	670
			3118	670
			3119	670
			3120	670
			3121	670
			3122	670
			3123	671
			3124	671
			3125	671
			3126	671
			3127	671
			3128	671
			3129	671
			3130	672
			3131	672
			3132	672
			3133	672
			3134	672
			3135	672
			3136	673
			3137	673
			3138	673
			3139	673
			3140	673
			3141	673
			3142	674
			3143	674
			3144	674
			3145	674
			3146	674
			3147	675
			3148	675
			3149	675
			3150	675
			3151	675
			3152	676
			3153	676
			3154	676
			3155	676
			3156	676
			3157	676
			3158	677
			3159	677
			3160	677
			3161	677
			3162	677
			3163	678
			3164	678
			3165	678
			3166	678
			3167	678
			3168	679
			3169	679
			3170	679
			3171	679
			3172	679
			3173	680
			3174	680
			3175	680
			3176	680
			3177	681
			3178	681
			3179	681
			3180	681
			3181	681
			3182	682
			3183	682
			3184	682
			3185	682
			3186	682
			3187	683
			3188	683
			3189	683
			3190	683
			3191	684
			3192	684
			3193	684
			3194	684
			3195	684
			3196	685
			3197	685
			3198	685
			3199	685
			3200	686
			3201	686
			3202	686
			3203	686
			3204	687
			3205	687
			3206	687
			3207	688
			3208	688
			3209	688
			3210	688
			3211	689
			3212	689
			3213	689
			3214	689
			3215	690
			3216	690
			3217	690
			3218	690
			3219	691
			3220	691
			3221	691
			3222	691
			3223	692
			3224	692
			3225	692
			3226	692
			3227	693
			3228	693
			3229	693
			3230	693
			3231	694
			3232	694
			3233	694
			3234	695
			3235	695
			3236	695
			3237	695
			3238	696
			3239	696
			3240	697
			3241	697
			3242	697
			3243	697
			3244	698
			3245	698
			3246	698
			3247	698
			3248	699
			3249	699
			3250	699
			3251	700
			3252	700
			3253	700
			3254	701
			3255	701
			3256	701
			3257	702
			3258	702
			3259	702
			3260	703
			3261	703
			3262	703
			3263	703
			3264	704
			3265	704
			3266	704
			3267	705
			3268	705
			3269	705
			3270	706
			3271	706
			3272	706
			3273	707
			3274	707
			3275	707
			3276	708
			3277	708
			3278	708
			3279	709
			3280	709
			3281	709
			3281	710
			3282	710
			3283	710
			3284	711
			3285	711
			3286	711
			3287	712
			3288	712
			3289	712
			3290	713
			3291	713
			3292	713
			3293	714
			3294	714
			3295	714
			3296	715
			3297	715
			3298	716
			3299	716
			3300	716
			3301	717
			3302	717
			3303	718
			3304	718
			3305	718
			3306	719
			3307	719
			3308	720
			3309	720
			3310	720
			3311	720
			3311	721
			3312	721
			3313	721
			3314	722
			3315	722
			3316	723
			3317	723
			3318	724
			3319	724
			3320	724
			3321	725
			3322	725
			3323	725
			3324	726
			3325	726
			3326	727
			3327	727
			3328	727
			3329	728
			3330	728
			3330	729
			3331	729
			3332	730
			3333	730
			3334	730
			3335	731
			3336	731
			3337	732
			3338	732
			3339	732
			3340	733
			3341	733
			3342	734
			3343	734
			3344	735
			3345	735
			3346	735
			3346	736
			3347	736
			3348	737
			3349	737
			3350	738
			3351	738
			3352	738
			3353	739
			3354	739
			3355	740
			3356	740
			3357	741
			3358	741
			3359	742
			3360	742
			3361	743
			3362	743
			3363	744
			3364	744
			3365	745
			3366	745
			3367	745
			3367	746
			3368	746
			3369	747
			3370	747
			3371	748
			3372	748
			3373	749
			3374	749
			3375	750
			3376	750
			3377	751
			3378	751
			3379	752
			3380	752
			3381	752
			3382	753
			3383	754
			3384	755
			3385	755
			3386	755
			3386	756
			3387	756
			3388	756
			3388	757
			3389	757
			3390	757
			3390	758
			3391	758
			3392	758
			3392	759
			3393	759
			3394	760
			3395	760
			3396	761
			3397	761
			3398	762
			3399	762
			3400	763
			3401	764
			3402	764
			3403	765
			3404	765
			3405	766
			3406	766
			3407	767
			3408	767
			3409	768
			3410	769
			3411	770
			3412	770
			3413	771
			3414	771
			3415	772
			3416	773
			3417	773
			3418	774
			3419	774
			3420	775
			3421	776
			3422	776
			3423	777
			3424	777
			3425	778
			3426	778
			3427	779
			3428	780
			3429	780
			3430	781
			3431	781
			3432	782
			3433	783
			3434	784
			3435	784
			3436	785
			3437	786
			3438	786
			3439	787
			3440	788
			3441	788
			3442	789
			3443	790
			3444	790
			3445	791
			3446	792
			3447	792
			3448	793
			3449	793
			3450	794
			3451	795
			3452	795
			3453	796
			3454	797
			3455	797
			3456	798
			3457	799
			3458	800
			3459	801
			3460	801
			3461	802
			3462	803
			3463	803
			3464	804
			3465	805
			3466	805
			3466	806
			3467	806
			3468	807
			3469	808
			3470	808
			3470	809
			3471	809
			3472	810
			3473	811
			3474	811
			3474	812
			3475	812
			3476	813
			3477	814
			3478	814
			3478	815
			3479	815
			3480	816
			3481	817
			3482	818
			3483	818
			3484	819
			3485	820
			3486	821
			3487	821
			3488	822
			3489	823
			3490	824
			3491	824
			3492	825
			3492	826
			3493	827
			3494	827
			3495	828
			3496	829
			3497	830
			3498	830
			3499	831
			3500	832
			3501	833
			3502	833
			3502	834
			3503	835
			3504	836
			3505	836
			3506	837
			3507	838
			3508	839
			3509	840
			3510	840
			3511	841
			3511	842
			3512	843
			3513	843
			3514	844
			3515	845
			3516	846
			3517	847
			3518	847
			3519	848
			3519	849
			3520	850
			3521	851
			3522	851
			3523	852
			3524	853
			3525	854
			3526	855
			3527	856
			3528	857
			3529	858
			3530	859
			3531	860
			3532	861
			3533	862
			3534	862
			3534	863
			3535	863
			3536	864
			3536	865
			3537	865
			3537	866
			3538	866
			3539	867
			3539	868
			3540	868
			3540	869
			3541	869
			3542	870
			3542	871
			3543	871
			3544	872
			3545	873
			3546	874
			3547	875
			3547	876
			3548	877
			3549	877
			3550	878
			3550	879
			3551	879
			3552	880
			3552	881
			3553	882
			3554	882
			3555	883
			3555	884
			3556	885
			3557	885
			3557	886
			3558	887
			3559	888
			3560	889
			3561	890
			3562	891
			3563	892
			3564	893
			3564	894
			3565	895
			3566	896
			3567	897
			3568	897
			3569	898
			3569	899
			3570	900
			3571	901
			3572	902
			3573	903
			3574	904
			3574	905
			3575	906
			3576	907
			3577	908
			3578	909
			3578	910
			3579	911
			3580	911
			3581	912
			3582	913
			3582	914
			3583	915
			3584	916
			3585	917
			3586	918
			3586	919
			3587	920
			3588	921
			3589	922
			3590	923
			3590	924
			3591	925
			3592	926
			3593	927
			3594	928
			3594	929
			3595	930
			3596	931
			3597	932
			3597	933
			3598	934
			3599	935
			3600	936
			3601	937
			3601	938
			3602	939
			3603	940
			3604	941
			3604	942
			3605	943
			3606	944
			3607	945
			3607	946
			3608	947
			3609	948
			3610	949
			3610	950
			3611	951
			3612	952
			3613	953
			3613	954
			3614	955
			3615	956
			3616	957
			3616	958
			3617	959
			3618	960
			3619	961
			3619	962
			3620	963
			3621	964
			3622	965
			3622	966
			3623	967
			3623	968
			3624	969
			3625	970
			3626	971
			3626	972
			3627	973
			3627	974
			3628	974
			3628	975
			3629	976
			3629	977
			3630	977
			3630	978
			3631	979
			3631	980
			3632	980
			3632	981
			3633	982
			3633	983
			3634	984
			3635	985
			3635	986
			3636	987
			3637	988
			3637	989
			3638	990
			3638	991
			3639	992
			3640	993
			3640	994
			3641	994
			3641	995
			3642	996
			3643	997
			3643	998
			3644	999
			3644	1000
			3645	1001
			3646	1002
			3646	1003
			3647	1004
			3647	1005
			3648	1006
			3648	1007
			3649	1008
			3650	1009
			3650	1010
			3651	1011
			3651	1012
			3652	1013
			3653	1014
			3653	1015
			3654	1016
			3654	1017
			3655	1018
			3656	1019
			3656	1020
			3657	1021
			3657	1022
			3658	1022
			3658	1023
			3658	1024
			3659	1024
			3659	1025
			3660	1026
			3660	1027
			3661	1028
			3662	1029
			3662	1030
			3663	1031
			3663	1032
			3664	1033
			3664	1034
			3664	1035
			3665	1035
			3665	1036
			3666	1037
			3666	1038
			3667	1039
			3667	1040
			3668	1041
			3668	1042
			3669	1042
			3669	1043
			3670	1044
			3670	1045
			3671	1046
			3671	1047
			3672	1048
			3672	1049
			3673	1050
			3673	1051
			3674	1052
			3675	1053
			3675	1054
			3675	1055
			3676	1055
			3676	1056
			3676	1057
			3677	1057
			3677	1058
			3677	1059
			3678	1059
			3678	1060
			3678	1061
			3679	1062
			3680	1063
			3680	1064
			3680	1065
			3681	1066
			3681	1067
			3682	1068
			3682	1069
			3683	1070
			3683	1071
			3684	1072
			3684	1073
			3685	1074
			3685	1075
			3686	1076
			3686	1077
			3687	1078
			3687	1079
			3688	1080
			3688	1081
			3689	1082
			3689	1083
			3690	1084
			3690	1085
			3691	1086
			3691	1087
			3692	1088
			3692	1089
			3692	1090
			3693	1091
			3693	1092
			3694	1093
			3694	1094
			3695	1095
			3695	1096
			3696	1097
			3696	1098
			3697	1099
			3697	1100
			3697	1101
			3698	1102
			3698	1103
			3699	1104
			3699	1105
			3700	1106
			3700	1107
			3701	1108
			3701	1109
			3701	1110
			3702	1111
			3702	1112
			3703	1113
			3703	1114
			3704	1115
			3704	1116
			3704	1117
			3705	1118
			3705	1119
			3706	1120
			3706	1121
			3706	1122
			3707	1123
			3707	1124
			3708	1125
			3708	1126
			3708	1127
			3709	1127
			3709	1128
			3709	1129
			3709	1130
			3710	1130
			3710	1131
			3710	1132
			3711	1133
			3711	1134
			3712	1135
			3712	1136
			3712	1137
			3713	1138
			3713	1139
			3713	1140
			3714	1140
			3714	1141
			3714	1142
			3715	1143
			3715	1144
			3716	1145
			3716	1146
			3716	1147
			3717	1148
			3717	1149
			3717	1150
			3718	1151
			3718	1152
			3719	1153
			3719	1154
			3719	1155
			3720	1156
			3720	1157
			3720	1158
			3721	1159
			3721	1160
			3721	1161
			3722	1161
			3722	1162
			3722	1163
			3723	1164
			3723	1165
			3723	1166
			3724	1167
			3724	1168
			3724	1169
			3725	1170
			3725	1171
			3725	1172
			3726	1173
			3726	1174
			3726	1175
			3727	1176
			3727	1177
			3728	1178
			3728	1179
			3728	1180
			3729	1181
			3729	1182
			3729	1183
			3730	1184
			3730	1185
			3730	1186
			3731	1187
			3731	1188
			3731	1189
			3732	1190
			3732	1191
			3732	1192
			3732	1193
			3733	1194
			3733	1195
			3733	1196
			3734	1197
			3734	1198
			3734	1199
			3735	1200
			3735	1201
			3735	1202
			3736	1203
			3736	1204
			3736	1205
			3737	1206
			3737	1207
			3737	1208
			3738	1209
			3738	1210
			3738	1211
			3739	1212
			3739	1213
			3739	1214
			3739	1215
			3740	1216
			3740	1217
			3740	1218
			3741	1219
			3741	1220
			3741	1221
			3742	1222
			3742	1223
			3742	1224
			3743	1225
			3743	1226
			3743	1227
			3743	1228
			3744	1229
			3744	1230
			3744	1231
			3745	1232
			3745	1233
			3745	1234
			3746	1235
			3746	1236
			3746	1237
			3746	1238
			3747	1239
			3747	1240
			3747	1241
			3748	1242
			3748	1243
			3748	1244
			3748	1245
			3749	1246
			3749	1247
			3749	1248
			3749	1249
			3750	1250
			3750	1251
			3750	1252
			3751	1253
			3751	1254
			3751	1255
			3751	1256
			3752	1257
			3752	1258
			3752	1259
			3752	1260
			3753	1261
			3753	1262
			3753	1263
			3753	1264
			3754	1265
			3754	1266
			3754	1267
			3755	1268
			3755	1269
			3755	1270
			3755	1271
			3755	1272
			3756	1272
			3756	1273
			3756	1274
			3756	1275
			3756	1276
			3757	1277
			3757	1278
			3757	1279
			3757	1280
			3758	1281
			3758	1282
			3758	1283
			3758	1284
			3759	1285
			3759	1286
			3759	1287
			3759	1288
			3760	1289
			3760	1290
			3760	1291
			3760	1292
			3760	1293
			3761	1294
			3761	1295
			3761	1296
			3761	1297
			3762	1298
			3762	1299
			3762	1300
			3762	1301
			3763	1302
			3763	1303
			3763	1304
			3763	1305
			3763	1306
			3764	1306
			3764	1307
			3764	1308
			3764	1309
			3764	1310
			3765	1311
			3765	1312
			3765	1313
			3765	1314
			3766	1315
			3766	1316
			3766	1317
			3766	1318
			3766	1319
			3767	1320
			3767	1321
			3767	1322
			3767	1323
			3767	1324
			3768	1325
			3768	1326
			3768	1327
			3768	1328
			3768	1329
			3769	1330
			3769	1331
			3769	1332
			3769	1333
			3769	1334
			3770	1334
			3770	1335
			3770	1336
			3770	1337
			3770	1338
			3770	1339
			3771	1340
			3771	1341
			3771	1342
			3771	1343
			3771	1344
			3772	1345
			3772	1346
			3772	1347
			3772	1348
			3772	1349
			3773	1350
			3773	1351
			3773	1352
			3773	1353
			3773	1354
			3774	1355
			3774	1356
			3774	1357
			3774	1358
			3774	1359
			3774	1360
			3775	1361
			3775	1362
			3775	1363
			3775	1364
			3775	1365
			3776	1366
			3776	1367
			3776	1368
			3776	1369
			3776	1370
			3776	1371
			3776	1372
			3777	1372
			3777	1373
			3777	1374
			3777	1375
			3777	1376
			3777	1377
			3778	1378
			3778	1379
			3778	1380
			3778	1381
			3778	1382
			3778	1383
			3779	1384
			3779	1385
			3779	1386
			3779	1387
			3779	1388
			3779	1389
			3780	1390
			3780	1391
			3780	1392
			3780	1393
			3780	1394
			3780	1395
			3781	1396
			3781	1397
			3781	1398
			3781	1399
			3781	1400
			3781	1401
			3781	1402
			3782	1403
			3782	1404
			3782	1405
			3782	1406
			3782	1407
			3782	1408
			3783	1409
			3783	1410
			3783	1411
			3783	1412
			3783	1413
			3783	1414
			3783	1415
			3784	1416
			3784	1417
			3784	1418
			3784	1419
			3784	1420
			3784	1421
			3784	1422
			3785	1423
			3785	1424
			3785	1425
			3785	1426
			3785	1427
			3785	1428
			3785	1429
			3785	1430
			3786	1430
			3786	1431
			3786	1432
			3786	1433
			3786	1434
			3786	1435
			3786	1436
			3786	1437
			3786	1438
			3787	1439
			3787	1440
			3787	1441
			3787	1442
			3787	1443
			3787	1444
			3787	1445
			3788	1446
			3788	1447
			3788	1448
			3788	1449
			3788	1450
			3788	1451
			3788	1452
			3788	1453
			3789	1454
			3789	1455
			3789	1456
			3789	1457
			3789	1458
			3789	1459
			3789	1460
			3789	1461
			3789	1462
			3790	1463
			3790	1464
			3790	1465
			3790	1466
			3790	1467
			3790	1468
			3790	1469
			3790	1470
			3790	1471
			3791	1472
			3791	1473
			3791	1474
			3791	1475
			3791	1476
			3791	1477
			3791	1478
			3791	1479
			3791	1480
			3792	1481
			3792	1482
			3792	1483
			3792	1484
			3792	1485
			3792	1486
			3792	1487
			3792	1488
			3792	1489
			3792	1490
			3793	1491
			3793	1492
			3793	1493
			3793	1494
			3793	1495
			3793	1496
			3793	1497
			3793	1498
			3793	1499
			3793	1500
			3794	1501
			3794	1502
			3794	1503
			3794	1504
			3794	1505
			3794	1506
			3794	1507
			3794	1508
			3794	1509
			3794	1510
			3794	1511
			3794	1512
			3795	1513
			3795	1514
			3795	1515
			3795	1516
			3795	1517
			3795	1518
			3795	1519
			3795	1520
			3795	1521
			3795	1522
			3795	1523
			3796	1524
			3796	1525
			3796	1526
			3796	1527
			3796	1528
			3796	1529
			3796	1530
			3796	1531
			3796	1532
			3796	1533
			3796	1534
			3796	1535
			3796	1536
			3797	1537
			3797	1538
			3797	1539
			3797	1540
			3797	1541
			3797	1542
			3797	1543
			3797	1544
			3797	1545
			3797	1546
			3797	1547
			3797	1548
			3797	1549
			3797	1550
			3798	1551
			3798	1552
			3798	1553
			3798	1554
			3798	1555
			3798	1556
			3798	1557
			3798	1558
			3798	1559
			3798	1560
			3798	1561
			3798	1562
			3798	1563
			3798	1564
			3798	1565
			3798	1566
			3799	1567
			3799	1568
			3799	1569
			3799	1570
			3799	1571
			3799	1572
			3799	1573
			3799	1574
			3799	1575
			3799	1576
			3799	1577
			3799	1578
			3799	1579
			3799	1580
			3799	1581
			3799	1582
			3799	1583
			3799	1584
			3800	1584
			3800	1585
			3800	1586
			3800	1587
			3800	1588
			3800	1589
			3800	1590
			3800	1591
			3800	1592
			3800	1593
			3800	1594
			3800	1595
			3800	1596
			3800	1597
			3800	1598
			3800	1599
			3800	1600
			3800	1601
			3800	1602
			3800	1603
			3800	1604
			3800	1605
			3800	1606
			3801	1606
			3801	1607
			3801	1608
			3801	1609
			3801	1610
			3801	1611
			3801	1612
			3801	1613
			3801	1614
			3801	1615
			3801	1616
			3801	1617
			3801	1618
			3801	1619
			3801	1620
			3801	1621
			3801	1622
			3801	1623
			3801	1624
			3801	1625
			3801	1626
			3801	1627
			3801	1628
			3801	1629
			3801	1630
			3801	1631
			3801	1632
			3801	1633
			3801	1634
			3801	1635
			3802	1636
			3802	1637
			3802	1638
			3802	1639
			3802	1640
			3802	1641
			3802	1642
			3802	1643
			3802	1644
			3802	1645
			3802	1646
			3802	1647
			3802	1648
			3802	1649
			3802	1650
			3802	1651
			3802	1652
			3802	1653
			3802	1654
			3802	1655
			3802	1656
			3802	1657
		</anterior>
		<posterior type=matrix rownames=FALSE colnames=FALSE nrow=3278 ncol=2 as.numeric=TRUE >
			2592	1657
			2593	1657
			2594	1657
			2595	1657
			2596	1657
			2597	1657
			2598	1657
			2599	1657
			2600	1657
			2601	1657
			2602	1657
			2603	1657
			2604	1657
			2605	1657
			2606	1657
			2607	1657
			2608	1656
			2609	1656
			2610	1656
			2611	1656
			2612	1656
			2613	1656
			2614	1656
			2615	1656
			2616	1656
			2617	1656
			2618	1656
			2619	1656
			2620	1656
			2621	1656
			2622	1656
			2623	1656
			2624	1656
			2625	1656
			2626	1656
			2627	1656
			2628	1656
			2629	1656
			2630	1655
			2631	1655
			2632	1655
			2633	1655
			2634	1655
			2635	1655
			2636	1655
			2637	1655
			2638	1655
			2639	1655
			2640	1655
			2641	1655
			2642	1655
			2643	1655
			2644	1655
			2645	1655
			2646	1654
			2647	1654
			2648	1654
			2649	1654
			2650	1654
			2651	1654
			2652	1654
			2653	1654
			2654	1654
			2655	1654
			2656	1654
			2657	1654
			2658	1654
			2659	1654
			2660	1653
			2661	1653
			2662	1653
			2663	1653
			2664	1653
			2665	1653
			2666	1653
			2667	1653
			2668	1653
			2669	1653
			2670	1653
			2671	1653
			2672	1652
			2673	1652
			2674	1652
			2675	1652
			2676	1652
			2677	1652
			2678	1652
			2679	1652
			2680	1652
			2681	1652
			2682	1652
			2683	1651
			2684	1651
			2685	1651
			2686	1651
			2687	1651
			2688	1651
			2689	1651
			2690	1651
			2691	1651
			2692	1651
			2693	1650
			2694	1650
			2695	1650
			2696	1650
			2697	1650
			2698	1650
			2699	1650
			2700	1650
			2701	1650
			2702	1650
			2703	1649
			2704	1649
			2705	1649
			2706	1649
			2707	1649
			2708	1649
			2709	1649
			2710	1649
			2711	1648
			2712	1648
			2713	1648
			2714	1648
			2715	1648
			2716	1648
			2717	1648
			2718	1648
			2719	1648
			2720	1647
			2721	1647
			2722	1647
			2723	1647
			2724	1647
			2725	1647
			2726	1647
			2727	1647
			2728	1646
			2729	1646
			2730	1646
			2731	1646
			2732	1646
			2733	1646
			2734	1646
			2735	1646
			2735	1645
			2736	1645
			2737	1645
			2738	1645
			2739	1645
			2740	1645
			2741	1645
			2742	1645
			2743	1645
			2743	1644
			2744	1644
			2745	1644
			2746	1644
			2747	1644
			2748	1644
			2749	1644
			2750	1644
			2751	1643
			2752	1643
			2753	1643
			2754	1643
			2755	1643
			2756	1643
			2757	1643
			2757	1642
			2758	1642
			2759	1642
			2760	1642
			2761	1642
			2762	1642
			2763	1642
			2764	1642
			2764	1641
			2765	1641
			2766	1641
			2767	1641
			2768	1641
			2769	1641
			2770	1641
			2771	1640
			2772	1640
			2773	1640
			2774	1640
			2775	1640
			2776	1640
			2777	1640
			2778	1639
			2779	1639
			2780	1639
			2781	1639
			2782	1639
			2783	1639
			2783	1638
			2784	1638
			2785	1638
			2786	1638
			2787	1638
			2788	1638
			2789	1638
			2790	1637
			2791	1637
			2792	1637
			2793	1637
			2794	1637
			2795	1637
			2796	1636
			2797	1636
			2798	1636
			2799	1636
			2800	1636
			2801	1636
			2802	1635
			2803	1635
			2804	1635
			2805	1635
			2806	1635
			2807	1635
			2808	1634
			2809	1634
			2810	1634
			2811	1634
			2812	1634
			2813	1633
			2814	1633
			2815	1633
			2816	1633
			2817	1633
			2818	1633
			2819	1632
			2820	1632
			2821	1632
			2822	1632
			2823	1632
			2824	1631
			2825	1631
			2826	1631
			2827	1631
			2828	1631
			2829	1630
			2830	1630
			2831	1630
			2832	1630
			2833	1630
			2834	1630
			2835	1629
			2836	1629
			2837	1629
			2838	1629
			2839	1629
			2840	1628
			2841	1628
			2842	1628
			2843	1628
			2844	1628
			2845	1628
			2846	1627
			2847	1627
			2848	1627
			2849	1627
			2850	1626
			2851	1626
			2852	1626
			2853	1626
			2854	1626
			2855	1625
			2856	1625
			2857	1625
			2858	1625
			2859	1625
			2860	1624
			2861	1624
			2862	1624
			2863	1624
			2864	1624
			2865	1624
			2866	1623
			2867	1623
			2868	1623
			2869	1623
			2870	1622
			2871	1622
			2872	1622
			2873	1622
			2874	1622
			2875	1621
			2876	1621
			2877	1621
			2878	1621
			2879	1621
			2880	1620
			2881	1620
			2882	1620
			2883	1620
			2884	1619
			2885	1619
			2886	1619
			2887	1619
			2888	1619
			2889	1618
			2890	1618
			2891	1618
			2892	1618
			2893	1618
			2894	1617
			2895	1617
			2896	1617
			2897	1617
			2898	1616
			2899	1616
			2900	1616
			2901	1616
			2902	1616
			2903	1615
			2904	1615
			2905	1615
			2906	1615
			2907	1614
			2908	1614
			2909	1614
			2910	1614
			2911	1614
			2912	1613
			2913	1613
			2914	1613
			2915	1613
			2916	1612
			2917	1612
			2918	1612
			2919	1612
			2920	1612
			2921	1611
			2922	1611
			2923	1611
			2924	1611
			2925	1610
			2926	1610
			2927	1610
			2928	1610
			2929	1609
			2930	1609
			2931	1609
			2932	1609
			2933	1608
			2934	1608
			2935	1608
			2936	1608
			2937	1608
			2938	1607
			2939	1607
			2940	1607
			2941	1607
			2942	1606
			2943	1606
			2944	1606
			2945	1606
			2946	1605
			2947	1605
			2948	1605
			2949	1605
			2950	1604
			2951	1604
			2952	1604
			2953	1604
			2954	1603
			2955	1603
			2956	1603
			2957	1603
			2958	1602
			2959	1602
			2960	1602
			2961	1602
			2962	1601
			2963	1601
			2964	1601
			2965	1601
			2966	1600
			2967	1600
			2968	1600
			2969	1600
			2970	1600
			2971	1600
			2972	1600
			2973	1600
			2974	1600
			2975	1600
			2976	1600
			2977	1600
			2978	1600
			2979	1600
			2980	1600
			2981	1600
			2982	1599
			2983	1599
			2984	1599
			2985	1599
			2986	1599
			2987	1599
			2988	1599
			2989	1599
			2990	1599
			2991	1599
			2992	1599
			2993	1599
			2994	1599
			2995	1599
			2996	1599
			2997	1599
			2998	1599
			2999	1599
			3000	1599
			3001	1599
			3002	1599
			3003	1599
			3004	1599
			3005	1599
			3006	1599
			3007	1599
			3008	1599
			3009	1599
			3010	1599
			3011	1599
			3012	1599
			3013	1599
			3014	1599
			3015	1599
			3016	1599
			3017	1599
			3018	1599
			3019	1599
			3020	1599
			3021	1598
			3022	1598
			3023	1598
			3024	1598
			3025	1598
			3026	1598
			3027	1598
			3028	1598
			3029	1598
			3030	1598
			3031	1598
			3032	1598
			3033	1598
			3034	1598
			3035	1598
			3036	1598
			3037	1598
			3038	1598
			3039	1598
			3040	1598
			3041	1598
			3042	1598
			3043	1598
			3044	1598
			3045	1598
			3046	1598
			3047	1598
			3048	1598
			3049	1598
			3050	1598
			3051	1598
			3052	1598
			3053	1598
			3054	1598
			3055	1598
			3056	1598
			3057	1598
			3058	1598
			3059	1598
			3060	1598
			3061	1598
			3062	1598
			3063	1598
			3064	1598
			3065	1598
			3066	1598
			3067	1598
			3068	1598
			3069	1598
			3070	1598
			3071	1598
			3072	1598
			3073	1598
			3074	1598
			3075	1598
			3076	1598
			3077	1598
			3078	1598
			3079	1598
			3080	1598
			3081	1598
			3082	1598
			3083	1598
			3084	1598
			3085	1598
			3086	1598
			3087	1598
			3088	1598
			3089	1598
			3090	1598
			3091	1598
			3092	1598
			3093	1598
			3094	1598
			3095	1598
			3096	1598
			3097	1598
			3098	1598
			3099	1598
			3100	1598
			3101	1598
			3102	1598
			3103	1598
			3104	1598
			3105	1598
			3106	1598
			3107	1598
			3108	1598
			3109	1598
			3110	1598
			3111	1598
			3112	1598
			3113	1598
			3114	1598
			3115	1598
			3116	1598
			3117	1598
			3118	1598
			3119	1598
			3120	1598
			3121	1598
			3122	1598
			3123	1598
			3124	1598
			3125	1598
			3126	1598
			3127	1598
			3128	1598
			3129	1598
			3130	1598
			3131	1598
			3132	1598
			3133	1598
			3134	1598
			3135	1598
			3136	1598
			3137	1598
			3138	1598
			3139	1598
			3140	1598
			3141	1598
			3142	1598
			3143	1598
			3144	1598
			3145	1598
			3146	1598
			3147	1598
			3148	1598
			3149	1598
			3150	1598
			3151	1598
			3152	1598
			3153	1598
			3154	1598
			3155	1598
			3156	1598
			3157	1598
			3158	1598
			3159	1598
			3160	1598
			3161	1598
			3162	1598
			3163	1598
			3164	1598
			3165	1598
			3166	1598
			3167	1598
			3168	1598
			3169	1598
			3170	1599
			3171	1599
			3172	1599
			3173	1599
			3174	1599
			3175	1599
			3176	1599
			3177	1599
			3178	1599
			3179	1599
			3180	1599
			3181	1599
			3182	1599
			3183	1599
			3184	1599
			3185	1599
			3186	1599
			3187	1599
			3188	1599
			3189	1599
			3190	1599
			3191	1599
			3192	1599
			3193	1599
			3194	1599
			3195	1599
			3196	1599
			3197	1599
			3198	1599
			3199	1599
			3200	1599
			3201	1599
			3202	1599
			3203	1599
			3204	1599
			3205	1599
			3206	1599
			3207	1599
			3208	1600
			3209	1600
			3210	1600
			3211	1600
			3212	1600
			3213	1600
			3214	1600
			3215	1600
			3216	1600
			3217	1600
			3218	1600
			3219	1600
			3220	1600
			3221	1600
			3222	1600
			3223	1600
			3224	1600
			3225	1600
			3226	1600
			3227	1600
			3228	1600
			3229	1600
			3230	1600
			3231	1600
			3232	1600
			3233	1600
			3234	1600
			3235	1600
			3236	1601
			3237	1601
			3238	1601
			3239	1601
			3240	1601
			3241	1601
			3242	1601
			3243	1601
			3244	1601
			3245	1601
			3246	1601
			3247	1601
			3248	1601
			3249	1601
			3250	1601
			3251	1601
			3252	1601
			3253	1601
			3254	1601
			3255	1601
			3256	1601
			3257	1601
			3258	1601
			3259	1601
			3260	1602
			3261	1602
			3262	1602
			3263	1602
			3264	1602
			3265	1602
			3266	1602
			3267	1602
			3268	1602
			3269	1602
			3270	1602
			3271	1602
			3272	1602
			3273	1602
			3274	1602
			3275	1602
			3276	1602
			3277	1602
			3278	1602
			3279	1602
			3280	1603
			3281	1603
			3282	1603
			3283	1603
			3284	1603
			3285	1603
			3286	1603
			3287	1603
			3288	1603
			3289	1603
			3290	1603
			3291	1603
			3292	1603
			3293	1603
			3294	1603
			3295	1603
			3296	1603
			3297	1603
			3298	1604
			3299	1604
			3300	1604
			3301	1604
			3302	1604
			3303	1604
			3304	1604
			3305	1604
			3306	1604
			3307	1604
			3308	1604
			3309	1604
			3310	1604
			3311	1604
			3312	1604
			3313	1604
			3314	1604
			3315	1605
			3316	1605
			3317	1605
			3318	1605
			3319	1605
			3320	1605
			3321	1605
			3322	1605
			3323	1605
			3324	1605
			3325	1605
			3326	1605
			3327	1605
			3328	1605
			3329	1605
			3330	1605
			3330	1606
			3331	1606
			3332	1606
			3333	1606
			3334	1606
			3335	1606
			3336	1606
			3337	1606
			3338	1606
			3339	1606
			3340	1606
			3341	1606
			3342	1606
			3343	1606
			3344	1606
			3345	1607
			3346	1607
			3347	1607
			3348	1607
			3349	1607
			3350	1607
			3351	1607
			3352	1607
			3353	1607
			3354	1607
			3355	1607
			3356	1607
			3357	1607
			3358	1607
			3359	1607
			3359	1608
			3360	1608
			3361	1608
			3362	1608
			3363	1608
			3364	1608
			3365	1608
			3366	1608
			3367	1608
			3368	1608
			3369	1608
			3370	1608
			3371	1608
			3372	1608
			3373	1609
			3374	1609
			3375	1609
			3376	1609
			3377	1609
			3378	1609
			3379	1609
			3380	1609
			3381	1609
			3382	1609
			3383	1609
			3384	1610
			3385	1610
			3386	1610
			3387	1610
			3388	1610
			3389	1610
			3390	1610
			3391	1610
			3392	1610
			3393	1610
			3394	1610
			3395	1610
			3396	1610
			3397	1611
			3398	1611
			3399	1611
			3400	1611
			3401	1611
			3402	1611
			3403	1611
			3404	1611
			3405	1611
			3406	1611
			3407	1611
			3408	1611
			3409	1612
			3410	1612
			3411	1612
			3412	1612
			3413	1612
			3414	1612
			3415	1612
			3416	1612
			3417	1612
			3418	1612
			3419	1613
			3420	1613
			3421	1613
			3422	1613
			3423	1613
			3424	1613
			3425	1613
			3426	1613
			3427	1613
			3428	1613
			3429	1613
			3430	1614
			3431	1614
			3432	1614
			3433	1614
			3434	1614
			3435	1614
			3436	1614
			3437	1614
			3438	1614
			3439	1614
			3440	1615
			3441	1615
			3442	1615
			3443	1615
			3444	1615
			3445	1615
			3446	1615
			3447	1615
			3448	1615
			3449	1615
			3450	1616
			3451	1616
			3452	1616
			3453	1616
			3454	1616
			3455	1616
			3456	1616
			3457	1616
			3458	1616
			3459	1616
			3460	1617
			3461	1617
			3462	1617
			3463	1617
			3464	1617
			3465	1617
			3466	1617
			3467	1617
			3468	1617
			3469	1618
			3470	1618
			3471	1618
			3472	1618
			3473	1618
			3474	1618
			3475	1618
			3476	1618
			3477	1618
			3478	1618
			3479	1619
			3480	1619
			3481	1619
			3482	1619
			3483	1619
			3484	1619
			3485	1619
			3486	1619
			3487	1619
			3488	1620
			3489	1620
			3490	1620
			3491	1620
			3492	1620
			3493	1620
			3494	1620
			3495	1620
			3496	1620
			3497	1621
			3498	1621
			3499	1621
			3500	1621
			3501	1621
			3502	1621
			3503	1621
			3504	1621
			3505	1622
			3506	1622
			3507	1622
			3508	1622
			3509	1622
			3510	1622
			3511	1622
			3512	1622
			3513	1622
			3514	1623
			3515	1623
			3516	1623
			3517	1623
			3518	1623
			3519	1623
			3520	1623
			3521	1623
			3522	1624
			3523	1624
			3524	1624
			3525	1624
			3526	1624
			3527	1624
			3528	1624
			3529	1624
			3530	1624
			3531	1625
			3532	1625
			3533	1625
			3534	1625
			3535	1625
			3536	1625
			3537	1625
			3538	1625
			3539	1626
			3540	1626
			3541	1626
			3542	1626
			3543	1626
			3544	1626
			3545	1626
			3546	1626
			3547	1627
			3548	1627
			3549	1627
			3550	1627
			3551	1627
			3552	1627
			3553	1627
			3554	1628
			3555	1628
			3556	1628
			3557	1628
			3558	1628
			3559	1628
			3560	1628
			3561	1629
			3562	1629
			3563	1629
			3564	1629
			3565	1629
			3566	1629
			3567	1629
			3568	1630
			3569	1630
			3570	1630
			3571	1630
			3572	1630
			3573	1631
			3574	1631
			3575	1631
			3576	1631
			3577	1631
			3578	1631
			3579	1632
			3580	1632
			3581	1632
			3582	1632
			3583	1632
			3584	1632
			3585	1633
			3586	1633
			3587	1633
			3588	1633
			3589	1634
			3590	1634
			3591	1634
			3592	1634
			3593	1634
			3594	1635
			3595	1635
			3596	1635
			3597	1635
			3598	1635
			3599	1636
			3600	1636
			3601	1636
			3602	1636
			3603	1636
			3603	1637
			3604	1637
			3605	1637
			3606	1637
			3607	1637
			3608	1638
			3609	1638
			3610	1638
			3611	1638
			3612	1639
			3613	1639
			3614	1639
			3615	1639
			3616	1640
			3617	1640
			3618	1640
			3619	1640
			3620	1641
			3621	1641
			3622	1641
			3623	1642
			3624	1642
			3625	1642
			3626	1642
			3627	1643
			3628	1643
			3629	1643
			3630	1643
			3631	1644
			3632	1644
			3633	1644
			3634	1645
			3635	1645
			3636	1645
			3637	1645
			3638	1646
			3639	1646
			3640	1647
			3641	1647
			3642	1647
			3643	1647
			3643	1648
			3644	1648
			3645	1648
			3646	1648
			3647	1649
			3648	1649
			3649	1649
			3650	1650
			3651	1650
			3652	1651
			3653	1651
			3654	1651
			3655	1652
			3656	1652
			3657	1652
			3657	1653
			3658	1653
			3659	1653
			3660	1654
			3661	1654
			3662	1654
			3663	1655
			3664	1655
			3665	1656
			3666	1656
			3667	1656
			3668	1657
			3669	1657
			3670	1658
			3671	1658
			3672	1659
			3673	1659
			3674	1659
			3675	1660
			3676	1660
			3677	1661
			3678	1661
			3679	1662
			3680	1662
			3681	1663
			3682	1663
			3683	1663
			3684	1664
			3685	1664
			3686	1665
			3687	1666
			3688	1666
			3689	1667
			3690	1667
			3691	1668
			3692	1668
			3693	1669
			3694	1669
			3694	1670
			3695	1670
			3696	1671
			3697	1671
			3698	1672
			3699	1672
			3700	1673
			3701	1673
			3702	1674
			3703	1675
			3704	1676
			3705	1676
			3706	1677
			3707	1678
			3708	1678
			3709	1679
			3710	1680
			3711	1680
			3712	1681
			3713	1682
			3714	1682
			3715	1683
			3715	1684
			3716	1684
			3717	1685
			3718	1686
			3719	1686
			3720	1687
			3721	1688
			3721	1689
			3722	1690
			3722	1691
			3722	1692
			3722	1693
			3723	1694
			3723	1695
			3723	1696
			3723	1697
			3724	1698
			3724	1699
			3724	1700
			3724	1701
			3725	1702
			3725	1703
			3725	1704
			3726	1705
			3726	1706
			3726	1707
			3726	1708
			3726	1709
			3727	1709
			3727	1710
			3727	1711
			3727	1712
			3728	1713
			3728	1714
			3728	1715
			3728	1716
			3728	1717
			3729	1717
			3729	1718
			3729	1719
			3729	1720
			3729	1721
			3730	1721
			3730	1722
			3730	1723
			3730	1724
			3730	1725
			3731	1726
			3731	1727
			3731	1728
			3731	1729
			3732	1730
			3732	1731
			3732	1732
			3733	1733
			3733	1734
			3733	1735
			3733	1736
			3733	1737
			3734	1738
			3734	1739
			3734	1740
			3734	1741
			3735	1742
			3735	1743
			3735	1744
			3735	1745
			3735	1746
			3736	1747
			3736	1748
			3736	1749
			3736	1750
			3737	1751
			3737	1752
			3737	1753
			3737	1754
			3738	1754
			3738	1755
			3738	1756
			3738	1757
			3738	1758
			3739	1759
			3739	1760
			3739	1761
			3739	1762
			3740	1763
			3740	1764
			3740	1765
			3740	1766
			3741	1767
			3741	1768
			3741	1769
			3741	1770
			3741	1771
			3742	1772
			3742	1773
			3742	1774
			3742	1775
			3743	1776
			3743	1777
			3743	1778
			3743	1779
			3744	1780
			3744	1781
			3744	1782
			3744	1783
			3744	1784
			3745	1785
			3745	1786
			3745	1787
			3745	1788
			3746	1789
			3746	1790
			3746	1791
			3746	1792
			3747	1793
			3747	1794
			3747	1795
			3747	1796
			3747	1797
			3747	1798
			3748	1798
			3748	1799
			3748	1800
			3748	1801
			3748	1802
			3749	1803
			3749	1804
			3749	1805
			3749	1806
			3750	1807
			3750	1808
			3750	1809
			3750	1810
			3751	1811
			3751	1812
			3751	1813
			3751	1814
			3751	1815
			3752	1816
			3752	1817
			3752	1818
			3752	1819
			3752	1820
			3753	1821
			3753	1822
			3753	1823
			3753	1824
			3754	1825
			3754	1826
			3754	1827
			3754	1828
			3754	1829
			3755	1830
			3755	1831
			3755	1832
			3755	1833
			3756	1834
			3756	1835
			3756	1836
			3756	1837
			3756	1838
			3757	1839
			3757	1840
			3757	1841
			3757	1842
			3758	1843
			3758	1844
			3758	1845
			3758	1846
			3758	1847
			3759	1848
			3759	1849
			3759	1850
			3759	1851
			3760	1852
			3760	1853
			3760	1854
			3760	1855
			3760	1856
			3761	1857
			3761	1858
			3761	1859
			3761	1860
			3762	1861
			3762	1862
			3762	1863
			3762	1864
			3762	1865
			3762	1866
			3763	1866
			3763	1867
			3763	1868
			3763	1869
			3763	1870
			3764	1871
			3764	1872
			3764	1873
			3764	1874
			3764	1875
			3765	1876
			3765	1877
			3765	1878
			3765	1879
			3765	1880
			3766	1881
			3766	1882
			3766	1883
			3766	1884
			3767	1885
			3767	1886
			3767	1887
			3767	1888
			3767	1889
			3768	1890
			3768	1891
			3768	1892
			3768	1893
			3769	1894
			3769	1895
			3769	1896
			3769	1897
			3769	1898
			3770	1899
			3770	1900
			3770	1901
			3770	1902
			3770	1903
			3771	1904
			3771	1905
			3771	1906
			3771	1907
			3771	1908
			3772	1909
			3772	1910
			3772	1911
			3772	1912
			3773	1913
			3773	1914
			3773	1915
			3773	1916
			3773	1917
			3774	1918
			3774	1919
			3774	1920
			3774	1921
			3774	1922
			3775	1923
			3775	1924
			3775	1925
			3775	1926
			3775	1927
			3776	1928
			3776	1929
			3776	1930
			3776	1931
			3777	1932
			3777	1933
			3777	1934
			3777	1935
			3777	1936
			3778	1937
			3778	1938
			3778	1939
			3778	1940
			3778	1941
			3778	1942
			3779	1943
			3779	1944
			3779	1945
			3779	1946
			3780	1947
			3780	1948
			3780	1949
			3780	1950
			3780	1951
			3781	1952
			3781	1953
			3781	1954
			3781	1955
			3781	1956
			3782	1957
			3782	1958
			3782	1959
			3782	1960
			3782	1961
			3783	1962
			3783	1963
			3783	1964
			3783	1965
			3784	1966
			3784	1967
			3784	1968
			3784	1969
			3784	1970
			3785	1971
			3785	1972
			3785	1973
			3785	1974
			3785	1975
			3786	1976
			3786	1977
			3786	1978
			3786	1979
			3786	1980
			3787	1981
			3787	1982
			3787	1983
			3787	1984
			3787	1985
			3788	1986
			3788	1987
			3788	1988
			3788	1989
			3788	1990
			3789	1991
			3789	1992
			3789	1993
			3789	1994
			3789	1995
			3790	1996
			3790	1997
			3790	1998
			3790	1999
			3791	2000
			3791	2001
			3791	2002
			3791	2003
			3791	2004
			3792	2005
			3792	2006
			3792	2007
			3792	2008
			3792	2009
			3792	2010
			3793	2011
			3793	2012
			3793	2013
			3793	2014
			3793	2015
			3794	2016
			3794	2017
			3794	2018
			3794	2019
			3794	2020
			3795	2021
			3795	2022
			3795	2023
			3795	2024
			3796	2025
			3796	2026
			3796	2027
			3796	2028
			3796	2029
			3797	2030
			3797	2031
			3797	2032
			3797	2033
			3797	2034
			3798	2035
			3798	2036
			3798	2037
			3798	2038
			3798	2039
			3799	2040
			3799	2041
			3799	2042
			3799	2043
			3799	2044
			3800	2045
			3800	2046
			3800	2047
			3800	2048
			3800	2049
			3801	2050
			3801	2051
			3801	2052
			3801	2053
			3801	2054
			3802	2055
			3802	2056
			3802	2057
			3802	2058
			3802	2059
			3802	2060
			3803	2061
			3803	2062
			3803	2063
			3803	2064
			3803	2065
			3804	2066
			3804	2067
			3804	2068
			3804	2069
			3804	2070
			3805	2071
			3805	2072
			3805	2073
			3805	2074
			3805	2075
			3806	2076
			3806	2077
			3806	2078
			3806	2079
			3806	2080
			3807	2081
			3807	2082
			3807	2083
			3807	2084
			3808	2085
			3808	2086
			3808	2087
			3808	2088
			3808	2089
			3809	2090
			3809	2091
			3809	2092
			3809	2093
			3809	2094
			3810	2095
			3810	2096
			3810	2097
			3810	2098
			3810	2099
			3811	2100
			3811	2101
			3811	2102
			3811	2103
			3811	2104
			3812	2105
			3812	2106
			3812	2107
			3812	2108
			3812	2109
			3813	2110
			3813	2111
			3813	2112
			3813	2113
			3813	2114
			3813	2115
			3814	2116
			3814	2117
			3814	2118
			3814	2119
			3814	2120
			3815	2121
			3815	2122
			3815	2123
			3815	2124
			3815	2125
			3816	2126
			3816	2127
			3816	2128
			3816	2129
			3816	2130
			3817	2131
			3817	2132
			3817	2133
			3817	2134
			3817	2135
			3818	2136
			3818	2137
			3818	2138
			3818	2139
			3818	2140
			3819	2141
			3819	2142
			3819	2143
			3819	2144
			3819	2145
			3820	2146
			3820	2147
			3820	2148
			3820	2149
			3820	2150
			3820	2151
			3821	2152
			3821	2153
			3821	2154
			3821	2155
			3821	2156
			3822	2157
			3822	2158
			3822	2159
			3822	2160
			3822	2161
			3823	2161
			3823	2162
			3823	2163
			3823	2164
			3823	2165
			3823	2166
			3824	2167
			3824	2168
			3824	2169
			3824	2170
			3825	2171
			3825	2172
			3825	2173
			3825	2174
			3825	2175
			3826	2176
			3826	2177
			3826	2178
			3826	2179
			3826	2180
			3826	2181
			3827	2182
			3827	2183
			3827	2184
			3827	2185
			3827	2186
			3828	2187
			3828	2188
			3828	2189
			3828	2190
			3828	2191
			3828	2192
			3829	2192
			3829	2193
			3829	2194
			3829	2195
			3829	2196
			3829	2197
			3830	2198
			3830	2199
			3830	2200
			3830	2201
			3830	2202
			3831	2202
			3831	2203
			3831	2204
			3831	2205
			3831	2206
			3831	2207
			3832	2208
			3832	2209
			3832	2210
			3832	2211
			3832	2212
			3833	2213
			3833	2214
			3833	2215
			3833	2216
			3833	2217
			3834	2218
			3834	2219
			3834	2220
			3834	2221
			3834	2222
			3835	2223
			3835	2224
			3835	2225
			3835	2226
			3835	2227
			3835	2228
			3836	2229
			3836	2230
			3836	2231
			3836	2232
			3836	2233
			3837	2234
			3837	2235
			3837	2236
			3837	2237
			3837	2238
			3838	2239
			3838	2240
			3838	2241
			3838	2242
			3838	2243
			3838	2244
			3839	2245
			3839	2246
			3839	2247
			3839	2248
			3839	2249
			3840	2250
			3840	2251
			3840	2252
			3840	2253
			3840	2254
			3841	2254
			3841	2255
			3841	2256
			3841	2257
			3841	2258
			3842	2259
			3842	2260
			3842	2261
			3842	2262
			3842	2263
			3842	2264
			3843	2265
			3843	2266
			3843	2267
			3843	2268
			3843	2269
			3844	2270
			3844	2271
			3844	2272
			3844	2273
			3844	2274
			3845	2275
			3845	2276
			3845	2277
			3845	2278
			3845	2279
			3846	2280
			3846	2281
			3846	2282
			3846	2283
			3846	2284
			3846	2285
			3847	2286
			3847	2287
			3847	2288
			3847	2289
			3847	2290
			3847	2291
			3848	2291
			3848	2292
			3848	2293
			3848	2294
			3848	2295
			3849	2296
			3849	2297
			3849	2298
			3849	2299
			3849	2300
			3850	2301
			3850	2302
			3850	2303
			3850	2304
			3850	2305
			3850	2306
			3851	2307
			3851	2308
			3851	2309
			3851	2310
			3851	2311
			3852	2312
			3852	2313
			3852	2314
			3852	2315
			3852	2316
			3852	2317
			3853	2318
			3853	2319
			3853	2320
			3853	2321
			3853	2322
			3854	2323
			3854	2324
			3854	2325
			3854	2326
			3854	2327
			3855	2328
			3855	2329
			3855	2330
			3855	2331
			3855	2332
			3856	2333
			3856	2334
			3856	2335
			3856	2336
			3856	2337
			3857	2338
			3857	2339
			3857	2340
			3857	2341
			3857	2342
			3857	2343
			3858	2344
			3858	2345
			3858	2346
			3858	2347
			3858	2348
			3859	2349
			3859	2350
			3859	2351
			3859	2352
			3859	2353
			3860	2354
			3860	2355
			3860	2356
			3860	2357
			3860	2358
			3860	2359
			3861	2360
			3861	2361
			3861	2362
			3861	2363
			3861	2364
			3862	2365
			3862	2366
			3862	2367
			3862	2368
			3862	2369
			3863	2370
			3863	2371
			3863	2372
			3863	2373
			3863	2374
			3863	2375
			3864	2376
			3864	2377
			3864	2378
			3864	2379
			3864	2380
			3865	2381
			3865	2382
			3865	2383
			3865	2384
			3865	2385
			3866	2386
			3866	2387
			3866	2388
			3866	2389
			3866	2390
			3866	2391
			3867	2392
			3867	2393
			3867	2394
			3867	2395
			3867	2396
			3868	2397
			3868	2398
			3868	2399
			3868	2400
			3868	2401
			3869	2402
			3869	2403
			3869	2404
			3869	2405
			3869	2406
			3870	2407
			3870	2408
			3870	2409
			3870	2410
			3870	2411
			3871	2412
			3871	2413
			3871	2414
			3871	2415
			3871	2416
			3871	2417
			3872	2418
			3872	2419
			3872	2420
			3872	2421
			3872	2422
			3873	2423
			3873	2424
			3873	2425
			3873	2426
			3873	2427
			3874	2428
			3874	2429
			3874	2430
			3874	2431
			3874	2432
			3874	2433
			3875	2434
			3875	2435
			3875	2436
			3875	2437
			3875	2438
			3875	2439
			3876	2439
			3876	2440
			3876	2441
			3876	2442
			3876	2443
			3876	2444
			3877	2445
			3877	2446
			3877	2447
			3877	2448
			3877	2449
			3878	2450
			3878	2451
			3878	2452
			3878	2453
			3878	2454
			3879	2455
			3879	2456
			3879	2457
			3879	2458
			3879	2459
			3879	2460
			3880	2461
			3880	2462
			3880	2463
			3880	2464
			3880	2465
			3881	2466
			3881	2467
			3881	2468
			3881	2469
			3881	2470
			3882	2471
			3882	2472
			3882	2473
			3882	2474
			3882	2475
			3883	2476
			3883	2477
			3883	2478
			3883	2479
			3883	2480
			3883	2481
			3884	2482
			3884	2483
			3884	2484
			3884	2485
			3884	2486
			3885	2487
			3885	2488
			3885	2489
			3885	2490
			3885	2491
			3885	2492
			3886	2493
			3886	2494
			3886	2495
			3886	2496
			3886	2497
			3886	2498
			3886	2499
			3887	2500
			3887	2501
			3887	2502
			3887	2503
			3887	2504
			3887	2505
			3887	2506
			3887	2507
			3888	2508
			3888	2509
			3888	2510
			3888	2511
			3888	2512
			3888	2513
			3888	2514
			3888	2515
			3889	2516
			3889	2517
			3889	2518
			3889	2519
			3889	2520
			3889	2521
			3889	2522
			3889	2523
			3889	2524
			3890	2525
			3890	2526
			3890	2527
			3890	2528
			3890	2529
			3890	2530
			3890	2531
			3890	2532
			3890	2533
			3891	2533
			3891	2534
			3891	2535
			3891	2536
			3891	2537
			3891	2538
			3891	2539
			3891	2540
			3891	2541
			3892	2541
			3892	2542
			3892	2543
			3892	2544
			3892	2545
			3892	2546
			3892	2547
			3892	2548
			3892	2549
			3893	2549
			3893	2550
			3893	2551
			3893	2552
			3893	2553
			3893	2554
			3893	2555
			3893	2556
			3893	2557
			3894	2558
			3894	2559
			3894	2560
			3894	2561
			3894	2562
			3894	2563
			3894	2564
			3894	2565
			3895	2566
			3895	2567
			3895	2568
			3895	2569
			3895	2570
			3895	2571
			3895	2572
			3895	2573
			3896	2574
			3896	2575
			3896	2576
			3896	2577
			3896	2578
			3896	2579
			3896	2580
			3896	2581
			3896	2582
			3897	2583
			3897	2584
			3897	2585
			3897	2586
			3897	2587
			3897	2588
			3897	2589
			3898	2590
			3898	2591
			3898	2592
			3898	2593
			3898	2594
			3898	2595
			3898	2596
			3898	2597
			3899	2598
			3899	2599
			3899	2600
			3899	2601
			3899	2602
			3899	2603
			3899	2604
			3899	2605
			3900	2606
			3900	2607
			3900	2608
			3900	2609
			3900	2610
			3900	2611
			3900	2612
			3900	2613
			3901	2614
			3901	2615
			3901	2616
			3901	2617
			3901	2618
			3901	2619
			3901	2620
			3901	2621
			3902	2622
			3902	2623
			3902	2624
			3902	2625
			3902	2626
			3902	2627
			3902	2628
			3902	2629
			3903	2630
			3903	2631
			3903	2632
			3903	2633
			3903	2634
			3903	2635
			3903	2636
			3904	2637
			3904	2638
			3904	2639
			3904	2640
			3904	2641
			3904	2642
			3904	2643
			3904	2644
			3905	2645
			3905	2646
			3905	2647
			3905	2648
			3905	2649
			3905	2650
			3905	2651
			3905	2652
			3906	2653
			3906	2654
			3906	2655
			3906	2656
			3906	2657
			3906	2658
			3906	2659
			3907	2660
			3907	2661
			3907	2662
			3907	2663
			3907	2664
			3907	2665
			3907	2666
			3908	2667
			3908	2668
			3908	2669
			3908	2670
			3908	2671
			3908	2672
			3908	2673
			3909	2674
			3909	2675
			3909	2676
			3909	2677
			3909	2678
			3909	2679
			3909	2680
			3909	2681
			3910	2682
			3910	2683
			3910	2684
			3910	2685
			3910	2686
			3910	2687
			3911	2688
			3911	2689
			3911	2690
			3911	2691
			3911	2692
			3911	2693
			3911	2694
			3912	2695
			3912	2696
			3912	2697
			3912	2698
			3912	2699
			3912	2700
			3913	2701
			3913	2702
			3913	2703
			3913	2704
			3913	2705
			3913	2706
			3913	2707
			3914	2708
			3914	2709
			3914	2710
			3914	2711
			3914	2712
			3915	2713
			3915	2714
			3915	2715
			3915	2716
			3915	2717
			3915	2718
			3916	2719
			3916	2720
			3916	2721
			3916	2722
			3917	2723
			3917	2724
			3917	2725
			3917	2726
			3918	2727
			3918	2728
			3918	2729
			3919	2730
			3919	2729
			3920	2728
			3920	2727
			3920	2726
			3920	2725
			3920	2724
			3920	2723
			3920	2722
			3920	2721
			3920	2720
			3920	2719
			3920	2718
			3920	2717
			3920	2716
			3920	2715
			3920	2714
			3920	2713
			3920	2712
			3920	2711
			3920	2710
			3920	2709
			3920	2708
			3920	2707
			3920	2706
			3920	2705
			3920	2704
			3920	2703
			3920	2702
			3920	2701
			3920	2700
			3920	2699
			3920	2698
			3920	2697
			3920	2696
			3920	2695
			3920	2694
			3920	2693
			3920	2692
			3920	2691
			3920	2690
			3920	2689
			3920	2688
			3920	2687
			3920	2686
			3920	2685
			3920	2684
			3920	2683
			3920	2682
			3920	2681
			3920	2680
			3920	2679
			3920	2678
			3920	2677
			3920	2676
			3920	2675
			3920	2674
			3920	2673
			3920	2672
			3920	2671
			3920	2670
			3920	2669
			3919	2668
			3919	2667
			3919	2666
			3919	2665
			3919	2664
			3919	2663
			3919	2662
			3919	2661
			3919	2660
			3919	2659
			3919	2658
			3919	2657
			3919	2656
			3919	2655
			3919	2654
			3919	2653
			3919	2652
			3919	2651
			3919	2650
			3919	2649
			3919	2648
			3919	2647
			3919	2646
			3919	2645
			3919	2644
			3919	2643
			3919	2642
			3919	2641
			3919	2640
			3919	2639
			3919	2638
			3919	2637
			3919	2636
			3919	2635
			3919	2634
			3919	2633
			3919	2632
			3919	2631
			3918	2630
			3918	2629
			3918	2628
			3918	2627
			3918	2626
			3918	2625
			3918	2624
			3918	2623
			3918	2622
			3918	2621
			3918	2620
			3918	2619
			3918	2618
			3918	2617
			3918	2616
			3918	2615
			3918	2614
			3918	2613
			3918	2612
			3918	2611
			3918	2610
			3918	2609
			3918	2608
			3918	2607
			3918	2606
			3918	2605
			3918	2604
			3917	2604
			3917	2603
			3917	2602
			3917	2601
			3917	2600
			3917	2599
			3917	2598
			3917	2597
			3917	2596
			3917	2595
			3917	2594
			3917	2593
			3917	2592
			3917	2591
			3917	2590
			3917	2589
			3917	2588
			3917	2587
			3917	2586
			3917	2585
			3917	2584
			3917	2583
			3917	2582
			3916	2581
			3916	2580
			3916	2579
			3916	2578
			3916	2577
			3916	2576
			3916	2575
			3916	2574
			3916	2573
			3916	2572
			3916	2571
			3916	2570
			3916	2569
			3916	2568
			3916	2567
			3916	2566
			3916	2565
			3916	2564
			3916	2563
			3916	2562
			3915	2561
			3915	2560
			3915	2559
			3915	2558
			3915	2557
			3915	2556
			3915	2555
			3915	2554
			3915	2553
			3915	2552
			3915	2551
			3915	2550
			3915	2549
			3915	2548
			3915	2547
			3915	2546
			3915	2545
			3915	2544
			3914	2543
			3914	2542
			3914	2541
			3914	2540
			3914	2539
			3914	2538
			3914	2537
			3914	2536
			3914	2535
			3914	2534
			3914	2533
			3914	2532
			3914	2531
			3914	2530
			3914	2529
			3914	2528
			3913	2527
			3913	2526
			3913	2525
			3913	2524
			3913	2523
			3913	2522
			3913	2521
			3913	2520
			3913	2519
			3913	2518
			3913	2517
			3913	2516
			3913	2515
			3913	2514
			3913	2513
			3913	2512
			3912	2511
			3912	2510
			3912	2509
			3912	2508
			3912	2507
			3912	2506
			3912	2505
			3912	2504
			3912	2503
			3912	2502
			3912	2501
			3912	2500
			3912	2499
			3912	2498
			3911	2497
			3911	2496
			3911	2495
			3911	2494
			3911	2493
			3911	2492
			3911	2491
			3911	2490
			3911	2489
			3911	2488
			3911	2487
			3911	2486
			3911	2485
			3911	2484
			3911	2483
			3910	2482
			3910	2481
			3910	2480
			3910	2479
			3910	2478
			3910	2477
			3910	2476
			3910	2475
			3910	2474
			3910	2473
			3910	2472
			3910	2471
			3910	2470
			3909	2469
			3909	2468
			3909	2467
			3909	2466
			3909	2465
			3909	2464
			3909	2463
			3909	2462
			3909	2461
			3909	2460
			3909	2459
			3909	2458
			3909	2457
			3909	2456
			3908	2455
			3908	2454
			3908	2453
			3908	2452
			3908	2451
			3908	2450
			3908	2449
			3908	2448
			3908	2447
			3908	2446
			3908	2445
			3908	2444
			3907	2443
			3907	2442
			3907	2441
			3907	2440
			3907	2439
			3907	2438
			3907	2437
			3907	2436
			3907	2435
			3907	2434
			3907	2433
			3907	2432
			3906	2431
			3906	2430
			3906	2429
			3906	2428
			3906	2427
			3906	2426
			3906	2425
			3906	2424
			3906	2423
			3906	2422
			3906	2421
			3906	2420
			3905	2419
			3905	2418
			3905	2417
			3905	2416
			3905	2415
			3905	2414
			3905	2413
			3905	2412
			3905	2411
			3905	2410
			3905	2409
			3905	2408
			3904	2407
			3904	2406
			3904	2405
			3904	2404
			3904	2403
			3904	2402
			3904	2401
			3904	2400
			3904	2399
			3904	2398
			3904	2397
			3903	2396
			3903	2395
			3903	2394
			3903	2393
			3903	2392
			3903	2391
			3903	2390
			3903	2389
			3903	2388
			3903	2387
			3903	2386
			3902	2385
			3902	2384
			3902	2383
			3902	2382
			3902	2381
			3902	2380
			3902	2379
			3902	2378
			3902	2377
			3902	2376
			3901	2375
			3901	2374
			3901	2373
			3901	2372
			3901	2371
			3901	2370
			3901	2369
			3901	2368
			3901	2367
			3901	2366
			3900	2365
			3900	2364
			3900	2363
			3900	2362
			3900	2361
			3900	2360
			3900	2359
			3900	2358
			3900	2357
			3900	2356
			3900	2355
			3899	2354
			3899	2353
			3899	2352
			3899	2351
			3899	2350
			3899	2349
			3899	2348
			3899	2347
			3899	2346
			3899	2345
			3899	2344
			3898	2344
			3898	2343
			3898	2342
			3898	2341
			3898	2340
			3898	2339
			3898	2338
			3898	2337
			3898	2336
			3898	2335
			3897	2334
			3897	2333
			3897	2332
			3897	2331
			3897	2330
			3897	2329
			3897	2328
			3897	2327
			3897	2326
			3897	2325
			3896	2324
			3896	2323
			3896	2322
			3896	2321
			3896	2320
			3896	2319
			3896	2318
			3896	2317
			3896	2316
			3896	2315
			3895	2314
			3895	2313
			3895	2312
			3895	2311
			3895	2310
			3895	2309
			3895	2308
			3895	2307
			3895	2306
			3894	2305
			3894	2304
			3894	2303
			3894	2302
			3894	2301
			3894	2300
			3894	2299
			3894	2298
			3894	2297
			3894	2296
			3893	2295
			3893	2294
			3893	2293
			3893	2292
			3893	2291
			3893	2290
			3893	2289
			3893	2288
			3893	2287
			3892	2286
			3892	2285
			3892	2284
			3892	2283
			3892	2282
			3892	2281
			3892	2280
			3892	2279
			3892	2278
			3891	2277
			3891	2276
			3891	2275
			3891	2274
			3891	2273
			3891	2272
			3891	2271
			3891	2270
			3891	2269
			3890	2268
			3890	2267
			3890	2266
			3890	2265
			3890	2264
			3890	2263
			3890	2262
			3890	2261
			3890	2260
			3889	2259
			3889	2258
			3889	2257
			3889	2256
			3889	2255
			3889	2254
			3889	2253
			3889	2252
			3889	2251
			3888	2250
			3888	2249
			3888	2248
			3888	2247
			3888	2246
			3888	2245
			3888	2244
			3888	2243
			3888	2242
			3887	2241
			3887	2240
			3887	2239
			3887	2238
			3887	2237
			3887	2236
			3887	2235
			3887	2234
			3886	2233
			3886	2232
			3886	2231
			3886	2230
			3886	2229
			3886	2228
			3886	2227
			3886	2226
			3886	2225
			3885	2224
			3885	2223
			3885	2222
			3885	2221
			3885	2220
			3885	2219
			3885	2218
			3885	2217
			3884	2216
			3884	2215
			3884	2214
			3884	2213
			3884	2212
			3884	2211
			3884	2210
			3884	2209
			3884	2208
			3883	2208
			3883	2207
			3883	2206
			3883	2205
			3883	2204
			3883	2203
			3883	2202
			3883	2201
			3883	2200
			3882	2199
			3882	2198
			3882	2197
			3882	2196
			3882	2195
			3882	2194
			3882	2193
			3882	2192
			3882	2191
			3881	2190
			3881	2189
			3881	2188
			3881	2187
			3881	2186
			3881	2185
			3881	2184
			3881	2183
			3880	2182
			3880	2181
			3880	2180
			3880	2179
			3880	2178
			3880	2177
			3880	2176
			3880	2175
			3879	2174
			3879	2173
			3879	2172
			3879	2171
			3879	2170
			3879	2169
			3879	2168
			3879	2167
			3878	2166
			3878	2165
			3878	2164
			3878	2163
			3878	2162
			3878	2161
			3878	2160
			3878	2159
			3877	2158
			3877	2157
			3877	2156
			3877	2155
			3877	2154
			3877	2153
			3877	2152
			3877	2151
			3876	2150
			3876	2149
			3876	2148
			3876	2147
			3876	2146
			3876	2145
			3876	2144
			3876	2143
			3875	2142
			3875	2141
			3875	2140
			3875	2139
			3875	2138
			3875	2137
			3875	2136
			3875	2135
			3874	2134
			3874	2133
			3874	2132
			3874	2131
			3874	2130
			3874	2129
			3874	2128
			3873	2127
			3873	2126
			3873	2125
			3873	2124
			3873	2123
			3873	2122
			3873	2121
			3873	2120
			3872	2119
			3872	2118
			3872	2117
			3872	2116
			3872	2115
			3872	2114
			3872	2113
			3871	2112
			3871	2111
			3871	2110
			3871	2109
			3871	2108
			3871	2107
			3871	2106
			3871	2105
			3870	2104
			3870	2103
			3870	2102
			3870	2101
			3870	2100
			3870	2099
			3870	2098
			3869	2097
			3869	2096
			3869	2095
			3869	2094
			3869	2093
			3869	2092
			3869	2091
			3869	2090
			3868	2089
			3868	2088
			3868	2087
			3868	2086
			3868	2085
			3868	2084
			3868	2083
			3868	2082
			3867	2081
			3867	2080
			3867	2079
			3867	2078
			3867	2077
			3867	2076
			3867	2075
			3866	2074
			3866	2073
			3866	2072
			3866	2071
			3866	2070
			3866	2069
			3866	2068
			3865	2067
			3865	2066
			3865	2065
			3865	2064
			3865	2063
			3865	2062
			3865	2061
			3865	2060
			3864	2059
			3864	2058
			3864	2057
			3864	2056
			3864	2055
			3864	2054
			3864	2053
			3863	2052
			3863	2051
			3863	2050
			3863	2049
			3863	2048
			3863	2047
			3863	2046
			3862	2045
			3862	2044
			3862	2043
			3862	2042
			3862	2041
			3862	2040
			3862	2039
			3861	2038
			3861	2037
			3861	2036
			3861	2035
			3861	2034
			3861	2033
			3861	2032
			3861	2031
			3860	2030
			3860	2029
			3860	2028
			3860	2027
			3860	2026
			3860	2025
			3860	2024
			3859	2023
			3859	2022
			3859	2021
			3859	2020
			3859	2019
			3859	2018
			3859	2017
			3858	2016
			3858	2015
			3858	2014
			3858	2013
			3858	2012
			3858	2011
			3858	2010
			3857	2009
			3857	2008
			3857	2007
			3857	2006
			3857	2005
			3857	2004
			3857	2003
			3856	2002
			3856	2001
			3856	2000
			3856	1999
			3856	1998
			3856	1997
			3856	1996
			3855	1995
			3855	1994
			3855	1993
			3855	1992
			3855	1991
			3855	1990
			3855	1989
			3854	1988
			3854	1987
			3854	1986
			3854	1985
			3854	1984
			3854	1983
			3854	1982
			3853	1981
			3853	1980
			3853	1979
			3853	1978
			3853	1977
			3853	1976
			3853	1975
			3852	1974
			3852	1973
			3852	1972
			3852	1971
			3852	1970
			3852	1969
			3851	1968
			3851	1967
			3851	1966
			3851	1965
			3851	1964
			3851	1963
			3851	1962
			3850	1961
			3850	1960
			3850	1959
			3850	1958
			3850	1957
			3850	1956
			3850	1955
			3849	1954
			3849	1953
			3849	1952
			3849	1951
			3849	1950
			3849	1949
			3848	1948
			3848	1947
			3848	1946
			3848	1945
			3848	1944
			3848	1943
			3848	1942
			3847	1941
			3847	1940
			3847	1939
			3847	1938
			3847	1937
			3847	1936
			3847	1935
			3846	1934
			3846	1933
			3846	1932
			3846	1931
			3846	1930
			3846	1929
			3846	1928
			3845	1927
			3845	1926
			3845	1925
			3845	1924
			3845	1923
			3845	1922
			3844	1921
			3844	1920
			3844	1919
			3844	1918
			3844	1917
			3844	1916
			3844	1915
			3843	1914
			3843	1913
			3843	1912
			3843	1911
			3843	1910
			3843	1909
			3843	1908
			3842	1907
			3842	1906
			3842	1905
			3842	1904
			3842	1903
			3842	1902
			3841	1901
			3841	1900
			3841	1899
			3841	1898
			3841	1897
			3841	1896
			3841	1895
			3840	1894
			3840	1893
			3840	1892
			3840	1891
			3840	1890
			3840	1889
			3839	1888
			3839	1887
			3839	1886
			3839	1885
			3839	1884
			3839	1883
			3839	1882
			3838	1881
			3838	1880
			3838	1879
			3838	1878
			3838	1877
			3838	1876
			3838	1875
			3837	1874
			3837	1873
			3837	1872
			3837	1871
			3837	1870
			3837	1869
			3836	1868
			3836	1867
			3836	1866
			3836	1865
			3836	1864
			3836	1863
			3836	1862
			3835	1862
			3835	1861
			3835	1860
			3835	1859
			3835	1858
			3835	1857
			3834	1856
			3834	1855
			3834	1854
			3834	1853
			3834	1852
			3834	1851
			3834	1850
			3833	1849
			3833	1848
			3833	1847
			3833	1846
			3833	1845
			3833	1844
			3832	1843
			3832	1842
			3832	1841
			3832	1840
			3832	1839
			3832	1838
			3832	1837
			3831	1836
			3831	1835
			3831	1834
			3831	1833
			3831	1832
			3831	1831
			3830	1830
			3830	1829
			3830	1828
			3830	1827
			3830	1826
			3830	1825
			3829	1824
			3829	1823
			3829	1822
			3829	1821
			3829	1820
			3829	1819
			3829	1818
			3828	1817
			3828	1816
			3828	1815
			3828	1814
			3828	1813
			3828	1812
			3827	1811
			3827	1810
			3827	1809
			3827	1808
			3827	1807
			3827	1806
			3826	1805
			3826	1804
			3826	1803
			3826	1802
			3826	1801
			3826	1800
			3825	1799
			3825	1798
			3825	1797
			3825	1796
			3825	1795
			3825	1794
			3825	1793
			3824	1792
			3824	1791
			3824	1790
			3824	1789
			3824	1788
			3824	1787
			3823	1786
			3823	1785
			3823	1784
			3823	1783
			3823	1782
			3823	1781
			3822	1780
			3822	1779
			3822	1778
			3822	1777
			3822	1776
			3822	1775
			3821	1774
			3821	1773
			3821	1772
			3821	1771
			3821	1770
			3821	1769
			3820	1768
			3820	1767
			3820	1766
			3820	1765
			3820	1764
			3820	1763
			3820	1762
			3819	1761
			3819	1760
			3819	1759
			3819	1758
			3819	1757
			3819	1756
			3818	1756
			3818	1755
			3818	1754
			3818	1753
			3818	1752
			3818	1751
			3818	1750
			3817	1749
			3817	1748
			3817	1747
			3817	1746
			3817	1745
			3817	1744
			3816	1743
			3816	1742
			3816	1741
			3816	1740
			3816	1739
			3816	1738
			3815	1737
			3815	1736
			3815	1735
			3815	1734
			3815	1733
			3815	1732
			3814	1731
			3814	1730
			3814	1729
			3814	1728
			3814	1727
			3814	1726
			3813	1725
			3813	1724
			3813	1723
			3813	1722
			3813	1721
			3813	1720
			3812	1719
			3812	1718
			3812	1717
			3812	1716
			3812	1715
			3812	1714
			3811	1713
			3811	1712
			3811	1711
			3811	1710
			3811	1709
			3811	1708
			3810	1707
			3810	1706
			3810	1705
			3810	1704
			3810	1703
			3810	1702
			3809	1701
			3809	1700
			3809	1699
			3809	1698
			3809	1697
			3809	1696
			3808	1695
			3808	1694
			3808	1693
			3808	1692
			3808	1691
			3808	1690
			3807	1689
			3807	1688
			3807	1687
			3807	1686
			3807	1685
			3807	1684
			3806	1683
			3806	1682
			3806	1681
			3806	1680
			3806	1679
			3806	1678
			3805	1677
			3805	1676
			3805	1675
			3805	1674
			3805	1673
			3804	1672
			3804	1671
			3804	1670
			3804	1669
			3804	1668
			3804	1667
			3804	1666
			3803	1666
			3803	1665
			3803	1664
			3803	1663
			3803	1662
			3803	1661
			3802	1660
			3802	1659
			3802	1658
			3802	1657
		</posterior>
	</curves.pixel>
	<curves.scaled type=list>
		<glabella type=matrix rownames=FALSE colnames=FALSE nrow=1015 ncol=2 as.numeric=TRUE >
			11.1053984575835	-3.23050556983719
			11.1096829477292	-3.23050556983719
			11.1139674378749	-3.23050556983719
			11.1182519280206	-3.22622107969152
			11.1225364181662	-3.22622107969152
			11.1268209083119	-3.22622107969152
			11.1311053984576	-3.22622107969152
			11.1353898886033	-3.22622107969152
			11.1396743787489	-3.22622107969152
			11.1439588688946	-3.22193658954584
			11.1482433590403	-3.22193658954584
			11.1525278491859	-3.22193658954584
			11.1568123393316	-3.22193658954584
			11.1610968294773	-3.22193658954584
			11.165381319623	-3.22193658954584
			11.1696658097686	-3.22193658954584
			11.1739502999143	-3.21765209940017
			11.17823479006	-3.21765209940017
			11.1825192802057	-3.21765209940017
			11.1868037703513	-3.21765209940017
			11.191088260497	-3.21765209940017
			11.1953727506427	-3.21765209940017
			11.1996572407883	-3.21765209940017
			11.203941730934	-3.21765209940017
			11.2082262210797	-3.2133676092545
			11.2125107112254	-3.2133676092545
			11.216795201371	-3.2133676092545
			11.2210796915167	-3.2133676092545
			11.2253641816624	-3.2133676092545
			11.2296486718081	-3.2133676092545
			11.2339331619537	-3.2133676092545
			11.2382176520994	-3.2133676092545
			11.2425021422451	-3.2133676092545
			11.2467866323907	-3.2133676092545
			11.2510711225364	-3.20908311910883
			11.2553556126821	-3.20908311910883
			11.2596401028278	-3.20908311910883
			11.2639245929734	-3.20908311910883
			11.2682090831191	-3.20908311910883
			11.2724935732648	-3.20908311910883
			11.2767780634105	-3.20908311910883
			11.2810625535561	-3.20908311910883
			11.2853470437018	-3.20908311910883
			11.2896315338475	-3.20908311910883
			11.2939160239931	-3.20908311910883
			11.2982005141388	-3.20908311910883
			11.3024850042845	-3.20908311910883
			11.3067694944302	-3.20908311910883
			11.3110539845758	-3.20908311910883
			11.3153384747215	-3.20908311910883
			11.3196229648672	-3.20908311910883
			11.3239074550129	-3.20908311910883
			11.3281919451585	-3.20908311910883
			11.3324764353042	-3.20908311910883
			11.3367609254499	-3.20908311910883
			11.3410454155955	-3.20908311910883
			11.3453299057412	-3.20908311910883
			11.3496143958869	-3.20908311910883
			11.3538988860326	-3.20908311910883
			11.3581833761782	-3.20908311910883
			11.3624678663239	-3.20908311910883
			11.3667523564696	-3.20908311910883
			11.3710368466153	-3.20908311910883
			11.3753213367609	-3.20908311910883
			11.3796058269066	-3.20908311910883
			11.3838903170523	-3.20908311910883
			11.3881748071979	-3.20908311910883
			11.3924592973436	-3.20908311910883
			11.3967437874893	-3.20908311910883
			11.401028277635	-3.20908311910883
			11.4053127677806	-3.20908311910883
			11.4095972579263	-3.20908311910883
			11.413881748072	-3.20908311910883
			11.4181662382177	-3.20908311910883
			11.4224507283633	-3.20908311910883
			11.426735218509	-3.20908311910883
			11.4310197086547	-3.20908311910883
			11.4353041988003	-3.20908311910883
			11.439588688946	-3.2133676092545
			11.4438731790917	-3.2133676092545
			11.4481576692374	-3.2133676092545
			11.452442159383	-3.2133676092545
			11.4567266495287	-3.2133676092545
			11.4610111396744	-3.2133676092545
			11.4652956298201	-3.2133676092545
			11.4695801199657	-3.2133676092545
			11.4738646101114	-3.2133676092545
			11.4781491002571	-3.21765209940017
			11.4824335904027	-3.21765209940017
			11.4867180805484	-3.21765209940017
			11.4910025706941	-3.21765209940017
			11.4952870608398	-3.21765209940017
			11.4995715509854	-3.21765209940017
			11.5038560411311	-3.21765209940017
			11.5081405312768	-3.22193658954584
			11.5124250214225	-3.22193658954584
			11.5167095115681	-3.22193658954584
			11.5209940017138	-3.22193658954584
			11.5252784918595	-3.22193658954584
			11.5295629820051	-3.22622107969152
			11.5338474721508	-3.22622107969152
			11.5381319622965	-3.22622107969152
			11.5424164524422	-3.22622107969152
			11.5467009425878	-3.22622107969152
			11.5509854327335	-3.22622107969152
			11.5552699228792	-3.23050556983719
			11.5595544130249	-3.23050556983719
			11.5638389031705	-3.23050556983719
			11.5681233933162	-3.23050556983719
			11.5724078834619	-3.23479005998286
			11.5766923736075	-3.23479005998286
			11.5809768637532	-3.23479005998286
			11.5852613538989	-3.23479005998286
			11.5895458440446	-3.23479005998286
			11.5938303341902	-3.23907455012853
			11.5981148243359	-3.23907455012853
			11.6023993144816	-3.23907455012853
			11.6066838046273	-3.24335904027421
			11.6109682947729	-3.24335904027421
			11.6152527849186	-3.24335904027421
			11.6195372750643	-3.24335904027421
			11.6238217652099	-3.24764353041988
			11.6281062553556	-3.24764353041988
			11.6323907455013	-3.24764353041988
			11.636675235647	-3.25192802056555
			11.6409597257926	-3.25192802056555
			11.6452442159383	-3.25192802056555
			11.649528706084	-3.25621251071123
			11.6538131962296	-3.25621251071123
			11.6580976863753	-3.25621251071123
			11.662382176521	-3.2604970008569
			11.6666666666667	-3.2604970008569
			11.6709511568123	-3.2604970008569
			11.675235646958	-3.26478149100257
			11.6795201371037	-3.26478149100257
			11.6838046272494	-3.26906598114824
			11.688089117395	-3.26906598114824
			11.6923736075407	-3.26906598114824
			11.6966580976864	-3.27335047129392
			11.700942587832	-3.27335047129392
			11.7052270779777	-3.27335047129392
			11.7095115681234	-3.27763496143959
			11.7137960582691	-3.27763496143959
			11.7180805484147	-3.27763496143959
			11.7180805484147	-3.28191945158526
			11.7223650385604	-3.28191945158526
			11.7266495287061	-3.28191945158526
			11.7309340188518	-3.28620394173093
			11.7352185089974	-3.28620394173093
			11.7395029991431	-3.29048843187661
			11.7437874892888	-3.29048843187661
			11.7480719794344	-3.29477292202228
			11.7523564695801	-3.29477292202228
			11.7566409597258	-3.29905741216795
			11.7609254498715	-3.29905741216795
			11.7652099400171	-3.29905741216795
			11.7694944301628	-3.30334190231362
			11.7737789203085	-3.30334190231362
			11.7737789203085	-3.3076263924593
			11.7780634104542	-3.3076263924593
			11.7823479005998	-3.31191088260497
			11.7866323907455	-3.31191088260497
			11.7909168808912	-3.31619537275064
			11.7952013710368	-3.31619537275064
			11.7994858611825	-3.32047986289632
			11.8037703513282	-3.32047986289632
			11.8080548414739	-3.32476435304199
			11.8123393316195	-3.32476435304199
			11.8123393316195	-3.32904884318766
			11.8166238217652	-3.32904884318766
			11.8209083119109	-3.33333333333333
			11.8251928020566	-3.33333333333333
			11.8294772922022	-3.33761782347901
			11.8337617823479	-3.33761782347901
			11.8380462724936	-3.34190231362468
			11.8423307626392	-3.34190231362468
			11.8466152527849	-3.34618680377035
			11.8508997429306	-3.35047129391602
			11.8551842330763	-3.3547557840617
			11.8594687232219	-3.3547557840617
			11.8637532133676	-3.35904027420737
			11.8680377035133	-3.36332476435304
			11.872322193659	-3.36332476435304
			11.8766066838046	-3.36760925449871
			11.8808911739503	-3.36760925449871
			11.885175664096	-3.37189374464439
			11.8894601542416	-3.37617823479006
			11.8937446443873	-3.38046272493573
			11.898029134533	-3.38046272493573
			11.9023136246787	-3.38474721508141
			11.9065981148243	-3.38903170522708
			11.91088260497	-3.38903170522708
			11.9151670951157	-3.39331619537275
			11.9194515852614	-3.39760068551842
			11.923736075407	-3.39760068551842
			11.923736075407	-3.4018851756641
			11.9280205655527	-3.40616966580977
			11.9323050556984	-3.41045415595544
			11.936589545844	-3.41045415595544
			11.9408740359897	-3.41473864610111
			11.9451585261354	-3.41902313624679
			11.9494430162811	-3.41902313624679
			11.9494430162811	-3.42330762639246
			11.9537275064267	-3.42759211653813
			11.9580119965724	-3.42759211653813
			11.9622964867181	-3.4318766066838
			11.9665809768638	-3.43616109682948
			11.9708654670094	-3.44044558697515
			11.9751499571551	-3.44044558697515
			11.9751499571551	-3.44473007712082
			11.9794344473008	-3.4490145672665
			11.9837189374464	-3.45329905741217
			11.9880034275921	-3.45329905741217
			11.9922879177378	-3.45758354755784
			11.9965724078835	-3.46186803770351
			11.9965724078835	-3.46615252784919
			12.0008568980291	-3.46615252784919
			12.0051413881748	-3.47043701799486
			12.0094258783205	-3.47472150814053
			12.0137103684662	-3.4790059982862
			12.0179948586118	-3.48329048843188
			12.0222793487575	-3.48757497857755
			12.0265638389032	-3.49185946872322
			12.0308483290488	-3.49614395886889
			12.0351328191945	-3.50042844901457
			12.0394173093402	-3.50471293916024
			12.0437017994859	-3.50899742930591
			12.0479862896315	-3.51328191945159
			12.0522707797772	-3.51756640959726
			12.0565552699229	-3.52185089974293
			12.0608397600686	-3.5261353898886
			12.0651242502142	-3.53041988003428
			12.0694087403599	-3.53470437017995
			12.0736932305056	-3.53898886032562
			12.0779777206512	-3.54327335047129
			12.0822622107969	-3.54755784061697
			12.0822622107969	-3.55184233076264
			12.0865467009426	-3.55612682090831
			12.0908311910883	-3.56041131105398
			12.0951156812339	-3.56469580119966
			12.0994001713796	-3.56898029134533
			12.0994001713796	-3.573264781491
			12.1036846615253	-3.57754927163668
			12.107969151671	-3.58183376178235
			12.1122536418166	-3.58611825192802
			12.1165381319623	-3.59040274207369
			12.1165381319623	-3.59468723221937
			12.120822622108	-3.59897172236504
			12.1251071122536	-3.60325621251071
			12.1293916023993	-3.60754070265638
			12.1293916023993	-3.61182519280206
			12.133676092545	-3.61610968294773
			12.1379605826907	-3.6203941730934
			12.1422450728363	-3.62467866323907
			12.146529562982	-3.62896315338475
			12.146529562982	-3.63324764353042
			12.1508140531277	-3.63753213367609
			12.1550985432734	-3.64181662382177
			12.159383033419	-3.64610111396744
			12.159383033419	-3.65038560411311
			12.1636675235647	-3.65467009425878
			12.1679520137104	-3.65895458440446
			12.1679520137104	-3.66323907455013
			12.172236503856	-3.6675235646958
			12.1765209940017	-3.67180805484147
			12.1808054841474	-3.67609254498715
			12.1808054841474	-3.68037703513282
			12.1850899742931	-3.68466152527849
			12.1850899742931	-3.68894601542416
			12.1893744644387	-3.68894601542416
			12.1893744644387	-3.69323050556984
			12.1936589545844	-3.69751499571551
			12.1936589545844	-3.70179948586118
			12.1979434447301	-3.70608397600686
			12.2022279348758	-3.71036846615253
			12.2022279348758	-3.7146529562982
			12.2065124250214	-3.71893744644387
			12.2107969151671	-3.72322193658955
			12.2107969151671	-3.72750642673522
			12.2150814053128	-3.73179091688089
			12.2193658954584	-3.73607540702656
			12.2193658954584	-3.74035989717224
			12.2236503856041	-3.74464438731791
			12.2236503856041	-3.74892887746358
			12.2279348757498	-3.75321336760925
			12.2322193658955	-3.75749785775493
			12.2322193658955	-3.7617823479006
			12.2365038560411	-3.76606683804627
			12.2365038560411	-3.77035132819195
			12.2407883461868	-3.77463581833762
			12.2450728363325	-3.77892030848329
			12.2450728363325	-3.78320479862896
			12.2493573264781	-3.78748928877464
			12.2493573264781	-3.79177377892031
			12.2536418166238	-3.79605826906598
			12.2536418166238	-3.80034275921165
			12.2579263067695	-3.80462724935733
			12.2579263067695	-3.808911739503
			12.2622107969152	-3.81319622964867
			12.2664952870608	-3.81748071979434
			12.2664952870608	-3.82176520994002
			12.2664952870608	-3.82604970008569
			12.2707797772065	-3.82604970008569
			12.2707797772065	-3.83033419023136
			12.2750642673522	-3.83461868037704
			12.2750642673522	-3.83890317052271
			12.2793487574979	-3.83890317052271
			12.2793487574979	-3.84318766066838
			12.2793487574979	-3.84747215081405
			12.2836332476435	-3.85175664095973
			12.2836332476435	-3.8560411311054
			12.2879177377892	-3.8560411311054
			12.2879177377892	-3.86032562125107
			12.2879177377892	-3.86461011139674
			12.2922022279349	-3.86889460154242
			12.2922022279349	-3.87317909168809
			12.2964867180805	-3.87317909168809
			12.2964867180805	-3.87746358183376
			12.2964867180805	-3.88174807197943
			12.3007712082262	-3.88603256212511
			12.3007712082262	-3.89031705227078
			12.3050556983719	-3.89031705227078
			12.3050556983719	-3.89460154241645
			12.3050556983719	-3.89888603256213
			12.3093401885176	-3.9031705227078
			12.3093401885176	-3.90745501285347
			12.3136246786632	-3.91173950299914
			12.3136246786632	-3.91602399314482
			12.3179091688089	-3.92030848329049
			12.3179091688089	-3.92459297343616
			12.3221936589546	-3.92887746358183
			12.3221936589546	-3.93316195372751
			12.3264781491003	-3.93744644387318
			12.3264781491003	-3.94173093401885
			12.3307626392459	-3.94601542416452
			12.3307626392459	-3.9502999143102
			12.3350471293916	-3.95458440445587
			12.3350471293916	-3.95886889460154
			12.3393316195373	-3.96315338474722
			12.3393316195373	-3.96743787489289
			12.3436161096829	-3.97172236503856
			12.3436161096829	-3.97600685518423
			12.3479005998286	-3.98029134532991
			12.3479005998286	-3.98457583547558
			12.3479005998286	-3.98886032562125
			12.3521850899743	-3.99314481576692
			12.3521850899743	-3.9974293059126
			12.35646958012	-4.00171379605827
			12.35646958012	-4.00599828620394
			12.35646958012	-4.01028277634961
			12.3607540702656	-4.01456726649529
			12.3607540702656	-4.01885175664096
			12.3650385604113	-4.02313624678663
			12.3650385604113	-4.0274207369323
			12.3650385604113	-4.03170522707798
			12.369323050557	-4.03598971722365
			12.369323050557	-4.04027420736932
			12.3736075407027	-4.044558697515
			12.3736075407027	-4.04884318766067
			12.3736075407027	-4.05312767780634
			12.3778920308483	-4.05312767780634
			12.3778920308483	-4.05741216795201
			12.3778920308483	-4.06169665809769
			12.382176520994	-4.06598114824336
			12.382176520994	-4.07026563838903
			12.3864610111397	-4.0745501285347
			12.3864610111397	-4.07883461868038
			12.3864610111397	-4.08311910882605
			12.3907455012853	-4.08740359897172
			12.3907455012853	-4.09168808911739
			12.3907455012853	-4.09597257926307
			12.395029991431	-4.10025706940874
			12.395029991431	-4.10454155955441
			12.3993144815767	-4.10882604970009
			12.3993144815767	-4.11311053984576
			12.3993144815767	-4.11739502999143
			12.4035989717224	-4.1216795201371
			12.4035989717224	-4.12596401028278
			12.4035989717224	-4.13024850042845
			12.407883461868	-4.13453299057412
			12.407883461868	-4.13881748071979
			12.407883461868	-4.14310197086547
			12.4121679520137	-4.14738646101114
			12.4121679520137	-4.15167095115681
			12.4164524421594	-4.15595544130248
			12.4164524421594	-4.16023993144816
			12.4164524421594	-4.16452442159383
			12.4207369323051	-4.1688089117395
			12.4207369323051	-4.17309340188518
			12.4207369323051	-4.17737789203085
			12.4250214224507	-4.18166238217652
			12.4250214224507	-4.18594687232219
			12.4250214224507	-4.19023136246787
			12.4293059125964	-4.19451585261354
			12.4293059125964	-4.19880034275921
			12.4293059125964	-4.20308483290488
			12.4335904027421	-4.20736932305056
			12.4335904027421	-4.21165381319623
			12.4335904027421	-4.2159383033419
			12.4378748928877	-4.22022279348757
			12.4378748928877	-4.22450728363325
			12.4378748928877	-4.22879177377892
			12.4421593830334	-4.23307626392459
			12.4421593830334	-4.23736075407027
			12.4464438731791	-4.24164524421594
			12.4464438731791	-4.24592973436161
			12.4464438731791	-4.25021422450728
			12.4507283633248	-4.25449871465296
			12.4507283633248	-4.25878320479863
			12.4507283633248	-4.2630676949443
			12.4550128534704	-4.26735218508997
			12.4550128534704	-4.27163667523565
			12.4550128534704	-4.27592116538132
			12.4592973436161	-4.28020565552699
			12.4592973436161	-4.28449014567266
			12.4592973436161	-4.28877463581834
			12.4592973436161	-4.29305912596401
			12.4635818337618	-4.29734361610968
			12.4635818337618	-4.30162810625536
			12.4635818337618	-4.30591259640103
			12.4678663239075	-4.3101970865467
			12.4678663239075	-4.31448157669237
			12.4678663239075	-4.31876606683805
			12.4721508140531	-4.32305055698372
			12.4721508140531	-4.32733504712939
			12.4721508140531	-4.33161953727506
			12.4721508140531	-4.33590402742074
			12.4764353041988	-4.34018851756641
			12.4764353041988	-4.34447300771208
			12.4764353041988	-4.34875749785776
			12.4764353041988	-4.35304198800343
			12.4807197943445	-4.3573264781491
			12.4807197943445	-4.36161096829477
			12.4807197943445	-4.36589545844045
			12.4850042844901	-4.36589545844045
			12.4850042844901	-4.37017994858612
			12.4850042844901	-4.37446443873179
			12.4850042844901	-4.37874892887746
			12.4892887746358	-4.38303341902314
			12.4892887746358	-4.38731790916881
			12.4892887746358	-4.39160239931448
			12.4892887746358	-4.39588688946015
			12.4935732647815	-4.40017137960583
			12.4935732647815	-4.4044558697515
			12.4935732647815	-4.40874035989717
			12.4978577549272	-4.41302485004285
			12.4978577549272	-4.41730934018852
			12.4978577549272	-4.42159383033419
			12.4978577549272	-4.42587832047986
			12.5021422450728	-4.43016281062554
			12.5021422450728	-4.43444730077121
			12.5021422450728	-4.43873179091688
			12.5021422450728	-4.44301628106255
			12.5064267352185	-4.44730077120823
			12.5064267352185	-4.4515852613539
			12.5064267352185	-4.45586975149957
			12.5064267352185	-4.46015424164524
			12.5107112253642	-4.46443873179092
			12.5107112253642	-4.46872322193659
			12.5107112253642	-4.47300771208226
			12.5107112253642	-4.47729220222794
			12.5149957155099	-4.48157669237361
			12.5149957155099	-4.48586118251928
			12.5149957155099	-4.49014567266495
			12.5149957155099	-4.49443016281063
			12.5192802056555	-4.4987146529563
			12.5192802056555	-4.50299914310197
			12.5192802056555	-4.50728363324764
			12.5192802056555	-4.51156812339332
			12.5235646958012	-4.51585261353899
			12.5235646958012	-4.52013710368466
			12.5235646958012	-4.52442159383033
			12.5235646958012	-4.52870608397601
			12.5278491859469	-4.53299057412168
			12.5278491859469	-4.53727506426735
			12.5278491859469	-4.54155955441303
			12.5278491859469	-4.5458440445587
			12.5321336760925	-4.55012853470437
			12.5321336760925	-4.55441302485004
			12.5321336760925	-4.55869751499572
			12.5321336760925	-4.56298200514139
			12.5364181662382	-4.56726649528706
			12.5364181662382	-4.57155098543273
			12.5364181662382	-4.57583547557841
			12.5364181662382	-4.58011996572408
			12.5407026563839	-4.58440445586975
			12.5407026563839	-4.58868894601542
			12.5407026563839	-4.5929734361611
			12.5407026563839	-4.59725792630677
			12.5407026563839	-4.60154241645244
			12.5449871465296	-4.60582690659812
			12.5449871465296	-4.61011139674379
			12.5449871465296	-4.61439588688946
			12.5449871465296	-4.61868037703513
			12.5492716366752	-4.62296486718081
			12.5492716366752	-4.62724935732648
			12.5492716366752	-4.63153384747215
			12.5492716366752	-4.63581833761782
			12.5492716366752	-4.6401028277635
			12.5535561268209	-4.64438731790917
			12.5535561268209	-4.64867180805484
			12.5535561268209	-4.65295629820051
			12.5535561268209	-4.65724078834619
			12.5535561268209	-4.66152527849186
			12.5578406169666	-4.66580976863753
			12.5578406169666	-4.67009425878321
			12.5578406169666	-4.67437874892888
			12.5578406169666	-4.67866323907455
			12.5578406169666	-4.68294772922022
			12.5621251071123	-4.6872322193659
			12.5621251071123	-4.69151670951157
			12.5621251071123	-4.69580119965724
			12.5621251071123	-4.70008568980291
			12.5621251071123	-4.70437017994859
			12.5664095972579	-4.70437017994859
			12.5664095972579	-4.70865467009426
			12.5664095972579	-4.71293916023993
			12.5664095972579	-4.7172236503856
			12.5664095972579	-4.72150814053128
			12.5706940874036	-4.72579263067695
			12.5706940874036	-4.73007712082262
			12.5706940874036	-4.7343616109683
			12.5706940874036	-4.73864610111397
			12.5706940874036	-4.74293059125964
			12.5749785775493	-4.74721508140531
			12.5749785775493	-4.75149957155099
			12.5749785775493	-4.75578406169666
			12.5749785775493	-4.76006855184233
			12.5749785775493	-4.764353041988
			12.5792630676949	-4.76863753213368
			12.5792630676949	-4.77292202227935
			12.5792630676949	-4.77720651242502
			12.5792630676949	-4.78149100257069
			12.5792630676949	-4.78577549271637
			12.5792630676949	-4.79005998286204
			12.5835475578406	-4.79434447300771
			12.5835475578406	-4.79862896315338
			12.5835475578406	-4.80291345329906
			12.5835475578406	-4.80719794344473
			12.5835475578406	-4.8114824335904
			12.5878320479863	-4.81576692373608
			12.5878320479863	-4.82005141388175
			12.5878320479863	-4.82433590402742
			12.5878320479863	-4.82862039417309
			12.5878320479863	-4.83290488431877
			12.5878320479863	-4.83718937446444
			12.592116538132	-4.84147386461011
			12.592116538132	-4.84575835475578
			12.592116538132	-4.85004284490146
			12.592116538132	-4.85432733504713
			12.592116538132	-4.8586118251928
			12.592116538132	-4.86289631533847
			12.5964010282776	-4.86718080548415
			12.5964010282776	-4.87146529562982
			12.5964010282776	-4.87574978577549
			12.5964010282776	-4.88003427592117
			12.5964010282776	-4.88431876606684
			12.6006855184233	-4.88860325621251
			12.6006855184233	-4.89288774635818
			12.6006855184233	-4.89717223650386
			12.6006855184233	-4.90145672664953
			12.6006855184233	-4.9057412167952
			12.6006855184233	-4.91002570694087
			12.604970008569	-4.91431019708655
			12.604970008569	-4.91859468723222
			12.604970008569	-4.92287917737789
			12.604970008569	-4.92716366752356
			12.604970008569	-4.93144815766924
			12.604970008569	-4.93573264781491
			12.604970008569	-4.94001713796058
			12.6092544987147	-4.94430162810626
			12.6092544987147	-4.94858611825193
			12.6092544987147	-4.9528706083976
			12.6092544987147	-4.95715509854327
			12.6092544987147	-4.96143958868895
			12.6092544987147	-4.96572407883462
			12.6135389888603	-4.97000856898029
			12.6135389888603	-4.97429305912596
			12.6135389888603	-4.97857754927164
			12.6135389888603	-4.98286203941731
			12.6135389888603	-4.98714652956298
			12.6135389888603	-4.99143101970865
			12.6135389888603	-4.99571550985433
			12.617823479006	-4.99571550985433
			12.617823479006	-5
			12.617823479006	-5.00428449014567
			12.617823479006	-5.00856898029135
			12.617823479006	-5.01285347043702
			12.617823479006	-5.01713796058269
			12.617823479006	-5.02142245072836
			12.6221079691517	-5.02570694087404
			12.6221079691517	-5.02999143101971
			12.6221079691517	-5.03427592116538
			12.6221079691517	-5.03856041131105
			12.6221079691517	-5.04284490145673
			12.6221079691517	-5.0471293916024
			12.6221079691517	-5.05141388174807
			12.6263924592973	-5.05569837189374
			12.6263924592973	-5.05998286203942
			12.6263924592973	-5.06426735218509
			12.6263924592973	-5.06855184233076
			12.6263924592973	-5.07283633247644
			12.6263924592973	-5.07712082262211
			12.6263924592973	-5.08140531276778
			12.6263924592973	-5.08568980291345
			12.630676949443	-5.08997429305913
			12.630676949443	-5.0942587832048
			12.630676949443	-5.09854327335047
			12.630676949443	-5.10282776349614
			12.630676949443	-5.10711225364182
			12.630676949443	-5.11139674378749
			12.630676949443	-5.11568123393316
			12.6349614395887	-5.11996572407883
			12.6349614395887	-5.12425021422451
			12.6349614395887	-5.12853470437018
			12.6349614395887	-5.13281919451585
			12.6349614395887	-5.13710368466153
			12.6349614395887	-5.1413881748072
			12.6349614395887	-5.14567266495287
			12.6349614395887	-5.14995715509854
			12.6392459297344	-5.15424164524422
			12.6392459297344	-5.15852613538989
			12.6392459297344	-5.16281062553556
			12.6392459297344	-5.16709511568123
			12.6392459297344	-5.17137960582691
			12.6392459297344	-5.17566409597258
			12.6392459297344	-5.17994858611825
			12.6392459297344	-5.18423307626392
			12.64353041988	-5.1885175664096
			12.64353041988	-5.19280205655527
			12.64353041988	-5.19708654670094
			12.64353041988	-5.20137103684662
			12.64353041988	-5.20565552699229
			12.64353041988	-5.20994001713796
			12.64353041988	-5.21422450728363
			12.64353041988	-5.21850899742931
			12.6478149100257	-5.22279348757498
			12.6478149100257	-5.22707797772065
			12.6478149100257	-5.23136246786632
			12.6478149100257	-5.235646958012
			12.6478149100257	-5.23993144815767
			12.6478149100257	-5.24421593830334
			12.6478149100257	-5.24850042844901
			12.6478149100257	-5.25278491859469
			12.6478149100257	-5.25706940874036
			12.6520994001714	-5.26135389888603
			12.6520994001714	-5.26563838903171
			12.6520994001714	-5.26992287917738
			12.6520994001714	-5.27420736932305
			12.6520994001714	-5.27849185946872
			12.6520994001714	-5.2827763496144
			12.6520994001714	-5.28706083976007
			12.6520994001714	-5.29134532990574
			12.6563838903171	-5.29562982005141
			12.6563838903171	-5.29991431019709
			12.6563838903171	-5.30419880034276
			12.6563838903171	-5.30848329048843
			12.6563838903171	-5.3127677806341
			12.6563838903171	-5.31705227077978
			12.6563838903171	-5.32133676092545
			12.6563838903171	-5.32562125107112
			12.6563838903171	-5.3299057412168
			12.6563838903171	-5.33419023136247
			12.6606683804627	-5.33847472150814
			12.6606683804627	-5.34275921165381
			12.6606683804627	-5.34704370179949
			12.6606683804627	-5.35132819194516
			12.6606683804627	-5.35561268209083
			12.6606683804627	-5.3598971722365
			12.6606683804627	-5.36418166238218
			12.6606683804627	-5.36846615252785
			12.6606683804627	-5.37275064267352
			12.6606683804627	-5.37703513281919
			12.6649528706084	-5.38131962296487
			12.6649528706084	-5.38560411311054
			12.6649528706084	-5.38988860325621
			12.6649528706084	-5.39417309340189
			12.6649528706084	-5.39845758354756
			12.6649528706084	-5.40274207369323
			12.6649528706084	-5.4070265638389
			12.6649528706084	-5.41131105398458
			12.6649528706084	-5.41559554413025
			12.6649528706084	-5.41988003427592
			12.6649528706084	-5.42416452442159
			12.6692373607541	-5.42844901456727
			12.6692373607541	-5.43273350471294
			12.6692373607541	-5.43701799485861
			12.6692373607541	-5.44130248500429
			12.6692373607541	-5.44558697514996
			12.6692373607541	-5.44987146529563
			12.6692373607541	-5.4541559554413
			12.6692373607541	-5.45844044558698
			12.6692373607541	-5.46272493573265
			12.6692373607541	-5.46700942587832
			12.6692373607541	-5.47129391602399
			12.6735218508997	-5.47129391602399
			12.6735218508997	-5.47557840616967
			12.6735218508997	-5.47986289631534
			12.6735218508997	-5.48414738646101
			12.6735218508997	-5.48843187660668
			12.6735218508997	-5.49271636675236
			12.6735218508997	-5.49700085689803
			12.6735218508997	-5.5012853470437
			12.6735218508997	-5.50556983718937
			12.6735218508997	-5.50985432733505
			12.6735218508997	-5.51413881748072
			12.6735218508997	-5.51842330762639
			12.6778063410454	-5.52270779777206
			12.6778063410454	-5.52699228791774
			12.6778063410454	-5.53127677806341
			12.6778063410454	-5.53556126820908
			12.6778063410454	-5.53984575835476
			12.6778063410454	-5.54413024850043
			12.6778063410454	-5.5484147386461
			12.6778063410454	-5.55269922879177
			12.6778063410454	-5.55698371893745
			12.6778063410454	-5.56126820908312
			12.6778063410454	-5.56555269922879
			12.6778063410454	-5.56983718937446
			12.6778063410454	-5.57412167952014
			12.6820908311911	-5.57412167952014
			12.6820908311911	-5.57840616966581
			12.6820908311911	-5.58269065981148
			12.6820908311911	-5.58697514995715
			12.6820908311911	-5.59125964010283
			12.6820908311911	-5.5955441302485
			12.6820908311911	-5.59982862039417
			12.6820908311911	-5.60411311053985
			12.6820908311911	-5.60839760068552
			12.6820908311911	-5.61268209083119
			12.6820908311911	-5.61696658097686
			12.6820908311911	-5.62125107112254
			12.6820908311911	-5.62553556126821
			12.6863753213368	-5.62982005141388
			12.6863753213368	-5.63410454155955
			12.6863753213368	-5.63838903170523
			12.6863753213368	-5.6426735218509
			12.6863753213368	-5.64695801199657
			12.6863753213368	-5.65124250214224
			12.6863753213368	-5.65552699228792
			12.6863753213368	-5.65981148243359
			12.6863753213368	-5.66409597257926
			12.6863753213368	-5.66838046272494
			12.6863753213368	-5.67266495287061
			12.6863753213368	-5.67694944301628
			12.6863753213368	-5.68123393316195
			12.6863753213368	-5.68551842330763
			12.6863753213368	-5.6898029134533
			12.6906598114824	-5.69408740359897
			12.6906598114824	-5.69837189374464
			12.6906598114824	-5.70265638389032
			12.6906598114824	-5.70694087403599
			12.6906598114824	-5.71122536418166
			12.6906598114824	-5.71550985432734
			12.6906598114824	-5.71979434447301
			12.6906598114824	-5.72407883461868
			12.6906598114824	-5.72836332476435
			12.6906598114824	-5.73264781491003
			12.6906598114824	-5.7369323050557
			12.6906598114824	-5.74121679520137
			12.6906598114824	-5.74550128534704
			12.6906598114824	-5.74978577549272
			12.6906598114824	-5.75407026563839
			12.6906598114824	-5.75835475578406
			12.6949443016281	-5.76263924592973
			12.6949443016281	-5.76692373607541
			12.6949443016281	-5.77120822622108
			12.6949443016281	-5.77549271636675
			12.6949443016281	-5.77977720651243
			12.6949443016281	-5.7840616966581
			12.6949443016281	-5.78834618680377
			12.6949443016281	-5.79263067694944
			12.6949443016281	-5.79691516709512
			12.6949443016281	-5.80119965724079
			12.6949443016281	-5.80548414738646
			12.6949443016281	-5.80976863753213
			12.6949443016281	-5.81405312767781
			12.6949443016281	-5.81833761782348
			12.6949443016281	-5.82262210796915
			12.6949443016281	-5.82690659811482
			12.6949443016281	-5.8311910882605
			12.6949443016281	-5.83547557840617
			12.6992287917738	-5.83976006855184
			12.6992287917738	-5.84404455869752
			12.6992287917738	-5.84832904884319
			12.6992287917738	-5.85261353898886
			12.6992287917738	-5.85689802913453
			12.6992287917738	-5.86118251928021
			12.6992287917738	-5.86546700942588
			12.6992287917738	-5.86975149957155
			12.6992287917738	-5.87403598971722
			12.6992287917738	-5.8783204798629
			12.6992287917738	-5.88260497000857
			12.6992287917738	-5.88688946015424
			12.6992287917738	-5.89117395029991
			12.6992287917738	-5.89545844044559
			12.6992287917738	-5.89974293059126
			12.6992287917738	-5.90402742073693
			12.6992287917738	-5.90831191088261
			12.6992287917738	-5.91259640102828
			12.6992287917738	-5.91688089117395
			12.6992287917738	-5.92116538131962
			12.6992287917738	-5.9254498714653
			12.7035132819195	-5.92973436161097
			12.7035132819195	-5.93401885175664
			12.7035132819195	-5.93830334190231
			12.7035132819195	-5.94258783204799
			12.7035132819195	-5.94687232219366
			12.7035132819195	-5.95115681233933
			12.7035132819195	-5.955441302485
			12.7035132819195	-5.95972579263068
			12.7035132819195	-5.96401028277635
			12.7035132819195	-5.96829477292202
			12.7035132819195	-5.9725792630677
			12.7035132819195	-5.97686375321337
			12.7035132819195	-5.98114824335904
			12.7035132819195	-5.98543273350471
			12.7035132819195	-5.98971722365039
			12.7035132819195	-5.99400171379606
			12.7035132819195	-5.99828620394173
			12.7035132819195	-6.0025706940874
			12.7035132819195	-6.00685518423308
			12.7035132819195	-6.01113967437875
			12.7035132819195	-6.01542416452442
			12.7035132819195	-6.01970865467009
			12.7035132819195	-6.02399314481577
			12.7035132819195	-6.02827763496144
			12.7035132819195	-6.03256212510711
			12.7077977720651	-6.03684661525279
			12.7077977720651	-6.04113110539846
			12.7077977720651	-6.04541559554413
			12.7077977720651	-6.0497000856898
			12.7077977720651	-6.05398457583548
			12.7077977720651	-6.05826906598115
			12.7077977720651	-6.06255355612682
			12.7077977720651	-6.06683804627249
			12.7077977720651	-6.07112253641817
			12.7077977720651	-6.07540702656384
			12.7077977720651	-6.07969151670951
			12.7077977720651	-6.08397600685518
			12.7077977720651	-6.08826049700086
			12.7077977720651	-6.09254498714653
			12.7077977720651	-6.0968294772922
			12.7077977720651	-6.10111396743788
			12.7077977720651	-6.10539845758355
			12.7077977720651	-6.10968294772922
			12.7077977720651	-6.11396743787489
			12.7077977720651	-6.11825192802057
			12.7077977720651	-6.12253641816624
			12.7077977720651	-6.12682090831191
			12.7077977720651	-6.13110539845758
			12.7077977720651	-6.13538988860326
			12.7077977720651	-6.13967437874893
			12.7077977720651	-6.1439588688946
			12.7077977720651	-6.14824335904027
			12.7077977720651	-6.15252784918595
			12.7077977720651	-6.15681233933162
			12.7077977720651	-6.16109682947729
			12.7077977720651	-6.16538131962297
			12.7077977720651	-6.16966580976864
			12.7077977720651	-6.17395029991431
			12.7120822622108	-6.17823479005998
			12.7120822622108	-6.18251928020566
			12.7120822622108	-6.18680377035133
			12.7120822622108	-6.191088260497
			12.7120822622108	-6.19537275064267
			12.7120822622108	-6.19965724078835
			12.7120822622108	-6.20394173093402
			12.7120822622108	-6.20822622107969
			12.7120822622108	-6.21251071122536
			12.7120822622108	-6.21679520137104
			12.7120822622108	-6.22107969151671
			12.7120822622108	-6.22536418166238
			12.7120822622108	-6.22964867180805
			12.7120822622108	-6.23393316195373
			12.7120822622108	-6.2382176520994
			12.7120822622108	-6.24250214224507
			12.7120822622108	-6.24678663239075
			12.7120822622108	-6.25107112253642
			12.7120822622108	-6.25535561268209
			12.7120822622108	-6.25964010282776
			12.7120822622108	-6.26392459297344
			12.7120822622108	-6.26820908311911
			12.7120822622108	-6.27249357326478
			12.7120822622108	-6.27677806341045
			12.7120822622108	-6.28106255355613
			12.7120822622108	-6.2853470437018
			12.7120822622108	-6.28963153384747
			12.7120822622108	-6.29391602399314
			12.7120822622108	-6.29820051413882
			12.7120822622108	-6.30248500428449
			12.7120822622108	-6.30676949443016
			12.7120822622108	-6.31105398457584
			12.7120822622108	-6.31533847472151
			12.7120822622108	-6.31962296486718
			12.7120822622108	-6.32390745501285
			12.7120822622108	-6.32819194515853
			12.7120822622108	-6.3324764353042
			12.7120822622108	-6.33676092544987
			12.7120822622108	-6.34104541559554
			12.7120822622108	-6.34532990574122
			12.7120822622108	-6.34961439588689
			12.7120822622108	-6.35389888603256
			12.7120822622108	-6.35818337617823
			12.7120822622108	-6.36246786632391
			12.7120822622108	-6.36675235646958
			12.7120822622108	-6.37103684661525
			12.7120822622108	-6.37532133676093
			12.7120822622108	-6.3796058269066
			12.7120822622108	-6.38389031705227
			12.7120822622108	-6.38817480719794
			12.7120822622108	-6.39245929734362
			12.7120822622108	-6.39674378748929
			12.7120822622108	-6.40102827763496
			12.7120822622108	-6.40531276778063
			12.7120822622108	-6.40959725792631
			12.7120822622108	-6.41388174807198
			12.7120822622108	-6.41816623821765
			12.7120822622108	-6.42245072836332
			12.7120822622108	-6.426735218509
			12.7120822622108	-6.43101970865467
			12.7120822622108	-6.43530419880034
			12.7120822622108	-6.43958868894602
			12.7120822622108	-6.44387317909169
			12.7120822622108	-6.44815766923736
			12.7120822622108	-6.45244215938303
			12.7120822622108	-6.45672664952871
			12.7120822622108	-6.46101113967438
			12.7163667523565	-6.46529562982005
			12.7163667523565	-6.46958011996572
			12.7163667523565	-6.4738646101114
			12.7163667523565	-6.47814910025707
			12.7163667523565	-6.48243359040274
			12.7163667523565	-6.48671808054841
			12.7163667523565	-6.49100257069409
			12.7163667523565	-6.49528706083976
			12.7163667523565	-6.49957155098543
			12.7163667523565	-6.50385604113111
			12.7163667523565	-6.50814053127678
			12.7163667523565	-6.51242502142245
			12.7163667523565	-6.51670951156812
			12.7163667523565	-6.5209940017138
			12.7163667523565	-6.52527849185947
			12.7163667523565	-6.52956298200514
			12.7163667523565	-6.53384747215081
			12.7163667523565	-6.53813196229649
			12.7163667523565	-6.54241645244216
			12.7163667523565	-6.54670094258783
			12.7163667523565	-6.5509854327335
			12.7163667523565	-6.55526992287918
			12.7163667523565	-6.55955441302485
			12.7163667523565	-6.56383890317052
			12.7163667523565	-6.5681233933162
			12.7163667523565	-6.57240788346187
			12.7163667523565	-6.57669237360754
			12.7163667523565	-6.58097686375321
			12.7163667523565	-6.58526135389889
			12.7163667523565	-6.58954584404456
			12.7163667523565	-6.59383033419023
			12.7163667523565	-6.5981148243359
			12.7163667523565	-6.60239931448158
			12.7163667523565	-6.60668380462725
			12.7163667523565	-6.61096829477292
			12.7163667523565	-6.61525278491859
			12.7163667523565	-6.61953727506427
			12.7163667523565	-6.62382176520994
			12.7163667523565	-6.62810625535561
			12.7163667523565	-6.63239074550129
			12.7163667523565	-6.63667523564696
			12.7120822622108	-6.64095972579263
			12.7120822622108	-6.6452442159383
			12.7120822622108	-6.64952870608398
			12.7120822622108	-6.65381319622965
			12.7120822622108	-6.65809768637532
			12.7120822622108	-6.66238217652099
			12.7120822622108	-6.66666666666667
			12.7120822622108	-6.67095115681234
			12.7120822622108	-6.67523564695801
			12.7120822622108	-6.67952013710368
			12.7120822622108	-6.68380462724936
			12.7120822622108	-6.68808911739503
			12.7120822622108	-6.6923736075407
			12.7120822622108	-6.69665809768638
			12.7120822622108	-6.70094258783205
			12.7120822622108	-6.70522707797772
			12.7120822622108	-6.70951156812339
			12.7120822622108	-6.71379605826907
			12.7120822622108	-6.71808054841474
			12.7120822622108	-6.72236503856041
			12.7120822622108	-6.72664952870608
			12.7120822622108	-6.73093401885176
			12.7120822622108	-6.73521850899743
			12.7120822622108	-6.7395029991431
			12.7120822622108	-6.74378748928878
			12.7120822622108	-6.74807197943445
			12.7120822622108	-6.75235646958012
			12.7120822622108	-6.75664095972579
			12.7120822622108	-6.76092544987147
			12.7120822622108	-6.76520994001714
			12.7120822622108	-6.76949443016281
			12.7120822622108	-6.77377892030848
			12.7120822622108	-6.77806341045416
			12.7120822622108	-6.78234790059983
			12.7120822622108	-6.7866323907455
			12.7120822622108	-6.79091688089117
			12.7120822622108	-6.79520137103685
			12.7120822622108	-6.79948586118252
			12.7120822622108	-6.80377035132819
			12.7120822622108	-6.80805484147387
			12.7120822622108	-6.81233933161954
			12.7120822622108	-6.81662382176521
			12.7120822622108	-6.82090831191088
			12.7120822622108	-6.82519280205656
			12.7120822622108	-6.82947729220223
			12.7120822622108	-6.8337617823479
		</glabella>
		<suture type=matrix rownames=FALSE colnames=FALSE nrow=1595 ncol=2 as.numeric=TRUE >
			11.1053984575835	-2.75064267352185
			11.1096829477292	-2.75064267352185
			11.1139674378749	-2.75064267352185
			11.1182519280206	-2.75064267352185
			11.1225364181662	-2.75064267352185
			11.1268209083119	-2.75064267352185
			11.1311053984576	-2.75064267352185
			11.1353898886033	-2.75064267352185
			11.1396743787489	-2.75064267352185
			11.1439588688946	-2.75064267352185
			11.1482433590403	-2.75064267352185
			11.1482433590403	-2.75492716366752
			11.1525278491859	-2.75492716366752
			11.1568123393316	-2.75492716366752
			11.1610968294773	-2.75492716366752
			11.165381319623	-2.75492716366752
			11.1696658097686	-2.75492716366752
			11.1739502999143	-2.75492716366752
			11.17823479006	-2.75492716366752
			11.1825192802057	-2.75492716366752
			11.1868037703513	-2.75492716366752
			11.191088260497	-2.75492716366752
			11.1953727506427	-2.75492716366752
			11.1996572407883	-2.75492716366752
			11.203941730934	-2.75492716366752
			11.2082262210797	-2.75492716366752
			11.2125107112254	-2.75492716366752
			11.216795201371	-2.75492716366752
			11.2210796915167	-2.75492716366752
			11.2253641816624	-2.75492716366752
			11.2296486718081	-2.75492716366752
			11.2339331619537	-2.75492716366752
			11.2382176520994	-2.7592116538132
			11.2425021422451	-2.7592116538132
			11.2467866323907	-2.7592116538132
			11.2510711225364	-2.7592116538132
			11.2553556126821	-2.7592116538132
			11.2596401028278	-2.7592116538132
			11.2639245929734	-2.7592116538132
			11.2682090831191	-2.7592116538132
			11.2724935732648	-2.7592116538132
			11.2767780634105	-2.7592116538132
			11.2810625535561	-2.7592116538132
			11.2853470437018	-2.7592116538132
			11.2896315338475	-2.7592116538132
			11.2939160239931	-2.7592116538132
			11.2982005141388	-2.7592116538132
			11.3024850042845	-2.7592116538132
			11.3067694944302	-2.7592116538132
			11.3110539845758	-2.7592116538132
			11.3153384747215	-2.7592116538132
			11.3196229648672	-2.7592116538132
			11.3239074550129	-2.7592116538132
			11.3281919451585	-2.76349614395887
			11.3324764353042	-2.76349614395887
			11.3367609254499	-2.76349614395887
			11.3410454155955	-2.76349614395887
			11.3453299057412	-2.76349614395887
			11.3496143958869	-2.76349614395887
			11.3538988860326	-2.76349614395887
			11.3581833761782	-2.76349614395887
			11.3624678663239	-2.76349614395887
			11.3667523564696	-2.76349614395887
			11.3710368466153	-2.76349614395887
			11.3753213367609	-2.76349614395887
			11.3796058269066	-2.76349614395887
			11.3838903170523	-2.76349614395887
			11.3881748071979	-2.76349614395887
			11.3924592973436	-2.76349614395887
			11.3967437874893	-2.76349614395887
			11.401028277635	-2.76349614395887
			11.4053127677806	-2.76349614395887
			11.4095972579263	-2.76349614395887
			11.413881748072	-2.76778063410454
			11.4181662382177	-2.76778063410454
			11.4224507283633	-2.76778063410454
			11.426735218509	-2.76778063410454
			11.4310197086547	-2.76778063410454
			11.4353041988003	-2.76778063410454
			11.439588688946	-2.76778063410454
			11.4438731790917	-2.76778063410454
			11.4481576692374	-2.76778063410454
			11.452442159383	-2.76778063410454
			11.4567266495287	-2.76778063410454
			11.4610111396744	-2.76778063410454
			11.4652956298201	-2.76778063410454
			11.4695801199657	-2.76778063410454
			11.4738646101114	-2.76778063410454
			11.4781491002571	-2.76778063410454
			11.4824335904027	-2.76778063410454
			11.4867180805484	-2.76778063410454
			11.4910025706941	-2.76778063410454
			11.4952870608398	-2.76778063410454
			11.4995715509854	-2.77206512425021
			11.5038560411311	-2.77206512425021
			11.5081405312768	-2.77206512425021
			11.5124250214225	-2.77206512425021
			11.5167095115681	-2.77206512425021
			11.5209940017138	-2.77206512425021
			11.5252784918595	-2.77206512425021
			11.5295629820051	-2.77206512425021
			11.5338474721508	-2.77206512425021
			11.5381319622965	-2.77206512425021
			11.5424164524422	-2.77206512425021
			11.5467009425878	-2.77206512425021
			11.5509854327335	-2.77206512425021
			11.5552699228792	-2.77206512425021
			11.5595544130249	-2.77206512425021
			11.5638389031705	-2.77206512425021
			11.5681233933162	-2.77206512425021
			11.5724078834619	-2.77206512425021
			11.5766923736075	-2.77206512425021
			11.5809768637532	-2.77206512425021
			11.5852613538989	-2.77206512425021
			11.5895458440446	-2.77634961439589
			11.5938303341902	-2.77634961439589
			11.5981148243359	-2.77634961439589
			11.6023993144816	-2.77634961439589
			11.6066838046273	-2.77634961439589
			11.6109682947729	-2.77634961439589
			11.6152527849186	-2.77634961439589
			11.6195372750643	-2.77634961439589
			11.6238217652099	-2.77634961439589
			11.6281062553556	-2.77634961439589
			11.6323907455013	-2.77634961439589
			11.636675235647	-2.77634961439589
			11.6409597257926	-2.77634961439589
			11.6452442159383	-2.77634961439589
			11.649528706084	-2.77634961439589
			11.6538131962296	-2.77634961439589
			11.6580976863753	-2.77634961439589
			11.662382176521	-2.77634961439589
			11.6666666666667	-2.77634961439589
			11.6709511568123	-2.77634961439589
			11.675235646958	-2.78063410454156
			11.6795201371037	-2.78063410454156
			11.6838046272494	-2.78063410454156
			11.688089117395	-2.78063410454156
			11.6923736075407	-2.78063410454156
			11.6966580976864	-2.78063410454156
			11.700942587832	-2.78063410454156
			11.7052270779777	-2.78063410454156
			11.7095115681234	-2.78063410454156
			11.7137960582691	-2.78063410454156
			11.7180805484147	-2.78063410454156
			11.7223650385604	-2.78063410454156
			11.7266495287061	-2.78063410454156
			11.7309340188518	-2.78063410454156
			11.7352185089974	-2.78063410454156
			11.7395029991431	-2.78063410454156
			11.7437874892888	-2.78063410454156
			11.7480719794344	-2.78063410454156
			11.7523564695801	-2.78063410454156
			11.7566409597258	-2.78063410454156
			11.7609254498715	-2.78063410454156
			11.7652099400171	-2.78491859468723
			11.7694944301628	-2.78491859468723
			11.7737789203085	-2.78491859468723
			11.7780634104542	-2.78491859468723
			11.7823479005998	-2.78491859468723
			11.7866323907455	-2.78491859468723
			11.7909168808912	-2.78491859468723
			11.7952013710368	-2.78491859468723
			11.7994858611825	-2.78491859468723
			11.8037703513282	-2.78491859468723
			11.8080548414739	-2.78491859468723
			11.8123393316195	-2.78491859468723
			11.8166238217652	-2.78491859468723
			11.8209083119109	-2.78491859468723
			11.8251928020566	-2.78491859468723
			11.8294772922022	-2.78491859468723
			11.8337617823479	-2.78491859468723
			11.8380462724936	-2.78491859468723
			11.8423307626392	-2.78491859468723
			11.8466152527849	-2.7892030848329
			11.8508997429306	-2.7892030848329
			11.8551842330763	-2.7892030848329
			11.8594687232219	-2.7892030848329
			11.8637532133676	-2.7892030848329
			11.8680377035133	-2.7892030848329
			11.872322193659	-2.7892030848329
			11.8766066838046	-2.7892030848329
			11.8808911739503	-2.7892030848329
			11.885175664096	-2.7892030848329
			11.8894601542416	-2.7892030848329
			11.8937446443873	-2.7892030848329
			11.898029134533	-2.7892030848329
			11.9023136246787	-2.7892030848329
			11.9065981148243	-2.7892030848329
			11.91088260497	-2.7892030848329
			11.9151670951157	-2.7892030848329
			11.9194515852614	-2.7892030848329
			11.923736075407	-2.7892030848329
			11.9280205655527	-2.7892030848329
			11.9323050556984	-2.7892030848329
			11.936589545844	-2.79348757497858
			11.9408740359897	-2.79348757497858
			11.9451585261354	-2.79348757497858
			11.9494430162811	-2.79348757497858
			11.9537275064267	-2.79348757497858
			11.9580119965724	-2.79348757497858
			11.9622964867181	-2.79348757497858
			11.9665809768638	-2.79348757497858
			11.9708654670094	-2.79348757497858
			11.9751499571551	-2.79348757497858
			11.9794344473008	-2.79348757497858
			11.9837189374464	-2.79348757497858
			11.9880034275921	-2.79348757497858
			11.9922879177378	-2.79348757497858
			11.9965724078835	-2.79348757497858
			12.0008568980291	-2.79348757497858
			12.0051413881748	-2.79348757497858
			12.0094258783205	-2.79348757497858
			12.0137103684662	-2.79348757497858
			12.0179948586118	-2.79348757497858
			12.0222793487575	-2.79777206512425
			12.0265638389032	-2.79777206512425
			12.0308483290488	-2.79777206512425
			12.0351328191945	-2.79777206512425
			12.0394173093402	-2.79777206512425
			12.0437017994859	-2.79777206512425
			12.0479862896315	-2.79777206512425
			12.0522707797772	-2.79777206512425
			12.0565552699229	-2.79777206512425
			12.0608397600686	-2.79777206512425
			12.0651242502142	-2.79777206512425
			12.0694087403599	-2.79777206512425
			12.0736932305056	-2.79777206512425
			12.0779777206512	-2.79777206512425
			12.0822622107969	-2.79777206512425
			12.0865467009426	-2.79777206512425
			12.0908311910883	-2.79777206512425
			12.0951156812339	-2.79777206512425
			12.0994001713796	-2.79777206512425
			12.1036846615253	-2.79777206512425
			12.107969151671	-2.80205655526992
			12.1122536418166	-2.80205655526992
			12.1165381319623	-2.80205655526992
			12.120822622108	-2.80205655526992
			12.1251071122536	-2.80205655526992
			12.1293916023993	-2.80205655526992
			12.133676092545	-2.80205655526992
			12.1379605826907	-2.80205655526992
			12.1422450728363	-2.80205655526992
			12.146529562982	-2.80205655526992
			12.1508140531277	-2.80205655526992
			12.1550985432734	-2.80205655526992
			12.159383033419	-2.80205655526992
			12.1636675235647	-2.80205655526992
			12.1679520137104	-2.80205655526992
			12.172236503856	-2.80205655526992
			12.1765209940017	-2.80205655526992
			12.1808054841474	-2.80205655526992
			12.1850899742931	-2.80205655526992
			12.1893744644387	-2.80205655526992
			12.1936589545844	-2.8063410454156
			12.1979434447301	-2.8063410454156
			12.2022279348758	-2.8063410454156
			12.2065124250214	-2.8063410454156
			12.2107969151671	-2.8063410454156
			12.2150814053128	-2.8063410454156
			12.2193658954584	-2.8063410454156
			12.2236503856041	-2.8063410454156
			12.2279348757498	-2.8063410454156
			12.2322193658955	-2.8063410454156
			12.2365038560411	-2.8063410454156
			12.2407883461868	-2.8063410454156
			12.2450728363325	-2.8063410454156
			12.2493573264781	-2.8063410454156
			12.2536418166238	-2.8063410454156
			12.2579263067695	-2.8063410454156
			12.2622107969152	-2.8063410454156
			12.2664952870608	-2.8063410454156
			12.2707797772065	-2.8063410454156
			12.2750642673522	-2.8063410454156
			12.2793487574979	-2.8063410454156
			12.2836332476435	-2.81062553556127
			12.2879177377892	-2.81062553556127
			12.2922022279349	-2.81062553556127
			12.2964867180805	-2.81062553556127
			12.3007712082262	-2.81062553556127
			12.3050556983719	-2.81062553556127
			12.3093401885176	-2.81062553556127
			12.3136246786632	-2.81062553556127
			12.3179091688089	-2.81062553556127
			12.3221936589546	-2.81062553556127
			12.3264781491003	-2.81062553556127
			12.3307626392459	-2.81062553556127
			12.3350471293916	-2.81062553556127
			12.3393316195373	-2.81062553556127
			12.3436161096829	-2.81062553556127
			12.3479005998286	-2.81062553556127
			12.3521850899743	-2.81062553556127
			12.35646958012	-2.81062553556127
			12.3607540702656	-2.81062553556127
			12.3650385604113	-2.81062553556127
			12.369323050557	-2.81491002570694
			12.3736075407027	-2.81491002570694
			12.3778920308483	-2.81491002570694
			12.382176520994	-2.81491002570694
			12.3864610111397	-2.81491002570694
			12.3907455012853	-2.81491002570694
			12.395029991431	-2.81491002570694
			12.3993144815767	-2.81491002570694
			12.4035989717224	-2.81491002570694
			12.407883461868	-2.81491002570694
			12.4121679520137	-2.81491002570694
			12.4164524421594	-2.81491002570694
			12.4207369323051	-2.81491002570694
			12.4250214224507	-2.81491002570694
			12.4293059125964	-2.81491002570694
			12.4335904027421	-2.81491002570694
			12.4378748928877	-2.81491002570694
			12.4421593830334	-2.81491002570694
			12.4464438731791	-2.81491002570694
			12.4507283633248	-2.81491002570694
			12.4550128534704	-2.81919451585261
			12.4592973436161	-2.81919451585261
			12.4635818337618	-2.81919451585261
			12.4678663239075	-2.81919451585261
			12.4721508140531	-2.81919451585261
			12.4764353041988	-2.81919451585261
			12.4807197943445	-2.81919451585261
			12.4850042844901	-2.81919451585261
			12.4892887746358	-2.81919451585261
			12.4935732647815	-2.81919451585261
			12.4978577549272	-2.81919451585261
			12.5021422450728	-2.81919451585261
			12.5064267352185	-2.81919451585261
			12.5107112253642	-2.81919451585261
			12.5149957155099	-2.81919451585261
			12.5192802056555	-2.81919451585261
			12.5235646958012	-2.81919451585261
			12.5278491859469	-2.81919451585261
			12.5321336760925	-2.81919451585261
			12.5364181662382	-2.81919451585261
			12.5407026563839	-2.82347900599829
			12.5449871465296	-2.82347900599829
			12.5492716366752	-2.82347900599829
			12.5535561268209	-2.82347900599829
			12.5578406169666	-2.82347900599829
			12.5621251071123	-2.82347900599829
			12.5664095972579	-2.82347900599829
			12.5706940874036	-2.82347900599829
			12.5749785775493	-2.82347900599829
			12.5792630676949	-2.82347900599829
			12.5835475578406	-2.82347900599829
			12.5878320479863	-2.82347900599829
			12.592116538132	-2.82347900599829
			12.5964010282776	-2.82347900599829
			12.6006855184233	-2.82347900599829
			12.604970008569	-2.82347900599829
			12.6092544987147	-2.82347900599829
			12.6135389888603	-2.82347900599829
			12.617823479006	-2.82347900599829
			12.6221079691517	-2.82347900599829
			12.6263924592973	-2.82776349614396
			12.630676949443	-2.82776349614396
			12.6349614395887	-2.82776349614396
			12.6392459297344	-2.82776349614396
			12.64353041988	-2.82776349614396
			12.6478149100257	-2.82776349614396
			12.6520994001714	-2.82776349614396
			12.6563838903171	-2.82776349614396
			12.6606683804627	-2.82776349614396
			12.6649528706084	-2.82776349614396
			12.6692373607541	-2.82776349614396
			12.6735218508997	-2.82776349614396
			12.6778063410454	-2.82776349614396
			12.6820908311911	-2.82776349614396
			12.6863753213368	-2.82776349614396
			12.6906598114824	-2.82776349614396
			12.6949443016281	-2.82776349614396
			12.6992287917738	-2.82776349614396
			12.7035132819195	-2.82776349614396
			12.7077977720651	-2.82776349614396
			12.7120822622108	-2.83204798628963
			12.7163667523565	-2.83204798628963
			12.7206512425021	-2.83204798628963
			12.7249357326478	-2.83204798628963
			12.7292202227935	-2.83204798628963
			12.7335047129392	-2.83204798628963
			12.7377892030848	-2.83204798628963
			12.7420736932305	-2.83204798628963
			12.7463581833762	-2.83204798628963
			12.7506426735219	-2.83204798628963
			12.7549271636675	-2.83204798628963
			12.7592116538132	-2.83204798628963
			12.7634961439589	-2.83204798628963
			12.7677806341045	-2.83204798628963
			12.7720651242502	-2.83204798628963
			12.7763496143959	-2.83204798628963
			12.7806341045416	-2.83204798628963
			12.7849185946872	-2.83204798628963
			12.7892030848329	-2.83204798628963
			12.7934875749786	-2.83204798628963
			12.7977720651243	-2.83204798628963
			12.8020565552699	-2.8363324764353
			12.8063410454156	-2.8363324764353
			12.8106255355613	-2.8363324764353
			12.8149100257069	-2.8363324764353
			12.8191945158526	-2.8363324764353
			12.8234790059983	-2.8363324764353
			12.827763496144	-2.8363324764353
			12.8320479862896	-2.8363324764353
			12.8363324764353	-2.8363324764353
			12.840616966581	-2.8363324764353
			12.8449014567266	-2.8363324764353
			12.8491859468723	-2.84061696658098
			12.853470437018	-2.84061696658098
			12.8577549271637	-2.84061696658098
			12.8620394173093	-2.84061696658098
			12.866323907455	-2.84061696658098
			12.8706083976007	-2.84061696658098
			12.8748928877464	-2.84061696658098
			12.879177377892	-2.84061696658098
			12.8834618680377	-2.84061696658098
			12.8877463581834	-2.84490145672665
			12.892030848329	-2.84490145672665
			12.8963153384747	-2.84490145672665
			12.9005998286204	-2.84490145672665
			12.9048843187661	-2.84490145672665
			12.9091688089117	-2.84490145672665
			12.9134532990574	-2.84490145672665
			12.9177377892031	-2.84918594687232
			12.9220222793488	-2.84918594687232
			12.9263067694944	-2.84918594687232
			12.9305912596401	-2.84918594687232
			12.9348757497858	-2.84918594687232
			12.9391602399314	-2.84918594687232
			12.9434447300771	-2.85347043701799
			12.9477292202228	-2.85347043701799
			12.9520137103685	-2.85347043701799
			12.9562982005141	-2.85347043701799
			12.9605826906598	-2.85347043701799
			12.9648671808055	-2.85775492716367
			12.9691516709512	-2.85775492716367
			12.9734361610968	-2.85775492716367
			12.9777206512425	-2.85775492716367
			12.9820051413882	-2.85775492716367
			12.9862896315338	-2.86203941730934
			12.9905741216795	-2.86203941730934
			12.9948586118252	-2.86203941730934
			12.9991431019709	-2.86203941730934
			12.9991431019709	-2.86632390745501
			13.0034275921165	-2.86632390745501
			13.0077120822622	-2.86632390745501
			13.0119965724079	-2.86632390745501
			13.0162810625536	-2.86632390745501
			13.0205655526992	-2.87060839760069
			13.0248500428449	-2.87060839760069
			13.0291345329906	-2.87060839760069
			13.0334190231362	-2.87489288774636
			13.0377035132819	-2.87489288774636
			13.0419880034276	-2.87489288774636
			13.0462724935733	-2.87917737789203
			13.0505569837189	-2.87917737789203
			13.0548414738646	-2.87917737789203
			13.0591259640103	-2.8834618680377
			13.063410454156	-2.8834618680377
			13.0676949443016	-2.8834618680377
			13.0719794344473	-2.88774635818338
			13.076263924593	-2.88774635818338
			13.0805484147386	-2.88774635818338
			13.0848329048843	-2.89203084832905
			13.08911739503	-2.89203084832905
			13.0934018851757	-2.89203084832905
			13.0976863753213	-2.89631533847472
			13.101970865467	-2.89631533847472
			13.1062553556127	-2.89631533847472
			13.1105398457584	-2.90059982862039
			13.114824335904	-2.90488431876607
			13.1191088260497	-2.90488431876607
			13.1233933161954	-2.90488431876607
			13.127677806341	-2.90916880891174
			13.1319622964867	-2.90916880891174
			13.1362467866324	-2.91345329905741
			13.1405312767781	-2.91345329905741
			13.1448157669237	-2.91345329905741
			13.1491002570694	-2.91773778920308
			13.1533847472151	-2.92202227934876
			13.1576692373608	-2.92202227934876
			13.1619537275064	-2.92630676949443
			13.1662382176521	-2.92630676949443
			13.1705227077978	-2.9305912596401
			13.1748071979434	-2.9305912596401
			13.1790916880891	-2.93487574978578
			13.1833761782348	-2.93487574978578
			13.1833761782348	-2.93916023993145
			13.1876606683805	-2.93916023993145
			13.1919451585261	-2.94344473007712
			13.1962296486718	-2.94344473007712
			13.2005141388175	-2.94772922022279
			13.2047986289632	-2.95201371036847
			13.2090831191088	-2.95201371036847
			13.2133676092545	-2.95629820051414
			13.2176520994002	-2.96058269065981
			13.2219365895458	-2.96058269065981
			13.2262210796915	-2.96486718080548
			13.2305055698372	-2.96915167095116
			13.2347900599829	-2.96915167095116
			13.2390745501285	-2.97343616109683
			13.2390745501285	-2.9777206512425
			13.2433590402742	-2.9777206512425
			13.2476435304199	-2.98200514138817
			13.2519280205656	-2.98628963153385
			13.2562125107112	-2.98628963153385
			13.2604970008569	-2.99057412167952
			13.2604970008569	-2.99485861182519
			13.2647814910026	-2.99914310197087
			13.2690659811482	-2.99914310197087
			13.2733504712939	-3.00342759211654
			13.2776349614396	-3.00771208226221
			13.2776349614396	-3.01199657240788
			13.2819194515853	-3.01199657240788
			13.2862039417309	-3.01628106255356
			13.2904884318766	-3.02056555269923
			13.2904884318766	-3.0248500428449
			13.2947729220223	-3.02913453299057
			13.299057412168	-3.02913453299057
			13.3033419023136	-3.03341902313625
			13.3033419023136	-3.03770351328192
			13.3076263924593	-3.04198800342759
			13.311910882605	-3.04627249357327
			13.311910882605	-3.05055698371894
			13.3161953727506	-3.05055698371894
			13.3204798628963	-3.05484147386461
			13.3204798628963	-3.05912596401028
			13.324764353042	-3.06341045415596
			13.3290488431877	-3.06769494430163
			13.3290488431877	-3.0719794344473
			13.3333333333333	-3.07626392459297
			13.337617823479	-3.08054841473865
			13.3419023136247	-3.08483290488432
			13.3419023136247	-3.08911739502999
			13.3461868037704	-3.09340188517566
			13.3461868037704	-3.09768637532134
			13.350471293916	-3.09768637532134
			13.350471293916	-3.10197086546701
			13.350471293916	-3.10625535561268
			13.3547557840617	-3.10625535561268
			13.3547557840617	-3.11053984575835
			13.3590402742074	-3.11482433590403
			13.3590402742074	-3.1191088260497
			13.363324764353	-3.12339331619537
			13.363324764353	-3.12767780634105
			13.3676092544987	-3.13196229648672
			13.3676092544987	-3.13624678663239
			13.3718937446444	-3.14053127677806
			13.3718937446444	-3.14481576692374
			13.3761782347901	-3.14910025706941
			13.3761782347901	-3.15338474721508
			13.3804627249357	-3.15766923736075
			13.3804627249357	-3.16195372750643
			13.3804627249357	-3.1662382176521
			13.3847472150814	-3.17052270779777
			13.3847472150814	-3.17480719794344
			13.3890317052271	-3.17909168808912
			13.3890317052271	-3.18337617823479
			13.3890317052271	-3.18766066838046
			13.3933161953728	-3.19194515852614
			13.3933161953728	-3.19622964867181
			13.3933161953728	-3.20051413881748
			13.3976006855184	-3.20479862896315
			13.3976006855184	-3.20908311910883
			13.3976006855184	-3.2133676092545
			13.4018851756641	-3.21765209940017
			13.4018851756641	-3.22193658954584
			13.4018851756641	-3.22622107969152
			13.4018851756641	-3.23050556983719
			13.4061696658098	-3.23479005998286
			13.4061696658098	-3.23907455012853
			13.4061696658098	-3.24335904027421
			13.4061696658098	-3.24764353041988
			13.4104541559554	-3.25192802056555
			13.4104541559554	-3.25621251071123
			13.4104541559554	-3.2604970008569
			13.4104541559554	-3.26478149100257
			13.4104541559554	-3.26906598114824
			13.4147386461011	-3.27335047129392
			13.4147386461011	-3.27763496143959
			13.4147386461011	-3.28191945158526
			13.4147386461011	-3.28620394173093
			13.4147386461011	-3.29048843187661
			13.4147386461011	-3.29477292202228
			13.4190231362468	-3.29905741216795
			13.4190231362468	-3.30334190231362
			13.4190231362468	-3.3076263924593
			13.4190231362468	-3.31191088260497
			13.4190231362468	-3.31619537275064
			13.4190231362468	-3.32047986289632
			13.4233076263925	-3.32476435304199
			13.4233076263925	-3.32904884318766
			13.4233076263925	-3.33333333333333
			13.4233076263925	-3.33761782347901
			13.4233076263925	-3.34190231362468
			13.4275921165381	-3.34618680377035
			13.4275921165381	-3.35047129391602
			13.4275921165381	-3.3547557840617
			13.4275921165381	-3.35904027420737
			13.4275921165381	-3.36332476435304
			13.4275921165381	-3.36760925449871
			13.4275921165381	-3.37189374464439
			13.4318766066838	-3.37617823479006
			13.4318766066838	-3.38046272493573
			13.4318766066838	-3.38474721508141
			13.4318766066838	-3.38903170522708
			13.4318766066838	-3.39331619537275
			13.4318766066838	-3.39760068551842
			13.4318766066838	-3.4018851756641
			13.4318766066838	-3.40616966580977
			13.4318766066838	-3.41045415595544
			13.4361610968295	-3.41473864610111
			13.4361610968295	-3.41902313624679
			13.4361610968295	-3.42330762639246
			13.4361610968295	-3.42759211653813
			13.4361610968295	-3.4318766066838
			13.4361610968295	-3.43616109682948
			13.4361610968295	-3.44044558697515
			13.4361610968295	-3.44473007712082
			13.4361610968295	-3.4490145672665
			13.4361610968295	-3.45329905741217
			13.4361610968295	-3.45758354755784
			13.4361610968295	-3.46186803770351
			13.4361610968295	-3.46615252784919
			13.4361610968295	-3.47043701799486
			13.4361610968295	-3.47472150814053
			13.4404455869751	-3.4790059982862
			13.4404455869751	-3.48329048843188
			13.4404455869751	-3.48757497857755
			13.4404455869751	-3.49185946872322
			13.4404455869751	-3.49614395886889
			13.4404455869751	-3.50042844901457
			13.4404455869751	-3.50471293916024
			13.4404455869751	-3.50899742930591
			13.4404455869751	-3.51328191945159
			13.4404455869751	-3.51756640959726
			13.4404455869751	-3.52185089974293
			13.4404455869751	-3.5261353898886
			13.4404455869751	-3.53041988003428
			13.4361610968295	-3.53470437017995
			13.4361610968295	-3.53898886032562
			13.4361610968295	-3.54327335047129
			13.4361610968295	-3.54755784061697
			13.4361610968295	-3.55184233076264
			13.4361610968295	-3.55612682090831
			13.4361610968295	-3.56041131105398
			13.4361610968295	-3.56469580119966
			13.4361610968295	-3.56898029134533
			13.4361610968295	-3.573264781491
			13.4361610968295	-3.57754927163668
			13.4361610968295	-3.58183376178235
			13.4361610968295	-3.58611825192802
			13.4361610968295	-3.59040274207369
			13.4361610968295	-3.59468723221937
			13.4361610968295	-3.59897172236504
			13.4318766066838	-3.60325621251071
			13.4318766066838	-3.60754070265638
			13.4318766066838	-3.61182519280206
			13.4318766066838	-3.61610968294773
			13.4318766066838	-3.6203941730934
			13.4318766066838	-3.62467866323907
			13.4318766066838	-3.62896315338475
			13.4318766066838	-3.63324764353042
			13.4275921165381	-3.63753213367609
			13.4275921165381	-3.64181662382177
			13.4275921165381	-3.64610111396744
			13.4275921165381	-3.65038560411311
			13.4275921165381	-3.65467009425878
			13.4275921165381	-3.65895458440446
			13.4275921165381	-3.66323907455013
			13.4275921165381	-3.6675235646958
			13.4233076263925	-3.67180805484147
			13.4233076263925	-3.67609254498715
			13.4233076263925	-3.68037703513282
			13.4233076263925	-3.68466152527849
			13.4233076263925	-3.68894601542416
			13.4190231362468	-3.69323050556984
			13.4190231362468	-3.69751499571551
			13.4190231362468	-3.70179948586118
			13.4190231362468	-3.70608397600686
			13.4190231362468	-3.71036846615253
			13.4147386461011	-3.7146529562982
			13.4147386461011	-3.71893744644387
			13.4147386461011	-3.72322193658955
			13.4147386461011	-3.72750642673522
			13.4104541559554	-3.73179091688089
			13.4104541559554	-3.73607540702656
			13.4104541559554	-3.74035989717224
			13.4104541559554	-3.74464438731791
			13.4104541559554	-3.74892887746358
			13.4061696658098	-3.75321336760925
			13.4061696658098	-3.75749785775493
			13.4061696658098	-3.7617823479006
			13.4061696658098	-3.76606683804627
			13.4018851756641	-3.77035132819195
			13.4018851756641	-3.77463581833762
			13.4018851756641	-3.77892030848329
			13.4018851756641	-3.78320479862896
			13.3976006855184	-3.78748928877464
			13.3976006855184	-3.79177377892031
			13.3976006855184	-3.79605826906598
			13.3976006855184	-3.80034275921165
			13.3933161953728	-3.80462724935733
			13.3933161953728	-3.808911739503
			13.3933161953728	-3.81319622964867
			13.3890317052271	-3.81748071979434
			13.3890317052271	-3.82176520994002
			13.3890317052271	-3.82604970008569
			13.3847472150814	-3.83033419023136
			13.3847472150814	-3.83461868037704
			13.3847472150814	-3.83890317052271
			13.3847472150814	-3.84318766066838
			13.3804627249357	-3.84318766066838
			13.3804627249357	-3.84747215081405
			13.3804627249357	-3.85175664095973
			13.3761782347901	-3.8560411311054
			13.3761782347901	-3.86032562125107
			13.3761782347901	-3.86461011139674
			13.3718937446444	-3.86889460154242
			13.3718937446444	-3.87317909168809
			13.3676092544987	-3.87746358183376
			13.3676092544987	-3.88174807197943
			13.3676092544987	-3.88603256212511
			13.363324764353	-3.89031705227078
			13.363324764353	-3.89460154241645
			13.363324764353	-3.89888603256213
			13.3590402742074	-3.9031705227078
			13.3590402742074	-3.90745501285347
			13.3590402742074	-3.91173950299914
			13.3547557840617	-3.91602399314482
			13.3547557840617	-3.92030848329049
			13.350471293916	-3.92459297343616
			13.350471293916	-3.92887746358183
			13.350471293916	-3.93316195372751
			13.3461868037704	-3.93744644387318
			13.3461868037704	-3.94173093401885
			13.3419023136247	-3.94601542416452
			13.3419023136247	-3.9502999143102
			13.337617823479	-3.95458440445587
			13.337617823479	-3.95886889460154
			13.3419023136247	-3.96315338474722
			13.3461868037704	-3.96743787489289
			13.350471293916	-3.96743787489289
			13.3547557840617	-3.97172236503856
			13.3590402742074	-3.97600685518423
			13.363324764353	-3.98029134532991
			13.3676092544987	-3.98457583547558
			13.3718937446444	-3.98886032562125
			13.3761782347901	-3.98886032562125
			13.3804627249357	-3.99314481576692
			13.3847472150814	-3.9974293059126
			13.3890317052271	-3.9974293059126
			13.3933161953728	-4.00171379605827
			13.3976006855184	-4.00599828620394
			13.3976006855184	-4.01028277634961
			13.4018851756641	-4.01028277634961
			13.4061696658098	-4.01456726649529
			13.4104541559554	-4.01885175664096
			13.4147386461011	-4.01885175664096
			13.4190231362468	-4.02313624678663
			13.4233076263925	-4.0274207369323
			13.4233076263925	-4.03170522707798
			13.4275921165381	-4.03170522707798
			13.4318766066838	-4.03598971722365
			13.4361610968295	-4.04027420736932
			13.4404455869751	-4.04027420736932
			13.4404455869751	-4.044558697515
			13.4447300771208	-4.04884318766067
			13.4490145672665	-4.04884318766067
			13.4532990574122	-4.05312767780634
			13.4575835475578	-4.05741216795201
			13.4575835475578	-4.06169665809769
			13.4618680377035	-4.06169665809769
			13.4661525278492	-4.06598114824336
			13.4704370179949	-4.07026563838903
			13.4747215081405	-4.0745501285347
			13.4790059982862	-4.07883461868038
			13.4832904884319	-4.08311910882605
			13.4875749785776	-4.08740359897172
			13.4918594687232	-4.09168808911739
			13.4961439588689	-4.09168808911739
			13.5004284490146	-4.09597257926307
			13.5004284490146	-4.10025706940874
			13.5047129391602	-4.10454155955441
			13.5089974293059	-4.10882604970009
			13.5132819194516	-4.11311053984576
			13.5175664095973	-4.11311053984576
			13.5218508997429	-4.11739502999143
			13.5218508997429	-4.1216795201371
			13.5261353898886	-4.12596401028278
			13.5304198800343	-4.13024850042845
			13.5347043701799	-4.13453299057412
			13.5389888603256	-4.13453299057412
			13.5432733504713	-4.13881748071979
			13.5432733504713	-4.14310197086547
			13.547557840617	-4.14738646101114
			13.5518423307626	-4.15167095115681
			13.5561268209083	-4.15595544130248
			13.560411311054	-4.16023993144816
			13.5646958011997	-4.16452442159383
			13.5689802913453	-4.1688089117395
			13.573264781491	-4.17309340188518
			13.5775492716367	-4.17737789203085
			13.5818337617823	-4.18166238217652
			13.5818337617823	-4.18594687232219
			13.586118251928	-4.19023136246787
			13.5904027420737	-4.19451585261354
			13.5946872322194	-4.19880034275921
			13.598971722365	-4.20308483290488
			13.6032562125107	-4.20736932305056
			13.6032562125107	-4.21165381319623
			13.6075407026564	-4.2159383033419
			13.6118251928021	-4.22022279348757
			13.6161096829477	-4.22450728363325
			13.6203941730934	-4.22879177377892
			13.6203941730934	-4.23307626392459
			13.6246786632391	-4.23736075407027
			13.6289631533847	-4.24164524421594
			13.6332476435304	-4.24592973436161
			13.6332476435304	-4.25021422450728
			13.6375321336761	-4.25449871465296
			13.6418166238218	-4.25878320479863
			13.6418166238218	-4.2630676949443
			13.6461011139674	-4.26735218508997
			13.6503856041131	-4.27163667523565
			13.6503856041131	-4.27592116538132
			13.6546700942588	-4.28020565552699
			13.6589545844045	-4.28449014567266
			13.6589545844045	-4.28877463581834
			13.6632390745501	-4.29305912596401
			13.6675235646958	-4.29734361610968
			13.6675235646958	-4.30162810625536
			13.6718080548415	-4.30591259640103
			13.6718080548415	-4.3101970865467
			13.6760925449871	-4.31448157669237
			13.6803770351328	-4.31876606683805
			13.6803770351328	-4.32305055698372
			13.6846615252785	-4.32733504712939
			13.6846615252785	-4.33161953727506
			13.6889460154242	-4.33590402742074
			13.6889460154242	-4.34018851756641
			13.6932305055698	-4.34447300771208
			13.6932305055698	-4.34875749785776
			13.6975149957155	-4.35304198800343
			13.6975149957155	-4.3573264781491
			13.7017994858612	-4.36161096829477
			13.7017994858612	-4.36589545844045
			13.7060839760069	-4.37017994858612
			13.7060839760069	-4.37446443873179
			13.7103684661525	-4.37874892887746
			13.7103684661525	-4.38303341902314
			13.7146529562982	-4.38731790916881
			13.7146529562982	-4.39160239931448
			13.7146529562982	-4.39588688946015
			13.7189374464439	-4.40017137960583
			13.7189374464439	-4.4044558697515
			13.7232219365895	-4.40874035989717
			13.7232219365895	-4.41302485004285
			13.7232219365895	-4.41730934018852
			13.7275064267352	-4.42159383033419
			13.7275064267352	-4.42587832047986
			13.7275064267352	-4.43016281062554
			13.7317909168809	-4.43444730077121
			13.7317909168809	-4.43873179091688
			13.7317909168809	-4.44301628106255
			13.7360754070266	-4.44730077120823
			13.7360754070266	-4.4515852613539
			13.7360754070266	-4.45586975149957
			13.7403598971722	-4.46015424164524
			13.7403598971722	-4.46443873179092
			13.7403598971722	-4.46872322193659
			13.7403598971722	-4.47300771208226
			13.7446443873179	-4.47729220222794
			13.7446443873179	-4.48157669237361
			13.7446443873179	-4.48586118251928
			13.7446443873179	-4.49014567266495
			13.7446443873179	-4.49443016281063
			13.7489288774636	-4.49443016281063
			13.7489288774636	-4.4987146529563
			13.7489288774636	-4.50299914310197
			13.7489288774636	-4.50728363324764
			13.7489288774636	-4.51156812339332
			13.7489288774636	-4.51585261353899
			13.7532133676093	-4.52013710368466
			13.7532133676093	-4.52442159383033
			13.7532133676093	-4.52870608397601
			13.7532133676093	-4.53299057412168
			13.7532133676093	-4.53727506426735
			13.7532133676093	-4.54155955441303
			13.7532133676093	-4.5458440445587
			13.7532133676093	-4.55012853470437
			13.7532133676093	-4.55441302485004
			13.7532133676093	-4.55869751499572
			13.7574978577549	-4.56298200514139
			13.7574978577549	-4.56726649528706
			13.7574978577549	-4.57155098543273
			13.7574978577549	-4.57583547557841
			13.7574978577549	-4.58011996572408
			13.7574978577549	-4.58440445586975
			13.7574978577549	-4.58868894601542
			13.7574978577549	-4.5929734361611
			13.7574978577549	-4.59725792630677
			13.7574978577549	-4.60154241645244
			13.7574978577549	-4.60582690659812
			13.7532133676093	-4.61011139674379
			13.7532133676093	-4.61439588688946
			13.7532133676093	-4.61868037703513
			13.7532133676093	-4.62296486718081
			13.7532133676093	-4.62724935732648
			13.7532133676093	-4.63153384747215
			13.7532133676093	-4.63581833761782
			13.7532133676093	-4.6401028277635
			13.7532133676093	-4.64438731790917
			13.7532133676093	-4.64867180805484
			13.7489288774636	-4.64867180805484
			13.7489288774636	-4.65295629820051
			13.7489288774636	-4.65724078834619
			13.7489288774636	-4.66152527849186
			13.7489288774636	-4.66580976863753
			13.7489288774636	-4.67009425878321
			13.7446443873179	-4.67437874892888
			13.7446443873179	-4.67866323907455
			13.7446443873179	-4.68294772922022
			13.7446443873179	-4.6872322193659
			13.7403598971722	-4.69151670951157
			13.7403598971722	-4.69580119965724
			13.7403598971722	-4.70008568980291
			13.7403598971722	-4.70437017994859
			13.7360754070266	-4.70865467009426
			13.7360754070266	-4.71293916023993
			13.7360754070266	-4.7172236503856
			13.7317909168809	-4.72150814053128
			13.7317909168809	-4.72579263067695
			13.7317909168809	-4.73007712082262
			13.7275064267352	-4.7343616109683
			13.7275064267352	-4.73864610111397
			13.7275064267352	-4.74293059125964
			13.7232219365895	-4.74721508140531
			13.7232219365895	-4.75149957155099
			13.7232219365895	-4.75578406169666
			13.7189374464439	-4.76006855184233
			13.7189374464439	-4.764353041988
			13.7146529562982	-4.76863753213368
			13.7146529562982	-4.77292202227935
			13.7146529562982	-4.77720651242502
			13.7103684661525	-4.78149100257069
			13.7103684661525	-4.78577549271637
			13.7060839760069	-4.79005998286204
			13.7060839760069	-4.79434447300771
			13.7017994858612	-4.79862896315338
			13.7017994858612	-4.80291345329906
			13.6975149957155	-4.80719794344473
			13.6975149957155	-4.8114824335904
			13.6932305055698	-4.81576692373608
			13.6932305055698	-4.82005141388175
			13.6889460154242	-4.82433590402742
			13.6846615252785	-4.82862039417309
			13.6846615252785	-4.83290488431877
			13.6803770351328	-4.83718937446444
			13.6760925449871	-4.84147386461011
			13.6760925449871	-4.84575835475578
			13.6718080548415	-4.85004284490146
			13.6718080548415	-4.85432733504713
			13.6675235646958	-4.85432733504713
			13.6675235646958	-4.8586118251928
			13.6632390745501	-4.86289631533847
			13.6632390745501	-4.86718080548415
			13.6589545844045	-4.87146529562982
			13.6546700942588	-4.87574978577549
			13.6503856041131	-4.88003427592117
			13.6503856041131	-4.88431876606684
			13.6461011139674	-4.88860325621251
			13.6461011139674	-4.89288774635818
			13.6418166238218	-4.89288774635818
			13.6375321336761	-4.89717223650386
			13.6375321336761	-4.90145672664953
			13.6332476435304	-4.9057412167952
			13.6289631533847	-4.91002570694087
			13.6289631533847	-4.91431019708655
			13.6246786632391	-4.91431019708655
			13.6203941730934	-4.91859468723222
			13.6203941730934	-4.92287917737789
			13.6161096829477	-4.92716366752356
			13.6118251928021	-4.93144815766924
			13.6118251928021	-4.93573264781491
			13.6075407026564	-4.93573264781491
			13.6032562125107	-4.94001713796058
			13.6032562125107	-4.94430162810626
			13.598971722365	-4.94858611825193
			13.5946872322194	-4.9528706083976
			13.5904027420737	-4.95715509854327
			13.586118251928	-4.96143958868895
			13.5818337617823	-4.96572407883462
			13.5775492716367	-4.97000856898029
			13.573264781491	-4.97429305912596
			13.5689802913453	-4.97857754927164
			13.5646958011997	-4.98286203941731
			13.560411311054	-4.98714652956298
			13.5561268209083	-4.99143101970865
			13.5518423307626	-4.99571550985433
			13.547557840617	-5
			13.5432733504713	-5.00428449014567
			13.5389888603256	-5.00856898029135
			13.5347043701799	-5.01285347043702
			13.5304198800343	-5.01713796058269
			13.5261353898886	-5.02142245072836
			13.5218508997429	-5.02570694087404
			13.5218508997429	-5.02999143101971
			13.5218508997429	-5.03427592116538
			13.5175664095973	-5.03856041131105
			13.5175664095973	-5.04284490145673
			13.5132819194516	-5.0471293916024
			13.5132819194516	-5.05141388174807
			13.5089974293059	-5.05569837189374
			13.5089974293059	-5.05998286203942
			13.5089974293059	-5.06426735218509
			13.5047129391602	-5.06855184233076
			13.5047129391602	-5.07283633247644
			13.5047129391602	-5.07712082262211
			13.5004284490146	-5.08140531276778
			13.5004284490146	-5.08568980291345
			13.5004284490146	-5.08997429305913
			13.4961439588689	-5.0942587832048
			13.4961439588689	-5.09854327335047
			13.4961439588689	-5.10282776349614
			13.4918594687232	-5.10711225364182
			13.4918594687232	-5.11139674378749
			13.4918594687232	-5.11568123393316
			13.4875749785776	-5.11996572407883
			13.4875749785776	-5.12425021422451
			13.4875749785776	-5.12853470437018
			13.4875749785776	-5.13281919451585
			13.4832904884319	-5.13710368466153
			13.4832904884319	-5.1413881748072
			13.4832904884319	-5.14567266495287
			13.4832904884319	-5.14995715509854
			13.4832904884319	-5.15424164524422
			13.4790059982862	-5.15852613538989
			13.4790059982862	-5.16281062553556
			13.4790059982862	-5.16709511568123
			13.4790059982862	-5.17137960582691
			13.4790059982862	-5.17566409597258
			13.4790059982862	-5.17994858611825
			13.4790059982862	-5.18423307626392
			13.4747215081405	-5.1885175664096
			13.4747215081405	-5.19280205655527
			13.4747215081405	-5.19708654670094
			13.4747215081405	-5.20137103684662
			13.4747215081405	-5.20565552699229
			13.4747215081405	-5.20994001713796
			13.4747215081405	-5.21422450728363
			13.4747215081405	-5.21850899742931
			13.4747215081405	-5.22279348757498
			13.4747215081405	-5.22707797772065
			13.4747215081405	-5.23136246786632
			13.4747215081405	-5.235646958012
			13.4747215081405	-5.23993144815767
			13.4704370179949	-5.23993144815767
			13.4704370179949	-5.24421593830334
			13.4704370179949	-5.24850042844901
			13.4704370179949	-5.25278491859469
			13.4704370179949	-5.25706940874036
			13.4747215081405	-5.25706940874036
			13.4747215081405	-5.26135389888603
			13.4747215081405	-5.26563838903171
			13.4747215081405	-5.26992287917738
			13.4747215081405	-5.27420736932305
			13.4747215081405	-5.27849185946872
			13.4747215081405	-5.2827763496144
			13.4747215081405	-5.28706083976007
			13.4747215081405	-5.29134532990574
			13.4747215081405	-5.29562982005141
			13.4747215081405	-5.29991431019709
			13.4747215081405	-5.30419880034276
			13.4747215081405	-5.30848329048843
			13.4790059982862	-5.3127677806341
			13.4790059982862	-5.31705227077978
			13.4790059982862	-5.32133676092545
			13.4790059982862	-5.32562125107112
			13.4790059982862	-5.3299057412168
			13.4790059982862	-5.33419023136247
			13.4790059982862	-5.33847472150814
			13.4832904884319	-5.34275921165381
			13.4832904884319	-5.34704370179949
			13.4832904884319	-5.35132819194516
			13.4832904884319	-5.35561268209083
			13.4875749785776	-5.3598971722365
			13.4875749785776	-5.36418166238218
			13.4875749785776	-5.36846615252785
			13.4875749785776	-5.37275064267352
			13.4918594687232	-5.37703513281919
			13.4918594687232	-5.38131962296487
			13.4918594687232	-5.38560411311054
			13.4961439588689	-5.38988860325621
			13.4961439588689	-5.39417309340189
			13.4961439588689	-5.39845758354756
			13.5004284490146	-5.40274207369323
			13.5004284490146	-5.4070265638389
			13.5004284490146	-5.41131105398458
			13.5047129391602	-5.41559554413025
			13.5047129391602	-5.41988003427592
			13.5047129391602	-5.42416452442159
			13.5089974293059	-5.42844901456727
			13.5089974293059	-5.43273350471294
			13.5132819194516	-5.43701799485861
			13.5132819194516	-5.44130248500429
			13.5132819194516	-5.44558697514996
			13.5175664095973	-5.44987146529563
			13.5175664095973	-5.4541559554413
			13.5218508997429	-5.45844044558698
			13.5218508997429	-5.46272493573265
			13.5261353898886	-5.46700942587832
			13.5261353898886	-5.47129391602399
			13.5304198800343	-5.47557840616967
			13.5304198800343	-5.47986289631534
			13.5347043701799	-5.48414738646101
			13.5347043701799	-5.48843187660668
			13.5389888603256	-5.49271636675236
			13.5389888603256	-5.49700085689803
			13.5432733504713	-5.5012853470437
			13.5432733504713	-5.50556983718937
			13.547557840617	-5.50985432733505
			13.547557840617	-5.51413881748072
			13.5518423307626	-5.51413881748072
			13.5561268209083	-5.51842330762639
			13.5561268209083	-5.52270779777206
			13.560411311054	-5.52699228791774
			13.560411311054	-5.53127677806341
			13.5646958011997	-5.53556126820908
			13.5689802913453	-5.53984575835476
			13.5689802913453	-5.54413024850043
			13.573264781491	-5.5484147386461
			13.5775492716367	-5.55269922879177
			13.5775492716367	-5.55698371893745
			13.5818337617823	-5.56126820908312
			13.586118251928	-5.56555269922879
			13.586118251928	-5.56983718937446
			13.5904027420737	-5.57412167952014
			13.5946872322194	-5.57840616966581
			13.598971722365	-5.58269065981148
			13.598971722365	-5.58697514995715
			13.6032562125107	-5.59125964010283
			13.6075407026564	-5.5955441302485
			13.6118251928021	-5.59982862039417
			13.6118251928021	-5.60411311053985
			13.6161096829477	-5.60839760068552
			13.6203941730934	-5.61268209083119
			13.6246786632391	-5.61696658097686
			13.6246786632391	-5.62125107112254
			13.6289631533847	-5.62553556126821
			13.6332476435304	-5.62553556126821
			13.6375321336761	-5.62982005141388
			13.6418166238218	-5.63410454155955
			13.6461011139674	-5.63838903170523
			13.6461011139674	-5.6426735218509
			13.6503856041131	-5.64695801199657
			13.6546700942588	-5.65124250214224
			13.6589545844045	-5.65552699228792
			13.6632390745501	-5.65981148243359
			13.6675235646958	-5.66409597257926
			13.6718080548415	-5.66838046272494
			13.6760925449871	-5.67266495287061
			13.6803770351328	-5.67694944301628
			13.6846615252785	-5.68123393316195
			13.6889460154242	-5.68551842330763
			13.6932305055698	-5.6898029134533
			13.6975149957155	-5.69408740359897
			13.7017994858612	-5.69837189374464
			13.7060839760069	-5.70265638389032
			13.7103684661525	-5.70694087403599
			13.7146529562982	-5.71122536418166
			13.7189374464439	-5.71122536418166
			13.7232219365895	-5.71550985432734
			13.7275064267352	-5.71979434447301
			13.7317909168809	-5.72407883461868
			13.7360754070266	-5.72836332476435
			13.7403598971722	-5.73264781491003
			13.7446443873179	-5.7369323050557
			13.7489288774636	-5.74121679520137
			13.7532133676093	-5.74550128534704
			13.7574978577549	-5.74978577549272
			13.7617823479006	-5.75407026563839
			13.7660668380463	-5.75835475578406
			13.7703513281919	-5.76263924592973
			13.7746358183376	-5.76263924592973
			13.7789203084833	-5.76692373607541
			13.783204798629	-5.77120822622108
			13.7874892887746	-5.77549271636675
			13.7917737789203	-5.77549271636675
			13.796058269066	-5.77977720651243
			13.8003427592117	-5.7840616966581
			13.8046272493573	-5.78834618680377
			13.808911739503	-5.79263067694944
			13.8131962296487	-5.79691516709512
			13.8174807197943	-5.80119965724079
			13.82176520994	-5.80119965724079
			13.8260497000857	-5.80548414738646
			13.8303341902314	-5.80976863753213
			13.834618680377	-5.80976863753213
			13.834618680377	-5.81405312767781
			13.8389031705227	-5.81405312767781
			13.8431876606684	-5.81833761782348
			13.8474721508141	-5.82262210796915
			13.8517566409597	-5.82262210796915
			13.8560411311054	-5.82690659811482
			13.8603256212511	-5.8311910882605
			13.8646101113967	-5.8311910882605
			13.8688946015424	-5.83547557840617
			13.8731790916881	-5.83976006855184
			13.8774635818338	-5.84404455869752
			13.8817480719794	-5.84404455869752
			13.8860325621251	-5.84832904884319
			13.8903170522708	-5.85261353898886
			13.8946015424165	-5.85261353898886
			13.8988860325621	-5.85689802913453
			13.9031705227078	-5.86118251928021
			13.9074550128535	-5.86546700942588
			13.9117395029991	-5.86546700942588
			13.9160239931448	-5.86975149957155
			13.9203084832905	-5.87403598971722
			13.9245929734362	-5.87403598971722
			13.9288774635818	-5.8783204798629
			13.9331619537275	-5.88260497000857
			13.9374464438732	-5.88260497000857
			13.9417309340189	-5.88688946015424
			13.9460154241645	-5.89117395029991
			13.9502999143102	-5.89117395029991
			13.9545844044559	-5.89545844044559
			13.9588688946015	-5.89545844044559
			13.9631533847472	-5.89974293059126
			13.9674378748929	-5.90402742073693
			13.9717223650386	-5.90402742073693
			13.9760068551842	-5.90831191088261
			13.9802913453299	-5.91259640102828
			13.9845758354756	-5.91259640102828
			13.9888603256213	-5.91688089117395
			13.9931448157669	-5.92116538131962
			13.9974293059126	-5.92116538131962
			14.0017137960583	-5.9254498714653
			14.0059982862039	-5.9254498714653
			14.0102827763496	-5.92973436161097
			14.0145672664953	-5.92973436161097
			14.018851756641	-5.93401885175664
			14.0231362467866	-5.93830334190231
			14.0274207369323	-5.93830334190231
			14.031705227078	-5.94258783204799
			14.0359897172237	-5.94258783204799
			14.0402742073693	-5.94687232219366
			14.044558697515	-5.95115681233933
			14.0488431876607	-5.95115681233933
			14.0531276778063	-5.955441302485
			14.057412167952	-5.955441302485
			14.0616966580977	-5.95972579263068
			14.0659811482434	-5.96401028277635
			14.070265638389	-5.96401028277635
			14.0745501285347	-5.96829477292202
			14.0788346186804	-5.96829477292202
			14.0831191088261	-5.9725792630677
			14.0874035989717	-5.97686375321337
			14.0916880891174	-5.97686375321337
			14.0959725792631	-5.98114824335904
			14.1002570694087	-5.98114824335904
			14.1045415595544	-5.98543273350471
			14.1088260497001	-5.98543273350471
			14.1131105398458	-5.98971722365039
			14.1173950299914	-5.98971722365039
			14.1216795201371	-5.99400171379606
			14.1259640102828	-5.99400171379606
			14.1302485004284	-5.99828620394173
			14.1345329905741	-5.99828620394173
			14.1345329905741	-6.0025706940874
			14.1388174807198	-6.0025706940874
			14.1431019708655	-6.00685518423308
			14.1473864610111	-6.00685518423308
			14.1516709511568	-6.00685518423308
			14.1516709511568	-6.01113967437875
			14.1559554413025	-6.01113967437875
			14.1602399314482	-6.01542416452442
			14.1645244215938	-6.01542416452442
			14.1688089117395	-6.01970865467009
			14.1730934018852	-6.01970865467009
			14.1773778920308	-6.02399314481577
			14.1816623821765	-6.02399314481577
			14.1859468723222	-6.02827763496144
			14.1902313624679	-6.02827763496144
			14.1945158526135	-6.03256212510711
			14.1988003427592	-6.03256212510711
			14.2030848329049	-6.03684661525279
			14.2073693230506	-6.03684661525279
			14.2116538131962	-6.04113110539846
			14.2159383033419	-6.04113110539846
			14.2202227934876	-6.04541559554413
			14.2245072836332	-6.04541559554413
			14.2287917737789	-6.04541559554413
			14.2330762639246	-6.04541559554413
			14.2373607540703	-6.0497000856898
			14.2416452442159	-6.0497000856898
			14.2459297343616	-6.0497000856898
			14.2502142245073	-6.0497000856898
			14.254498714653	-6.05398457583548
			14.2587832047986	-6.05398457583548
			14.2630676949443	-6.05398457583548
			14.26735218509	-6.05398457583548
			14.2716366752356	-6.05826906598115
			14.2759211653813	-6.05826906598115
			14.280205655527	-6.05826906598115
			14.2844901456727	-6.05826906598115
			14.2887746358183	-6.06255355612682
			14.293059125964	-6.06255355612682
			14.2973436161097	-6.06255355612682
			14.3016281062554	-6.06683804627249
			14.305912596401	-6.06683804627249
			14.3101970865467	-6.06683804627249
			14.3144815766924	-6.06683804627249
			14.318766066838	-6.07112253641817
			14.3230505569837	-6.07112253641817
			14.3273350471294	-6.07112253641817
			14.3316195372751	-6.07540702656384
			14.3359040274207	-6.07540702656384
			14.3401885175664	-6.07540702656384
			14.3444730077121	-6.07540702656384
			14.3487574978578	-6.07969151670951
			14.3530419880034	-6.07969151670951
			14.3573264781491	-6.07969151670951
			14.3616109682948	-6.08397600685518
			14.3658954584404	-6.08397600685518
			14.3701799485861	-6.08397600685518
			14.3744644387318	-6.08397600685518
			14.3744644387318	-6.08826049700086
			14.3787489288775	-6.08826049700086
			14.3830334190231	-6.08826049700086
			14.3873179091688	-6.09254498714653
			14.3916023993145	-6.09254498714653
			14.3958868894602	-6.09254498714653
			14.4001713796058	-6.09254498714653
			14.4044558697515	-6.0968294772922
			14.4087403598972	-6.0968294772922
			14.4130248500428	-6.10111396743788
			14.4173093401885	-6.10111396743788
			14.4215938303342	-6.10111396743788
			14.4258783204799	-6.10539845758355
			14.4301628106255	-6.10539845758355
			14.4344473007712	-6.10539845758355
			14.4387317909169	-6.10968294772922
			14.4430162810626	-6.10968294772922
			14.4473007712082	-6.10968294772922
			14.4515852613539	-6.11396743787489
			14.4558697514996	-6.11396743787489
			14.4601542416452	-6.11396743787489
			14.4644387317909	-6.11825192802057
			14.4687232219366	-6.11825192802057
			14.4730077120823	-6.11825192802057
			14.4772922022279	-6.12253641816624
			14.4815766923736	-6.12253641816624
			14.4858611825193	-6.12253641816624
			14.490145672665	-6.12682090831191
			14.4944301628106	-6.12682090831191
			14.4987146529563	-6.13110539845758
			14.502999143102	-6.13110539845758
			14.5072836332476	-6.13538988860326
			14.5115681233933	-6.13538988860326
			14.515852613539	-6.13538988860326
			14.5201371036847	-6.13967437874893
			14.5244215938303	-6.13967437874893
			14.528706083976	-6.1439588688946
			14.5329905741217	-6.1439588688946
			14.5372750642674	-6.1439588688946
			14.541559554413	-6.14824335904027
			14.5458440445587	-6.14824335904027
			14.5501285347044	-6.15252784918595
			14.55441302485	-6.15252784918595
			14.5586975149957	-6.15252784918595
			14.5629820051414	-6.15681233933162
			14.5672664952871	-6.15681233933162
			14.5715509854327	-6.15681233933162
			14.5758354755784	-6.16109682947729
			14.5801199657241	-6.16538131962297
			14.5844044558698	-6.16538131962297
			14.5886889460154	-6.16966580976864
			14.5929734361611	-6.16966580976864
			14.5972579263068	-6.17395029991431
			14.6015424164524	-6.17395029991431
			14.6058269065981	-6.17395029991431
			14.6101113967438	-6.17823479005998
			14.6143958868895	-6.17823479005998
			14.6186803770351	-6.18251928020566
			14.6229648671808	-6.18251928020566
			14.6272493573265	-6.18680377035133
			14.6315338474722	-6.18680377035133
			14.6358183376178	-6.191088260497
			14.6401028277635	-6.191088260497
			14.6443873179092	-6.19537275064267
			14.6486718080548	-6.19537275064267
			14.6529562982005	-6.19965724078835
			14.6572407883462	-6.19965724078835
			14.6615252784919	-6.20394173093402
			14.6658097686375	-6.20394173093402
			14.6658097686375	-6.20822622107969
			14.6700942587832	-6.20822622107969
			14.6743787489289	-6.20822622107969
			14.6786632390746	-6.21251071122536
			14.6829477292202	-6.21251071122536
			14.6829477292202	-6.21679520137104
			14.6872322193659	-6.21679520137104
			14.6915167095116	-6.22107969151671
			14.6958011996572	-6.22107969151671
			14.7000856898029	-6.22536418166238
			14.7043701799486	-6.22536418166238
			14.7086546700943	-6.22964867180805
			14.7129391602399	-6.23393316195373
			14.7172236503856	-6.23393316195373
			14.7215081405313	-6.2382176520994
			14.7257926306769	-6.2382176520994
			14.7300771208226	-6.24250214224507
			14.7343616109683	-6.24250214224507
			14.7343616109683	-6.24678663239075
			14.738646101114	-6.24678663239075
			14.7429305912596	-6.25107112253642
			14.7472150814053	-6.25535561268209
			14.751499571551	-6.25535561268209
			14.7557840616967	-6.25964010282776
			14.7600685518423	-6.25964010282776
			14.764353041988	-6.26392459297344
			14.7686375321337	-6.26820908311911
			14.7729220222793	-6.27249357326478
			14.777206512425	-6.27249357326478
			14.7814910025707	-6.27677806341045
			14.7857754927164	-6.28106255355613
			14.790059982862	-6.2853470437018
			14.7943444730077	-6.2853470437018
			14.7986289631534	-6.28963153384747
			14.8029134532991	-6.29391602399314
			14.8071979434447	-6.29391602399314
			14.8114824335904	-6.29820051413882
			14.8157669237361	-6.30248500428449
			14.8200514138817	-6.30676949443016
			14.8243359040274	-6.31105398457584
			14.8286203941731	-6.31533847472151
			14.8329048843188	-6.31962296486718
			14.8371893744644	-6.32390745501285
			14.8414738646101	-6.32819194515853
			14.8457583547558	-6.3324764353042
			14.8500428449015	-6.3324764353042
			14.8543273350471	-6.33676092544987
			14.8586118251928	-6.34104541559554
			14.8628963153385	-6.34532990574122
			14.8671808054841	-6.34961439588689
			14.8714652956298	-6.35389888603256
			14.8757497857755	-6.35818337617823
			14.8800342759212	-6.36246786632391
			14.8843187660668	-6.36675235646958
			14.8886032562125	-6.37103684661525
			14.8928877463582	-6.37532133676093
			14.8971722365039	-6.3796058269066
			14.8971722365039	-6.38389031705227
			14.9014567266495	-6.38817480719794
			14.9057412167952	-6.38817480719794
			14.9100257069409	-6.39245929734362
			14.9143101970865	-6.39674378748929
			14.9143101970865	-6.40102827763496
			14.9185946872322	-6.40531276778063
			14.9228791773779	-6.40959725792631
			14.9271636675236	-6.41388174807198
			14.9271636675236	-6.41816623821765
			14.9314481576692	-6.42245072836332
			14.9357326478149	-6.426735218509
			14.9357326478149	-6.43101970865467
			14.9400171379606	-6.43530419880034
			14.9443016281063	-6.43958868894602
			14.9443016281063	-6.44387317909169
			14.9485861182519	-6.44815766923736
			14.9528706083976	-6.45244215938303
			14.9528706083976	-6.45672664952871
			14.9571550985433	-6.46101113967438
			14.9614395886889	-6.46529562982005
			14.9614395886889	-6.46958011996572
			14.9657240788346	-6.4738646101114
			14.9657240788346	-6.47814910025707
			14.9700085689803	-6.48243359040274
			14.9700085689803	-6.48671808054841
			14.974293059126	-6.49100257069409
			14.974293059126	-6.49528706083976
			14.9785775492716	-6.49957155098543
			14.9785775492716	-6.50385604113111
			14.9785775492716	-6.50814053127678
			14.9828620394173	-6.50814053127678
			14.9828620394173	-6.51242502142245
			14.9828620394173	-6.51670951156812
			14.987146529563	-6.5209940017138
			14.987146529563	-6.52527849185947
			14.9914310197087	-6.52956298200514
			14.9914310197087	-6.53384747215081
			14.9914310197087	-6.53813196229649
			14.9957155098543	-6.54241645244216
			14.9957155098543	-6.54670094258783
			14.9957155098543	-6.5509854327335
			15	-6.55526992287918
			15	-6.55955441302485
			15	-6.56383890317052
			15	-6.5681233933162
			15.0042844901457	-6.57240788346187
			15.0042844901457	-6.57669237360754
			15.0042844901457	-6.58097686375321
			15.0042844901457	-6.58526135389889
			15.0085689802913	-6.58954584404456
			15.0085689802913	-6.59383033419023
			15.0085689802913	-6.5981148243359
			15.0085689802913	-6.60239931448158
			15.012853470437	-6.60668380462725
			15.012853470437	-6.61096829477292
			15.012853470437	-6.61525278491859
			15.012853470437	-6.61953727506427
			15.012853470437	-6.62382176520994
			15.012853470437	-6.62810625535561
			15.0171379605827	-6.63239074550129
			15.0171379605827	-6.63667523564696
			15.0171379605827	-6.64095972579263
			15.0171379605827	-6.6452442159383
			15.0171379605827	-6.64952870608398
			15.0171379605827	-6.65381319622965
			15.0171379605827	-6.65809768637532
			15.0171379605827	-6.66238217652099
			15.0171379605827	-6.66666666666667
			15.0171379605827	-6.67095115681234
			15.0171379605827	-6.67523564695801
			15.0171379605827	-6.67952013710368
			15.0171379605827	-6.68380462724936
			15.0171379605827	-6.68808911739503
			15.0214224507284	-6.68808911739503
			15.0214224507284	-6.6923736075407
			15.0214224507284	-6.69665809768638
			15.0214224507284	-6.70094258783205
			15.0214224507284	-6.70522707797772
			15.0171379605827	-6.70522707797772
			15.0171379605827	-6.70951156812339
			15.0171379605827	-6.71379605826907
			15.0171379605827	-6.71808054841474
			15.0171379605827	-6.72236503856041
			15.0171379605827	-6.72664952870608
			15.0171379605827	-6.73093401885176
			15.0171379605827	-6.73521850899743
			15.0171379605827	-6.7395029991431
			15.0171379605827	-6.74378748928878
			15.0171379605827	-6.74807197943445
			15.0171379605827	-6.75235646958012
			15.0171379605827	-6.75664095972579
			15.0171379605827	-6.76092544987147
			15.012853470437	-6.76520994001714
			15.012853470437	-6.76949443016281
			15.012853470437	-6.77377892030848
			15.012853470437	-6.77806341045416
			15.012853470437	-6.78234790059983
			15.012853470437	-6.7866323907455
			15.012853470437	-6.79091688089117
			15.0085689802913	-6.79520137103685
			15.0085689802913	-6.79948586118252
			15.0085689802913	-6.80377035132819
			15.0085689802913	-6.80805484147387
			15.0085689802913	-6.81233933161954
			15.0042844901457	-6.81662382176521
			15.0042844901457	-6.82090831191088
			15.0042844901457	-6.82519280205656
			15.0042844901457	-6.82947729220223
			15.0042844901457	-6.8337617823479
			15	-6.83804627249357
			15	-6.84233076263925
			15	-6.84661525278492
			15	-6.85089974293059
			14.9957155098543	-6.85518423307626
			14.9957155098543	-6.85946872322194
			14.9957155098543	-6.86375321336761
			14.9914310197087	-6.86803770351328
			14.9914310197087	-6.87232219365896
			14.9914310197087	-6.87660668380463
			14.987146529563	-6.8808911739503
			14.987146529563	-6.88517566409597
			14.987146529563	-6.88946015424165
			14.9828620394173	-6.89374464438732
			14.9828620394173	-6.89802913453299
			14.9828620394173	-6.90231362467866
			14.9828620394173	-6.90659811482434
			14.9785775492716	-6.90659811482434
			14.9785775492716	-6.91088260497001
			14.9785775492716	-6.91516709511568
			14.9785775492716	-6.91945158526135
			14.974293059126	-6.92373607540703
			14.974293059126	-6.9280205655527
			14.9700085689803	-6.93230505569837
			14.9700085689803	-6.93658954584405
			14.9700085689803	-6.94087403598972
			14.9657240788346	-6.94515852613539
			14.9657240788346	-6.94944301628106
			14.9614395886889	-6.95372750642673
			14.9614395886889	-6.95801199657241
		</suture>
		<anterior type=matrix rownames=FALSE colnames=FALSE nrow=1792 ncol=2 as.numeric=TRUE >
			11.1053984575835	-2.75064267352185
			11.1096829477292	-2.75064267352185
			11.1139674378749	-2.75064267352185
			11.1182519280206	-2.75064267352185
			11.1225364181662	-2.75064267352185
			11.1268209083119	-2.75064267352185
			11.1311053984576	-2.75064267352185
			11.1353898886033	-2.75064267352185
			11.1396743787489	-2.75064267352185
			11.1439588688946	-2.75064267352185
			11.1482433590403	-2.75492716366752
			11.1525278491859	-2.75492716366752
			11.1568123393316	-2.75492716366752
			11.1610968294773	-2.75492716366752
			11.165381319623	-2.75492716366752
			11.1696658097686	-2.75492716366752
			11.1739502999143	-2.75492716366752
			11.17823479006	-2.75492716366752
			11.1825192802057	-2.75492716366752
			11.1868037703513	-2.75492716366752
			11.191088260497	-2.75492716366752
			11.1953727506427	-2.75492716366752
			11.1996572407883	-2.75492716366752
			11.203941730934	-2.75492716366752
			11.2082262210797	-2.75492716366752
			11.2125107112254	-2.75492716366752
			11.216795201371	-2.75492716366752
			11.2210796915167	-2.75492716366752
			11.2253641816624	-2.75492716366752
			11.2296486718081	-2.75492716366752
			11.2339331619537	-2.75492716366752
			11.2382176520994	-2.75492716366752
			11.2425021422451	-2.75492716366752
			11.2467866323907	-2.7592116538132
			11.2510711225364	-2.7592116538132
			11.2553556126821	-2.7592116538132
			11.2596401028278	-2.7592116538132
			11.2639245929734	-2.7592116538132
			11.2682090831191	-2.7592116538132
			11.2724935732648	-2.7592116538132
			11.2767780634105	-2.7592116538132
			11.2810625535561	-2.7592116538132
			11.2853470437018	-2.7592116538132
			11.2896315338475	-2.7592116538132
			11.2939160239931	-2.7592116538132
			11.2982005141388	-2.7592116538132
			11.3024850042845	-2.7592116538132
			11.3067694944302	-2.7592116538132
			11.3110539845758	-2.7592116538132
			11.3153384747215	-2.7592116538132
			11.3196229648672	-2.7592116538132
			11.3239074550129	-2.7592116538132
			11.3281919451585	-2.7592116538132
			11.3324764353042	-2.7592116538132
			11.3367609254499	-2.7592116538132
			11.3410454155955	-2.76349614395887
			11.3453299057412	-2.76349614395887
			11.3496143958869	-2.76349614395887
			11.3538988860326	-2.76349614395887
			11.3581833761782	-2.76349614395887
			11.3624678663239	-2.76349614395887
			11.3667523564696	-2.76349614395887
			11.3710368466153	-2.76349614395887
			11.3753213367609	-2.76349614395887
			11.3796058269066	-2.76349614395887
			11.3838903170523	-2.76349614395887
			11.3881748071979	-2.76349614395887
			11.3924592973436	-2.76349614395887
			11.3967437874893	-2.76349614395887
			11.401028277635	-2.76349614395887
			11.4053127677806	-2.76349614395887
			11.4095972579263	-2.76349614395887
			11.413881748072	-2.76349614395887
			11.4181662382177	-2.76349614395887
			11.4224507283633	-2.76349614395887
			11.426735218509	-2.76349614395887
			11.4310197086547	-2.76349614395887
			11.4353041988003	-2.76349614395887
			11.439588688946	-2.76349614395887
			11.4438731790917	-2.76778063410454
			11.4481576692374	-2.76778063410454
			11.452442159383	-2.76778063410454
			11.4567266495287	-2.76778063410454
			11.4610111396744	-2.76778063410454
			11.4652956298201	-2.76778063410454
			11.4695801199657	-2.76778063410454
			11.4738646101114	-2.76778063410454
			11.4781491002571	-2.76778063410454
			11.4824335904027	-2.76778063410454
			11.4867180805484	-2.76778063410454
			11.4910025706941	-2.76778063410454
			11.4952870608398	-2.76778063410454
			11.4995715509854	-2.76778063410454
			11.5038560411311	-2.76778063410454
			11.5081405312768	-2.76778063410454
			11.5124250214225	-2.76778063410454
			11.5167095115681	-2.76778063410454
			11.5209940017138	-2.76778063410454
			11.5252784918595	-2.76778063410454
			11.5295629820051	-2.76778063410454
			11.5338474721508	-2.76778063410454
			11.5381319622965	-2.76778063410454
			11.5424164524422	-2.76778063410454
			11.5467009425878	-2.77206512425021
			11.5509854327335	-2.77206512425021
			11.5552699228792	-2.77206512425021
			11.5595544130249	-2.77206512425021
			11.5638389031705	-2.77206512425021
			11.5681233933162	-2.77206512425021
			11.5724078834619	-2.77206512425021
			11.5766923736075	-2.77206512425021
			11.5809768637532	-2.77206512425021
			11.5852613538989	-2.77206512425021
			11.5895458440446	-2.77206512425021
			11.5938303341902	-2.77206512425021
			11.5981148243359	-2.77206512425021
			11.6023993144816	-2.77206512425021
			11.6066838046273	-2.77206512425021
			11.6109682947729	-2.77206512425021
			11.6152527849186	-2.77206512425021
			11.6195372750643	-2.77206512425021
			11.6238217652099	-2.77206512425021
			11.6281062553556	-2.77206512425021
			11.6323907455013	-2.77206512425021
			11.636675235647	-2.77206512425021
			11.6409597257926	-2.77206512425021
			11.6452442159383	-2.77206512425021
			11.649528706084	-2.77634961439589
			11.6538131962296	-2.77634961439589
			11.6580976863753	-2.77634961439589
			11.662382176521	-2.77634961439589
			11.6666666666667	-2.77634961439589
			11.6709511568123	-2.77634961439589
			11.675235646958	-2.77634961439589
			11.6795201371037	-2.77634961439589
			11.6838046272494	-2.77634961439589
			11.688089117395	-2.77634961439589
			11.6923736075407	-2.77634961439589
			11.6966580976864	-2.77634961439589
			11.700942587832	-2.77634961439589
			11.7052270779777	-2.77634961439589
			11.7095115681234	-2.77634961439589
			11.7137960582691	-2.77634961439589
			11.7180805484147	-2.77634961439589
			11.7223650385604	-2.77634961439589
			11.7266495287061	-2.77634961439589
			11.7309340188518	-2.77634961439589
			11.7352185089974	-2.77634961439589
			11.7395029991431	-2.77634961439589
			11.7437874892888	-2.77634961439589
			11.7480719794344	-2.77634961439589
			11.7523564695801	-2.77634961439589
			11.7566409597258	-2.78063410454156
			11.7609254498715	-2.78063410454156
			11.7652099400171	-2.78063410454156
			11.7694944301628	-2.78063410454156
			11.7737789203085	-2.78063410454156
			11.7780634104542	-2.78063410454156
			11.7823479005998	-2.78063410454156
			11.7866323907455	-2.78063410454156
			11.7909168808912	-2.78063410454156
			11.7952013710368	-2.78063410454156
			11.7994858611825	-2.78063410454156
			11.8037703513282	-2.78063410454156
			11.8080548414739	-2.78063410454156
			11.8123393316195	-2.78063410454156
			11.8166238217652	-2.78063410454156
			11.8209083119109	-2.78063410454156
			11.8251928020566	-2.78063410454156
			11.8294772922022	-2.78063410454156
			11.8337617823479	-2.78063410454156
			11.8380462724936	-2.78063410454156
			11.8423307626392	-2.78063410454156
			11.8466152527849	-2.78063410454156
			11.8508997429306	-2.78063410454156
			11.8551842330763	-2.78063410454156
			11.8594687232219	-2.78063410454156
			11.8637532133676	-2.78063410454156
			11.8637532133676	-2.78491859468723
			11.8680377035133	-2.78491859468723
			11.872322193659	-2.78491859468723
			11.8766066838046	-2.78491859468723
			11.8808911739503	-2.78491859468723
			11.885175664096	-2.78491859468723
			11.8894601542416	-2.78491859468723
			11.8937446443873	-2.78491859468723
			11.898029134533	-2.78491859468723
			11.9023136246787	-2.78491859468723
			11.9065981148243	-2.78491859468723
			11.91088260497	-2.78491859468723
			11.9151670951157	-2.78491859468723
			11.9194515852614	-2.78491859468723
			11.923736075407	-2.78491859468723
			11.9280205655527	-2.78491859468723
			11.9323050556984	-2.78491859468723
			11.936589545844	-2.78491859468723
			11.9408740359897	-2.78491859468723
			11.9451585261354	-2.78491859468723
			11.9494430162811	-2.78491859468723
			11.9537275064267	-2.78491859468723
			11.9580119965724	-2.78491859468723
			11.9622964867181	-2.78491859468723
			11.9665809768638	-2.78491859468723
			11.9708654670094	-2.78491859468723
			11.9751499571551	-2.7892030848329
			11.9794344473008	-2.7892030848329
			11.9837189374464	-2.7892030848329
			11.9880034275921	-2.7892030848329
			11.9922879177378	-2.7892030848329
			11.9965724078835	-2.7892030848329
			12.0008568980291	-2.7892030848329
			12.0051413881748	-2.7892030848329
			12.0094258783205	-2.7892030848329
			12.0137103684662	-2.7892030848329
			12.0179948586118	-2.7892030848329
			12.0222793487575	-2.7892030848329
			12.0265638389032	-2.7892030848329
			12.0308483290488	-2.7892030848329
			12.0351328191945	-2.7892030848329
			12.0394173093402	-2.7892030848329
			12.0437017994859	-2.7892030848329
			12.0479862896315	-2.7892030848329
			12.0522707797772	-2.7892030848329
			12.0565552699229	-2.7892030848329
			12.0608397600686	-2.7892030848329
			12.0651242502142	-2.7892030848329
			12.0694087403599	-2.7892030848329
			12.0736932305056	-2.7892030848329
			12.0779777206512	-2.7892030848329
			12.0822622107969	-2.79348757497858
			12.0865467009426	-2.79348757497858
			12.0908311910883	-2.79348757497858
			12.0951156812339	-2.79348757497858
			12.0994001713796	-2.79348757497858
			12.1036846615253	-2.79348757497858
			12.107969151671	-2.79348757497858
			12.1122536418166	-2.79348757497858
			12.1165381319623	-2.79348757497858
			12.120822622108	-2.79348757497858
			12.1251071122536	-2.79348757497858
			12.1293916023993	-2.79348757497858
			12.133676092545	-2.79348757497858
			12.1379605826907	-2.79348757497858
			12.1422450728363	-2.79348757497858
			12.146529562982	-2.79348757497858
			12.1508140531277	-2.79348757497858
			12.1550985432734	-2.79348757497858
			12.159383033419	-2.79348757497858
			12.1636675235647	-2.79348757497858
			12.1679520137104	-2.79348757497858
			12.172236503856	-2.79348757497858
			12.1765209940017	-2.79348757497858
			12.1808054841474	-2.79348757497858
			12.1850899742931	-2.79348757497858
			12.1893744644387	-2.79348757497858
			12.1936589545844	-2.79348757497858
			12.1979434447301	-2.79777206512425
			12.2022279348758	-2.79777206512425
			12.2065124250214	-2.79777206512425
			12.2107969151671	-2.79777206512425
			12.2150814053128	-2.79777206512425
			12.2193658954584	-2.79777206512425
			12.2236503856041	-2.79777206512425
			12.2279348757498	-2.79777206512425
			12.2322193658955	-2.79777206512425
			12.2365038560411	-2.79777206512425
			12.2407883461868	-2.79777206512425
			12.2450728363325	-2.79777206512425
			12.2493573264781	-2.79777206512425
			12.2536418166238	-2.79777206512425
			12.2579263067695	-2.79777206512425
			12.2622107969152	-2.79777206512425
			12.2664952870608	-2.79777206512425
			12.2707797772065	-2.79777206512425
			12.2750642673522	-2.79777206512425
			12.2793487574979	-2.79777206512425
			12.2836332476435	-2.79777206512425
			12.2879177377892	-2.79777206512425
			12.2922022279349	-2.79777206512425
			12.2964867180805	-2.79777206512425
			12.3007712082262	-2.79777206512425
			12.3050556983719	-2.79777206512425
			12.3093401885176	-2.79777206512425
			12.3136246786632	-2.80205655526992
			12.3179091688089	-2.80205655526992
			12.3221936589546	-2.80205655526992
			12.3264781491003	-2.80205655526992
			12.3307626392459	-2.80205655526992
			12.3350471293916	-2.80205655526992
			12.3393316195373	-2.80205655526992
			12.3436161096829	-2.80205655526992
			12.3479005998286	-2.80205655526992
			12.3521850899743	-2.80205655526992
			12.35646958012	-2.80205655526992
			12.3607540702656	-2.80205655526992
			12.3650385604113	-2.80205655526992
			12.369323050557	-2.80205655526992
			12.3736075407027	-2.80205655526992
			12.3778920308483	-2.80205655526992
			12.382176520994	-2.80205655526992
			12.3864610111397	-2.80205655526992
			12.3907455012853	-2.80205655526992
			12.395029991431	-2.80205655526992
			12.3993144815767	-2.80205655526992
			12.4035989717224	-2.80205655526992
			12.407883461868	-2.80205655526992
			12.4121679520137	-2.80205655526992
			12.4164524421594	-2.80205655526992
			12.4207369323051	-2.80205655526992
			12.4250214224507	-2.8063410454156
			12.4293059125964	-2.8063410454156
			12.4335904027421	-2.8063410454156
			12.4378748928877	-2.8063410454156
			12.4421593830334	-2.8063410454156
			12.4464438731791	-2.8063410454156
			12.4507283633248	-2.8063410454156
			12.4550128534704	-2.8063410454156
			12.4592973436161	-2.8063410454156
			12.4635818337618	-2.8063410454156
			12.4678663239075	-2.8063410454156
			12.4721508140531	-2.8063410454156
			12.4764353041988	-2.8063410454156
			12.4807197943445	-2.8063410454156
			12.4850042844901	-2.8063410454156
			12.4892887746358	-2.8063410454156
			12.4935732647815	-2.8063410454156
			12.4978577549272	-2.8063410454156
			12.5021422450728	-2.8063410454156
			12.5064267352185	-2.8063410454156
			12.5107112253642	-2.8063410454156
			12.5149957155099	-2.8063410454156
			12.5192802056555	-2.8063410454156
			12.5235646958012	-2.8063410454156
			12.5278491859469	-2.8063410454156
			12.5321336760925	-2.8063410454156
			12.5364181662382	-2.8063410454156
			12.5407026563839	-2.81062553556127
			12.5449871465296	-2.81062553556127
			12.5492716366752	-2.81062553556127
			12.5535561268209	-2.81062553556127
			12.5578406169666	-2.81062553556127
			12.5621251071123	-2.81062553556127
			12.5664095972579	-2.81062553556127
			12.5706940874036	-2.81062553556127
			12.5749785775493	-2.81062553556127
			12.5792630676949	-2.81062553556127
			12.5835475578406	-2.81062553556127
			12.5878320479863	-2.81062553556127
			12.592116538132	-2.81062553556127
			12.5964010282776	-2.81062553556127
			12.6006855184233	-2.81062553556127
			12.604970008569	-2.81062553556127
			12.6092544987147	-2.81062553556127
			12.6135389888603	-2.81062553556127
			12.617823479006	-2.81062553556127
			12.6221079691517	-2.81062553556127
			12.6263924592973	-2.81062553556127
			12.630676949443	-2.81062553556127
			12.6349614395887	-2.81062553556127
			12.6392459297344	-2.81062553556127
			12.64353041988	-2.81062553556127
			12.6478149100257	-2.81062553556127
			12.6520994001714	-2.81062553556127
			12.6563838903171	-2.81491002570694
			12.6606683804627	-2.81491002570694
			12.6649528706084	-2.81491002570694
			12.6692373607541	-2.81491002570694
			12.6735218508997	-2.81491002570694
			12.6778063410454	-2.81491002570694
			12.6820908311911	-2.81491002570694
			12.6863753213368	-2.81491002570694
			12.6906598114824	-2.81491002570694
			12.6949443016281	-2.81491002570694
			12.6992287917738	-2.81491002570694
			12.7035132819195	-2.81491002570694
			12.7077977720651	-2.81491002570694
			12.7120822622108	-2.81491002570694
			12.7163667523565	-2.81491002570694
			12.7206512425021	-2.81491002570694
			12.7249357326478	-2.81491002570694
			12.7292202227935	-2.81491002570694
			12.7335047129392	-2.81491002570694
			12.7377892030848	-2.81491002570694
			12.7420736932305	-2.81491002570694
			12.7463581833762	-2.81491002570694
			12.7506426735219	-2.81491002570694
			12.7549271636675	-2.81491002570694
			12.7592116538132	-2.81491002570694
			12.7634961439589	-2.81491002570694
			12.7677806341045	-2.81491002570694
			12.7720651242502	-2.81491002570694
			12.7763496143959	-2.81491002570694
			12.7806341045416	-2.81491002570694
			12.7849185946872	-2.81491002570694
			12.7892030848329	-2.81919451585261
			12.7934875749786	-2.81919451585261
			12.7977720651243	-2.81919451585261
			12.8020565552699	-2.81919451585261
			12.8063410454156	-2.81919451585261
			12.8106255355613	-2.81919451585261
			12.8149100257069	-2.81919451585261
			12.8191945158526	-2.81919451585261
			12.8234790059983	-2.81919451585261
			12.827763496144	-2.81919451585261
			12.8320479862896	-2.81919451585261
			12.8363324764353	-2.81919451585261
			12.840616966581	-2.81919451585261
			12.8449014567266	-2.81919451585261
			12.8491859468723	-2.81919451585261
			12.853470437018	-2.81919451585261
			12.8577549271637	-2.81919451585261
			12.8620394173093	-2.81919451585261
			12.866323907455	-2.81919451585261
			12.8706083976007	-2.81919451585261
			12.8748928877464	-2.81919451585261
			12.879177377892	-2.81919451585261
			12.8834618680377	-2.82347900599829
			12.8877463581834	-2.82347900599829
			12.892030848329	-2.82347900599829
			12.8963153384747	-2.82347900599829
			12.9005998286204	-2.82347900599829
			12.9048843187661	-2.82347900599829
			12.9091688089117	-2.82347900599829
			12.9134532990574	-2.82347900599829
			12.9177377892031	-2.82347900599829
			12.9220222793488	-2.82347900599829
			12.9263067694944	-2.82347900599829
			12.9305912596401	-2.82347900599829
			12.9348757497858	-2.82347900599829
			12.9391602399314	-2.82347900599829
			12.9434447300771	-2.82347900599829
			12.9477292202228	-2.82347900599829
			12.9520137103685	-2.82776349614396
			12.9562982005141	-2.82776349614396
			12.9605826906598	-2.82776349614396
			12.9648671808055	-2.82776349614396
			12.9691516709512	-2.82776349614396
			12.9734361610968	-2.82776349614396
			12.9777206512425	-2.82776349614396
			12.9820051413882	-2.82776349614396
			12.9862896315338	-2.82776349614396
			12.9905741216795	-2.82776349614396
			12.9948586118252	-2.82776349614396
			12.9991431019709	-2.82776349614396
			13.0034275921165	-2.82776349614396
			13.0077120822622	-2.82776349614396
			13.0119965724079	-2.82776349614396
			13.0162810625536	-2.83204798628963
			13.0205655526992	-2.83204798628963
			13.0248500428449	-2.83204798628963
			13.0291345329906	-2.83204798628963
			13.0334190231362	-2.83204798628963
			13.0377035132819	-2.83204798628963
			13.0419880034276	-2.83204798628963
			13.0462724935733	-2.83204798628963
			13.0505569837189	-2.83204798628963
			13.0548414738646	-2.83204798628963
			13.0591259640103	-2.83204798628963
			13.063410454156	-2.83204798628963
			13.063410454156	-2.8363324764353
			13.0676949443016	-2.8363324764353
			13.0719794344473	-2.8363324764353
			13.076263924593	-2.8363324764353
			13.0805484147386	-2.8363324764353
			13.0848329048843	-2.8363324764353
			13.08911739503	-2.8363324764353
			13.0934018851757	-2.8363324764353
			13.0976863753213	-2.8363324764353
			13.101970865467	-2.8363324764353
			13.1062553556127	-2.8363324764353
			13.1105398457584	-2.84061696658098
			13.114824335904	-2.84061696658098
			13.1191088260497	-2.84061696658098
			13.1233933161954	-2.84061696658098
			13.127677806341	-2.84061696658098
			13.1319622964867	-2.84061696658098
			13.1362467866324	-2.84061696658098
			13.1405312767781	-2.84061696658098
			13.1448157669237	-2.84061696658098
			13.1491002570694	-2.84061696658098
			13.1533847472151	-2.84490145672665
			13.1576692373608	-2.84490145672665
			13.1619537275064	-2.84490145672665
			13.1662382176521	-2.84490145672665
			13.1705227077978	-2.84490145672665
			13.1748071979434	-2.84490145672665
			13.1790916880891	-2.84490145672665
			13.1833761782348	-2.84490145672665
			13.1876606683805	-2.84490145672665
			13.1919451585261	-2.84918594687232
			13.1962296486718	-2.84918594687232
			13.2005141388175	-2.84918594687232
			13.2047986289632	-2.84918594687232
			13.2090831191088	-2.84918594687232
			13.2133676092545	-2.84918594687232
			13.2176520994002	-2.84918594687232
			13.2219365895458	-2.84918594687232
			13.2262210796915	-2.85347043701799
			13.2305055698372	-2.85347043701799
			13.2347900599829	-2.85347043701799
			13.2390745501285	-2.85347043701799
			13.2433590402742	-2.85347043701799
			13.2476435304199	-2.85347043701799
			13.2519280205656	-2.85347043701799
			13.2562125107112	-2.85347043701799
			13.2604970008569	-2.85347043701799
			13.2647814910026	-2.85775492716367
			13.2690659811482	-2.85775492716367
			13.2733504712939	-2.85775492716367
			13.2776349614396	-2.85775492716367
			13.2819194515853	-2.85775492716367
			13.2862039417309	-2.85775492716367
			13.2904884318766	-2.85775492716367
			13.2947729220223	-2.86203941730934
			13.299057412168	-2.86203941730934
			13.3033419023136	-2.86203941730934
			13.3076263924593	-2.86203941730934
			13.311910882605	-2.86203941730934
			13.3161953727506	-2.86203941730934
			13.3204798628963	-2.86203941730934
			13.324764353042	-2.86203941730934
			13.324764353042	-2.86632390745501
			13.3290488431877	-2.86632390745501
			13.3333333333333	-2.86632390745501
			13.337617823479	-2.86632390745501
			13.3419023136247	-2.86632390745501
			13.3461868037704	-2.86632390745501
			13.350471293916	-2.86632390745501
			13.3547557840617	-2.87060839760069
			13.3590402742074	-2.87060839760069
			13.363324764353	-2.87060839760069
			13.3676092544987	-2.87060839760069
			13.3718937446444	-2.87060839760069
			13.3761782347901	-2.87060839760069
			13.3804627249357	-2.87489288774636
			13.3847472150814	-2.87489288774636
			13.3890317052271	-2.87489288774636
			13.3933161953728	-2.87489288774636
			13.3976006855184	-2.87489288774636
			13.4018851756641	-2.87489288774636
			13.4061696658098	-2.87489288774636
			13.4104541559554	-2.87917737789203
			13.4147386461011	-2.87917737789203
			13.4190231362468	-2.87917737789203
			13.4233076263925	-2.87917737789203
			13.4275921165381	-2.87917737789203
			13.4318766066838	-2.87917737789203
			13.4361610968295	-2.8834618680377
			13.4404455869751	-2.8834618680377
			13.4447300771208	-2.8834618680377
			13.4490145672665	-2.8834618680377
			13.4532990574122	-2.8834618680377
			13.4575835475578	-2.8834618680377
			13.4618680377035	-2.88774635818338
			13.4661525278492	-2.88774635818338
			13.4704370179949	-2.88774635818338
			13.4747215081405	-2.88774635818338
			13.4790059982862	-2.88774635818338
			13.4832904884319	-2.89203084832905
			13.4875749785776	-2.89203084832905
			13.4918594687232	-2.89203084832905
			13.4961439588689	-2.89203084832905
			13.5004284490146	-2.89203084832905
			13.5047129391602	-2.89631533847472
			13.5089974293059	-2.89631533847472
			13.5132819194516	-2.89631533847472
			13.5175664095973	-2.89631533847472
			13.5218508997429	-2.89631533847472
			13.5261353898886	-2.89631533847472
			13.5304198800343	-2.90059982862039
			13.5347043701799	-2.90059982862039
			13.5389888603256	-2.90059982862039
			13.5432733504713	-2.90059982862039
			13.547557840617	-2.90059982862039
			13.5518423307626	-2.90488431876607
			13.5561268209083	-2.90488431876607
			13.560411311054	-2.90488431876607
			13.5646958011997	-2.90488431876607
			13.5689802913453	-2.90488431876607
			13.573264781491	-2.90916880891174
			13.5775492716367	-2.90916880891174
			13.5818337617823	-2.90916880891174
			13.586118251928	-2.90916880891174
			13.5904027420737	-2.90916880891174
			13.5946872322194	-2.91345329905741
			13.598971722365	-2.91345329905741
			13.6032562125107	-2.91345329905741
			13.6075407026564	-2.91345329905741
			13.6118251928021	-2.91773778920308
			13.6161096829477	-2.91773778920308
			13.6203941730934	-2.91773778920308
			13.6246786632391	-2.91773778920308
			13.6289631533847	-2.91773778920308
			13.6332476435304	-2.92202227934876
			13.6375321336761	-2.92202227934876
			13.6418166238218	-2.92202227934876
			13.6461011139674	-2.92202227934876
			13.6503856041131	-2.92202227934876
			13.6546700942588	-2.92630676949443
			13.6589545844045	-2.92630676949443
			13.6632390745501	-2.92630676949443
			13.6675235646958	-2.92630676949443
			13.6718080548415	-2.9305912596401
			13.6760925449871	-2.9305912596401
			13.6803770351328	-2.9305912596401
			13.6846615252785	-2.9305912596401
			13.6889460154242	-2.9305912596401
			13.6932305055698	-2.93487574978578
			13.6975149957155	-2.93487574978578
			13.7017994858612	-2.93487574978578
			13.7060839760069	-2.93487574978578
			13.7103684661525	-2.93916023993145
			13.7146529562982	-2.93916023993145
			13.7189374464439	-2.93916023993145
			13.7232219365895	-2.93916023993145
			13.7275064267352	-2.94344473007712
			13.7317909168809	-2.94344473007712
			13.7360754070266	-2.94344473007712
			13.7403598971722	-2.94772922022279
			13.7446443873179	-2.94772922022279
			13.7489288774636	-2.94772922022279
			13.7532133676093	-2.94772922022279
			13.7574978577549	-2.95201371036847
			13.7617823479006	-2.95201371036847
			13.7660668380463	-2.95201371036847
			13.7703513281919	-2.95201371036847
			13.7746358183376	-2.95629820051414
			13.7789203084833	-2.95629820051414
			13.783204798629	-2.95629820051414
			13.7874892887746	-2.95629820051414
			13.7917737789203	-2.96058269065981
			13.796058269066	-2.96058269065981
			13.8003427592117	-2.96058269065981
			13.8046272493573	-2.96058269065981
			13.808911739503	-2.96486718080548
			13.8131962296487	-2.96486718080548
			13.8174807197943	-2.96486718080548
			13.82176520994	-2.96486718080548
			13.8260497000857	-2.96915167095116
			13.8303341902314	-2.96915167095116
			13.834618680377	-2.96915167095116
			13.8389031705227	-2.96915167095116
			13.8431876606684	-2.97343616109683
			13.8474721508141	-2.97343616109683
			13.8517566409597	-2.97343616109683
			13.8560411311054	-2.9777206512425
			13.8603256212511	-2.9777206512425
			13.8646101113967	-2.9777206512425
			13.8688946015424	-2.9777206512425
			13.8731790916881	-2.98200514138817
			13.8774635818338	-2.98200514138817
			13.8817480719794	-2.98628963153385
			13.8860325621251	-2.98628963153385
			13.8903170522708	-2.98628963153385
			13.8946015424165	-2.98628963153385
			13.8988860325621	-2.99057412167952
			13.9031705227078	-2.99057412167952
			13.9074550128535	-2.99057412167952
			13.9117395029991	-2.99057412167952
			13.9160239931448	-2.99485861182519
			13.9203084832905	-2.99485861182519
			13.9245929734362	-2.99485861182519
			13.9288774635818	-2.99914310197087
			13.9331619537275	-2.99914310197087
			13.9374464438732	-2.99914310197087
			13.9417309340189	-3.00342759211654
			13.9460154241645	-3.00342759211654
			13.9502999143102	-3.00342759211654
			13.9545844044559	-3.00771208226221
			13.9588688946015	-3.00771208226221
			13.9631533847472	-3.00771208226221
			13.9674378748929	-3.01199657240788
			13.9717223650386	-3.01199657240788
			13.9760068551842	-3.01199657240788
			13.9802913453299	-3.01199657240788
			13.9845758354756	-3.01628106255356
			13.9888603256213	-3.01628106255356
			13.9931448157669	-3.01628106255356
			13.9974293059126	-3.02056555269923
			14.0017137960583	-3.02056555269923
			14.0059982862039	-3.02056555269923
			14.0102827763496	-3.0248500428449
			14.0145672664953	-3.0248500428449
			14.018851756641	-3.0248500428449
			14.0231362467866	-3.02913453299057
			14.0274207369323	-3.02913453299057
			14.031705227078	-3.02913453299057
			14.0359897172237	-3.03341902313625
			14.0402742073693	-3.03341902313625
			14.044558697515	-3.03341902313625
			14.0488431876607	-3.03770351328192
			14.0531276778063	-3.03770351328192
			14.057412167952	-3.03770351328192
			14.057412167952	-3.04198800342759
			14.0616966580977	-3.04198800342759
			14.0659811482434	-3.04198800342759
			14.070265638389	-3.04627249357327
			14.0745501285347	-3.04627249357327
			14.0788346186804	-3.04627249357327
			14.0831191088261	-3.05055698371894
			14.0874035989717	-3.05055698371894
			14.0916880891174	-3.05055698371894
			14.0959725792631	-3.05484147386461
			14.1002570694087	-3.05484147386461
			14.1045415595544	-3.05484147386461
			14.1088260497001	-3.05912596401028
			14.1131105398458	-3.05912596401028
			14.1173950299914	-3.05912596401028
			14.1216795201371	-3.06341045415596
			14.1259640102828	-3.06341045415596
			14.1302485004284	-3.06769494430163
			14.1345329905741	-3.06769494430163
			14.1388174807198	-3.06769494430163
			14.1431019708655	-3.0719794344473
			14.1473864610111	-3.0719794344473
			14.1516709511568	-3.07626392459297
			14.1559554413025	-3.07626392459297
			14.1602399314482	-3.07626392459297
			14.1645244215938	-3.08054841473865
			14.1688089117395	-3.08054841473865
			14.1730934018852	-3.08483290488432
			14.1773778920308	-3.08483290488432
			14.1816623821765	-3.08483290488432
			14.1859468723222	-3.08483290488432
			14.1859468723222	-3.08911739502999
			14.1902313624679	-3.08911739502999
			14.1945158526135	-3.08911739502999
			14.1988003427592	-3.09340188517566
			14.2030848329049	-3.09340188517566
			14.2073693230506	-3.09768637532134
			14.2116538131962	-3.09768637532134
			14.2159383033419	-3.10197086546701
			14.2202227934876	-3.10197086546701
			14.2245072836332	-3.10197086546701
			14.2287917737789	-3.10625535561268
			14.2330762639246	-3.10625535561268
			14.2373607540703	-3.10625535561268
			14.2416452442159	-3.11053984575835
			14.2459297343616	-3.11053984575835
			14.2502142245073	-3.11482433590403
			14.254498714653	-3.11482433590403
			14.2587832047986	-3.11482433590403
			14.2630676949443	-3.1191088260497
			14.26735218509	-3.1191088260497
			14.26735218509	-3.12339331619537
			14.2716366752356	-3.12339331619537
			14.2759211653813	-3.12767780634105
			14.280205655527	-3.12767780634105
			14.2844901456727	-3.12767780634105
			14.2887746358183	-3.13196229648672
			14.293059125964	-3.13196229648672
			14.2973436161097	-3.13624678663239
			14.3016281062554	-3.13624678663239
			14.305912596401	-3.13624678663239
			14.3101970865467	-3.14053127677806
			14.3144815766924	-3.14053127677806
			14.318766066838	-3.14481576692374
			14.3230505569837	-3.14481576692374
			14.3273350471294	-3.14910025706941
			14.3316195372751	-3.14910025706941
			14.3359040274207	-3.14910025706941
			14.3359040274207	-3.15338474721508
			14.3401885175664	-3.15338474721508
			14.3444730077121	-3.15766923736075
			14.3487574978578	-3.15766923736075
			14.3530419880034	-3.16195372750643
			14.3573264781491	-3.16195372750643
			14.3616109682948	-3.16195372750643
			14.3658954584404	-3.1662382176521
			14.3701799485861	-3.1662382176521
			14.3744644387318	-3.17052270779777
			14.3787489288775	-3.17052270779777
			14.3830334190231	-3.17480719794344
			14.3873179091688	-3.17480719794344
			14.3916023993145	-3.17909168808912
			14.3958868894602	-3.17909168808912
			14.4001713796058	-3.18337617823479
			14.4044558697515	-3.18337617823479
			14.4087403598972	-3.18766066838046
			14.4130248500428	-3.18766066838046
			14.4173093401885	-3.19194515852614
			14.4215938303342	-3.19194515852614
			14.4258783204799	-3.19194515852614
			14.4258783204799	-3.19622964867181
			14.4301628106255	-3.19622964867181
			14.4344473007712	-3.20051413881748
			14.4387317909169	-3.20051413881748
			14.4430162810626	-3.20479862896315
			14.4473007712082	-3.20479862896315
			14.4515852613539	-3.20908311910883
			14.4558697514996	-3.20908311910883
			14.4601542416452	-3.2133676092545
			14.4644387317909	-3.2133676092545
			14.4687232219366	-3.21765209940017
			14.4730077120823	-3.21765209940017
			14.4772922022279	-3.22193658954584
			14.4815766923736	-3.22193658954584
			14.4858611825193	-3.22193658954584
			14.490145672665	-3.22622107969152
			14.4944301628106	-3.23050556983719
			14.4987146529563	-3.23479005998286
			14.502999143102	-3.23479005998286
			14.5072836332476	-3.23479005998286
			14.5072836332476	-3.23907455012853
			14.5115681233933	-3.23907455012853
			14.515852613539	-3.23907455012853
			14.515852613539	-3.24335904027421
			14.5201371036847	-3.24335904027421
			14.5244215938303	-3.24335904027421
			14.5244215938303	-3.24764353041988
			14.528706083976	-3.24764353041988
			14.5329905741217	-3.24764353041988
			14.5329905741217	-3.25192802056555
			14.5372750642674	-3.25192802056555
			14.541559554413	-3.25621251071123
			14.5458440445587	-3.25621251071123
			14.5501285347044	-3.2604970008569
			14.55441302485	-3.2604970008569
			14.5586975149957	-3.26478149100257
			14.5629820051414	-3.26478149100257
			14.5672664952871	-3.26906598114824
			14.5715509854327	-3.27335047129392
			14.5758354755784	-3.27335047129392
			14.5801199657241	-3.27763496143959
			14.5844044558698	-3.27763496143959
			14.5886889460154	-3.28191945158526
			14.5929734361611	-3.28191945158526
			14.5972579263068	-3.28620394173093
			14.6015424164524	-3.28620394173093
			14.6058269065981	-3.29048843187661
			14.6101113967438	-3.29477292202228
			14.6143958868895	-3.29905741216795
			14.6186803770351	-3.29905741216795
			14.6229648671808	-3.30334190231362
			14.6272493573265	-3.30334190231362
			14.6315338474722	-3.3076263924593
			14.6358183376178	-3.31191088260497
			14.6401028277635	-3.31191088260497
			14.6443873179092	-3.31619537275064
			14.6486718080548	-3.31619537275064
			14.6529562982005	-3.32047986289632
			14.6572407883462	-3.32476435304199
			14.6615252784919	-3.32476435304199
			14.6658097686375	-3.32904884318766
			14.6700942587832	-3.32904884318766
			14.6743787489289	-3.33333333333333
			14.6786632390746	-3.33333333333333
			14.6829477292202	-3.33761782347901
			14.6872322193659	-3.34190231362468
			14.6915167095116	-3.34190231362468
			14.6958011996572	-3.34618680377035
			14.7000856898029	-3.34618680377035
			14.7043701799486	-3.35047129391602
			14.7086546700943	-3.3547557840617
			14.7129391602399	-3.35904027420737
			14.7172236503856	-3.35904027420737
			14.7215081405313	-3.36332476435304
			14.7257926306769	-3.36760925449871
			14.7300771208226	-3.36760925449871
			14.7343616109683	-3.37189374464439
			14.738646101114	-3.37617823479006
			14.7429305912596	-3.37617823479006
			14.7472150814053	-3.38046272493573
			14.751499571551	-3.38474721508141
			14.7557840616967	-3.38474721508141
			14.7600685518423	-3.38903170522708
			14.764353041988	-3.39331619537275
			14.7686375321337	-3.39331619537275
			14.7729220222793	-3.39760068551842
			14.777206512425	-3.39760068551842
			14.7814910025707	-3.4018851756641
			14.7857754927164	-3.40616966580977
			14.790059982862	-3.40616966580977
			14.7943444730077	-3.41045415595544
			14.7986289631534	-3.41473864610111
			14.8029134532991	-3.41473864610111
			14.8071979434447	-3.41902313624679
			14.8114824335904	-3.42330762639246
			14.8157669237361	-3.42759211653813
			14.8200514138817	-3.4318766066838
			14.8243359040274	-3.4318766066838
			14.8286203941731	-3.43616109682948
			14.8329048843188	-3.44044558697515
			14.8371893744644	-3.44044558697515
			14.8414738646101	-3.44473007712082
			14.8457583547558	-3.4490145672665
			14.8500428449015	-3.4490145672665
			14.8500428449015	-3.45329905741217
			14.8543273350471	-3.45329905741217
			14.8586118251928	-3.45758354755784
			14.8628963153385	-3.46186803770351
			14.8671808054841	-3.46186803770351
			14.8671808054841	-3.46615252784919
			14.8714652956298	-3.46615252784919
			14.8757497857755	-3.47043701799486
			14.8800342759212	-3.47472150814053
			14.8843187660668	-3.47472150814053
			14.8843187660668	-3.4790059982862
			14.8886032562125	-3.4790059982862
			14.8928877463582	-3.48329048843188
			14.8971722365039	-3.48757497857755
			14.9014567266495	-3.48757497857755
			14.9014567266495	-3.49185946872322
			14.9057412167952	-3.49185946872322
			14.9100257069409	-3.49614395886889
			14.9143101970865	-3.50042844901457
			14.9185946872322	-3.50471293916024
			14.9228791773779	-3.50471293916024
			14.9271636675236	-3.50899742930591
			14.9314481576692	-3.51328191945159
			14.9357326478149	-3.51756640959726
			14.9400171379606	-3.51756640959726
			14.9443016281063	-3.52185089974293
			14.9485861182519	-3.5261353898886
			14.9528706083976	-3.53041988003428
			14.9571550985433	-3.53041988003428
			14.9614395886889	-3.53470437017995
			14.9614395886889	-3.53898886032562
			14.9657240788346	-3.54327335047129
			14.9700085689803	-3.54327335047129
			14.974293059126	-3.54755784061697
			14.9785775492716	-3.55184233076264
			14.9828620394173	-3.55612682090831
			14.987146529563	-3.55612682090831
			14.9914310197087	-3.56041131105398
			14.9957155098543	-3.56469580119966
			15	-3.56898029134533
			15.0042844901457	-3.56898029134533
			15.0042844901457	-3.573264781491
			15.0085689802913	-3.57754927163668
			15.012853470437	-3.58183376178235
			15.0171379605827	-3.58183376178235
			15.0214224507284	-3.58611825192802
			15.025706940874	-3.59040274207369
			15.0299914310197	-3.59468723221937
			15.0342759211654	-3.59897172236504
			15.0385604113111	-3.59897172236504
			15.0428449014567	-3.60325621251071
			15.0428449014567	-3.60754070265638
			15.0471293916024	-3.61182519280206
			15.0514138817481	-3.61182519280206
			15.0556983718937	-3.61610968294773
			15.0599828620394	-3.6203941730934
			15.0642673521851	-3.62467866323907
			15.0685518423308	-3.62896315338475
			15.0728363324764	-3.62896315338475
			15.0771208226221	-3.63324764353042
			15.0771208226221	-3.63753213367609
			15.0814053127678	-3.64181662382177
			15.0856898029135	-3.64610111396744
			15.0899742930591	-3.64610111396744
			15.0942587832048	-3.65038560411311
			15.0985432733505	-3.65467009425878
			15.1028277634961	-3.65895458440446
			15.1071122536418	-3.66323907455013
			15.1113967437875	-3.6675235646958
			15.1156812339332	-3.67180805484147
			15.1199657240788	-3.67609254498715
			15.1242502142245	-3.68037703513282
			15.1285347043702	-3.68466152527849
			15.1328191945159	-3.68894601542416
			15.1371036846615	-3.69323050556984
			15.1413881748072	-3.69323050556984
			15.1413881748072	-3.69751499571551
			15.1456726649529	-3.69751499571551
			15.1499571550985	-3.70179948586118
			15.1499571550985	-3.70608397600686
			15.1542416452442	-3.70608397600686
			15.1542416452442	-3.71036846615253
			15.1585261353899	-3.71036846615253
			15.1628106255356	-3.7146529562982
			15.1628106255356	-3.71893744644387
			15.1670951156812	-3.71893744644387
			15.1670951156812	-3.72322193658955
			15.1713796058269	-3.72322193658955
			15.1756640959726	-3.72750642673522
			15.1756640959726	-3.73179091688089
			15.1799485861183	-3.73179091688089
			15.1842330762639	-3.73607540702656
			15.1885175664096	-3.74035989717224
			15.1928020565553	-3.74464438731791
			15.1970865467009	-3.74892887746358
			15.1970865467009	-3.75321336760925
			15.2013710368466	-3.75749785775493
			15.2056555269923	-3.75749785775493
			15.209940017138	-3.7617823479006
			15.209940017138	-3.76606683804627
			15.2142245072836	-3.76606683804627
			15.2185089974293	-3.77035132819195
			15.2185089974293	-3.77463581833762
			15.222793487575	-3.77892030848329
			15.2270779777207	-3.77892030848329
			15.2313624678663	-3.78320479862896
			15.2313624678663	-3.78748928877464
			15.235646958012	-3.79177377892031
			15.2399314481577	-3.79177377892031
			15.2399314481577	-3.79605826906598
			15.2442159383033	-3.80034275921165
			15.248500428449	-3.80462724935733
			15.2527849185947	-3.808911739503
			15.2570694087404	-3.81319622964867
			15.261353898886	-3.81748071979434
			15.2656383890317	-3.82176520994002
			15.2699228791774	-3.82604970008569
			15.2699228791774	-3.83033419023136
			15.2742073693231	-3.83461868037704
			15.2784918594687	-3.83890317052271
			15.2827763496144	-3.84318766066838
			15.2870608397601	-3.84318766066838
			15.2913453299057	-3.84747215081405
			15.2913453299057	-3.85175664095973
			15.2956298200514	-3.8560411311054
			15.2999143101971	-3.86032562125107
			15.3041988003428	-3.86461011139674
			15.3084832904884	-3.86889460154242
			15.3127677806341	-3.87317909168809
			15.3127677806341	-3.87746358183376
			15.3170522707798	-3.88174807197943
			15.3213367609255	-3.88603256212511
			15.3256212510711	-3.89031705227078
			15.3299057412168	-3.89460154241645
			15.3299057412168	-3.89888603256213
			15.3341902313625	-3.9031705227078
			15.3384747215081	-3.9031705227078
			15.3427592116538	-3.90745501285347
			15.3470437017995	-3.91173950299914
			15.3470437017995	-3.91602399314482
			15.3513281919452	-3.92030848329049
			15.3556126820908	-3.92459297343616
			15.3598971722365	-3.92887746358183
			15.3641816623822	-3.93316195372751
			15.3641816623822	-3.93744644387318
			15.3684661525278	-3.94173093401885
			15.3727506426735	-3.94601542416452
			15.3770351328192	-3.9502999143102
			15.3813196229649	-3.95458440445587
			15.3813196229649	-3.95886889460154
			15.3856041131105	-3.96315338474722
			15.3898886032562	-3.96743787489289
			15.3941730934019	-3.97172236503856
			15.3984575835476	-3.97600685518423
			15.3984575835476	-3.98029134532991
			15.4027420736932	-3.98457583547558
			15.4070265638389	-3.98886032562125
			15.4113110539846	-3.99314481576692
			15.4113110539846	-3.9974293059126
			15.4155955441302	-4.00171379605827
			15.4198800342759	-4.00599828620394
			15.4241645244216	-4.01028277634961
			15.4284490145673	-4.01456726649529
			15.4284490145673	-4.01885175664096
			15.4327335047129	-4.02313624678663
			15.4370179948586	-4.0274207369323
			15.4413024850043	-4.03170522707798
			15.4413024850043	-4.03598971722365
			15.44558697515	-4.04027420736932
			15.4498714652956	-4.044558697515
			15.4541559554413	-4.04884318766067
			15.4541559554413	-4.05312767780634
			15.458440445587	-4.05741216795201
			15.4627249357326	-4.06169665809769
			15.4670094258783	-4.06598114824336
			15.4670094258783	-4.07026563838903
			15.471293916024	-4.0745501285347
			15.4755784061697	-4.07883461868038
			15.4798628963153	-4.08311910882605
			15.4798628963153	-4.08740359897172
			15.484147386461	-4.09168808911739
			15.4884318766067	-4.09597257926307
			15.4927163667524	-4.10025706940874
			15.4927163667524	-4.10454155955441
			15.497000856898	-4.10882604970009
			15.5012853470437	-4.11311053984576
			15.5055698371894	-4.11739502999143
			15.5055698371894	-4.1216795201371
			15.509854327335	-4.12596401028278
			15.5141388174807	-4.13024850042845
			15.5184233076264	-4.13453299057412
			15.5184233076264	-4.13881748071979
			15.5227077977721	-4.14310197086547
			15.5227077977721	-4.14738646101114
			15.5269922879177	-4.15167095115681
			15.5312767780634	-4.15595544130248
			15.5355612682091	-4.16023993144816
			15.5355612682091	-4.16452442159383
			15.5398457583548	-4.1688089117395
			15.5398457583548	-4.17309340188518
			15.5441302485004	-4.17309340188518
			15.5441302485004	-4.17737789203085
			15.5484147386461	-4.18166238217652
			15.5484147386461	-4.18594687232219
			15.5526992287918	-4.18594687232219
			15.5526992287918	-4.19023136246787
			15.5569837189374	-4.19451585261354
			15.5569837189374	-4.19880034275921
			15.5612682090831	-4.19880034275921
			15.5612682090831	-4.20308483290488
			15.5655526992288	-4.20736932305056
			15.5655526992288	-4.21165381319623
			15.5698371893745	-4.2159383033419
			15.5741216795201	-4.22022279348757
			15.5741216795201	-4.22450728363325
			15.5784061696658	-4.22879177377892
			15.5826906598115	-4.23307626392459
			15.5826906598115	-4.23736075407027
			15.5869751499572	-4.24164524421594
			15.5869751499572	-4.24592973436161
			15.5912596401028	-4.25021422450728
			15.5955441302485	-4.25449871465296
			15.5955441302485	-4.25878320479863
			15.5998286203942	-4.25878320479863
			15.5998286203942	-4.2630676949443
			15.6041131105398	-4.26735218508997
			15.6083976006855	-4.27163667523565
			15.6083976006855	-4.27592116538132
			15.6126820908312	-4.28020565552699
			15.6126820908312	-4.28449014567266
			15.6169665809769	-4.28877463581834
			15.6212510711225	-4.29305912596401
			15.6212510711225	-4.29734361610968
			15.6255355612682	-4.30162810625536
			15.6255355612682	-4.30591259640103
			15.6298200514139	-4.3101970865467
			15.6298200514139	-4.31448157669237
			15.6341045415596	-4.31876606683805
			15.6383890317052	-4.32305055698372
			15.6383890317052	-4.32733504712939
			15.6426735218509	-4.33161953727506
			15.6426735218509	-4.33590402742074
			15.6469580119966	-4.34018851756641
			15.6512425021422	-4.34447300771208
			15.6512425021422	-4.34875749785776
			15.6555269922879	-4.35304198800343
			15.6555269922879	-4.3573264781491
			15.6598114824336	-4.36161096829477
			15.6640959725793	-4.36589545844045
			15.6640959725793	-4.37017994858612
			15.6683804627249	-4.37446443873179
			15.6683804627249	-4.37874892887746
			15.6726649528706	-4.37874892887746
			15.6726649528706	-4.38303341902314
			15.6726649528706	-4.38731790916881
			15.6769494430163	-4.38731790916881
			15.6769494430163	-4.39160239931448
			15.681233933162	-4.39588688946015
			15.681233933162	-4.40017137960583
			15.6855184233076	-4.4044558697515
			15.6898029134533	-4.40874035989717
			15.6898029134533	-4.41302485004285
			15.694087403599	-4.41730934018852
			15.694087403599	-4.42159383033419
			15.6983718937446	-4.42587832047986
			15.6983718937446	-4.43016281062554
			15.6983718937446	-4.43444730077121
			15.7026563838903	-4.43444730077121
			15.7026563838903	-4.43873179091688
			15.706940874036	-4.44301628106255
			15.706940874036	-4.44730077120823
			15.7112253641817	-4.4515852613539
			15.7112253641817	-4.45586975149957
			15.7155098543273	-4.46015424164524
			15.7155098543273	-4.46443873179092
			15.719794344473	-4.46443873179092
			15.719794344473	-4.46872322193659
			15.7240788346187	-4.47300771208226
			15.7240788346187	-4.47729220222794
			15.7283633247644	-4.48157669237361
			15.7283633247644	-4.48586118251928
			15.73264781491	-4.49014567266495
			15.73264781491	-4.49443016281063
			15.7369323050557	-4.4987146529563
			15.7369323050557	-4.50299914310197
			15.7412167952014	-4.50728363324764
			15.745501285347	-4.51156812339332
			15.745501285347	-4.51585261353899
			15.745501285347	-4.52013710368466
			15.7497857754927	-4.52013710368466
			15.7497857754927	-4.52442159383033
			15.7497857754927	-4.52870608397601
			15.7540702656384	-4.52870608397601
			15.7540702656384	-4.53299057412168
			15.7540702656384	-4.53727506426735
			15.7583547557841	-4.53727506426735
			15.7583547557841	-4.54155955441303
			15.7583547557841	-4.5458440445587
			15.7626392459297	-4.55012853470437
			15.7669237360754	-4.55441302485004
			15.7669237360754	-4.55869751499572
			15.7669237360754	-4.56298200514139
			15.7712082262211	-4.56726649528706
			15.7712082262211	-4.57155098543273
			15.7754927163668	-4.57583547557841
			15.7754927163668	-4.58011996572408
			15.7797772065124	-4.58440445586975
			15.7797772065124	-4.58868894601542
			15.7840616966581	-4.5929734361611
			15.7840616966581	-4.59725792630677
			15.7883461868038	-4.60154241645244
			15.7883461868038	-4.60582690659812
			15.7926306769494	-4.61011139674379
			15.7926306769494	-4.61439588688946
			15.7969151670951	-4.61868037703513
			15.7969151670951	-4.62296486718081
			15.8011996572408	-4.62724935732648
			15.8011996572408	-4.63153384747215
			15.8054841473865	-4.63581833761782
			15.8054841473865	-4.6401028277635
			15.8097686375321	-4.64438731790917
			15.8097686375321	-4.64867180805484
			15.8140531276778	-4.65295629820051
			15.8140531276778	-4.65724078834619
			15.8183376178235	-4.66152527849186
			15.8183376178235	-4.66580976863753
			15.8183376178235	-4.67009425878321
			15.8226221079692	-4.67437874892888
			15.8226221079692	-4.67866323907455
			15.8269065981148	-4.68294772922022
			15.8269065981148	-4.6872322193659
			15.8311910882605	-4.69151670951157
			15.8311910882605	-4.69580119965724
			15.8354755784062	-4.70008568980291
			15.8354755784062	-4.70437017994859
			15.8397600685518	-4.70865467009426
			15.8397600685518	-4.71293916023993
			15.8397600685518	-4.7172236503856
			15.8440445586975	-4.72150814053128
			15.8440445586975	-4.72579263067695
			15.8483290488432	-4.73007712082262
			15.8483290488432	-4.7343616109683
			15.8526135389889	-4.73864610111397
			15.8526135389889	-4.74293059125964
			15.8568980291345	-4.74721508140531
			15.8568980291345	-4.75149957155099
			15.8568980291345	-4.75578406169666
			15.8611825192802	-4.76006855184233
			15.8611825192802	-4.764353041988
			15.8654670094259	-4.76863753213368
			15.8654670094259	-4.77292202227935
			15.8697514995716	-4.77720651242502
			15.8697514995716	-4.78149100257069
			15.8697514995716	-4.78577549271637
			15.8740359897172	-4.79005998286204
			15.8740359897172	-4.79434447300771
			15.8783204798629	-4.79862896315338
			15.8783204798629	-4.80291345329906
			15.8783204798629	-4.80719794344473
			15.8826049700086	-4.8114824335904
			15.8826049700086	-4.81576692373608
			15.8868894601542	-4.82005141388175
			15.8868894601542	-4.82433590402742
			15.8868894601542	-4.82862039417309
			15.8911739502999	-4.82862039417309
			15.8911739502999	-4.83290488431877
			15.8911739502999	-4.83718937446444
			15.8911739502999	-4.84147386461011
			15.8954584404456	-4.84147386461011
			15.8954584404456	-4.84575835475578
			15.8954584404456	-4.85004284490146
			15.8997429305913	-4.85432733504713
			15.8997429305913	-4.8586118251928
			15.9040274207369	-4.86289631533847
			15.9040274207369	-4.86718080548415
			15.9040274207369	-4.87146529562982
			15.9083119108826	-4.87574978577549
			15.9083119108826	-4.88003427592117
			15.9083119108826	-4.88431876606684
			15.9125964010283	-4.88431876606684
			15.9125964010283	-4.88860325621251
			15.9125964010283	-4.89288774635818
			15.916880891174	-4.89717223650386
			15.916880891174	-4.90145672664953
			15.9211653813196	-4.9057412167952
			15.9211653813196	-4.91002570694087
			15.9211653813196	-4.91431019708655
			15.9254498714653	-4.91859468723222
			15.9254498714653	-4.92287917737789
			15.9254498714653	-4.92716366752356
			15.929734361611	-4.93144815766924
			15.929734361611	-4.93573264781491
			15.9340188517566	-4.94001713796058
			15.9340188517566	-4.94430162810626
			15.9340188517566	-4.94858611825193
			15.9383033419023	-4.9528706083976
			15.9383033419023	-4.95715509854327
			15.9383033419023	-4.96143958868895
			15.942587832048	-4.96572407883462
			15.942587832048	-4.97000856898029
			15.942587832048	-4.97429305912596
			15.9468723221937	-4.97429305912596
			15.9468723221937	-4.97857754927164
			15.9468723221937	-4.98286203941731
			15.9511568123393	-4.98714652956298
			15.9511568123393	-4.99143101970865
			15.9511568123393	-4.99571550985433
			15.955441302485	-5
			15.955441302485	-5.00428449014567
			15.955441302485	-5.00856898029135
			15.9597257926307	-5.01285347043702
			15.9597257926307	-5.01713796058269
			15.9597257926307	-5.02142245072836
			15.9640102827763	-5.02570694087404
			15.9640102827763	-5.02999143101971
			15.9640102827763	-5.03427592116538
			15.968294772922	-5.03856041131105
			15.968294772922	-5.04284490145673
			15.9725792630677	-5.0471293916024
			15.9725792630677	-5.05141388174807
			15.9725792630677	-5.05569837189374
			15.9768637532134	-5.05998286203942
			15.9768637532134	-5.06426735218509
			15.9768637532134	-5.06855184233076
			15.981148243359	-5.07283633247644
			15.981148243359	-5.07712082262211
			15.981148243359	-5.08140531276778
			15.9854327335047	-5.08568980291345
			15.9854327335047	-5.08997429305913
			15.9854327335047	-5.0942587832048
			15.9897172236504	-5.09854327335047
			15.9897172236504	-5.10282776349614
			15.9897172236504	-5.10711225364182
			15.9897172236504	-5.11139674378749
			15.9940017137961	-5.11568123393316
			15.9940017137961	-5.11996572407883
			15.9940017137961	-5.12425021422451
			15.9982862039417	-5.12853470437018
			15.9982862039417	-5.13281919451585
			15.9982862039417	-5.13710368466153
			16.0025706940874	-5.1413881748072
			16.0025706940874	-5.14567266495287
			16.0025706940874	-5.14995715509854
			16.0068551842331	-5.15424164524422
			16.0068551842331	-5.15852613538989
			16.0068551842331	-5.16281062553556
			16.0111396743788	-5.16709511568123
			16.0111396743788	-5.17137960582691
			16.0111396743788	-5.17566409597258
			16.0154241645244	-5.17994858611825
			16.0154241645244	-5.18423307626392
			16.0154241645244	-5.1885175664096
			16.0197086546701	-5.19280205655527
			16.0197086546701	-5.19708654670094
			16.0197086546701	-5.20137103684662
			16.0197086546701	-5.20565552699229
			16.0239931448158	-5.20994001713796
			16.0239931448158	-5.21422450728363
			16.0239931448158	-5.21850899742931
			16.0282776349614	-5.22279348757498
			16.0282776349614	-5.22707797772065
			16.0282776349614	-5.23136246786632
			16.0325621251071	-5.235646958012
			16.0325621251071	-5.23993144815767
			16.0325621251071	-5.24421593830334
			16.0368466152528	-5.24850042844901
			16.0368466152528	-5.25278491859469
			16.0368466152528	-5.25706940874036
			16.0368466152528	-5.26135389888603
			16.0411311053985	-5.26563838903171
			16.0411311053985	-5.26992287917738
			16.0411311053985	-5.27420736932305
			16.0454155955441	-5.27849185946872
			16.0454155955441	-5.2827763496144
			16.0454155955441	-5.28706083976007
			16.0497000856898	-5.29134532990574
			16.0497000856898	-5.29562982005141
			16.0497000856898	-5.29991431019709
			16.0497000856898	-5.30419880034276
			16.0539845758355	-5.30848329048843
			16.0539845758355	-5.3127677806341
			16.0539845758355	-5.31705227077978
			16.0582690659812	-5.32133676092545
			16.0582690659812	-5.32562125107112
			16.0582690659812	-5.3299057412168
			16.0582690659812	-5.33419023136247
			16.0625535561268	-5.33847472150814
			16.0625535561268	-5.34275921165381
			16.0625535561268	-5.34704370179949
			16.0625535561268	-5.35132819194516
			16.0668380462725	-5.35561268209083
			16.0668380462725	-5.3598971722365
			16.0668380462725	-5.36418166238218
			16.0711225364182	-5.36846615252785
			16.0711225364182	-5.37275064267352
			16.0711225364182	-5.37703513281919
			16.0711225364182	-5.38131962296487
			16.0754070265638	-5.38560411311054
			16.0754070265638	-5.38988860325621
			16.0754070265638	-5.39417309340189
			16.0754070265638	-5.39845758354756
			16.0796915167095	-5.40274207369323
			16.0796915167095	-5.4070265638389
			16.0796915167095	-5.41131105398458
			16.0796915167095	-5.41559554413025
			16.0839760068552	-5.41988003427592
			16.0839760068552	-5.42416452442159
			16.0839760068552	-5.42844901456727
			16.0882604970009	-5.43273350471294
			16.0882604970009	-5.43701799485861
			16.0882604970009	-5.44130248500429
			16.0882604970009	-5.44558697514996
			16.0882604970009	-5.44987146529563
			16.0925449871465	-5.44987146529563
			16.0925449871465	-5.4541559554413
			16.0925449871465	-5.45844044558698
			16.0925449871465	-5.46272493573265
			16.0925449871465	-5.46700942587832
			16.0968294772922	-5.47129391602399
			16.0968294772922	-5.47557840616967
			16.0968294772922	-5.47986289631534
			16.0968294772922	-5.48414738646101
			16.1011139674379	-5.48843187660668
			16.1011139674379	-5.49271636675236
			16.1011139674379	-5.49700085689803
			16.1011139674379	-5.5012853470437
			16.1053984575835	-5.50556983718937
			16.1053984575835	-5.50985432733505
			16.1053984575835	-5.51413881748072
			16.1053984575835	-5.51842330762639
			16.1096829477292	-5.52270779777206
			16.1096829477292	-5.52699228791774
			16.1096829477292	-5.53127677806341
			16.1096829477292	-5.53556126820908
			16.1096829477292	-5.53984575835476
			16.1139674378749	-5.54413024850043
			16.1139674378749	-5.5484147386461
			16.1139674378749	-5.55269922879177
			16.1139674378749	-5.55698371893745
			16.1182519280206	-5.56126820908312
			16.1182519280206	-5.56555269922879
			16.1182519280206	-5.56983718937446
			16.1182519280206	-5.57412167952014
			16.1225364181662	-5.57840616966581
			16.1225364181662	-5.58269065981148
			16.1225364181662	-5.58697514995715
			16.1225364181662	-5.59125964010283
			16.1225364181662	-5.5955441302485
			16.1268209083119	-5.5955441302485
			16.1268209083119	-5.59982862039417
			16.1268209083119	-5.60411311053985
			16.1268209083119	-5.60839760068552
			16.1268209083119	-5.61268209083119
			16.1311053984576	-5.61696658097686
			16.1311053984576	-5.62125107112254
			16.1311053984576	-5.62553556126821
			16.1311053984576	-5.62982005141388
			16.1353898886033	-5.63410454155955
			16.1353898886033	-5.63838903170523
			16.1353898886033	-5.6426735218509
			16.1353898886033	-5.64695801199657
			16.1353898886033	-5.65124250214224
			16.1396743787489	-5.65552699228792
			16.1396743787489	-5.65981148243359
			16.1396743787489	-5.66409597257926
			16.1396743787489	-5.66838046272494
			16.1396743787489	-5.67266495287061
			16.1439588688946	-5.67694944301628
			16.1439588688946	-5.68123393316195
			16.1439588688946	-5.68551842330763
			16.1439588688946	-5.6898029134533
			16.1439588688946	-5.69408740359897
			16.1482433590403	-5.69837189374464
			16.1482433590403	-5.70265638389032
			16.1482433590403	-5.70694087403599
			16.1482433590403	-5.71122536418166
			16.1482433590403	-5.71550985432734
			16.1525278491859	-5.71550985432734
			16.1525278491859	-5.71979434447301
			16.1525278491859	-5.72407883461868
			16.1525278491859	-5.72836332476435
			16.1525278491859	-5.73264781491003
			16.1525278491859	-5.7369323050557
			16.1568123393316	-5.74121679520137
			16.1568123393316	-5.74550128534704
			16.1568123393316	-5.74978577549272
			16.1568123393316	-5.75407026563839
			16.1568123393316	-5.75835475578406
			16.1610968294773	-5.76263924592973
			16.1610968294773	-5.76692373607541
			16.1610968294773	-5.77120822622108
			16.1610968294773	-5.77549271636675
			16.1610968294773	-5.77977720651243
			16.165381319623	-5.7840616966581
			16.165381319623	-5.78834618680377
			16.165381319623	-5.79263067694944
			16.165381319623	-5.79691516709512
			16.165381319623	-5.80119965724079
			16.1696658097686	-5.80548414738646
			16.1696658097686	-5.80976863753213
			16.1696658097686	-5.81405312767781
			16.1696658097686	-5.81833761782348
			16.1696658097686	-5.82262210796915
			16.1696658097686	-5.82690659811482
			16.1739502999143	-5.8311910882605
			16.1739502999143	-5.83547557840617
			16.1739502999143	-5.83976006855184
			16.1739502999143	-5.84404455869752
			16.1739502999143	-5.84832904884319
			16.17823479006	-5.85261353898886
			16.17823479006	-5.85689802913453
			16.17823479006	-5.86118251928021
			16.17823479006	-5.86546700942588
			16.17823479006	-5.86975149957155
			16.17823479006	-5.87403598971722
			16.17823479006	-5.8783204798629
			16.1825192802057	-5.8783204798629
			16.1825192802057	-5.88260497000857
			16.1825192802057	-5.88688946015424
			16.1825192802057	-5.89117395029991
			16.1825192802057	-5.89545844044559
			16.1825192802057	-5.89974293059126
			16.1868037703513	-5.90402742073693
			16.1868037703513	-5.90831191088261
			16.1868037703513	-5.91259640102828
			16.1868037703513	-5.91688089117395
			16.1868037703513	-5.92116538131962
			16.1868037703513	-5.9254498714653
			16.191088260497	-5.92973436161097
			16.191088260497	-5.93401885175664
			16.191088260497	-5.93830334190231
			16.191088260497	-5.94258783204799
			16.191088260497	-5.94687232219366
			16.191088260497	-5.95115681233933
			16.1953727506427	-5.955441302485
			16.1953727506427	-5.95972579263068
			16.1953727506427	-5.96401028277635
			16.1953727506427	-5.96829477292202
			16.1953727506427	-5.9725792630677
			16.1953727506427	-5.97686375321337
			16.1996572407883	-5.98114824335904
			16.1996572407883	-5.98543273350471
			16.1996572407883	-5.98971722365039
			16.1996572407883	-5.99400171379606
			16.1996572407883	-5.99828620394173
			16.1996572407883	-6.0025706940874
			16.1996572407883	-6.00685518423308
			16.203941730934	-6.01113967437875
			16.203941730934	-6.01542416452442
			16.203941730934	-6.01970865467009
			16.203941730934	-6.02399314481577
			16.203941730934	-6.02827763496144
			16.203941730934	-6.03256212510711
			16.2082262210797	-6.03684661525279
			16.2082262210797	-6.04113110539846
			16.2082262210797	-6.04541559554413
			16.2082262210797	-6.0497000856898
			16.2082262210797	-6.05398457583548
			16.2082262210797	-6.05826906598115
			16.2082262210797	-6.06255355612682
			16.2125107112254	-6.06683804627249
			16.2125107112254	-6.07112253641817
			16.2125107112254	-6.07540702656384
			16.2125107112254	-6.07969151670951
			16.2125107112254	-6.08397600685518
			16.2125107112254	-6.08826049700086
			16.2125107112254	-6.09254498714653
			16.216795201371	-6.0968294772922
			16.216795201371	-6.10111396743788
			16.216795201371	-6.10539845758355
			16.216795201371	-6.10968294772922
			16.216795201371	-6.11396743787489
			16.216795201371	-6.11825192802057
			16.216795201371	-6.12253641816624
			16.216795201371	-6.12682090831191
			16.2210796915167	-6.12682090831191
			16.2210796915167	-6.13110539845758
			16.2210796915167	-6.13538988860326
			16.2210796915167	-6.13967437874893
			16.2210796915167	-6.1439588688946
			16.2210796915167	-6.14824335904027
			16.2210796915167	-6.15252784918595
			16.2210796915167	-6.15681233933162
			16.2210796915167	-6.16109682947729
			16.2253641816624	-6.16538131962297
			16.2253641816624	-6.16966580976864
			16.2253641816624	-6.17395029991431
			16.2253641816624	-6.17823479005998
			16.2253641816624	-6.18251928020566
			16.2253641816624	-6.18680377035133
			16.2253641816624	-6.191088260497
			16.2296486718081	-6.19537275064267
			16.2296486718081	-6.19965724078835
			16.2296486718081	-6.20394173093402
			16.2296486718081	-6.20822622107969
			16.2296486718081	-6.21251071122536
			16.2296486718081	-6.21679520137104
			16.2296486718081	-6.22107969151671
			16.2296486718081	-6.22536418166238
			16.2339331619537	-6.22964867180805
			16.2339331619537	-6.23393316195373
			16.2339331619537	-6.2382176520994
			16.2339331619537	-6.24250214224507
			16.2339331619537	-6.24678663239075
			16.2339331619537	-6.25107112253642
			16.2339331619537	-6.25535561268209
			16.2339331619537	-6.25964010282776
			16.2339331619537	-6.26392459297344
			16.2382176520994	-6.26820908311911
			16.2382176520994	-6.27249357326478
			16.2382176520994	-6.27677806341045
			16.2382176520994	-6.28106255355613
			16.2382176520994	-6.2853470437018
			16.2382176520994	-6.28963153384747
			16.2382176520994	-6.29391602399314
			16.2382176520994	-6.29820051413882
			16.2382176520994	-6.30248500428449
			16.2425021422451	-6.30676949443016
			16.2425021422451	-6.31105398457584
			16.2425021422451	-6.31533847472151
			16.2425021422451	-6.31962296486718
			16.2425021422451	-6.32390745501285
			16.2425021422451	-6.32819194515853
			16.2425021422451	-6.3324764353042
			16.2425021422451	-6.33676092544987
			16.2425021422451	-6.34104541559554
			16.2467866323907	-6.34532990574122
			16.2467866323907	-6.34961439588689
			16.2467866323907	-6.35389888603256
			16.2467866323907	-6.35818337617823
			16.2467866323907	-6.36246786632391
			16.2467866323907	-6.36675235646958
			16.2467866323907	-6.37103684661525
			16.2467866323907	-6.37532133676093
			16.2467866323907	-6.3796058269066
			16.2467866323907	-6.38389031705227
			16.2510711225364	-6.38817480719794
			16.2510711225364	-6.39245929734362
			16.2510711225364	-6.39674378748929
			16.2510711225364	-6.40102827763496
			16.2510711225364	-6.40531276778063
			16.2510711225364	-6.40959725792631
			16.2510711225364	-6.41388174807198
			16.2510711225364	-6.41816623821765
			16.2510711225364	-6.42245072836332
			16.2510711225364	-6.426735218509
			16.2553556126821	-6.43101970865467
			16.2553556126821	-6.43530419880034
			16.2553556126821	-6.43958868894602
			16.2553556126821	-6.44387317909169
			16.2553556126821	-6.44815766923736
			16.2553556126821	-6.45244215938303
			16.2553556126821	-6.45672664952871
			16.2553556126821	-6.46101113967438
			16.2553556126821	-6.46529562982005
			16.2553556126821	-6.46958011996572
			16.2553556126821	-6.4738646101114
			16.2553556126821	-6.47814910025707
			16.2596401028278	-6.48243359040274
			16.2596401028278	-6.48671808054841
			16.2596401028278	-6.49100257069409
			16.2596401028278	-6.49528706083976
			16.2596401028278	-6.49957155098543
			16.2596401028278	-6.50385604113111
			16.2596401028278	-6.50814053127678
			16.2596401028278	-6.51242502142245
			16.2596401028278	-6.51670951156812
			16.2596401028278	-6.5209940017138
			16.2596401028278	-6.52527849185947
			16.2639245929734	-6.52956298200514
			16.2639245929734	-6.53384747215081
			16.2639245929734	-6.53813196229649
			16.2639245929734	-6.54241645244216
			16.2639245929734	-6.54670094258783
			16.2639245929734	-6.5509854327335
			16.2639245929734	-6.55526992287918
			16.2639245929734	-6.55955441302485
			16.2639245929734	-6.56383890317052
			16.2639245929734	-6.5681233933162
			16.2639245929734	-6.57240788346187
			16.2639245929734	-6.57669237360754
			16.2639245929734	-6.58097686375321
			16.2682090831191	-6.58526135389889
			16.2682090831191	-6.58954584404456
			16.2682090831191	-6.59383033419023
			16.2682090831191	-6.5981148243359
			16.2682090831191	-6.60239931448158
			16.2682090831191	-6.60668380462725
			16.2682090831191	-6.61096829477292
			16.2682090831191	-6.61525278491859
			16.2682090831191	-6.61953727506427
			16.2682090831191	-6.62382176520994
			16.2682090831191	-6.62810625535561
			16.2682090831191	-6.63239074550129
			16.2682090831191	-6.63667523564696
			16.2682090831191	-6.64095972579263
			16.2724935732648	-6.6452442159383
			16.2724935732648	-6.64952870608398
			16.2724935732648	-6.65381319622965
			16.2724935732648	-6.65809768637532
			16.2724935732648	-6.66238217652099
			16.2724935732648	-6.66666666666667
			16.2724935732648	-6.67095115681234
			16.2724935732648	-6.67523564695801
			16.2724935732648	-6.67952013710368
			16.2724935732648	-6.68380462724936
			16.2724935732648	-6.68808911739503
			16.2724935732648	-6.6923736075407
			16.2724935732648	-6.69665809768638
			16.2724935732648	-6.70094258783205
			16.2724935732648	-6.70522707797772
			16.2724935732648	-6.70951156812339
			16.2767780634105	-6.71379605826907
			16.2767780634105	-6.71808054841474
			16.2767780634105	-6.72236503856041
			16.2767780634105	-6.72664952870608
			16.2767780634105	-6.73093401885176
			16.2767780634105	-6.73521850899743
			16.2767780634105	-6.7395029991431
			16.2767780634105	-6.74378748928878
			16.2767780634105	-6.74807197943445
			16.2767780634105	-6.75235646958012
			16.2767780634105	-6.75664095972579
			16.2767780634105	-6.76092544987147
			16.2767780634105	-6.76520994001714
			16.2767780634105	-6.76949443016281
			16.2767780634105	-6.77377892030848
			16.2767780634105	-6.77806341045416
			16.2767780634105	-6.78234790059983
			16.2767780634105	-6.7866323907455
			16.2810625535561	-6.7866323907455
			16.2810625535561	-6.79091688089117
			16.2810625535561	-6.79520137103685
			16.2810625535561	-6.79948586118252
			16.2810625535561	-6.80377035132819
			16.2810625535561	-6.80805484147387
			16.2810625535561	-6.81233933161954
			16.2810625535561	-6.81662382176521
			16.2810625535561	-6.82090831191088
			16.2810625535561	-6.82519280205656
			16.2810625535561	-6.82947729220223
			16.2810625535561	-6.8337617823479
			16.2810625535561	-6.83804627249357
			16.2810625535561	-6.84233076263925
			16.2810625535561	-6.84661525278492
			16.2810625535561	-6.85089974293059
			16.2810625535561	-6.85518423307626
			16.2810625535561	-6.85946872322194
			16.2810625535561	-6.86375321336761
			16.2810625535561	-6.86803770351328
			16.2810625535561	-6.87232219365896
			16.2810625535561	-6.87660668380463
			16.2810625535561	-6.8808911739503
			16.2853470437018	-6.8808911739503
			16.2853470437018	-6.88517566409597
			16.2853470437018	-6.88946015424165
			16.2853470437018	-6.89374464438732
			16.2853470437018	-6.89802913453299
			16.2853470437018	-6.90231362467866
			16.2853470437018	-6.90659811482434
			16.2853470437018	-6.91088260497001
			16.2853470437018	-6.91516709511568
			16.2853470437018	-6.91945158526135
			16.2853470437018	-6.92373607540703
			16.2853470437018	-6.9280205655527
			16.2853470437018	-6.93230505569837
			16.2853470437018	-6.93658954584405
			16.2853470437018	-6.94087403598972
			16.2853470437018	-6.94515852613539
			16.2853470437018	-6.94944301628106
			16.2853470437018	-6.95372750642673
			16.2853470437018	-6.95801199657241
			16.2853470437018	-6.96229648671808
			16.2853470437018	-6.96658097686375
			16.2853470437018	-6.97086546700943
			16.2853470437018	-6.9751499571551
			16.2853470437018	-6.97943444730077
			16.2853470437018	-6.98371893744644
			16.2853470437018	-6.98800342759212
			16.2853470437018	-6.99228791773779
			16.2853470437018	-6.99657240788346
			16.2853470437018	-7.00085689802913
			16.2853470437018	-7.00514138817481
			16.2896315338475	-7.00942587832048
			16.2896315338475	-7.01371036846615
			16.2896315338475	-7.01799485861183
			16.2896315338475	-7.0222793487575
			16.2896315338475	-7.02656383890317
			16.2896315338475	-7.03084832904884
			16.2896315338475	-7.03513281919452
			16.2896315338475	-7.03941730934019
			16.2896315338475	-7.04370179948586
			16.2896315338475	-7.04798628963153
			16.2896315338475	-7.05227077977721
			16.2896315338475	-7.05655526992288
			16.2896315338475	-7.06083976006855
			16.2896315338475	-7.06512425021422
			16.2896315338475	-7.0694087403599
			16.2896315338475	-7.07369323050557
			16.2896315338475	-7.07797772065124
			16.2896315338475	-7.08226221079692
			16.2896315338475	-7.08654670094259
			16.2896315338475	-7.09083119108826
			16.2896315338475	-7.09511568123393
			16.2896315338475	-7.09940017137961
		</anterior>
		<posterior type=matrix rownames=FALSE colnames=FALSE nrow=3278 ncol=2 as.numeric=TRUE >
			11.1053984575835	-7.09940017137961
			11.1096829477292	-7.09940017137961
			11.1139674378749	-7.09940017137961
			11.1182519280206	-7.09940017137961
			11.1225364181662	-7.09940017137961
			11.1268209083119	-7.09940017137961
			11.1311053984576	-7.09940017137961
			11.1353898886033	-7.09940017137961
			11.1396743787489	-7.09940017137961
			11.1439588688946	-7.09940017137961
			11.1482433590403	-7.09940017137961
			11.1525278491859	-7.09940017137961
			11.1568123393316	-7.09940017137961
			11.1610968294773	-7.09940017137961
			11.165381319623	-7.09940017137961
			11.1696658097686	-7.09940017137961
			11.1739502999143	-7.09511568123393
			11.17823479006	-7.09511568123393
			11.1825192802057	-7.09511568123393
			11.1868037703513	-7.09511568123393
			11.191088260497	-7.09511568123393
			11.1953727506427	-7.09511568123393
			11.1996572407883	-7.09511568123393
			11.203941730934	-7.09511568123393
			11.2082262210797	-7.09511568123393
			11.2125107112254	-7.09511568123393
			11.216795201371	-7.09511568123393
			11.2210796915167	-7.09511568123393
			11.2253641816624	-7.09511568123393
			11.2296486718081	-7.09511568123393
			11.2339331619537	-7.09511568123393
			11.2382176520994	-7.09511568123393
			11.2425021422451	-7.09511568123393
			11.2467866323907	-7.09511568123393
			11.2510711225364	-7.09511568123393
			11.2553556126821	-7.09511568123393
			11.2596401028278	-7.09511568123393
			11.2639245929734	-7.09511568123393
			11.2682090831191	-7.09083119108826
			11.2724935732648	-7.09083119108826
			11.2767780634105	-7.09083119108826
			11.2810625535561	-7.09083119108826
			11.2853470437018	-7.09083119108826
			11.2896315338475	-7.09083119108826
			11.2939160239931	-7.09083119108826
			11.2982005141388	-7.09083119108826
			11.3024850042845	-7.09083119108826
			11.3067694944302	-7.09083119108826
			11.3110539845758	-7.09083119108826
			11.3153384747215	-7.09083119108826
			11.3196229648672	-7.09083119108826
			11.3239074550129	-7.09083119108826
			11.3281919451585	-7.09083119108826
			11.3324764353042	-7.09083119108826
			11.3367609254499	-7.08654670094259
			11.3410454155955	-7.08654670094259
			11.3453299057412	-7.08654670094259
			11.3496143958869	-7.08654670094259
			11.3538988860326	-7.08654670094259
			11.3581833761782	-7.08654670094259
			11.3624678663239	-7.08654670094259
			11.3667523564696	-7.08654670094259
			11.3710368466153	-7.08654670094259
			11.3753213367609	-7.08654670094259
			11.3796058269066	-7.08654670094259
			11.3838903170523	-7.08654670094259
			11.3881748071979	-7.08654670094259
			11.3924592973436	-7.08654670094259
			11.3967437874893	-7.08226221079692
			11.401028277635	-7.08226221079692
			11.4053127677806	-7.08226221079692
			11.4095972579263	-7.08226221079692
			11.413881748072	-7.08226221079692
			11.4181662382177	-7.08226221079692
			11.4224507283633	-7.08226221079692
			11.426735218509	-7.08226221079692
			11.4310197086547	-7.08226221079692
			11.4353041988003	-7.08226221079692
			11.439588688946	-7.08226221079692
			11.4438731790917	-7.08226221079692
			11.4481576692374	-7.07797772065124
			11.452442159383	-7.07797772065124
			11.4567266495287	-7.07797772065124
			11.4610111396744	-7.07797772065124
			11.4652956298201	-7.07797772065124
			11.4695801199657	-7.07797772065124
			11.4738646101114	-7.07797772065124
			11.4781491002571	-7.07797772065124
			11.4824335904027	-7.07797772065124
			11.4867180805484	-7.07797772065124
			11.4910025706941	-7.07797772065124
			11.4952870608398	-7.07369323050557
			11.4995715509854	-7.07369323050557
			11.5038560411311	-7.07369323050557
			11.5081405312768	-7.07369323050557
			11.5124250214225	-7.07369323050557
			11.5167095115681	-7.07369323050557
			11.5209940017138	-7.07369323050557
			11.5252784918595	-7.07369323050557
			11.5295629820051	-7.07369323050557
			11.5338474721508	-7.07369323050557
			11.5381319622965	-7.0694087403599
			11.5424164524422	-7.0694087403599
			11.5467009425878	-7.0694087403599
			11.5509854327335	-7.0694087403599
			11.5552699228792	-7.0694087403599
			11.5595544130249	-7.0694087403599
			11.5638389031705	-7.0694087403599
			11.5681233933162	-7.0694087403599
			11.5724078834619	-7.0694087403599
			11.5766923736075	-7.0694087403599
			11.5809768637532	-7.06512425021422
			11.5852613538989	-7.06512425021422
			11.5895458440446	-7.06512425021422
			11.5938303341902	-7.06512425021422
			11.5981148243359	-7.06512425021422
			11.6023993144816	-7.06512425021422
			11.6066838046273	-7.06512425021422
			11.6109682947729	-7.06512425021422
			11.6152527849186	-7.06083976006855
			11.6195372750643	-7.06083976006855
			11.6238217652099	-7.06083976006855
			11.6281062553556	-7.06083976006855
			11.6323907455013	-7.06083976006855
			11.636675235647	-7.06083976006855
			11.6409597257926	-7.06083976006855
			11.6452442159383	-7.06083976006855
			11.649528706084	-7.06083976006855
			11.6538131962296	-7.05655526992288
			11.6580976863753	-7.05655526992288
			11.662382176521	-7.05655526992288
			11.6666666666667	-7.05655526992288
			11.6709511568123	-7.05655526992288
			11.675235646958	-7.05655526992288
			11.6795201371037	-7.05655526992288
			11.6838046272494	-7.05655526992288
			11.688089117395	-7.05227077977721
			11.6923736075407	-7.05227077977721
			11.6966580976864	-7.05227077977721
			11.700942587832	-7.05227077977721
			11.7052270779777	-7.05227077977721
			11.7095115681234	-7.05227077977721
			11.7137960582691	-7.05227077977721
			11.7180805484147	-7.05227077977721
			11.7180805484147	-7.04798628963153
			11.7223650385604	-7.04798628963153
			11.7266495287061	-7.04798628963153
			11.7309340188518	-7.04798628963153
			11.7352185089974	-7.04798628963153
			11.7395029991431	-7.04798628963153
			11.7437874892888	-7.04798628963153
			11.7480719794344	-7.04798628963153
			11.7523564695801	-7.04798628963153
			11.7523564695801	-7.04370179948586
			11.7566409597258	-7.04370179948586
			11.7609254498715	-7.04370179948586
			11.7652099400171	-7.04370179948586
			11.7694944301628	-7.04370179948586
			11.7737789203085	-7.04370179948586
			11.7780634104542	-7.04370179948586
			11.7823479005998	-7.04370179948586
			11.7866323907455	-7.03941730934019
			11.7909168808912	-7.03941730934019
			11.7952013710368	-7.03941730934019
			11.7994858611825	-7.03941730934019
			11.8037703513282	-7.03941730934019
			11.8080548414739	-7.03941730934019
			11.8123393316195	-7.03941730934019
			11.8123393316195	-7.03513281919452
			11.8166238217652	-7.03513281919452
			11.8209083119109	-7.03513281919452
			11.8251928020566	-7.03513281919452
			11.8294772922022	-7.03513281919452
			11.8337617823479	-7.03513281919452
			11.8380462724936	-7.03513281919452
			11.8423307626392	-7.03513281919452
			11.8423307626392	-7.03084832904884
			11.8466152527849	-7.03084832904884
			11.8508997429306	-7.03084832904884
			11.8551842330763	-7.03084832904884
			11.8594687232219	-7.03084832904884
			11.8637532133676	-7.03084832904884
			11.8680377035133	-7.03084832904884
			11.872322193659	-7.02656383890317
			11.8766066838046	-7.02656383890317
			11.8808911739503	-7.02656383890317
			11.885175664096	-7.02656383890317
			11.8894601542416	-7.02656383890317
			11.8937446443873	-7.02656383890317
			11.898029134533	-7.02656383890317
			11.9023136246787	-7.0222793487575
			11.9065981148243	-7.0222793487575
			11.91088260497	-7.0222793487575
			11.9151670951157	-7.0222793487575
			11.9194515852614	-7.0222793487575
			11.923736075407	-7.0222793487575
			11.923736075407	-7.01799485861183
			11.9280205655527	-7.01799485861183
			11.9323050556984	-7.01799485861183
			11.936589545844	-7.01799485861183
			11.9408740359897	-7.01799485861183
			11.9451585261354	-7.01799485861183
			11.9494430162811	-7.01799485861183
			11.9537275064267	-7.01371036846615
			11.9580119965724	-7.01371036846615
			11.9622964867181	-7.01371036846615
			11.9665809768638	-7.01371036846615
			11.9708654670094	-7.01371036846615
			11.9751499571551	-7.01371036846615
			11.9794344473008	-7.00942587832048
			11.9837189374464	-7.00942587832048
			11.9880034275921	-7.00942587832048
			11.9922879177378	-7.00942587832048
			11.9965724078835	-7.00942587832048
			12.0008568980291	-7.00942587832048
			12.0051413881748	-7.00514138817481
			12.0094258783205	-7.00514138817481
			12.0137103684662	-7.00514138817481
			12.0179948586118	-7.00514138817481
			12.0222793487575	-7.00514138817481
			12.0265638389032	-7.00514138817481
			12.0308483290488	-7.00085689802913
			12.0351328191945	-7.00085689802913
			12.0394173093402	-7.00085689802913
			12.0437017994859	-7.00085689802913
			12.0479862896315	-7.00085689802913
			12.0522707797772	-6.99657240788346
			12.0565552699229	-6.99657240788346
			12.0608397600686	-6.99657240788346
			12.0651242502142	-6.99657240788346
			12.0694087403599	-6.99657240788346
			12.0736932305056	-6.99657240788346
			12.0779777206512	-6.99228791773779
			12.0822622107969	-6.99228791773779
			12.0865467009426	-6.99228791773779
			12.0908311910883	-6.99228791773779
			12.0951156812339	-6.99228791773779
			12.0994001713796	-6.98800342759212
			12.1036846615253	-6.98800342759212
			12.107969151671	-6.98800342759212
			12.1122536418166	-6.98800342759212
			12.1165381319623	-6.98800342759212
			12.120822622108	-6.98371893744644
			12.1251071122536	-6.98371893744644
			12.1293916023993	-6.98371893744644
			12.133676092545	-6.98371893744644
			12.1379605826907	-6.98371893744644
			12.1422450728363	-6.98371893744644
			12.146529562982	-6.97943444730077
			12.1508140531277	-6.97943444730077
			12.1550985432734	-6.97943444730077
			12.159383033419	-6.97943444730077
			12.1636675235647	-6.97943444730077
			12.1679520137104	-6.9751499571551
			12.172236503856	-6.9751499571551
			12.1765209940017	-6.9751499571551
			12.1808054841474	-6.9751499571551
			12.1850899742931	-6.9751499571551
			12.1893744644387	-6.9751499571551
			12.1936589545844	-6.97086546700943
			12.1979434447301	-6.97086546700943
			12.2022279348758	-6.97086546700943
			12.2065124250214	-6.97086546700943
			12.2107969151671	-6.96658097686375
			12.2150814053128	-6.96658097686375
			12.2193658954584	-6.96658097686375
			12.2236503856041	-6.96658097686375
			12.2279348757498	-6.96658097686375
			12.2322193658955	-6.96229648671808
			12.2365038560411	-6.96229648671808
			12.2407883461868	-6.96229648671808
			12.2450728363325	-6.96229648671808
			12.2493573264781	-6.96229648671808
			12.2536418166238	-6.95801199657241
			12.2579263067695	-6.95801199657241
			12.2622107969152	-6.95801199657241
			12.2664952870608	-6.95801199657241
			12.2707797772065	-6.95801199657241
			12.2750642673522	-6.95801199657241
			12.2793487574979	-6.95372750642673
			12.2836332476435	-6.95372750642673
			12.2879177377892	-6.95372750642673
			12.2922022279349	-6.95372750642673
			12.2964867180805	-6.94944301628106
			12.3007712082262	-6.94944301628106
			12.3050556983719	-6.94944301628106
			12.3093401885176	-6.94944301628106
			12.3136246786632	-6.94944301628106
			12.3179091688089	-6.94515852613539
			12.3221936589546	-6.94515852613539
			12.3264781491003	-6.94515852613539
			12.3307626392459	-6.94515852613539
			12.3350471293916	-6.94515852613539
			12.3393316195373	-6.94087403598972
			12.3436161096829	-6.94087403598972
			12.3479005998286	-6.94087403598972
			12.3521850899743	-6.94087403598972
			12.35646958012	-6.93658954584405
			12.3607540702656	-6.93658954584405
			12.3650385604113	-6.93658954584405
			12.369323050557	-6.93658954584405
			12.3736075407027	-6.93658954584405
			12.3778920308483	-6.93230505569837
			12.382176520994	-6.93230505569837
			12.3864610111397	-6.93230505569837
			12.3907455012853	-6.93230505569837
			12.395029991431	-6.93230505569837
			12.3993144815767	-6.9280205655527
			12.4035989717224	-6.9280205655527
			12.407883461868	-6.9280205655527
			12.4121679520137	-6.9280205655527
			12.4164524421594	-6.92373607540703
			12.4207369323051	-6.92373607540703
			12.4250214224507	-6.92373607540703
			12.4293059125964	-6.92373607540703
			12.4335904027421	-6.92373607540703
			12.4378748928877	-6.91945158526135
			12.4421593830334	-6.91945158526135
			12.4464438731791	-6.91945158526135
			12.4507283633248	-6.91945158526135
			12.4550128534704	-6.91516709511568
			12.4592973436161	-6.91516709511568
			12.4635818337618	-6.91516709511568
			12.4678663239075	-6.91516709511568
			12.4721508140531	-6.91516709511568
			12.4764353041988	-6.91088260497001
			12.4807197943445	-6.91088260497001
			12.4850042844901	-6.91088260497001
			12.4892887746358	-6.91088260497001
			12.4935732647815	-6.90659811482434
			12.4978577549272	-6.90659811482434
			12.5021422450728	-6.90659811482434
			12.5064267352185	-6.90659811482434
			12.5107112253642	-6.90659811482434
			12.5149957155099	-6.90231362467866
			12.5192802056555	-6.90231362467866
			12.5235646958012	-6.90231362467866
			12.5278491859469	-6.90231362467866
			12.5321336760925	-6.89802913453299
			12.5364181662382	-6.89802913453299
			12.5407026563839	-6.89802913453299
			12.5449871465296	-6.89802913453299
			12.5492716366752	-6.89374464438732
			12.5535561268209	-6.89374464438732
			12.5578406169666	-6.89374464438732
			12.5621251071123	-6.89374464438732
			12.5664095972579	-6.88946015424165
			12.5706940874036	-6.88946015424165
			12.5749785775493	-6.88946015424165
			12.5792630676949	-6.88946015424165
			12.5835475578406	-6.88946015424165
			12.5878320479863	-6.88517566409597
			12.592116538132	-6.88517566409597
			12.5964010282776	-6.88517566409597
			12.6006855184233	-6.88517566409597
			12.604970008569	-6.8808911739503
			12.6092544987147	-6.8808911739503
			12.6135389888603	-6.8808911739503
			12.617823479006	-6.8808911739503
			12.6221079691517	-6.87660668380463
			12.6263924592973	-6.87660668380463
			12.630676949443	-6.87660668380463
			12.6349614395887	-6.87660668380463
			12.6392459297344	-6.87232219365896
			12.64353041988	-6.87232219365896
			12.6478149100257	-6.87232219365896
			12.6520994001714	-6.87232219365896
			12.6563838903171	-6.86803770351328
			12.6606683804627	-6.86803770351328
			12.6649528706084	-6.86803770351328
			12.6692373607541	-6.86803770351328
			12.6735218508997	-6.86375321336761
			12.6778063410454	-6.86375321336761
			12.6820908311911	-6.86375321336761
			12.6863753213368	-6.86375321336761
			12.6906598114824	-6.85946872322194
			12.6949443016281	-6.85946872322194
			12.6992287917738	-6.85946872322194
			12.7035132819195	-6.85946872322194
			12.7077977720651	-6.85518423307626
			12.7120822622108	-6.85518423307626
			12.7163667523565	-6.85518423307626
			12.7206512425021	-6.85518423307626
			12.7249357326478	-6.85518423307626
			12.7292202227935	-6.85518423307626
			12.7335047129392	-6.85518423307626
			12.7377892030848	-6.85518423307626
			12.7420736932305	-6.85518423307626
			12.7463581833762	-6.85518423307626
			12.7506426735219	-6.85518423307626
			12.7549271636675	-6.85518423307626
			12.7592116538132	-6.85518423307626
			12.7634961439589	-6.85518423307626
			12.7677806341045	-6.85518423307626
			12.7720651242502	-6.85518423307626
			12.7763496143959	-6.85089974293059
			12.7806341045416	-6.85089974293059
			12.7849185946872	-6.85089974293059
			12.7892030848329	-6.85089974293059
			12.7934875749786	-6.85089974293059
			12.7977720651243	-6.85089974293059
			12.8020565552699	-6.85089974293059
			12.8063410454156	-6.85089974293059
			12.8106255355613	-6.85089974293059
			12.8149100257069	-6.85089974293059
			12.8191945158526	-6.85089974293059
			12.8234790059983	-6.85089974293059
			12.827763496144	-6.85089974293059
			12.8320479862896	-6.85089974293059
			12.8363324764353	-6.85089974293059
			12.840616966581	-6.85089974293059
			12.8449014567266	-6.85089974293059
			12.8491859468723	-6.85089974293059
			12.853470437018	-6.85089974293059
			12.8577549271637	-6.85089974293059
			12.8620394173093	-6.85089974293059
			12.866323907455	-6.85089974293059
			12.8706083976007	-6.85089974293059
			12.8748928877464	-6.85089974293059
			12.879177377892	-6.85089974293059
			12.8834618680377	-6.85089974293059
			12.8877463581834	-6.85089974293059
			12.892030848329	-6.85089974293059
			12.8963153384747	-6.85089974293059
			12.9005998286204	-6.85089974293059
			12.9048843187661	-6.85089974293059
			12.9091688089117	-6.85089974293059
			12.9134532990574	-6.85089974293059
			12.9177377892031	-6.85089974293059
			12.9220222793488	-6.85089974293059
			12.9263067694944	-6.85089974293059
			12.9305912596401	-6.85089974293059
			12.9348757497858	-6.85089974293059
			12.9391602399314	-6.85089974293059
			12.9434447300771	-6.84661525278492
			12.9477292202228	-6.84661525278492
			12.9520137103685	-6.84661525278492
			12.9562982005141	-6.84661525278492
			12.9605826906598	-6.84661525278492
			12.9648671808055	-6.84661525278492
			12.9691516709512	-6.84661525278492
			12.9734361610968	-6.84661525278492
			12.9777206512425	-6.84661525278492
			12.9820051413882	-6.84661525278492
			12.9862896315338	-6.84661525278492
			12.9905741216795	-6.84661525278492
			12.9948586118252	-6.84661525278492
			12.9991431019709	-6.84661525278492
			13.0034275921165	-6.84661525278492
			13.0077120822622	-6.84661525278492
			13.0119965724079	-6.84661525278492
			13.0162810625536	-6.84661525278492
			13.0205655526992	-6.84661525278492
			13.0248500428449	-6.84661525278492
			13.0291345329906	-6.84661525278492
			13.0334190231362	-6.84661525278492
			13.0377035132819	-6.84661525278492
			13.0419880034276	-6.84661525278492
			13.0462724935733	-6.84661525278492
			13.0505569837189	-6.84661525278492
			13.0548414738646	-6.84661525278492
			13.0591259640103	-6.84661525278492
			13.063410454156	-6.84661525278492
			13.0676949443016	-6.84661525278492
			13.0719794344473	-6.84661525278492
			13.076263924593	-6.84661525278492
			13.0805484147386	-6.84661525278492
			13.0848329048843	-6.84661525278492
			13.08911739503	-6.84661525278492
			13.0934018851757	-6.84661525278492
			13.0976863753213	-6.84661525278492
			13.101970865467	-6.84661525278492
			13.1062553556127	-6.84661525278492
			13.1105398457584	-6.84661525278492
			13.114824335904	-6.84661525278492
			13.1191088260497	-6.84661525278492
			13.1233933161954	-6.84661525278492
			13.127677806341	-6.84661525278492
			13.1319622964867	-6.84661525278492
			13.1362467866324	-6.84661525278492
			13.1405312767781	-6.84661525278492
			13.1448157669237	-6.84661525278492
			13.1491002570694	-6.84661525278492
			13.1533847472151	-6.84661525278492
			13.1576692373608	-6.84661525278492
			13.1619537275064	-6.84661525278492
			13.1662382176521	-6.84661525278492
			13.1705227077978	-6.84661525278492
			13.1748071979434	-6.84661525278492
			13.1790916880891	-6.84661525278492
			13.1833761782348	-6.84661525278492
			13.1876606683805	-6.84661525278492
			13.1919451585261	-6.84661525278492
			13.1962296486718	-6.84661525278492
			13.2005141388175	-6.84661525278492
			13.2047986289632	-6.84661525278492
			13.2090831191088	-6.84661525278492
			13.2133676092545	-6.84661525278492
			13.2176520994002	-6.84661525278492
			13.2219365895458	-6.84661525278492
			13.2262210796915	-6.84661525278492
			13.2305055698372	-6.84661525278492
			13.2347900599829	-6.84661525278492
			13.2390745501285	-6.84661525278492
			13.2433590402742	-6.84661525278492
			13.2476435304199	-6.84661525278492
			13.2519280205656	-6.84661525278492
			13.2562125107112	-6.84661525278492
			13.2604970008569	-6.84661525278492
			13.2647814910026	-6.84661525278492
			13.2690659811482	-6.84661525278492
			13.2733504712939	-6.84661525278492
			13.2776349614396	-6.84661525278492
			13.2819194515853	-6.84661525278492
			13.2862039417309	-6.84661525278492
			13.2904884318766	-6.84661525278492
			13.2947729220223	-6.84661525278492
			13.299057412168	-6.84661525278492
			13.3033419023136	-6.84661525278492
			13.3076263924593	-6.84661525278492
			13.311910882605	-6.84661525278492
			13.3161953727506	-6.84661525278492
			13.3204798628963	-6.84661525278492
			13.324764353042	-6.84661525278492
			13.3290488431877	-6.84661525278492
			13.3333333333333	-6.84661525278492
			13.337617823479	-6.84661525278492
			13.3419023136247	-6.84661525278492
			13.3461868037704	-6.84661525278492
			13.350471293916	-6.84661525278492
			13.3547557840617	-6.84661525278492
			13.3590402742074	-6.84661525278492
			13.363324764353	-6.84661525278492
			13.3676092544987	-6.84661525278492
			13.3718937446444	-6.84661525278492
			13.3761782347901	-6.84661525278492
			13.3804627249357	-6.84661525278492
			13.3847472150814	-6.84661525278492
			13.3890317052271	-6.84661525278492
			13.3933161953728	-6.84661525278492
			13.3976006855184	-6.84661525278492
			13.4018851756641	-6.84661525278492
			13.4061696658098	-6.84661525278492
			13.4104541559554	-6.84661525278492
			13.4147386461011	-6.84661525278492
			13.4190231362468	-6.84661525278492
			13.4233076263925	-6.84661525278492
			13.4275921165381	-6.84661525278492
			13.4318766066838	-6.84661525278492
			13.4361610968295	-6.84661525278492
			13.4404455869751	-6.84661525278492
			13.4447300771208	-6.84661525278492
			13.4490145672665	-6.84661525278492
			13.4532990574122	-6.84661525278492
			13.4575835475578	-6.84661525278492
			13.4618680377035	-6.84661525278492
			13.4661525278492	-6.84661525278492
			13.4704370179949	-6.84661525278492
			13.4747215081405	-6.84661525278492
			13.4790059982862	-6.84661525278492
			13.4832904884319	-6.84661525278492
			13.4875749785776	-6.84661525278492
			13.4918594687232	-6.84661525278492
			13.4961439588689	-6.84661525278492
			13.5004284490146	-6.84661525278492
			13.5047129391602	-6.84661525278492
			13.5089974293059	-6.84661525278492
			13.5132819194516	-6.84661525278492
			13.5175664095973	-6.84661525278492
			13.5218508997429	-6.84661525278492
			13.5261353898886	-6.84661525278492
			13.5304198800343	-6.84661525278492
			13.5347043701799	-6.84661525278492
			13.5389888603256	-6.84661525278492
			13.5432733504713	-6.84661525278492
			13.547557840617	-6.84661525278492
			13.5518423307626	-6.84661525278492
			13.5561268209083	-6.84661525278492
			13.560411311054	-6.84661525278492
			13.5646958011997	-6.84661525278492
			13.5689802913453	-6.84661525278492
			13.573264781491	-6.84661525278492
			13.5775492716367	-6.84661525278492
			13.5818337617823	-6.85089974293059
			13.586118251928	-6.85089974293059
			13.5904027420737	-6.85089974293059
			13.5946872322194	-6.85089974293059
			13.598971722365	-6.85089974293059
			13.6032562125107	-6.85089974293059
			13.6075407026564	-6.85089974293059
			13.6118251928021	-6.85089974293059
			13.6161096829477	-6.85089974293059
			13.6203941730934	-6.85089974293059
			13.6246786632391	-6.85089974293059
			13.6289631533847	-6.85089974293059
			13.6332476435304	-6.85089974293059
			13.6375321336761	-6.85089974293059
			13.6418166238218	-6.85089974293059
			13.6461011139674	-6.85089974293059
			13.6503856041131	-6.85089974293059
			13.6546700942588	-6.85089974293059
			13.6589545844045	-6.85089974293059
			13.6632390745501	-6.85089974293059
			13.6675235646958	-6.85089974293059
			13.6718080548415	-6.85089974293059
			13.6760925449871	-6.85089974293059
			13.6803770351328	-6.85089974293059
			13.6846615252785	-6.85089974293059
			13.6889460154242	-6.85089974293059
			13.6932305055698	-6.85089974293059
			13.6975149957155	-6.85089974293059
			13.7017994858612	-6.85089974293059
			13.7060839760069	-6.85089974293059
			13.7103684661525	-6.85089974293059
			13.7146529562982	-6.85089974293059
			13.7189374464439	-6.85089974293059
			13.7232219365895	-6.85089974293059
			13.7275064267352	-6.85089974293059
			13.7317909168809	-6.85089974293059
			13.7360754070266	-6.85089974293059
			13.7403598971722	-6.85089974293059
			13.7446443873179	-6.85518423307626
			13.7489288774636	-6.85518423307626
			13.7532133676093	-6.85518423307626
			13.7574978577549	-6.85518423307626
			13.7617823479006	-6.85518423307626
			13.7660668380463	-6.85518423307626
			13.7703513281919	-6.85518423307626
			13.7746358183376	-6.85518423307626
			13.7789203084833	-6.85518423307626
			13.783204798629	-6.85518423307626
			13.7874892887746	-6.85518423307626
			13.7917737789203	-6.85518423307626
			13.796058269066	-6.85518423307626
			13.8003427592117	-6.85518423307626
			13.8046272493573	-6.85518423307626
			13.808911739503	-6.85518423307626
			13.8131962296487	-6.85518423307626
			13.8174807197943	-6.85518423307626
			13.82176520994	-6.85518423307626
			13.8260497000857	-6.85518423307626
			13.8303341902314	-6.85518423307626
			13.834618680377	-6.85518423307626
			13.8389031705227	-6.85518423307626
			13.8431876606684	-6.85518423307626
			13.8474721508141	-6.85518423307626
			13.8517566409597	-6.85518423307626
			13.8560411311054	-6.85518423307626
			13.8603256212511	-6.85518423307626
			13.8646101113967	-6.85946872322194
			13.8688946015424	-6.85946872322194
			13.8731790916881	-6.85946872322194
			13.8774635818338	-6.85946872322194
			13.8817480719794	-6.85946872322194
			13.8860325621251	-6.85946872322194
			13.8903170522708	-6.85946872322194
			13.8946015424165	-6.85946872322194
			13.8988860325621	-6.85946872322194
			13.9031705227078	-6.85946872322194
			13.9074550128535	-6.85946872322194
			13.9117395029991	-6.85946872322194
			13.9160239931448	-6.85946872322194
			13.9203084832905	-6.85946872322194
			13.9245929734362	-6.85946872322194
			13.9288774635818	-6.85946872322194
			13.9331619537275	-6.85946872322194
			13.9374464438732	-6.85946872322194
			13.9417309340189	-6.85946872322194
			13.9460154241645	-6.85946872322194
			13.9502999143102	-6.85946872322194
			13.9545844044559	-6.85946872322194
			13.9588688946015	-6.85946872322194
			13.9631533847472	-6.85946872322194
			13.9674378748929	-6.86375321336761
			13.9717223650386	-6.86375321336761
			13.9760068551842	-6.86375321336761
			13.9802913453299	-6.86375321336761
			13.9845758354756	-6.86375321336761
			13.9888603256213	-6.86375321336761
			13.9931448157669	-6.86375321336761
			13.9974293059126	-6.86375321336761
			14.0017137960583	-6.86375321336761
			14.0059982862039	-6.86375321336761
			14.0102827763496	-6.86375321336761
			14.0145672664953	-6.86375321336761
			14.018851756641	-6.86375321336761
			14.0231362467866	-6.86375321336761
			14.0274207369323	-6.86375321336761
			14.031705227078	-6.86375321336761
			14.0359897172237	-6.86375321336761
			14.0402742073693	-6.86375321336761
			14.044558697515	-6.86375321336761
			14.0488431876607	-6.86375321336761
			14.0531276778063	-6.86803770351328
			14.057412167952	-6.86803770351328
			14.0616966580977	-6.86803770351328
			14.0659811482434	-6.86803770351328
			14.070265638389	-6.86803770351328
			14.0745501285347	-6.86803770351328
			14.0788346186804	-6.86803770351328
			14.0831191088261	-6.86803770351328
			14.0874035989717	-6.86803770351328
			14.0916880891174	-6.86803770351328
			14.0959725792631	-6.86803770351328
			14.1002570694087	-6.86803770351328
			14.1045415595544	-6.86803770351328
			14.1088260497001	-6.86803770351328
			14.1131105398458	-6.86803770351328
			14.1173950299914	-6.86803770351328
			14.1216795201371	-6.86803770351328
			14.1259640102828	-6.86803770351328
			14.1302485004284	-6.87232219365896
			14.1345329905741	-6.87232219365896
			14.1388174807198	-6.87232219365896
			14.1431019708655	-6.87232219365896
			14.1473864610111	-6.87232219365896
			14.1516709511568	-6.87232219365896
			14.1559554413025	-6.87232219365896
			14.1602399314482	-6.87232219365896
			14.1645244215938	-6.87232219365896
			14.1688089117395	-6.87232219365896
			14.1730934018852	-6.87232219365896
			14.1773778920308	-6.87232219365896
			14.1816623821765	-6.87232219365896
			14.1859468723222	-6.87232219365896
			14.1902313624679	-6.87232219365896
			14.1945158526135	-6.87232219365896
			14.1988003427592	-6.87232219365896
			14.2030848329049	-6.87660668380463
			14.2073693230506	-6.87660668380463
			14.2116538131962	-6.87660668380463
			14.2159383033419	-6.87660668380463
			14.2202227934876	-6.87660668380463
			14.2245072836332	-6.87660668380463
			14.2287917737789	-6.87660668380463
			14.2330762639246	-6.87660668380463
			14.2373607540703	-6.87660668380463
			14.2416452442159	-6.87660668380463
			14.2459297343616	-6.87660668380463
			14.2502142245073	-6.87660668380463
			14.254498714653	-6.87660668380463
			14.2587832047986	-6.87660668380463
			14.2630676949443	-6.87660668380463
			14.26735218509	-6.87660668380463
			14.26735218509	-6.8808911739503
			14.2716366752356	-6.8808911739503
			14.2759211653813	-6.8808911739503
			14.280205655527	-6.8808911739503
			14.2844901456727	-6.8808911739503
			14.2887746358183	-6.8808911739503
			14.293059125964	-6.8808911739503
			14.2973436161097	-6.8808911739503
			14.3016281062554	-6.8808911739503
			14.305912596401	-6.8808911739503
			14.3101970865467	-6.8808911739503
			14.3144815766924	-6.8808911739503
			14.318766066838	-6.8808911739503
			14.3230505569837	-6.8808911739503
			14.3273350471294	-6.8808911739503
			14.3316195372751	-6.88517566409597
			14.3359040274207	-6.88517566409597
			14.3401885175664	-6.88517566409597
			14.3444730077121	-6.88517566409597
			14.3487574978578	-6.88517566409597
			14.3530419880034	-6.88517566409597
			14.3573264781491	-6.88517566409597
			14.3616109682948	-6.88517566409597
			14.3658954584404	-6.88517566409597
			14.3701799485861	-6.88517566409597
			14.3744644387318	-6.88517566409597
			14.3787489288775	-6.88517566409597
			14.3830334190231	-6.88517566409597
			14.3873179091688	-6.88517566409597
			14.3916023993145	-6.88517566409597
			14.3916023993145	-6.88946015424165
			14.3958868894602	-6.88946015424165
			14.4001713796058	-6.88946015424165
			14.4044558697515	-6.88946015424165
			14.4087403598972	-6.88946015424165
			14.4130248500428	-6.88946015424165
			14.4173093401885	-6.88946015424165
			14.4215938303342	-6.88946015424165
			14.4258783204799	-6.88946015424165
			14.4301628106255	-6.88946015424165
			14.4344473007712	-6.88946015424165
			14.4387317909169	-6.88946015424165
			14.4430162810626	-6.88946015424165
			14.4473007712082	-6.88946015424165
			14.4515852613539	-6.89374464438732
			14.4558697514996	-6.89374464438732
			14.4601542416452	-6.89374464438732
			14.4644387317909	-6.89374464438732
			14.4687232219366	-6.89374464438732
			14.4730077120823	-6.89374464438732
			14.4772922022279	-6.89374464438732
			14.4815766923736	-6.89374464438732
			14.4858611825193	-6.89374464438732
			14.490145672665	-6.89374464438732
			14.4944301628106	-6.89374464438732
			14.4987146529563	-6.89802913453299
			14.502999143102	-6.89802913453299
			14.5072836332476	-6.89802913453299
			14.5115681233933	-6.89802913453299
			14.515852613539	-6.89802913453299
			14.5201371036847	-6.89802913453299
			14.5244215938303	-6.89802913453299
			14.528706083976	-6.89802913453299
			14.5329905741217	-6.89802913453299
			14.5372750642674	-6.89802913453299
			14.541559554413	-6.89802913453299
			14.5458440445587	-6.89802913453299
			14.5501285347044	-6.89802913453299
			14.55441302485	-6.90231362467866
			14.5586975149957	-6.90231362467866
			14.5629820051414	-6.90231362467866
			14.5672664952871	-6.90231362467866
			14.5715509854327	-6.90231362467866
			14.5758354755784	-6.90231362467866
			14.5801199657241	-6.90231362467866
			14.5844044558698	-6.90231362467866
			14.5886889460154	-6.90231362467866
			14.5929734361611	-6.90231362467866
			14.5972579263068	-6.90231362467866
			14.6015424164524	-6.90231362467866
			14.6058269065981	-6.90659811482434
			14.6101113967438	-6.90659811482434
			14.6143958868895	-6.90659811482434
			14.6186803770351	-6.90659811482434
			14.6229648671808	-6.90659811482434
			14.6272493573265	-6.90659811482434
			14.6315338474722	-6.90659811482434
			14.6358183376178	-6.90659811482434
			14.6401028277635	-6.90659811482434
			14.6443873179092	-6.90659811482434
			14.6486718080548	-6.91088260497001
			14.6529562982005	-6.91088260497001
			14.6572407883462	-6.91088260497001
			14.6615252784919	-6.91088260497001
			14.6658097686375	-6.91088260497001
			14.6700942587832	-6.91088260497001
			14.6743787489289	-6.91088260497001
			14.6786632390746	-6.91088260497001
			14.6829477292202	-6.91088260497001
			14.6872322193659	-6.91088260497001
			14.6915167095116	-6.91088260497001
			14.6958011996572	-6.91516709511568
			14.7000856898029	-6.91516709511568
			14.7043701799486	-6.91516709511568
			14.7086546700943	-6.91516709511568
			14.7129391602399	-6.91516709511568
			14.7172236503856	-6.91516709511568
			14.7215081405313	-6.91516709511568
			14.7257926306769	-6.91516709511568
			14.7300771208226	-6.91516709511568
			14.7343616109683	-6.91516709511568
			14.738646101114	-6.91945158526135
			14.7429305912596	-6.91945158526135
			14.7472150814053	-6.91945158526135
			14.751499571551	-6.91945158526135
			14.7557840616967	-6.91945158526135
			14.7600685518423	-6.91945158526135
			14.764353041988	-6.91945158526135
			14.7686375321337	-6.91945158526135
			14.7729220222793	-6.91945158526135
			14.777206512425	-6.91945158526135
			14.7814910025707	-6.92373607540703
			14.7857754927164	-6.92373607540703
			14.790059982862	-6.92373607540703
			14.7943444730077	-6.92373607540703
			14.7986289631534	-6.92373607540703
			14.8029134532991	-6.92373607540703
			14.8071979434447	-6.92373607540703
			14.8114824335904	-6.92373607540703
			14.8157669237361	-6.92373607540703
			14.8200514138817	-6.92373607540703
			14.8243359040274	-6.9280205655527
			14.8286203941731	-6.9280205655527
			14.8329048843188	-6.9280205655527
			14.8371893744644	-6.9280205655527
			14.8414738646101	-6.9280205655527
			14.8457583547558	-6.9280205655527
			14.8500428449015	-6.9280205655527
			14.8543273350471	-6.9280205655527
			14.8586118251928	-6.9280205655527
			14.8628963153385	-6.93230505569837
			14.8671808054841	-6.93230505569837
			14.8714652956298	-6.93230505569837
			14.8757497857755	-6.93230505569837
			14.8800342759212	-6.93230505569837
			14.8843187660668	-6.93230505569837
			14.8886032562125	-6.93230505569837
			14.8928877463582	-6.93230505569837
			14.8971722365039	-6.93230505569837
			14.9014567266495	-6.93230505569837
			14.9057412167952	-6.93658954584405
			14.9100257069409	-6.93658954584405
			14.9143101970865	-6.93658954584405
			14.9185946872322	-6.93658954584405
			14.9228791773779	-6.93658954584405
			14.9271636675236	-6.93658954584405
			14.9314481576692	-6.93658954584405
			14.9357326478149	-6.93658954584405
			14.9400171379606	-6.93658954584405
			14.9443016281063	-6.94087403598972
			14.9485861182519	-6.94087403598972
			14.9528706083976	-6.94087403598972
			14.9571550985433	-6.94087403598972
			14.9614395886889	-6.94087403598972
			14.9657240788346	-6.94087403598972
			14.9700085689803	-6.94087403598972
			14.974293059126	-6.94087403598972
			14.9785775492716	-6.94087403598972
			14.9828620394173	-6.94515852613539
			14.987146529563	-6.94515852613539
			14.9914310197087	-6.94515852613539
			14.9957155098543	-6.94515852613539
			15	-6.94515852613539
			15.0042844901457	-6.94515852613539
			15.0085689802913	-6.94515852613539
			15.012853470437	-6.94515852613539
			15.0171379605827	-6.94944301628106
			15.0214224507284	-6.94944301628106
			15.025706940874	-6.94944301628106
			15.0299914310197	-6.94944301628106
			15.0342759211654	-6.94944301628106
			15.0385604113111	-6.94944301628106
			15.0428449014567	-6.94944301628106
			15.0471293916024	-6.94944301628106
			15.0514138817481	-6.94944301628106
			15.0556983718937	-6.95372750642673
			15.0599828620394	-6.95372750642673
			15.0642673521851	-6.95372750642673
			15.0685518423308	-6.95372750642673
			15.0728363324764	-6.95372750642673
			15.0771208226221	-6.95372750642673
			15.0814053127678	-6.95372750642673
			15.0856898029135	-6.95372750642673
			15.0899742930591	-6.95801199657241
			15.0942587832048	-6.95801199657241
			15.0985432733505	-6.95801199657241
			15.1028277634961	-6.95801199657241
			15.1071122536418	-6.95801199657241
			15.1113967437875	-6.95801199657241
			15.1156812339332	-6.95801199657241
			15.1199657240788	-6.95801199657241
			15.1242502142245	-6.95801199657241
			15.1285347043702	-6.96229648671808
			15.1328191945159	-6.96229648671808
			15.1371036846615	-6.96229648671808
			15.1413881748072	-6.96229648671808
			15.1456726649529	-6.96229648671808
			15.1499571550985	-6.96229648671808
			15.1542416452442	-6.96229648671808
			15.1585261353899	-6.96229648671808
			15.1628106255356	-6.96658097686375
			15.1670951156812	-6.96658097686375
			15.1713796058269	-6.96658097686375
			15.1756640959726	-6.96658097686375
			15.1799485861183	-6.96658097686375
			15.1842330762639	-6.96658097686375
			15.1885175664096	-6.96658097686375
			15.1928020565553	-6.96658097686375
			15.1970865467009	-6.97086546700943
			15.2013710368466	-6.97086546700943
			15.2056555269923	-6.97086546700943
			15.209940017138	-6.97086546700943
			15.2142245072836	-6.97086546700943
			15.2185089974293	-6.97086546700943
			15.222793487575	-6.97086546700943
			15.2270779777207	-6.9751499571551
			15.2313624678663	-6.9751499571551
			15.235646958012	-6.9751499571551
			15.2399314481577	-6.9751499571551
			15.2442159383033	-6.9751499571551
			15.248500428449	-6.9751499571551
			15.2527849185947	-6.9751499571551
			15.2570694087404	-6.97943444730077
			15.261353898886	-6.97943444730077
			15.2656383890317	-6.97943444730077
			15.2699228791774	-6.97943444730077
			15.2742073693231	-6.97943444730077
			15.2784918594687	-6.97943444730077
			15.2827763496144	-6.97943444730077
			15.2870608397601	-6.98371893744644
			15.2913453299057	-6.98371893744644
			15.2956298200514	-6.98371893744644
			15.2999143101971	-6.98371893744644
			15.3041988003428	-6.98371893744644
			15.3084832904884	-6.98800342759212
			15.3127677806341	-6.98800342759212
			15.3170522707798	-6.98800342759212
			15.3213367609255	-6.98800342759212
			15.3256212510711	-6.98800342759212
			15.3299057412168	-6.98800342759212
			15.3341902313625	-6.99228791773779
			15.3384747215081	-6.99228791773779
			15.3427592116538	-6.99228791773779
			15.3470437017995	-6.99228791773779
			15.3513281919452	-6.99228791773779
			15.3556126820908	-6.99228791773779
			15.3598971722365	-6.99657240788346
			15.3641816623822	-6.99657240788346
			15.3684661525278	-6.99657240788346
			15.3727506426735	-6.99657240788346
			15.3770351328192	-7.00085689802913
			15.3813196229649	-7.00085689802913
			15.3856041131105	-7.00085689802913
			15.3898886032562	-7.00085689802913
			15.3941730934019	-7.00085689802913
			15.3984575835476	-7.00514138817481
			15.4027420736932	-7.00514138817481
			15.4070265638389	-7.00514138817481
			15.4113110539846	-7.00514138817481
			15.4155955441302	-7.00514138817481
			15.4198800342759	-7.00942587832048
			15.4241645244216	-7.00942587832048
			15.4284490145673	-7.00942587832048
			15.4327335047129	-7.00942587832048
			15.4370179948586	-7.00942587832048
			15.4370179948586	-7.01371036846615
			15.4413024850043	-7.01371036846615
			15.44558697515	-7.01371036846615
			15.4498714652956	-7.01371036846615
			15.4541559554413	-7.01371036846615
			15.458440445587	-7.01799485861183
			15.4627249357326	-7.01799485861183
			15.4670094258783	-7.01799485861183
			15.471293916024	-7.01799485861183
			15.4755784061697	-7.0222793487575
			15.4798628963153	-7.0222793487575
			15.484147386461	-7.0222793487575
			15.4884318766067	-7.0222793487575
			15.4927163667524	-7.02656383890317
			15.497000856898	-7.02656383890317
			15.5012853470437	-7.02656383890317
			15.5055698371894	-7.02656383890317
			15.509854327335	-7.03084832904884
			15.5141388174807	-7.03084832904884
			15.5184233076264	-7.03084832904884
			15.5227077977721	-7.03513281919452
			15.5269922879177	-7.03513281919452
			15.5312767780634	-7.03513281919452
			15.5355612682091	-7.03513281919452
			15.5398457583548	-7.03941730934019
			15.5441302485004	-7.03941730934019
			15.5484147386461	-7.03941730934019
			15.5526992287918	-7.03941730934019
			15.5569837189374	-7.04370179948586
			15.5612682090831	-7.04370179948586
			15.5655526992288	-7.04370179948586
			15.5698371893745	-7.04798628963153
			15.5741216795201	-7.04798628963153
			15.5784061696658	-7.04798628963153
			15.5826906598115	-7.04798628963153
			15.5869751499572	-7.05227077977721
			15.5912596401028	-7.05227077977721
			15.5955441302485	-7.05655526992288
			15.5998286203942	-7.05655526992288
			15.6041131105398	-7.05655526992288
			15.6083976006855	-7.05655526992288
			15.6083976006855	-7.06083976006855
			15.6126820908312	-7.06083976006855
			15.6169665809769	-7.06083976006855
			15.6212510711225	-7.06083976006855
			15.6255355612682	-7.06512425021422
			15.6298200514139	-7.06512425021422
			15.6341045415596	-7.06512425021422
			15.6383890317052	-7.0694087403599
			15.6426735218509	-7.0694087403599
			15.6469580119966	-7.07369323050557
			15.6512425021422	-7.07369323050557
			15.6555269922879	-7.07369323050557
			15.6598114824336	-7.07797772065124
			15.6640959725793	-7.07797772065124
			15.6683804627249	-7.07797772065124
			15.6683804627249	-7.08226221079692
			15.6726649528706	-7.08226221079692
			15.6769494430163	-7.08226221079692
			15.681233933162	-7.08654670094259
			15.6855184233076	-7.08654670094259
			15.6898029134533	-7.08654670094259
			15.694087403599	-7.09083119108826
			15.6983718937446	-7.09083119108826
			15.7026563838903	-7.09511568123393
			15.706940874036	-7.09511568123393
			15.7112253641817	-7.09511568123393
			15.7155098543273	-7.09940017137961
			15.719794344473	-7.09940017137961
			15.7240788346187	-7.10368466152528
			15.7283633247644	-7.10368466152528
			15.73264781491	-7.10796915167095
			15.7369323050557	-7.10796915167095
			15.7412167952014	-7.10796915167095
			15.745501285347	-7.11225364181662
			15.7497857754927	-7.11225364181662
			15.7540702656384	-7.1165381319623
			15.7583547557841	-7.1165381319623
			15.7626392459297	-7.12082262210797
			15.7669237360754	-7.12082262210797
			15.7712082262211	-7.12510711225364
			15.7754927163668	-7.12510711225364
			15.7797772065124	-7.12510711225364
			15.7840616966581	-7.12939160239931
			15.7883461868038	-7.12939160239931
			15.7926306769494	-7.13367609254499
			15.7969151670951	-7.13796058269066
			15.8011996572408	-7.13796058269066
			15.8054841473865	-7.14224507283633
			15.8097686375321	-7.14224507283633
			15.8140531276778	-7.14652956298201
			15.8183376178235	-7.14652956298201
			15.8226221079692	-7.15081405312768
			15.8269065981148	-7.15081405312768
			15.8269065981148	-7.15509854327335
			15.8311910882605	-7.15509854327335
			15.8354755784062	-7.15938303341902
			15.8397600685518	-7.15938303341902
			15.8440445586975	-7.1636675235647
			15.8483290488432	-7.1636675235647
			15.8526135389889	-7.16795201371037
			15.8568980291345	-7.16795201371037
			15.8611825192802	-7.17223650385604
			15.8654670094259	-7.17652099400171
			15.8697514995716	-7.18080548414739
			15.8740359897172	-7.18080548414739
			15.8783204798629	-7.18508997429306
			15.8826049700086	-7.18937446443873
			15.8868894601542	-7.18937446443873
			15.8911739502999	-7.1936589545844
			15.8954584404456	-7.19794344473008
			15.8997429305913	-7.19794344473008
			15.9040274207369	-7.20222793487575
			15.9083119108826	-7.20651242502142
			15.9125964010283	-7.20651242502142
			15.916880891174	-7.2107969151671
			15.916880891174	-7.21508140531277
			15.9211653813196	-7.21508140531277
			15.9254498714653	-7.21936589545844
			15.929734361611	-7.22365038560411
			15.9340188517566	-7.22365038560411
			15.9383033419023	-7.22793487574979
			15.942587832048	-7.23221936589546
			15.942587832048	-7.23650385604113
			15.9468723221937	-7.2407883461868
			15.9468723221937	-7.24507283633248
			15.9468723221937	-7.24935732647815
			15.9468723221937	-7.25364181662382
			15.9511568123393	-7.25792630676949
			15.9511568123393	-7.26221079691517
			15.9511568123393	-7.26649528706084
			15.9511568123393	-7.27077977720651
			15.955441302485	-7.27506426735219
			15.955441302485	-7.27934875749786
			15.955441302485	-7.28363324764353
			15.955441302485	-7.2879177377892
			15.9597257926307	-7.29220222793488
			15.9597257926307	-7.29648671808055
			15.9597257926307	-7.30077120822622
			15.9640102827763	-7.30505569837189
			15.9640102827763	-7.30934018851757
			15.9640102827763	-7.31362467866324
			15.9640102827763	-7.31790916880891
			15.9640102827763	-7.32219365895458
			15.968294772922	-7.32219365895458
			15.968294772922	-7.32647814910026
			15.968294772922	-7.33076263924593
			15.968294772922	-7.3350471293916
			15.9725792630677	-7.33933161953728
			15.9725792630677	-7.34361610968295
			15.9725792630677	-7.34790059982862
			15.9725792630677	-7.35218508997429
			15.9725792630677	-7.35646958011997
			15.9768637532134	-7.35646958011997
			15.9768637532134	-7.36075407026564
			15.9768637532134	-7.36503856041131
			15.9768637532134	-7.36932305055698
			15.9768637532134	-7.37360754070266
			15.981148243359	-7.37360754070266
			15.981148243359	-7.37789203084833
			15.981148243359	-7.382176520994
			15.981148243359	-7.38646101113967
			15.981148243359	-7.39074550128535
			15.9854327335047	-7.39502999143102
			15.9854327335047	-7.39931448157669
			15.9854327335047	-7.40359897172237
			15.9854327335047	-7.40788346186804
			15.9897172236504	-7.41216795201371
			15.9897172236504	-7.41645244215938
			15.9897172236504	-7.42073693230506
			15.9940017137961	-7.42502142245073
			15.9940017137961	-7.4293059125964
			15.9940017137961	-7.43359040274207
			15.9940017137961	-7.43787489288775
			15.9940017137961	-7.44215938303342
			15.9982862039417	-7.44644387317909
			15.9982862039417	-7.45072836332476
			15.9982862039417	-7.45501285347044
			15.9982862039417	-7.45929734361611
			16.0025706940874	-7.46358183376178
			16.0025706940874	-7.46786632390746
			16.0025706940874	-7.47215081405313
			16.0025706940874	-7.4764353041988
			16.0025706940874	-7.48071979434447
			16.0068551842331	-7.48500428449015
			16.0068551842331	-7.48928877463582
			16.0068551842331	-7.49357326478149
			16.0068551842331	-7.49785775492716
			16.0111396743788	-7.50214224507284
			16.0111396743788	-7.50642673521851
			16.0111396743788	-7.51071122536418
			16.0111396743788	-7.51499571550985
			16.0154241645244	-7.51499571550985
			16.0154241645244	-7.51928020565553
			16.0154241645244	-7.5235646958012
			16.0154241645244	-7.52784918594687
			16.0154241645244	-7.53213367609255
			16.0197086546701	-7.53641816623822
			16.0197086546701	-7.54070265638389
			16.0197086546701	-7.54498714652956
			16.0197086546701	-7.54927163667524
			16.0239931448158	-7.55355612682091
			16.0239931448158	-7.55784061696658
			16.0239931448158	-7.56212510711225
			16.0239931448158	-7.56640959725793
			16.0282776349614	-7.5706940874036
			16.0282776349614	-7.57497857754927
			16.0282776349614	-7.57926306769494
			16.0282776349614	-7.58354755784062
			16.0282776349614	-7.58783204798629
			16.0325621251071	-7.59211653813196
			16.0325621251071	-7.59640102827764
			16.0325621251071	-7.60068551842331
			16.0325621251071	-7.60497000856898
			16.0368466152528	-7.60925449871465
			16.0368466152528	-7.61353898886033
			16.0368466152528	-7.617823479006
			16.0368466152528	-7.62210796915167
			16.0411311053985	-7.62639245929734
			16.0411311053985	-7.63067694944302
			16.0411311053985	-7.63496143958869
			16.0411311053985	-7.63924592973436
			16.0411311053985	-7.64353041988003
			16.0454155955441	-7.64781491002571
			16.0454155955441	-7.65209940017138
			16.0454155955441	-7.65638389031705
			16.0454155955441	-7.66066838046273
			16.0497000856898	-7.6649528706084
			16.0497000856898	-7.66923736075407
			16.0497000856898	-7.67352185089974
			16.0497000856898	-7.67780634104542
			16.0539845758355	-7.68209083119109
			16.0539845758355	-7.68637532133676
			16.0539845758355	-7.69065981148243
			16.0539845758355	-7.69494430162811
			16.0539845758355	-7.69922879177378
			16.0539845758355	-7.70351328191945
			16.0582690659812	-7.70351328191945
			16.0582690659812	-7.70779777206512
			16.0582690659812	-7.7120822622108
			16.0582690659812	-7.71636675235647
			16.0582690659812	-7.72065124250214
			16.0625535561268	-7.72493573264781
			16.0625535561268	-7.72922022279349
			16.0625535561268	-7.73350471293916
			16.0625535561268	-7.73778920308483
			16.0668380462725	-7.74207369323051
			16.0668380462725	-7.74635818337618
			16.0668380462725	-7.75064267352185
			16.0668380462725	-7.75492716366752
			16.0711225364182	-7.7592116538132
			16.0711225364182	-7.76349614395887
			16.0711225364182	-7.76778063410454
			16.0711225364182	-7.77206512425021
			16.0711225364182	-7.77634961439589
			16.0754070265638	-7.78063410454156
			16.0754070265638	-7.78491859468723
			16.0754070265638	-7.7892030848329
			16.0754070265638	-7.79348757497858
			16.0754070265638	-7.79777206512425
			16.0796915167095	-7.80205655526992
			16.0796915167095	-7.8063410454156
			16.0796915167095	-7.81062553556127
			16.0796915167095	-7.81491002570694
			16.0839760068552	-7.81919451585261
			16.0839760068552	-7.82347900599829
			16.0839760068552	-7.82776349614396
			16.0839760068552	-7.83204798628963
			16.0839760068552	-7.8363324764353
			16.0882604970009	-7.84061696658098
			16.0882604970009	-7.84490145672665
			16.0882604970009	-7.84918594687232
			16.0882604970009	-7.85347043701799
			16.0925449871465	-7.85775492716367
			16.0925449871465	-7.86203941730934
			16.0925449871465	-7.86632390745501
			16.0925449871465	-7.87060839760069
			16.0925449871465	-7.87489288774636
			16.0968294772922	-7.87917737789203
			16.0968294772922	-7.8834618680377
			16.0968294772922	-7.88774635818338
			16.0968294772922	-7.89203084832905
			16.1011139674379	-7.89631533847472
			16.1011139674379	-7.90059982862039
			16.1011139674379	-7.90488431876607
			16.1011139674379	-7.90916880891174
			16.1011139674379	-7.91345329905741
			16.1053984575835	-7.91773778920308
			16.1053984575835	-7.92202227934876
			16.1053984575835	-7.92630676949443
			16.1053984575835	-7.9305912596401
			16.1096829477292	-7.93487574978578
			16.1096829477292	-7.93916023993145
			16.1096829477292	-7.94344473007712
			16.1096829477292	-7.94772922022279
			16.1096829477292	-7.95201371036847
			16.1139674378749	-7.95629820051414
			16.1139674378749	-7.96058269065981
			16.1139674378749	-7.96486718080548
			16.1139674378749	-7.96915167095116
			16.1182519280206	-7.97343616109683
			16.1182519280206	-7.9777206512425
			16.1182519280206	-7.98200514138817
			16.1182519280206	-7.98628963153385
			16.1182519280206	-7.99057412167952
			16.1182519280206	-7.99485861182519
			16.1225364181662	-7.99485861182519
			16.1225364181662	-7.99914310197087
			16.1225364181662	-8.00342759211654
			16.1225364181662	-8.00771208226221
			16.1225364181662	-8.01199657240788
			16.1268209083119	-8.01628106255356
			16.1268209083119	-8.02056555269923
			16.1268209083119	-8.0248500428449
			16.1268209083119	-8.02913453299058
			16.1268209083119	-8.03341902313625
			16.1311053984576	-8.03770351328192
			16.1311053984576	-8.04198800342759
			16.1311053984576	-8.04627249357326
			16.1311053984576	-8.05055698371894
			16.1311053984576	-8.05484147386461
			16.1353898886033	-8.05912596401028
			16.1353898886033	-8.06341045415595
			16.1353898886033	-8.06769494430163
			16.1353898886033	-8.0719794344473
			16.1396743787489	-8.07626392459297
			16.1396743787489	-8.08054841473865
			16.1396743787489	-8.08483290488432
			16.1396743787489	-8.08911739502999
			16.1396743787489	-8.09340188517566
			16.1439588688946	-8.09768637532134
			16.1439588688946	-8.10197086546701
			16.1439588688946	-8.10625535561268
			16.1439588688946	-8.11053984575836
			16.1482433590403	-8.11482433590403
			16.1482433590403	-8.1191088260497
			16.1482433590403	-8.12339331619537
			16.1482433590403	-8.12767780634105
			16.1482433590403	-8.13196229648672
			16.1525278491859	-8.13624678663239
			16.1525278491859	-8.14053127677806
			16.1525278491859	-8.14481576692374
			16.1525278491859	-8.14910025706941
			16.1525278491859	-8.15338474721508
			16.1568123393316	-8.15766923736075
			16.1568123393316	-8.16195372750643
			16.1568123393316	-8.1662382176521
			16.1568123393316	-8.17052270779777
			16.1568123393316	-8.17480719794344
			16.1610968294773	-8.17909168808912
			16.1610968294773	-8.18337617823479
			16.1610968294773	-8.18766066838046
			16.1610968294773	-8.19194515852613
			16.165381319623	-8.19622964867181
			16.165381319623	-8.20051413881748
			16.165381319623	-8.20479862896315
			16.165381319623	-8.20908311910883
			16.165381319623	-8.2133676092545
			16.1696658097686	-8.21765209940017
			16.1696658097686	-8.22193658954584
			16.1696658097686	-8.22622107969152
			16.1696658097686	-8.23050556983719
			16.1696658097686	-8.23479005998286
			16.1739502999143	-8.23907455012854
			16.1739502999143	-8.24335904027421
			16.1739502999143	-8.24764353041988
			16.1739502999143	-8.25192802056555
			16.1739502999143	-8.25621251071123
			16.17823479006	-8.2604970008569
			16.17823479006	-8.26478149100257
			16.17823479006	-8.26906598114824
			16.17823479006	-8.27335047129392
			16.1825192802057	-8.27763496143959
			16.1825192802057	-8.28191945158526
			16.1825192802057	-8.28620394173093
			16.1825192802057	-8.29048843187661
			16.1825192802057	-8.29477292202228
			16.1868037703513	-8.29905741216795
			16.1868037703513	-8.30334190231362
			16.1868037703513	-8.3076263924593
			16.1868037703513	-8.31191088260497
			16.1868037703513	-8.31619537275064
			16.1868037703513	-8.32047986289632
			16.191088260497	-8.32476435304199
			16.191088260497	-8.32904884318766
			16.191088260497	-8.33333333333333
			16.191088260497	-8.33761782347901
			16.1953727506427	-8.34190231362468
			16.1953727506427	-8.34618680377035
			16.1953727506427	-8.35047129391602
			16.1953727506427	-8.3547557840617
			16.1953727506427	-8.35904027420737
			16.1996572407883	-8.36332476435304
			16.1996572407883	-8.36760925449872
			16.1996572407883	-8.37189374464439
			16.1996572407883	-8.37617823479006
			16.1996572407883	-8.38046272493573
			16.203941730934	-8.38474721508141
			16.203941730934	-8.38903170522708
			16.203941730934	-8.39331619537275
			16.203941730934	-8.39760068551842
			16.203941730934	-8.4018851756641
			16.2082262210797	-8.40616966580977
			16.2082262210797	-8.41045415595544
			16.2082262210797	-8.41473864610111
			16.2082262210797	-8.41902313624679
			16.2125107112254	-8.42330762639246
			16.2125107112254	-8.42759211653813
			16.2125107112254	-8.4318766066838
			16.2125107112254	-8.43616109682948
			16.2125107112254	-8.44044558697515
			16.216795201371	-8.44473007712082
			16.216795201371	-8.4490145672665
			16.216795201371	-8.45329905741217
			16.216795201371	-8.45758354755784
			16.216795201371	-8.46186803770351
			16.2210796915167	-8.46615252784919
			16.2210796915167	-8.47043701799486
			16.2210796915167	-8.47472150814053
			16.2210796915167	-8.4790059982862
			16.2210796915167	-8.48329048843188
			16.2253641816624	-8.48757497857755
			16.2253641816624	-8.49185946872322
			16.2253641816624	-8.4961439588689
			16.2253641816624	-8.50042844901457
			16.2253641816624	-8.50471293916024
			16.2296486718081	-8.50899742930591
			16.2296486718081	-8.51328191945159
			16.2296486718081	-8.51756640959726
			16.2296486718081	-8.52185089974293
			16.2296486718081	-8.5261353898886
			16.2339331619537	-8.53041988003428
			16.2339331619537	-8.53470437017995
			16.2339331619537	-8.53898886032562
			16.2339331619537	-8.54327335047129
			16.2339331619537	-8.54755784061697
			16.2382176520994	-8.55184233076264
			16.2382176520994	-8.55612682090831
			16.2382176520994	-8.56041131105398
			16.2382176520994	-8.56469580119966
			16.2425021422451	-8.56898029134533
			16.2425021422451	-8.573264781491
			16.2425021422451	-8.57754927163668
			16.2425021422451	-8.58183376178235
			16.2425021422451	-8.58611825192802
			16.2467866323907	-8.59040274207369
			16.2467866323907	-8.59468723221937
			16.2467866323907	-8.59897172236504
			16.2467866323907	-8.60325621251071
			16.2467866323907	-8.60754070265638
			16.2467866323907	-8.61182519280206
			16.2510711225364	-8.61610968294773
			16.2510711225364	-8.6203941730934
			16.2510711225364	-8.62467866323908
			16.2510711225364	-8.62896315338475
			16.2510711225364	-8.63324764353042
			16.2553556126821	-8.63753213367609
			16.2553556126821	-8.64181662382177
			16.2553556126821	-8.64610111396744
			16.2553556126821	-8.65038560411311
			16.2553556126821	-8.65467009425878
			16.2596401028278	-8.65895458440446
			16.2596401028278	-8.66323907455013
			16.2596401028278	-8.6675235646958
			16.2596401028278	-8.67180805484147
			16.2639245929734	-8.67609254498715
			16.2639245929734	-8.68037703513282
			16.2639245929734	-8.68466152527849
			16.2639245929734	-8.68894601542416
			16.2639245929734	-8.69323050556984
			16.2682090831191	-8.69751499571551
			16.2682090831191	-8.70179948586118
			16.2682090831191	-8.70608397600686
			16.2682090831191	-8.71036846615253
			16.2682090831191	-8.7146529562982
			16.2724935732648	-8.71893744644387
			16.2724935732648	-8.72322193658955
			16.2724935732648	-8.72750642673522
			16.2724935732648	-8.73179091688089
			16.2724935732648	-8.73607540702656
			16.2767780634105	-8.74035989717224
			16.2767780634105	-8.74464438731791
			16.2767780634105	-8.74892887746358
			16.2767780634105	-8.75321336760926
			16.2767780634105	-8.75749785775493
			16.2810625535561	-8.7617823479006
			16.2810625535561	-8.76606683804627
			16.2810625535561	-8.77035132819195
			16.2810625535561	-8.77463581833762
			16.2810625535561	-8.77892030848329
			16.2853470437018	-8.78320479862896
			16.2853470437018	-8.78748928877464
			16.2853470437018	-8.79177377892031
			16.2853470437018	-8.79605826906598
			16.2853470437018	-8.80034275921165
			16.2896315338475	-8.80462724935733
			16.2896315338475	-8.808911739503
			16.2896315338475	-8.81319622964867
			16.2896315338475	-8.81748071979434
			16.2896315338475	-8.82176520994002
			16.2896315338475	-8.82604970008569
			16.2939160239931	-8.83033419023136
			16.2939160239931	-8.83461868037704
			16.2939160239931	-8.83890317052271
			16.2939160239931	-8.84318766066838
			16.2939160239931	-8.84747215081405
			16.2982005141388	-8.85175664095973
			16.2982005141388	-8.8560411311054
			16.2982005141388	-8.86032562125107
			16.2982005141388	-8.86461011139674
			16.2982005141388	-8.86889460154242
			16.3024850042845	-8.87317909168809
			16.3024850042845	-8.87746358183376
			16.3024850042845	-8.88174807197943
			16.3024850042845	-8.88603256212511
			16.3024850042845	-8.89031705227078
			16.3067694944302	-8.89460154241645
			16.3067694944302	-8.89888603256212
			16.3067694944302	-8.9031705227078
			16.3067694944302	-8.90745501285347
			16.3067694944302	-8.91173950299914
			16.3110539845758	-8.91602399314482
			16.3110539845758	-8.92030848329049
			16.3110539845758	-8.92459297343616
			16.3110539845758	-8.92887746358183
			16.3153384747215	-8.93316195372751
			16.3153384747215	-8.93744644387318
			16.3153384747215	-8.94173093401885
			16.3153384747215	-8.94601542416452
			16.3153384747215	-8.9502999143102
			16.3196229648672	-8.95458440445587
			16.3196229648672	-8.95886889460154
			16.3196229648672	-8.96315338474722
			16.3196229648672	-8.96743787489289
			16.3196229648672	-8.97172236503856
			16.3239074550129	-8.97600685518423
			16.3239074550129	-8.98029134532991
			16.3239074550129	-8.98457583547558
			16.3239074550129	-8.98886032562125
			16.3239074550129	-8.99314481576692
			16.3281919451585	-8.9974293059126
			16.3281919451585	-9.00171379605827
			16.3281919451585	-9.00599828620394
			16.3281919451585	-9.01028277634961
			16.3281919451585	-9.01456726649529
			16.3324764353042	-9.01885175664096
			16.3324764353042	-9.02313624678663
			16.3324764353042	-9.0274207369323
			16.3324764353042	-9.03170522707798
			16.3324764353042	-9.03598971722365
			16.3367609254499	-9.04027420736932
			16.3367609254499	-9.044558697515
			16.3367609254499	-9.04884318766067
			16.3367609254499	-9.05312767780634
			16.3367609254499	-9.05741216795201
			16.3367609254499	-9.06169665809769
			16.3410454155955	-9.06598114824336
			16.3410454155955	-9.07026563838903
			16.3410454155955	-9.0745501285347
			16.3410454155955	-9.07883461868038
			16.3410454155955	-9.08311910882605
			16.3453299057412	-9.08740359897172
			16.3453299057412	-9.0916880891174
			16.3453299057412	-9.09597257926307
			16.3453299057412	-9.10025706940874
			16.3453299057412	-9.10454155955441
			16.3496143958869	-9.10882604970009
			16.3496143958869	-9.11311053984576
			16.3496143958869	-9.11739502999143
			16.3496143958869	-9.1216795201371
			16.3496143958869	-9.12596401028278
			16.3538988860326	-9.13024850042845
			16.3538988860326	-9.13453299057412
			16.3538988860326	-9.13881748071979
			16.3538988860326	-9.14310197086547
			16.3538988860326	-9.14738646101114
			16.3581833761782	-9.15167095115681
			16.3581833761782	-9.15595544130248
			16.3581833761782	-9.16023993144816
			16.3581833761782	-9.16452442159383
			16.3581833761782	-9.1688089117395
			16.3624678663239	-9.17309340188518
			16.3624678663239	-9.17737789203085
			16.3624678663239	-9.18166238217652
			16.3624678663239	-9.18594687232219
			16.3624678663239	-9.19023136246787
			16.3667523564696	-9.19451585261354
			16.3667523564696	-9.19880034275921
			16.3667523564696	-9.20308483290489
			16.3667523564696	-9.20736932305056
			16.3667523564696	-9.21165381319623
			16.3667523564696	-9.2159383033419
			16.3710368466153	-9.22022279348758
			16.3710368466153	-9.22450728363325
			16.3710368466153	-9.22879177377892
			16.3710368466153	-9.23307626392459
			16.3710368466153	-9.23736075407027
			16.3753213367609	-9.24164524421594
			16.3753213367609	-9.24592973436161
			16.3753213367609	-9.25021422450728
			16.3753213367609	-9.25449871465296
			16.3753213367609	-9.25878320479863
			16.3796058269066	-9.25878320479863
			16.3796058269066	-9.2630676949443
			16.3796058269066	-9.26735218508997
			16.3796058269066	-9.27163667523565
			16.3796058269066	-9.27592116538132
			16.3796058269066	-9.28020565552699
			16.3838903170523	-9.28449014567266
			16.3838903170523	-9.28877463581834
			16.3838903170523	-9.29305912596401
			16.3838903170523	-9.29734361610968
			16.3881748071979	-9.30162810625536
			16.3881748071979	-9.30591259640103
			16.3881748071979	-9.3101970865467
			16.3881748071979	-9.31448157669237
			16.3881748071979	-9.31876606683805
			16.3924592973436	-9.32305055698372
			16.3924592973436	-9.32733504712939
			16.3924592973436	-9.33161953727507
			16.3924592973436	-9.33590402742074
			16.3924592973436	-9.34018851756641
			16.3924592973436	-9.34447300771208
			16.3967437874893	-9.34875749785776
			16.3967437874893	-9.35304198800343
			16.3967437874893	-9.3573264781491
			16.3967437874893	-9.36161096829477
			16.3967437874893	-9.36589545844045
			16.401028277635	-9.37017994858612
			16.401028277635	-9.37446443873179
			16.401028277635	-9.37874892887746
			16.401028277635	-9.38303341902314
			16.401028277635	-9.38731790916881
			16.401028277635	-9.39160239931448
			16.4053127677806	-9.39160239931448
			16.4053127677806	-9.39588688946015
			16.4053127677806	-9.40017137960583
			16.4053127677806	-9.4044558697515
			16.4053127677806	-9.40874035989717
			16.4053127677806	-9.41302485004285
			16.4095972579263	-9.41730934018852
			16.4095972579263	-9.42159383033419
			16.4095972579263	-9.42587832047986
			16.4095972579263	-9.43016281062554
			16.4095972579263	-9.43444730077121
			16.413881748072	-9.43444730077121
			16.413881748072	-9.43873179091688
			16.413881748072	-9.44301628106255
			16.413881748072	-9.44730077120823
			16.413881748072	-9.4515852613539
			16.413881748072	-9.45586975149957
			16.4181662382177	-9.46015424164525
			16.4181662382177	-9.46443873179092
			16.4181662382177	-9.46872322193659
			16.4181662382177	-9.47300771208226
			16.4181662382177	-9.47729220222794
			16.4224507283633	-9.48157669237361
			16.4224507283633	-9.48586118251928
			16.4224507283633	-9.49014567266495
			16.4224507283633	-9.49443016281063
			16.4224507283633	-9.4987146529563
			16.426735218509	-9.50299914310197
			16.426735218509	-9.50728363324764
			16.426735218509	-9.51156812339332
			16.426735218509	-9.51585261353899
			16.426735218509	-9.52013710368466
			16.4310197086547	-9.52442159383033
			16.4310197086547	-9.52870608397601
			16.4310197086547	-9.53299057412168
			16.4310197086547	-9.53727506426735
			16.4310197086547	-9.54155955441303
			16.4310197086547	-9.5458440445587
			16.4353041988003	-9.55012853470437
			16.4353041988003	-9.55441302485004
			16.4353041988003	-9.55869751499572
			16.4353041988003	-9.56298200514139
			16.4353041988003	-9.56726649528706
			16.439588688946	-9.57155098543273
			16.439588688946	-9.57583547557841
			16.439588688946	-9.58011996572408
			16.439588688946	-9.58440445586975
			16.439588688946	-9.58868894601542
			16.4438731790917	-9.5929734361611
			16.4438731790917	-9.59725792630677
			16.4438731790917	-9.60154241645244
			16.4438731790917	-9.60582690659811
			16.4438731790917	-9.61011139674379
			16.4438731790917	-9.61439588688946
			16.4481576692374	-9.61868037703513
			16.4481576692374	-9.62296486718081
			16.4481576692374	-9.62724935732648
			16.4481576692374	-9.63153384747215
			16.4481576692374	-9.63581833761782
			16.452442159383	-9.6401028277635
			16.452442159383	-9.64438731790917
			16.452442159383	-9.64867180805484
			16.452442159383	-9.65295629820051
			16.452442159383	-9.65724078834619
			16.4567266495287	-9.65724078834619
			16.4567266495287	-9.66152527849186
			16.4567266495287	-9.66580976863753
			16.4567266495287	-9.67009425878321
			16.4567266495287	-9.67437874892888
			16.4610111396744	-9.67866323907455
			16.4610111396744	-9.68294772922022
			16.4610111396744	-9.6872322193659
			16.4610111396744	-9.69151670951157
			16.4610111396744	-9.69580119965724
			16.4610111396744	-9.70008568980291
			16.4652956298201	-9.70437017994859
			16.4652956298201	-9.70865467009426
			16.4652956298201	-9.71293916023993
			16.4652956298201	-9.7172236503856
			16.4652956298201	-9.72150814053128
			16.4695801199657	-9.72579263067695
			16.4695801199657	-9.73007712082262
			16.4695801199657	-9.73436161096829
			16.4695801199657	-9.73864610111397
			16.4695801199657	-9.74293059125964
			16.4738646101114	-9.74721508140531
			16.4738646101114	-9.75149957155099
			16.4738646101114	-9.75578406169666
			16.4738646101114	-9.76006855184233
			16.4738646101114	-9.764353041988
			16.4781491002571	-9.76863753213368
			16.4781491002571	-9.77292202227935
			16.4781491002571	-9.77720651242502
			16.4781491002571	-9.78149100257069
			16.4781491002571	-9.78577549271637
			16.4781491002571	-9.79005998286204
			16.4824335904027	-9.79434447300771
			16.4824335904027	-9.79862896315339
			16.4824335904027	-9.80291345329906
			16.4824335904027	-9.80719794344473
			16.4824335904027	-9.8114824335904
			16.4824335904027	-9.81576692373608
			16.4867180805484	-9.81576692373608
			16.4867180805484	-9.82005141388175
			16.4867180805484	-9.82433590402742
			16.4867180805484	-9.82862039417309
			16.4867180805484	-9.83290488431877
			16.4910025706941	-9.83718937446444
			16.4910025706941	-9.84147386461011
			16.4910025706941	-9.84575835475578
			16.4910025706941	-9.85004284490146
			16.4910025706941	-9.85432733504713
			16.4952870608398	-9.8586118251928
			16.4952870608398	-9.86289631533847
			16.4952870608398	-9.86718080548415
			16.4952870608398	-9.87146529562982
			16.4952870608398	-9.87574978577549
			16.4952870608398	-9.88003427592117
			16.4995715509854	-9.88431876606684
			16.4995715509854	-9.88860325621251
			16.4995715509854	-9.89288774635818
			16.4995715509854	-9.89717223650386
			16.4995715509854	-9.90145672664953
			16.5038560411311	-9.9057412167952
			16.5038560411311	-9.91002570694087
			16.5038560411311	-9.91431019708655
			16.5038560411311	-9.91859468723222
			16.5038560411311	-9.92287917737789
			16.5038560411311	-9.92716366752357
			16.5081405312768	-9.93144815766924
			16.5081405312768	-9.93573264781491
			16.5081405312768	-9.94001713796058
			16.5081405312768	-9.94430162810626
			16.5081405312768	-9.94858611825193
			16.5124250214225	-9.9528706083976
			16.5124250214225	-9.95715509854327
			16.5124250214225	-9.96143958868895
			16.5124250214225	-9.96572407883462
			16.5124250214225	-9.97000856898029
			16.5167095115681	-9.97429305912596
			16.5167095115681	-9.97857754927164
			16.5167095115681	-9.98286203941731
			16.5167095115681	-9.98714652956298
			16.5167095115681	-9.99143101970865
			16.5209940017138	-9.99571550985433
			16.5209940017138	-10
			16.5209940017138	-10.0042844901457
			16.5209940017138	-10.0085689802913
			16.5209940017138	-10.012853470437
			16.5252784918595	-10.0171379605827
			16.5252784918595	-10.0214224507284
			16.5252784918595	-10.025706940874
			16.5252784918595	-10.0299914310197
			16.5252784918595	-10.0342759211654
			16.5252784918595	-10.0385604113111
			16.5295629820051	-10.0428449014567
			16.5295629820051	-10.0471293916024
			16.5295629820051	-10.0514138817481
			16.5295629820051	-10.0556983718937
			16.5295629820051	-10.0599828620394
			16.5338474721508	-10.0642673521851
			16.5338474721508	-10.0685518423308
			16.5338474721508	-10.0728363324764
			16.5338474721508	-10.0771208226221
			16.5338474721508	-10.0814053127678
			16.5381319622965	-10.0856898029135
			16.5381319622965	-10.0899742930591
			16.5381319622965	-10.0942587832048
			16.5381319622965	-10.0985432733505
			16.5381319622965	-10.1028277634961
			16.5381319622965	-10.1071122536418
			16.5424164524422	-10.1113967437875
			16.5424164524422	-10.1156812339332
			16.5424164524422	-10.1199657240788
			16.5424164524422	-10.1242502142245
			16.5424164524422	-10.1285347043702
			16.5467009425878	-10.1328191945159
			16.5467009425878	-10.1371036846615
			16.5467009425878	-10.1413881748072
			16.5467009425878	-10.1456726649529
			16.5467009425878	-10.1499571550985
			16.5509854327335	-10.1542416452442
			16.5509854327335	-10.1585261353899
			16.5509854327335	-10.1628106255356
			16.5509854327335	-10.1670951156812
			16.5509854327335	-10.1713796058269
			16.5509854327335	-10.1756640959726
			16.5552699228792	-10.1799485861183
			16.5552699228792	-10.1842330762639
			16.5552699228792	-10.1885175664096
			16.5552699228792	-10.1928020565553
			16.5552699228792	-10.1970865467009
			16.5595544130249	-10.2013710368466
			16.5595544130249	-10.2056555269923
			16.5595544130249	-10.209940017138
			16.5595544130249	-10.2142245072836
			16.5595544130249	-10.2185089974293
			16.5638389031705	-10.222793487575
			16.5638389031705	-10.2270779777207
			16.5638389031705	-10.2313624678663
			16.5638389031705	-10.235646958012
			16.5638389031705	-10.2399314481577
			16.5638389031705	-10.2442159383033
			16.5681233933162	-10.248500428449
			16.5681233933162	-10.2527849185947
			16.5681233933162	-10.2570694087404
			16.5681233933162	-10.261353898886
			16.5681233933162	-10.2656383890317
			16.5724078834619	-10.2699228791774
			16.5724078834619	-10.2742073693231
			16.5724078834619	-10.2784918594687
			16.5724078834619	-10.2827763496144
			16.5724078834619	-10.2870608397601
			16.5766923736075	-10.2913453299057
			16.5766923736075	-10.2956298200514
			16.5766923736075	-10.2999143101971
			16.5766923736075	-10.3041988003428
			16.5766923736075	-10.3084832904884
			16.5809768637532	-10.3127677806341
			16.5809768637532	-10.3170522707798
			16.5809768637532	-10.3213367609254
			16.5809768637532	-10.3256212510711
			16.5809768637532	-10.3299057412168
			16.5852613538989	-10.3341902313625
			16.5852613538989	-10.3384747215081
			16.5852613538989	-10.3427592116538
			16.5852613538989	-10.3470437017995
			16.5852613538989	-10.3513281919452
			16.5852613538989	-10.3556126820908
			16.5895458440446	-10.3598971722365
			16.5895458440446	-10.3641816623822
			16.5895458440446	-10.3684661525278
			16.5895458440446	-10.3727506426735
			16.5895458440446	-10.3770351328192
			16.5938303341902	-10.3813196229649
			16.5938303341902	-10.3856041131105
			16.5938303341902	-10.3898886032562
			16.5938303341902	-10.3941730934019
			16.5938303341902	-10.3984575835476
			16.5981148243359	-10.4027420736932
			16.5981148243359	-10.4070265638389
			16.5981148243359	-10.4113110539846
			16.5981148243359	-10.4155955441302
			16.5981148243359	-10.4198800342759
			16.5981148243359	-10.4241645244216
			16.6023993144816	-10.4284490145673
			16.6023993144816	-10.4327335047129
			16.6023993144816	-10.4370179948586
			16.6023993144816	-10.4413024850043
			16.6023993144816	-10.44558697515
			16.6023993144816	-10.4498714652956
			16.6066838046272	-10.4498714652956
			16.6066838046272	-10.4541559554413
			16.6066838046272	-10.458440445587
			16.6066838046272	-10.4627249357326
			16.6066838046272	-10.4670094258783
			16.6066838046272	-10.471293916024
			16.6109682947729	-10.4755784061697
			16.6109682947729	-10.4798628963153
			16.6109682947729	-10.484147386461
			16.6109682947729	-10.4884318766067
			16.6109682947729	-10.4927163667524
			16.6152527849186	-10.497000856898
			16.6152527849186	-10.5012853470437
			16.6152527849186	-10.5055698371894
			16.6152527849186	-10.509854327335
			16.6152527849186	-10.5141388174807
			16.6195372750643	-10.5184233076264
			16.6195372750643	-10.5227077977721
			16.6195372750643	-10.5269922879177
			16.6195372750643	-10.5312767780634
			16.6195372750643	-10.5355612682091
			16.6195372750643	-10.5398457583548
			16.6238217652099	-10.5441302485004
			16.6238217652099	-10.5484147386461
			16.6238217652099	-10.5526992287918
			16.6238217652099	-10.5569837189374
			16.6238217652099	-10.5612682090831
			16.6281062553556	-10.5655526992288
			16.6281062553556	-10.5698371893745
			16.6281062553556	-10.5741216795201
			16.6281062553556	-10.5784061696658
			16.6281062553556	-10.5826906598115
			16.6323907455013	-10.5869751499572
			16.6323907455013	-10.5912596401028
			16.6323907455013	-10.5955441302485
			16.6323907455013	-10.5998286203942
			16.6323907455013	-10.6041131105398
			16.636675235647	-10.6083976006855
			16.636675235647	-10.6126820908312
			16.636675235647	-10.6169665809769
			16.636675235647	-10.6212510711225
			16.636675235647	-10.6255355612682
			16.636675235647	-10.6298200514139
			16.6409597257926	-10.6341045415596
			16.6409597257926	-10.6383890317052
			16.6409597257926	-10.6426735218509
			16.6409597257926	-10.6469580119966
			16.6409597257926	-10.6512425021422
			16.6452442159383	-10.6555269922879
			16.6452442159383	-10.6598114824336
			16.6452442159383	-10.6640959725793
			16.6452442159383	-10.6683804627249
			16.6452442159383	-10.6726649528706
			16.6452442159383	-10.6769494430163
			16.649528706084	-10.681233933162
			16.649528706084	-10.6855184233076
			16.649528706084	-10.6898029134533
			16.649528706084	-10.694087403599
			16.649528706084	-10.6983718937446
			16.649528706084	-10.7026563838903
			16.649528706084	-10.706940874036
			16.6538131962296	-10.7112253641817
			16.6538131962296	-10.7155098543273
			16.6538131962296	-10.719794344473
			16.6538131962296	-10.7240788346187
			16.6538131962296	-10.7283633247644
			16.6538131962296	-10.73264781491
			16.6538131962296	-10.7369323050557
			16.6538131962296	-10.7412167952014
			16.6580976863753	-10.745501285347
			16.6580976863753	-10.7497857754927
			16.6580976863753	-10.7540702656384
			16.6580976863753	-10.7583547557841
			16.6580976863753	-10.7626392459297
			16.6580976863753	-10.7669237360754
			16.6580976863753	-10.7712082262211
			16.6580976863753	-10.7754927163668
			16.662382176521	-10.7797772065124
			16.662382176521	-10.7840616966581
			16.662382176521	-10.7883461868038
			16.662382176521	-10.7926306769494
			16.662382176521	-10.7969151670951
			16.662382176521	-10.8011996572408
			16.662382176521	-10.8054841473865
			16.662382176521	-10.8097686375321
			16.662382176521	-10.8140531276778
			16.6666666666667	-10.8183376178235
			16.6666666666667	-10.8226221079692
			16.6666666666667	-10.8269065981148
			16.6666666666667	-10.8311910882605
			16.6666666666667	-10.8354755784062
			16.6666666666667	-10.8397600685518
			16.6666666666667	-10.8440445586975
			16.6666666666667	-10.8483290488432
			16.6666666666667	-10.8526135389889
			16.6709511568123	-10.8526135389889
			16.6709511568123	-10.8568980291345
			16.6709511568123	-10.8611825192802
			16.6709511568123	-10.8654670094259
			16.6709511568123	-10.8697514995716
			16.6709511568123	-10.8740359897172
			16.6709511568123	-10.8783204798629
			16.6709511568123	-10.8826049700086
			16.6709511568123	-10.8868894601542
			16.675235646958	-10.8868894601542
			16.675235646958	-10.8911739502999
			16.675235646958	-10.8954584404456
			16.675235646958	-10.8997429305913
			16.675235646958	-10.9040274207369
			16.675235646958	-10.9083119108826
			16.675235646958	-10.9125964010283
			16.675235646958	-10.916880891174
			16.675235646958	-10.9211653813196
			16.6795201371037	-10.9211653813196
			16.6795201371037	-10.9254498714653
			16.6795201371037	-10.929734361611
			16.6795201371037	-10.9340188517566
			16.6795201371037	-10.9383033419023
			16.6795201371037	-10.942587832048
			16.6795201371037	-10.9468723221937
			16.6795201371037	-10.9511568123393
			16.6795201371037	-10.955441302485
			16.6838046272494	-10.9597257926307
			16.6838046272494	-10.9640102827763
			16.6838046272494	-10.968294772922
			16.6838046272494	-10.9725792630677
			16.6838046272494	-10.9768637532134
			16.6838046272494	-10.981148243359
			16.6838046272494	-10.9854327335047
			16.6838046272494	-10.9897172236504
			16.688089117395	-10.9940017137961
			16.688089117395	-10.9982862039417
			16.688089117395	-11.0025706940874
			16.688089117395	-11.0068551842331
			16.688089117395	-11.0111396743787
			16.688089117395	-11.0154241645244
			16.688089117395	-11.0197086546701
			16.688089117395	-11.0239931448158
			16.6923736075407	-11.0282776349614
			16.6923736075407	-11.0325621251071
			16.6923736075407	-11.0368466152528
			16.6923736075407	-11.0411311053985
			16.6923736075407	-11.0454155955441
			16.6923736075407	-11.0497000856898
			16.6923736075407	-11.0539845758355
			16.6923736075407	-11.0582690659811
			16.6923736075407	-11.0625535561268
			16.6966580976864	-11.0668380462725
			16.6966580976864	-11.0711225364182
			16.6966580976864	-11.0754070265638
			16.6966580976864	-11.0796915167095
			16.6966580976864	-11.0839760068552
			16.6966580976864	-11.0882604970009
			16.6966580976864	-11.0925449871465
			16.700942587832	-11.0968294772922
			16.700942587832	-11.1011139674379
			16.700942587832	-11.1053984575835
			16.700942587832	-11.1096829477292
			16.700942587832	-11.1139674378749
			16.700942587832	-11.1182519280206
			16.700942587832	-11.1225364181662
			16.700942587832	-11.1268209083119
			16.7052270779777	-11.1311053984576
			16.7052270779777	-11.1353898886033
			16.7052270779777	-11.1396743787489
			16.7052270779777	-11.1439588688946
			16.7052270779777	-11.1482433590403
			16.7052270779777	-11.1525278491859
			16.7052270779777	-11.1568123393316
			16.7052270779777	-11.1610968294773
			16.7095115681234	-11.165381319623
			16.7095115681234	-11.1696658097686
			16.7095115681234	-11.1739502999143
			16.7095115681234	-11.17823479006
			16.7095115681234	-11.1825192802057
			16.7095115681234	-11.1868037703513
			16.7095115681234	-11.191088260497
			16.7095115681234	-11.1953727506427
			16.7137960582691	-11.1996572407883
			16.7137960582691	-11.203941730934
			16.7137960582691	-11.2082262210797
			16.7137960582691	-11.2125107112254
			16.7137960582691	-11.216795201371
			16.7137960582691	-11.2210796915167
			16.7137960582691	-11.2253641816624
			16.7137960582691	-11.2296486718081
			16.7180805484147	-11.2339331619537
			16.7180805484147	-11.2382176520994
			16.7180805484147	-11.2425021422451
			16.7180805484147	-11.2467866323907
			16.7180805484147	-11.2510711225364
			16.7180805484147	-11.2553556126821
			16.7180805484147	-11.2596401028278
			16.7180805484147	-11.2639245929734
			16.7223650385604	-11.2682090831191
			16.7223650385604	-11.2724935732648
			16.7223650385604	-11.2767780634105
			16.7223650385604	-11.2810625535561
			16.7223650385604	-11.2853470437018
			16.7223650385604	-11.2896315338475
			16.7223650385604	-11.2939160239931
			16.7266495287061	-11.2982005141388
			16.7266495287061	-11.3024850042845
			16.7266495287061	-11.3067694944302
			16.7266495287061	-11.3110539845758
			16.7266495287061	-11.3153384747215
			16.7266495287061	-11.3196229648672
			16.7266495287061	-11.3239074550129
			16.7266495287061	-11.3281919451585
			16.7309340188518	-11.3324764353042
			16.7309340188518	-11.3367609254499
			16.7309340188518	-11.3410454155955
			16.7309340188518	-11.3453299057412
			16.7309340188518	-11.3496143958869
			16.7309340188518	-11.3538988860326
			16.7309340188518	-11.3581833761782
			16.7309340188518	-11.3624678663239
			16.7352185089974	-11.3667523564696
			16.7352185089974	-11.3710368466153
			16.7352185089974	-11.3753213367609
			16.7352185089974	-11.3796058269066
			16.7352185089974	-11.3838903170523
			16.7352185089974	-11.3881748071979
			16.7352185089974	-11.3924592973436
			16.7395029991431	-11.3967437874893
			16.7395029991431	-11.401028277635
			16.7395029991431	-11.4053127677806
			16.7395029991431	-11.4095972579263
			16.7395029991431	-11.413881748072
			16.7395029991431	-11.4181662382177
			16.7395029991431	-11.4224507283633
			16.7437874892888	-11.426735218509
			16.7437874892888	-11.4310197086547
			16.7437874892888	-11.4353041988003
			16.7437874892888	-11.439588688946
			16.7437874892888	-11.4438731790917
			16.7437874892888	-11.4481576692374
			16.7437874892888	-11.452442159383
			16.7480719794344	-11.4567266495287
			16.7480719794344	-11.4610111396744
			16.7480719794344	-11.4652956298201
			16.7480719794344	-11.4695801199657
			16.7480719794344	-11.4738646101114
			16.7480719794344	-11.4781491002571
			16.7480719794344	-11.4824335904027
			16.7480719794344	-11.4867180805484
			16.7523564695801	-11.4910025706941
			16.7523564695801	-11.4952870608398
			16.7523564695801	-11.4995715509854
			16.7523564695801	-11.5038560411311
			16.7523564695801	-11.5081405312768
			16.7523564695801	-11.5124250214225
			16.7566409597258	-11.5167095115681
			16.7566409597258	-11.5209940017138
			16.7566409597258	-11.5252784918595
			16.7566409597258	-11.5295629820051
			16.7566409597258	-11.5338474721508
			16.7566409597258	-11.5381319622965
			16.7566409597258	-11.5424164524422
			16.7609254498715	-11.5467009425878
			16.7609254498715	-11.5509854327335
			16.7609254498715	-11.5552699228792
			16.7609254498715	-11.5595544130249
			16.7609254498715	-11.5638389031705
			16.7609254498715	-11.5681233933162
			16.7652099400171	-11.5724078834619
			16.7652099400171	-11.5766923736075
			16.7652099400171	-11.5809768637532
			16.7652099400171	-11.5852613538989
			16.7652099400171	-11.5895458440446
			16.7652099400171	-11.5938303341902
			16.7652099400171	-11.5981148243359
			16.7694944301628	-11.6023993144816
			16.7694944301628	-11.6066838046273
			16.7694944301628	-11.6109682947729
			16.7694944301628	-11.6152527849186
			16.7694944301628	-11.6195372750643
			16.7737789203085	-11.6238217652099
			16.7737789203085	-11.6281062553556
			16.7737789203085	-11.6323907455013
			16.7737789203085	-11.636675235647
			16.7737789203085	-11.6409597257926
			16.7737789203085	-11.6452442159383
			16.7780634104542	-11.649528706084
			16.7780634104542	-11.6538131962296
			16.7780634104542	-11.6580976863753
			16.7780634104542	-11.662382176521
			16.7823479005998	-11.6666666666667
			16.7823479005998	-11.6709511568123
			16.7823479005998	-11.675235646958
			16.7823479005998	-11.6795201371037
			16.7866323907455	-11.6838046272494
			16.7866323907455	-11.688089117395
			16.7866323907455	-11.6923736075407
			16.7909168808912	-11.6966580976864
			16.7909168808912	-11.6923736075407
			16.7952013710368	-11.688089117395
			16.7952013710368	-11.6838046272494
			16.7952013710368	-11.6795201371037
			16.7952013710368	-11.675235646958
			16.7952013710368	-11.6709511568123
			16.7952013710368	-11.6666666666667
			16.7952013710368	-11.662382176521
			16.7952013710368	-11.6580976863753
			16.7952013710368	-11.6538131962296
			16.7952013710368	-11.649528706084
			16.7952013710368	-11.6452442159383
			16.7952013710368	-11.6409597257926
			16.7952013710368	-11.636675235647
			16.7952013710368	-11.6323907455013
			16.7952013710368	-11.6281062553556
			16.7952013710368	-11.6238217652099
			16.7952013710368	-11.6195372750643
			16.7952013710368	-11.6152527849186
			16.7952013710368	-11.6109682947729
			16.7952013710368	-11.6066838046273
			16.7952013710368	-11.6023993144816
			16.7952013710368	-11.5981148243359
			16.7952013710368	-11.5938303341902
			16.7952013710368	-11.5895458440446
			16.7952013710368	-11.5852613538989
			16.7952013710368	-11.5809768637532
			16.7952013710368	-11.5766923736075
			16.7952013710368	-11.5724078834619
			16.7952013710368	-11.5681233933162
			16.7952013710368	-11.5638389031705
			16.7952013710368	-11.5595544130249
			16.7952013710368	-11.5552699228792
			16.7952013710368	-11.5509854327335
			16.7952013710368	-11.5467009425878
			16.7952013710368	-11.5424164524422
			16.7952013710368	-11.5381319622965
			16.7952013710368	-11.5338474721508
			16.7952013710368	-11.5295629820051
			16.7952013710368	-11.5252784918595
			16.7952013710368	-11.5209940017138
			16.7952013710368	-11.5167095115681
			16.7952013710368	-11.5124250214225
			16.7952013710368	-11.5081405312768
			16.7952013710368	-11.5038560411311
			16.7952013710368	-11.4995715509854
			16.7952013710368	-11.4952870608398
			16.7952013710368	-11.4910025706941
			16.7952013710368	-11.4867180805484
			16.7952013710368	-11.4824335904027
			16.7952013710368	-11.4781491002571
			16.7952013710368	-11.4738646101114
			16.7952013710368	-11.4695801199657
			16.7952013710368	-11.4652956298201
			16.7952013710368	-11.4610111396744
			16.7952013710368	-11.4567266495287
			16.7952013710368	-11.452442159383
			16.7952013710368	-11.4481576692374
			16.7952013710368	-11.4438731790917
			16.7952013710368	-11.439588688946
			16.7952013710368	-11.4353041988003
			16.7909168808912	-11.4310197086547
			16.7909168808912	-11.426735218509
			16.7909168808912	-11.4224507283633
			16.7909168808912	-11.4181662382177
			16.7909168808912	-11.413881748072
			16.7909168808912	-11.4095972579263
			16.7909168808912	-11.4053127677806
			16.7909168808912	-11.401028277635
			16.7909168808912	-11.3967437874893
			16.7909168808912	-11.3924592973436
			16.7909168808912	-11.3881748071979
			16.7909168808912	-11.3838903170523
			16.7909168808912	-11.3796058269066
			16.7909168808912	-11.3753213367609
			16.7909168808912	-11.3710368466153
			16.7909168808912	-11.3667523564696
			16.7909168808912	-11.3624678663239
			16.7909168808912	-11.3581833761782
			16.7909168808912	-11.3538988860326
			16.7909168808912	-11.3496143958869
			16.7909168808912	-11.3453299057412
			16.7909168808912	-11.3410454155955
			16.7909168808912	-11.3367609254499
			16.7909168808912	-11.3324764353042
			16.7909168808912	-11.3281919451585
			16.7909168808912	-11.3239074550129
			16.7909168808912	-11.3196229648672
			16.7909168808912	-11.3153384747215
			16.7909168808912	-11.3110539845758
			16.7909168808912	-11.3067694944302
			16.7909168808912	-11.3024850042845
			16.7909168808912	-11.2982005141388
			16.7909168808912	-11.2939160239931
			16.7909168808912	-11.2896315338475
			16.7909168808912	-11.2853470437018
			16.7909168808912	-11.2810625535561
			16.7909168808912	-11.2767780634105
			16.7909168808912	-11.2724935732648
			16.7866323907455	-11.2682090831191
			16.7866323907455	-11.2639245929734
			16.7866323907455	-11.2596401028278
			16.7866323907455	-11.2553556126821
			16.7866323907455	-11.2510711225364
			16.7866323907455	-11.2467866323907
			16.7866323907455	-11.2425021422451
			16.7866323907455	-11.2382176520994
			16.7866323907455	-11.2339331619537
			16.7866323907455	-11.2296486718081
			16.7866323907455	-11.2253641816624
			16.7866323907455	-11.2210796915167
			16.7866323907455	-11.216795201371
			16.7866323907455	-11.2125107112254
			16.7866323907455	-11.2082262210797
			16.7866323907455	-11.203941730934
			16.7866323907455	-11.1996572407883
			16.7866323907455	-11.1953727506427
			16.7866323907455	-11.191088260497
			16.7866323907455	-11.1868037703513
			16.7866323907455	-11.1825192802057
			16.7866323907455	-11.17823479006
			16.7866323907455	-11.1739502999143
			16.7866323907455	-11.1696658097686
			16.7866323907455	-11.165381319623
			16.7866323907455	-11.1610968294773
			16.7866323907455	-11.1568123393316
			16.7823479005998	-11.1568123393316
			16.7823479005998	-11.1525278491859
			16.7823479005998	-11.1482433590403
			16.7823479005998	-11.1439588688946
			16.7823479005998	-11.1396743787489
			16.7823479005998	-11.1353898886033
			16.7823479005998	-11.1311053984576
			16.7823479005998	-11.1268209083119
			16.7823479005998	-11.1225364181662
			16.7823479005998	-11.1182519280206
			16.7823479005998	-11.1139674378749
			16.7823479005998	-11.1096829477292
			16.7823479005998	-11.1053984575835
			16.7823479005998	-11.1011139674379
			16.7823479005998	-11.0968294772922
			16.7823479005998	-11.0925449871465
			16.7823479005998	-11.0882604970009
			16.7823479005998	-11.0839760068552
			16.7823479005998	-11.0796915167095
			16.7823479005998	-11.0754070265638
			16.7823479005998	-11.0711225364182
			16.7823479005998	-11.0668380462725
			16.7823479005998	-11.0625535561268
			16.7780634104542	-11.0582690659811
			16.7780634104542	-11.0539845758355
			16.7780634104542	-11.0497000856898
			16.7780634104542	-11.0454155955441
			16.7780634104542	-11.0411311053985
			16.7780634104542	-11.0368466152528
			16.7780634104542	-11.0325621251071
			16.7780634104542	-11.0282776349614
			16.7780634104542	-11.0239931448158
			16.7780634104542	-11.0197086546701
			16.7780634104542	-11.0154241645244
			16.7780634104542	-11.0111396743787
			16.7780634104542	-11.0068551842331
			16.7780634104542	-11.0025706940874
			16.7780634104542	-10.9982862039417
			16.7780634104542	-10.9940017137961
			16.7780634104542	-10.9897172236504
			16.7780634104542	-10.9854327335047
			16.7780634104542	-10.981148243359
			16.7780634104542	-10.9768637532134
			16.7737789203085	-10.9725792630677
			16.7737789203085	-10.968294772922
			16.7737789203085	-10.9640102827763
			16.7737789203085	-10.9597257926307
			16.7737789203085	-10.955441302485
			16.7737789203085	-10.9511568123393
			16.7737789203085	-10.9468723221937
			16.7737789203085	-10.942587832048
			16.7737789203085	-10.9383033419023
			16.7737789203085	-10.9340188517566
			16.7737789203085	-10.929734361611
			16.7737789203085	-10.9254498714653
			16.7737789203085	-10.9211653813196
			16.7737789203085	-10.916880891174
			16.7737789203085	-10.9125964010283
			16.7737789203085	-10.9083119108826
			16.7737789203085	-10.9040274207369
			16.7737789203085	-10.8997429305913
			16.7694944301628	-10.8954584404456
			16.7694944301628	-10.8911739502999
			16.7694944301628	-10.8868894601542
			16.7694944301628	-10.8826049700086
			16.7694944301628	-10.8783204798629
			16.7694944301628	-10.8740359897172
			16.7694944301628	-10.8697514995716
			16.7694944301628	-10.8654670094259
			16.7694944301628	-10.8611825192802
			16.7694944301628	-10.8568980291345
			16.7694944301628	-10.8526135389889
			16.7694944301628	-10.8483290488432
			16.7694944301628	-10.8440445586975
			16.7694944301628	-10.8397600685518
			16.7694944301628	-10.8354755784062
			16.7694944301628	-10.8311910882605
			16.7652099400171	-10.8269065981148
			16.7652099400171	-10.8226221079692
			16.7652099400171	-10.8183376178235
			16.7652099400171	-10.8140531276778
			16.7652099400171	-10.8097686375321
			16.7652099400171	-10.8054841473865
			16.7652099400171	-10.8011996572408
			16.7652099400171	-10.7969151670951
			16.7652099400171	-10.7926306769494
			16.7652099400171	-10.7883461868038
			16.7652099400171	-10.7840616966581
			16.7652099400171	-10.7797772065124
			16.7652099400171	-10.7754927163668
			16.7652099400171	-10.7712082262211
			16.7652099400171	-10.7669237360754
			16.7652099400171	-10.7626392459297
			16.7609254498715	-10.7583547557841
			16.7609254498715	-10.7540702656384
			16.7609254498715	-10.7497857754927
			16.7609254498715	-10.745501285347
			16.7609254498715	-10.7412167952014
			16.7609254498715	-10.7369323050557
			16.7609254498715	-10.73264781491
			16.7609254498715	-10.7283633247644
			16.7609254498715	-10.7240788346187
			16.7609254498715	-10.719794344473
			16.7609254498715	-10.7155098543273
			16.7609254498715	-10.7112253641817
			16.7609254498715	-10.706940874036
			16.7609254498715	-10.7026563838903
			16.7566409597258	-10.6983718937446
			16.7566409597258	-10.694087403599
			16.7566409597258	-10.6898029134533
			16.7566409597258	-10.6855184233076
			16.7566409597258	-10.681233933162
			16.7566409597258	-10.6769494430163
			16.7566409597258	-10.6726649528706
			16.7566409597258	-10.6683804627249
			16.7566409597258	-10.6640959725793
			16.7566409597258	-10.6598114824336
			16.7566409597258	-10.6555269922879
			16.7566409597258	-10.6512425021422
			16.7566409597258	-10.6469580119966
			16.7566409597258	-10.6426735218509
			16.7566409597258	-10.6383890317052
			16.7523564695801	-10.6341045415596
			16.7523564695801	-10.6298200514139
			16.7523564695801	-10.6255355612682
			16.7523564695801	-10.6212510711225
			16.7523564695801	-10.6169665809769
			16.7523564695801	-10.6126820908312
			16.7523564695801	-10.6083976006855
			16.7523564695801	-10.6041131105398
			16.7523564695801	-10.5998286203942
			16.7523564695801	-10.5955441302485
			16.7523564695801	-10.5912596401028
			16.7523564695801	-10.5869751499572
			16.7523564695801	-10.5826906598115
			16.7480719794344	-10.5784061696658
			16.7480719794344	-10.5741216795201
			16.7480719794344	-10.5698371893745
			16.7480719794344	-10.5655526992288
			16.7480719794344	-10.5612682090831
			16.7480719794344	-10.5569837189374
			16.7480719794344	-10.5526992287918
			16.7480719794344	-10.5484147386461
			16.7480719794344	-10.5441302485004
			16.7480719794344	-10.5398457583548
			16.7480719794344	-10.5355612682091
			16.7480719794344	-10.5312767780634
			16.7480719794344	-10.5269922879177
			16.7480719794344	-10.5227077977721
			16.7437874892888	-10.5184233076264
			16.7437874892888	-10.5141388174807
			16.7437874892888	-10.509854327335
			16.7437874892888	-10.5055698371894
			16.7437874892888	-10.5012853470437
			16.7437874892888	-10.497000856898
			16.7437874892888	-10.4927163667524
			16.7437874892888	-10.4884318766067
			16.7437874892888	-10.484147386461
			16.7437874892888	-10.4798628963153
			16.7437874892888	-10.4755784061697
			16.7437874892888	-10.471293916024
			16.7395029991431	-10.4670094258783
			16.7395029991431	-10.4627249357326
			16.7395029991431	-10.458440445587
			16.7395029991431	-10.4541559554413
			16.7395029991431	-10.4498714652956
			16.7395029991431	-10.44558697515
			16.7395029991431	-10.4413024850043
			16.7395029991431	-10.4370179948586
			16.7395029991431	-10.4327335047129
			16.7395029991431	-10.4284490145673
			16.7395029991431	-10.4241645244216
			16.7395029991431	-10.4198800342759
			16.7352185089974	-10.4155955441302
			16.7352185089974	-10.4113110539846
			16.7352185089974	-10.4070265638389
			16.7352185089974	-10.4027420736932
			16.7352185089974	-10.3984575835476
			16.7352185089974	-10.3941730934019
			16.7352185089974	-10.3898886032562
			16.7352185089974	-10.3856041131105
			16.7352185089974	-10.3813196229649
			16.7352185089974	-10.3770351328192
			16.7352185089974	-10.3727506426735
			16.7352185089974	-10.3684661525278
			16.7309340188518	-10.3641816623822
			16.7309340188518	-10.3598971722365
			16.7309340188518	-10.3556126820908
			16.7309340188518	-10.3513281919452
			16.7309340188518	-10.3470437017995
			16.7309340188518	-10.3427592116538
			16.7309340188518	-10.3384747215081
			16.7309340188518	-10.3341902313625
			16.7309340188518	-10.3299057412168
			16.7309340188518	-10.3256212510711
			16.7309340188518	-10.3213367609254
			16.7309340188518	-10.3170522707798
			16.7266495287061	-10.3127677806341
			16.7266495287061	-10.3084832904884
			16.7266495287061	-10.3041988003428
			16.7266495287061	-10.2999143101971
			16.7266495287061	-10.2956298200514
			16.7266495287061	-10.2913453299057
			16.7266495287061	-10.2870608397601
			16.7266495287061	-10.2827763496144
			16.7266495287061	-10.2784918594687
			16.7266495287061	-10.2742073693231
			16.7266495287061	-10.2699228791774
			16.7223650385604	-10.2656383890317
			16.7223650385604	-10.261353898886
			16.7223650385604	-10.2570694087404
			16.7223650385604	-10.2527849185947
			16.7223650385604	-10.248500428449
			16.7223650385604	-10.2442159383033
			16.7223650385604	-10.2399314481577
			16.7223650385604	-10.235646958012
			16.7223650385604	-10.2313624678663
			16.7223650385604	-10.2270779777207
			16.7223650385604	-10.222793487575
			16.7180805484147	-10.2185089974293
			16.7180805484147	-10.2142245072836
			16.7180805484147	-10.209940017138
			16.7180805484147	-10.2056555269923
			16.7180805484147	-10.2013710368466
			16.7180805484147	-10.1970865467009
			16.7180805484147	-10.1928020565553
			16.7180805484147	-10.1885175664096
			16.7180805484147	-10.1842330762639
			16.7180805484147	-10.1799485861183
			16.7137960582691	-10.1756640959726
			16.7137960582691	-10.1713796058269
			16.7137960582691	-10.1670951156812
			16.7137960582691	-10.1628106255356
			16.7137960582691	-10.1585261353899
			16.7137960582691	-10.1542416452442
			16.7137960582691	-10.1499571550985
			16.7137960582691	-10.1456726649529
			16.7137960582691	-10.1413881748072
			16.7137960582691	-10.1371036846615
			16.7095115681234	-10.1328191945159
			16.7095115681234	-10.1285347043702
			16.7095115681234	-10.1242502142245
			16.7095115681234	-10.1199657240788
			16.7095115681234	-10.1156812339332
			16.7095115681234	-10.1113967437875
			16.7095115681234	-10.1071122536418
			16.7095115681234	-10.1028277634961
			16.7095115681234	-10.0985432733505
			16.7095115681234	-10.0942587832048
			16.7095115681234	-10.0899742930591
			16.7052270779777	-10.0856898029135
			16.7052270779777	-10.0814053127678
			16.7052270779777	-10.0771208226221
			16.7052270779777	-10.0728363324764
			16.7052270779777	-10.0685518423308
			16.7052270779777	-10.0642673521851
			16.7052270779777	-10.0599828620394
			16.7052270779777	-10.0556983718937
			16.7052270779777	-10.0514138817481
			16.7052270779777	-10.0471293916024
			16.7052270779777	-10.0428449014567
			16.700942587832	-10.0428449014567
			16.700942587832	-10.0385604113111
			16.700942587832	-10.0342759211654
			16.700942587832	-10.0299914310197
			16.700942587832	-10.025706940874
			16.700942587832	-10.0214224507284
			16.700942587832	-10.0171379605827
			16.700942587832	-10.012853470437
			16.700942587832	-10.0085689802913
			16.700942587832	-10.0042844901457
			16.6966580976864	-10
			16.6966580976864	-9.99571550985433
			16.6966580976864	-9.99143101970865
			16.6966580976864	-9.98714652956298
			16.6966580976864	-9.98286203941731
			16.6966580976864	-9.97857754927164
			16.6966580976864	-9.97429305912596
			16.6966580976864	-9.97000856898029
			16.6966580976864	-9.96572407883462
			16.6966580976864	-9.96143958868895
			16.6923736075407	-9.95715509854327
			16.6923736075407	-9.9528706083976
			16.6923736075407	-9.94858611825193
			16.6923736075407	-9.94430162810626
			16.6923736075407	-9.94001713796058
			16.6923736075407	-9.93573264781491
			16.6923736075407	-9.93144815766924
			16.6923736075407	-9.92716366752357
			16.6923736075407	-9.92287917737789
			16.6923736075407	-9.91859468723222
			16.688089117395	-9.91431019708655
			16.688089117395	-9.91002570694087
			16.688089117395	-9.9057412167952
			16.688089117395	-9.90145672664953
			16.688089117395	-9.89717223650386
			16.688089117395	-9.89288774635818
			16.688089117395	-9.88860325621251
			16.688089117395	-9.88431876606684
			16.688089117395	-9.88003427592117
			16.6838046272494	-9.87574978577549
			16.6838046272494	-9.87146529562982
			16.6838046272494	-9.86718080548415
			16.6838046272494	-9.86289631533847
			16.6838046272494	-9.8586118251928
			16.6838046272494	-9.85432733504713
			16.6838046272494	-9.85004284490146
			16.6838046272494	-9.84575835475578
			16.6838046272494	-9.84147386461011
			16.6838046272494	-9.83718937446444
			16.6795201371037	-9.83290488431877
			16.6795201371037	-9.82862039417309
			16.6795201371037	-9.82433590402742
			16.6795201371037	-9.82005141388175
			16.6795201371037	-9.81576692373608
			16.6795201371037	-9.8114824335904
			16.6795201371037	-9.80719794344473
			16.6795201371037	-9.80291345329906
			16.6795201371037	-9.79862896315339
			16.675235646958	-9.79434447300771
			16.675235646958	-9.79005998286204
			16.675235646958	-9.78577549271637
			16.675235646958	-9.78149100257069
			16.675235646958	-9.77720651242502
			16.675235646958	-9.77292202227935
			16.675235646958	-9.76863753213368
			16.675235646958	-9.764353041988
			16.675235646958	-9.76006855184233
			16.6709511568123	-9.75578406169666
			16.6709511568123	-9.75149957155099
			16.6709511568123	-9.74721508140531
			16.6709511568123	-9.74293059125964
			16.6709511568123	-9.73864610111397
			16.6709511568123	-9.73436161096829
			16.6709511568123	-9.73007712082262
			16.6709511568123	-9.72579263067695
			16.6709511568123	-9.72150814053128
			16.6666666666667	-9.7172236503856
			16.6666666666667	-9.71293916023993
			16.6666666666667	-9.70865467009426
			16.6666666666667	-9.70437017994859
			16.6666666666667	-9.70008568980291
			16.6666666666667	-9.69580119965724
			16.6666666666667	-9.69151670951157
			16.6666666666667	-9.6872322193659
			16.6666666666667	-9.68294772922022
			16.662382176521	-9.67866323907455
			16.662382176521	-9.67437874892888
			16.662382176521	-9.67009425878321
			16.662382176521	-9.66580976863753
			16.662382176521	-9.66152527849186
			16.662382176521	-9.65724078834619
			16.662382176521	-9.65295629820051
			16.662382176521	-9.64867180805484
			16.662382176521	-9.64438731790917
			16.6580976863753	-9.6401028277635
			16.6580976863753	-9.63581833761782
			16.6580976863753	-9.63153384747215
			16.6580976863753	-9.62724935732648
			16.6580976863753	-9.62296486718081
			16.6580976863753	-9.61868037703513
			16.6580976863753	-9.61439588688946
			16.6580976863753	-9.61011139674379
			16.6580976863753	-9.60582690659811
			16.6538131962296	-9.60154241645244
			16.6538131962296	-9.59725792630677
			16.6538131962296	-9.5929734361611
			16.6538131962296	-9.58868894601542
			16.6538131962296	-9.58440445586975
			16.6538131962296	-9.58011996572408
			16.6538131962296	-9.57583547557841
			16.6538131962296	-9.57155098543273
			16.649528706084	-9.56726649528706
			16.649528706084	-9.56298200514139
			16.649528706084	-9.55869751499572
			16.649528706084	-9.55441302485004
			16.649528706084	-9.55012853470437
			16.649528706084	-9.5458440445587
			16.649528706084	-9.54155955441303
			16.649528706084	-9.53727506426735
			16.649528706084	-9.53299057412168
			16.6452442159383	-9.52870608397601
			16.6452442159383	-9.52442159383033
			16.6452442159383	-9.52013710368466
			16.6452442159383	-9.51585261353899
			16.6452442159383	-9.51156812339332
			16.6452442159383	-9.50728363324764
			16.6452442159383	-9.50299914310197
			16.6452442159383	-9.4987146529563
			16.6409597257926	-9.49443016281063
			16.6409597257926	-9.49014567266495
			16.6409597257926	-9.48586118251928
			16.6409597257926	-9.48157669237361
			16.6409597257926	-9.47729220222794
			16.6409597257926	-9.47300771208226
			16.6409597257926	-9.46872322193659
			16.6409597257926	-9.46443873179092
			16.6409597257926	-9.46015424164525
			16.636675235647	-9.46015424164525
			16.636675235647	-9.45586975149957
			16.636675235647	-9.4515852613539
			16.636675235647	-9.44730077120823
			16.636675235647	-9.44301628106255
			16.636675235647	-9.43873179091688
			16.636675235647	-9.43444730077121
			16.636675235647	-9.43016281062554
			16.636675235647	-9.42587832047986
			16.6323907455013	-9.42159383033419
			16.6323907455013	-9.41730934018852
			16.6323907455013	-9.41302485004285
			16.6323907455013	-9.40874035989717
			16.6323907455013	-9.4044558697515
			16.6323907455013	-9.40017137960583
			16.6323907455013	-9.39588688946015
			16.6323907455013	-9.39160239931448
			16.6323907455013	-9.38731790916881
			16.6281062553556	-9.38303341902314
			16.6281062553556	-9.37874892887746
			16.6281062553556	-9.37446443873179
			16.6281062553556	-9.37017994858612
			16.6281062553556	-9.36589545844045
			16.6281062553556	-9.36161096829477
			16.6281062553556	-9.3573264781491
			16.6281062553556	-9.35304198800343
			16.6238217652099	-9.34875749785776
			16.6238217652099	-9.34447300771208
			16.6238217652099	-9.34018851756641
			16.6238217652099	-9.33590402742074
			16.6238217652099	-9.33161953727507
			16.6238217652099	-9.32733504712939
			16.6238217652099	-9.32305055698372
			16.6238217652099	-9.31876606683805
			16.6195372750643	-9.31448157669237
			16.6195372750643	-9.3101970865467
			16.6195372750643	-9.30591259640103
			16.6195372750643	-9.30162810625536
			16.6195372750643	-9.29734361610968
			16.6195372750643	-9.29305912596401
			16.6195372750643	-9.28877463581834
			16.6195372750643	-9.28449014567266
			16.6152527849186	-9.28020565552699
			16.6152527849186	-9.27592116538132
			16.6152527849186	-9.27163667523565
			16.6152527849186	-9.26735218508997
			16.6152527849186	-9.2630676949443
			16.6152527849186	-9.25878320479863
			16.6152527849186	-9.25449871465296
			16.6152527849186	-9.25021422450728
			16.6109682947729	-9.24592973436161
			16.6109682947729	-9.24164524421594
			16.6109682947729	-9.23736075407027
			16.6109682947729	-9.23307626392459
			16.6109682947729	-9.22879177377892
			16.6109682947729	-9.22450728363325
			16.6109682947729	-9.22022279348758
			16.6109682947729	-9.2159383033419
			16.6066838046272	-9.21165381319623
			16.6066838046272	-9.20736932305056
			16.6066838046272	-9.20308483290489
			16.6066838046272	-9.19880034275921
			16.6066838046272	-9.19451585261354
			16.6066838046272	-9.19023136246787
			16.6066838046272	-9.18594687232219
			16.6066838046272	-9.18166238217652
			16.6023993144816	-9.17737789203085
			16.6023993144816	-9.17309340188518
			16.6023993144816	-9.1688089117395
			16.6023993144816	-9.16452442159383
			16.6023993144816	-9.16023993144816
			16.6023993144816	-9.15595544130248
			16.6023993144816	-9.15167095115681
			16.6023993144816	-9.14738646101114
			16.5981148243359	-9.14310197086547
			16.5981148243359	-9.13881748071979
			16.5981148243359	-9.13453299057412
			16.5981148243359	-9.13024850042845
			16.5981148243359	-9.12596401028278
			16.5981148243359	-9.1216795201371
			16.5981148243359	-9.11739502999143
			16.5938303341902	-9.11311053984576
			16.5938303341902	-9.10882604970009
			16.5938303341902	-9.10454155955441
			16.5938303341902	-9.10025706940874
			16.5938303341902	-9.09597257926307
			16.5938303341902	-9.0916880891174
			16.5938303341902	-9.08740359897172
			16.5938303341902	-9.08311910882605
			16.5895458440446	-9.07883461868038
			16.5895458440446	-9.0745501285347
			16.5895458440446	-9.07026563838903
			16.5895458440446	-9.06598114824336
			16.5895458440446	-9.06169665809769
			16.5895458440446	-9.05741216795201
			16.5895458440446	-9.05312767780634
			16.5852613538989	-9.04884318766067
			16.5852613538989	-9.044558697515
			16.5852613538989	-9.04027420736932
			16.5852613538989	-9.03598971722365
			16.5852613538989	-9.03170522707798
			16.5852613538989	-9.0274207369323
			16.5852613538989	-9.02313624678663
			16.5852613538989	-9.01885175664096
			16.5809768637532	-9.01456726649529
			16.5809768637532	-9.01028277634961
			16.5809768637532	-9.00599828620394
			16.5809768637532	-9.00171379605827
			16.5809768637532	-8.9974293059126
			16.5809768637532	-8.99314481576692
			16.5809768637532	-8.98886032562125
			16.5766923736075	-8.98457583547558
			16.5766923736075	-8.98029134532991
			16.5766923736075	-8.97600685518423
			16.5766923736075	-8.97172236503856
			16.5766923736075	-8.96743787489289
			16.5766923736075	-8.96315338474722
			16.5766923736075	-8.95886889460154
			16.5766923736075	-8.95458440445587
			16.5724078834619	-8.9502999143102
			16.5724078834619	-8.94601542416452
			16.5724078834619	-8.94173093401885
			16.5724078834619	-8.93744644387318
			16.5724078834619	-8.93316195372751
			16.5724078834619	-8.92887746358183
			16.5724078834619	-8.92459297343616
			16.5724078834619	-8.92030848329049
			16.5681233933162	-8.91602399314482
			16.5681233933162	-8.91173950299914
			16.5681233933162	-8.90745501285347
			16.5681233933162	-8.9031705227078
			16.5681233933162	-8.89888603256212
			16.5681233933162	-8.89460154241645
			16.5681233933162	-8.89031705227078
			16.5638389031705	-8.88603256212511
			16.5638389031705	-8.88174807197943
			16.5638389031705	-8.87746358183376
			16.5638389031705	-8.87317909168809
			16.5638389031705	-8.86889460154242
			16.5638389031705	-8.86461011139674
			16.5638389031705	-8.86032562125107
			16.5595544130249	-8.8560411311054
			16.5595544130249	-8.85175664095973
			16.5595544130249	-8.84747215081405
			16.5595544130249	-8.84318766066838
			16.5595544130249	-8.83890317052271
			16.5595544130249	-8.83461868037704
			16.5595544130249	-8.83033419023136
			16.5595544130249	-8.82604970008569
			16.5552699228792	-8.82176520994002
			16.5552699228792	-8.81748071979434
			16.5552699228792	-8.81319622964867
			16.5552699228792	-8.808911739503
			16.5552699228792	-8.80462724935733
			16.5552699228792	-8.80034275921165
			16.5552699228792	-8.79605826906598
			16.5509854327335	-8.79177377892031
			16.5509854327335	-8.78748928877464
			16.5509854327335	-8.78320479862896
			16.5509854327335	-8.77892030848329
			16.5509854327335	-8.77463581833762
			16.5509854327335	-8.77035132819195
			16.5509854327335	-8.76606683804627
			16.5467009425878	-8.7617823479006
			16.5467009425878	-8.75749785775493
			16.5467009425878	-8.75321336760926
			16.5467009425878	-8.74892887746358
			16.5467009425878	-8.74464438731791
			16.5467009425878	-8.74035989717224
			16.5467009425878	-8.73607540702656
			16.5424164524422	-8.73179091688089
			16.5424164524422	-8.72750642673522
			16.5424164524422	-8.72322193658955
			16.5424164524422	-8.71893744644387
			16.5424164524422	-8.7146529562982
			16.5424164524422	-8.71036846615253
			16.5424164524422	-8.70608397600686
			16.5424164524422	-8.70179948586118
			16.5381319622965	-8.69751499571551
			16.5381319622965	-8.69323050556984
			16.5381319622965	-8.68894601542416
			16.5381319622965	-8.68466152527849
			16.5381319622965	-8.68037703513282
			16.5381319622965	-8.67609254498715
			16.5381319622965	-8.67180805484147
			16.5338474721508	-8.6675235646958
			16.5338474721508	-8.66323907455013
			16.5338474721508	-8.65895458440446
			16.5338474721508	-8.65467009425878
			16.5338474721508	-8.65038560411311
			16.5338474721508	-8.64610111396744
			16.5338474721508	-8.64181662382177
			16.5295629820051	-8.63753213367609
			16.5295629820051	-8.63324764353042
			16.5295629820051	-8.62896315338475
			16.5295629820051	-8.62467866323908
			16.5295629820051	-8.6203941730934
			16.5295629820051	-8.61610968294773
			16.5295629820051	-8.61182519280206
			16.5252784918595	-8.60754070265638
			16.5252784918595	-8.60325621251071
			16.5252784918595	-8.59897172236504
			16.5252784918595	-8.59468723221937
			16.5252784918595	-8.59040274207369
			16.5252784918595	-8.58611825192802
			16.5252784918595	-8.58183376178235
			16.5209940017138	-8.57754927163668
			16.5209940017138	-8.573264781491
			16.5209940017138	-8.56898029134533
			16.5209940017138	-8.56469580119966
			16.5209940017138	-8.56041131105398
			16.5209940017138	-8.55612682090831
			16.5209940017138	-8.55184233076264
			16.5167095115681	-8.54755784061697
			16.5167095115681	-8.54327335047129
			16.5167095115681	-8.53898886032562
			16.5167095115681	-8.53470437017995
			16.5167095115681	-8.53041988003428
			16.5167095115681	-8.5261353898886
			16.5167095115681	-8.52185089974293
			16.5124250214225	-8.51756640959726
			16.5124250214225	-8.51328191945159
			16.5124250214225	-8.50899742930591
			16.5124250214225	-8.50471293916024
			16.5124250214225	-8.50042844901457
			16.5124250214225	-8.4961439588689
			16.5124250214225	-8.49185946872322
			16.5081405312768	-8.48757497857755
			16.5081405312768	-8.48329048843188
			16.5081405312768	-8.4790059982862
			16.5081405312768	-8.47472150814053
			16.5081405312768	-8.47043701799486
			16.5081405312768	-8.46615252784919
			16.5081405312768	-8.46186803770351
			16.5038560411311	-8.45758354755784
			16.5038560411311	-8.45329905741217
			16.5038560411311	-8.4490145672665
			16.5038560411311	-8.44473007712082
			16.5038560411311	-8.44044558697515
			16.5038560411311	-8.43616109682948
			16.4995715509854	-8.4318766066838
			16.4995715509854	-8.42759211653813
			16.4995715509854	-8.42330762639246
			16.4995715509854	-8.41902313624679
			16.4995715509854	-8.41473864610111
			16.4995715509854	-8.41045415595544
			16.4995715509854	-8.40616966580977
			16.4952870608398	-8.4018851756641
			16.4952870608398	-8.39760068551842
			16.4952870608398	-8.39331619537275
			16.4952870608398	-8.38903170522708
			16.4952870608398	-8.38474721508141
			16.4952870608398	-8.38046272493573
			16.4952870608398	-8.37617823479006
			16.4910025706941	-8.37189374464439
			16.4910025706941	-8.36760925449872
			16.4910025706941	-8.36332476435304
			16.4910025706941	-8.35904027420737
			16.4910025706941	-8.3547557840617
			16.4910025706941	-8.35047129391602
			16.4867180805484	-8.34618680377035
			16.4867180805484	-8.34190231362468
			16.4867180805484	-8.33761782347901
			16.4867180805484	-8.33333333333333
			16.4867180805484	-8.32904884318766
			16.4867180805484	-8.32476435304199
			16.4867180805484	-8.32047986289632
			16.4824335904027	-8.31619537275064
			16.4824335904027	-8.31191088260497
			16.4824335904027	-8.3076263924593
			16.4824335904027	-8.30334190231362
			16.4824335904027	-8.29905741216795
			16.4824335904027	-8.29477292202228
			16.4824335904027	-8.29048843187661
			16.4781491002571	-8.28620394173093
			16.4781491002571	-8.28191945158526
			16.4781491002571	-8.27763496143959
			16.4781491002571	-8.27335047129392
			16.4781491002571	-8.26906598114824
			16.4781491002571	-8.26478149100257
			16.4781491002571	-8.2604970008569
			16.4738646101114	-8.25621251071123
			16.4738646101114	-8.25192802056555
			16.4738646101114	-8.24764353041988
			16.4738646101114	-8.24335904027421
			16.4738646101114	-8.23907455012854
			16.4738646101114	-8.23479005998286
			16.4695801199657	-8.23050556983719
			16.4695801199657	-8.22622107969152
			16.4695801199657	-8.22193658954584
			16.4695801199657	-8.21765209940017
			16.4695801199657	-8.2133676092545
			16.4695801199657	-8.20908311910883
			16.4695801199657	-8.20479862896315
			16.4652956298201	-8.20051413881748
			16.4652956298201	-8.19622964867181
			16.4652956298201	-8.19194515852613
			16.4652956298201	-8.18766066838046
			16.4652956298201	-8.18337617823479
			16.4652956298201	-8.17909168808912
			16.4652956298201	-8.17480719794344
			16.4610111396744	-8.17052270779777
			16.4610111396744	-8.1662382176521
			16.4610111396744	-8.16195372750643
			16.4610111396744	-8.15766923736075
			16.4610111396744	-8.15338474721508
			16.4610111396744	-8.14910025706941
			16.4567266495287	-8.14481576692374
			16.4567266495287	-8.14053127677806
			16.4567266495287	-8.13624678663239
			16.4567266495287	-8.13196229648672
			16.4567266495287	-8.12767780634105
			16.4567266495287	-8.12339331619537
			16.4567266495287	-8.1191088260497
			16.452442159383	-8.11482433590403
			16.452442159383	-8.11053984575836
			16.452442159383	-8.10625535561268
			16.452442159383	-8.10197086546701
			16.452442159383	-8.09768637532134
			16.452442159383	-8.09340188517566
			16.4481576692374	-8.08911739502999
			16.4481576692374	-8.08483290488432
			16.4481576692374	-8.08054841473865
			16.4481576692374	-8.07626392459297
			16.4481576692374	-8.0719794344473
			16.4481576692374	-8.06769494430163
			16.4481576692374	-8.06341045415595
			16.4438731790917	-8.05912596401028
			16.4438731790917	-8.05484147386461
			16.4438731790917	-8.05055698371894
			16.4438731790917	-8.04627249357326
			16.4438731790917	-8.04198800342759
			16.4438731790917	-8.03770351328192
			16.4438731790917	-8.03341902313625
			16.439588688946	-8.02913453299058
			16.439588688946	-8.0248500428449
			16.439588688946	-8.02056555269923
			16.439588688946	-8.01628106255356
			16.439588688946	-8.01199657240788
			16.439588688946	-8.00771208226221
			16.4353041988003	-8.00342759211654
			16.4353041988003	-7.99914310197087
			16.4353041988003	-7.99485861182519
			16.4353041988003	-7.99057412167952
			16.4353041988003	-7.98628963153385
			16.4353041988003	-7.98200514138817
			16.4353041988003	-7.9777206512425
			16.4310197086547	-7.9777206512425
			16.4310197086547	-7.97343616109683
			16.4310197086547	-7.96915167095116
			16.4310197086547	-7.96486718080548
			16.4310197086547	-7.96058269065981
			16.4310197086547	-7.95629820051414
			16.426735218509	-7.95201371036847
			16.426735218509	-7.94772922022279
			16.426735218509	-7.94344473007712
			16.426735218509	-7.93916023993145
			16.426735218509	-7.93487574978578
			16.426735218509	-7.9305912596401
			16.426735218509	-7.92630676949443
			16.4224507283633	-7.92202227934876
			16.4224507283633	-7.91773778920308
			16.4224507283633	-7.91345329905741
			16.4224507283633	-7.90916880891174
			16.4224507283633	-7.90488431876607
			16.4224507283633	-7.90059982862039
			16.4181662382177	-7.89631533847472
			16.4181662382177	-7.89203084832905
			16.4181662382177	-7.88774635818338
			16.4181662382177	-7.8834618680377
			16.4181662382177	-7.87917737789203
			16.4181662382177	-7.87489288774636
			16.4181662382177	-7.87060839760069
			16.413881748072	-7.86632390745501
			16.413881748072	-7.86203941730934
			16.413881748072	-7.85775492716367
			16.413881748072	-7.85347043701799
			16.413881748072	-7.84918594687232
			16.413881748072	-7.84490145672665
			16.4095972579263	-7.84061696658098
			16.4095972579263	-7.8363324764353
			16.4095972579263	-7.83204798628963
			16.4095972579263	-7.82776349614396
			16.4095972579263	-7.82347900599829
			16.4095972579263	-7.81919451585261
			16.4053127677806	-7.81491002570694
			16.4053127677806	-7.81062553556127
			16.4053127677806	-7.8063410454156
			16.4053127677806	-7.80205655526992
			16.4053127677806	-7.79777206512425
			16.4053127677806	-7.79348757497858
			16.4053127677806	-7.7892030848329
			16.401028277635	-7.78491859468723
			16.401028277635	-7.78063410454156
			16.401028277635	-7.77634961439589
			16.401028277635	-7.77206512425021
			16.401028277635	-7.76778063410454
			16.401028277635	-7.76349614395887
			16.3967437874893	-7.7592116538132
			16.3967437874893	-7.75492716366752
			16.3967437874893	-7.75064267352185
			16.3967437874893	-7.74635818337618
			16.3967437874893	-7.74207369323051
			16.3967437874893	-7.73778920308483
			16.3924592973436	-7.73350471293916
			16.3924592973436	-7.72922022279349
			16.3924592973436	-7.72493573264781
			16.3924592973436	-7.72065124250214
			16.3924592973436	-7.71636675235647
			16.3924592973436	-7.7120822622108
			16.3881748071979	-7.70779777206512
			16.3881748071979	-7.70351328191945
			16.3881748071979	-7.69922879177378
			16.3881748071979	-7.69494430162811
			16.3881748071979	-7.69065981148243
			16.3881748071979	-7.68637532133676
			16.3881748071979	-7.68209083119109
			16.3838903170523	-7.67780634104542
			16.3838903170523	-7.67352185089974
			16.3838903170523	-7.66923736075407
			16.3838903170523	-7.6649528706084
			16.3838903170523	-7.66066838046273
			16.3838903170523	-7.65638389031705
			16.3796058269066	-7.65209940017138
			16.3796058269066	-7.64781491002571
			16.3796058269066	-7.64353041988003
			16.3796058269066	-7.63924592973436
			16.3796058269066	-7.63496143958869
			16.3796058269066	-7.63067694944302
			16.3753213367609	-7.62639245929734
			16.3753213367609	-7.62210796915167
			16.3753213367609	-7.617823479006
			16.3753213367609	-7.61353898886033
			16.3753213367609	-7.60925449871465
			16.3753213367609	-7.60497000856898
			16.3710368466153	-7.60068551842331
			16.3710368466153	-7.59640102827764
			16.3710368466153	-7.59211653813196
			16.3710368466153	-7.58783204798629
			16.3710368466153	-7.58354755784062
			16.3710368466153	-7.57926306769494
			16.3667523564696	-7.57497857754927
			16.3667523564696	-7.5706940874036
			16.3667523564696	-7.56640959725793
			16.3667523564696	-7.56212510711225
			16.3667523564696	-7.55784061696658
			16.3667523564696	-7.55355612682091
			16.3667523564696	-7.54927163667524
			16.3624678663239	-7.54498714652956
			16.3624678663239	-7.54070265638389
			16.3624678663239	-7.53641816623822
			16.3624678663239	-7.53213367609255
			16.3624678663239	-7.52784918594687
			16.3624678663239	-7.5235646958012
			16.3581833761782	-7.5235646958012
			16.3581833761782	-7.51928020565553
			16.3581833761782	-7.51499571550985
			16.3581833761782	-7.51071122536418
			16.3581833761782	-7.50642673521851
			16.3581833761782	-7.50214224507284
			16.3581833761782	-7.49785775492716
			16.3538988860326	-7.49357326478149
			16.3538988860326	-7.48928877463582
			16.3538988860326	-7.48500428449015
			16.3538988860326	-7.48071979434447
			16.3538988860326	-7.4764353041988
			16.3538988860326	-7.47215081405313
			16.3496143958869	-7.46786632390746
			16.3496143958869	-7.46358183376178
			16.3496143958869	-7.45929734361611
			16.3496143958869	-7.45501285347044
			16.3496143958869	-7.45072836332476
			16.3496143958869	-7.44644387317909
			16.3453299057412	-7.44215938303342
			16.3453299057412	-7.43787489288775
			16.3453299057412	-7.43359040274207
			16.3453299057412	-7.4293059125964
			16.3453299057412	-7.42502142245073
			16.3453299057412	-7.42073693230506
			16.3410454155955	-7.41645244215938
			16.3410454155955	-7.41216795201371
			16.3410454155955	-7.40788346186804
			16.3410454155955	-7.40359897172237
			16.3410454155955	-7.39931448157669
			16.3410454155955	-7.39502999143102
			16.3367609254499	-7.39074550128535
			16.3367609254499	-7.38646101113967
			16.3367609254499	-7.382176520994
			16.3367609254499	-7.37789203084833
			16.3367609254499	-7.37360754070266
			16.3367609254499	-7.36932305055698
			16.3324764353042	-7.36503856041131
			16.3324764353042	-7.36075407026564
			16.3324764353042	-7.35646958011997
			16.3324764353042	-7.35218508997429
			16.3324764353042	-7.34790059982862
			16.3324764353042	-7.34361610968295
			16.3281919451585	-7.33933161953728
			16.3281919451585	-7.3350471293916
			16.3281919451585	-7.33076263924593
			16.3281919451585	-7.32647814910026
			16.3281919451585	-7.32219365895458
			16.3281919451585	-7.31790916880891
			16.3239074550129	-7.31362467866324
			16.3239074550129	-7.30934018851757
			16.3239074550129	-7.30505569837189
			16.3239074550129	-7.30077120822622
			16.3239074550129	-7.29648671808055
			16.3239074550129	-7.29220222793488
			16.3196229648672	-7.2879177377892
			16.3196229648672	-7.28363324764353
			16.3196229648672	-7.27934875749786
			16.3196229648672	-7.27506426735219
			16.3196229648672	-7.27077977720651
			16.3196229648672	-7.26649528706084
			16.3153384747215	-7.26221079691517
			16.3153384747215	-7.25792630676949
			16.3153384747215	-7.25364181662382
			16.3153384747215	-7.24935732647815
			16.3153384747215	-7.24507283633248
			16.3153384747215	-7.2407883461868
			16.3110539845758	-7.23650385604113
			16.3110539845758	-7.23221936589546
			16.3110539845758	-7.22793487574979
			16.3110539845758	-7.22365038560411
			16.3110539845758	-7.21936589545844
			16.3110539845758	-7.21508140531277
			16.3067694944302	-7.2107969151671
			16.3067694944302	-7.20651242502142
			16.3067694944302	-7.20222793487575
			16.3067694944302	-7.19794344473008
			16.3067694944302	-7.1936589545844
			16.3067694944302	-7.18937446443873
			16.3024850042845	-7.18508997429306
			16.3024850042845	-7.18080548414739
			16.3024850042845	-7.17652099400171
			16.3024850042845	-7.17223650385604
			16.3024850042845	-7.16795201371037
			16.2982005141388	-7.1636675235647
			16.2982005141388	-7.15938303341902
			16.2982005141388	-7.15509854327335
			16.2982005141388	-7.15081405312768
			16.2982005141388	-7.14652956298201
			16.2982005141388	-7.14224507283633
			16.2982005141388	-7.13796058269066
			16.2939160239931	-7.13796058269066
			16.2939160239931	-7.13367609254499
			16.2939160239931	-7.12939160239931
			16.2939160239931	-7.12510711225364
			16.2939160239931	-7.12082262210797
			16.2939160239931	-7.1165381319623
			16.2896315338475	-7.11225364181662
			16.2896315338475	-7.10796915167095
			16.2896315338475	-7.10368466152528
			16.2896315338475	-7.09940017137961
		</posterior>
	</curves.scaled>
	<ruler.points type=matrix rownames=TRUE colnames=FALSE nrow=2 ncol=2 as.numeric=TRUE >
		Ruler point 1	3342	3521
		Ruler point 2	4509	3521
	</ruler.points>
</shapes>

