<shapes type=list>
	<ruler.pixel type=vector names=FALSE length=1 as.numeric=TRUE >205</ruler.pixel>
	<ruler.interval type=vector names=FALSE length=1 as.numeric=TRUE >2</ruler.interval>
	<scaling.units type=vector names=FALSE length=1 as.numeric=FALSE >mm</scaling.units>
	<scaling type=vector names=FALSE length=1 as.numeric=TRUE >0.00975609756097561</scaling>
	<landmarks.pixel type=matrix rownames=TRUE colnames=FALSE nrow=16 ncol=2 as.numeric=TRUE >
		LM1	506	87
		LM2	504	97
		LM3	491	316
		LM4	489	371
		LM5	617	295
		LM6	603	345
		LM7	595	379
		LM8	650	166
		LM9	662	259
		LM10	506	87
		LM11	746	385
		LM12	754	462
		LM13	506	87
		LM14	734	204
		LM15	815	371
		LM16	896	878
	</landmarks.pixel>
	<landmarks.scaled type=matrix rownames=TRUE colnames=FALSE nrow=16 ncol=2 as.numeric=TRUE >
		LM1	4.93658536585366	-0.848780487804878
		LM2	4.91707317073171	-0.946341463414634
		LM3	4.79024390243902	-3.08292682926829
		LM4	4.77073170731707	-3.61951219512195
		LM5	6.01951219512195	-2.8780487804878
		LM6	5.88292682926829	-3.36585365853659
		LM7	5.80487804878049	-3.69756097560976
		LM8	6.34146341463415	-1.61951219512195
		LM9	6.45853658536585	-2.52682926829268
		LM10	4.93658536585366	-0.848780487804878
		LM11	7.27804878048781	-3.75609756097561
		LM12	7.35609756097561	-4.50731707317073
		LM13	4.93658536585366	-0.848780487804878
		LM14	7.1609756097561	-1.99024390243902
		LM15	7.95121951219512	-3.61951219512195
		LM16	8.74146341463415	-8.56585365853659
	</landmarks.scaled>
	<curves.control type=list>
		<glabella type=matrix rownames=FALSE colnames=FALSE nrow=11 ncol=2 as.numeric=TRUE >
			504	97
			556	107
			589	153
			596	196
			607	241
			620	266
			620	281
			618	321
			608	330
			605	363
			595	379
		</glabella>
		<suture type=matrix rownames=FALSE colnames=FALSE nrow=23 ncol=2 as.numeric=TRUE >
			506	87
			602	96
			647	133
			657	140
			659	149
			655	156
			652	162
			650	166
			659	167
			711	155
			706	207
			696	231
			673	243
			657	248
			657	253
			707	311
			716	328
			720	345
			735	362
			748	372
			767	395
			789	439
			754	462
		</suture>
		<anterior type=matrix rownames=FALSE colnames=FALSE nrow=7 ncol=2 as.numeric=TRUE >
			506	87
			604	85
			671	148
			744	191
			773	256
			806	329
			815	371
		</anterior>
		<posterior type=matrix rownames=FALSE colnames=FALSE nrow=15 ncol=2 as.numeric=TRUE >
			489	371
			570	384
			594	385
			635	390
			680	391
			718	431
			740	452
			766	469
			824	669
			846	730
			868	801
			887	857
			896	878
			926	793
			815	371
		</posterior>
	</curves.control>
	<curves.pixel type=list>
		<glabella type=matrix rownames=FALSE colnames=FALSE nrow=325 ncol=2 as.numeric=TRUE >
			504	97
			505	97
			506	97
			507	98
			508	98
			509	98
			510	98
			511	99
			512	99
			513	99
			514	99
			515	100
			516	100
			517	100
			518	100
			518	101
			519	101
			520	101
			521	101
			521	102
			522	102
			523	102
			524	102
			524	103
			525	103
			526	103
			527	104
			528	104
			529	104
			530	105
			531	105
			532	105
			532	106
			533	106
			534	107
			535	107
			536	107
			537	108
			538	109
			539	109
			540	110
			541	110
			542	111
			543	111
			544	112
			545	112
			546	113
			547	113
			548	114
			549	115
			550	115
			551	116
			552	116
			553	117
			554	118
			555	118
			555	119
			556	120
			557	120
			558	121
			559	122
			560	122
			561	123
			562	124
			563	124
			564	125
			564	126
			565	127
			566	127
			567	128
			568	129
			569	130
			570	131
			571	132
			572	133
			573	134
			574	135
			575	136
			576	137
			577	138
			578	139
			579	140
			580	141
			580	142
			581	143
			582	143
			582	144
			583	145
			584	146
			585	147
			586	148
			586	149
			587	150
			587	151
			588	152
			589	153
			589	154
			589	155
			590	156
			590	157
			590	158
			590	159
			590	160
			590	161
			591	162
			591	163
			591	164
			591	165
			591	166
			591	167
			592	168
			592	169
			592	170
			592	171
			592	172
			592	173
			593	174
			593	175
			593	176
			593	177
			593	178
			594	179
			594	180
			594	181
			594	182
			594	183
			595	184
			595	185
			595	186
			595	187
			595	188
			595	189
			596	190
			596	191
			596	192
			596	193
			596	194
			597	195
			597	196
			597	197
			597	198
			598	199
			598	200
			598	201
			598	202
			598	203
			599	204
			599	205
			599	206
			599	207
			599	208
			600	209
			600	210
			600	211
			600	212
			601	213
			601	214
			601	215
			601	216
			601	217
			602	218
			602	219
			602	220
			602	221
			603	222
			603	223
			603	224
			603	225
			604	226
			604	227
			604	228
			604	229
			604	230
			605	231
			605	232
			605	233
			605	234
			606	235
			606	236
			606	237
			606	238
			607	239
			607	240
			607	241
			607	242
			608	243
			609	244
			609	245
			610	246
			610	247
			610	248
			611	249
			611	250
			612	251
			612	252
			613	253
			613	254
			614	255
			614	256
			615	257
			615	258
			615	259
			616	260
			616	261
			616	262
			617	263
			617	264
			617	265
			618	266
			618	267
			618	268
			618	269
			618	270
			619	271
			619	272
			619	273
			619	274
			620	275
			620	276
			620	277
			620	278
			620	279
			620	280
			620	281
			620	282
			620	283
			620	284
			620	285
			620	286
			620	287
			620	288
			620	289
			619	290
			619	291
			619	292
			619	293
			619	294
			619	295
			619	296
			619	297
			619	298
			618	299
			618	300
			618	301
			618	302
			618	303
			618	304
			618	305
			618	306
			617	306
			617	307
			617	308
			617	309
			617	310
			616	311
			616	312
			616	313
			616	314
			616	315
			615	315
			615	316
			615	317
			615	318
			614	319
			614	320
			613	321
			613	322
			613	323
			612	324
			612	325
			611	326
			610	327
			610	328
			609	329
			608	330
			608	331
			608	332
			608	333
			608	334
			607	335
			607	336
			607	337
			607	338
			607	339
			607	340
			607	341
			607	342
			606	343
			606	344
			606	345
			606	346
			606	347
			606	348
			605	349
			605	350
			605	351
			605	352
			605	353
			604	354
			604	355
			604	356
			604	357
			603	358
			603	359
			603	360
			603	361
			602	362
			602	363
			602	364
			601	365
			601	366
			601	367
			600	368
			600	369
			600	370
			599	371
			599	372
			598	372
			598	373
			598	374
			597	375
			597	376
			596	377
			596	378
			595	379
		</glabella>
		<suture type=matrix rownames=FALSE colnames=FALSE nrow=556 ncol=2 as.numeric=TRUE >
			506	87
			507	87
			508	87
			509	87
			510	87
			511	87
			512	88
			513	88
			514	88
			515	88
			516	88
			517	88
			518	88
			519	88
			520	88
			520	89
			521	89
			522	89
			523	89
			524	89
			525	89
			526	89
			527	89
			528	89
			528	90
			529	90
			530	90
			531	90
			532	90
			533	90
			534	90
			535	91
			536	91
			537	91
			538	91
			539	91
			540	91
			541	92
			542	92
			543	92
			544	92
			545	92
			546	92
			547	93
			548	93
			549	93
			550	93
			551	93
			552	94
			553	94
			554	94
			555	94
			556	94
			557	95
			558	95
			559	95
			560	95
			561	95
			562	96
			563	96
			564	96
			565	96
			566	96
			566	97
			567	97
			568	97
			569	97
			570	98
			571	98
			572	98
			573	98
			574	98
			575	99
			576	99
			577	99
			578	100
			579	100
			580	100
			581	100
			582	101
			583	101
			584	101
			585	102
			586	102
			587	102
			588	102
			588	103
			589	103
			590	103
			591	104
			592	104
			593	104
			594	105
			595	105
			596	105
			597	106
			598	106
			599	106
			600	107
			601	107
			602	108
			603	108
			604	108
			605	109
			606	109
			607	110
			608	110
			609	110
			610	111
			611	111
			612	112
			613	112
			614	113
			615	113
			616	114
			617	114
			618	115
			619	115
			620	116
			621	116
			622	117
			623	117
			624	118
			625	118
			626	119
			627	119
			628	120
			629	121
			630	121
			631	122
			632	122
			633	123
			634	124
			635	124
			636	125
			637	125
			638	126
			639	127
			640	127
			640	128
			641	129
			642	129
			643	130
			644	131
			645	131
			646	132
			646	133
			647	133
			648	134
			649	135
			650	136
			651	136
			652	137
			653	138
			654	139
			655	140
			656	141
			656	142
			657	143
			657	144
			658	145
			658	146
			658	147
			659	147
			659	148
			659	149
			658	150
			658	151
			657	152
			657	153
			656	154
			656	155
			655	156
			654	157
			654	158
			653	159
			653	160
			653	161
			652	162
			652	163
			652	164
			652	165
			653	165
			654	166
			655	166
			656	167
			657	167
			658	167
			659	167
			660	167
			661	167
			662	166
			663	166
			664	166
			665	166
			666	166
			667	165
			668	165
			669	165
			670	165
			671	165
			672	165
			673	165
			674	165
			675	165
			676	165
			677	165
			678	165
			679	165
			680	165
			681	165
			682	165
			683	165
			684	165
			685	165
			685	166
			686	166
			687	166
			688	166
			689	167
			690	167
			691	167
			692	168
			693	169
			694	169
			695	170
			696	170
			696	171
			697	171
			698	172
			699	173
			700	174
			701	175
			701	176
			702	177
			702	178
			703	179
			703	180
			704	181
			704	182
			704	183
			705	184
			705	185
			705	186
			705	187
			706	188
			706	189
			706	190
			706	191
			706	192
			706	193
			706	194
			706	195
			706	196
			706	197
			706	198
			706	199
			706	200
			706	201
			706	202
			706	203
			706	204
			706	205
			706	206
			706	207
			706	208
			705	209
			705	210
			704	211
			704	212
			703	213
			703	214
			702	215
			701	216
			701	217
			700	218
			700	219
			699	220
			699	221
			698	222
			697	223
			696	224
			695	225
			694	226
			693	227
			693	228
			692	229
			691	230
			690	231
			689	232
			688	233
			687	234
			686	234
			685	235
			684	236
			683	237
			682	238
			681	238
			680	239
			679	240
			678	240
			677	241
			676	241
			675	242
			674	242
			673	243
			672	243
			671	244
			670	244
			669	244
			668	245
			667	245
			666	245
			666	246
			665	246
			664	246
			664	247
			663	247
			662	247
			662	248
			661	248
			660	248
			659	249
			659	250
			658	250
			658	251
			657	252
			657	253
			658	254
			659	255
			660	256
			661	257
			661	258
			662	259
			663	260
			664	261
			665	262
			666	263
			666	264
			667	265
			668	266
			669	267
			669	268
			670	268
			671	269
			672	270
			672	271
			673	272
			674	273
			675	274
			675	275
			676	275
			677	276
			677	277
			678	278
			679	279
			679	280
			680	280
			681	281
			681	282
			682	283
			683	283
			683	284
			684	285
			685	286
			685	287
			686	287
			687	288
			687	289
			688	290
			689	291
			690	292
			691	293
			691	294
			692	295
			693	296
			693	297
			694	297
			695	298
			695	299
			696	300
			697	300
			697	301
			698	302
			698	303
			699	303
			699	304
			700	305
			701	306
			702	307
			703	308
			703	309
			704	310
			704	311
			705	312
			706	312
			706	313
			707	314
			708	315
			708	316
			709	317
			709	318
			710	318
			710	319
			711	320
			711	321
			712	321
			712	322
			713	323
			714	324
			714	325
			715	326
			716	327
			716	328
			716	329
			717	330
			717	331
			717	332
			718	333
			718	334
			718	335
			719	336
			719	337
			719	338
			720	339
			720	340
			721	341
			721	342
			722	343
			722	344
			723	345
			724	346
			724	347
			725	348
			725	349
			726	350
			727	351
			727	352
			728	353
			729	354
			730	355
			730	356
			731	357
			732	358
			733	359
			734	360
			734	361
			735	362
			736	363
			737	363
			738	364
			738	365
			739	365
			740	366
			741	367
			742	368
			743	368
			743	369
			744	370
			745	371
			746	372
			747	373
			748	374
			749	374
			750	375
			751	376
			752	377
			753	378
			753	379
			754	380
			755	381
			756	382
			757	383
			758	384
			758	385
			759	386
			760	387
			761	387
			761	388
			762	389
			763	390
			764	391
			764	392
			765	393
			766	394
			767	395
			768	396
			768	397
			769	398
			769	399
			769	400
			770	401
			770	402
			771	403
			771	404
			771	405
			772	406
			772	407
			772	408
			773	409
			773	410
			773	411
			774	412
			774	413
			774	414
			774	415
			775	416
			775	417
			775	418
			775	419
			775	420
			775	421
			775	422
			775	423
			775	424
			775	425
			775	426
			775	427
			775	428
			775	429
			775	430
			775	431
			775	432
			775	433
			775	434
			774	435
			774	436
			774	437
			774	438
			773	439
			773	440
			772	441
			772	442
			771	443
			771	444
			770	445
			770	446
			769	447
			769	448
			768	449
			767	450
			767	451
			766	452
			765	452
			765	453
			764	454
			763	455
			762	456
			761	457
			760	457
			759	458
			758	459
			757	460
			756	460
			755	461
			754	462
		</suture>
		<anterior type=matrix rownames=FALSE colnames=FALSE nrow=422 ncol=2 as.numeric=TRUE >
			506	87
			507	87
			508	87
			509	87
			510	87
			511	87
			512	87
			513	87
			514	87
			515	87
			516	87
			517	87
			518	87
			519	87
			520	87
			521	87
			522	87
			523	87
			524	87
			525	87
			526	87
			527	87
			528	87
			529	87
			530	88
			531	88
			532	88
			533	88
			534	88
			535	88
			536	88
			537	88
			538	88
			539	88
			540	88
			541	88
			542	89
			543	89
			544	89
			545	89
			546	89
			547	89
			548	89
			549	89
			550	90
			551	90
			552	90
			553	90
			554	90
			555	90
			556	90
			557	91
			558	91
			559	91
			560	91
			561	91
			561	92
			562	92
			563	92
			564	92
			565	92
			566	93
			567	93
			568	93
			569	93
			570	93
			571	94
			572	94
			573	94
			574	94
			575	95
			576	95
			577	95
			578	95
			578	96
			579	96
			580	96
			581	96
			582	97
			583	97
			584	97
			585	97
			586	98
			587	98
			588	98
			589	99
			590	99
			591	99
			592	100
			593	100
			594	101
			595	101
			596	101
			597	101
			597	102
			598	102
			599	102
			600	102
			600	103
			601	103
			602	103
			603	104
			604	104
			605	105
			606	105
			607	106
			608	106
			609	106
			610	107
			611	107
			612	108
			613	108
			614	109
			615	109
			616	110
			617	110
			618	111
			619	111
			620	112
			621	112
			622	113
			623	113
			624	114
			625	114
			626	115
			627	116
			628	116
			629	116
			629	117
			630	117
			631	118
			632	118
			633	119
			634	120
			635	120
			636	121
			637	122
			638	122
			639	123
			640	124
			641	124
			642	125
			643	126
			644	126
			645	127
			646	128
			647	128
			648	129
			649	130
			650	131
			651	131
			652	132
			653	133
			654	134
			655	134
			656	135
			657	136
			658	137
			659	137
			660	138
			661	139
			662	140
			663	141
			664	141
			665	142
			666	143
			666	144
			667	145
			668	146
			669	146
			670	147
			671	148
			672	149
			673	149
			674	150
			675	150
			676	151
			677	152
			678	152
			679	153
			680	153
			681	154
			682	155
			683	155
			684	156
			685	156
			686	157
			687	158
			688	159
			689	159
			690	160
			691	161
			692	162
			693	162
			694	163
			695	163
			695	164
			696	164
			697	165
			698	166
			699	166
			699	167
			700	167
			701	168
			702	168
			702	169
			703	170
			704	170
			704	171
			705	171
			706	172
			707	172
			707	173
			708	174
			709	174
			710	175
			711	176
			712	177
			713	178
			714	178
			715	179
			716	180
			717	181
			718	182
			719	183
			720	184
			721	185
			722	186
			723	186
			724	187
			725	188
			726	189
			727	190
			728	191
			728	192
			729	193
			730	194
			731	195
			732	195
			733	196
			734	197
			735	198
			735	199
			736	200
			737	201
			738	202
			739	203
			740	204
			740	205
			741	206
			742	207
			743	208
			744	209
			745	210
			746	211
			746	212
			747	213
			748	214
			749	215
			750	216
			750	217
			751	218
			751	219
			752	220
			753	220
			753	221
			754	222
			755	223
			755	224
			756	225
			756	226
			757	227
			758	228
			759	229
			759	230
			760	231
			760	232
			761	232
			761	233
			761	234
			762	234
			762	235
			763	236
			763	237
			764	238
			764	239
			765	240
			765	241
			766	241
			766	242
			767	243
			767	244
			767	245
			768	245
			768	246
			769	247
			769	248
			770	249
			770	250
			771	251
			771	252
			772	253
			772	254
			773	255
			773	256
			774	257
			774	258
			775	259
			775	260
			775	261
			776	262
			776	263
			777	264
			777	265
			777	266
			778	267
			778	268
			779	269
			779	270
			780	271
			780	272
			780	273
			781	274
			781	275
			782	275
			782	276
			782	277
			783	278
			783	279
			784	280
			784	281
			784	282
			785	283
			785	284
			786	285
			786	286
			787	287
			787	288
			787	289
			788	290
			788	291
			789	292
			789	293
			789	294
			790	295
			790	296
			791	297
			791	298
			791	299
			792	300
			792	301
			793	302
			793	303
			794	304
			794	305
			794	306
			795	307
			795	308
			796	309
			796	310
			796	311
			797	312
			797	313
			797	314
			798	315
			798	316
			798	317
			799	318
			799	319
			800	320
			800	321
			800	322
			801	323
			801	324
			801	325
			802	326
			802	327
			803	328
			803	329
			803	330
			803	331
			804	331
			804	332
			804	333
			804	334
			805	335
			805	336
			805	337
			806	338
			806	339
			807	340
			807	341
			807	342
			807	343
			808	344
			808	345
			808	346
			809	347
			809	348
			809	349
			810	350
			810	351
			810	352
			811	353
			811	354
			811	355
			811	356
			812	357
			812	358
			812	359
			812	360
			813	361
			813	362
			813	363
			813	364
			814	365
			814	366
			814	367
			814	368
			815	369
			815	370
			815	371
		</anterior>
		<posterior type=matrix rownames=FALSE colnames=FALSE nrow=1217 ncol=2 as.numeric=TRUE >
			489	371
			490	371
			491	371
			492	371
			493	372
			494	372
			495	372
			496	372
			497	372
			498	372
			499	373
			500	373
			501	373
			502	373
			503	373
			504	373
			505	374
			506	374
			507	374
			508	374
			509	374
			510	374
			511	375
			512	375
			513	375
			514	375
			515	375
			516	375
			517	375
			518	376
			519	376
			520	376
			521	376
			522	376
			523	376
			524	376
			525	377
			526	377
			527	377
			528	377
			529	377
			530	377
			531	378
			532	378
			533	378
			534	378
			535	378
			536	378
			537	378
			538	378
			538	379
			539	379
			540	379
			541	379
			542	379
			543	379
			544	379
			545	379
			546	380
			547	380
			548	380
			549	380
			550	380
			551	380
			552	380
			553	381
			554	381
			555	381
			556	381
			557	381
			558	381
			559	381
			560	382
			561	382
			562	382
			563	382
			564	382
			565	382
			566	382
			567	382
			568	383
			569	383
			570	383
			571	383
			572	383
			573	383
			574	383
			575	383
			576	384
			577	384
			578	384
			579	384
			580	384
			581	384
			582	384
			583	384
			584	384
			585	384
			586	384
			587	385
			588	385
			589	385
			590	385
			591	385
			592	385
			593	385
			594	385
			595	385
			596	385
			597	385
			598	385
			599	386
			600	386
			601	386
			602	386
			603	386
			604	386
			605	386
			606	386
			607	386
			608	387
			609	387
			610	387
			611	387
			612	387
			613	387
			614	387
			615	387
			616	387
			617	387
			618	388
			619	388
			620	388
			621	388
			622	388
			623	388
			624	388
			625	388
			626	388
			627	388
			628	388
			629	388
			630	389
			631	389
			632	389
			633	389
			634	389
			635	389
			636	389
			637	389
			638	389
			639	389
			640	389
			641	389
			642	389
			643	389
			644	390
			645	390
			646	390
			647	390
			648	390
			649	390
			650	390
			651	390
			652	390
			653	390
			654	390
			655	390
			656	390
			657	390
			658	390
			659	390
			660	390
			661	390
			662	390
			663	390
			664	391
			665	391
			666	391
			667	391
			668	391
			669	391
			670	391
			671	391
			672	391
			673	391
			674	391
			675	391
			676	391
			677	391
			678	391
			679	391
			680	391
			681	392
			682	393
			683	394
			684	395
			684	396
			685	396
			686	397
			687	398
			687	399
			688	400
			689	400
			690	401
			690	402
			691	403
			692	403
			693	404
			693	405
			694	406
			695	407
			696	407
			696	408
			697	409
			698	409
			698	410
			699	411
			700	412
			701	413
			702	414
			703	415
			704	416
			705	417
			706	418
			707	419
			708	420
			709	421
			710	422
			711	423
			712	424
			713	425
			714	426
			715	427
			715	428
			716	429
			717	429
			718	430
			719	431
			720	432
			721	433
			721	434
			722	435
			723	435
			724	436
			725	437
			726	438
			726	439
			727	439
			728	440
			729	441
			729	442
			730	443
			731	443
			732	444
			732	445
			733	445
			734	446
			735	447
			735	448
			736	448
			737	449
			737	450
			738	450
			739	451
			740	452
			741	453
			742	454
			743	455
			744	456
			745	457
			746	458
			747	459
			748	460
			749	461
			749	462
			750	463
			751	464
			751	465
			752	466
			752	467
			753	468
			753	469
			754	470
			754	471
			755	472
			756	473
			756	474
			757	475
			757	476
			758	477
			758	478
			759	479
			759	480
			760	481
			760	482
			761	483
			761	484
			761	485
			762	486
			762	487
			763	488
			763	489
			764	490
			764	491
			765	492
			765	493
			765	494
			766	494
			766	495
			766	496
			767	496
			767	497
			767	498
			768	499
			768	500
			769	501
			769	502
			769	503
			770	504
			770	505
			771	506
			771	507
			771	508
			772	509
			772	510
			772	511
			773	512
			773	513
			774	514
			774	515
			775	516
			775	517
			775	518
			776	519
			776	520
			777	521
			777	522
			777	523
			778	524
			778	525
			778	526
			779	527
			779	528
			779	529
			780	530
			780	531
			781	532
			781	533
			781	534
			782	535
			782	536
			782	537
			783	538
			783	539
			783	540
			784	541
			784	542
			784	543
			785	544
			785	545
			785	546
			786	547
			786	548
			786	549
			787	550
			787	551
			788	552
			788	553
			788	554
			789	555
			789	556
			789	557
			790	558
			790	559
			790	560
			791	561
			791	562
			791	563
			792	564
			792	565
			792	566
			793	567
			793	568
			793	569
			794	570
			794	571
			794	572
			794	573
			795	573
			795	574
			795	575
			796	576
			796	577
			796	578
			797	579
			797	580
			797	581
			798	582
			798	583
			798	584
			798	585
			799	586
			799	587
			799	588
			800	589
			800	590
			800	591
			801	592
			801	593
			801	594
			802	595
			802	596
			802	597
			803	598
			803	599
			803	600
			804	601
			804	602
			804	603
			805	604
			805	605
			805	606
			806	607
			806	608
			806	609
			806	610
			807	611
			807	612
			807	613
			808	614
			808	615
			808	616
			809	617
			809	618
			809	619
			809	620
			810	621
			810	622
			810	623
			811	624
			811	625
			811	626
			811	627
			812	628
			812	629
			812	630
			813	631
			813	632
			813	633
			814	634
			814	635
			814	636
			814	637
			815	638
			815	639
			815	640
			816	641
			816	642
			816	643
			817	644
			817	645
			817	646
			817	647
			818	648
			818	649
			818	650
			819	651
			819	652
			819	653
			820	654
			820	655
			820	656
			820	657
			821	658
			821	659
			821	660
			822	661
			822	662
			822	663
			823	664
			823	665
			823	666
			824	667
			824	668
			824	669
			824	670
			825	671
			825	672
			825	673
			826	674
			826	675
			826	676
			827	677
			827	678
			827	679
			828	680
			828	681
			829	682
			829	683
			829	684
			830	685
			830	686
			830	687
			831	688
			831	689
			831	690
			832	691
			832	692
			833	693
			833	694
			833	695
			833	696
			834	696
			834	697
			834	698
			835	699
			835	700
			835	701
			836	702
			836	703
			836	704
			837	705
			837	706
			838	707
			838	708
			838	709
			838	710
			839	710
			839	711
			839	712
			839	713
			840	714
			840	715
			840	716
			841	717
			841	718
			841	719
			842	720
			842	721
			842	722
			843	723
			843	724
			844	725
			844	726
			844	727
			844	728
			845	728
			845	729
			845	730
			846	731
			846	732
			846	733
			846	734
			847	735
			847	736
			848	737
			848	738
			848	739
			848	740
			849	741
			849	742
			849	743
			850	744
			850	745
			850	746
			851	747
			851	748
			851	749
			852	750
			852	751
			852	752
			853	753
			853	754
			854	755
			854	756
			854	757
			854	758
			855	759
			855	760
			855	761
			856	762
			856	763
			856	764
			857	765
			857	766
			857	767
			858	768
			858	769
			858	770
			859	771
			859	772
			859	773
			860	774
			860	775
			860	776
			861	777
			861	778
			861	779
			861	780
			862	781
			862	782
			862	783
			863	784
			863	785
			863	786
			864	787
			864	788
			864	789
			865	790
			865	791
			865	792
			866	793
			866	794
			866	795
			866	796
			867	797
			867	798
			867	799
			868	800
			868	801
			868	802
			869	802
			869	803
			869	804
			869	805
			870	805
			870	806
			870	807
			870	808
			871	809
			871	810
			872	811
			872	812
			872	813
			872	814
			873	815
			873	816
			874	817
			874	818
			874	819
			875	820
			875	821
			875	822
			876	823
			876	824
			876	825
			877	826
			877	827
			877	828
			878	829
			878	830
			879	831
			879	832
			879	833
			879	834
			880	835
			880	836
			881	837
			881	838
			881	839
			882	840
			882	841
			882	842
			883	843
			883	844
			883	845
			884	846
			884	847
			884	848
			885	849
			885	850
			885	851
			886	852
			886	853
			887	854
			887	855
			887	856
			888	857
			888	858
			889	859
			889	860
			889	861
			890	862
			890	863
			890	864
			891	865
			891	866
			892	867
			892	868
			892	869
			893	870
			893	871
			893	872
			894	873
			894	874
			895	874
			895	875
			895	876
			895	877
			896	878
			896	877
			897	876
			897	875
			897	874
			898	873
			898	872
			898	871
			898	870
			899	869
			899	868
			899	867
			899	866
			899	865
			900	864
			900	863
			900	862
			900	861
			900	860
			900	859
			901	858
			901	857
			901	856
			901	855
			901	854
			901	853
			901	852
			901	851
			901	850
			902	849
			902	848
			902	847
			902	846
			902	845
			902	844
			902	843
			902	842
			902	841
			902	840
			902	839
			902	838
			902	837
			902	836
			902	835
			902	834
			902	833
			902	832
			902	831
			902	830
			902	829
			902	828
			902	827
			902	826
			902	825
			902	824
			902	823
			902	822
			902	821
			902	820
			902	819
			902	818
			902	817
			902	816
			902	815
			902	814
			902	813
			902	812
			902	811
			902	810
			902	809
			902	808
			902	807
			902	806
			902	805
			902	804
			902	803
			902	802
			902	801
			901	800
			901	799
			901	798
			901	797
			901	796
			901	795
			901	794
			901	793
			901	792
			901	791
			901	790
			901	789
			901	788
			901	787
			901	786
			900	785
			900	784
			900	783
			900	782
			900	781
			900	780
			900	779
			900	778
			900	777
			900	776
			900	775
			899	774
			899	773
			899	772
			899	771
			899	770
			899	769
			899	768
			899	767
			899	766
			898	765
			898	764
			898	763
			898	762
			898	761
			898	760
			898	759
			898	758
			898	757
			897	756
			897	755
			897	754
			897	753
			897	752
			897	751
			897	750
			897	749
			896	748
			896	747
			896	746
			896	745
			896	744
			896	743
			896	742
			896	741
			895	740
			895	739
			895	738
			895	737
			895	736
			895	735
			895	734
			894	733
			894	732
			894	731
			894	730
			894	729
			894	728
			894	727
			893	726
			893	725
			893	724
			893	723
			893	722
			893	721
			892	720
			892	719
			892	718
			892	717
			892	716
			892	715
			892	714
			891	713
			891	712
			891	711
			891	710
			891	709
			891	708
			890	707
			890	706
			890	705
			890	704
			890	703
			890	702
			890	701
			889	700
			889	699
			889	698
			889	697
			889	696
			889	695
			888	694
			888	693
			888	692
			888	691
			888	690
			888	689
			887	689
			887	688
			887	687
			887	686
			887	685
			887	684
			886	683
			886	682
			886	681
			886	680
			886	679
			886	678
			885	677
			885	676
			885	675
			885	674
			885	673
			884	672
			884	671
			884	670
			884	669
			884	668
			884	667
			883	667
			883	666
			883	665
			883	664
			883	663
			883	662
			882	661
			882	660
			882	659
			882	658
			882	657
			881	656
			881	655
			881	654
			881	653
			881	652
			881	651
			880	650
			880	649
			880	648
			880	647
			880	646
			879	645
			879	644
			879	643
			879	642
			879	641
			878	640
			878	639
			878	638
			878	637
			878	636
			877	635
			877	634
			877	633
			877	632
			877	631
			876	630
			876	629
			876	628
			876	627
			876	626
			875	625
			875	624
			875	623
			875	622
			875	621
			874	620
			874	619
			874	618
			874	617
			874	616
			873	615
			873	614
			873	613
			873	612
			872	611
			872	610
			872	609
			872	608
			872	607
			872	606
			871	606
			871	605
			871	604
			871	603
			871	602
			870	601
			870	600
			870	599
			870	598
			870	597
			869	596
			869	595
			869	594
			869	593
			869	592
			868	591
			868	590
			868	589
			868	588
			867	587
			867	586
			867	585
			867	584
			866	583
			866	582
			866	581
			866	580
			866	579
			866	578
			865	578
			865	577
			865	576
			865	575
			865	574
			864	574
			864	573
			864	572
			864	571
			864	570
			864	569
			863	569
			863	568
			863	567
			863	566
			863	565
			862	564
			862	563
			862	562
			862	561
			861	560
			861	559
			861	558
			861	557
			861	556
			860	555
			860	554
			860	553
			860	552
			859	551
			859	550
			859	549
			859	548
			858	547
			858	546
			858	545
			858	544
			858	543
			857	542
			857	541
			857	540
			857	539
			856	538
			856	537
			856	536
			856	535
			856	534
			855	533
			855	532
			855	531
			855	530
			854	529
			854	528
			854	527
			854	526
			853	525
			853	524
			853	523
			853	522
			852	521
			852	520
			852	519
			852	518
			852	517
			851	516
			851	515
			851	514
			851	513
			850	512
			850	511
			850	510
			850	509
			850	508
			849	507
			849	506
			849	505
			849	504
			848	503
			848	502
			848	501
			847	500
			847	499
			847	498
			847	497
			847	496
			846	495
			846	494
			846	493
			846	492
			845	491
			845	490
			845	489
			845	488
			844	487
			844	486
			844	485
			844	484
			843	483
			843	482
			843	481
			843	480
			842	479
			842	478
			842	477
			842	476
			841	475
			841	474
			841	473
			841	472
			840	471
			840	470
			840	469
			840	468
			840	467
			839	466
			839	465
			839	464
			838	463
			838	462
			838	461
			838	460
			837	459
			837	458
			837	457
			837	456
			837	455
			836	455
			836	454
			836	453
			836	452
			836	451
			835	451
			835	450
			835	449
			835	448
			835	447
			834	447
			834	446
			834	445
			834	444
			834	443
			833	442
			833	441
			833	440
			832	439
			832	438
			832	437
			832	436
			832	435
			831	434
			831	433
			831	432
			831	431
			830	430
			830	429
			830	428
			830	427
			829	426
			829	425
			829	424
			829	423
			828	422
			828	421
			828	420
			827	419
			827	418
			827	417
			827	416
			826	415
			826	414
			826	413
			826	412
			825	411
			825	410
			825	409
			825	408
			824	407
			824	406
			824	405
			824	404
			823	403
			823	402
			823	401
			823	400
			822	399
			822	398
			822	397
			822	396
			821	395
			821	394
			821	393
			820	392
			820	391
			820	390
			820	389
			819	388
			819	387
			819	386
			819	385
			818	384
			818	383
			818	382
			818	381
			817	380
			817	379
			817	378
			816	377
			816	376
			816	375
			816	374
			815	373
			815	372
			815	371
		</posterior>
	</curves.pixel>
	<curves.scaled type=list>
		<glabella type=matrix rownames=FALSE colnames=FALSE nrow=325 ncol=2 as.numeric=TRUE >
			4.91707317073171	-0.946341463414634
			4.92682926829268	-0.946341463414634
			4.93658536585366	-0.946341463414634
			4.94634146341463	-0.95609756097561
			4.95609756097561	-0.95609756097561
			4.96585365853659	-0.95609756097561
			4.97560975609756	-0.95609756097561
			4.98536585365854	-0.965853658536585
			4.99512195121951	-0.965853658536585
			5.00487804878049	-0.965853658536585
			5.01463414634146	-0.965853658536585
			5.02439024390244	-0.975609756097561
			5.03414634146341	-0.975609756097561
			5.04390243902439	-0.975609756097561
			5.05365853658537	-0.975609756097561
			5.05365853658537	-0.985365853658537
			5.06341463414634	-0.985365853658537
			5.07317073170732	-0.985365853658537
			5.08292682926829	-0.985365853658537
			5.08292682926829	-0.995121951219512
			5.09268292682927	-0.995121951219512
			5.10243902439024	-0.995121951219512
			5.11219512195122	-0.995121951219512
			5.11219512195122	-1.00487804878049
			5.1219512195122	-1.00487804878049
			5.13170731707317	-1.00487804878049
			5.14146341463415	-1.01463414634146
			5.15121951219512	-1.01463414634146
			5.1609756097561	-1.01463414634146
			5.17073170731707	-1.02439024390244
			5.18048780487805	-1.02439024390244
			5.19024390243902	-1.02439024390244
			5.19024390243902	-1.03414634146341
			5.2	-1.03414634146341
			5.20975609756098	-1.04390243902439
			5.21951219512195	-1.04390243902439
			5.22926829268293	-1.04390243902439
			5.2390243902439	-1.05365853658537
			5.24878048780488	-1.06341463414634
			5.25853658536585	-1.06341463414634
			5.26829268292683	-1.07317073170732
			5.27804878048781	-1.07317073170732
			5.28780487804878	-1.08292682926829
			5.29756097560976	-1.08292682926829
			5.30731707317073	-1.09268292682927
			5.31707317073171	-1.09268292682927
			5.32682926829268	-1.10243902439024
			5.33658536585366	-1.10243902439024
			5.34634146341463	-1.11219512195122
			5.35609756097561	-1.1219512195122
			5.36585365853659	-1.1219512195122
			5.37560975609756	-1.13170731707317
			5.38536585365854	-1.13170731707317
			5.39512195121951	-1.14146341463415
			5.40487804878049	-1.15121951219512
			5.41463414634146	-1.15121951219512
			5.41463414634146	-1.1609756097561
			5.42439024390244	-1.17073170731707
			5.43414634146342	-1.17073170731707
			5.44390243902439	-1.18048780487805
			5.45365853658537	-1.19024390243902
			5.46341463414634	-1.19024390243902
			5.47317073170732	-1.2
			5.48292682926829	-1.20975609756098
			5.49268292682927	-1.20975609756098
			5.50243902439024	-1.21951219512195
			5.50243902439024	-1.22926829268293
			5.51219512195122	-1.2390243902439
			5.52195121951219	-1.2390243902439
			5.53170731707317	-1.24878048780488
			5.54146341463415	-1.25853658536585
			5.55121951219512	-1.26829268292683
			5.5609756097561	-1.2780487804878
			5.57073170731707	-1.28780487804878
			5.58048780487805	-1.29756097560976
			5.59024390243902	-1.30731707317073
			5.6	-1.31707317073171
			5.60975609756098	-1.32682926829268
			5.61951219512195	-1.33658536585366
			5.62926829268293	-1.34634146341463
			5.6390243902439	-1.35609756097561
			5.64878048780488	-1.36585365853659
			5.65853658536585	-1.37560975609756
			5.65853658536585	-1.38536585365854
			5.66829268292683	-1.39512195121951
			5.6780487804878	-1.39512195121951
			5.6780487804878	-1.40487804878049
			5.68780487804878	-1.41463414634146
			5.69756097560976	-1.42439024390244
			5.70731707317073	-1.43414634146341
			5.71707317073171	-1.44390243902439
			5.71707317073171	-1.45365853658537
			5.72682926829268	-1.46341463414634
			5.72682926829268	-1.47317073170732
			5.73658536585366	-1.48292682926829
			5.74634146341463	-1.49268292682927
			5.74634146341463	-1.50243902439024
			5.74634146341463	-1.51219512195122
			5.75609756097561	-1.5219512195122
			5.75609756097561	-1.53170731707317
			5.75609756097561	-1.54146341463415
			5.75609756097561	-1.55121951219512
			5.75609756097561	-1.5609756097561
			5.75609756097561	-1.57073170731707
			5.76585365853659	-1.58048780487805
			5.76585365853659	-1.59024390243902
			5.76585365853659	-1.6
			5.76585365853659	-1.60975609756098
			5.76585365853659	-1.61951219512195
			5.76585365853659	-1.62926829268293
			5.77560975609756	-1.6390243902439
			5.77560975609756	-1.64878048780488
			5.77560975609756	-1.65853658536585
			5.77560975609756	-1.66829268292683
			5.77560975609756	-1.6780487804878
			5.77560975609756	-1.68780487804878
			5.78536585365854	-1.69756097560976
			5.78536585365854	-1.70731707317073
			5.78536585365854	-1.71707317073171
			5.78536585365854	-1.72682926829268
			5.78536585365854	-1.73658536585366
			5.79512195121951	-1.74634146341463
			5.79512195121951	-1.75609756097561
			5.79512195121951	-1.76585365853659
			5.79512195121951	-1.77560975609756
			5.79512195121951	-1.78536585365854
			5.80487804878049	-1.79512195121951
			5.80487804878049	-1.80487804878049
			5.80487804878049	-1.81463414634146
			5.80487804878049	-1.82439024390244
			5.80487804878049	-1.83414634146341
			5.80487804878049	-1.84390243902439
			5.81463414634146	-1.85365853658537
			5.81463414634146	-1.86341463414634
			5.81463414634146	-1.87317073170732
			5.81463414634146	-1.88292682926829
			5.81463414634146	-1.89268292682927
			5.82439024390244	-1.90243902439024
			5.82439024390244	-1.91219512195122
			5.82439024390244	-1.9219512195122
			5.82439024390244	-1.93170731707317
			5.83414634146341	-1.94146341463415
			5.83414634146341	-1.95121951219512
			5.83414634146341	-1.9609756097561
			5.83414634146341	-1.97073170731707
			5.83414634146341	-1.98048780487805
			5.84390243902439	-1.99024390243902
			5.84390243902439	-2
			5.84390243902439	-2.00975609756098
			5.84390243902439	-2.01951219512195
			5.84390243902439	-2.02926829268293
			5.85365853658537	-2.0390243902439
			5.85365853658537	-2.04878048780488
			5.85365853658537	-2.05853658536585
			5.85365853658537	-2.06829268292683
			5.86341463414634	-2.0780487804878
			5.86341463414634	-2.08780487804878
			5.86341463414634	-2.09756097560976
			5.86341463414634	-2.10731707317073
			5.86341463414634	-2.11707317073171
			5.87317073170732	-2.12682926829268
			5.87317073170732	-2.13658536585366
			5.87317073170732	-2.14634146341463
			5.87317073170732	-2.15609756097561
			5.88292682926829	-2.16585365853659
			5.88292682926829	-2.17560975609756
			5.88292682926829	-2.18536585365854
			5.88292682926829	-2.19512195121951
			5.89268292682927	-2.20487804878049
			5.89268292682927	-2.21463414634146
			5.89268292682927	-2.22439024390244
			5.89268292682927	-2.23414634146341
			5.89268292682927	-2.24390243902439
			5.90243902439024	-2.25365853658537
			5.90243902439024	-2.26341463414634
			5.90243902439024	-2.27317073170732
			5.90243902439024	-2.28292682926829
			5.91219512195122	-2.29268292682927
			5.91219512195122	-2.30243902439024
			5.91219512195122	-2.31219512195122
			5.91219512195122	-2.32195121951219
			5.9219512195122	-2.33170731707317
			5.9219512195122	-2.34146341463415
			5.9219512195122	-2.35121951219512
			5.9219512195122	-2.3609756097561
			5.93170731707317	-2.37073170731707
			5.94146341463415	-2.38048780487805
			5.94146341463415	-2.39024390243902
			5.95121951219512	-2.4
			5.95121951219512	-2.40975609756098
			5.95121951219512	-2.41951219512195
			5.9609756097561	-2.42926829268293
			5.9609756097561	-2.4390243902439
			5.97073170731707	-2.44878048780488
			5.97073170731707	-2.45853658536585
			5.98048780487805	-2.46829268292683
			5.98048780487805	-2.4780487804878
			5.99024390243902	-2.48780487804878
			5.99024390243902	-2.49756097560976
			6	-2.50731707317073
			6	-2.51707317073171
			6	-2.52682926829268
			6.00975609756098	-2.53658536585366
			6.00975609756098	-2.54634146341463
			6.00975609756098	-2.55609756097561
			6.01951219512195	-2.56585365853659
			6.01951219512195	-2.57560975609756
			6.01951219512195	-2.58536585365854
			6.02926829268293	-2.59512195121951
			6.02926829268293	-2.60487804878049
			6.02926829268293	-2.61463414634146
			6.02926829268293	-2.62439024390244
			6.02926829268293	-2.63414634146341
			6.0390243902439	-2.64390243902439
			6.0390243902439	-2.65365853658537
			6.0390243902439	-2.66341463414634
			6.0390243902439	-2.67317073170732
			6.04878048780488	-2.68292682926829
			6.04878048780488	-2.69268292682927
			6.04878048780488	-2.70243902439024
			6.04878048780488	-2.71219512195122
			6.04878048780488	-2.7219512195122
			6.04878048780488	-2.73170731707317
			6.04878048780488	-2.74146341463415
			6.04878048780488	-2.75121951219512
			6.04878048780488	-2.7609756097561
			6.04878048780488	-2.77073170731707
			6.04878048780488	-2.78048780487805
			6.04878048780488	-2.79024390243902
			6.04878048780488	-2.8
			6.04878048780488	-2.80975609756098
			6.04878048780488	-2.81951219512195
			6.0390243902439	-2.82926829268293
			6.0390243902439	-2.8390243902439
			6.0390243902439	-2.84878048780488
			6.0390243902439	-2.85853658536585
			6.0390243902439	-2.86829268292683
			6.0390243902439	-2.8780487804878
			6.0390243902439	-2.88780487804878
			6.0390243902439	-2.89756097560976
			6.0390243902439	-2.90731707317073
			6.02926829268293	-2.91707317073171
			6.02926829268293	-2.92682926829268
			6.02926829268293	-2.93658536585366
			6.02926829268293	-2.94634146341463
			6.02926829268293	-2.95609756097561
			6.02926829268293	-2.96585365853659
			6.02926829268293	-2.97560975609756
			6.02926829268293	-2.98536585365854
			6.01951219512195	-2.98536585365854
			6.01951219512195	-2.99512195121951
			6.01951219512195	-3.00487804878049
			6.01951219512195	-3.01463414634146
			6.01951219512195	-3.02439024390244
			6.00975609756098	-3.03414634146341
			6.00975609756098	-3.04390243902439
			6.00975609756098	-3.05365853658537
			6.00975609756098	-3.06341463414634
			6.00975609756098	-3.07317073170732
			6	-3.07317073170732
			6	-3.08292682926829
			6	-3.09268292682927
			6	-3.10243902439024
			5.99024390243902	-3.11219512195122
			5.99024390243902	-3.1219512195122
			5.98048780487805	-3.13170731707317
			5.98048780487805	-3.14146341463415
			5.98048780487805	-3.15121951219512
			5.97073170731707	-3.1609756097561
			5.97073170731707	-3.17073170731707
			5.9609756097561	-3.18048780487805
			5.95121951219512	-3.19024390243902
			5.95121951219512	-3.2
			5.94146341463415	-3.20975609756098
			5.93170731707317	-3.21951219512195
			5.93170731707317	-3.22926829268293
			5.93170731707317	-3.2390243902439
			5.93170731707317	-3.24878048780488
			5.93170731707317	-3.25853658536585
			5.9219512195122	-3.26829268292683
			5.9219512195122	-3.2780487804878
			5.9219512195122	-3.28780487804878
			5.9219512195122	-3.29756097560976
			5.9219512195122	-3.30731707317073
			5.9219512195122	-3.31707317073171
			5.9219512195122	-3.32682926829268
			5.9219512195122	-3.33658536585366
			5.91219512195122	-3.34634146341463
			5.91219512195122	-3.35609756097561
			5.91219512195122	-3.36585365853659
			5.91219512195122	-3.37560975609756
			5.91219512195122	-3.38536585365854
			5.91219512195122	-3.39512195121951
			5.90243902439024	-3.40487804878049
			5.90243902439024	-3.41463414634146
			5.90243902439024	-3.42439024390244
			5.90243902439024	-3.43414634146341
			5.90243902439024	-3.44390243902439
			5.89268292682927	-3.45365853658537
			5.89268292682927	-3.46341463414634
			5.89268292682927	-3.47317073170732
			5.89268292682927	-3.48292682926829
			5.88292682926829	-3.49268292682927
			5.88292682926829	-3.50243902439024
			5.88292682926829	-3.51219512195122
			5.88292682926829	-3.5219512195122
			5.87317073170732	-3.53170731707317
			5.87317073170732	-3.54146341463415
			5.87317073170732	-3.55121951219512
			5.86341463414634	-3.5609756097561
			5.86341463414634	-3.57073170731707
			5.86341463414634	-3.58048780487805
			5.85365853658537	-3.59024390243902
			5.85365853658537	-3.6
			5.85365853658537	-3.60975609756098
			5.84390243902439	-3.61951219512195
			5.84390243902439	-3.62926829268293
			5.83414634146341	-3.62926829268293
			5.83414634146341	-3.6390243902439
			5.83414634146341	-3.64878048780488
			5.82439024390244	-3.65853658536585
			5.82439024390244	-3.66829268292683
			5.81463414634146	-3.67804878048781
			5.81463414634146	-3.68780487804878
			5.80487804878049	-3.69756097560976
		</glabella>
		<suture type=matrix rownames=FALSE colnames=FALSE nrow=556 ncol=2 as.numeric=TRUE >
			4.93658536585366	-0.848780487804878
			4.94634146341463	-0.848780487804878
			4.95609756097561	-0.848780487804878
			4.96585365853659	-0.848780487804878
			4.97560975609756	-0.848780487804878
			4.98536585365854	-0.848780487804878
			4.99512195121951	-0.858536585365854
			5.00487804878049	-0.858536585365854
			5.01463414634146	-0.858536585365854
			5.02439024390244	-0.858536585365854
			5.03414634146341	-0.858536585365854
			5.04390243902439	-0.858536585365854
			5.05365853658537	-0.858536585365854
			5.06341463414634	-0.858536585365854
			5.07317073170732	-0.858536585365854
			5.07317073170732	-0.868292682926829
			5.08292682926829	-0.868292682926829
			5.09268292682927	-0.868292682926829
			5.10243902439024	-0.868292682926829
			5.11219512195122	-0.868292682926829
			5.1219512195122	-0.868292682926829
			5.13170731707317	-0.868292682926829
			5.14146341463415	-0.868292682926829
			5.15121951219512	-0.868292682926829
			5.15121951219512	-0.878048780487805
			5.1609756097561	-0.878048780487805
			5.17073170731707	-0.878048780487805
			5.18048780487805	-0.878048780487805
			5.19024390243902	-0.878048780487805
			5.2	-0.878048780487805
			5.20975609756098	-0.878048780487805
			5.21951219512195	-0.88780487804878
			5.22926829268293	-0.88780487804878
			5.2390243902439	-0.88780487804878
			5.24878048780488	-0.88780487804878
			5.25853658536585	-0.88780487804878
			5.26829268292683	-0.88780487804878
			5.27804878048781	-0.897560975609756
			5.28780487804878	-0.897560975609756
			5.29756097560976	-0.897560975609756
			5.30731707317073	-0.897560975609756
			5.31707317073171	-0.897560975609756
			5.32682926829268	-0.897560975609756
			5.33658536585366	-0.907317073170732
			5.34634146341463	-0.907317073170732
			5.35609756097561	-0.907317073170732
			5.36585365853659	-0.907317073170732
			5.37560975609756	-0.907317073170732
			5.38536585365854	-0.917073170731707
			5.39512195121951	-0.917073170731707
			5.40487804878049	-0.917073170731707
			5.41463414634146	-0.917073170731707
			5.42439024390244	-0.917073170731707
			5.43414634146342	-0.926829268292683
			5.44390243902439	-0.926829268292683
			5.45365853658537	-0.926829268292683
			5.46341463414634	-0.926829268292683
			5.47317073170732	-0.926829268292683
			5.48292682926829	-0.936585365853658
			5.49268292682927	-0.936585365853658
			5.50243902439024	-0.936585365853658
			5.51219512195122	-0.936585365853658
			5.52195121951219	-0.936585365853658
			5.52195121951219	-0.946341463414634
			5.53170731707317	-0.946341463414634
			5.54146341463415	-0.946341463414634
			5.55121951219512	-0.946341463414634
			5.5609756097561	-0.95609756097561
			5.57073170731707	-0.95609756097561
			5.58048780487805	-0.95609756097561
			5.59024390243902	-0.95609756097561
			5.6	-0.95609756097561
			5.60975609756098	-0.965853658536585
			5.61951219512195	-0.965853658536585
			5.62926829268293	-0.965853658536585
			5.6390243902439	-0.975609756097561
			5.64878048780488	-0.975609756097561
			5.65853658536585	-0.975609756097561
			5.66829268292683	-0.975609756097561
			5.6780487804878	-0.985365853658537
			5.68780487804878	-0.985365853658537
			5.69756097560976	-0.985365853658537
			5.70731707317073	-0.995121951219512
			5.71707317073171	-0.995121951219512
			5.72682926829268	-0.995121951219512
			5.73658536585366	-0.995121951219512
			5.73658536585366	-1.00487804878049
			5.74634146341463	-1.00487804878049
			5.75609756097561	-1.00487804878049
			5.76585365853659	-1.01463414634146
			5.77560975609756	-1.01463414634146
			5.78536585365854	-1.01463414634146
			5.79512195121951	-1.02439024390244
			5.80487804878049	-1.02439024390244
			5.81463414634146	-1.02439024390244
			5.82439024390244	-1.03414634146341
			5.83414634146341	-1.03414634146341
			5.84390243902439	-1.03414634146341
			5.85365853658537	-1.04390243902439
			5.86341463414634	-1.04390243902439
			5.87317073170732	-1.05365853658537
			5.88292682926829	-1.05365853658537
			5.89268292682927	-1.05365853658537
			5.90243902439024	-1.06341463414634
			5.91219512195122	-1.06341463414634
			5.9219512195122	-1.07317073170732
			5.93170731707317	-1.07317073170732
			5.94146341463415	-1.07317073170732
			5.95121951219512	-1.08292682926829
			5.9609756097561	-1.08292682926829
			5.97073170731707	-1.09268292682927
			5.98048780487805	-1.09268292682927
			5.99024390243902	-1.10243902439024
			6	-1.10243902439024
			6.00975609756098	-1.11219512195122
			6.01951219512195	-1.11219512195122
			6.02926829268293	-1.1219512195122
			6.0390243902439	-1.1219512195122
			6.04878048780488	-1.13170731707317
			6.05853658536585	-1.13170731707317
			6.06829268292683	-1.14146341463415
			6.0780487804878	-1.14146341463415
			6.08780487804878	-1.15121951219512
			6.09756097560976	-1.15121951219512
			6.10731707317073	-1.1609756097561
			6.11707317073171	-1.1609756097561
			6.12682926829268	-1.17073170731707
			6.13658536585366	-1.18048780487805
			6.14634146341463	-1.18048780487805
			6.15609756097561	-1.19024390243902
			6.16585365853659	-1.19024390243902
			6.17560975609756	-1.2
			6.18536585365854	-1.20975609756098
			6.19512195121951	-1.20975609756098
			6.20487804878049	-1.21951219512195
			6.21463414634146	-1.21951219512195
			6.22439024390244	-1.22926829268293
			6.23414634146341	-1.2390243902439
			6.24390243902439	-1.2390243902439
			6.24390243902439	-1.24878048780488
			6.25365853658537	-1.25853658536585
			6.26341463414634	-1.25853658536585
			6.27317073170732	-1.26829268292683
			6.28292682926829	-1.2780487804878
			6.29268292682927	-1.2780487804878
			6.30243902439024	-1.28780487804878
			6.30243902439024	-1.29756097560976
			6.31219512195122	-1.29756097560976
			6.3219512195122	-1.30731707317073
			6.33170731707317	-1.31707317073171
			6.34146341463415	-1.32682926829268
			6.35121951219512	-1.32682926829268
			6.3609756097561	-1.33658536585366
			6.37073170731707	-1.34634146341463
			6.38048780487805	-1.35609756097561
			6.39024390243902	-1.36585365853659
			6.4	-1.37560975609756
			6.4	-1.38536585365854
			6.40975609756098	-1.39512195121951
			6.40975609756098	-1.40487804878049
			6.41951219512195	-1.41463414634146
			6.41951219512195	-1.42439024390244
			6.41951219512195	-1.43414634146341
			6.42926829268293	-1.43414634146341
			6.42926829268293	-1.44390243902439
			6.42926829268293	-1.45365853658537
			6.41951219512195	-1.46341463414634
			6.41951219512195	-1.47317073170732
			6.40975609756098	-1.48292682926829
			6.40975609756098	-1.49268292682927
			6.4	-1.50243902439024
			6.4	-1.51219512195122
			6.39024390243902	-1.5219512195122
			6.38048780487805	-1.53170731707317
			6.38048780487805	-1.54146341463415
			6.37073170731707	-1.55121951219512
			6.37073170731707	-1.5609756097561
			6.37073170731707	-1.57073170731707
			6.3609756097561	-1.58048780487805
			6.3609756097561	-1.59024390243902
			6.3609756097561	-1.6
			6.3609756097561	-1.60975609756098
			6.37073170731707	-1.60975609756098
			6.38048780487805	-1.61951219512195
			6.39024390243902	-1.61951219512195
			6.4	-1.62926829268293
			6.40975609756098	-1.62926829268293
			6.41951219512195	-1.62926829268293
			6.42926829268293	-1.62926829268293
			6.4390243902439	-1.62926829268293
			6.44878048780488	-1.62926829268293
			6.45853658536585	-1.61951219512195
			6.46829268292683	-1.61951219512195
			6.47804878048781	-1.61951219512195
			6.48780487804878	-1.61951219512195
			6.49756097560976	-1.61951219512195
			6.50731707317073	-1.60975609756098
			6.51707317073171	-1.60975609756098
			6.52682926829268	-1.60975609756098
			6.53658536585366	-1.60975609756098
			6.54634146341463	-1.60975609756098
			6.55609756097561	-1.60975609756098
			6.56585365853658	-1.60975609756098
			6.57560975609756	-1.60975609756098
			6.58536585365854	-1.60975609756098
			6.59512195121951	-1.60975609756098
			6.60487804878049	-1.60975609756098
			6.61463414634146	-1.60975609756098
			6.62439024390244	-1.60975609756098
			6.63414634146341	-1.60975609756098
			6.64390243902439	-1.60975609756098
			6.65365853658537	-1.60975609756098
			6.66341463414634	-1.60975609756098
			6.67317073170732	-1.60975609756098
			6.68292682926829	-1.60975609756098
			6.68292682926829	-1.61951219512195
			6.69268292682927	-1.61951219512195
			6.70243902439024	-1.61951219512195
			6.71219512195122	-1.61951219512195
			6.72195121951219	-1.62926829268293
			6.73170731707317	-1.62926829268293
			6.74146341463415	-1.62926829268293
			6.75121951219512	-1.6390243902439
			6.7609756097561	-1.64878048780488
			6.77073170731707	-1.64878048780488
			6.78048780487805	-1.65853658536585
			6.79024390243902	-1.65853658536585
			6.79024390243902	-1.66829268292683
			6.8	-1.66829268292683
			6.80975609756098	-1.6780487804878
			6.81951219512195	-1.68780487804878
			6.82926829268293	-1.69756097560976
			6.8390243902439	-1.70731707317073
			6.8390243902439	-1.71707317073171
			6.84878048780488	-1.72682926829268
			6.84878048780488	-1.73658536585366
			6.85853658536585	-1.74634146341463
			6.85853658536585	-1.75609756097561
			6.86829268292683	-1.76585365853659
			6.86829268292683	-1.77560975609756
			6.86829268292683	-1.78536585365854
			6.8780487804878	-1.79512195121951
			6.8780487804878	-1.80487804878049
			6.8780487804878	-1.81463414634146
			6.8780487804878	-1.82439024390244
			6.88780487804878	-1.83414634146341
			6.88780487804878	-1.84390243902439
			6.88780487804878	-1.85365853658537
			6.88780487804878	-1.86341463414634
			6.88780487804878	-1.87317073170732
			6.88780487804878	-1.88292682926829
			6.88780487804878	-1.89268292682927
			6.88780487804878	-1.90243902439024
			6.88780487804878	-1.91219512195122
			6.88780487804878	-1.9219512195122
			6.88780487804878	-1.93170731707317
			6.88780487804878	-1.94146341463415
			6.88780487804878	-1.95121951219512
			6.88780487804878	-1.9609756097561
			6.88780487804878	-1.97073170731707
			6.88780487804878	-1.98048780487805
			6.88780487804878	-1.99024390243902
			6.88780487804878	-2
			6.88780487804878	-2.00975609756098
			6.88780487804878	-2.01951219512195
			6.88780487804878	-2.02926829268293
			6.8780487804878	-2.0390243902439
			6.8780487804878	-2.04878048780488
			6.86829268292683	-2.05853658536585
			6.86829268292683	-2.06829268292683
			6.85853658536585	-2.0780487804878
			6.85853658536585	-2.08780487804878
			6.84878048780488	-2.09756097560976
			6.8390243902439	-2.10731707317073
			6.8390243902439	-2.11707317073171
			6.82926829268293	-2.12682926829268
			6.82926829268293	-2.13658536585366
			6.81951219512195	-2.14634146341463
			6.81951219512195	-2.15609756097561
			6.80975609756098	-2.16585365853659
			6.8	-2.17560975609756
			6.79024390243902	-2.18536585365854
			6.78048780487805	-2.19512195121951
			6.77073170731707	-2.20487804878049
			6.7609756097561	-2.21463414634146
			6.7609756097561	-2.22439024390244
			6.75121951219512	-2.23414634146341
			6.74146341463415	-2.24390243902439
			6.73170731707317	-2.25365853658537
			6.72195121951219	-2.26341463414634
			6.71219512195122	-2.27317073170732
			6.70243902439024	-2.28292682926829
			6.69268292682927	-2.28292682926829
			6.68292682926829	-2.29268292682927
			6.67317073170732	-2.30243902439024
			6.66341463414634	-2.31219512195122
			6.65365853658537	-2.32195121951219
			6.64390243902439	-2.32195121951219
			6.63414634146341	-2.33170731707317
			6.62439024390244	-2.34146341463415
			6.61463414634146	-2.34146341463415
			6.60487804878049	-2.35121951219512
			6.59512195121951	-2.35121951219512
			6.58536585365854	-2.3609756097561
			6.57560975609756	-2.3609756097561
			6.56585365853658	-2.37073170731707
			6.55609756097561	-2.37073170731707
			6.54634146341463	-2.38048780487805
			6.53658536585366	-2.38048780487805
			6.52682926829268	-2.38048780487805
			6.51707317073171	-2.39024390243902
			6.50731707317073	-2.39024390243902
			6.49756097560976	-2.39024390243902
			6.49756097560976	-2.4
			6.48780487804878	-2.4
			6.47804878048781	-2.4
			6.47804878048781	-2.40975609756098
			6.46829268292683	-2.40975609756098
			6.45853658536585	-2.40975609756098
			6.45853658536585	-2.41951219512195
			6.44878048780488	-2.41951219512195
			6.4390243902439	-2.41951219512195
			6.42926829268293	-2.42926829268293
			6.42926829268293	-2.4390243902439
			6.41951219512195	-2.4390243902439
			6.41951219512195	-2.44878048780488
			6.40975609756098	-2.45853658536585
			6.40975609756098	-2.46829268292683
			6.41951219512195	-2.4780487804878
			6.42926829268293	-2.48780487804878
			6.4390243902439	-2.49756097560976
			6.44878048780488	-2.50731707317073
			6.44878048780488	-2.51707317073171
			6.45853658536585	-2.52682926829268
			6.46829268292683	-2.53658536585366
			6.47804878048781	-2.54634146341463
			6.48780487804878	-2.55609756097561
			6.49756097560976	-2.56585365853659
			6.49756097560976	-2.57560975609756
			6.50731707317073	-2.58536585365854
			6.51707317073171	-2.59512195121951
			6.52682926829268	-2.60487804878049
			6.52682926829268	-2.61463414634146
			6.53658536585366	-2.61463414634146
			6.54634146341463	-2.62439024390244
			6.55609756097561	-2.63414634146341
			6.55609756097561	-2.64390243902439
			6.56585365853658	-2.65365853658537
			6.57560975609756	-2.66341463414634
			6.58536585365854	-2.67317073170732
			6.58536585365854	-2.68292682926829
			6.59512195121951	-2.68292682926829
			6.60487804878049	-2.69268292682927
			6.60487804878049	-2.70243902439024
			6.61463414634146	-2.71219512195122
			6.62439024390244	-2.7219512195122
			6.62439024390244	-2.73170731707317
			6.63414634146341	-2.73170731707317
			6.64390243902439	-2.74146341463415
			6.64390243902439	-2.75121951219512
			6.65365853658537	-2.7609756097561
			6.66341463414634	-2.7609756097561
			6.66341463414634	-2.77073170731707
			6.67317073170732	-2.78048780487805
			6.68292682926829	-2.79024390243902
			6.68292682926829	-2.8
			6.69268292682927	-2.8
			6.70243902439024	-2.80975609756098
			6.70243902439024	-2.81951219512195
			6.71219512195122	-2.82926829268293
			6.72195121951219	-2.8390243902439
			6.73170731707317	-2.84878048780488
			6.74146341463415	-2.85853658536585
			6.74146341463415	-2.86829268292683
			6.75121951219512	-2.8780487804878
			6.7609756097561	-2.88780487804878
			6.7609756097561	-2.89756097560976
			6.77073170731707	-2.89756097560976
			6.78048780487805	-2.90731707317073
			6.78048780487805	-2.91707317073171
			6.79024390243902	-2.92682926829268
			6.8	-2.92682926829268
			6.8	-2.93658536585366
			6.80975609756098	-2.94634146341463
			6.80975609756098	-2.95609756097561
			6.81951219512195	-2.95609756097561
			6.81951219512195	-2.96585365853659
			6.82926829268293	-2.97560975609756
			6.8390243902439	-2.98536585365854
			6.84878048780488	-2.99512195121951
			6.85853658536585	-3.00487804878049
			6.85853658536585	-3.01463414634146
			6.86829268292683	-3.02439024390244
			6.86829268292683	-3.03414634146341
			6.8780487804878	-3.04390243902439
			6.88780487804878	-3.04390243902439
			6.88780487804878	-3.05365853658537
			6.89756097560976	-3.06341463414634
			6.90731707317073	-3.07317073170732
			6.90731707317073	-3.08292682926829
			6.91707317073171	-3.09268292682927
			6.91707317073171	-3.10243902439024
			6.92682926829268	-3.10243902439024
			6.92682926829268	-3.11219512195122
			6.93658536585366	-3.1219512195122
			6.93658536585366	-3.13170731707317
			6.94634146341463	-3.13170731707317
			6.94634146341463	-3.14146341463415
			6.95609756097561	-3.15121951219512
			6.96585365853659	-3.1609756097561
			6.96585365853659	-3.17073170731707
			6.97560975609756	-3.18048780487805
			6.98536585365854	-3.19024390243902
			6.98536585365854	-3.2
			6.98536585365854	-3.20975609756098
			6.99512195121951	-3.21951219512195
			6.99512195121951	-3.22926829268293
			6.99512195121951	-3.2390243902439
			7.00487804878049	-3.24878048780488
			7.00487804878049	-3.25853658536585
			7.00487804878049	-3.26829268292683
			7.01463414634146	-3.2780487804878
			7.01463414634146	-3.28780487804878
			7.01463414634146	-3.29756097560976
			7.02439024390244	-3.30731707317073
			7.02439024390244	-3.31707317073171
			7.03414634146341	-3.32682926829268
			7.03414634146341	-3.33658536585366
			7.04390243902439	-3.34634146341463
			7.04390243902439	-3.35609756097561
			7.05365853658537	-3.36585365853659
			7.06341463414634	-3.37560975609756
			7.06341463414634	-3.38536585365854
			7.07317073170732	-3.39512195121951
			7.07317073170732	-3.40487804878049
			7.08292682926829	-3.41463414634146
			7.09268292682927	-3.42439024390244
			7.09268292682927	-3.43414634146341
			7.10243902439024	-3.44390243902439
			7.11219512195122	-3.45365853658537
			7.1219512195122	-3.46341463414634
			7.1219512195122	-3.47317073170732
			7.13170731707317	-3.48292682926829
			7.14146341463415	-3.49268292682927
			7.15121951219512	-3.50243902439024
			7.1609756097561	-3.51219512195122
			7.1609756097561	-3.5219512195122
			7.17073170731707	-3.53170731707317
			7.18048780487805	-3.54146341463415
			7.19024390243902	-3.54146341463415
			7.2	-3.55121951219512
			7.2	-3.5609756097561
			7.20975609756098	-3.5609756097561
			7.21951219512195	-3.57073170731707
			7.22926829268293	-3.58048780487805
			7.2390243902439	-3.59024390243902
			7.24878048780488	-3.59024390243902
			7.24878048780488	-3.6
			7.25853658536585	-3.60975609756098
			7.26829268292683	-3.61951219512195
			7.27804878048781	-3.62926829268293
			7.28780487804878	-3.6390243902439
			7.29756097560976	-3.64878048780488
			7.30731707317073	-3.64878048780488
			7.31707317073171	-3.65853658536585
			7.32682926829268	-3.66829268292683
			7.33658536585366	-3.67804878048781
			7.34634146341463	-3.68780487804878
			7.34634146341463	-3.69756097560976
			7.35609756097561	-3.70731707317073
			7.36585365853659	-3.71707317073171
			7.37560975609756	-3.72682926829268
			7.38536585365854	-3.73658536585366
			7.39512195121951	-3.74634146341463
			7.39512195121951	-3.75609756097561
			7.40487804878049	-3.76585365853659
			7.41463414634146	-3.77560975609756
			7.42439024390244	-3.77560975609756
			7.42439024390244	-3.78536585365854
			7.43414634146342	-3.79512195121951
			7.44390243902439	-3.80487804878049
			7.45365853658537	-3.81463414634146
			7.45365853658537	-3.82439024390244
			7.46341463414634	-3.83414634146341
			7.47317073170732	-3.84390243902439
			7.48292682926829	-3.85365853658537
			7.49268292682927	-3.86341463414634
			7.49268292682927	-3.87317073170732
			7.50243902439024	-3.88292682926829
			7.50243902439024	-3.89268292682927
			7.50243902439024	-3.90243902439024
			7.51219512195122	-3.91219512195122
			7.51219512195122	-3.9219512195122
			7.52195121951219	-3.93170731707317
			7.52195121951219	-3.94146341463415
			7.52195121951219	-3.95121951219512
			7.53170731707317	-3.9609756097561
			7.53170731707317	-3.97073170731707
			7.53170731707317	-3.98048780487805
			7.54146341463415	-3.99024390243902
			7.54146341463415	-4
			7.54146341463415	-4.00975609756098
			7.55121951219512	-4.01951219512195
			7.55121951219512	-4.02926829268293
			7.55121951219512	-4.0390243902439
			7.55121951219512	-4.04878048780488
			7.5609756097561	-4.05853658536585
			7.5609756097561	-4.06829268292683
			7.5609756097561	-4.0780487804878
			7.5609756097561	-4.08780487804878
			7.5609756097561	-4.09756097560976
			7.5609756097561	-4.10731707317073
			7.5609756097561	-4.11707317073171
			7.5609756097561	-4.12682926829268
			7.5609756097561	-4.13658536585366
			7.5609756097561	-4.14634146341463
			7.5609756097561	-4.15609756097561
			7.5609756097561	-4.16585365853659
			7.5609756097561	-4.17560975609756
			7.5609756097561	-4.18536585365854
			7.5609756097561	-4.19512195121951
			7.5609756097561	-4.20487804878049
			7.5609756097561	-4.21463414634146
			7.5609756097561	-4.22439024390244
			7.5609756097561	-4.23414634146341
			7.55121951219512	-4.24390243902439
			7.55121951219512	-4.25365853658537
			7.55121951219512	-4.26341463414634
			7.55121951219512	-4.27317073170732
			7.54146341463415	-4.28292682926829
			7.54146341463415	-4.29268292682927
			7.53170731707317	-4.30243902439024
			7.53170731707317	-4.31219512195122
			7.52195121951219	-4.3219512195122
			7.52195121951219	-4.33170731707317
			7.51219512195122	-4.34146341463415
			7.51219512195122	-4.35121951219512
			7.50243902439024	-4.3609756097561
			7.50243902439024	-4.37073170731707
			7.49268292682927	-4.38048780487805
			7.48292682926829	-4.39024390243902
			7.48292682926829	-4.4
			7.47317073170732	-4.40975609756098
			7.46341463414634	-4.40975609756098
			7.46341463414634	-4.41951219512195
			7.45365853658537	-4.42926829268293
			7.44390243902439	-4.4390243902439
			7.43414634146342	-4.44878048780488
			7.42439024390244	-4.45853658536585
			7.41463414634146	-4.45853658536585
			7.40487804878049	-4.46829268292683
			7.39512195121951	-4.47804878048781
			7.38536585365854	-4.48780487804878
			7.37560975609756	-4.48780487804878
			7.36585365853659	-4.49756097560976
			7.35609756097561	-4.50731707317073
		</suture>
		<anterior type=matrix rownames=FALSE colnames=FALSE nrow=422 ncol=2 as.numeric=TRUE >
			4.93658536585366	-0.848780487804878
			4.94634146341463	-0.848780487804878
			4.95609756097561	-0.848780487804878
			4.96585365853659	-0.848780487804878
			4.97560975609756	-0.848780487804878
			4.98536585365854	-0.848780487804878
			4.99512195121951	-0.848780487804878
			5.00487804878049	-0.848780487804878
			5.01463414634146	-0.848780487804878
			5.02439024390244	-0.848780487804878
			5.03414634146341	-0.848780487804878
			5.04390243902439	-0.848780487804878
			5.05365853658537	-0.848780487804878
			5.06341463414634	-0.848780487804878
			5.07317073170732	-0.848780487804878
			5.08292682926829	-0.848780487804878
			5.09268292682927	-0.848780487804878
			5.10243902439024	-0.848780487804878
			5.11219512195122	-0.848780487804878
			5.1219512195122	-0.848780487804878
			5.13170731707317	-0.848780487804878
			5.14146341463415	-0.848780487804878
			5.15121951219512	-0.848780487804878
			5.1609756097561	-0.848780487804878
			5.17073170731707	-0.858536585365854
			5.18048780487805	-0.858536585365854
			5.19024390243902	-0.858536585365854
			5.2	-0.858536585365854
			5.20975609756098	-0.858536585365854
			5.21951219512195	-0.858536585365854
			5.22926829268293	-0.858536585365854
			5.2390243902439	-0.858536585365854
			5.24878048780488	-0.858536585365854
			5.25853658536585	-0.858536585365854
			5.26829268292683	-0.858536585365854
			5.27804878048781	-0.858536585365854
			5.28780487804878	-0.868292682926829
			5.29756097560976	-0.868292682926829
			5.30731707317073	-0.868292682926829
			5.31707317073171	-0.868292682926829
			5.32682926829268	-0.868292682926829
			5.33658536585366	-0.868292682926829
			5.34634146341463	-0.868292682926829
			5.35609756097561	-0.868292682926829
			5.36585365853659	-0.878048780487805
			5.37560975609756	-0.878048780487805
			5.38536585365854	-0.878048780487805
			5.39512195121951	-0.878048780487805
			5.40487804878049	-0.878048780487805
			5.41463414634146	-0.878048780487805
			5.42439024390244	-0.878048780487805
			5.43414634146342	-0.88780487804878
			5.44390243902439	-0.88780487804878
			5.45365853658537	-0.88780487804878
			5.46341463414634	-0.88780487804878
			5.47317073170732	-0.88780487804878
			5.47317073170732	-0.897560975609756
			5.48292682926829	-0.897560975609756
			5.49268292682927	-0.897560975609756
			5.50243902439024	-0.897560975609756
			5.51219512195122	-0.897560975609756
			5.52195121951219	-0.907317073170732
			5.53170731707317	-0.907317073170732
			5.54146341463415	-0.907317073170732
			5.55121951219512	-0.907317073170732
			5.5609756097561	-0.907317073170732
			5.57073170731707	-0.917073170731707
			5.58048780487805	-0.917073170731707
			5.59024390243902	-0.917073170731707
			5.6	-0.917073170731707
			5.60975609756098	-0.926829268292683
			5.61951219512195	-0.926829268292683
			5.62926829268293	-0.926829268292683
			5.6390243902439	-0.926829268292683
			5.6390243902439	-0.936585365853658
			5.64878048780488	-0.936585365853658
			5.65853658536585	-0.936585365853658
			5.66829268292683	-0.936585365853658
			5.6780487804878	-0.946341463414634
			5.68780487804878	-0.946341463414634
			5.69756097560976	-0.946341463414634
			5.70731707317073	-0.946341463414634
			5.71707317073171	-0.95609756097561
			5.72682926829268	-0.95609756097561
			5.73658536585366	-0.95609756097561
			5.74634146341463	-0.965853658536585
			5.75609756097561	-0.965853658536585
			5.76585365853659	-0.965853658536585
			5.77560975609756	-0.975609756097561
			5.78536585365854	-0.975609756097561
			5.79512195121951	-0.985365853658537
			5.80487804878049	-0.985365853658537
			5.81463414634146	-0.985365853658537
			5.82439024390244	-0.985365853658537
			5.82439024390244	-0.995121951219512
			5.83414634146341	-0.995121951219512
			5.84390243902439	-0.995121951219512
			5.85365853658537	-0.995121951219512
			5.85365853658537	-1.00487804878049
			5.86341463414634	-1.00487804878049
			5.87317073170732	-1.00487804878049
			5.88292682926829	-1.01463414634146
			5.89268292682927	-1.01463414634146
			5.90243902439024	-1.02439024390244
			5.91219512195122	-1.02439024390244
			5.9219512195122	-1.03414634146341
			5.93170731707317	-1.03414634146341
			5.94146341463415	-1.03414634146341
			5.95121951219512	-1.04390243902439
			5.9609756097561	-1.04390243902439
			5.97073170731707	-1.05365853658537
			5.98048780487805	-1.05365853658537
			5.99024390243902	-1.06341463414634
			6	-1.06341463414634
			6.00975609756098	-1.07317073170732
			6.01951219512195	-1.07317073170732
			6.02926829268293	-1.08292682926829
			6.0390243902439	-1.08292682926829
			6.04878048780488	-1.09268292682927
			6.05853658536585	-1.09268292682927
			6.06829268292683	-1.10243902439024
			6.0780487804878	-1.10243902439024
			6.08780487804878	-1.11219512195122
			6.09756097560976	-1.11219512195122
			6.10731707317073	-1.1219512195122
			6.11707317073171	-1.13170731707317
			6.12682926829268	-1.13170731707317
			6.13658536585366	-1.13170731707317
			6.13658536585366	-1.14146341463415
			6.14634146341463	-1.14146341463415
			6.15609756097561	-1.15121951219512
			6.16585365853659	-1.15121951219512
			6.17560975609756	-1.1609756097561
			6.18536585365854	-1.17073170731707
			6.19512195121951	-1.17073170731707
			6.20487804878049	-1.18048780487805
			6.21463414634146	-1.19024390243902
			6.22439024390244	-1.19024390243902
			6.23414634146341	-1.2
			6.24390243902439	-1.20975609756098
			6.25365853658537	-1.20975609756098
			6.26341463414634	-1.21951219512195
			6.27317073170732	-1.22926829268293
			6.28292682926829	-1.22926829268293
			6.29268292682927	-1.2390243902439
			6.30243902439024	-1.24878048780488
			6.31219512195122	-1.24878048780488
			6.3219512195122	-1.25853658536585
			6.33170731707317	-1.26829268292683
			6.34146341463415	-1.2780487804878
			6.35121951219512	-1.2780487804878
			6.3609756097561	-1.28780487804878
			6.37073170731707	-1.29756097560976
			6.38048780487805	-1.30731707317073
			6.39024390243902	-1.30731707317073
			6.4	-1.31707317073171
			6.40975609756098	-1.32682926829268
			6.41951219512195	-1.33658536585366
			6.42926829268293	-1.33658536585366
			6.4390243902439	-1.34634146341463
			6.44878048780488	-1.35609756097561
			6.45853658536585	-1.36585365853659
			6.46829268292683	-1.37560975609756
			6.47804878048781	-1.37560975609756
			6.48780487804878	-1.38536585365854
			6.49756097560976	-1.39512195121951
			6.49756097560976	-1.40487804878049
			6.50731707317073	-1.41463414634146
			6.51707317073171	-1.42439024390244
			6.52682926829268	-1.42439024390244
			6.53658536585366	-1.43414634146341
			6.54634146341463	-1.44390243902439
			6.55609756097561	-1.45365853658537
			6.56585365853658	-1.45365853658537
			6.57560975609756	-1.46341463414634
			6.58536585365854	-1.46341463414634
			6.59512195121951	-1.47317073170732
			6.60487804878049	-1.48292682926829
			6.61463414634146	-1.48292682926829
			6.62439024390244	-1.49268292682927
			6.63414634146341	-1.49268292682927
			6.64390243902439	-1.50243902439024
			6.65365853658537	-1.51219512195122
			6.66341463414634	-1.51219512195122
			6.67317073170732	-1.5219512195122
			6.68292682926829	-1.5219512195122
			6.69268292682927	-1.53170731707317
			6.70243902439024	-1.54146341463415
			6.71219512195122	-1.55121951219512
			6.72195121951219	-1.55121951219512
			6.73170731707317	-1.5609756097561
			6.74146341463415	-1.57073170731707
			6.75121951219512	-1.58048780487805
			6.7609756097561	-1.58048780487805
			6.77073170731707	-1.59024390243902
			6.78048780487805	-1.59024390243902
			6.78048780487805	-1.6
			6.79024390243902	-1.6
			6.8	-1.60975609756098
			6.80975609756098	-1.61951219512195
			6.81951219512195	-1.61951219512195
			6.81951219512195	-1.62926829268293
			6.82926829268293	-1.62926829268293
			6.8390243902439	-1.6390243902439
			6.84878048780488	-1.6390243902439
			6.84878048780488	-1.64878048780488
			6.85853658536585	-1.65853658536585
			6.86829268292683	-1.65853658536585
			6.86829268292683	-1.66829268292683
			6.8780487804878	-1.66829268292683
			6.88780487804878	-1.6780487804878
			6.89756097560976	-1.6780487804878
			6.89756097560976	-1.68780487804878
			6.90731707317073	-1.69756097560976
			6.91707317073171	-1.69756097560976
			6.92682926829268	-1.70731707317073
			6.93658536585366	-1.71707317073171
			6.94634146341463	-1.72682926829268
			6.95609756097561	-1.73658536585366
			6.96585365853659	-1.73658536585366
			6.97560975609756	-1.74634146341463
			6.98536585365854	-1.75609756097561
			6.99512195121951	-1.76585365853659
			7.00487804878049	-1.77560975609756
			7.01463414634146	-1.78536585365854
			7.02439024390244	-1.79512195121951
			7.03414634146341	-1.80487804878049
			7.04390243902439	-1.81463414634146
			7.05365853658537	-1.81463414634146
			7.06341463414634	-1.82439024390244
			7.07317073170732	-1.83414634146341
			7.08292682926829	-1.84390243902439
			7.09268292682927	-1.85365853658537
			7.10243902439024	-1.86341463414634
			7.10243902439024	-1.87317073170732
			7.11219512195122	-1.88292682926829
			7.1219512195122	-1.89268292682927
			7.13170731707317	-1.90243902439024
			7.14146341463415	-1.90243902439024
			7.15121951219512	-1.91219512195122
			7.1609756097561	-1.9219512195122
			7.17073170731707	-1.93170731707317
			7.17073170731707	-1.94146341463415
			7.18048780487805	-1.95121951219512
			7.19024390243902	-1.9609756097561
			7.2	-1.97073170731707
			7.20975609756098	-1.98048780487805
			7.21951219512195	-1.99024390243902
			7.21951219512195	-2
			7.22926829268293	-2.00975609756098
			7.2390243902439	-2.01951219512195
			7.24878048780488	-2.02926829268293
			7.25853658536585	-2.0390243902439
			7.26829268292683	-2.04878048780488
			7.27804878048781	-2.05853658536585
			7.27804878048781	-2.06829268292683
			7.28780487804878	-2.0780487804878
			7.29756097560976	-2.08780487804878
			7.30731707317073	-2.09756097560976
			7.31707317073171	-2.10731707317073
			7.31707317073171	-2.11707317073171
			7.32682926829268	-2.12682926829268
			7.32682926829268	-2.13658536585366
			7.33658536585366	-2.14634146341463
			7.34634146341463	-2.14634146341463
			7.34634146341463	-2.15609756097561
			7.35609756097561	-2.16585365853659
			7.36585365853659	-2.17560975609756
			7.36585365853659	-2.18536585365854
			7.37560975609756	-2.19512195121951
			7.37560975609756	-2.20487804878049
			7.38536585365854	-2.21463414634146
			7.39512195121951	-2.22439024390244
			7.40487804878049	-2.23414634146341
			7.40487804878049	-2.24390243902439
			7.41463414634146	-2.25365853658537
			7.41463414634146	-2.26341463414634
			7.42439024390244	-2.26341463414634
			7.42439024390244	-2.27317073170732
			7.42439024390244	-2.28292682926829
			7.43414634146342	-2.28292682926829
			7.43414634146342	-2.29268292682927
			7.44390243902439	-2.30243902439024
			7.44390243902439	-2.31219512195122
			7.45365853658537	-2.32195121951219
			7.45365853658537	-2.33170731707317
			7.46341463414634	-2.34146341463415
			7.46341463414634	-2.35121951219512
			7.47317073170732	-2.35121951219512
			7.47317073170732	-2.3609756097561
			7.48292682926829	-2.37073170731707
			7.48292682926829	-2.38048780487805
			7.48292682926829	-2.39024390243902
			7.49268292682927	-2.39024390243902
			7.49268292682927	-2.4
			7.50243902439024	-2.40975609756098
			7.50243902439024	-2.41951219512195
			7.51219512195122	-2.42926829268293
			7.51219512195122	-2.4390243902439
			7.52195121951219	-2.44878048780488
			7.52195121951219	-2.45853658536585
			7.53170731707317	-2.46829268292683
			7.53170731707317	-2.4780487804878
			7.54146341463415	-2.48780487804878
			7.54146341463415	-2.49756097560976
			7.55121951219512	-2.50731707317073
			7.55121951219512	-2.51707317073171
			7.5609756097561	-2.52682926829268
			7.5609756097561	-2.53658536585366
			7.5609756097561	-2.54634146341463
			7.57073170731707	-2.55609756097561
			7.57073170731707	-2.56585365853659
			7.58048780487805	-2.57560975609756
			7.58048780487805	-2.58536585365854
			7.58048780487805	-2.59512195121951
			7.59024390243902	-2.60487804878049
			7.59024390243902	-2.61463414634146
			7.6	-2.62439024390244
			7.6	-2.63414634146341
			7.60975609756098	-2.64390243902439
			7.60975609756098	-2.65365853658537
			7.60975609756098	-2.66341463414634
			7.61951219512195	-2.67317073170732
			7.61951219512195	-2.68292682926829
			7.62926829268293	-2.68292682926829
			7.62926829268293	-2.69268292682927
			7.62926829268293	-2.70243902439024
			7.6390243902439	-2.71219512195122
			7.6390243902439	-2.7219512195122
			7.64878048780488	-2.73170731707317
			7.64878048780488	-2.74146341463415
			7.64878048780488	-2.75121951219512
			7.65853658536585	-2.7609756097561
			7.65853658536585	-2.77073170731707
			7.66829268292683	-2.78048780487805
			7.66829268292683	-2.79024390243902
			7.6780487804878	-2.8
			7.6780487804878	-2.80975609756098
			7.6780487804878	-2.81951219512195
			7.68780487804878	-2.82926829268293
			7.68780487804878	-2.8390243902439
			7.69756097560976	-2.84878048780488
			7.69756097560976	-2.85853658536585
			7.69756097560976	-2.86829268292683
			7.70731707317073	-2.8780487804878
			7.70731707317073	-2.88780487804878
			7.71707317073171	-2.89756097560976
			7.71707317073171	-2.90731707317073
			7.71707317073171	-2.91707317073171
			7.72682926829268	-2.92682926829268
			7.72682926829268	-2.93658536585366
			7.73658536585366	-2.94634146341463
			7.73658536585366	-2.95609756097561
			7.74634146341463	-2.96585365853659
			7.74634146341463	-2.97560975609756
			7.74634146341463	-2.98536585365854
			7.75609756097561	-2.99512195121951
			7.75609756097561	-3.00487804878049
			7.76585365853659	-3.01463414634146
			7.76585365853659	-3.02439024390244
			7.76585365853659	-3.03414634146341
			7.77560975609756	-3.04390243902439
			7.77560975609756	-3.05365853658537
			7.77560975609756	-3.06341463414634
			7.78536585365854	-3.07317073170732
			7.78536585365854	-3.08292682926829
			7.78536585365854	-3.09268292682927
			7.79512195121951	-3.10243902439024
			7.79512195121951	-3.11219512195122
			7.80487804878049	-3.1219512195122
			7.80487804878049	-3.13170731707317
			7.80487804878049	-3.14146341463415
			7.81463414634146	-3.15121951219512
			7.81463414634146	-3.1609756097561
			7.81463414634146	-3.17073170731707
			7.82439024390244	-3.18048780487805
			7.82439024390244	-3.19024390243902
			7.83414634146341	-3.2
			7.83414634146341	-3.20975609756098
			7.83414634146341	-3.21951219512195
			7.83414634146341	-3.22926829268293
			7.84390243902439	-3.22926829268293
			7.84390243902439	-3.2390243902439
			7.84390243902439	-3.24878048780488
			7.84390243902439	-3.25853658536585
			7.85365853658537	-3.26829268292683
			7.85365853658537	-3.2780487804878
			7.85365853658537	-3.28780487804878
			7.86341463414634	-3.29756097560976
			7.86341463414634	-3.30731707317073
			7.87317073170732	-3.31707317073171
			7.87317073170732	-3.32682926829268
			7.87317073170732	-3.33658536585366
			7.87317073170732	-3.34634146341463
			7.88292682926829	-3.35609756097561
			7.88292682926829	-3.36585365853659
			7.88292682926829	-3.37560975609756
			7.89268292682927	-3.38536585365854
			7.89268292682927	-3.39512195121951
			7.89268292682927	-3.40487804878049
			7.90243902439024	-3.41463414634146
			7.90243902439024	-3.42439024390244
			7.90243902439024	-3.43414634146341
			7.91219512195122	-3.44390243902439
			7.91219512195122	-3.45365853658537
			7.91219512195122	-3.46341463414634
			7.91219512195122	-3.47317073170732
			7.9219512195122	-3.48292682926829
			7.9219512195122	-3.49268292682927
			7.9219512195122	-3.50243902439024
			7.9219512195122	-3.51219512195122
			7.93170731707317	-3.5219512195122
			7.93170731707317	-3.53170731707317
			7.93170731707317	-3.54146341463415
			7.93170731707317	-3.55121951219512
			7.94146341463415	-3.5609756097561
			7.94146341463415	-3.57073170731707
			7.94146341463415	-3.58048780487805
			7.94146341463415	-3.59024390243902
			7.95121951219512	-3.6
			7.95121951219512	-3.60975609756098
			7.95121951219512	-3.61951219512195
		</anterior>
		<posterior type=matrix rownames=FALSE colnames=FALSE nrow=1217 ncol=2 as.numeric=TRUE >
			4.77073170731707	-3.61951219512195
			4.78048780487805	-3.61951219512195
			4.79024390243902	-3.61951219512195
			4.8	-3.61951219512195
			4.80975609756098	-3.62926829268293
			4.81951219512195	-3.62926829268293
			4.82926829268293	-3.62926829268293
			4.8390243902439	-3.62926829268293
			4.84878048780488	-3.62926829268293
			4.85853658536585	-3.62926829268293
			4.86829268292683	-3.6390243902439
			4.8780487804878	-3.6390243902439
			4.88780487804878	-3.6390243902439
			4.89756097560976	-3.6390243902439
			4.90731707317073	-3.6390243902439
			4.91707317073171	-3.6390243902439
			4.92682926829268	-3.64878048780488
			4.93658536585366	-3.64878048780488
			4.94634146341463	-3.64878048780488
			4.95609756097561	-3.64878048780488
			4.96585365853659	-3.64878048780488
			4.97560975609756	-3.64878048780488
			4.98536585365854	-3.65853658536585
			4.99512195121951	-3.65853658536585
			5.00487804878049	-3.65853658536585
			5.01463414634146	-3.65853658536585
			5.02439024390244	-3.65853658536585
			5.03414634146341	-3.65853658536585
			5.04390243902439	-3.65853658536585
			5.05365853658537	-3.66829268292683
			5.06341463414634	-3.66829268292683
			5.07317073170732	-3.66829268292683
			5.08292682926829	-3.66829268292683
			5.09268292682927	-3.66829268292683
			5.10243902439024	-3.66829268292683
			5.11219512195122	-3.66829268292683
			5.1219512195122	-3.67804878048781
			5.13170731707317	-3.67804878048781
			5.14146341463415	-3.67804878048781
			5.15121951219512	-3.67804878048781
			5.1609756097561	-3.67804878048781
			5.17073170731707	-3.67804878048781
			5.18048780487805	-3.68780487804878
			5.19024390243902	-3.68780487804878
			5.2	-3.68780487804878
			5.20975609756098	-3.68780487804878
			5.21951219512195	-3.68780487804878
			5.22926829268293	-3.68780487804878
			5.2390243902439	-3.68780487804878
			5.24878048780488	-3.68780487804878
			5.24878048780488	-3.69756097560976
			5.25853658536585	-3.69756097560976
			5.26829268292683	-3.69756097560976
			5.27804878048781	-3.69756097560976
			5.28780487804878	-3.69756097560976
			5.29756097560976	-3.69756097560976
			5.30731707317073	-3.69756097560976
			5.31707317073171	-3.69756097560976
			5.32682926829268	-3.70731707317073
			5.33658536585366	-3.70731707317073
			5.34634146341463	-3.70731707317073
			5.35609756097561	-3.70731707317073
			5.36585365853659	-3.70731707317073
			5.37560975609756	-3.70731707317073
			5.38536585365854	-3.70731707317073
			5.39512195121951	-3.71707317073171
			5.40487804878049	-3.71707317073171
			5.41463414634146	-3.71707317073171
			5.42439024390244	-3.71707317073171
			5.43414634146342	-3.71707317073171
			5.44390243902439	-3.71707317073171
			5.45365853658537	-3.71707317073171
			5.46341463414634	-3.72682926829268
			5.47317073170732	-3.72682926829268
			5.48292682926829	-3.72682926829268
			5.49268292682927	-3.72682926829268
			5.50243902439024	-3.72682926829268
			5.51219512195122	-3.72682926829268
			5.52195121951219	-3.72682926829268
			5.53170731707317	-3.72682926829268
			5.54146341463415	-3.73658536585366
			5.55121951219512	-3.73658536585366
			5.5609756097561	-3.73658536585366
			5.57073170731707	-3.73658536585366
			5.58048780487805	-3.73658536585366
			5.59024390243902	-3.73658536585366
			5.6	-3.73658536585366
			5.60975609756098	-3.73658536585366
			5.61951219512195	-3.74634146341463
			5.62926829268293	-3.74634146341463
			5.6390243902439	-3.74634146341463
			5.64878048780488	-3.74634146341463
			5.65853658536585	-3.74634146341463
			5.66829268292683	-3.74634146341463
			5.6780487804878	-3.74634146341463
			5.68780487804878	-3.74634146341463
			5.69756097560976	-3.74634146341463
			5.70731707317073	-3.74634146341463
			5.71707317073171	-3.74634146341463
			5.72682926829268	-3.75609756097561
			5.73658536585366	-3.75609756097561
			5.74634146341463	-3.75609756097561
			5.75609756097561	-3.75609756097561
			5.76585365853659	-3.75609756097561
			5.77560975609756	-3.75609756097561
			5.78536585365854	-3.75609756097561
			5.79512195121951	-3.75609756097561
			5.80487804878049	-3.75609756097561
			5.81463414634146	-3.75609756097561
			5.82439024390244	-3.75609756097561
			5.83414634146341	-3.75609756097561
			5.84390243902439	-3.76585365853659
			5.85365853658537	-3.76585365853659
			5.86341463414634	-3.76585365853659
			5.87317073170732	-3.76585365853659
			5.88292682926829	-3.76585365853659
			5.89268292682927	-3.76585365853659
			5.90243902439024	-3.76585365853659
			5.91219512195122	-3.76585365853659
			5.9219512195122	-3.76585365853659
			5.93170731707317	-3.77560975609756
			5.94146341463415	-3.77560975609756
			5.95121951219512	-3.77560975609756
			5.9609756097561	-3.77560975609756
			5.97073170731707	-3.77560975609756
			5.98048780487805	-3.77560975609756
			5.99024390243902	-3.77560975609756
			6	-3.77560975609756
			6.00975609756098	-3.77560975609756
			6.01951219512195	-3.77560975609756
			6.02926829268293	-3.78536585365854
			6.0390243902439	-3.78536585365854
			6.04878048780488	-3.78536585365854
			6.05853658536585	-3.78536585365854
			6.06829268292683	-3.78536585365854
			6.0780487804878	-3.78536585365854
			6.08780487804878	-3.78536585365854
			6.09756097560976	-3.78536585365854
			6.10731707317073	-3.78536585365854
			6.11707317073171	-3.78536585365854
			6.12682926829268	-3.78536585365854
			6.13658536585366	-3.78536585365854
			6.14634146341463	-3.79512195121951
			6.15609756097561	-3.79512195121951
			6.16585365853659	-3.79512195121951
			6.17560975609756	-3.79512195121951
			6.18536585365854	-3.79512195121951
			6.19512195121951	-3.79512195121951
			6.20487804878049	-3.79512195121951
			6.21463414634146	-3.79512195121951
			6.22439024390244	-3.79512195121951
			6.23414634146341	-3.79512195121951
			6.24390243902439	-3.79512195121951
			6.25365853658537	-3.79512195121951
			6.26341463414634	-3.79512195121951
			6.27317073170732	-3.79512195121951
			6.28292682926829	-3.80487804878049
			6.29268292682927	-3.80487804878049
			6.30243902439024	-3.80487804878049
			6.31219512195122	-3.80487804878049
			6.3219512195122	-3.80487804878049
			6.33170731707317	-3.80487804878049
			6.34146341463415	-3.80487804878049
			6.35121951219512	-3.80487804878049
			6.3609756097561	-3.80487804878049
			6.37073170731707	-3.80487804878049
			6.38048780487805	-3.80487804878049
			6.39024390243902	-3.80487804878049
			6.4	-3.80487804878049
			6.40975609756098	-3.80487804878049
			6.41951219512195	-3.80487804878049
			6.42926829268293	-3.80487804878049
			6.4390243902439	-3.80487804878049
			6.44878048780488	-3.80487804878049
			6.45853658536585	-3.80487804878049
			6.46829268292683	-3.80487804878049
			6.47804878048781	-3.81463414634146
			6.48780487804878	-3.81463414634146
			6.49756097560976	-3.81463414634146
			6.50731707317073	-3.81463414634146
			6.51707317073171	-3.81463414634146
			6.52682926829268	-3.81463414634146
			6.53658536585366	-3.81463414634146
			6.54634146341463	-3.81463414634146
			6.55609756097561	-3.81463414634146
			6.56585365853658	-3.81463414634146
			6.57560975609756	-3.81463414634146
			6.58536585365854	-3.81463414634146
			6.59512195121951	-3.81463414634146
			6.60487804878049	-3.81463414634146
			6.61463414634146	-3.81463414634146
			6.62439024390244	-3.81463414634146
			6.63414634146341	-3.81463414634146
			6.64390243902439	-3.82439024390244
			6.65365853658537	-3.83414634146341
			6.66341463414634	-3.84390243902439
			6.67317073170732	-3.85365853658537
			6.67317073170732	-3.86341463414634
			6.68292682926829	-3.86341463414634
			6.69268292682927	-3.87317073170732
			6.70243902439024	-3.88292682926829
			6.70243902439024	-3.89268292682927
			6.71219512195122	-3.90243902439024
			6.72195121951219	-3.90243902439024
			6.73170731707317	-3.91219512195122
			6.73170731707317	-3.9219512195122
			6.74146341463415	-3.93170731707317
			6.75121951219512	-3.93170731707317
			6.7609756097561	-3.94146341463415
			6.7609756097561	-3.95121951219512
			6.77073170731707	-3.9609756097561
			6.78048780487805	-3.97073170731707
			6.79024390243902	-3.97073170731707
			6.79024390243902	-3.98048780487805
			6.8	-3.99024390243902
			6.80975609756098	-3.99024390243902
			6.80975609756098	-4
			6.81951219512195	-4.00975609756098
			6.82926829268293	-4.01951219512195
			6.8390243902439	-4.02926829268293
			6.84878048780488	-4.0390243902439
			6.85853658536585	-4.04878048780488
			6.86829268292683	-4.05853658536585
			6.8780487804878	-4.06829268292683
			6.88780487804878	-4.0780487804878
			6.89756097560976	-4.08780487804878
			6.90731707317073	-4.09756097560976
			6.91707317073171	-4.10731707317073
			6.92682926829268	-4.11707317073171
			6.93658536585366	-4.12682926829268
			6.94634146341463	-4.13658536585366
			6.95609756097561	-4.14634146341463
			6.96585365853659	-4.15609756097561
			6.97560975609756	-4.16585365853659
			6.97560975609756	-4.17560975609756
			6.98536585365854	-4.18536585365854
			6.99512195121951	-4.18536585365854
			7.00487804878049	-4.19512195121951
			7.01463414634146	-4.20487804878049
			7.02439024390244	-4.21463414634146
			7.03414634146341	-4.22439024390244
			7.03414634146341	-4.23414634146341
			7.04390243902439	-4.24390243902439
			7.05365853658537	-4.24390243902439
			7.06341463414634	-4.25365853658537
			7.07317073170732	-4.26341463414634
			7.08292682926829	-4.27317073170732
			7.08292682926829	-4.28292682926829
			7.09268292682927	-4.28292682926829
			7.10243902439024	-4.29268292682927
			7.11219512195122	-4.30243902439024
			7.11219512195122	-4.31219512195122
			7.1219512195122	-4.3219512195122
			7.13170731707317	-4.3219512195122
			7.14146341463415	-4.33170731707317
			7.14146341463415	-4.34146341463415
			7.15121951219512	-4.34146341463415
			7.1609756097561	-4.35121951219512
			7.17073170731707	-4.3609756097561
			7.17073170731707	-4.37073170731707
			7.18048780487805	-4.37073170731707
			7.19024390243902	-4.38048780487805
			7.19024390243902	-4.39024390243902
			7.2	-4.39024390243902
			7.20975609756098	-4.4
			7.21951219512195	-4.40975609756098
			7.22926829268293	-4.41951219512195
			7.2390243902439	-4.42926829268293
			7.24878048780488	-4.4390243902439
			7.25853658536585	-4.44878048780488
			7.26829268292683	-4.45853658536585
			7.27804878048781	-4.46829268292683
			7.28780487804878	-4.47804878048781
			7.29756097560976	-4.48780487804878
			7.30731707317073	-4.49756097560976
			7.30731707317073	-4.50731707317073
			7.31707317073171	-4.51707317073171
			7.32682926829268	-4.52682926829268
			7.32682926829268	-4.53658536585366
			7.33658536585366	-4.54634146341463
			7.33658536585366	-4.55609756097561
			7.34634146341463	-4.56585365853658
			7.34634146341463	-4.57560975609756
			7.35609756097561	-4.58536585365854
			7.35609756097561	-4.59512195121951
			7.36585365853659	-4.60487804878049
			7.37560975609756	-4.61463414634146
			7.37560975609756	-4.62439024390244
			7.38536585365854	-4.63414634146341
			7.38536585365854	-4.64390243902439
			7.39512195121951	-4.65365853658537
			7.39512195121951	-4.66341463414634
			7.40487804878049	-4.67317073170732
			7.40487804878049	-4.68292682926829
			7.41463414634146	-4.69268292682927
			7.41463414634146	-4.70243902439024
			7.42439024390244	-4.71219512195122
			7.42439024390244	-4.72195121951219
			7.42439024390244	-4.73170731707317
			7.43414634146342	-4.74146341463415
			7.43414634146342	-4.75121951219512
			7.44390243902439	-4.7609756097561
			7.44390243902439	-4.77073170731707
			7.45365853658537	-4.78048780487805
			7.45365853658537	-4.79024390243902
			7.46341463414634	-4.8
			7.46341463414634	-4.80975609756098
			7.46341463414634	-4.81951219512195
			7.47317073170732	-4.81951219512195
			7.47317073170732	-4.82926829268293
			7.47317073170732	-4.8390243902439
			7.48292682926829	-4.8390243902439
			7.48292682926829	-4.84878048780488
			7.48292682926829	-4.85853658536585
			7.49268292682927	-4.86829268292683
			7.49268292682927	-4.8780487804878
			7.50243902439024	-4.88780487804878
			7.50243902439024	-4.89756097560976
			7.50243902439024	-4.90731707317073
			7.51219512195122	-4.91707317073171
			7.51219512195122	-4.92682926829268
			7.52195121951219	-4.93658536585366
			7.52195121951219	-4.94634146341463
			7.52195121951219	-4.95609756097561
			7.53170731707317	-4.96585365853659
			7.53170731707317	-4.97560975609756
			7.53170731707317	-4.98536585365854
			7.54146341463415	-4.99512195121951
			7.54146341463415	-5.00487804878049
			7.55121951219512	-5.01463414634146
			7.55121951219512	-5.02439024390244
			7.5609756097561	-5.03414634146341
			7.5609756097561	-5.04390243902439
			7.5609756097561	-5.05365853658537
			7.57073170731707	-5.06341463414634
			7.57073170731707	-5.07317073170732
			7.58048780487805	-5.08292682926829
			7.58048780487805	-5.09268292682927
			7.58048780487805	-5.10243902439024
			7.59024390243902	-5.11219512195122
			7.59024390243902	-5.1219512195122
			7.59024390243902	-5.13170731707317
			7.6	-5.14146341463415
			7.6	-5.15121951219512
			7.6	-5.1609756097561
			7.60975609756098	-5.17073170731707
			7.60975609756098	-5.18048780487805
			7.61951219512195	-5.19024390243902
			7.61951219512195	-5.2
			7.61951219512195	-5.20975609756098
			7.62926829268293	-5.21951219512195
			7.62926829268293	-5.22926829268293
			7.62926829268293	-5.2390243902439
			7.6390243902439	-5.24878048780488
			7.6390243902439	-5.25853658536585
			7.6390243902439	-5.26829268292683
			7.64878048780488	-5.27804878048781
			7.64878048780488	-5.28780487804878
			7.64878048780488	-5.29756097560976
			7.65853658536585	-5.30731707317073
			7.65853658536585	-5.31707317073171
			7.65853658536585	-5.32682926829268
			7.66829268292683	-5.33658536585366
			7.66829268292683	-5.34634146341463
			7.66829268292683	-5.35609756097561
			7.6780487804878	-5.36585365853659
			7.6780487804878	-5.37560975609756
			7.68780487804878	-5.38536585365854
			7.68780487804878	-5.39512195121951
			7.68780487804878	-5.40487804878049
			7.69756097560976	-5.41463414634146
			7.69756097560976	-5.42439024390244
			7.69756097560976	-5.43414634146342
			7.70731707317073	-5.44390243902439
			7.70731707317073	-5.45365853658537
			7.70731707317073	-5.46341463414634
			7.71707317073171	-5.47317073170732
			7.71707317073171	-5.48292682926829
			7.71707317073171	-5.49268292682927
			7.72682926829268	-5.50243902439024
			7.72682926829268	-5.51219512195122
			7.72682926829268	-5.52195121951219
			7.73658536585366	-5.53170731707317
			7.73658536585366	-5.54146341463415
			7.73658536585366	-5.55121951219512
			7.74634146341463	-5.5609756097561
			7.74634146341463	-5.57073170731707
			7.74634146341463	-5.58048780487805
			7.74634146341463	-5.59024390243902
			7.75609756097561	-5.59024390243902
			7.75609756097561	-5.6
			7.75609756097561	-5.60975609756098
			7.76585365853659	-5.61951219512195
			7.76585365853659	-5.62926829268293
			7.76585365853659	-5.6390243902439
			7.77560975609756	-5.64878048780488
			7.77560975609756	-5.65853658536585
			7.77560975609756	-5.66829268292683
			7.78536585365854	-5.6780487804878
			7.78536585365854	-5.68780487804878
			7.78536585365854	-5.69756097560976
			7.78536585365854	-5.70731707317073
			7.79512195121951	-5.71707317073171
			7.79512195121951	-5.72682926829268
			7.79512195121951	-5.73658536585366
			7.80487804878049	-5.74634146341463
			7.80487804878049	-5.75609756097561
			7.80487804878049	-5.76585365853659
			7.81463414634146	-5.77560975609756
			7.81463414634146	-5.78536585365854
			7.81463414634146	-5.79512195121951
			7.82439024390244	-5.80487804878049
			7.82439024390244	-5.81463414634146
			7.82439024390244	-5.82439024390244
			7.83414634146341	-5.83414634146341
			7.83414634146341	-5.84390243902439
			7.83414634146341	-5.85365853658537
			7.84390243902439	-5.86341463414634
			7.84390243902439	-5.87317073170732
			7.84390243902439	-5.88292682926829
			7.85365853658537	-5.89268292682927
			7.85365853658537	-5.90243902439024
			7.85365853658537	-5.91219512195122
			7.86341463414634	-5.9219512195122
			7.86341463414634	-5.93170731707317
			7.86341463414634	-5.94146341463415
			7.86341463414634	-5.95121951219512
			7.87317073170732	-5.9609756097561
			7.87317073170732	-5.97073170731707
			7.87317073170732	-5.98048780487805
			7.88292682926829	-5.99024390243902
			7.88292682926829	-6
			7.88292682926829	-6.00975609756098
			7.89268292682927	-6.01951219512195
			7.89268292682927	-6.02926829268293
			7.89268292682927	-6.0390243902439
			7.89268292682927	-6.04878048780488
			7.90243902439024	-6.05853658536585
			7.90243902439024	-6.06829268292683
			7.90243902439024	-6.0780487804878
			7.91219512195122	-6.08780487804878
			7.91219512195122	-6.09756097560976
			7.91219512195122	-6.10731707317073
			7.91219512195122	-6.11707317073171
			7.9219512195122	-6.12682926829268
			7.9219512195122	-6.13658536585366
			7.9219512195122	-6.14634146341463
			7.93170731707317	-6.15609756097561
			7.93170731707317	-6.16585365853659
			7.93170731707317	-6.17560975609756
			7.94146341463415	-6.18536585365854
			7.94146341463415	-6.19512195121951
			7.94146341463415	-6.20487804878049
			7.94146341463415	-6.21463414634146
			7.95121951219512	-6.22439024390244
			7.95121951219512	-6.23414634146341
			7.95121951219512	-6.24390243902439
			7.9609756097561	-6.25365853658537
			7.9609756097561	-6.26341463414634
			7.9609756097561	-6.27317073170732
			7.97073170731707	-6.28292682926829
			7.97073170731707	-6.29268292682927
			7.97073170731707	-6.30243902439024
			7.97073170731707	-6.31219512195122
			7.98048780487805	-6.3219512195122
			7.98048780487805	-6.33170731707317
			7.98048780487805	-6.34146341463415
			7.99024390243902	-6.35121951219512
			7.99024390243902	-6.3609756097561
			7.99024390243902	-6.37073170731707
			8	-6.38048780487805
			8	-6.39024390243902
			8	-6.4
			8	-6.40975609756098
			8.00975609756098	-6.41951219512195
			8.00975609756098	-6.42926829268293
			8.00975609756098	-6.4390243902439
			8.01951219512195	-6.44878048780488
			8.01951219512195	-6.45853658536585
			8.01951219512195	-6.46829268292683
			8.02926829268293	-6.47804878048781
			8.02926829268293	-6.48780487804878
			8.02926829268293	-6.49756097560976
			8.0390243902439	-6.50731707317073
			8.0390243902439	-6.51707317073171
			8.0390243902439	-6.52682926829268
			8.0390243902439	-6.53658536585366
			8.04878048780488	-6.54634146341463
			8.04878048780488	-6.55609756097561
			8.04878048780488	-6.56585365853658
			8.05853658536585	-6.57560975609756
			8.05853658536585	-6.58536585365854
			8.05853658536585	-6.59512195121951
			8.06829268292683	-6.60487804878049
			8.06829268292683	-6.61463414634146
			8.06829268292683	-6.62439024390244
			8.0780487804878	-6.63414634146341
			8.0780487804878	-6.64390243902439
			8.08780487804878	-6.65365853658537
			8.08780487804878	-6.66341463414634
			8.08780487804878	-6.67317073170732
			8.09756097560976	-6.68292682926829
			8.09756097560976	-6.69268292682927
			8.09756097560976	-6.70243902439024
			8.10731707317073	-6.71219512195122
			8.10731707317073	-6.72195121951219
			8.10731707317073	-6.73170731707317
			8.11707317073171	-6.74146341463415
			8.11707317073171	-6.75121951219512
			8.12682926829268	-6.7609756097561
			8.12682926829268	-6.77073170731707
			8.12682926829268	-6.78048780487805
			8.12682926829268	-6.79024390243902
			8.13658536585366	-6.79024390243902
			8.13658536585366	-6.8
			8.13658536585366	-6.80975609756098
			8.14634146341463	-6.81951219512195
			8.14634146341463	-6.82926829268293
			8.14634146341463	-6.8390243902439
			8.15609756097561	-6.84878048780488
			8.15609756097561	-6.85853658536585
			8.15609756097561	-6.86829268292683
			8.16585365853659	-6.8780487804878
			8.16585365853659	-6.88780487804878
			8.17560975609756	-6.89756097560976
			8.17560975609756	-6.90731707317073
			8.17560975609756	-6.91707317073171
			8.17560975609756	-6.92682926829268
			8.18536585365854	-6.92682926829268
			8.18536585365854	-6.93658536585366
			8.18536585365854	-6.94634146341463
			8.18536585365854	-6.95609756097561
			8.19512195121951	-6.96585365853659
			8.19512195121951	-6.97560975609756
			8.19512195121951	-6.98536585365854
			8.20487804878049	-6.99512195121951
			8.20487804878049	-7.00487804878049
			8.20487804878049	-7.01463414634146
			8.21463414634146	-7.02439024390244
			8.21463414634146	-7.03414634146341
			8.21463414634146	-7.04390243902439
			8.22439024390244	-7.05365853658537
			8.22439024390244	-7.06341463414634
			8.23414634146341	-7.07317073170732
			8.23414634146341	-7.08292682926829
			8.23414634146341	-7.09268292682927
			8.23414634146341	-7.10243902439024
			8.24390243902439	-7.10243902439024
			8.24390243902439	-7.11219512195122
			8.24390243902439	-7.1219512195122
			8.25365853658537	-7.13170731707317
			8.25365853658537	-7.14146341463415
			8.25365853658537	-7.15121951219512
			8.25365853658537	-7.1609756097561
			8.26341463414634	-7.17073170731707
			8.26341463414634	-7.18048780487805
			8.27317073170732	-7.19024390243902
			8.27317073170732	-7.2
			8.27317073170732	-7.20975609756098
			8.27317073170732	-7.21951219512195
			8.28292682926829	-7.22926829268293
			8.28292682926829	-7.2390243902439
			8.28292682926829	-7.24878048780488
			8.29268292682927	-7.25853658536585
			8.29268292682927	-7.26829268292683
			8.29268292682927	-7.27804878048781
			8.30243902439024	-7.28780487804878
			8.30243902439024	-7.29756097560976
			8.30243902439024	-7.30731707317073
			8.31219512195122	-7.31707317073171
			8.31219512195122	-7.32682926829268
			8.31219512195122	-7.33658536585366
			8.3219512195122	-7.34634146341463
			8.3219512195122	-7.35609756097561
			8.33170731707317	-7.36585365853659
			8.33170731707317	-7.37560975609756
			8.33170731707317	-7.38536585365854
			8.33170731707317	-7.39512195121951
			8.34146341463415	-7.40487804878049
			8.34146341463415	-7.41463414634146
			8.34146341463415	-7.42439024390244
			8.35121951219512	-7.43414634146342
			8.35121951219512	-7.44390243902439
			8.35121951219512	-7.45365853658537
			8.3609756097561	-7.46341463414634
			8.3609756097561	-7.47317073170732
			8.3609756097561	-7.48292682926829
			8.37073170731707	-7.49268292682927
			8.37073170731707	-7.50243902439024
			8.37073170731707	-7.51219512195122
			8.38048780487805	-7.52195121951219
			8.38048780487805	-7.53170731707317
			8.38048780487805	-7.54146341463415
			8.39024390243902	-7.55121951219512
			8.39024390243902	-7.5609756097561
			8.39024390243902	-7.57073170731707
			8.4	-7.58048780487805
			8.4	-7.59024390243902
			8.4	-7.6
			8.4	-7.60975609756098
			8.40975609756098	-7.61951219512195
			8.40975609756098	-7.62926829268293
			8.40975609756098	-7.6390243902439
			8.41951219512195	-7.64878048780488
			8.41951219512195	-7.65853658536585
			8.41951219512195	-7.66829268292683
			8.42926829268293	-7.6780487804878
			8.42926829268293	-7.68780487804878
			8.42926829268293	-7.69756097560976
			8.4390243902439	-7.70731707317073
			8.4390243902439	-7.71707317073171
			8.4390243902439	-7.72682926829268
			8.44878048780488	-7.73658536585366
			8.44878048780488	-7.74634146341463
			8.44878048780488	-7.75609756097561
			8.44878048780488	-7.76585365853659
			8.45853658536585	-7.77560975609756
			8.45853658536585	-7.78536585365854
			8.45853658536585	-7.79512195121951
			8.46829268292683	-7.80487804878049
			8.46829268292683	-7.81463414634146
			8.46829268292683	-7.82439024390244
			8.47804878048781	-7.82439024390244
			8.47804878048781	-7.83414634146341
			8.47804878048781	-7.84390243902439
			8.47804878048781	-7.85365853658537
			8.48780487804878	-7.85365853658537
			8.48780487804878	-7.86341463414634
			8.48780487804878	-7.87317073170732
			8.48780487804878	-7.88292682926829
			8.49756097560976	-7.89268292682927
			8.49756097560976	-7.90243902439024
			8.50731707317073	-7.91219512195122
			8.50731707317073	-7.9219512195122
			8.50731707317073	-7.93170731707317
			8.50731707317073	-7.94146341463415
			8.51707317073171	-7.95121951219512
			8.51707317073171	-7.9609756097561
			8.52682926829268	-7.97073170731707
			8.52682926829268	-7.98048780487805
			8.52682926829268	-7.99024390243902
			8.53658536585366	-8
			8.53658536585366	-8.00975609756098
			8.53658536585366	-8.01951219512195
			8.54634146341463	-8.02926829268293
			8.54634146341463	-8.0390243902439
			8.54634146341463	-8.04878048780488
			8.55609756097561	-8.05853658536585
			8.55609756097561	-8.06829268292683
			8.55609756097561	-8.0780487804878
			8.56585365853659	-8.08780487804878
			8.56585365853659	-8.09756097560976
			8.57560975609756	-8.10731707317073
			8.57560975609756	-8.11707317073171
			8.57560975609756	-8.12682926829268
			8.57560975609756	-8.13658536585366
			8.58536585365854	-8.14634146341463
			8.58536585365854	-8.15609756097561
			8.59512195121951	-8.16585365853659
			8.59512195121951	-8.17560975609756
			8.59512195121951	-8.18536585365854
			8.60487804878049	-8.19512195121951
			8.60487804878049	-8.20487804878049
			8.60487804878049	-8.21463414634146
			8.61463414634146	-8.22439024390244
			8.61463414634146	-8.23414634146341
			8.61463414634146	-8.24390243902439
			8.62439024390244	-8.25365853658537
			8.62439024390244	-8.26341463414634
			8.62439024390244	-8.27317073170732
			8.63414634146342	-8.28292682926829
			8.63414634146342	-8.29268292682927
			8.63414634146342	-8.30243902439024
			8.64390243902439	-8.31219512195122
			8.64390243902439	-8.3219512195122
			8.65365853658537	-8.33170731707317
			8.65365853658537	-8.34146341463415
			8.65365853658537	-8.35121951219512
			8.66341463414634	-8.3609756097561
			8.66341463414634	-8.37073170731707
			8.67317073170732	-8.38048780487805
			8.67317073170732	-8.39024390243902
			8.67317073170732	-8.4
			8.68292682926829	-8.40975609756098
			8.68292682926829	-8.41951219512195
			8.68292682926829	-8.42926829268293
			8.69268292682927	-8.4390243902439
			8.69268292682927	-8.44878048780488
			8.70243902439024	-8.45853658536585
			8.70243902439024	-8.46829268292683
			8.70243902439024	-8.47804878048781
			8.71219512195122	-8.48780487804878
			8.71219512195122	-8.49756097560976
			8.71219512195122	-8.50731707317073
			8.7219512195122	-8.51707317073171
			8.7219512195122	-8.52682926829268
			8.73170731707317	-8.52682926829268
			8.73170731707317	-8.53658536585366
			8.73170731707317	-8.54634146341463
			8.73170731707317	-8.55609756097561
			8.74146341463415	-8.56585365853659
			8.74146341463415	-8.55609756097561
			8.75121951219512	-8.54634146341463
			8.75121951219512	-8.53658536585366
			8.75121951219512	-8.52682926829268
			8.7609756097561	-8.51707317073171
			8.7609756097561	-8.50731707317073
			8.7609756097561	-8.49756097560976
			8.7609756097561	-8.48780487804878
			8.77073170731707	-8.47804878048781
			8.77073170731707	-8.46829268292683
			8.77073170731707	-8.45853658536585
			8.77073170731707	-8.44878048780488
			8.77073170731707	-8.4390243902439
			8.78048780487805	-8.42926829268293
			8.78048780487805	-8.41951219512195
			8.78048780487805	-8.40975609756098
			8.78048780487805	-8.4
			8.78048780487805	-8.39024390243902
			8.78048780487805	-8.38048780487805
			8.79024390243903	-8.37073170731707
			8.79024390243903	-8.3609756097561
			8.79024390243903	-8.35121951219512
			8.79024390243903	-8.34146341463415
			8.79024390243903	-8.33170731707317
			8.79024390243903	-8.3219512195122
			8.79024390243903	-8.31219512195122
			8.79024390243903	-8.30243902439024
			8.79024390243903	-8.29268292682927
			8.8	-8.28292682926829
			8.8	-8.27317073170732
			8.8	-8.26341463414634
			8.8	-8.25365853658537
			8.8	-8.24390243902439
			8.8	-8.23414634146341
			8.8	-8.22439024390244
			8.8	-8.21463414634146
			8.8	-8.20487804878049
			8.8	-8.19512195121951
			8.8	-8.18536585365854
			8.8	-8.17560975609756
			8.8	-8.16585365853659
			8.8	-8.15609756097561
			8.8	-8.14634146341463
			8.8	-8.13658536585366
			8.8	-8.12682926829268
			8.8	-8.11707317073171
			8.8	-8.10731707317073
			8.8	-8.09756097560976
			8.8	-8.08780487804878
			8.8	-8.0780487804878
			8.8	-8.06829268292683
			8.8	-8.05853658536585
			8.8	-8.04878048780488
			8.8	-8.0390243902439
			8.8	-8.02926829268293
			8.8	-8.01951219512195
			8.8	-8.00975609756098
			8.8	-8
			8.8	-7.99024390243902
			8.8	-7.98048780487805
			8.8	-7.97073170731707
			8.8	-7.9609756097561
			8.8	-7.95121951219512
			8.8	-7.94146341463415
			8.8	-7.93170731707317
			8.8	-7.9219512195122
			8.8	-7.91219512195122
			8.8	-7.90243902439024
			8.8	-7.89268292682927
			8.8	-7.88292682926829
			8.8	-7.87317073170732
			8.8	-7.86341463414634
			8.8	-7.85365853658537
			8.8	-7.84390243902439
			8.8	-7.83414634146341
			8.8	-7.82439024390244
			8.8	-7.81463414634146
			8.79024390243903	-7.80487804878049
			8.79024390243903	-7.79512195121951
			8.79024390243903	-7.78536585365854
			8.79024390243903	-7.77560975609756
			8.79024390243903	-7.76585365853659
			8.79024390243903	-7.75609756097561
			8.79024390243903	-7.74634146341463
			8.79024390243903	-7.73658536585366
			8.79024390243903	-7.72682926829268
			8.79024390243903	-7.71707317073171
			8.79024390243903	-7.70731707317073
			8.79024390243903	-7.69756097560976
			8.79024390243903	-7.68780487804878
			8.79024390243903	-7.6780487804878
			8.79024390243903	-7.66829268292683
			8.78048780487805	-7.65853658536585
			8.78048780487805	-7.64878048780488
			8.78048780487805	-7.6390243902439
			8.78048780487805	-7.62926829268293
			8.78048780487805	-7.61951219512195
			8.78048780487805	-7.60975609756098
			8.78048780487805	-7.6
			8.78048780487805	-7.59024390243902
			8.78048780487805	-7.58048780487805
			8.78048780487805	-7.57073170731707
			8.78048780487805	-7.5609756097561
			8.77073170731707	-7.55121951219512
			8.77073170731707	-7.54146341463415
			8.77073170731707	-7.53170731707317
			8.77073170731707	-7.52195121951219
			8.77073170731707	-7.51219512195122
			8.77073170731707	-7.50243902439024
			8.77073170731707	-7.49268292682927
			8.77073170731707	-7.48292682926829
			8.77073170731707	-7.47317073170732
			8.7609756097561	-7.46341463414634
			8.7609756097561	-7.45365853658537
			8.7609756097561	-7.44390243902439
			8.7609756097561	-7.43414634146342
			8.7609756097561	-7.42439024390244
			8.7609756097561	-7.41463414634146
			8.7609756097561	-7.40487804878049
			8.7609756097561	-7.39512195121951
			8.7609756097561	-7.38536585365854
			8.75121951219512	-7.37560975609756
			8.75121951219512	-7.36585365853659
			8.75121951219512	-7.35609756097561
			8.75121951219512	-7.34634146341463
			8.75121951219512	-7.33658536585366
			8.75121951219512	-7.32682926829268
			8.75121951219512	-7.31707317073171
			8.75121951219512	-7.30731707317073
			8.74146341463415	-7.29756097560976
			8.74146341463415	-7.28780487804878
			8.74146341463415	-7.27804878048781
			8.74146341463415	-7.26829268292683
			8.74146341463415	-7.25853658536585
			8.74146341463415	-7.24878048780488
			8.74146341463415	-7.2390243902439
			8.74146341463415	-7.22926829268293
			8.73170731707317	-7.21951219512195
			8.73170731707317	-7.20975609756098
			8.73170731707317	-7.2
			8.73170731707317	-7.19024390243902
			8.73170731707317	-7.18048780487805
			8.73170731707317	-7.17073170731707
			8.73170731707317	-7.1609756097561
			8.7219512195122	-7.15121951219512
			8.7219512195122	-7.14146341463415
			8.7219512195122	-7.13170731707317
			8.7219512195122	-7.1219512195122
			8.7219512195122	-7.11219512195122
			8.7219512195122	-7.10243902439024
			8.7219512195122	-7.09268292682927
			8.71219512195122	-7.08292682926829
			8.71219512195122	-7.07317073170732
			8.71219512195122	-7.06341463414634
			8.71219512195122	-7.05365853658537
			8.71219512195122	-7.04390243902439
			8.71219512195122	-7.03414634146341
			8.70243902439024	-7.02439024390244
			8.70243902439024	-7.01463414634146
			8.70243902439024	-7.00487804878049
			8.70243902439024	-6.99512195121951
			8.70243902439024	-6.98536585365854
			8.70243902439024	-6.97560975609756
			8.70243902439024	-6.96585365853659
			8.69268292682927	-6.95609756097561
			8.69268292682927	-6.94634146341463
			8.69268292682927	-6.93658536585366
			8.69268292682927	-6.92682926829268
			8.69268292682927	-6.91707317073171
			8.69268292682927	-6.90731707317073
			8.68292682926829	-6.89756097560976
			8.68292682926829	-6.88780487804878
			8.68292682926829	-6.8780487804878
			8.68292682926829	-6.86829268292683
			8.68292682926829	-6.85853658536585
			8.68292682926829	-6.84878048780488
			8.68292682926829	-6.8390243902439
			8.67317073170732	-6.82926829268293
			8.67317073170732	-6.81951219512195
			8.67317073170732	-6.80975609756098
			8.67317073170732	-6.8
			8.67317073170732	-6.79024390243902
			8.67317073170732	-6.78048780487805
			8.66341463414634	-6.77073170731707
			8.66341463414634	-6.7609756097561
			8.66341463414634	-6.75121951219512
			8.66341463414634	-6.74146341463415
			8.66341463414634	-6.73170731707317
			8.66341463414634	-6.72195121951219
			8.65365853658537	-6.72195121951219
			8.65365853658537	-6.71219512195122
			8.65365853658537	-6.70243902439024
			8.65365853658537	-6.69268292682927
			8.65365853658537	-6.68292682926829
			8.65365853658537	-6.67317073170732
			8.64390243902439	-6.66341463414634
			8.64390243902439	-6.65365853658537
			8.64390243902439	-6.64390243902439
			8.64390243902439	-6.63414634146341
			8.64390243902439	-6.62439024390244
			8.64390243902439	-6.61463414634146
			8.63414634146342	-6.60487804878049
			8.63414634146342	-6.59512195121951
			8.63414634146342	-6.58536585365854
			8.63414634146342	-6.57560975609756
			8.63414634146342	-6.56585365853658
			8.62439024390244	-6.55609756097561
			8.62439024390244	-6.54634146341463
			8.62439024390244	-6.53658536585366
			8.62439024390244	-6.52682926829268
			8.62439024390244	-6.51707317073171
			8.62439024390244	-6.50731707317073
			8.61463414634146	-6.50731707317073
			8.61463414634146	-6.49756097560976
			8.61463414634146	-6.48780487804878
			8.61463414634146	-6.47804878048781
			8.61463414634146	-6.46829268292683
			8.61463414634146	-6.45853658536585
			8.60487804878049	-6.44878048780488
			8.60487804878049	-6.4390243902439
			8.60487804878049	-6.42926829268293
			8.60487804878049	-6.41951219512195
			8.60487804878049	-6.40975609756098
			8.59512195121951	-6.4
			8.59512195121951	-6.39024390243902
			8.59512195121951	-6.38048780487805
			8.59512195121951	-6.37073170731707
			8.59512195121951	-6.3609756097561
			8.59512195121951	-6.35121951219512
			8.58536585365854	-6.34146341463415
			8.58536585365854	-6.33170731707317
			8.58536585365854	-6.3219512195122
			8.58536585365854	-6.31219512195122
			8.58536585365854	-6.30243902439024
			8.57560975609756	-6.29268292682927
			8.57560975609756	-6.28292682926829
			8.57560975609756	-6.27317073170732
			8.57560975609756	-6.26341463414634
			8.57560975609756	-6.25365853658537
			8.56585365853659	-6.24390243902439
			8.56585365853659	-6.23414634146341
			8.56585365853659	-6.22439024390244
			8.56585365853659	-6.21463414634146
			8.56585365853659	-6.20487804878049
			8.55609756097561	-6.19512195121951
			8.55609756097561	-6.18536585365854
			8.55609756097561	-6.17560975609756
			8.55609756097561	-6.16585365853659
			8.55609756097561	-6.15609756097561
			8.54634146341463	-6.14634146341463
			8.54634146341463	-6.13658536585366
			8.54634146341463	-6.12682926829268
			8.54634146341463	-6.11707317073171
			8.54634146341463	-6.10731707317073
			8.53658536585366	-6.09756097560976
			8.53658536585366	-6.08780487804878
			8.53658536585366	-6.0780487804878
			8.53658536585366	-6.06829268292683
			8.53658536585366	-6.05853658536585
			8.52682926829268	-6.04878048780488
			8.52682926829268	-6.0390243902439
			8.52682926829268	-6.02926829268293
			8.52682926829268	-6.01951219512195
			8.52682926829268	-6.00975609756098
			8.51707317073171	-6
			8.51707317073171	-5.99024390243902
			8.51707317073171	-5.98048780487805
			8.51707317073171	-5.97073170731707
			8.50731707317073	-5.9609756097561
			8.50731707317073	-5.95121951219512
			8.50731707317073	-5.94146341463415
			8.50731707317073	-5.93170731707317
			8.50731707317073	-5.9219512195122
			8.50731707317073	-5.91219512195122
			8.49756097560976	-5.91219512195122
			8.49756097560976	-5.90243902439024
			8.49756097560976	-5.89268292682927
			8.49756097560976	-5.88292682926829
			8.49756097560976	-5.87317073170732
			8.48780487804878	-5.86341463414634
			8.48780487804878	-5.85365853658537
			8.48780487804878	-5.84390243902439
			8.48780487804878	-5.83414634146341
			8.48780487804878	-5.82439024390244
			8.47804878048781	-5.81463414634146
			8.47804878048781	-5.80487804878049
			8.47804878048781	-5.79512195121951
			8.47804878048781	-5.78536585365854
			8.47804878048781	-5.77560975609756
			8.46829268292683	-5.76585365853659
			8.46829268292683	-5.75609756097561
			8.46829268292683	-5.74634146341463
			8.46829268292683	-5.73658536585366
			8.45853658536585	-5.72682926829268
			8.45853658536585	-5.71707317073171
			8.45853658536585	-5.70731707317073
			8.45853658536585	-5.69756097560976
			8.44878048780488	-5.68780487804878
			8.44878048780488	-5.6780487804878
			8.44878048780488	-5.66829268292683
			8.44878048780488	-5.65853658536585
			8.44878048780488	-5.64878048780488
			8.44878048780488	-5.6390243902439
			8.4390243902439	-5.6390243902439
			8.4390243902439	-5.62926829268293
			8.4390243902439	-5.61951219512195
			8.4390243902439	-5.60975609756098
			8.4390243902439	-5.6
			8.42926829268293	-5.6
			8.42926829268293	-5.59024390243902
			8.42926829268293	-5.58048780487805
			8.42926829268293	-5.57073170731707
			8.42926829268293	-5.5609756097561
			8.42926829268293	-5.55121951219512
			8.41951219512195	-5.55121951219512
			8.41951219512195	-5.54146341463415
			8.41951219512195	-5.53170731707317
			8.41951219512195	-5.52195121951219
			8.41951219512195	-5.51219512195122
			8.40975609756098	-5.50243902439024
			8.40975609756098	-5.49268292682927
			8.40975609756098	-5.48292682926829
			8.40975609756098	-5.47317073170732
			8.4	-5.46341463414634
			8.4	-5.45365853658537
			8.4	-5.44390243902439
			8.4	-5.43414634146342
			8.4	-5.42439024390244
			8.39024390243902	-5.41463414634146
			8.39024390243902	-5.40487804878049
			8.39024390243902	-5.39512195121951
			8.39024390243902	-5.38536585365854
			8.38048780487805	-5.37560975609756
			8.38048780487805	-5.36585365853659
			8.38048780487805	-5.35609756097561
			8.38048780487805	-5.34634146341463
			8.37073170731707	-5.33658536585366
			8.37073170731707	-5.32682926829268
			8.37073170731707	-5.31707317073171
			8.37073170731707	-5.30731707317073
			8.37073170731707	-5.29756097560976
			8.3609756097561	-5.28780487804878
			8.3609756097561	-5.27804878048781
			8.3609756097561	-5.26829268292683
			8.3609756097561	-5.25853658536585
			8.35121951219512	-5.24878048780488
			8.35121951219512	-5.2390243902439
			8.35121951219512	-5.22926829268293
			8.35121951219512	-5.21951219512195
			8.35121951219512	-5.20975609756098
			8.34146341463415	-5.2
			8.34146341463415	-5.19024390243902
			8.34146341463415	-5.18048780487805
			8.34146341463415	-5.17073170731707
			8.33170731707317	-5.1609756097561
			8.33170731707317	-5.15121951219512
			8.33170731707317	-5.14146341463415
			8.33170731707317	-5.13170731707317
			8.3219512195122	-5.1219512195122
			8.3219512195122	-5.11219512195122
			8.3219512195122	-5.10243902439024
			8.3219512195122	-5.09268292682927
			8.31219512195122	-5.08292682926829
			8.31219512195122	-5.07317073170732
			8.31219512195122	-5.06341463414634
			8.31219512195122	-5.05365853658537
			8.31219512195122	-5.04390243902439
			8.30243902439024	-5.03414634146341
			8.30243902439024	-5.02439024390244
			8.30243902439024	-5.01463414634146
			8.30243902439024	-5.00487804878049
			8.29268292682927	-4.99512195121951
			8.29268292682927	-4.98536585365854
			8.29268292682927	-4.97560975609756
			8.29268292682927	-4.96585365853659
			8.29268292682927	-4.95609756097561
			8.28292682926829	-4.94634146341463
			8.28292682926829	-4.93658536585366
			8.28292682926829	-4.92682926829268
			8.28292682926829	-4.91707317073171
			8.27317073170732	-4.90731707317073
			8.27317073170732	-4.89756097560976
			8.27317073170732	-4.88780487804878
			8.26341463414634	-4.8780487804878
			8.26341463414634	-4.86829268292683
			8.26341463414634	-4.85853658536585
			8.26341463414634	-4.84878048780488
			8.26341463414634	-4.8390243902439
			8.25365853658537	-4.82926829268293
			8.25365853658537	-4.81951219512195
			8.25365853658537	-4.80975609756098
			8.25365853658537	-4.8
			8.24390243902439	-4.79024390243902
			8.24390243902439	-4.78048780487805
			8.24390243902439	-4.77073170731707
			8.24390243902439	-4.7609756097561
			8.23414634146341	-4.75121951219512
			8.23414634146341	-4.74146341463415
			8.23414634146341	-4.73170731707317
			8.23414634146341	-4.72195121951219
			8.22439024390244	-4.71219512195122
			8.22439024390244	-4.70243902439024
			8.22439024390244	-4.69268292682927
			8.22439024390244	-4.68292682926829
			8.21463414634146	-4.67317073170732
			8.21463414634146	-4.66341463414634
			8.21463414634146	-4.65365853658537
			8.21463414634146	-4.64390243902439
			8.20487804878049	-4.63414634146341
			8.20487804878049	-4.62439024390244
			8.20487804878049	-4.61463414634146
			8.20487804878049	-4.60487804878049
			8.19512195121951	-4.59512195121951
			8.19512195121951	-4.58536585365854
			8.19512195121951	-4.57560975609756
			8.19512195121951	-4.56585365853658
			8.19512195121951	-4.55609756097561
			8.18536585365854	-4.54634146341463
			8.18536585365854	-4.53658536585366
			8.18536585365854	-4.52682926829268
			8.17560975609756	-4.51707317073171
			8.17560975609756	-4.50731707317073
			8.17560975609756	-4.49756097560976
			8.17560975609756	-4.48780487804878
			8.16585365853659	-4.47804878048781
			8.16585365853659	-4.46829268292683
			8.16585365853659	-4.45853658536585
			8.16585365853659	-4.44878048780488
			8.16585365853659	-4.4390243902439
			8.15609756097561	-4.4390243902439
			8.15609756097561	-4.42926829268293
			8.15609756097561	-4.41951219512195
			8.15609756097561	-4.40975609756098
			8.15609756097561	-4.4
			8.14634146341463	-4.4
			8.14634146341463	-4.39024390243902
			8.14634146341463	-4.38048780487805
			8.14634146341463	-4.37073170731707
			8.14634146341463	-4.3609756097561
			8.13658536585366	-4.3609756097561
			8.13658536585366	-4.35121951219512
			8.13658536585366	-4.34146341463415
			8.13658536585366	-4.33170731707317
			8.13658536585366	-4.3219512195122
			8.12682926829268	-4.31219512195122
			8.12682926829268	-4.30243902439024
			8.12682926829268	-4.29268292682927
			8.11707317073171	-4.28292682926829
			8.11707317073171	-4.27317073170732
			8.11707317073171	-4.26341463414634
			8.11707317073171	-4.25365853658537
			8.11707317073171	-4.24390243902439
			8.10731707317073	-4.23414634146341
			8.10731707317073	-4.22439024390244
			8.10731707317073	-4.21463414634146
			8.10731707317073	-4.20487804878049
			8.09756097560976	-4.19512195121951
			8.09756097560976	-4.18536585365854
			8.09756097560976	-4.17560975609756
			8.09756097560976	-4.16585365853659
			8.08780487804878	-4.15609756097561
			8.08780487804878	-4.14634146341463
			8.08780487804878	-4.13658536585366
			8.08780487804878	-4.12682926829268
			8.0780487804878	-4.11707317073171
			8.0780487804878	-4.10731707317073
			8.0780487804878	-4.09756097560976
			8.06829268292683	-4.08780487804878
			8.06829268292683	-4.0780487804878
			8.06829268292683	-4.06829268292683
			8.06829268292683	-4.05853658536585
			8.05853658536585	-4.04878048780488
			8.05853658536585	-4.0390243902439
			8.05853658536585	-4.02926829268293
			8.05853658536585	-4.01951219512195
			8.04878048780488	-4.00975609756098
			8.04878048780488	-4
			8.04878048780488	-3.99024390243902
			8.04878048780488	-3.98048780487805
			8.0390243902439	-3.97073170731707
			8.0390243902439	-3.9609756097561
			8.0390243902439	-3.95121951219512
			8.0390243902439	-3.94146341463415
			8.02926829268293	-3.93170731707317
			8.02926829268293	-3.9219512195122
			8.02926829268293	-3.91219512195122
			8.02926829268293	-3.90243902439024
			8.01951219512195	-3.89268292682927
			8.01951219512195	-3.88292682926829
			8.01951219512195	-3.87317073170732
			8.01951219512195	-3.86341463414634
			8.00975609756098	-3.85365853658537
			8.00975609756098	-3.84390243902439
			8.00975609756098	-3.83414634146341
			8	-3.82439024390244
			8	-3.81463414634146
			8	-3.80487804878049
			8	-3.79512195121951
			7.99024390243902	-3.78536585365854
			7.99024390243902	-3.77560975609756
			7.99024390243902	-3.76585365853659
			7.99024390243902	-3.75609756097561
			7.98048780487805	-3.74634146341463
			7.98048780487805	-3.73658536585366
			7.98048780487805	-3.72682926829268
			7.98048780487805	-3.71707317073171
			7.97073170731707	-3.70731707317073
			7.97073170731707	-3.69756097560976
			7.97073170731707	-3.68780487804878
			7.9609756097561	-3.67804878048781
			7.9609756097561	-3.66829268292683
			7.9609756097561	-3.65853658536585
			7.9609756097561	-3.64878048780488
			7.95121951219512	-3.6390243902439
			7.95121951219512	-3.62926829268293
			7.95121951219512	-3.61951219512195
		</posterior>
	</curves.scaled>
	<ruler.points type=matrix rownames=TRUE colnames=FALSE nrow=2 ncol=2 as.numeric=TRUE >
		Ruler point 1	146	822
		Ruler point 2	146	1027
	</ruler.points>
</shapes>

