<shapes type=list>
	<ruler.pixel type=vector names=FALSE length=1 as.numeric=TRUE >2820</ruler.pixel>
	<ruler.interval type=vector names=FALSE length=1 as.numeric=TRUE >10</ruler.interval>
	<scaling.units type=vector names=FALSE length=1 as.numeric=FALSE >mm</scaling.units>
	<scaling type=vector names=FALSE length=1 as.numeric=TRUE >0.00354609929078014</scaling>
	<landmarks.pixel type=matrix rownames=TRUE colnames=FALSE nrow=16 ncol=2 as.numeric=TRUE >
		LM1	662	416
		LM2	662	946
		LM3	662	2263
		LM4	662	2451
		LM5	1310	1429
		LM6	1295	2195
		LM7	1305	2271
		LM8	1664	1136
		LM9	1749	1429
		LM10	662	416
		LM11	2949	2281
		LM12	3072	2442
		LM13	662	416
		LM14	1777	1240
		LM15	3432	2451
		LM16	3734	3861
	</landmarks.pixel>
	<landmarks.scaled type=matrix rownames=TRUE colnames=FALSE nrow=16 ncol=2 as.numeric=TRUE >
		LM1	2.34751773049645	-1.47517730496454
		LM2	2.34751773049645	-3.35460992907801
		LM3	2.34751773049645	-8.02482269503546
		LM4	2.34751773049645	-8.69148936170213
		LM5	4.64539007092199	-5.06737588652482
		LM6	4.59219858156028	-7.78368794326241
		LM7	4.62765957446809	-8.0531914893617
		LM8	5.90070921985816	-4.02836879432624
		LM9	6.20212765957447	-5.06737588652482
		LM10	2.34751773049645	-1.47517730496454
		LM11	10.4574468085106	-8.0886524822695
		LM12	10.8936170212766	-8.65957446808511
		LM13	2.34751773049645	-1.47517730496454
		LM14	6.30141843971631	-4.39716312056738
		LM15	12.1702127659574	-8.69148936170213
		LM16	13.241134751773	-13.6914893617021
	</landmarks.scaled>
	<curves.control type=list>
		<glabella type=matrix rownames=FALSE colnames=FALSE nrow=5 ncol=2 as.numeric=TRUE >
			662	946
			860	937
			1059	1022
			1437	1173
			1305	2271
		</glabella>
		<suture type=matrix rownames=FALSE colnames=FALSE nrow=13 ncol=2 as.numeric=TRUE >
			662	416
			813	397
			1276	379
			1806	520
			1702	681
			1702	899
			1664	1145
			1843	1211
			1749	1419
			1881	1533
			2827	2129
			2997	2243
			3072	2442
		</suture>
		<anterior type=matrix rownames=FALSE colnames=FALSE nrow=5 ncol=2 as.numeric=TRUE >
			662	416
			822	388
			1295	379
			2789	511
			3432	2451
		</anterior>
		<posterior type=matrix rownames=FALSE colnames=FALSE nrow=11 ncol=2 as.numeric=TRUE >
			662	2451
			898	2442
			1314	2271
			3063	2451
			3214	2451
			3328	2517
			3441	2669
			3668	3568
			3743	3965
			3753	3549
			3432	2451
		</posterior>
	</curves.control>
	<curves.pixel type=list>
		<glabella type=matrix rownames=FALSE colnames=FALSE nrow=1717 ncol=2 as.numeric=TRUE >
			662	946
			663	946
			664	946
			665	946
			666	946
			667	946
			668	946
			669	946
			670	946
			671	946
			672	946
			673	946
			674	946
			675	946
			676	945
			677	945
			678	945
			679	945
			680	945
			681	945
			682	945
			683	945
			684	945
			685	945
			686	945
			687	945
			688	945
			689	945
			690	945
			691	945
			692	945
			693	945
			694	945
			695	945
			696	945
			697	945
			698	945
			699	945
			700	945
			701	945
			702	945
			703	945
			704	945
			705	945
			706	945
			707	945
			708	945
			709	945
			710	945
			711	945
			712	945
			713	945
			714	945
			715	945
			716	945
			717	945
			718	945
			719	945
			720	945
			721	945
			722	945
			723	945
			724	945
			725	946
			726	946
			727	946
			728	946
			729	946
			730	946
			731	946
			732	946
			733	946
			734	946
			735	946
			736	946
			737	946
			738	946
			739	946
			740	946
			741	946
			742	946
			743	946
			744	946
			745	946
			746	946
			747	946
			748	947
			749	947
			750	947
			751	947
			752	947
			753	947
			754	947
			755	947
			756	947
			757	947
			758	947
			759	947
			760	947
			761	947
			762	947
			763	948
			764	948
			765	948
			766	948
			767	948
			768	948
			769	948
			770	948
			771	948
			772	948
			773	948
			774	948
			775	948
			776	949
			777	949
			778	949
			779	949
			780	949
			781	949
			782	949
			783	949
			784	949
			785	949
			785	950
			786	950
			787	950
			788	950
			789	950
			790	950
			791	950
			792	950
			793	950
			794	950
			795	951
			796	951
			797	951
			798	951
			799	951
			800	951
			801	951
			802	951
			803	951
			804	952
			805	952
			806	952
			807	952
			808	952
			809	952
			810	952
			811	953
			812	953
			813	953
			814	953
			815	953
			816	953
			817	953
			818	954
			819	954
			820	954
			821	954
			822	954
			823	954
			824	954
			825	954
			826	955
			827	955
			828	955
			829	955
			830	955
			831	955
			832	956
			833	956
			834	956
			835	956
			836	956
			837	956
			838	956
			839	957
			840	957
			841	957
			842	957
			843	957
			844	958
			845	958
			846	958
			847	958
			848	958
			849	958
			850	959
			851	959
			852	959
			853	959
			854	959
			855	959
			856	960
			857	960
			858	960
			859	960
			860	960
			861	961
			862	961
			863	961
			864	961
			865	961
			866	962
			867	962
			868	962
			869	962
			870	962
			871	963
			872	963
			873	963
			874	963
			875	964
			876	964
			877	964
			878	964
			879	964
			880	965
			881	965
			882	965
			883	965
			884	965
			885	966
			886	966
			887	966
			888	966
			889	967
			890	967
			891	967
			892	967
			893	967
			894	968
			895	968
			896	968
			897	968
			898	969
			899	969
			900	969
			901	969
			902	970
			903	970
			904	970
			905	970
			906	971
			907	971
			908	971
			909	971
			910	972
			911	972
			912	972
			913	972
			914	972
			915	973
			916	973
			917	973
			918	974
			919	974
			920	974
			921	974
			922	974
			922	975
			923	975
			924	975
			925	975
			926	976
			927	976
			928	976
			929	977
			930	977
			931	977
			932	977
			933	978
			934	978
			935	978
			936	978
			937	979
			938	979
			939	979
			940	980
			941	980
			942	980
			943	980
			944	981
			945	981
			946	981
			947	982
			948	982
			949	982
			950	982
			951	983
			952	983
			953	983
			954	984
			955	984
			956	984
			957	985
			958	985
			959	985
			960	985
			961	986
			962	986
			963	986
			964	987
			965	987
			966	987
			966	988
			967	988
			968	988
			969	988
			970	989
			971	989
			972	989
			973	990
			974	990
			975	990
			976	991
			977	991
			978	991
			979	992
			980	992
			981	992
			982	993
			983	993
			984	993
			985	994
			986	994
			987	994
			988	995
			989	995
			990	995
			991	996
			992	996
			993	996
			994	997
			995	997
			996	997
			997	998
			998	998
			999	998
			1000	999
			1001	999
			1002	1000
			1003	1000
			1004	1000
			1005	1001
			1006	1001
			1007	1001
			1008	1002
			1009	1002
			1010	1002
			1011	1003
			1012	1003
			1013	1003
			1014	1004
			1015	1004
			1015	1005
			1016	1005
			1017	1005
			1018	1006
			1019	1006
			1020	1006
			1021	1007
			1022	1007
			1023	1007
			1024	1008
			1025	1008
			1026	1009
			1027	1009
			1028	1009
			1029	1010
			1030	1010
			1031	1011
			1032	1011
			1033	1011
			1034	1012
			1035	1012
			1036	1012
			1037	1013
			1038	1013
			1039	1014
			1040	1014
			1041	1014
			1042	1015
			1043	1015
			1044	1016
			1045	1016
			1046	1016
			1047	1017
			1048	1017
			1049	1018
			1050	1018
			1051	1019
			1052	1019
			1053	1019
			1054	1020
			1055	1020
			1056	1021
			1057	1021
			1058	1022
			1059	1022
			1060	1023
			1061	1023
			1062	1023
			1063	1024
			1064	1024
			1065	1025
			1066	1025
			1067	1025
			1068	1026
			1069	1026
			1070	1027
			1071	1027
			1072	1027
			1073	1028
			1074	1028
			1075	1029
			1076	1030
			1077	1030
			1078	1030
			1078	1031
			1079	1031
			1080	1031
			1081	1032
			1082	1032
			1083	1033
			1084	1033
			1085	1034
			1086	1034
			1087	1035
			1088	1035
			1089	1036
			1090	1036
			1091	1037
			1092	1037
			1093	1038
			1094	1038
			1095	1039
			1096	1039
			1096	1040
			1097	1041
			1098	1041
			1099	1042
			1100	1042
			1101	1043
			1102	1043
			1103	1044
			1104	1044
			1105	1045
			1106	1045
			1106	1046
			1107	1047
			1108	1047
			1109	1048
			1110	1048
			1111	1049
			1112	1049
			1113	1050
			1114	1051
			1115	1051
			1115	1052
			1116	1052
			1117	1053
			1118	1054
			1119	1054
			1120	1055
			1121	1055
			1122	1056
			1123	1057
			1124	1058
			1125	1059
			1126	1059
			1127	1060
			1128	1061
			1129	1062
			1130	1062
			1131	1063
			1132	1064
			1133	1064
			1133	1065
			1134	1065
			1135	1066
			1136	1067
			1137	1067
			1138	1068
			1139	1069
			1140	1070
			1141	1071
			1142	1071
			1142	1072
			1143	1072
			1144	1073
			1144	1074
			1145	1074
			1146	1075
			1147	1075
			1147	1076
			1148	1077
			1149	1077
			1149	1078
			1150	1079
			1151	1079
			1152	1080
			1153	1081
			1154	1082
			1155	1083
			1156	1084
			1157	1085
			1158	1085
			1159	1086
			1159	1087
			1160	1088
			1161	1089
			1162	1089
			1163	1090
			1163	1091
			1164	1092
			1165	1093
			1166	1094
			1167	1094
			1167	1095
			1168	1096
			1169	1097
			1170	1098
			1171	1098
			1171	1099
			1172	1100
			1173	1101
			1174	1102
			1175	1103
			1175	1104
			1176	1104
			1177	1105
			1178	1106
			1179	1107
			1179	1108
			1180	1109
			1181	1110
			1182	1111
			1183	1112
			1184	1113
			1185	1114
			1185	1115
			1186	1115
			1186	1116
			1187	1117
			1188	1118
			1189	1119
			1190	1120
			1190	1121
			1191	1122
			1192	1123
			1193	1124
			1194	1125
			1194	1126
			1195	1127
			1196	1128
			1197	1129
			1198	1130
			1198	1131
			1199	1132
			1200	1133
			1201	1134
			1201	1135
			1202	1136
			1203	1137
			1204	1138
			1204	1139
			1205	1140
			1206	1141
			1207	1142
			1207	1143
			1208	1144
			1208	1145
			1209	1145
			1209	1146
			1209	1147
			1210	1147
			1210	1148
			1211	1149
			1212	1150
			1212	1151
			1213	1152
			1214	1153
			1214	1154
			1215	1155
			1215	1156
			1216	1156
			1216	1157
			1217	1158
			1217	1159
			1218	1159
			1218	1160
			1219	1161
			1219	1162
			1220	1163
			1221	1164
			1222	1165
			1222	1166
			1223	1167
			1223	1168
			1224	1169
			1225	1170
			1225	1171
			1226	1172
			1226	1173
			1227	1174
			1227	1175
			1228	1176
			1229	1177
			1229	1178
			1230	1179
			1230	1180
			1231	1181
			1231	1182
			1232	1183
			1233	1184
			1233	1185
			1234	1186
			1234	1187
			1235	1188
			1235	1189
			1236	1190
			1237	1191
			1237	1192
			1237	1193
			1238	1193
			1238	1194
			1238	1195
			1239	1195
			1239	1196
			1239	1197
			1240	1197
			1240	1198
			1241	1199
			1241	1200
			1242	1201
			1242	1202
			1242	1203
			1243	1203
			1243	1204
			1244	1205
			1244	1206
			1244	1207
			1245	1207
			1245	1208
			1245	1209
			1246	1210
			1247	1211
			1247	1212
			1248	1213
			1248	1214
			1248	1215
			1249	1216
			1249	1217
			1250	1218
			1250	1219
			1251	1220
			1251	1221
			1252	1222
			1252	1223
			1252	1224
			1253	1225
			1253	1226
			1254	1227
			1254	1228
			1255	1229
			1255	1230
			1256	1231
			1256	1232
			1256	1233
			1257	1234
			1257	1235
			1258	1236
			1258	1237
			1259	1238
			1259	1239
			1259	1240
			1260	1241
			1260	1242
			1261	1243
			1261	1244
			1262	1245
			1262	1246
			1262	1247
			1263	1248
			1263	1249
			1264	1250
			1264	1251
			1264	1252
			1265	1253
			1265	1254
			1266	1255
			1266	1256
			1266	1257
			1267	1258
			1267	1259
			1268	1260
			1268	1261
			1269	1262
			1269	1263
			1269	1264
			1270	1265
			1270	1266
			1270	1267
			1271	1268
			1271	1269
			1271	1270
			1272	1271
			1272	1272
			1272	1273
			1273	1274
			1273	1275
			1273	1276
			1274	1277
			1274	1278
			1274	1279
			1275	1280
			1275	1281
			1276	1282
			1276	1283
			1276	1284
			1277	1285
			1277	1286
			1277	1287
			1278	1288
			1278	1289
			1278	1290
			1279	1291
			1279	1292
			1279	1293
			1280	1294
			1280	1295
			1280	1296
			1281	1297
			1281	1298
			1281	1299
			1282	1300
			1282	1301
			1282	1302
			1283	1303
			1283	1304
			1283	1305
			1284	1306
			1284	1307
			1284	1308
			1285	1309
			1285	1310
			1285	1311
			1285	1312
			1286	1313
			1286	1314
			1286	1315
			1287	1316
			1287	1317
			1287	1318
			1288	1319
			1288	1320
			1288	1321
			1288	1322
			1289	1323
			1289	1324
			1289	1325
			1289	1326
			1290	1326
			1290	1327
			1290	1328
			1290	1329
			1291	1330
			1291	1331
			1291	1332
			1291	1333
			1292	1334
			1292	1335
			1292	1336
			1292	1337
			1293	1337
			1293	1338
			1293	1339
			1293	1340
			1294	1341
			1294	1342
			1294	1343
			1294	1344
			1295	1345
			1295	1346
			1295	1347
			1295	1348
			1296	1349
			1296	1350
			1296	1351
			1297	1352
			1297	1353
			1297	1354
			1297	1355
			1298	1356
			1298	1357
			1298	1358
			1298	1359
			1298	1360
			1299	1361
			1299	1362
			1299	1363
			1300	1364
			1300	1365
			1300	1366
			1300	1367
			1301	1368
			1301	1369
			1301	1370
			1301	1371
			1301	1372
			1302	1373
			1302	1374
			1302	1375
			1302	1376
			1303	1377
			1303	1378
			1303	1379
			1303	1380
			1304	1381
			1304	1382
			1304	1383
			1304	1384
			1304	1385
			1305	1386
			1305	1387
			1305	1388
			1305	1389
			1306	1390
			1306	1391
			1306	1392
			1306	1393
			1306	1394
			1307	1395
			1307	1396
			1307	1397
			1307	1398
			1307	1399
			1307	1400
			1308	1400
			1308	1401
			1308	1402
			1308	1403
			1308	1404
			1309	1405
			1309	1406
			1309	1407
			1309	1408
			1309	1409
			1309	1410
			1310	1410
			1310	1411
			1310	1412
			1310	1413
			1310	1414
			1311	1415
			1311	1416
			1311	1417
			1311	1418
			1311	1419
			1311	1420
			1312	1421
			1312	1422
			1312	1423
			1312	1424
			1312	1425
			1313	1426
			1313	1427
			1313	1428
			1313	1429
			1313	1430
			1314	1431
			1314	1432
			1314	1433
			1314	1434
			1314	1435
			1314	1436
			1315	1437
			1315	1438
			1315	1439
			1315	1440
			1315	1441
			1315	1442
			1316	1443
			1316	1444
			1316	1445
			1316	1446
			1316	1447
			1316	1448
			1317	1449
			1317	1450
			1317	1451
			1317	1452
			1317	1453
			1317	1454
			1318	1455
			1318	1456
			1318	1457
			1318	1458
			1318	1459
			1318	1460
			1318	1461
			1319	1462
			1319	1463
			1319	1464
			1319	1465
			1319	1466
			1319	1467
			1320	1468
			1320	1469
			1320	1470
			1320	1471
			1320	1472
			1320	1473
			1320	1474
			1321	1475
			1321	1476
			1321	1477
			1321	1478
			1321	1479
			1321	1480
			1321	1481
			1322	1482
			1322	1483
			1322	1484
			1322	1485
			1322	1486
			1322	1487
			1322	1488
			1323	1489
			1323	1490
			1323	1491
			1323	1492
			1323	1493
			1323	1494
			1323	1495
			1324	1496
			1324	1497
			1324	1498
			1324	1499
			1324	1500
			1324	1501
			1324	1502
			1324	1503
			1324	1504
			1325	1505
			1325	1506
			1325	1507
			1325	1508
			1325	1509
			1325	1510
			1325	1511
			1325	1512
			1326	1513
			1326	1514
			1326	1515
			1326	1516
			1326	1517
			1326	1518
			1326	1519
			1326	1520
			1327	1521
			1327	1522
			1327	1523
			1327	1524
			1327	1525
			1327	1526
			1327	1527
			1327	1528
			1327	1529
			1327	1530
			1328	1531
			1328	1532
			1328	1533
			1328	1534
			1328	1535
			1328	1536
			1328	1537
			1328	1538
			1328	1539
			1329	1540
			1329	1541
			1329	1542
			1329	1543
			1329	1544
			1329	1545
			1329	1546
			1329	1547
			1329	1548
			1330	1549
			1330	1550
			1330	1551
			1330	1552
			1330	1553
			1330	1554
			1330	1555
			1330	1556
			1330	1557
			1330	1558
			1330	1559
			1330	1560
			1331	1560
			1331	1561
			1331	1562
			1331	1563
			1331	1564
			1331	1565
			1331	1566
			1331	1567
			1331	1568
			1331	1569
			1331	1570
			1332	1571
			1332	1572
			1332	1573
			1332	1574
			1332	1575
			1332	1576
			1332	1577
			1332	1578
			1332	1579
			1332	1580
			1332	1581
			1332	1582
			1332	1583
			1333	1584
			1333	1585
			1333	1586
			1333	1587
			1333	1588
			1333	1589
			1333	1590
			1333	1591
			1333	1592
			1333	1593
			1333	1594
			1333	1595
			1333	1596
			1333	1597
			1334	1598
			1334	1599
			1334	1600
			1334	1601
			1334	1602
			1334	1603
			1334	1604
			1334	1605
			1334	1606
			1334	1607
			1334	1608
			1334	1609
			1334	1610
			1334	1611
			1335	1612
			1335	1613
			1335	1614
			1335	1615
			1335	1616
			1335	1617
			1335	1618
			1335	1619
			1335	1620
			1335	1621
			1335	1622
			1335	1623
			1335	1624
			1335	1625
			1335	1626
			1335	1627
			1336	1628
			1336	1629
			1336	1630
			1336	1631
			1336	1632
			1336	1633
			1336	1634
			1336	1635
			1336	1636
			1336	1637
			1336	1638
			1336	1639
			1336	1640
			1336	1641
			1336	1642
			1336	1643
			1336	1644
			1336	1645
			1336	1646
			1336	1647
			1337	1648
			1337	1649
			1337	1650
			1337	1651
			1337	1652
			1337	1653
			1337	1654
			1337	1655
			1337	1656
			1337	1657
			1337	1658
			1337	1659
			1337	1660
			1337	1661
			1337	1662
			1337	1663
			1337	1664
			1337	1665
			1337	1666
			1337	1667
			1337	1668
			1337	1669
			1337	1670
			1337	1671
			1337	1672
			1338	1673
			1338	1674
			1338	1675
			1338	1676
			1338	1677
			1338	1678
			1338	1679
			1338	1680
			1338	1681
			1338	1682
			1338	1683
			1338	1684
			1338	1685
			1338	1686
			1338	1687
			1338	1688
			1338	1689
			1338	1690
			1338	1691
			1338	1692
			1338	1693
			1338	1694
			1338	1695
			1338	1696
			1338	1697
			1338	1698
			1338	1699
			1338	1700
			1338	1701
			1338	1702
			1338	1703
			1338	1704
			1338	1705
			1339	1706
			1339	1707
			1339	1708
			1339	1709
			1339	1710
			1339	1711
			1339	1712
			1339	1713
			1339	1714
			1339	1715
			1339	1716
			1339	1717
			1339	1718
			1339	1719
			1339	1720
			1339	1721
			1339	1722
			1339	1723
			1339	1724
			1339	1725
			1339	1726
			1339	1727
			1339	1728
			1339	1729
			1339	1730
			1339	1731
			1339	1732
			1339	1733
			1339	1734
			1339	1735
			1339	1736
			1339	1737
			1339	1738
			1339	1739
			1339	1740
			1339	1741
			1339	1742
			1339	1743
			1339	1744
			1339	1745
			1339	1746
			1339	1747
			1339	1748
			1339	1749
			1339	1750
			1339	1751
			1339	1752
			1339	1753
			1339	1754
			1339	1755
			1339	1756
			1339	1757
			1339	1758
			1339	1759
			1339	1760
			1339	1761
			1339	1762
			1339	1763
			1339	1764
			1339	1765
			1339	1766
			1339	1767
			1339	1768
			1339	1769
			1339	1770
			1339	1771
			1339	1772
			1339	1773
			1339	1774
			1339	1775
			1339	1776
			1339	1777
			1339	1778
			1339	1779
			1339	1780
			1339	1781
			1339	1782
			1339	1783
			1339	1784
			1339	1785
			1339	1786
			1339	1787
			1339	1788
			1339	1789
			1339	1790
			1339	1791
			1339	1792
			1339	1793
			1339	1794
			1339	1795
			1339	1796
			1339	1797
			1339	1798
			1339	1799
			1339	1800
			1339	1801
			1339	1802
			1339	1803
			1339	1804
			1339	1805
			1339	1806
			1339	1807
			1339	1808
			1339	1809
			1339	1810
			1339	1811
			1339	1812
			1339	1813
			1339	1814
			1339	1815
			1339	1816
			1339	1817
			1339	1818
			1339	1819
			1339	1820
			1339	1821
			1339	1822
			1339	1823
			1339	1824
			1339	1825
			1339	1826
			1339	1827
			1339	1828
			1338	1829
			1338	1830
			1338	1831
			1338	1832
			1338	1833
			1338	1834
			1338	1835
			1338	1836
			1338	1837
			1338	1838
			1338	1839
			1338	1840
			1338	1841
			1338	1842
			1338	1843
			1338	1844
			1338	1845
			1338	1846
			1338	1847
			1338	1848
			1338	1849
			1338	1850
			1338	1851
			1338	1852
			1338	1853
			1338	1854
			1338	1855
			1338	1856
			1338	1857
			1338	1858
			1338	1859
			1338	1860
			1338	1861
			1338	1862
			1338	1863
			1338	1864
			1338	1865
			1338	1866
			1337	1867
			1337	1868
			1337	1869
			1337	1870
			1337	1871
			1337	1872
			1337	1873
			1337	1874
			1337	1875
			1337	1876
			1337	1877
			1337	1878
			1337	1879
			1337	1880
			1337	1881
			1337	1882
			1337	1883
			1337	1884
			1337	1885
			1337	1886
			1337	1887
			1337	1888
			1337	1889
			1337	1890
			1337	1891
			1337	1892
			1337	1893
			1337	1894
			1336	1895
			1336	1896
			1336	1897
			1336	1898
			1336	1899
			1336	1900
			1336	1901
			1336	1902
			1336	1903
			1336	1904
			1336	1905
			1336	1906
			1336	1907
			1336	1908
			1336	1909
			1336	1910
			1336	1911
			1336	1912
			1336	1913
			1336	1914
			1336	1915
			1336	1916
			1336	1917
			1335	1918
			1335	1919
			1335	1920
			1335	1921
			1335	1922
			1335	1923
			1335	1924
			1335	1925
			1335	1926
			1335	1927
			1335	1928
			1335	1929
			1335	1930
			1335	1931
			1335	1932
			1335	1933
			1335	1934
			1335	1935
			1335	1936
			1335	1937
			1335	1938
			1334	1939
			1334	1940
			1334	1941
			1334	1942
			1334	1943
			1334	1944
			1334	1945
			1334	1946
			1334	1947
			1334	1948
			1334	1949
			1334	1950
			1334	1951
			1334	1952
			1334	1953
			1334	1954
			1334	1955
			1334	1956
			1333	1957
			1333	1958
			1333	1959
			1333	1960
			1333	1961
			1333	1962
			1333	1963
			1333	1964
			1333	1965
			1333	1966
			1333	1967
			1333	1968
			1333	1969
			1333	1970
			1333	1971
			1333	1972
			1333	1973
			1332	1974
			1332	1975
			1332	1976
			1332	1977
			1332	1978
			1332	1979
			1332	1980
			1332	1981
			1332	1982
			1332	1983
			1332	1984
			1332	1985
			1332	1986
			1332	1987
			1332	1988
			1332	1989
			1331	1990
			1331	1991
			1331	1992
			1331	1993
			1331	1994
			1331	1995
			1331	1996
			1331	1997
			1331	1998
			1331	1999
			1331	2000
			1331	2001
			1331	2002
			1331	2003
			1331	2004
			1330	2005
			1330	2006
			1330	2007
			1330	2008
			1330	2009
			1330	2010
			1330	2011
			1330	2012
			1330	2013
			1330	2014
			1330	2015
			1330	2016
			1330	2017
			1330	2018
			1329	2019
			1329	2020
			1329	2021
			1329	2022
			1329	2023
			1329	2024
			1329	2025
			1329	2026
			1329	2027
			1329	2028
			1329	2029
			1329	2030
			1329	2031
			1329	2032
			1328	2033
			1328	2034
			1328	2035
			1328	2036
			1328	2037
			1328	2038
			1328	2039
			1328	2040
			1328	2041
			1328	2042
			1328	2043
			1328	2044
			1328	2045
			1327	2046
			1327	2047
			1327	2048
			1327	2049
			1327	2050
			1327	2051
			1327	2052
			1327	2053
			1327	2054
			1327	2055
			1327	2056
			1327	2057
			1327	2058
			1326	2058
			1326	2059
			1326	2060
			1326	2061
			1326	2062
			1326	2063
			1326	2064
			1326	2065
			1326	2066
			1326	2067
			1326	2068
			1326	2069
			1326	2070
			1325	2071
			1325	2072
			1325	2073
			1325	2074
			1325	2075
			1325	2076
			1325	2077
			1325	2078
			1325	2079
			1325	2080
			1325	2081
			1325	2082
			1324	2083
			1324	2084
			1324	2085
			1324	2086
			1324	2087
			1324	2088
			1324	2089
			1324	2090
			1324	2091
			1324	2092
			1324	2093
			1323	2094
			1323	2095
			1323	2096
			1323	2097
			1323	2098
			1323	2099
			1323	2100
			1323	2101
			1323	2102
			1323	2103
			1323	2104
			1323	2105
			1322	2106
			1322	2107
			1322	2108
			1322	2109
			1322	2110
			1322	2111
			1322	2112
			1322	2113
			1322	2114
			1322	2115
			1322	2116
			1321	2117
			1321	2118
			1321	2119
			1321	2120
			1321	2121
			1321	2122
			1321	2123
			1321	2124
			1321	2125
			1321	2126
			1320	2127
			1320	2128
			1320	2129
			1320	2130
			1320	2131
			1320	2132
			1320	2133
			1320	2134
			1320	2135
			1320	2136
			1320	2137
			1319	2138
			1319	2139
			1319	2140
			1319	2141
			1319	2142
			1319	2143
			1319	2144
			1319	2145
			1319	2146
			1319	2147
			1318	2148
			1318	2149
			1318	2150
			1318	2151
			1318	2152
			1318	2153
			1318	2154
			1318	2155
			1318	2156
			1318	2157
			1317	2158
			1317	2159
			1317	2160
			1317	2161
			1317	2162
			1317	2163
			1317	2164
			1317	2165
			1317	2166
			1317	2167
			1316	2168
			1316	2169
			1316	2170
			1316	2171
			1316	2172
			1316	2173
			1316	2174
			1316	2175
			1316	2176
			1315	2177
			1315	2178
			1315	2179
			1315	2180
			1315	2181
			1315	2182
			1315	2183
			1315	2184
			1315	2185
			1315	2186
			1314	2187
			1314	2188
			1314	2189
			1314	2190
			1314	2191
			1314	2192
			1314	2193
			1314	2194
			1314	2195
			1314	2196
			1313	2196
			1313	2197
			1313	2198
			1313	2199
			1313	2200
			1313	2201
			1313	2202
			1313	2203
			1313	2204
			1313	2205
			1312	2206
			1312	2207
			1312	2208
			1312	2209
			1312	2210
			1312	2211
			1312	2212
			1312	2213
			1312	2214
			1311	2215
			1311	2216
			1311	2217
			1311	2218
			1311	2219
			1311	2220
			1311	2221
			1311	2222
			1311	2223
			1311	2224
			1310	2225
			1310	2226
			1310	2227
			1310	2228
			1310	2229
			1310	2230
			1310	2231
			1310	2232
			1309	2233
			1309	2234
			1309	2235
			1309	2236
			1309	2237
			1309	2238
			1309	2239
			1309	2240
			1309	2241
			1308	2242
			1308	2243
			1308	2244
			1308	2245
			1308	2246
			1308	2247
			1308	2248
			1308	2249
			1307	2250
			1307	2251
			1307	2252
			1307	2253
			1307	2254
			1307	2255
			1307	2256
			1307	2257
			1307	2258
			1306	2259
			1306	2260
			1306	2261
			1306	2262
			1306	2263
			1306	2264
			1306	2265
			1306	2266
			1305	2267
			1305	2268
			1305	2269
			1305	2270
			1305	2271
		</glabella>
		<suture type=matrix rownames=FALSE colnames=FALSE nrow=3441 ncol=2 as.numeric=TRUE >
			662	416
			663	416
			664	416
			665	416
			666	416
			667	415
			668	415
			669	415
			670	415
			671	415
			672	415
			673	415
			674	415
			675	414
			676	414
			677	414
			678	414
			679	414
			680	414
			681	414
			682	414
			683	414
			684	413
			685	413
			686	413
			687	413
			688	413
			689	413
			690	413
			691	413
			692	413
			693	412
			694	412
			695	412
			696	412
			697	412
			698	412
			699	412
			700	412
			701	412
			702	411
			703	411
			704	411
			705	411
			706	411
			707	411
			708	411
			709	411
			710	411
			711	411
			712	411
			713	410
			714	410
			715	410
			716	410
			717	410
			718	410
			719	410
			720	410
			721	410
			722	410
			723	410
			724	409
			725	409
			726	409
			727	409
			728	409
			729	409
			730	409
			731	409
			732	409
			733	409
			734	409
			735	408
			736	408
			737	408
			738	408
			739	408
			740	408
			741	408
			742	408
			743	408
			744	408
			745	408
			746	407
			747	407
			748	407
			749	407
			750	407
			751	407
			752	407
			753	407
			754	407
			755	407
			756	407
			757	407
			758	406
			759	406
			760	406
			761	406
			762	406
			763	406
			764	406
			765	406
			766	406
			767	406
			768	406
			769	406
			770	406
			771	405
			772	405
			773	405
			774	405
			775	405
			776	405
			777	405
			778	405
			779	405
			780	405
			781	405
			782	405
			783	405
			784	404
			785	404
			786	404
			787	404
			788	404
			789	404
			790	404
			791	404
			792	404
			793	404
			794	404
			795	404
			796	404
			797	403
			798	403
			799	403
			800	403
			801	403
			802	403
			803	403
			804	403
			805	403
			806	403
			807	403
			808	403
			809	403
			810	403
			811	402
			812	402
			813	402
			814	402
			815	402
			816	402
			817	402
			818	402
			819	402
			820	402
			821	402
			822	402
			823	402
			824	402
			825	401
			826	401
			827	401
			828	401
			829	401
			830	401
			831	401
			832	401
			833	401
			834	401
			835	401
			836	401
			837	401
			838	401
			839	401
			840	400
			841	400
			842	400
			843	400
			844	400
			845	400
			846	400
			847	400
			848	400
			849	400
			850	400
			851	400
			852	400
			853	400
			854	400
			855	399
			856	399
			857	399
			858	399
			859	399
			860	399
			861	399
			862	399
			863	399
			864	399
			865	399
			866	399
			867	399
			868	399
			869	399
			870	399
			871	398
			872	398
			873	398
			874	398
			875	398
			876	398
			877	398
			878	398
			879	398
			880	398
			881	398
			882	398
			883	398
			884	398
			885	398
			886	398
			887	397
			888	397
			889	397
			890	397
			891	397
			892	397
			893	397
			894	397
			895	397
			896	397
			897	397
			898	397
			899	397
			900	397
			901	397
			902	397
			903	397
			904	396
			905	396
			906	396
			907	396
			908	396
			909	396
			910	396
			911	396
			912	396
			913	396
			914	396
			915	396
			916	396
			917	396
			918	396
			919	396
			920	396
			921	395
			922	395
			923	395
			924	395
			925	395
			926	395
			927	395
			928	395
			929	395
			930	395
			931	395
			932	395
			933	395
			934	395
			935	395
			936	395
			937	395
			938	395
			939	394
			940	394
			941	394
			942	394
			943	394
			944	394
			945	394
			946	394
			947	394
			948	394
			949	394
			950	394
			951	394
			952	394
			953	394
			954	394
			955	394
			956	394
			957	393
			958	393
			959	393
			960	393
			961	393
			962	393
			963	393
			964	393
			965	393
			966	393
			967	393
			968	393
			969	393
			970	393
			971	393
			972	393
			973	393
			974	393
			975	393
			976	392
			977	392
			978	392
			979	392
			980	392
			981	392
			982	392
			983	392
			984	392
			985	392
			986	392
			987	392
			988	392
			989	392
			990	392
			991	392
			992	392
			993	392
			994	392
			995	391
			996	391
			997	391
			998	391
			999	391
			1000	391
			1001	391
			1002	391
			1003	391
			1004	391
			1005	391
			1006	391
			1007	391
			1008	391
			1009	391
			1010	391
			1011	391
			1012	391
			1013	391
			1014	391
			1015	390
			1016	390
			1017	390
			1018	390
			1019	390
			1020	390
			1021	390
			1022	390
			1023	390
			1024	390
			1025	390
			1026	390
			1027	390
			1028	390
			1029	390
			1030	390
			1031	390
			1032	390
			1033	390
			1034	390
			1035	389
			1036	389
			1037	389
			1038	389
			1039	389
			1040	389
			1041	389
			1042	389
			1043	389
			1044	389
			1045	389
			1046	389
			1047	389
			1048	389
			1049	389
			1050	389
			1051	389
			1052	389
			1053	389
			1054	389
			1055	388
			1056	388
			1057	388
			1058	388
			1059	388
			1060	388
			1061	388
			1062	388
			1063	388
			1064	388
			1065	388
			1066	388
			1067	388
			1068	388
			1069	388
			1070	388
			1071	388
			1072	388
			1073	388
			1074	388
			1075	388
			1076	387
			1077	387
			1078	387
			1079	387
			1080	387
			1081	387
			1082	387
			1083	387
			1084	387
			1085	387
			1086	387
			1087	387
			1088	387
			1089	387
			1090	387
			1091	387
			1092	387
			1093	387
			1094	387
			1095	387
			1096	387
			1097	387
			1098	386
			1099	386
			1100	386
			1101	386
			1102	386
			1103	386
			1104	386
			1105	386
			1106	386
			1107	386
			1108	386
			1109	386
			1110	386
			1111	386
			1112	386
			1113	386
			1114	386
			1115	386
			1116	386
			1117	386
			1118	386
			1119	386
			1120	386
			1121	385
			1122	385
			1123	385
			1124	385
			1125	385
			1126	385
			1127	385
			1128	385
			1129	385
			1130	385
			1131	385
			1132	385
			1133	385
			1134	385
			1135	385
			1136	385
			1137	385
			1138	385
			1139	385
			1140	385
			1141	385
			1142	385
			1143	384
			1144	384
			1145	384
			1146	384
			1147	384
			1148	384
			1149	384
			1150	384
			1151	384
			1152	384
			1153	384
			1154	384
			1155	384
			1156	384
			1157	384
			1158	384
			1159	384
			1160	384
			1161	384
			1162	384
			1163	384
			1164	384
			1165	384
			1166	383
			1167	383
			1168	383
			1169	383
			1170	383
			1171	383
			1172	383
			1173	383
			1174	383
			1175	383
			1176	383
			1177	383
			1178	383
			1179	383
			1180	383
			1181	383
			1182	383
			1183	383
			1184	383
			1185	383
			1186	383
			1187	383
			1188	383
			1189	383
			1190	382
			1191	382
			1192	382
			1193	382
			1194	382
			1195	382
			1196	382
			1197	382
			1198	382
			1199	382
			1200	382
			1201	382
			1202	382
			1203	382
			1204	382
			1205	382
			1206	382
			1207	382
			1208	382
			1209	382
			1210	382
			1211	382
			1212	382
			1213	382
			1214	381
			1215	381
			1216	381
			1217	381
			1218	381
			1219	381
			1220	381
			1221	381
			1222	381
			1223	381
			1224	381
			1225	381
			1226	381
			1227	381
			1228	381
			1229	381
			1230	381
			1231	381
			1232	381
			1233	381
			1234	381
			1235	381
			1236	381
			1237	381
			1238	381
			1239	380
			1240	380
			1241	380
			1242	380
			1243	380
			1244	380
			1245	380
			1246	380
			1247	380
			1248	380
			1249	380
			1250	380
			1251	380
			1252	380
			1253	380
			1254	380
			1255	380
			1256	380
			1257	380
			1258	380
			1259	380
			1260	380
			1261	380
			1262	380
			1263	380
			1264	379
			1265	379
			1266	379
			1267	379
			1268	379
			1269	379
			1270	379
			1271	379
			1272	379
			1273	379
			1274	379
			1275	379
			1276	379
			1277	379
			1278	380
			1279	380
			1280	380
			1281	380
			1282	380
			1282	381
			1283	381
			1284	381
			1285	381
			1286	382
			1287	382
			1288	382
			1289	382
			1290	383
			1291	383
			1292	383
			1293	384
			1294	384
			1295	384
			1296	384
			1297	385
			1298	385
			1299	385
			1300	385
			1301	386
			1302	386
			1303	386
			1304	387
			1305	387
			1306	387
			1307	387
			1308	388
			1309	388
			1310	388
			1311	388
			1311	389
			1312	389
			1313	389
			1314	389
			1315	390
			1316	390
			1317	390
			1318	390
			1319	391
			1320	391
			1321	391
			1322	392
			1323	392
			1324	392
			1325	393
			1326	393
			1327	393
			1328	393
			1329	394
			1330	394
			1331	394
			1332	394
			1333	395
			1334	395
			1335	395
			1336	396
			1337	396
			1338	396
			1339	396
			1340	397
			1341	397
			1342	397
			1343	398
			1344	398
			1345	398
			1346	399
			1347	399
			1348	399
			1349	399
			1350	400
			1351	400
			1352	400
			1353	401
			1354	401
			1355	401
			1356	401
			1357	402
			1358	402
			1359	402
			1360	403
			1361	403
			1362	403
			1363	403
			1364	404
			1365	404
			1366	404
			1367	405
			1368	405
			1369	405
			1370	406
			1371	406
			1372	406
			1373	407
			1374	407
			1375	407
			1376	407
			1377	408
			1378	408
			1379	408
			1380	409
			1381	409
			1382	409
			1383	410
			1384	410
			1385	410
			1386	411
			1387	411
			1388	411
			1389	411
			1390	412
			1391	412
			1392	412
			1392	413
			1393	413
			1394	413
			1395	414
			1396	414
			1397	414
			1398	414
			1399	415
			1400	415
			1401	415
			1402	416
			1403	416
			1404	416
			1405	417
			1406	417
			1407	417
			1408	418
			1409	418
			1410	418
			1411	418
			1411	419
			1412	419
			1413	419
			1414	420
			1415	420
			1416	420
			1417	421
			1418	421
			1419	421
			1420	422
			1421	422
			1422	422
			1423	422
			1424	423
			1425	423
			1426	423
			1427	424
			1428	424
			1429	424
			1429	425
			1430	425
			1431	425
			1432	426
			1433	426
			1434	426
			1435	427
			1436	427
			1437	427
			1438	427
			1439	428
			1440	428
			1441	429
			1442	429
			1443	429
			1444	430
			1445	430
			1446	430
			1447	431
			1448	431
			1449	431
			1450	432
			1451	432
			1452	432
			1453	433
			1454	433
			1455	433
			1456	434
			1457	434
			1458	434
			1459	435
			1460	435
			1461	436
			1462	436
			1463	436
			1464	437
			1465	437
			1466	437
			1467	438
			1468	438
			1469	439
			1470	439
			1471	439
			1472	440
			1473	440
			1474	440
			1475	441
			1476	441
			1477	441
			1477	442
			1478	442
			1479	442
			1480	443
			1481	443
			1482	443
			1483	444
			1484	444
			1485	444
			1486	445
			1487	445
			1488	446
			1489	446
			1490	447
			1491	447
			1492	447
			1493	448
			1494	448
			1495	448
			1496	449
			1497	449
			1498	449
			1499	450
			1500	450
			1501	450
			1502	451
			1503	451
			1503	452
			1504	452
			1505	452
			1506	453
			1507	453
			1508	453
			1509	454
			1510	454
			1511	455
			1512	455
			1513	456
			1514	456
			1515	456
			1516	457
			1517	457
			1518	457
			1519	458
			1520	458
			1521	459
			1522	459
			1523	459
			1523	460
			1524	460
			1525	460
			1526	461
			1527	461
			1528	462
			1529	462
			1530	463
			1531	463
			1532	463
			1533	464
			1534	464
			1535	465
			1536	465
			1537	466
			1538	466
			1539	466
			1540	467
			1541	467
			1542	468
			1543	468
			1544	469
			1545	469
			1546	470
			1547	470
			1548	470
			1549	471
			1550	471
			1551	472
			1552	472
			1553	473
			1554	473
			1555	474
			1556	474
			1557	474
			1558	475
			1559	475
			1560	476
			1561	476
			1562	477
			1563	477
			1564	477
			1565	478
			1566	478
			1567	479
			1568	480
			1569	480
			1570	481
			1571	481
			1572	481
			1573	482
			1574	483
			1575	483
			1576	483
			1577	484
			1578	484
			1579	485
			1580	485
			1581	486
			1582	486
			1583	487
			1584	487
			1585	488
			1586	489
			1587	489
			1588	490
			1589	490
			1590	490
			1590	491
			1591	491
			1592	491
			1592	492
			1593	492
			1594	492
			1594	493
			1595	493
			1596	494
			1597	494
			1598	495
			1599	495
			1600	496
			1601	496
			1602	497
			1603	498
			1604	498
			1605	499
			1606	499
			1607	500
			1608	500
			1609	500
			1609	501
			1610	501
			1611	502
			1612	502
			1613	503
			1614	503
			1614	504
			1615	504
			1616	505
			1617	505
			1618	506
			1619	507
			1620	507
			1621	508
			1622	508
			1623	509
			1624	510
			1625	510
			1626	511
			1627	511
			1628	512
			1629	513
			1630	513
			1631	514
			1632	515
			1633	516
			1634	516
			1635	516
			1635	517
			1636	517
			1637	518
			1638	518
			1639	519
			1640	520
			1641	521
			1642	521
			1643	522
			1644	523
			1645	523
			1646	524
			1647	524
			1648	525
			1648	526
			1649	526
			1650	527
			1651	527
			1652	528
			1653	529
			1654	530
			1655	531
			1656	531
			1657	532
			1658	533
			1659	534
			1660	534
			1661	535
			1662	536
			1663	536
			1664	537
			1664	538
			1665	539
			1666	539
			1667	540
			1668	541
			1669	542
			1670	542
			1671	543
			1671	544
			1672	544
			1673	545
			1674	546
			1675	547
			1676	548
			1677	549
			1678	550
			1679	551
			1680	552
			1681	553
			1682	553
			1683	554
			1684	555
			1684	556
			1685	557
			1686	558
			1687	559
			1688	560
			1689	560
			1689	561
			1690	562
			1691	563
			1692	564
			1692	565
			1693	566
			1694	567
			1695	568
			1696	569
			1697	570
			1698	571
			1698	572
			1699	573
			1699	574
			1700	574
			1700	575
			1701	576
			1702	577
			1702	578
			1703	579
			1703	580
			1704	581
			1705	582
			1705	583
			1706	584
			1707	585
			1707	586
			1708	587
			1708	588
			1709	589
			1710	590
			1710	591
			1710	592
			1711	592
			1711	593
			1711	594
			1712	595
			1712	596
			1713	597
			1713	598
			1713	599
			1714	600
			1714	601
			1715	602
			1715	603
			1715	604
			1715	605
			1716	606
			1716	607
			1716	608
			1717	609
			1717	610
			1717	611
			1717	612
			1717	613
			1718	614
			1718	615
			1718	616
			1718	617
			1718	618
			1718	619
			1719	620
			1719	621
			1719	622
			1719	623
			1719	624
			1719	625
			1719	626
			1719	627
			1719	628
			1719	629
			1719	630
			1719	631
			1719	632
			1719	633
			1719	634
			1719	635
			1719	636
			1719	637
			1718	638
			1718	639
			1718	640
			1718	641
			1718	642
			1718	643
			1717	644
			1717	645
			1717	646
			1717	647
			1717	648
			1717	649
			1716	649
			1716	650
			1716	651
			1716	652
			1715	653
			1715	654
			1715	655
			1714	656
			1714	657
			1714	658
			1713	659
			1713	660
			1713	661
			1712	662
			1712	663
			1711	664
			1711	665
			1710	666
			1710	667
			1709	668
			1709	669
			1708	670
			1708	671
			1707	672
			1707	673
			1706	674
			1706	675
			1705	676
			1704	677
			1704	678
			1703	679
			1703	680
			1702	681
			1702	682
			1702	683
			1702	684
			1702	685
			1702	686
			1702	687
			1702	688
			1702	689
			1702	690
			1702	691
			1702	692
			1702	693
			1702	694
			1702	695
			1702	696
			1702	697
			1702	698
			1702	699
			1702	700
			1702	701
			1702	702
			1702	703
			1702	704
			1702	705
			1702	706
			1702	707
			1702	708
			1702	709
			1702	710
			1702	711
			1702	712
			1702	713
			1702	714
			1702	715
			1702	716
			1702	717
			1702	718
			1702	719
			1702	720
			1702	721
			1702	722
			1702	723
			1702	724
			1702	725
			1702	726
			1702	727
			1702	728
			1702	729
			1702	730
			1702	731
			1701	732
			1701	733
			1701	734
			1701	735
			1701	736
			1701	737
			1701	738
			1701	739
			1701	740
			1701	741
			1701	742
			1701	743
			1701	744
			1701	745
			1701	746
			1701	747
			1701	748
			1701	749
			1701	750
			1701	751
			1701	752
			1701	753
			1701	754
			1701	755
			1701	756
			1701	757
			1701	758
			1701	759
			1701	760
			1701	761
			1701	762
			1701	763
			1701	764
			1701	765
			1701	766
			1701	767
			1701	768
			1701	769
			1700	770
			1700	771
			1700	772
			1700	773
			1700	774
			1700	775
			1700	776
			1700	777
			1700	778
			1700	779
			1700	780
			1700	781
			1700	782
			1700	783
			1700	784
			1700	785
			1700	786
			1700	787
			1700	788
			1700	789
			1700	790
			1700	791
			1700	792
			1700	793
			1700	794
			1699	795
			1699	796
			1699	797
			1699	798
			1699	799
			1699	800
			1699	801
			1699	802
			1699	803
			1699	804
			1699	805
			1699	806
			1699	807
			1699	808
			1699	809
			1699	810
			1699	811
			1699	812
			1699	813
			1699	814
			1699	815
			1699	816
			1698	817
			1698	818
			1698	819
			1698	820
			1698	821
			1698	822
			1698	823
			1698	824
			1698	825
			1698	826
			1698	827
			1698	828
			1698	829
			1698	830
			1698	831
			1698	832
			1698	833
			1698	834
			1697	835
			1697	836
			1697	837
			1697	838
			1697	839
			1697	840
			1697	841
			1697	842
			1697	843
			1697	844
			1697	845
			1697	846
			1697	847
			1697	848
			1697	849
			1697	850
			1696	851
			1696	852
			1696	853
			1696	854
			1696	855
			1696	856
			1696	857
			1696	858
			1696	859
			1696	860
			1696	861
			1696	862
			1696	863
			1696	864
			1696	865
			1696	866
			1695	867
			1695	868
			1695	869
			1695	870
			1695	871
			1695	872
			1695	873
			1695	874
			1695	875
			1695	876
			1695	877
			1695	878
			1695	879
			1694	880
			1694	881
			1694	882
			1694	883
			1694	884
			1694	885
			1694	886
			1694	887
			1694	888
			1694	889
			1694	890
			1694	891
			1694	892
			1694	893
			1693	894
			1693	895
			1693	896
			1693	897
			1693	898
			1693	899
			1693	900
			1693	901
			1693	902
			1693	903
			1693	904
			1693	905
			1692	906
			1692	907
			1692	908
			1692	909
			1692	910
			1692	911
			1692	912
			1692	913
			1692	914
			1692	915
			1692	916
			1692	917
			1692	918
			1691	919
			1691	920
			1691	921
			1691	922
			1691	923
			1691	924
			1691	925
			1691	926
			1691	927
			1691	928
			1691	929
			1690	930
			1690	931
			1690	932
			1690	933
			1690	934
			1690	935
			1690	936
			1690	937
			1690	938
			1690	939
			1689	940
			1689	941
			1689	942
			1689	943
			1689	944
			1689	945
			1689	946
			1689	947
			1689	948
			1689	949
			1689	950
			1688	951
			1688	952
			1688	953
			1688	954
			1688	955
			1688	956
			1688	957
			1688	958
			1688	959
			1688	960
			1687	961
			1687	962
			1687	963
			1687	964
			1687	965
			1687	966
			1687	967
			1687	968
			1687	969
			1687	970
			1686	971
			1686	972
			1686	973
			1686	974
			1686	975
			1686	976
			1686	977
			1686	978
			1686	979
			1686	980
			1685	981
			1685	982
			1685	983
			1685	984
			1685	985
			1685	986
			1685	987
			1685	988
			1685	989
			1684	990
			1684	991
			1684	992
			1684	993
			1684	994
			1684	995
			1684	996
			1684	997
			1684	998
			1683	999
			1683	1000
			1683	1001
			1683	1002
			1683	1003
			1683	1004
			1683	1005
			1683	1006
			1683	1007
			1682	1008
			1682	1009
			1682	1010
			1682	1011
			1682	1012
			1682	1013
			1682	1014
			1682	1015
			1682	1016
			1681	1017
			1681	1018
			1681	1019
			1681	1020
			1681	1021
			1681	1022
			1681	1023
			1681	1024
			1681	1025
			1680	1026
			1680	1027
			1680	1028
			1680	1029
			1680	1030
			1680	1031
			1680	1032
			1679	1033
			1679	1034
			1679	1035
			1679	1036
			1679	1037
			1679	1038
			1679	1039
			1679	1040
			1678	1041
			1678	1042
			1678	1043
			1678	1044
			1678	1045
			1678	1046
			1678	1047
			1678	1048
			1677	1049
			1677	1050
			1677	1051
			1677	1052
			1677	1053
			1677	1054
			1677	1055
			1677	1056
			1676	1057
			1676	1058
			1676	1059
			1676	1060
			1676	1061
			1676	1062
			1676	1063
			1676	1064
			1675	1065
			1675	1066
			1675	1067
			1675	1068
			1675	1069
			1675	1070
			1675	1071
			1675	1072
			1674	1073
			1674	1074
			1674	1075
			1674	1076
			1674	1077
			1674	1078
			1674	1079
			1673	1080
			1673	1081
			1673	1082
			1673	1083
			1673	1084
			1673	1085
			1673	1086
			1672	1087
			1672	1088
			1672	1089
			1672	1090
			1672	1091
			1672	1092
			1672	1093
			1672	1094
			1671	1095
			1671	1096
			1671	1097
			1671	1098
			1671	1099
			1671	1100
			1671	1101
			1670	1102
			1670	1103
			1670	1104
			1670	1105
			1670	1106
			1670	1107
			1670	1108
			1669	1109
			1669	1110
			1669	1111
			1669	1112
			1669	1113
			1669	1114
			1668	1115
			1668	1116
			1668	1117
			1668	1118
			1668	1119
			1668	1120
			1668	1121
			1667	1122
			1667	1123
			1667	1124
			1667	1125
			1667	1126
			1667	1127
			1667	1128
			1666	1129
			1666	1130
			1666	1131
			1666	1132
			1666	1133
			1666	1134
			1665	1135
			1665	1136
			1665	1137
			1665	1138
			1665	1139
			1665	1140
			1665	1141
			1664	1142
			1664	1143
			1664	1144
			1664	1145
			1665	1145
			1666	1146
			1667	1146
			1668	1147
			1669	1147
			1670	1147
			1671	1148
			1672	1148
			1673	1149
			1674	1149
			1675	1149
			1676	1150
			1677	1150
			1678	1151
			1679	1151
			1680	1151
			1680	1152
			1681	1152
			1682	1152
			1683	1153
			1684	1153
			1685	1154
			1686	1154
			1687	1155
			1688	1155
			1689	1155
			1689	1156
			1690	1156
			1691	1157
			1692	1157
			1693	1157
			1693	1158
			1694	1158
			1695	1159
			1696	1159
			1697	1159
			1697	1160
			1698	1160
			1699	1161
			1700	1161
			1701	1162
			1702	1162
			1703	1163
			1704	1163
			1705	1164
			1706	1164
			1707	1165
			1708	1166
			1709	1167
			1710	1167
			1711	1168
			1712	1169
			1713	1169
			1714	1170
			1715	1171
			1716	1171
			1717	1172
			1718	1173
			1719	1173
			1720	1174
			1721	1175
			1722	1175
			1723	1176
			1724	1177
			1725	1177
			1726	1178
			1727	1179
			1728	1179
			1729	1180
			1729	1181
			1730	1182
			1731	1182
			1732	1183
			1733	1184
			1734	1184
			1735	1185
			1735	1186
			1736	1187
			1737	1187
			1738	1188
			1739	1189
			1739	1190
			1740	1191
			1741	1191
			1742	1192
			1743	1193
			1743	1194
			1744	1194
			1745	1195
			1746	1196
			1746	1197
			1747	1198
			1748	1198
			1748	1199
			1749	1200
			1750	1201
			1751	1202
			1752	1203
			1753	1204
			1753	1205
			1754	1206
			1755	1207
			1756	1208
			1756	1209
			1757	1210
			1758	1211
			1758	1212
			1759	1213
			1760	1214
			1760	1215
			1761	1216
			1761	1217
			1762	1218
			1763	1219
			1763	1220
			1764	1221
			1764	1222
			1765	1223
			1765	1224
			1766	1225
			1766	1226
			1767	1227
			1767	1228
			1768	1229
			1768	1230
			1769	1231
			1769	1232
			1770	1233
			1770	1234
			1770	1235
			1771	1236
			1771	1237
			1772	1238
			1772	1239
			1772	1240
			1773	1241
			1773	1242
			1774	1243
			1774	1244
			1774	1245
			1775	1246
			1775	1247
			1775	1248
			1776	1249
			1776	1250
			1776	1251
			1776	1252
			1777	1253
			1777	1254
			1777	1255
			1777	1256
			1778	1257
			1778	1258
			1778	1259
			1778	1260
			1778	1261
			1779	1262
			1779	1263
			1779	1264
			1779	1265
			1779	1266
			1779	1267
			1780	1268
			1780	1269
			1780	1270
			1780	1271
			1780	1272
			1780	1273
			1780	1274
			1780	1275
			1781	1276
			1781	1277
			1781	1278
			1781	1279
			1781	1280
			1781	1281
			1781	1282
			1781	1283
			1781	1284
			1781	1285
			1781	1286
			1781	1287
			1781	1288
			1781	1289
			1781	1290
			1781	1291
			1781	1292
			1781	1293
			1781	1294
			1781	1295
			1781	1296
			1781	1297
			1781	1298
			1781	1299
			1781	1300
			1781	1301
			1781	1302
			1781	1303
			1781	1304
			1781	1305
			1781	1306
			1781	1307
			1781	1308
			1781	1309
			1781	1310
			1781	1311
			1780	1312
			1780	1313
			1780	1314
			1780	1315
			1780	1316
			1780	1317
			1780	1318
			1780	1319
			1779	1320
			1779	1321
			1779	1322
			1779	1323
			1779	1324
			1779	1325
			1779	1326
			1778	1327
			1778	1328
			1778	1329
			1778	1330
			1778	1331
			1778	1332
			1777	1333
			1777	1334
			1777	1335
			1777	1336
			1777	1337
			1777	1338
			1776	1338
			1776	1339
			1776	1340
			1776	1341
			1776	1342
			1775	1343
			1775	1344
			1775	1345
			1775	1346
			1774	1347
			1774	1348
			1774	1349
			1774	1350
			1773	1351
			1773	1352
			1773	1353
			1773	1354
			1772	1355
			1772	1356
			1772	1357
			1771	1358
			1771	1359
			1771	1360
			1771	1361
			1770	1362
			1770	1363
			1770	1364
			1769	1365
			1769	1366
			1769	1367
			1769	1368
			1768	1369
			1768	1370
			1768	1371
			1767	1372
			1767	1373
			1767	1374
			1766	1375
			1766	1376
			1766	1377
			1765	1378
			1765	1379
			1764	1380
			1764	1381
			1764	1382
			1764	1383
			1763	1384
			1763	1385
			1762	1386
			1762	1387
			1762	1388
			1761	1389
			1761	1390
			1761	1391
			1760	1392
			1760	1393
			1760	1394
			1759	1395
			1759	1396
			1759	1397
			1758	1397
			1758	1398
			1757	1399
			1757	1400
			1757	1401
			1756	1402
			1756	1403
			1756	1404
			1755	1405
			1755	1406
			1754	1407
			1754	1408
			1754	1409
			1753	1410
			1752	1411
			1752	1412
			1752	1413
			1751	1413
			1751	1414
			1751	1415
			1751	1416
			1750	1416
			1750	1417
			1750	1418
			1749	1418
			1749	1419
			1750	1420
			1751	1420
			1752	1421
			1753	1422
			1754	1423
			1755	1424
			1756	1425
			1757	1425
			1758	1426
			1759	1427
			1760	1428
			1761	1429
			1762	1430
			1763	1431
			1764	1431
			1765	1432
			1766	1433
			1767	1434
			1768	1434
			1769	1435
			1769	1436
			1770	1436
			1771	1437
			1772	1438
			1773	1439
			1774	1439
			1775	1440
			1776	1441
			1777	1441
			1778	1442
			1779	1443
			1780	1444
			1781	1444
			1782	1445
			1783	1446
			1784	1447
			1785	1448
			1786	1448
			1787	1449
			1788	1450
			1789	1451
			1790	1452
			1791	1452
			1792	1453
			1793	1454
			1794	1455
			1795	1456
			1796	1456
			1797	1457
			1798	1457
			1798	1458
			1799	1458
			1800	1459
			1801	1460
			1802	1461
			1803	1461
			1804	1462
			1805	1463
			1806	1463
			1807	1464
			1808	1464
			1808	1465
			1809	1466
			1810	1466
			1811	1467
			1812	1468
			1813	1468
			1814	1469
			1815	1470
			1816	1470
			1817	1471
			1817	1472
			1818	1472
			1819	1473
			1820	1474
			1821	1474
			1822	1475
			1823	1476
			1824	1476
			1825	1477
			1826	1478
			1827	1479
			1828	1479
			1829	1480
			1830	1481
			1831	1481
			1832	1482
			1833	1483
			1834	1484
			1835	1484
			1836	1485
			1837	1486
			1838	1486
			1839	1487
			1840	1488
			1841	1489
			1842	1489
			1843	1490
			1844	1491
			1845	1492
			1846	1492
			1847	1493
			1848	1494
			1849	1494
			1850	1495
			1851	1496
			1852	1497
			1853	1497
			1854	1498
			1855	1498
			1856	1499
			1857	1500
			1858	1501
			1859	1501
			1860	1502
			1861	1503
			1862	1503
			1863	1504
			1864	1505
			1865	1505
			1866	1506
			1867	1507
			1868	1508
			1869	1508
			1870	1509
			1871	1510
			1872	1510
			1873	1511
			1874	1512
			1875	1512
			1876	1513
			1877	1514
			1878	1515
			1879	1515
			1880	1516
			1881	1517
			1882	1518
			1883	1518
			1884	1519
			1885	1520
			1886	1520
			1887	1521
			1888	1522
			1889	1522
			1890	1523
			1891	1523
			1892	1524
			1892	1525
			1893	1525
			1894	1526
			1895	1526
			1896	1527
			1897	1528
			1898	1528
			1899	1529
			1900	1530
			1901	1530
			1902	1531
			1903	1532
			1904	1532
			1905	1533
			1906	1534
			1907	1534
			1908	1535
			1909	1536
			1910	1536
			1911	1537
			1912	1538
			1913	1538
			1914	1539
			1915	1540
			1916	1541
			1917	1541
			1918	1542
			1919	1543
			1920	1543
			1921	1544
			1922	1545
			1923	1545
			1924	1546
			1925	1547
			1926	1547
			1927	1548
			1928	1549
			1929	1550
			1930	1550
			1931	1551
			1932	1552
			1933	1552
			1934	1553
			1935	1554
			1936	1555
			1937	1555
			1938	1556
			1939	1557
			1940	1557
			1941	1558
			1942	1559
			1943	1559
			1944	1560
			1945	1561
			1946	1561
			1947	1562
			1948	1562
			1948	1563
			1949	1563
			1950	1564
			1951	1564
			1952	1565
			1953	1566
			1954	1567
			1955	1567
			1956	1568
			1957	1569
			1958	1569
			1959	1570
			1960	1571
			1961	1571
			1962	1572
			1963	1572
			1964	1573
			1965	1574
			1966	1574
			1967	1575
			1968	1576
			1969	1576
			1970	1577
			1971	1578
			1972	1578
			1973	1579
			1974	1580
			1975	1581
			1976	1582
			1977	1582
			1978	1582
			1978	1583
			1979	1583
			1980	1584
			1981	1584
			1981	1585
			1982	1585
			1983	1586
			1984	1587
			1985	1587
			1986	1588
			1987	1589
			1988	1589
			1989	1590
			1990	1591
			1991	1592
			1992	1592
			1993	1593
			1994	1594
			1995	1594
			1996	1595
			1997	1596
			1998	1596
			1999	1597
			2000	1597
			2000	1598
			2001	1598
			2002	1599
			2003	1599
			2004	1600
			2005	1601
			2006	1602
			2007	1602
			2008	1603
			2009	1603
			2010	1604
			2011	1605
			2012	1605
			2013	1606
			2014	1607
			2015	1607
			2016	1608
			2017	1608
			2017	1609
			2018	1610
			2019	1610
			2020	1611
			2021	1612
			2022	1612
			2023	1613
			2024	1614
			2025	1614
			2026	1615
			2027	1616
			2028	1616
			2029	1617
			2030	1618
			2031	1618
			2032	1619
			2033	1619
			2034	1620
			2035	1621
			2036	1621
			2037	1622
			2038	1623
			2039	1623
			2040	1624
			2041	1625
			2042	1625
			2043	1626
			2044	1627
			2045	1627
			2046	1628
			2047	1629
			2048	1629
			2049	1630
			2050	1631
			2051	1631
			2052	1632
			2053	1633
			2054	1633
			2055	1634
			2056	1635
			2057	1635
			2058	1636
			2059	1637
			2060	1638
			2061	1638
			2062	1639
			2063	1640
			2064	1640
			2065	1641
			2066	1641
			2067	1642
			2068	1643
			2069	1643
			2070	1644
			2071	1645
			2072	1645
			2073	1646
			2074	1646
			2074	1647
			2075	1647
			2076	1648
			2077	1648
			2077	1649
			2078	1649
			2079	1650
			2080	1650
			2080	1651
			2081	1651
			2082	1652
			2083	1652
			2083	1653
			2084	1653
			2085	1654
			2086	1654
			2086	1655
			2087	1655
			2088	1656
			2089	1656
			2090	1657
			2091	1658
			2092	1658
			2093	1659
			2094	1660
			2095	1660
			2096	1661
			2097	1662
			2098	1662
			2099	1663
			2100	1663
			2100	1664
			2101	1665
			2102	1665
			2103	1666
			2104	1666
			2105	1667
			2106	1668
			2107	1668
			2108	1669
			2109	1670
			2110	1670
			2111	1671
			2112	1671
			2113	1672
			2114	1673
			2115	1673
			2116	1674
			2117	1675
			2118	1675
			2119	1676
			2120	1677
			2121	1677
			2122	1678
			2123	1679
			2124	1680
			2125	1680
			2126	1680
			2126	1681
			2127	1681
			2128	1682
			2129	1683
			2130	1684
			2131	1684
			2132	1685
			2133	1685
			2134	1686
			2135	1686
			2136	1687
			2136	1688
			2137	1688
			2138	1689
			2139	1689
			2140	1690
			2141	1690
			2142	1691
			2143	1692
			2144	1693
			2145	1693
			2146	1694
			2147	1695
			2148	1695
			2149	1696
			2150	1697
			2151	1697
			2152	1698
			2153	1699
			2154	1699
			2155	1700
			2156	1700
			2157	1701
			2158	1702
			2159	1702
			2160	1703
			2161	1704
			2162	1704
			2163	1705
			2164	1705
			2165	1706
			2166	1707
			2167	1708
			2168	1709
			2169	1709
			2170	1709
			2170	1710
			2171	1710
			2172	1711
			2173	1712
			2174	1712
			2175	1713
			2176	1713
			2177	1714
			2178	1714
			2178	1715
			2179	1716
			2180	1716
			2181	1717
			2182	1717
			2182	1718
			2183	1718
			2184	1719
			2185	1719
			2186	1720
			2187	1721
			2188	1721
			2189	1722
			2190	1723
			2191	1723
			2192	1724
			2193	1725
			2194	1725
			2195	1726
			2196	1726
			2197	1727
			2198	1728
			2199	1728
			2200	1729
			2201	1730
			2202	1730
			2203	1731
			2204	1732
			2205	1732
			2206	1733
			2207	1734
			2208	1734
			2209	1735
			2210	1735
			2211	1736
			2212	1737
			2213	1737
			2214	1738
			2215	1739
			2216	1739
			2217	1740
			2218	1741
			2219	1741
			2220	1742
			2221	1743
			2222	1743
			2223	1744
			2224	1745
			2225	1745
			2226	1746
			2227	1747
			2228	1747
			2229	1748
			2230	1749
			2231	1749
			2232	1750
			2233	1751
			2234	1751
			2235	1752
			2236	1752
			2237	1753
			2238	1754
			2239	1754
			2240	1755
			2241	1756
			2242	1756
			2243	1757
			2244	1758
			2245	1758
			2246	1759
			2247	1760
			2248	1760
			2249	1761
			2250	1761
			2250	1762
			2251	1762
			2252	1762
			2252	1763
			2253	1763
			2253	1764
			2254	1764
			2255	1765
			2256	1765
			2257	1766
			2258	1767
			2259	1767
			2260	1768
			2261	1768
			2261	1769
			2262	1769
			2263	1770
			2264	1770
			2265	1771
			2266	1772
			2267	1772
			2268	1773
			2269	1774
			2270	1774
			2271	1775
			2272	1776
			2273	1777
			2274	1777
			2275	1778
			2276	1778
			2277	1779
			2278	1780
			2279	1780
			2280	1781
			2281	1781
			2281	1782
			2282	1782
			2283	1783
			2284	1783
			2285	1784
			2286	1785
			2287	1785
			2288	1786
			2289	1787
			2290	1787
			2291	1788
			2292	1789
			2293	1789
			2294	1790
			2295	1790
			2296	1791
			2297	1792
			2298	1792
			2299	1793
			2300	1794
			2301	1794
			2302	1795
			2303	1795
			2304	1796
			2305	1797
			2306	1797
			2307	1798
			2308	1799
			2309	1799
			2309	1800
			2310	1800
			2311	1801
			2312	1802
			2313	1802
			2314	1803
			2315	1804
			2316	1804
			2317	1805
			2318	1806
			2319	1806
			2320	1807
			2321	1807
			2322	1808
			2323	1809
			2324	1809
			2325	1810
			2326	1811
			2327	1811
			2328	1812
			2329	1813
			2330	1813
			2331	1814
			2332	1815
			2333	1815
			2334	1816
			2335	1816
			2336	1817
			2337	1818
			2338	1818
			2339	1819
			2340	1820
			2341	1820
			2342	1821
			2343	1822
			2344	1822
			2345	1823
			2346	1824
			2347	1824
			2348	1825
			2349	1825
			2350	1826
			2351	1827
			2352	1827
			2353	1828
			2354	1829
			2355	1829
			2356	1830
			2357	1831
			2358	1831
			2359	1832
			2360	1832
			2361	1833
			2362	1834
			2363	1834
			2364	1835
			2365	1836
			2366	1836
			2367	1837
			2368	1838
			2369	1838
			2370	1839
			2371	1839
			2372	1840
			2373	1840
			2373	1841
			2374	1842
			2375	1842
			2376	1843
			2377	1843
			2378	1844
			2379	1844
			2380	1845
			2381	1846
			2382	1847
			2383	1847
			2384	1848
			2385	1848
			2385	1849
			2386	1849
			2387	1849
			2387	1850
			2388	1850
			2389	1851
			2390	1852
			2391	1852
			2392	1853
			2393	1853
			2394	1854
			2395	1855
			2396	1855
			2397	1856
			2398	1857
			2399	1857
			2400	1858
			2401	1859
			2402	1859
			2403	1860
			2404	1860
			2405	1861
			2406	1862
			2407	1863
			2408	1863
			2409	1864
			2410	1865
			2411	1865
			2412	1866
			2413	1866
			2413	1867
			2414	1867
			2415	1868
			2416	1868
			2417	1869
			2418	1869
			2418	1870
			2419	1870
			2420	1871
			2421	1871
			2422	1872
			2423	1872
			2423	1873
			2424	1873
			2425	1874
			2426	1875
			2427	1875
			2428	1876
			2429	1877
			2430	1877
			2431	1878
			2432	1879
			2433	1879
			2434	1880
			2435	1881
			2436	1881
			2437	1882
			2438	1882
			2439	1883
			2440	1884
			2441	1884
			2442	1885
			2443	1886
			2444	1886
			2445	1887
			2446	1888
			2447	1888
			2448	1889
			2449	1890
			2450	1890
			2451	1891
			2452	1891
			2453	1892
			2454	1893
			2455	1893
			2456	1894
			2457	1895
			2458	1895
			2459	1896
			2460	1897
			2461	1897
			2462	1897
			2462	1898
			2463	1898
			2464	1899
			2465	1899
			2466	1900
			2467	1901
			2468	1902
			2469	1902
			2470	1903
			2471	1903
			2471	1904
			2472	1904
			2473	1905
			2474	1905
			2474	1906
			2475	1906
			2476	1907
			2477	1907
			2478	1908
			2479	1908
			2480	1909
			2481	1910
			2482	1910
			2483	1911
			2484	1912
			2485	1913
			2486	1913
			2487	1913
			2487	1914
			2488	1914
			2489	1915
			2490	1915
			2491	1916
			2492	1917
			2493	1917
			2494	1918
			2495	1919
			2496	1919
			2497	1920
			2498	1921
			2499	1921
			2500	1922
			2501	1922
			2502	1923
			2503	1924
			2504	1924
			2505	1925
			2506	1926
			2507	1926
			2508	1927
			2509	1928
			2510	1928
			2511	1929
			2512	1929
			2512	1930
			2513	1930
			2514	1931
			2515	1931
			2516	1932
			2517	1932
			2517	1933
			2518	1933
			2519	1934
			2520	1935
			2521	1935
			2521	1936
			2522	1936
			2523	1937
			2524	1937
			2525	1938
			2526	1938
			2526	1939
			2527	1939
			2528	1940
			2529	1940
			2530	1941
			2531	1941
			2531	1942
			2532	1942
			2533	1943
			2534	1943
			2535	1944
			2536	1945
			2537	1946
			2538	1946
			2539	1947
			2540	1948
			2541	1948
			2542	1949
			2543	1949
			2544	1950
			2545	1951
			2546	1951
			2547	1952
			2548	1953
			2549	1953
			2550	1954
			2551	1955
			2552	1955
			2553	1956
			2554	1956
			2555	1957
			2556	1958
			2557	1958
			2558	1959
			2559	1960
			2560	1960
			2561	1961
			2562	1962
			2563	1962
			2564	1963
			2565	1964
			2566	1964
			2567	1965
			2568	1965
			2569	1966
			2570	1966
			2570	1967
			2571	1967
			2572	1967
			2572	1968
			2573	1968
			2573	1969
			2574	1969
			2575	1969
			2575	1970
			2576	1970
			2576	1971
			2577	1971
			2578	1971
			2578	1972
			2579	1972
			2580	1973
			2581	1974
			2582	1974
			2583	1975
			2584	1975
			2584	1976
			2585	1976
			2586	1976
			2587	1977
			2588	1978
			2589	1979
			2590	1979
			2591	1980
			2592	1980
			2593	1981
			2594	1982
			2595	1982
			2596	1983
			2597	1983
			2597	1984
			2598	1984
			2599	1985
			2600	1986
			2601	1986
			2602	1987
			2603	1987
			2604	1988
			2605	1988
			2606	1989
			2606	1990
			2607	1990
			2608	1991
			2609	1991
			2610	1992
			2611	1992
			2612	1993
			2613	1994
			2614	1994
			2615	1995
			2616	1996
			2617	1997
			2618	1997
			2619	1998
			2620	1998
			2621	1999
			2622	2000
			2623	2000
			2624	2001
			2625	2001
			2626	2002
			2627	2003
			2628	2003
			2629	2004
			2630	2004
			2631	2005
			2632	2006
			2633	2006
			2634	2007
			2635	2007
			2636	2008
			2637	2009
			2638	2010
			2639	2010
			2640	2011
			2641	2012
			2642	2012
			2643	2013
			2644	2013
			2644	2014
			2645	2014
			2646	2015
			2647	2015
			2648	2016
			2649	2016
			2649	2017
			2650	2017
			2651	2018
			2652	2018
			2653	2019
			2654	2020
			2655	2021
			2656	2021
			2657	2022
			2658	2022
			2659	2023
			2660	2024
			2661	2024
			2662	2025
			2663	2026
			2664	2026
			2665	2027
			2666	2027
			2667	2028
			2668	2029
			2669	2029
			2670	2030
			2671	2031
			2672	2031
			2673	2032
			2674	2033
			2675	2033
			2676	2034
			2677	2034
			2678	2035
			2679	2036
			2680	2036
			2681	2037
			2682	2038
			2683	2038
			2684	2039
			2685	2040
			2686	2040
			2687	2041
			2688	2041
			2689	2042
			2690	2043
			2691	2043
			2692	2044
			2693	2045
			2694	2045
			2695	2046
			2696	2047
			2697	2047
			2698	2048
			2699	2048
			2700	2049
			2701	2050
			2702	2050
			2703	2051
			2704	2052
			2705	2052
			2706	2053
			2707	2053
			2708	2054
			2709	2055
			2710	2055
			2711	2056
			2712	2056
			2713	2057
			2714	2058
			2715	2058
			2716	2059
			2717	2059
			2718	2060
			2718	2061
			2719	2061
			2720	2062
			2721	2062
			2722	2063
			2723	2063
			2724	2064
			2725	2064
			2726	2065
			2726	2066
			2727	2066
			2728	2067
			2729	2067
			2730	2068
			2731	2068
			2732	2069
			2733	2069
			2734	2070
			2734	2071
			2735	2071
			2736	2072
			2737	2072
			2738	2073
			2739	2073
			2740	2074
			2741	2075
			2742	2075
			2743	2076
			2744	2077
			2745	2078
			2746	2078
			2747	2079
			2748	2079
			2749	2080
			2750	2081
			2751	2081
			2752	2082
			2753	2082
			2753	2083
			2754	2083
			2755	2084
			2756	2084
			2757	2085
			2758	2086
			2759	2086
			2760	2087
			2761	2087
			2762	2088
			2763	2089
			2764	2089
			2765	2090
			2766	2090
			2767	2091
			2768	2092
			2769	2092
			2770	2093
			2771	2094
			2772	2095
			2773	2095
			2774	2096
			2775	2096
			2776	2097
			2777	2097
			2777	2098
			2778	2098
			2779	2099
			2780	2099
			2781	2100
			2782	2101
			2783	2101
			2784	2102
			2785	2103
			2786	2103
			2787	2104
			2788	2105
			2789	2105
			2790	2106
			2791	2106
			2792	2107
			2793	2108
			2794	2108
			2795	2109
			2796	2110
			2797	2110
			2798	2111
			2799	2111
			2800	2112
			2801	2113
			2802	2113
			2803	2114
			2804	2114
			2805	2115
			2806	2116
			2807	2116
			2808	2117
			2809	2118
			2810	2118
			2811	2119
			2812	2119
			2813	2120
			2814	2121
			2815	2121
			2816	2122
			2817	2123
			2818	2123
			2819	2124
			2820	2125
			2821	2125
			2822	2126
			2823	2126
			2824	2127
			2825	2128
			2826	2128
			2827	2129
			2828	2129
			2828	2130
			2829	2130
			2830	2131
			2831	2131
			2831	2132
			2832	2132
			2833	2133
			2834	2134
			2835	2134
			2836	2135
			2837	2136
			2838	2136
			2838	2137
			2839	2137
			2840	2138
			2841	2139
			2842	2139
			2843	2140
			2844	2141
			2845	2142
			2846	2142
			2847	2143
			2848	2144
			2849	2145
			2850	2145
			2851	2146
			2852	2147
			2853	2148
			2854	2148
			2855	2149
			2856	2150
			2857	2151
			2858	2151
			2859	2152
			2860	2153
			2861	2153
			2862	2154
			2863	2155
			2864	2156
			2865	2157
			2866	2157
			2867	2158
			2868	2159
			2869	2160
			2870	2160
			2871	2161
			2872	2162
			2873	2163
			2874	2163
			2875	2164
			2876	2165
			2877	2166
			2878	2166
			2878	2167
			2879	2168
			2880	2169
			2881	2170
			2882	2170
			2883	2171
			2884	2172
			2885	2173
			2886	2174
			2887	2174
			2888	2175
			2889	2176
			2890	2177
			2891	2177
			2892	2178
			2892	2179
			2893	2180
			2894	2181
			2895	2181
			2896	2182
			2897	2183
			2898	2184
			2899	2185
			2900	2186
			2901	2186
			2902	2187
			2902	2188
			2903	2189
			2904	2190
			2905	2190
			2906	2191
			2907	2192
			2908	2193
			2909	2194
			2910	2195
			2911	2196
			2912	2197
			2913	2198
			2914	2199
			2915	2199
			2915	2200
			2916	2201
			2917	2201
			2917	2202
			2918	2203
			2919	2204
			2920	2205
			2921	2206
			2922	2206
			2923	2207
			2923	2208
			2924	2209
			2925	2209
			2926	2210
			2926	2211
			2927	2212
			2928	2212
			2928	2213
			2929	2214
			2930	2215
			2931	2215
			2931	2216
			2932	2217
			2933	2218
			2934	2218
			2934	2219
			2935	2220
			2936	2221
			2937	2222
			2938	2223
			2939	2224
			2940	2225
			2941	2226
			2941	2227
			2942	2228
			2943	2229
			2944	2230
			2945	2230
			2946	2231
			2946	2232
			2947	2233
			2948	2234
			2949	2235
			2950	2236
			2951	2237
			2951	2238
			2952	2239
			2953	2240
			2954	2241
			2955	2242
			2956	2243
			2956	2244
			2957	2245
			2958	2246
			2959	2247
			2960	2247
			2960	2248
			2961	2249
			2962	2250
			2963	2251
			2964	2252
			2964	2253
			2965	2254
			2966	2255
			2967	2256
			2968	2257
			2968	2258
			2969	2259
			2970	2260
			2971	2261
			2972	2262
			2972	2263
			2973	2264
			2974	2265
			2975	2266
			2975	2267
			2976	2268
			2977	2269
			2978	2270
			2978	2271
			2979	2272
			2980	2273
			2981	2274
			2982	2275
			2982	2276
			2983	2277
			2984	2278
			2985	2279
			2985	2280
			2986	2281
			2987	2282
			2987	2283
			2988	2284
			2989	2285
			2990	2286
			2990	2287
			2991	2288
			2992	2289
			2993	2290
			2993	2291
			2994	2292
			2995	2293
			2995	2294
			2996	2295
			2996	2296
			2997	2296
			2997	2297
			2998	2298
			2998	2299
			2999	2300
			3000	2301
			3001	2302
			3001	2303
			3002	2304
			3003	2305
			3003	2306
			3004	2307
			3005	2308
			3005	2309
			3006	2310
			3006	2311
			3007	2312
			3007	2313
			3008	2313
			3009	2314
			3009	2315
			3010	2316
			3010	2317
			3011	2318
			3012	2319
			3012	2320
			3013	2321
			3013	2322
			3014	2323
			3015	2324
			3015	2325
			3016	2326
			3016	2327
			3017	2327
			3017	2328
			3018	2329
			3018	2330
			3019	2331
			3020	2332
			3020	2333
			3021	2334
			3021	2335
			3022	2336
			3022	2337
			3023	2338
			3024	2339
			3024	2340
			3025	2341
			3025	2342
			3026	2343
			3026	2344
			3027	2345
			3027	2346
			3028	2347
			3028	2348
			3029	2349
			3030	2350
			3030	2351
			3031	2351
			3031	2352
			3032	2353
			3032	2354
			3033	2355
			3033	2356
			3034	2357
			3034	2358
			3035	2359
			3035	2360
			3036	2361
			3036	2362
			3037	2363
			3037	2364
			3038	2365
			3038	2366
			3039	2367
			3039	2368
			3040	2369
			3040	2370
			3041	2371
			3041	2372
			3042	2373
			3043	2374
			3043	2375
			3044	2376
			3044	2377
			3044	2378
			3045	2379
			3045	2380
			3046	2381
			3046	2382
			3047	2383
			3047	2384
			3048	2385
			3048	2386
			3049	2387
			3049	2388
			3050	2389
			3050	2390
			3050	2391
			3051	2391
			3051	2392
			3051	2393
			3052	2393
			3052	2394
			3052	2395
			3053	2396
			3053	2397
			3054	2398
			3054	2399
			3055	2400
			3055	2401
			3055	2402
			3056	2403
			3056	2404
			3057	2405
			3057	2406
			3058	2407
			3058	2408
			3059	2409
			3059	2410
			3060	2411
			3060	2412
			3060	2413
			3061	2414
			3061	2415
			3061	2416
			3062	2416
			3062	2417
			3062	2418
			3063	2419
			3063	2420
			3064	2421
			3064	2422
			3065	2423
			3065	2424
			3065	2425
			3066	2426
			3066	2427
			3067	2428
			3067	2429
			3067	2430
			3068	2431
			3068	2432
			3068	2433
			3069	2434
			3069	2435
			3070	2436
			3070	2437
			3070	2438
			3071	2439
			3071	2440
			3072	2441
			3072	2442
		</suture>
		<anterior type=matrix rownames=FALSE colnames=FALSE nrow=3498 ncol=2 as.numeric=TRUE >
			662	416
			663	416
			664	416
			665	415
			666	415
			667	415
			668	415
			669	415
			670	415
			671	414
			672	414
			673	414
			674	414
			675	414
			676	414
			677	414
			678	413
			679	413
			680	413
			681	413
			682	413
			683	413
			684	412
			685	412
			686	412
			687	412
			688	412
			689	412
			690	412
			691	411
			692	411
			693	411
			694	411
			695	411
			696	411
			697	411
			698	410
			699	410
			700	410
			701	410
			702	410
			703	410
			704	410
			705	410
			706	409
			707	409
			708	409
			709	409
			710	409
			711	409
			712	409
			713	408
			714	408
			715	408
			716	408
			717	408
			718	408
			719	408
			720	408
			721	408
			722	407
			723	407
			724	407
			725	407
			726	407
			727	407
			728	407
			729	407
			730	407
			731	406
			732	406
			733	406
			734	406
			735	406
			736	406
			737	406
			738	406
			739	406
			740	405
			741	405
			742	405
			743	405
			744	405
			745	405
			746	405
			747	405
			748	405
			749	404
			750	404
			751	404
			752	404
			753	404
			754	404
			755	404
			756	404
			757	404
			758	404
			759	403
			760	403
			761	403
			762	403
			763	403
			764	403
			765	403
			766	403
			767	403
			768	403
			769	402
			770	402
			771	402
			772	402
			773	402
			774	402
			775	402
			776	402
			777	402
			778	402
			779	402
			780	401
			781	401
			782	401
			783	401
			784	401
			785	401
			786	401
			787	401
			788	401
			789	401
			790	401
			791	400
			792	400
			793	400
			794	400
			795	400
			796	400
			797	400
			798	400
			799	400
			800	400
			801	400
			802	400
			803	399
			804	399
			805	399
			806	399
			807	399
			808	399
			809	399
			810	399
			811	399
			812	399
			813	399
			814	399
			815	399
			815	398
			816	398
			817	398
			818	398
			819	398
			820	398
			821	398
			822	398
			823	398
			824	398
			825	398
			826	398
			827	398
			828	398
			829	397
			830	397
			831	397
			832	397
			833	397
			834	397
			835	397
			836	397
			837	397
			838	397
			839	397
			840	397
			841	397
			842	396
			843	396
			844	396
			845	396
			846	396
			847	396
			848	396
			849	396
			850	396
			851	396
			852	396
			853	396
			854	396
			855	396
			856	396
			857	395
			858	395
			859	395
			860	395
			861	395
			862	395
			863	395
			864	395
			865	395
			866	395
			867	395
			868	395
			869	395
			870	395
			871	395
			872	394
			873	394
			874	394
			875	394
			876	394
			877	394
			878	394
			879	394
			880	394
			881	394
			882	394
			883	394
			884	394
			885	394
			886	394
			887	394
			888	393
			889	393
			890	393
			891	393
			892	393
			893	393
			894	393
			895	393
			896	393
			897	393
			898	393
			899	393
			900	393
			901	393
			902	393
			903	393
			904	393
			905	392
			906	392
			907	392
			908	392
			909	392
			910	392
			911	392
			912	392
			913	392
			914	392
			915	392
			916	392
			917	392
			918	392
			919	392
			920	392
			921	392
			922	392
			923	391
			924	391
			925	391
			926	391
			927	391
			928	391
			929	391
			930	391
			931	391
			932	391
			933	391
			934	391
			935	391
			936	391
			937	391
			938	391
			939	391
			940	391
			941	391
			942	390
			943	390
			944	390
			945	390
			946	390
			947	390
			948	390
			949	390
			950	390
			951	390
			952	390
			953	390
			954	390
			955	390
			956	390
			957	390
			958	390
			959	390
			960	390
			961	390
			962	389
			963	389
			964	389
			965	389
			966	389
			967	389
			968	389
			969	389
			970	389
			971	389
			972	389
			973	389
			974	389
			975	389
			976	389
			977	389
			978	389
			979	389
			980	389
			981	389
			982	389
			983	388
			984	388
			985	388
			986	388
			987	388
			988	388
			989	388
			990	388
			991	388
			992	388
			993	388
			994	388
			995	388
			996	388
			997	388
			998	388
			999	388
			1000	388
			1001	388
			1002	388
			1003	388
			1004	388
			1005	387
			1006	387
			1007	387
			1008	387
			1009	387
			1010	387
			1011	387
			1012	387
			1013	387
			1014	387
			1015	387
			1016	387
			1017	387
			1018	387
			1019	387
			1020	387
			1021	387
			1022	387
			1023	387
			1024	387
			1025	387
			1026	387
			1027	387
			1028	387
			1029	387
			1030	386
			1031	386
			1032	386
			1033	386
			1034	386
			1035	386
			1036	386
			1037	386
			1038	386
			1039	386
			1040	386
			1041	386
			1042	386
			1043	386
			1044	386
			1045	386
			1046	386
			1047	386
			1048	386
			1049	386
			1050	386
			1051	386
			1052	386
			1053	386
			1054	386
			1055	386
			1056	385
			1057	385
			1058	385
			1059	385
			1060	385
			1061	385
			1062	385
			1063	385
			1064	385
			1065	385
			1066	385
			1067	385
			1068	385
			1069	385
			1070	385
			1071	385
			1072	385
			1073	385
			1074	385
			1075	385
			1076	385
			1077	385
			1078	385
			1079	385
			1080	385
			1081	385
			1082	385
			1083	385
			1084	384
			1085	384
			1086	384
			1087	384
			1088	384
			1089	384
			1090	384
			1091	384
			1092	384
			1093	384
			1094	384
			1095	384
			1096	384
			1097	384
			1098	384
			1099	384
			1100	384
			1101	384
			1102	384
			1103	384
			1104	384
			1105	384
			1106	384
			1107	384
			1108	384
			1109	384
			1110	384
			1111	384
			1112	384
			1113	384
			1114	383
			1115	383
			1116	383
			1117	383
			1118	383
			1119	383
			1120	383
			1121	383
			1122	383
			1123	383
			1124	383
			1125	383
			1126	383
			1127	383
			1128	383
			1129	383
			1130	383
			1131	383
			1132	383
			1133	383
			1134	383
			1135	383
			1136	383
			1137	383
			1138	383
			1139	383
			1140	383
			1141	383
			1142	383
			1143	383
			1144	383
			1145	383
			1146	383
			1147	382
			1148	382
			1149	382
			1150	382
			1151	382
			1152	382
			1153	382
			1154	382
			1155	382
			1156	382
			1157	382
			1158	382
			1159	382
			1160	382
			1161	382
			1162	382
			1163	382
			1164	382
			1165	382
			1166	382
			1167	382
			1168	382
			1169	382
			1170	382
			1171	382
			1172	382
			1173	382
			1174	382
			1175	382
			1176	382
			1177	382
			1178	382
			1179	382
			1180	382
			1181	382
			1182	382
			1183	382
			1184	381
			1185	381
			1186	381
			1187	381
			1188	381
			1189	381
			1190	381
			1191	381
			1192	381
			1193	381
			1194	381
			1195	381
			1196	381
			1197	381
			1198	381
			1199	381
			1200	381
			1201	381
			1202	381
			1203	381
			1204	381
			1205	381
			1206	381
			1207	381
			1208	381
			1209	381
			1210	381
			1211	381
			1212	381
			1213	381
			1214	381
			1215	381
			1216	381
			1217	381
			1218	381
			1219	381
			1220	381
			1221	381
			1222	381
			1223	381
			1224	380
			1225	380
			1226	380
			1227	380
			1228	380
			1229	380
			1230	380
			1231	380
			1232	380
			1233	380
			1234	380
			1235	380
			1236	380
			1237	380
			1238	380
			1239	380
			1240	380
			1241	380
			1242	380
			1243	380
			1244	380
			1245	380
			1246	380
			1247	380
			1248	380
			1249	380
			1250	380
			1251	380
			1252	380
			1253	380
			1254	380
			1255	380
			1256	380
			1257	380
			1258	380
			1259	380
			1260	380
			1261	380
			1262	380
			1263	380
			1264	380
			1265	380
			1266	380
			1267	380
			1268	380
			1269	380
			1270	380
			1270	379
			1271	379
			1272	379
			1273	379
			1274	379
			1275	379
			1276	379
			1277	379
			1278	379
			1279	379
			1280	379
			1281	379
			1282	379
			1283	379
			1284	379
			1285	379
			1286	379
			1287	379
			1288	379
			1289	379
			1290	379
			1291	379
			1292	379
			1293	379
			1294	379
			1295	379
			1296	379
			1297	379
			1298	379
			1299	379
			1300	379
			1301	380
			1302	380
			1303	380
			1304	380
			1305	380
			1306	380
			1307	380
			1308	380
			1309	380
			1310	380
			1311	380
			1312	381
			1313	381
			1314	381
			1315	381
			1316	381
			1317	381
			1318	381
			1319	381
			1320	381
			1321	381
			1322	382
			1323	382
			1324	382
			1325	382
			1326	382
			1327	382
			1328	382
			1329	382
			1330	382
			1331	382
			1332	383
			1333	383
			1334	383
			1335	383
			1336	383
			1337	383
			1338	383
			1339	383
			1340	383
			1341	384
			1342	384
			1343	384
			1344	384
			1345	384
			1346	384
			1347	384
			1348	384
			1349	384
			1350	385
			1351	385
			1352	385
			1353	385
			1354	385
			1355	385
			1356	385
			1357	385
			1358	385
			1359	386
			1360	386
			1361	386
			1362	386
			1363	386
			1364	386
			1365	386
			1366	386
			1367	386
			1368	387
			1369	387
			1370	387
			1371	387
			1372	387
			1373	387
			1374	387
			1375	387
			1376	388
			1377	388
			1378	388
			1379	388
			1380	388
			1381	388
			1382	388
			1383	388
			1384	389
			1385	389
			1386	389
			1387	389
			1388	389
			1389	389
			1390	389
			1391	389
			1392	390
			1393	390
			1394	390
			1395	390
			1396	390
			1397	390
			1398	390
			1399	390
			1400	391
			1401	391
			1402	391
			1403	391
			1404	391
			1405	391
			1406	391
			1407	392
			1408	392
			1409	392
			1410	392
			1411	392
			1412	392
			1413	392
			1414	393
			1415	393
			1416	393
			1417	393
			1418	393
			1419	393
			1420	393
			1421	393
			1421	394
			1422	394
			1423	394
			1424	394
			1425	394
			1426	394
			1427	394
			1428	395
			1429	395
			1430	395
			1431	395
			1432	395
			1433	395
			1434	396
			1435	396
			1436	396
			1437	396
			1438	396
			1439	396
			1440	396
			1441	397
			1442	397
			1443	397
			1444	397
			1445	397
			1446	397
			1447	397
			1448	398
			1449	398
			1450	398
			1451	398
			1452	398
			1453	398
			1454	399
			1455	399
			1456	399
			1457	399
			1458	399
			1459	399
			1460	399
			1461	400
			1462	400
			1463	400
			1464	400
			1465	400
			1466	401
			1467	401
			1468	401
			1469	401
			1470	401
			1471	401
			1472	402
			1473	402
			1474	402
			1475	402
			1476	402
			1477	402
			1478	403
			1479	403
			1480	403
			1481	403
			1482	403
			1483	403
			1484	404
			1485	404
			1486	404
			1487	404
			1488	404
			1489	404
			1490	405
			1491	405
			1492	405
			1493	405
			1494	405
			1495	406
			1496	406
			1497	406
			1498	406
			1499	406
			1500	406
			1501	407
			1502	407
			1503	407
			1504	407
			1505	407
			1506	407
			1507	408
			1508	408
			1509	408
			1510	408
			1511	408
			1512	409
			1513	409
			1514	409
			1515	409
			1516	409
			1517	410
			1518	410
			1519	410
			1520	410
			1521	410
			1522	410
			1523	411
			1524	411
			1525	411
			1526	411
			1527	411
			1528	412
			1529	412
			1530	412
			1531	412
			1532	412
			1533	413
			1534	413
			1535	413
			1536	413
			1537	413
			1538	414
			1539	414
			1540	414
			1541	414
			1542	414
			1543	415
			1544	415
			1545	415
			1546	415
			1547	415
			1548	416
			1549	416
			1550	416
			1551	416
			1552	416
			1553	417
			1554	417
			1555	417
			1556	417
			1557	417
			1558	418
			1559	418
			1560	418
			1561	418
			1562	418
			1563	419
			1564	419
			1565	419
			1566	419
			1567	420
			1568	420
			1569	420
			1570	420
			1571	420
			1572	421
			1573	421
			1574	421
			1575	421
			1576	421
			1577	422
			1578	422
			1579	422
			1580	422
			1581	422
			1582	423
			1583	423
			1584	423
			1585	423
			1586	424
			1587	424
			1588	424
			1589	424
			1590	424
			1591	425
			1592	425
			1593	425
			1594	425
			1595	426
			1596	426
			1597	426
			1598	426
			1599	426
			1600	427
			1601	427
			1602	427
			1603	428
			1604	428
			1605	428
			1606	428
			1607	429
			1608	429
			1609	429
			1610	429
			1611	429
			1612	430
			1613	430
			1614	430
			1615	430
			1616	431
			1617	431
			1618	431
			1619	431
			1620	432
			1621	432
			1622	432
			1623	432
			1624	433
			1625	433
			1626	433
			1627	433
			1628	433
			1628	434
			1629	434
			1630	434
			1631	434
			1632	434
			1633	435
			1634	435
			1635	435
			1636	435
			1637	436
			1638	436
			1639	436
			1640	436
			1641	437
			1642	437
			1643	437
			1644	437
			1645	438
			1646	438
			1647	438
			1648	438
			1649	439
			1650	439
			1651	439
			1652	439
			1653	440
			1654	440
			1655	440
			1656	441
			1657	441
			1658	441
			1659	441
			1660	442
			1661	442
			1662	442
			1663	442
			1664	442
			1665	443
			1666	443
			1667	443
			1668	444
			1669	444
			1670	444
			1671	444
			1672	445
			1673	445
			1674	445
			1675	445
			1676	446
			1677	446
			1678	446
			1679	447
			1680	447
			1681	447
			1682	447
			1683	448
			1684	448
			1685	448
			1686	448
			1687	449
			1688	449
			1689	449
			1690	449
			1690	450
			1691	450
			1692	450
			1693	450
			1694	451
			1695	451
			1696	451
			1697	451
			1698	452
			1699	452
			1700	452
			1701	453
			1702	453
			1703	453
			1704	453
			1705	454
			1706	454
			1707	454
			1708	455
			1709	455
			1710	455
			1711	455
			1712	456
			1713	456
			1714	456
			1715	456
			1715	457
			1716	457
			1717	457
			1718	458
			1719	458
			1720	458
			1721	458
			1722	459
			1723	459
			1724	459
			1725	460
			1726	460
			1727	460
			1728	460
			1729	461
			1730	461
			1731	461
			1732	462
			1733	462
			1734	462
			1735	462
			1735	463
			1736	463
			1737	463
			1738	464
			1739	464
			1740	464
			1741	464
			1742	465
			1743	465
			1744	465
			1745	466
			1746	466
			1747	466
			1748	466
			1749	467
			1750	467
			1751	467
			1752	468
			1753	468
			1754	468
			1754	469
			1755	469
			1756	469
			1757	469
			1758	470
			1759	470
			1760	470
			1761	471
			1762	471
			1763	471
			1764	471
			1765	472
			1766	472
			1767	472
			1768	473
			1769	473
			1770	473
			1771	474
			1772	474
			1773	474
			1774	475
			1775	475
			1776	476
			1777	476
			1778	476
			1779	476
			1780	477
			1781	477
			1782	477
			1783	478
			1784	478
			1785	478
			1786	479
			1787	479
			1788	479
			1789	480
			1790	480
			1791	480
			1792	481
			1793	481
			1794	481
			1795	482
			1796	482
			1797	482
			1798	483
			1799	483
			1800	483
			1801	484
			1802	484
			1803	484
			1804	485
			1805	485
			1806	485
			1806	486
			1807	486
			1808	486
			1809	487
			1810	487
			1811	487
			1812	488
			1813	488
			1814	488
			1815	489
			1816	489
			1817	489
			1818	490
			1819	490
			1820	490
			1821	491
			1822	491
			1823	491
			1824	492
			1825	492
			1826	492
			1827	493
			1828	493
			1829	493
			1830	494
			1831	494
			1832	494
			1833	495
			1834	495
			1835	496
			1836	496
			1837	496
			1838	496
			1838	497
			1839	497
			1840	497
			1841	498
			1842	498
			1843	498
			1844	499
			1845	499
			1846	499
			1847	500
			1848	500
			1849	501
			1850	501
			1851	501
			1852	502
			1853	502
			1854	502
			1855	503
			1856	503
			1857	504
			1858	504
			1859	504
			1860	505
			1861	505
			1862	505
			1863	506
			1864	506
			1865	507
			1866	507
			1867	507
			1868	508
			1869	508
			1870	508
			1871	509
			1872	509
			1873	510
			1874	510
			1875	510
			1876	511
			1877	511
			1878	511
			1879	512
			1880	512
			1881	513
			1882	513
			1883	513
			1884	514
			1885	514
			1886	515
			1887	515
			1888	515
			1889	516
			1890	516
			1891	516
			1892	517
			1893	517
			1894	518
			1895	518
			1896	518
			1897	519
			1898	519
			1899	520
			1900	520
			1901	520
			1902	521
			1903	521
			1904	522
			1905	522
			1906	522
			1906	523
			1907	523
			1908	523
			1909	524
			1910	524
			1911	525
			1912	525
			1913	525
			1914	526
			1915	526
			1916	527
			1917	527
			1918	527
			1919	528
			1920	528
			1921	529
			1922	529
			1923	529
			1924	530
			1925	530
			1926	531
			1927	531
			1928	532
			1929	532
			1930	532
			1931	533
			1932	533
			1933	534
			1934	534
			1935	534
			1936	535
			1937	535
			1938	536
			1939	536
			1940	536
			1941	537
			1942	537
			1943	538
			1944	538
			1945	538
			1946	539
			1947	539
			1947	540
			1948	540
			1949	541
			1950	541
			1951	541
			1952	542
			1953	542
			1954	543
			1955	543
			1956	543
			1957	544
			1958	544
			1959	545
			1960	545
			1961	546
			1962	546
			1963	546
			1964	547
			1965	547
			1966	548
			1967	548
			1968	549
			1969	549
			1970	549
			1971	550
			1972	550
			1973	551
			1974	551
			1975	552
			1976	552
			1977	553
			1978	553
			1979	553
			1980	554
			1981	554
			1982	555
			1983	555
			1984	556
			1985	556
			1986	557
			1987	557
			1988	558
			1989	558
			1990	559
			1991	559
			1992	560
			1993	560
			1994	560
			1995	561
			1996	561
			1997	562
			1998	562
			1999	563
			2000	563
			2001	564
			2002	564
			2003	565
			2004	565
			2005	566
			2006	566
			2007	566
			2008	567
			2009	567
			2010	568
			2011	568
			2012	569
			2013	569
			2014	570
			2015	570
			2016	571
			2017	571
			2018	572
			2019	572
			2020	573
			2021	573
			2022	574
			2023	574
			2024	574
			2025	575
			2026	575
			2027	576
			2028	576
			2029	577
			2030	577
			2031	578
			2032	578
			2033	579
			2034	579
			2035	580
			2036	580
			2037	581
			2038	581
			2039	582
			2040	582
			2041	583
			2042	583
			2043	584
			2044	584
			2045	585
			2046	585
			2047	585
			2048	586
			2049	586
			2050	587
			2051	587
			2052	588
			2053	588
			2053	589
			2054	589
			2055	590
			2056	590
			2057	591
			2058	591
			2059	592
			2060	592
			2061	593
			2062	593
			2063	594
			2064	594
			2065	595
			2066	595
			2067	596
			2068	596
			2069	597
			2070	597
			2071	598
			2072	598
			2073	599
			2074	599
			2075	600
			2076	600
			2077	601
			2078	601
			2079	602
			2080	602
			2081	603
			2082	603
			2083	604
			2084	604
			2085	605
			2086	605
			2087	606
			2088	606
			2089	607
			2090	607
			2091	608
			2092	609
			2093	609
			2094	610
			2095	610
			2096	611
			2097	612
			2098	612
			2099	612
			2100	613
			2101	613
			2102	614
			2103	615
			2104	615
			2105	616
			2106	616
			2107	617
			2108	617
			2109	618
			2110	618
			2111	619
			2112	619
			2113	620
			2114	621
			2115	621
			2116	622
			2117	622
			2118	623
			2119	623
			2120	624
			2121	624
			2122	625
			2123	625
			2124	626
			2125	627
			2126	627
			2127	628
			2128	628
			2129	629
			2130	629
			2131	630
			2132	630
			2133	631
			2134	632
			2135	632
			2136	633
			2137	633
			2138	634
			2139	634
			2140	635
			2141	635
			2142	636
			2143	637
			2144	637
			2145	638
			2146	638
			2147	639
			2148	639
			2149	640
			2150	641
			2151	641
			2152	642
			2153	642
			2154	643
			2155	643
			2156	644
			2157	644
			2158	645
			2159	646
			2160	646
			2161	647
			2162	647
			2163	648
			2164	648
			2165	649
			2166	650
			2167	650
			2168	651
			2169	651
			2170	652
			2171	652
			2172	653
			2173	654
			2174	654
			2175	655
			2176	655
			2177	656
			2178	657
			2179	657
			2179	658
			2180	658
			2181	659
			2182	659
			2183	660
			2184	661
			2185	661
			2186	662
			2187	662
			2188	663
			2189	664
			2190	664
			2191	665
			2192	665
			2193	666
			2194	667
			2195	667
			2196	668
			2197	668
			2198	669
			2199	669
			2200	670
			2201	671
			2202	671
			2203	672
			2204	672
			2205	673
			2206	674
			2207	674
			2208	675
			2209	675
			2210	676
			2211	677
			2212	677
			2213	678
			2214	678
			2215	679
			2216	680
			2217	680
			2218	681
			2219	682
			2220	682
			2221	683
			2222	683
			2222	684
			2223	684
			2224	685
			2225	686
			2226	686
			2227	687
			2228	687
			2229	688
			2230	689
			2231	689
			2231	690
			2232	690
			2233	691
			2234	691
			2235	692
			2236	692
			2236	693
			2237	693
			2238	694
			2239	694
			2240	695
			2241	695
			2241	696
			2242	697
			2243	697
			2244	698
			2245	698
			2246	699
			2247	700
			2248	700
			2249	701
			2250	702
			2251	702
			2252	703
			2253	704
			2254	704
			2255	705
			2256	706
			2257	706
			2258	707
			2259	708
			2260	708
			2261	709
			2262	710
			2263	710
			2264	711
			2265	711
			2266	712
			2267	713
			2268	713
			2269	714
			2270	715
			2271	715
			2272	716
			2273	717
			2274	717
			2275	718
			2276	719
			2277	719
			2278	720
			2279	721
			2280	721
			2281	722
			2282	723
			2283	723
			2284	724
			2285	725
			2286	725
			2287	726
			2288	727
			2289	727
			2290	728
			2291	729
			2292	729
			2293	730
			2294	731
			2295	731
			2296	732
			2297	733
			2298	734
			2299	734
			2300	735
			2301	736
			2302	736
			2303	737
			2304	738
			2305	738
			2306	739
			2306	740
			2307	740
			2308	741
			2309	742
			2310	742
			2311	743
			2312	744
			2313	744
			2314	745
			2315	746
			2316	747
			2317	747
			2318	748
			2319	749
			2320	749
			2321	750
			2322	751
			2323	751
			2324	752
			2325	753
			2326	753
			2327	754
			2328	755
			2329	756
			2330	756
			2331	757
			2332	758
			2333	758
			2334	759
			2335	760
			2336	760
			2337	761
			2338	762
			2339	763
			2340	763
			2341	764
			2342	765
			2343	766
			2344	767
			2345	767
			2346	768
			2347	769
			2348	770
			2349	770
			2350	771
			2351	772
			2352	772
			2352	773
			2353	773
			2354	774
			2355	775
			2356	775
			2357	776
			2358	777
			2359	778
			2360	779
			2361	779
			2362	780
			2363	781
			2364	782
			2365	782
			2366	783
			2367	784
			2368	785
			2369	785
			2370	786
			2371	787
			2372	788
			2373	788
			2374	789
			2375	790
			2376	791
			2377	791
			2378	792
			2379	793
			2380	794
			2381	794
			2382	795
			2383	796
			2384	797
			2385	797
			2386	798
			2387	799
			2388	800
			2389	800
			2390	801
			2391	802
			2392	803
			2393	804
			2394	804
			2395	805
			2396	806
			2397	807
			2398	807
			2399	808
			2400	809
			2401	810
			2402	810
			2403	811
			2404	812
			2405	813
			2406	814
			2407	814
			2408	815
			2409	816
			2410	817
			2411	817
			2412	818
			2413	819
			2414	820
			2415	821
			2416	821
			2417	822
			2418	823
			2419	824
			2420	824
			2421	825
			2422	826
			2423	827
			2424	828
			2425	829
			2426	830
			2427	830
			2428	831
			2429	832
			2430	833
			2431	834
			2432	835
			2433	835
			2434	836
			2435	837
			2436	838
			2437	839
			2438	840
			2439	841
			2440	841
			2441	842
			2442	843
			2443	844
			2444	845
			2445	845
			2446	846
			2447	847
			2448	848
			2449	849
			2450	850
			2451	851
			2452	851
			2453	852
			2454	853
			2455	854
			2456	855
			2457	856
			2458	856
			2459	857
			2460	858
			2461	859
			2462	860
			2463	861
			2464	861
			2465	862
			2466	863
			2467	864
			2468	865
			2469	866
			2470	867
			2471	867
			2472	868
			2473	869
			2474	870
			2475	871
			2476	872
			2477	873
			2478	873
			2479	874
			2480	875
			2481	876
			2482	877
			2483	878
			2484	879
			2485	879
			2486	880
			2487	881
			2488	882
			2489	883
			2490	884
			2491	885
			2492	885
			2493	886
			2494	887
			2495	888
			2496	889
			2497	890
			2498	891
			2499	892
			2500	892
			2501	893
			2502	894
			2503	895
			2504	896
			2505	897
			2506	898
			2507	899
			2508	899
			2509	900
			2510	901
			2511	902
			2512	903
			2513	904
			2514	905
			2515	906
			2516	907
			2517	907
			2518	908
			2519	909
			2520	910
			2521	911
			2522	912
			2523	913
			2524	914
			2525	915
			2526	915
			2527	916
			2528	917
			2529	918
			2530	919
			2531	920
			2532	921
			2532	922
			2533	923
			2534	923
			2535	924
			2536	925
			2537	926
			2538	927
			2539	928
			2540	929
			2541	930
			2542	931
			2543	932
			2544	932
			2545	933
			2546	934
			2547	935
			2548	936
			2549	937
			2550	938
			2551	939
			2552	940
			2553	941
			2554	942
			2555	943
			2556	943
			2557	944
			2558	945
			2559	946
			2560	947
			2561	948
			2562	949
			2563	950
			2564	951
			2564	952
			2565	953
			2566	954
			2567	954
			2568	955
			2569	956
			2570	957
			2571	958
			2572	959
			2573	960
			2574	961
			2575	962
			2576	963
			2577	964
			2578	965
			2579	966
			2580	967
			2581	967
			2582	968
			2583	969
			2584	970
			2585	971
			2586	972
			2587	973
			2588	974
			2588	975
			2589	976
			2590	977
			2591	978
			2592	979
			2593	980
			2594	981
			2595	982
			2596	983
			2597	983
			2598	984
			2599	985
			2600	986
			2601	987
			2602	988
			2603	989
			2604	990
			2605	991
			2606	992
			2607	993
			2608	994
			2608	995
			2609	996
			2610	997
			2611	998
			2612	999
			2613	1000
			2614	1001
			2615	1002
			2616	1003
			2617	1003
			2618	1004
			2619	1005
			2620	1006
			2621	1007
			2622	1008
			2623	1009
			2624	1010
			2625	1011
			2625	1012
			2626	1013
			2627	1014
			2628	1015
			2629	1016
			2630	1017
			2631	1018
			2632	1019
			2633	1020
			2634	1021
			2635	1022
			2636	1023
			2637	1024
			2638	1025
			2639	1026
			2640	1027
			2641	1028
			2641	1029
			2642	1030
			2643	1031
			2644	1032
			2645	1033
			2646	1034
			2647	1035
			2648	1036
			2649	1037
			2650	1038
			2651	1039
			2652	1040
			2653	1041
			2654	1042
			2655	1043
			2655	1044
			2656	1045
			2657	1046
			2658	1047
			2659	1048
			2660	1049
			2661	1049
			2662	1050
			2663	1051
			2664	1052
			2665	1053
			2666	1054
			2667	1055
			2668	1056
			2668	1057
			2669	1058
			2670	1059
			2671	1060
			2671	1061
			2672	1061
			2673	1062
			2673	1063
			2674	1063
			2674	1064
			2675	1064
			2675	1065
			2676	1066
			2677	1067
			2678	1068
			2679	1069
			2680	1070
			2681	1071
			2682	1072
			2682	1073
			2683	1073
			2684	1074
			2684	1075
			2685	1075
			2686	1076
			2686	1077
			2687	1078
			2688	1078
			2688	1079
			2689	1080
			2690	1081
			2691	1082
			2692	1083
			2692	1084
			2693	1085
			2694	1086
			2695	1086
			2696	1087
			2696	1088
			2697	1089
			2698	1090
			2699	1091
			2700	1092
			2700	1093
			2701	1094
			2702	1094
			2703	1095
			2704	1096
			2704	1097
			2705	1098
			2706	1099
			2707	1100
			2707	1101
			2708	1102
			2709	1102
			2710	1103
			2711	1104
			2711	1105
			2712	1106
			2713	1107
			2714	1108
			2715	1109
			2715	1110
			2716	1111
			2717	1111
			2718	1112
			2718	1113
			2719	1114
			2720	1115
			2721	1116
			2722	1117
			2722	1118
			2723	1119
			2724	1120
			2725	1120
			2726	1121
			2726	1122
			2727	1123
			2728	1124
			2729	1125
			2729	1126
			2730	1127
			2731	1128
			2732	1129
			2733	1130
			2734	1131
			2735	1132
			2736	1133
			2736	1134
			2737	1134
			2737	1135
			2738	1136
			2739	1137
			2740	1138
			2741	1139
			2741	1140
			2742	1141
			2743	1142
			2744	1143
			2745	1144
			2746	1145
			2747	1146
			2747	1147
			2748	1148
			2749	1149
			2750	1150
			2751	1151
			2751	1152
			2752	1153
			2753	1154
			2754	1155
			2755	1156
			2755	1157
			2756	1157
			2757	1158
			2758	1159
			2759	1160
			2759	1161
			2760	1162
			2761	1163
			2762	1164
			2763	1165
			2763	1166
			2764	1167
			2765	1168
			2766	1169
			2767	1170
			2767	1171
			2768	1172
			2769	1173
			2770	1174
			2771	1175
			2771	1176
			2772	1177
			2773	1178
			2774	1179
			2774	1180
			2775	1181
			2776	1182
			2777	1183
			2778	1184
			2778	1185
			2779	1186
			2780	1187
			2781	1188
			2782	1189
			2783	1190
			2784	1191
			2784	1192
			2785	1193
			2786	1194
			2787	1195
			2788	1196
			2789	1197
			2789	1198
			2790	1199
			2791	1200
			2791	1201
			2792	1201
			2793	1202
			2793	1203
			2794	1204
			2795	1205
			2795	1206
			2796	1206
			2797	1207
			2797	1208
			2798	1209
			2799	1210
			2799	1211
			2800	1212
			2801	1212
			2801	1213
			2802	1214
			2803	1215
			2803	1216
			2804	1217
			2805	1218
			2806	1219
			2807	1220
			2808	1221
			2808	1222
			2809	1223
			2810	1224
			2811	1225
			2812	1226
			2813	1227
			2813	1228
			2814	1229
			2814	1230
			2815	1231
			2816	1232
			2817	1233
			2818	1234
			2818	1235
			2819	1235
			2819	1236
			2820	1237
			2820	1238
			2821	1239
			2822	1239
			2822	1240
			2823	1241
			2823	1242
			2824	1242
			2825	1243
			2825	1244
			2826	1245
			2827	1246
			2828	1247
			2828	1248
			2829	1249
			2830	1250
			2830	1251
			2831	1252
			2832	1252
			2832	1253
			2833	1254
			2834	1255
			2834	1256
			2835	1257
			2836	1258
			2837	1259
			2837	1260
			2838	1261
			2839	1262
			2840	1263
			2841	1264
			2841	1265
			2842	1266
			2843	1267
			2844	1268
			2844	1269
			2845	1270
			2846	1271
			2846	1272
			2847	1272
			2847	1273
			2848	1274
			2849	1275
			2849	1276
			2850	1276
			2850	1277
			2851	1278
			2852	1279
			2852	1280
			2853	1280
			2853	1281
			2854	1282
			2855	1283
			2855	1284
			2856	1284
			2856	1285
			2857	1286
			2857	1287
			2858	1288
			2859	1288
			2859	1289
			2860	1290
			2860	1291
			2861	1292
			2862	1292
			2862	1293
			2863	1294
			2863	1295
			2864	1296
			2865	1296
			2865	1297
			2866	1298
			2866	1299
			2867	1300
			2868	1300
			2868	1301
			2869	1302
			2869	1303
			2870	1304
			2870	1305
			2871	1305
			2872	1306
			2872	1307
			2873	1308
			2873	1309
			2874	1309
			2875	1310
			2875	1311
			2876	1312
			2876	1313
			2877	1313
			2878	1314
			2878	1315
			2879	1316
			2879	1317
			2880	1318
			2881	1319
			2882	1320
			2882	1321
			2883	1322
			2884	1323
			2885	1324
			2885	1325
			2886	1326
			2887	1327
			2887	1328
			2888	1329
			2889	1330
			2889	1331
			2890	1332
			2891	1333
			2892	1334
			2892	1335
			2893	1336
			2894	1337
			2894	1338
			2895	1339
			2896	1340
			2896	1341
			2897	1342
			2898	1343
			2898	1344
			2899	1345
			2900	1346
			2901	1347
			2901	1348
			2902	1349
			2903	1350
			2903	1351
			2904	1352
			2905	1353
			2905	1354
			2906	1355
			2907	1356
			2908	1357
			2908	1358
			2909	1359
			2910	1360
			2910	1361
			2911	1362
			2912	1363
			2912	1364
			2913	1365
			2914	1366
			2914	1367
			2915	1368
			2916	1369
			2917	1370
			2917	1371
			2918	1372
			2919	1373
			2919	1374
			2920	1375
			2921	1376
			2921	1377
			2922	1378
			2923	1379
			2923	1380
			2924	1381
			2925	1382
			2925	1383
			2926	1384
			2927	1385
			2928	1386
			2928	1387
			2929	1388
			2930	1389
			2930	1390
			2931	1391
			2932	1392
			2932	1393
			2933	1394
			2934	1395
			2934	1396
			2935	1397
			2936	1398
			2936	1399
			2937	1400
			2938	1401
			2938	1402
			2939	1403
			2940	1404
			2941	1405
			2941	1406
			2942	1407
			2943	1408
			2943	1409
			2944	1410
			2945	1411
			2945	1412
			2946	1413
			2947	1414
			2947	1415
			2947	1416
			2948	1416
			2948	1417
			2949	1418
			2949	1419
			2950	1420
			2951	1421
			2952	1422
			2952	1423
			2953	1424
			2954	1425
			2955	1426
			2955	1427
			2956	1428
			2956	1429
			2957	1430
			2957	1431
			2958	1432
			2959	1433
			2959	1434
			2960	1435
			2961	1436
			2962	1437
			2962	1438
			2963	1439
			2963	1440
			2964	1440
			2964	1441
			2964	1442
			2965	1442
			2965	1443
			2966	1444
			2967	1445
			2967	1446
			2968	1447
			2968	1448
			2969	1449
			2970	1450
			2970	1451
			2971	1452
			2972	1453
			2972	1454
			2973	1455
			2973	1456
			2974	1457
			2975	1458
			2975	1459
			2976	1460
			2977	1461
			2978	1462
			2978	1463
			2979	1464
			2980	1465
			2980	1466
			2981	1467
			2981	1468
			2982	1469
			2982	1470
			2983	1470
			2983	1471
			2984	1472
			2984	1473
			2985	1474
			2986	1475
			2986	1476
			2987	1477
			2988	1478
			2988	1479
			2989	1480
			2990	1481
			2990	1482
			2991	1483
			2991	1484
			2992	1485
			2993	1486
			2993	1487
			2994	1488
			2994	1489
			2995	1490
			2996	1491
			2996	1492
			2997	1493
			2998	1494
			2998	1495
			2999	1496
			2999	1497
			3000	1498
			3001	1499
			3001	1500
			3002	1501
			3002	1502
			3003	1503
			3004	1504
			3004	1505
			3005	1506
			3006	1507
			3006	1508
			3007	1509
			3007	1510
			3008	1511
			3009	1512
			3009	1513
			3010	1514
			3010	1515
			3011	1516
			3012	1517
			3012	1518
			3013	1519
			3013	1520
			3014	1521
			3015	1522
			3015	1523
			3016	1524
			3017	1525
			3017	1526
			3018	1527
			3018	1528
			3019	1529
			3020	1530
			3020	1531
			3021	1532
			3021	1533
			3022	1534
			3023	1535
			3023	1536
			3024	1537
			3024	1538
			3025	1539
			3026	1540
			3026	1541
			3027	1542
			3027	1543
			3028	1544
			3029	1545
			3029	1546
			3030	1547
			3030	1548
			3031	1549
			3032	1550
			3032	1551
			3033	1552
			3033	1553
			3034	1554
			3035	1555
			3035	1556
			3036	1557
			3036	1558
			3037	1559
			3038	1560
			3038	1561
			3039	1562
			3039	1563
			3040	1564
			3041	1565
			3041	1566
			3042	1567
			3042	1568
			3043	1569
			3044	1570
			3044	1571
			3044	1572
			3045	1572
			3045	1573
			3045	1574
			3046	1574
			3046	1575
			3047	1575
			3047	1576
			3047	1577
			3048	1577
			3048	1578
			3049	1579
			3049	1580
			3050	1581
			3050	1582
			3051	1583
			3052	1584
			3052	1585
			3053	1586
			3053	1587
			3054	1588
			3055	1589
			3055	1590
			3056	1591
			3056	1592
			3057	1593
			3057	1594
			3058	1595
			3059	1596
			3059	1597
			3059	1598
			3060	1598
			3060	1599
			3061	1600
			3061	1601
			3062	1602
			3063	1603
			3063	1604
			3064	1605
			3064	1606
			3065	1607
			3065	1608
			3066	1609
			3066	1610
			3067	1611
			3068	1612
			3068	1613
			3069	1614
			3069	1615
			3070	1616
			3071	1617
			3071	1618
			3071	1619
			3072	1620
			3073	1621
			3073	1622
			3074	1623
			3074	1624
			3075	1625
			3076	1626
			3076	1627
			3077	1628
			3077	1629
			3078	1630
			3078	1631
			3079	1632
			3079	1633
			3080	1634
			3080	1635
			3081	1636
			3082	1637
			3082	1638
			3083	1639
			3083	1640
			3084	1641
			3084	1642
			3085	1643
			3085	1644
			3086	1645
			3086	1646
			3087	1647
			3088	1648
			3088	1649
			3089	1650
			3089	1651
			3090	1652
			3091	1653
			3091	1654
			3092	1655
			3092	1656
			3093	1657
			3094	1658
			3094	1659
			3094	1660
			3095	1661
			3095	1662
			3096	1663
			3096	1664
			3097	1664
			3097	1665
			3098	1666
			3098	1667
			3099	1668
			3099	1669
			3100	1670
			3100	1671
			3101	1672
			3102	1673
			3102	1674
			3103	1675
			3103	1676
			3104	1677
			3104	1678
			3105	1679
			3105	1680
			3106	1681
			3106	1682
			3107	1683
			3107	1684
			3108	1685
			3109	1686
			3109	1687
			3110	1688
			3110	1689
			3111	1690
			3111	1691
			3112	1692
			3112	1693
			3113	1694
			3113	1695
			3114	1696
			3115	1697
			3115	1698
			3116	1699
			3116	1700
			3116	1701
			3117	1701
			3117	1702
			3117	1703
			3118	1703
			3118	1704
			3118	1705
			3119	1705
			3119	1706
			3119	1707
			3120	1707
			3120	1708
			3121	1709
			3122	1710
			3122	1711
			3122	1712
			3123	1713
			3123	1714
			3124	1714
			3124	1715
			3124	1716
			3125	1717
			3126	1718
			3126	1719
			3127	1720
			3127	1721
			3128	1722
			3128	1723
			3129	1724
			3129	1725
			3130	1726
			3130	1727
			3131	1728
			3131	1729
			3132	1730
			3132	1731
			3133	1732
			3133	1733
			3134	1734
			3135	1735
			3135	1736
			3135	1737
			3136	1738
			3136	1739
			3137	1739
			3137	1740
			3137	1741
			3138	1742
			3138	1743
			3139	1743
			3139	1744
			3140	1745
			3140	1746
			3140	1747
			3141	1747
			3141	1748
			3142	1749
			3142	1750
			3143	1751
			3143	1752
			3144	1753
			3144	1754
			3145	1755
			3145	1756
			3146	1757
			3146	1758
			3147	1759
			3147	1760
			3148	1761
			3148	1762
			3149	1763
			3149	1764
			3150	1765
			3150	1766
			3151	1767
			3151	1768
			3152	1769
			3152	1770
			3153	1771
			3153	1772
			3154	1773
			3154	1774
			3155	1775
			3155	1776
			3156	1777
			3156	1778
			3157	1779
			3157	1780
			3158	1781
			3158	1782
			3159	1783
			3159	1784
			3160	1785
			3160	1786
			3161	1787
			3161	1788
			3162	1789
			3162	1790
			3163	1791
			3163	1792
			3164	1793
			3164	1794
			3165	1795
			3165	1796
			3166	1797
			3166	1798
			3167	1799
			3167	1800
			3168	1801
			3168	1802
			3169	1803
			3169	1804
			3170	1805
			3170	1806
			3171	1807
			3171	1808
			3172	1809
			3172	1810
			3173	1811
			3173	1812
			3174	1813
			3174	1814
			3175	1815
			3175	1816
			3176	1817
			3176	1818
			3177	1819
			3177	1820
			3178	1821
			3178	1822
			3179	1823
			3179	1824
			3180	1825
			3180	1826
			3181	1827
			3181	1828
			3182	1829
			3182	1830
			3183	1831
			3183	1832
			3184	1833
			3184	1834
			3185	1835
			3185	1836
			3186	1837
			3186	1838
			3187	1839
			3187	1840
			3187	1841
			3188	1842
			3188	1843
			3189	1844
			3189	1845
			3190	1846
			3190	1847
			3191	1848
			3191	1849
			3192	1850
			3192	1851
			3193	1852
			3193	1853
			3194	1854
			3194	1855
			3195	1856
			3195	1857
			3196	1858
			3196	1859
			3197	1860
			3197	1861
			3198	1862
			3198	1863
			3199	1864
			3199	1865
			3200	1866
			3200	1867
			3201	1868
			3201	1869
			3202	1870
			3202	1871
			3202	1872
			3203	1873
			3203	1874
			3204	1875
			3204	1876
			3205	1877
			3205	1878
			3206	1879
			3206	1880
			3207	1881
			3207	1882
			3207	1883
			3208	1884
			3209	1885
			3209	1886
			3210	1887
			3210	1888
			3210	1889
			3211	1890
			3211	1891
			3212	1892
			3212	1893
			3213	1894
			3213	1895
			3214	1896
			3214	1897
			3215	1898
			3215	1899
			3215	1900
			3216	1901
			3216	1902
			3217	1903
			3217	1904
			3218	1905
			3218	1906
			3219	1907
			3219	1908
			3220	1909
			3220	1910
			3221	1911
			3221	1912
			3222	1913
			3222	1914
			3222	1915
			3223	1916
			3223	1917
			3224	1918
			3224	1919
			3225	1920
			3225	1921
			3226	1922
			3226	1923
			3226	1924
			3227	1925
			3227	1926
			3228	1927
			3228	1928
			3229	1929
			3229	1930
			3230	1931
			3230	1932
			3230	1933
			3231	1934
			3231	1935
			3232	1935
			3232	1936
			3233	1937
			3233	1938
			3234	1939
			3234	1940
			3234	1941
			3235	1942
			3235	1943
			3236	1944
			3236	1945
			3237	1946
			3237	1947
			3237	1948
			3238	1949
			3238	1950
			3239	1951
			3239	1952
			3240	1953
			3240	1954
			3241	1955
			3241	1956
			3241	1957
			3242	1958
			3242	1959
			3243	1960
			3243	1961
			3244	1962
			3244	1963
			3244	1964
			3245	1965
			3245	1966
			3246	1967
			3246	1968
			3247	1969
			3247	1970
			3248	1971
			3248	1972
			3248	1973
			3249	1974
			3249	1975
			3250	1976
			3250	1977
			3251	1977
			3251	1978
			3251	1979
			3252	1980
			3252	1981
			3253	1982
			3253	1983
			3254	1984
			3254	1985
			3254	1986
			3255	1987
			3255	1988
			3256	1989
			3256	1990
			3257	1991
			3257	1992
			3258	1993
			3258	1994
			3258	1995
			3259	1996
			3259	1997
			3260	1998
			3260	1999
			3261	2000
			3261	2001
			3261	2002
			3262	2003
			3262	2004
			3263	2005
			3263	2006
			3264	2007
			3264	2008
			3264	2009
			3265	2010
			3265	2011
			3266	2012
			3266	2013
			3267	2014
			3267	2015
			3267	2016
			3268	2017
			3268	2018
			3269	2019
			3269	2020
			3270	2021
			3270	2022
			3270	2023
			3271	2024
			3271	2025
			3272	2026
			3272	2027
			3273	2028
			3273	2029
			3273	2030
			3274	2031
			3274	2032
			3275	2033
			3275	2034
			3276	2035
			3276	2036
			3276	2037
			3277	2038
			3277	2039
			3278	2040
			3278	2041
			3279	2042
			3279	2043
			3279	2044
			3280	2045
			3280	2046
			3281	2047
			3281	2048
			3282	2049
			3282	2050
			3282	2051
			3283	2052
			3283	2053
			3284	2054
			3284	2055
			3284	2056
			3285	2057
			3285	2058
			3286	2059
			3286	2060
			3287	2061
			3287	2062
			3287	2063
			3288	2064
			3288	2065
			3289	2066
			3289	2067
			3290	2068
			3290	2069
			3290	2070
			3291	2071
			3291	2072
			3292	2073
			3292	2074
			3292	2075
			3293	2076
			3293	2077
			3294	2078
			3294	2079
			3295	2080
			3295	2081
			3295	2082
			3296	2083
			3296	2084
			3297	2085
			3297	2086
			3298	2087
			3298	2088
			3298	2089
			3299	2090
			3299	2091
			3299	2092
			3300	2093
			3300	2094
			3301	2095
			3301	2096
			3301	2097
			3302	2097
			3302	2098
			3302	2099
			3302	2100
			3303	2100
			3303	2101
			3303	2102
			3304	2102
			3304	2103
			3304	2104
			3305	2105
			3305	2106
			3306	2107
			3306	2108
			3306	2109
			3307	2110
			3307	2111
			3308	2112
			3308	2113
			3309	2114
			3309	2115
			3309	2116
			3309	2117
			3310	2117
			3310	2118
			3310	2119
			3311	2119
			3311	2120
			3311	2121
			3312	2122
			3312	2123
			3313	2124
			3313	2125
			3313	2126
			3314	2127
			3314	2128
			3315	2129
			3315	2130
			3315	2131
			3316	2132
			3316	2133
			3316	2134
			3317	2135
			3317	2136
			3317	2137
			3318	2137
			3318	2138
			3319	2139
			3319	2140
			3319	2141
			3320	2142
			3320	2143
			3320	2144
			3321	2145
			3321	2146
			3322	2147
			3322	2148
			3322	2149
			3323	2150
			3323	2151
			3324	2152
			3324	2153
			3324	2154
			3325	2154
			3325	2155
			3325	2156
			3326	2157
			3326	2158
			3326	2159
			3327	2160
			3327	2161
			3327	2162
			3328	2163
			3328	2164
			3329	2165
			3329	2166
			3330	2167
			3330	2168
			3330	2169
			3331	2170
			3331	2171
			3331	2172
			3332	2173
			3332	2174
			3333	2175
			3333	2176
			3333	2177
			3334	2178
			3334	2179
			3334	2180
			3335	2181
			3335	2182
			3336	2182
			3336	2183
			3336	2184
			3337	2185
			3337	2186
			3337	2187
			3338	2188
			3338	2189
			3339	2190
			3339	2191
			3339	2192
			3340	2193
			3340	2194
			3340	2195
			3341	2196
			3341	2197
			3342	2198
			3342	2199
			3342	2200
			3343	2201
			3343	2202
			3343	2203
			3344	2204
			3344	2205
			3345	2206
			3345	2207
			3345	2208
			3346	2209
			3346	2210
			3346	2211
			3347	2212
			3347	2213
			3348	2214
			3348	2215
			3348	2216
			3349	2217
			3349	2218
			3349	2219
			3350	2220
			3351	2221
			3351	2222
			3351	2223
			3351	2224
			3352	2224
			3352	2225
			3352	2226
			3353	2227
			3353	2228
			3353	2229
			3354	2230
			3354	2231
			3355	2232
			3355	2233
			3355	2234
			3356	2235
			3356	2236
			3357	2237
			3357	2238
			3357	2239
			3358	2240
			3358	2241
			3358	2242
			3359	2243
			3359	2244
			3360	2245
			3360	2246
			3360	2247
			3361	2248
			3361	2249
			3361	2250
			3362	2251
			3362	2252
			3362	2253
			3363	2253
			3363	2254
			3363	2255
			3363	2256
			3364	2256
			3364	2257
			3364	2258
			3364	2259
			3365	2259
			3365	2260
			3365	2261
			3366	2261
			3366	2262
			3366	2263
			3366	2264
			3367	2264
			3367	2265
			3367	2266
			3367	2267
			3368	2267
			3368	2268
			3368	2269
			3369	2270
			3369	2271
			3369	2272
			3370	2273
			3370	2274
			3370	2275
			3371	2276
			3371	2277
			3372	2278
			3372	2279
			3372	2280
			3373	2281
			3373	2282
			3374	2283
			3374	2284
			3374	2285
			3374	2286
			3375	2286
			3375	2287
			3375	2288
			3376	2289
			3376	2290
			3376	2291
			3377	2292
			3377	2293
			3377	2294
			3378	2295
			3378	2296
			3378	2297
			3379	2298
			3379	2299
			3380	2300
			3380	2301
			3380	2302
			3381	2303
			3381	2304
			3382	2305
			3382	2306
			3382	2307
			3383	2308
			3383	2309
			3383	2310
			3384	2311
			3384	2312
			3384	2313
			3385	2314
			3385	2315
			3385	2316
			3386	2317
			3386	2318
			3386	2319
			3387	2320
			3387	2321
			3388	2322
			3388	2323
			3388	2324
			3389	2325
			3389	2326
			3389	2327
			3390	2328
			3390	2329
			3390	2330
			3391	2331
			3391	2332
			3391	2333
			3392	2333
			3392	2334
			3392	2335
			3393	2336
			3393	2337
			3393	2338
			3394	2339
			3394	2340
			3394	2341
			3395	2342
			3395	2343
			3395	2344
			3396	2345
			3396	2346
			3397	2347
			3397	2348
			3397	2349
			3398	2350
			3398	2351
			3398	2352
			3399	2353
			3399	2354
			3399	2355
			3400	2356
			3400	2357
			3400	2358
			3401	2359
			3401	2360
			3401	2361
			3402	2362
			3402	2363
			3402	2364
			3403	2365
			3403	2366
			3403	2367
			3404	2368
			3404	2369
			3404	2370
			3405	2371
			3405	2372
			3405	2373
			3406	2374
			3406	2375
			3406	2376
			3407	2376
			3407	2377
			3407	2378
			3408	2379
			3408	2380
			3408	2381
			3409	2382
			3409	2383
			3409	2384
			3410	2385
			3410	2386
			3410	2387
			3411	2388
			3411	2389
			3412	2390
			3412	2391
			3412	2392
			3413	2393
			3413	2394
			3413	2395
			3414	2396
			3414	2397
			3414	2398
			3415	2399
			3415	2400
			3415	2401
			3416	2402
			3416	2403
			3416	2404
			3417	2405
			3417	2406
			3417	2407
			3418	2408
			3418	2409
			3418	2410
			3419	2411
			3419	2412
			3419	2413
			3420	2414
			3420	2415
			3420	2416
			3421	2417
			3421	2418
			3421	2419
			3422	2420
			3422	2421
			3422	2422
			3423	2423
			3423	2424
			3423	2425
			3424	2426
			3424	2427
			3424	2428
			3425	2429
			3425	2430
			3425	2431
			3426	2432
			3426	2433
			3426	2434
			3427	2435
			3427	2436
			3427	2437
			3428	2438
			3428	2439
			3428	2440
			3429	2441
			3429	2442
			3429	2443
			3430	2444
			3430	2445
			3430	2446
			3431	2447
			3431	2448
			3431	2449
			3432	2450
			3432	2451
		</anterior>
		<posterior type=matrix rownames=FALSE colnames=FALSE nrow=5677 ncol=2 as.numeric=TRUE >
			662	2451
			663	2451
			664	2451
			665	2451
			666	2451
			667	2451
			668	2451
			669	2451
			670	2451
			671	2451
			672	2451
			673	2450
			674	2450
			675	2450
			676	2450
			677	2450
			678	2450
			679	2450
			680	2450
			681	2450
			682	2450
			683	2450
			684	2450
			685	2450
			686	2450
			687	2450
			688	2450
			689	2449
			690	2449
			691	2449
			692	2449
			693	2449
			694	2449
			695	2449
			696	2449
			697	2449
			698	2449
			699	2449
			700	2449
			701	2448
			702	2448
			703	2448
			704	2448
			705	2448
			706	2448
			707	2448
			708	2448
			709	2448
			710	2448
			711	2448
			712	2447
			713	2447
			714	2447
			715	2447
			716	2447
			717	2447
			718	2447
			719	2447
			720	2447
			721	2447
			721	2446
			722	2446
			723	2446
			724	2446
			725	2446
			726	2446
			727	2446
			728	2446
			729	2446
			730	2445
			731	2445
			732	2445
			733	2445
			734	2445
			735	2445
			736	2445
			737	2445
			738	2445
			739	2444
			740	2444
			741	2444
			742	2444
			743	2444
			744	2444
			745	2444
			746	2443
			747	2443
			748	2443
			749	2443
			750	2443
			751	2443
			752	2443
			753	2443
			754	2442
			755	2442
			756	2442
			757	2442
			758	2442
			759	2442
			760	2442
			761	2441
			762	2441
			763	2441
			764	2441
			765	2441
			766	2441
			767	2440
			768	2440
			769	2440
			770	2440
			771	2440
			772	2440
			773	2439
			774	2439
			775	2439
			776	2439
			777	2439
			778	2439
			779	2438
			780	2438
			781	2438
			782	2438
			783	2438
			784	2438
			785	2437
			786	2437
			787	2437
			788	2437
			789	2437
			790	2437
			791	2436
			792	2436
			793	2436
			794	2436
			795	2436
			796	2435
			797	2435
			798	2435
			799	2435
			800	2435
			801	2435
			802	2434
			803	2434
			804	2434
			805	2434
			806	2434
			807	2434
			807	2433
			808	2433
			809	2433
			810	2433
			811	2433
			812	2433
			813	2432
			814	2432
			815	2432
			816	2432
			817	2432
			818	2431
			819	2431
			820	2431
			821	2431
			822	2431
			822	2430
			823	2430
			824	2430
			825	2430
			826	2430
			827	2430
			828	2429
			829	2429
			830	2429
			831	2429
			832	2429
			833	2428
			834	2428
			835	2428
			836	2428
			837	2427
			838	2427
			839	2427
			840	2427
			841	2427
			842	2426
			843	2426
			844	2426
			845	2426
			846	2426
			847	2425
			848	2425
			849	2425
			850	2425
			851	2424
			852	2424
			853	2424
			854	2424
			855	2424
			856	2423
			857	2423
			858	2423
			859	2423
			860	2422
			861	2422
			862	2422
			863	2422
			864	2422
			865	2421
			866	2421
			867	2421
			868	2421
			869	2420
			870	2420
			871	2420
			872	2420
			873	2419
			874	2419
			875	2419
			876	2419
			877	2418
			878	2418
			879	2418
			880	2418
			881	2417
			882	2417
			883	2417
			884	2417
			885	2416
			886	2416
			887	2416
			888	2416
			889	2416
			890	2415
			891	2415
			892	2415
			893	2415
			894	2414
			895	2414
			896	2414
			897	2414
			898	2413
			899	2413
			900	2413
			901	2413
			902	2412
			903	2412
			904	2412
			905	2412
			906	2411
			907	2411
			908	2411
			909	2411
			910	2410
			911	2410
			912	2410
			913	2410
			913	2409
			914	2409
			915	2409
			916	2409
			917	2409
			917	2408
			918	2408
			919	2408
			920	2408
			921	2408
			921	2407
			922	2407
			923	2407
			924	2407
			925	2406
			926	2406
			927	2406
			928	2406
			929	2405
			930	2405
			931	2405
			932	2405
			933	2404
			934	2404
			935	2404
			936	2403
			937	2403
			938	2403
			939	2403
			940	2402
			941	2402
			942	2402
			943	2402
			944	2401
			945	2401
			946	2401
			947	2401
			947	2400
			948	2400
			949	2400
			950	2399
			951	2399
			952	2399
			953	2399
			954	2398
			955	2398
			956	2398
			957	2398
			958	2397
			959	2397
			960	2397
			961	2396
			962	2396
			963	2396
			964	2396
			965	2395
			966	2395
			967	2395
			968	2394
			969	2394
			970	2394
			971	2394
			972	2393
			973	2393
			974	2393
			975	2392
			976	2392
			977	2392
			978	2391
			979	2391
			980	2391
			981	2391
			982	2390
			983	2390
			984	2390
			985	2389
			986	2389
			987	2389
			988	2389
			989	2388
			990	2388
			991	2388
			992	2387
			993	2387
			994	2387
			995	2386
			996	2386
			997	2386
			998	2385
			999	2385
			1000	2385
			1001	2385
			1002	2384
			1003	2384
			1004	2384
			1005	2383
			1006	2383
			1007	2383
			1008	2382
			1009	2382
			1010	2382
			1011	2382
			1012	2381
			1013	2381
			1014	2381
			1015	2380
			1016	2380
			1017	2380
			1018	2379
			1019	2379
			1020	2379
			1021	2379
			1022	2378
			1023	2378
			1024	2377
			1025	2377
			1026	2377
			1027	2377
			1028	2376
			1029	2376
			1030	2376
			1031	2375
			1032	2375
			1033	2375
			1034	2374
			1035	2374
			1036	2374
			1037	2373
			1038	2373
			1039	2373
			1040	2373
			1041	2372
			1042	2372
			1043	2372
			1043	2371
			1044	2371
			1045	2371
			1046	2370
			1047	2370
			1048	2370
			1049	2369
			1050	2369
			1051	2369
			1052	2369
			1053	2368
			1054	2368
			1055	2368
			1056	2367
			1057	2367
			1058	2367
			1059	2366
			1060	2366
			1061	2366
			1061	2365
			1062	2365
			1063	2365
			1064	2364
			1065	2364
			1066	2364
			1067	2364
			1068	2363
			1069	2363
			1070	2363
			1071	2362
			1072	2362
			1073	2362
			1074	2361
			1075	2361
			1076	2361
			1077	2360
			1078	2360
			1079	2360
			1080	2359
			1081	2359
			1082	2359
			1083	2358
			1084	2358
			1085	2358
			1086	2357
			1087	2357
			1088	2356
			1089	2356
			1090	2356
			1091	2356
			1091	2355
			1092	2355
			1093	2355
			1094	2354
			1095	2354
			1096	2354
			1097	2353
			1098	2353
			1099	2353
			1100	2352
			1101	2352
			1102	2352
			1103	2351
			1104	2351
			1105	2351
			1106	2350
			1107	2350
			1108	2349
			1109	2349
			1110	2349
			1111	2348
			1112	2348
			1113	2348
			1114	2347
			1115	2347
			1116	2347
			1117	2346
			1118	2346
			1119	2346
			1120	2345
			1121	2345
			1122	2345
			1123	2344
			1124	2344
			1125	2344
			1126	2343
			1127	2343
			1128	2343
			1128	2342
			1129	2342
			1130	2342
			1131	2341
			1132	2341
			1133	2341
			1134	2340
			1135	2340
			1136	2340
			1137	2340
			1137	2339
			1138	2339
			1139	2339
			1140	2338
			1141	2338
			1142	2338
			1143	2337
			1144	2337
			1145	2337
			1146	2336
			1147	2336
			1148	2335
			1149	2335
			1150	2335
			1151	2334
			1152	2334
			1153	2334
			1154	2333
			1155	2333
			1156	2333
			1156	2332
			1157	2332
			1158	2332
			1159	2332
			1159	2331
			1160	2331
			1161	2331
			1162	2330
			1163	2330
			1164	2329
			1165	2329
			1166	2329
			1167	2328
			1168	2328
			1169	2328
			1170	2327
			1171	2327
			1172	2327
			1173	2326
			1174	2326
			1175	2326
			1176	2325
			1177	2325
			1178	2325
			1178	2324
			1179	2324
			1180	2323
			1181	2323
			1182	2323
			1183	2322
			1184	2322
			1185	2322
			1186	2321
			1187	2321
			1188	2321
			1189	2320
			1190	2320
			1191	2320
			1192	2319
			1193	2319
			1194	2318
			1195	2318
			1196	2318
			1197	2317
			1198	2317
			1199	2317
			1200	2316
			1201	2316
			1202	2315
			1203	2315
			1204	2315
			1205	2314
			1206	2314
			1207	2313
			1208	2313
			1209	2313
			1210	2312
			1211	2312
			1212	2311
			1213	2311
			1214	2311
			1215	2310
			1216	2310
			1217	2310
			1218	2309
			1219	2309
			1220	2308
			1221	2308
			1222	2308
			1223	2307
			1224	2307
			1225	2306
			1226	2306
			1227	2306
			1228	2305
			1229	2305
			1230	2305
			1231	2304
			1232	2304
			1233	2303
			1234	2303
			1235	2303
			1236	2302
			1237	2302
			1238	2301
			1239	2301
			1240	2301
			1241	2300
			1242	2300
			1243	2300
			1243	2299
			1244	2299
			1245	2299
			1246	2298
			1247	2298
			1248	2298
			1249	2297
			1250	2297
			1251	2297
			1251	2296
			1252	2296
			1253	2295
			1254	2295
			1255	2295
			1256	2294
			1257	2294
			1258	2294
			1259	2293
			1260	2293
			1261	2292
			1262	2292
			1263	2291
			1264	2291
			1265	2291
			1266	2290
			1267	2290
			1268	2290
			1269	2289
			1270	2289
			1271	2288
			1272	2288
			1273	2288
			1274	2287
			1275	2287
			1276	2286
			1277	2286
			1278	2286
			1279	2285
			1280	2285
			1281	2285
			1282	2284
			1283	2284
			1283	2283
			1284	2283
			1285	2283
			1286	2282
			1287	2282
			1288	2282
			1289	2281
			1290	2281
			1291	2280
			1292	2280
			1293	2280
			1294	2279
			1295	2279
			1296	2278
			1297	2278
			1298	2278
			1299	2277
			1300	2277
			1301	2277
			1301	2276
			1302	2276
			1303	2275
			1304	2275
			1305	2275
			1306	2274
			1307	2274
			1308	2273
			1309	2273
			1310	2273
			1311	2272
			1312	2272
			1313	2271
			1314	2271
			1315	2271
			1316	2271
			1317	2271
			1318	2271
			1319	2272
			1320	2272
			1321	2272
			1322	2272
			1323	2272
			1324	2272
			1325	2272
			1326	2272
			1327	2272
			1328	2272
			1329	2273
			1330	2273
			1331	2273
			1332	2273
			1333	2273
			1334	2273
			1335	2273
			1336	2273
			1337	2273
			1338	2273
			1339	2274
			1340	2274
			1341	2274
			1342	2274
			1343	2274
			1344	2274
			1345	2274
			1346	2274
			1347	2274
			1348	2274
			1349	2275
			1350	2275
			1351	2275
			1352	2275
			1353	2275
			1354	2275
			1355	2275
			1356	2275
			1357	2275
			1358	2276
			1359	2276
			1360	2276
			1361	2276
			1362	2276
			1363	2276
			1364	2276
			1365	2276
			1366	2276
			1367	2276
			1368	2277
			1369	2277
			1370	2277
			1371	2277
			1372	2277
			1373	2277
			1374	2277
			1375	2277
			1376	2277
			1377	2277
			1378	2278
			1379	2278
			1380	2278
			1381	2278
			1382	2278
			1383	2278
			1384	2278
			1385	2278
			1386	2278
			1387	2279
			1388	2279
			1389	2279
			1390	2279
			1391	2279
			1392	2279
			1393	2279
			1394	2279
			1395	2279
			1396	2279
			1397	2280
			1398	2280
			1399	2280
			1400	2280
			1401	2280
			1402	2280
			1403	2280
			1404	2280
			1405	2280
			1406	2280
			1407	2281
			1408	2281
			1409	2281
			1410	2281
			1411	2281
			1412	2281
			1413	2281
			1414	2281
			1415	2281
			1416	2281
			1417	2282
			1418	2282
			1419	2282
			1420	2282
			1421	2282
			1422	2282
			1423	2282
			1424	2282
			1425	2282
			1426	2282
			1427	2283
			1428	2283
			1429	2283
			1430	2283
			1431	2283
			1432	2283
			1433	2283
			1434	2283
			1435	2283
			1436	2284
			1437	2284
			1438	2284
			1439	2284
			1440	2284
			1441	2284
			1442	2284
			1443	2284
			1444	2284
			1445	2284
			1446	2285
			1447	2285
			1448	2285
			1449	2285
			1450	2285
			1451	2285
			1452	2285
			1453	2285
			1454	2285
			1455	2286
			1456	2286
			1457	2286
			1458	2286
			1459	2286
			1460	2286
			1461	2286
			1462	2286
			1463	2286
			1464	2286
			1465	2287
			1466	2287
			1467	2287
			1468	2287
			1469	2287
			1470	2287
			1471	2287
			1472	2287
			1473	2287
			1474	2287
			1475	2288
			1476	2288
			1477	2288
			1478	2288
			1479	2288
			1480	2288
			1481	2288
			1482	2288
			1483	2288
			1484	2288
			1485	2289
			1486	2289
			1487	2289
			1488	2289
			1489	2289
			1490	2289
			1491	2289
			1492	2289
			1493	2289
			1494	2290
			1495	2290
			1496	2290
			1497	2290
			1498	2290
			1499	2290
			1500	2290
			1501	2290
			1502	2290
			1503	2290
			1504	2291
			1505	2291
			1506	2291
			1507	2291
			1508	2291
			1509	2291
			1510	2291
			1511	2291
			1512	2291
			1513	2291
			1514	2292
			1515	2292
			1516	2292
			1517	2292
			1518	2292
			1519	2292
			1520	2292
			1521	2292
			1522	2292
			1523	2292
			1524	2293
			1525	2293
			1526	2293
			1527	2293
			1528	2293
			1529	2293
			1530	2293
			1531	2293
			1532	2293
			1533	2293
			1534	2294
			1535	2294
			1536	2294
			1537	2294
			1538	2294
			1539	2294
			1540	2294
			1541	2294
			1542	2294
			1543	2294
			1544	2295
			1545	2295
			1546	2295
			1547	2295
			1548	2295
			1549	2295
			1550	2295
			1551	2295
			1552	2295
			1553	2296
			1554	2296
			1555	2296
			1556	2296
			1557	2296
			1558	2296
			1559	2296
			1560	2296
			1561	2296
			1562	2296
			1563	2297
			1564	2297
			1565	2297
			1566	2297
			1567	2297
			1568	2297
			1569	2297
			1570	2297
			1571	2297
			1572	2298
			1573	2298
			1574	2298
			1575	2298
			1576	2298
			1577	2298
			1578	2298
			1579	2298
			1580	2298
			1581	2298
			1582	2299
			1583	2299
			1584	2299
			1585	2299
			1586	2299
			1587	2299
			1588	2299
			1589	2299
			1590	2299
			1591	2299
			1592	2300
			1593	2300
			1594	2300
			1595	2300
			1596	2300
			1597	2300
			1598	2300
			1599	2300
			1600	2300
			1601	2300
			1602	2301
			1603	2301
			1604	2301
			1605	2301
			1606	2301
			1607	2301
			1608	2301
			1609	2301
			1610	2301
			1611	2301
			1612	2302
			1613	2302
			1614	2302
			1615	2302
			1616	2302
			1617	2302
			1618	2302
			1619	2302
			1620	2302
			1621	2302
			1622	2303
			1623	2303
			1624	2303
			1625	2303
			1626	2303
			1627	2303
			1628	2303
			1629	2303
			1630	2303
			1631	2304
			1632	2304
			1633	2304
			1634	2304
			1635	2304
			1636	2304
			1637	2304
			1638	2304
			1639	2304
			1640	2304
			1641	2305
			1642	2305
			1643	2305
			1644	2305
			1645	2305
			1646	2305
			1647	2305
			1648	2305
			1649	2305
			1650	2305
			1651	2306
			1652	2306
			1653	2306
			1654	2306
			1655	2306
			1656	2306
			1657	2306
			1658	2306
			1659	2306
			1660	2306
			1661	2307
			1662	2307
			1663	2307
			1664	2307
			1665	2307
			1666	2307
			1667	2307
			1668	2307
			1669	2307
			1670	2308
			1671	2308
			1672	2308
			1673	2308
			1674	2308
			1675	2308
			1676	2308
			1677	2308
			1678	2308
			1679	2308
			1680	2308
			1680	2309
			1681	2309
			1682	2309
			1683	2309
			1684	2309
			1685	2309
			1686	2309
			1687	2309
			1688	2309
			1689	2309
			1690	2310
			1691	2310
			1692	2310
			1693	2310
			1694	2310
			1695	2310
			1696	2310
			1697	2310
			1698	2310
			1699	2310
			1700	2311
			1701	2311
			1702	2311
			1703	2311
			1704	2311
			1705	2311
			1706	2311
			1707	2311
			1708	2311
			1709	2311
			1710	2312
			1711	2312
			1712	2312
			1713	2312
			1714	2312
			1715	2312
			1716	2312
			1717	2312
			1718	2312
			1719	2312
			1720	2313
			1721	2313
			1722	2313
			1723	2313
			1724	2313
			1725	2313
			1726	2313
			1727	2313
			1728	2313
			1729	2313
			1730	2314
			1731	2314
			1732	2314
			1733	2314
			1734	2314
			1735	2314
			1736	2314
			1737	2314
			1738	2314
			1739	2314
			1740	2315
			1741	2315
			1742	2315
			1743	2315
			1744	2315
			1745	2315
			1746	2315
			1747	2315
			1748	2315
			1749	2316
			1750	2316
			1751	2316
			1752	2316
			1753	2316
			1754	2316
			1755	2316
			1756	2316
			1757	2316
			1758	2316
			1759	2316
			1760	2317
			1761	2317
			1762	2317
			1763	2317
			1764	2317
			1765	2317
			1766	2317
			1767	2317
			1768	2317
			1769	2317
			1770	2318
			1771	2318
			1772	2318
			1773	2318
			1774	2318
			1775	2318
			1776	2318
			1777	2318
			1778	2318
			1779	2319
			1780	2319
			1781	2319
			1782	2319
			1783	2319
			1784	2319
			1785	2319
			1786	2319
			1787	2319
			1788	2319
			1789	2320
			1790	2320
			1791	2320
			1792	2320
			1793	2320
			1794	2320
			1795	2320
			1796	2320
			1797	2320
			1798	2320
			1799	2321
			1800	2321
			1801	2321
			1802	2321
			1803	2321
			1804	2321
			1805	2321
			1806	2321
			1807	2321
			1808	2322
			1809	2322
			1810	2322
			1811	2322
			1812	2322
			1813	2322
			1814	2322
			1815	2322
			1816	2322
			1817	2322
			1818	2323
			1819	2323
			1820	2323
			1821	2323
			1822	2323
			1823	2323
			1824	2323
			1825	2323
			1826	2323
			1827	2323
			1828	2324
			1829	2324
			1830	2324
			1831	2324
			1832	2324
			1833	2324
			1834	2324
			1835	2324
			1836	2324
			1837	2324
			1838	2325
			1839	2325
			1840	2325
			1841	2325
			1842	2325
			1843	2325
			1844	2325
			1845	2325
			1846	2325
			1847	2325
			1848	2326
			1849	2326
			1850	2326
			1851	2326
			1852	2326
			1853	2326
			1854	2326
			1855	2326
			1856	2326
			1857	2326
			1858	2327
			1859	2327
			1860	2327
			1861	2327
			1862	2327
			1863	2327
			1864	2327
			1865	2327
			1866	2327
			1867	2327
			1868	2328
			1869	2328
			1870	2328
			1871	2328
			1872	2328
			1873	2328
			1874	2328
			1875	2328
			1876	2328
			1877	2328
			1878	2329
			1879	2329
			1880	2329
			1881	2329
			1882	2329
			1883	2329
			1884	2329
			1885	2329
			1886	2329
			1887	2329
			1888	2330
			1889	2330
			1890	2330
			1891	2330
			1892	2330
			1893	2330
			1894	2330
			1895	2330
			1896	2330
			1897	2331
			1898	2331
			1899	2331
			1900	2331
			1901	2331
			1902	2331
			1903	2331
			1904	2331
			1905	2331
			1906	2331
			1907	2332
			1908	2332
			1909	2332
			1910	2332
			1911	2332
			1912	2332
			1913	2332
			1914	2332
			1915	2332
			1916	2332
			1917	2333
			1918	2333
			1919	2333
			1920	2333
			1921	2333
			1922	2333
			1923	2333
			1924	2333
			1925	2333
			1926	2333
			1927	2334
			1928	2334
			1929	2334
			1930	2334
			1931	2334
			1932	2334
			1933	2334
			1934	2334
			1935	2334
			1936	2334
			1937	2335
			1938	2335
			1939	2335
			1940	2335
			1941	2335
			1942	2335
			1943	2335
			1944	2335
			1945	2335
			1946	2335
			1947	2336
			1948	2336
			1949	2336
			1950	2336
			1951	2336
			1952	2336
			1953	2336
			1954	2336
			1955	2336
			1956	2336
			1957	2337
			1958	2337
			1959	2337
			1960	2337
			1961	2337
			1962	2337
			1963	2337
			1964	2337
			1965	2337
			1966	2337
			1967	2338
			1968	2338
			1969	2338
			1970	2338
			1971	2338
			1972	2338
			1973	2338
			1974	2338
			1975	2338
			1976	2338
			1977	2339
			1978	2339
			1979	2339
			1980	2339
			1981	2339
			1982	2339
			1983	2339
			1984	2339
			1985	2339
			1986	2339
			1987	2340
			1988	2340
			1989	2340
			1990	2340
			1991	2340
			1992	2340
			1993	2340
			1994	2340
			1995	2340
			1996	2340
			1997	2341
			1998	2341
			1999	2341
			2000	2341
			2001	2341
			2002	2341
			2003	2341
			2004	2341
			2005	2341
			2006	2341
			2007	2342
			2008	2342
			2009	2342
			2010	2342
			2011	2342
			2012	2342
			2013	2342
			2014	2342
			2015	2342
			2016	2342
			2017	2343
			2018	2343
			2019	2343
			2020	2343
			2021	2343
			2022	2343
			2023	2343
			2024	2343
			2025	2343
			2026	2343
			2027	2344
			2028	2344
			2029	2344
			2030	2344
			2031	2344
			2032	2344
			2033	2344
			2034	2344
			2035	2344
			2036	2344
			2037	2345
			2038	2345
			2039	2345
			2040	2345
			2041	2345
			2042	2345
			2043	2345
			2044	2345
			2045	2345
			2046	2345
			2047	2346
			2048	2346
			2049	2346
			2050	2346
			2051	2346
			2052	2346
			2053	2346
			2054	2346
			2055	2346
			2056	2346
			2057	2347
			2058	2347
			2059	2347
			2060	2347
			2061	2347
			2062	2347
			2063	2347
			2064	2347
			2065	2347
			2066	2347
			2067	2348
			2068	2348
			2069	2348
			2070	2348
			2071	2348
			2072	2348
			2073	2348
			2074	2348
			2075	2348
			2076	2349
			2077	2349
			2078	2349
			2079	2349
			2080	2349
			2081	2349
			2082	2349
			2083	2349
			2084	2349
			2085	2349
			2086	2350
			2087	2350
			2088	2350
			2089	2350
			2090	2350
			2091	2350
			2092	2350
			2093	2350
			2094	2350
			2095	2350
			2096	2351
			2097	2351
			2098	2351
			2099	2351
			2100	2351
			2101	2351
			2102	2351
			2103	2351
			2104	2351
			2105	2351
			2106	2352
			2107	2352
			2108	2352
			2109	2352
			2110	2352
			2111	2352
			2112	2352
			2113	2352
			2114	2352
			2115	2352
			2116	2352
			2117	2353
			2118	2353
			2119	2353
			2120	2353
			2121	2353
			2122	2353
			2123	2353
			2124	2353
			2125	2353
			2126	2353
			2127	2354
			2128	2354
			2129	2354
			2130	2354
			2131	2354
			2132	2354
			2133	2354
			2134	2354
			2135	2354
			2136	2354
			2137	2355
			2138	2355
			2139	2355
			2140	2355
			2141	2355
			2142	2355
			2143	2355
			2144	2355
			2145	2355
			2146	2355
			2146	2356
			2147	2356
			2148	2356
			2149	2356
			2150	2356
			2151	2356
			2152	2356
			2153	2356
			2154	2356
			2155	2356
			2156	2356
			2157	2357
			2158	2357
			2159	2357
			2160	2357
			2161	2357
			2162	2357
			2163	2357
			2164	2357
			2165	2357
			2166	2357
			2167	2358
			2168	2358
			2169	2358
			2170	2358
			2171	2358
			2172	2358
			2173	2358
			2174	2358
			2175	2358
			2176	2358
			2176	2359
			2177	2359
			2178	2359
			2179	2359
			2180	2359
			2181	2359
			2182	2359
			2183	2359
			2184	2359
			2185	2359
			2186	2359
			2187	2360
			2188	2360
			2189	2360
			2190	2360
			2191	2360
			2192	2360
			2193	2360
			2194	2360
			2195	2360
			2196	2360
			2197	2361
			2198	2361
			2199	2361
			2200	2361
			2201	2361
			2202	2361
			2203	2361
			2204	2361
			2205	2361
			2206	2361
			2207	2362
			2208	2362
			2209	2362
			2210	2362
			2211	2362
			2212	2362
			2213	2362
			2214	2362
			2215	2362
			2216	2362
			2217	2363
			2218	2363
			2219	2363
			2220	2363
			2221	2363
			2222	2363
			2223	2363
			2224	2363
			2225	2363
			2226	2363
			2227	2364
			2228	2364
			2229	2364
			2230	2364
			2231	2364
			2232	2364
			2233	2364
			2234	2364
			2235	2364
			2236	2364
			2237	2365
			2238	2365
			2239	2365
			2240	2365
			2241	2365
			2242	2365
			2243	2365
			2244	2365
			2245	2365
			2246	2365
			2247	2366
			2248	2366
			2249	2366
			2250	2366
			2251	2366
			2252	2366
			2253	2366
			2254	2366
			2255	2366
			2256	2366
			2257	2367
			2258	2367
			2259	2367
			2260	2367
			2261	2367
			2262	2367
			2263	2367
			2264	2367
			2265	2367
			2266	2367
			2267	2368
			2268	2368
			2269	2368
			2270	2368
			2271	2368
			2272	2368
			2273	2368
			2274	2368
			2275	2368
			2276	2368
			2277	2368
			2278	2369
			2279	2369
			2280	2369
			2281	2369
			2282	2369
			2283	2369
			2284	2369
			2285	2369
			2286	2369
			2287	2369
			2288	2370
			2289	2370
			2290	2370
			2291	2370
			2292	2370
			2293	2370
			2294	2370
			2295	2370
			2296	2370
			2297	2370
			2297	2371
			2298	2371
			2299	2371
			2300	2371
			2301	2371
			2302	2371
			2303	2371
			2304	2371
			2305	2371
			2306	2371
			2307	2371
			2308	2372
			2309	2372
			2310	2372
			2311	2372
			2312	2372
			2313	2372
			2314	2372
			2315	2372
			2316	2372
			2317	2372
			2318	2373
			2319	2373
			2320	2373
			2321	2373
			2322	2373
			2323	2373
			2324	2373
			2325	2373
			2326	2373
			2327	2373
			2328	2374
			2329	2374
			2330	2374
			2331	2374
			2332	2374
			2333	2374
			2334	2374
			2335	2374
			2336	2374
			2337	2374
			2338	2375
			2339	2375
			2340	2375
			2341	2375
			2342	2375
			2343	2375
			2344	2375
			2345	2375
			2346	2375
			2347	2375
			2348	2375
			2349	2376
			2350	2376
			2351	2376
			2352	2376
			2353	2376
			2354	2376
			2355	2376
			2356	2376
			2357	2376
			2358	2376
			2359	2377
			2360	2377
			2361	2377
			2362	2377
			2363	2377
			2364	2377
			2365	2377
			2366	2377
			2367	2377
			2368	2377
			2369	2378
			2370	2378
			2371	2378
			2372	2378
			2373	2378
			2374	2378
			2375	2378
			2376	2378
			2377	2378
			2378	2378
			2379	2379
			2380	2379
			2381	2379
			2382	2379
			2383	2379
			2384	2379
			2385	2379
			2386	2379
			2387	2379
			2388	2379
			2389	2380
			2390	2380
			2391	2380
			2392	2380
			2393	2380
			2394	2380
			2395	2380
			2396	2380
			2397	2380
			2398	2380
			2399	2381
			2400	2381
			2401	2381
			2402	2381
			2403	2381
			2404	2381
			2405	2381
			2406	2381
			2407	2381
			2408	2381
			2409	2381
			2410	2382
			2411	2382
			2412	2382
			2413	2382
			2414	2382
			2415	2382
			2416	2382
			2417	2382
			2418	2382
			2419	2382
			2420	2383
			2421	2383
			2422	2383
			2423	2383
			2424	2383
			2425	2383
			2426	2383
			2427	2383
			2428	2383
			2429	2383
			2430	2383
			2430	2384
			2431	2384
			2432	2384
			2433	2384
			2434	2384
			2435	2384
			2436	2384
			2437	2384
			2438	2384
			2439	2384
			2440	2385
			2441	2385
			2442	2385
			2443	2385
			2444	2385
			2445	2385
			2446	2385
			2447	2385
			2448	2385
			2449	2385
			2450	2385
			2451	2386
			2452	2386
			2453	2386
			2454	2386
			2455	2386
			2456	2386
			2457	2386
			2458	2386
			2459	2386
			2460	2386
			2461	2387
			2462	2387
			2463	2387
			2464	2387
			2465	2387
			2466	2387
			2467	2387
			2468	2387
			2469	2387
			2470	2387
			2471	2387
			2472	2388
			2473	2388
			2474	2388
			2475	2388
			2476	2388
			2477	2388
			2478	2388
			2479	2388
			2480	2388
			2481	2388
			2482	2389
			2483	2389
			2484	2389
			2485	2389
			2486	2389
			2487	2389
			2488	2389
			2489	2389
			2490	2389
			2491	2389
			2492	2390
			2493	2390
			2494	2390
			2495	2390
			2496	2390
			2497	2390
			2498	2390
			2499	2390
			2500	2390
			2501	2390
			2502	2391
			2503	2391
			2504	2391
			2505	2391
			2506	2391
			2507	2391
			2508	2391
			2509	2391
			2510	2391
			2511	2391
			2512	2391
			2513	2392
			2514	2392
			2515	2392
			2516	2392
			2517	2392
			2518	2392
			2519	2392
			2520	2392
			2521	2392
			2522	2392
			2523	2393
			2524	2393
			2525	2393
			2526	2393
			2527	2393
			2528	2393
			2529	2393
			2530	2393
			2531	2393
			2532	2393
			2533	2393
			2534	2394
			2535	2394
			2536	2394
			2537	2394
			2538	2394
			2539	2394
			2540	2394
			2541	2394
			2542	2394
			2543	2395
			2544	2395
			2545	2395
			2546	2395
			2547	2395
			2548	2395
			2549	2395
			2550	2395
			2551	2395
			2552	2395
			2553	2395
			2554	2396
			2555	2396
			2556	2396
			2557	2396
			2558	2396
			2559	2396
			2560	2396
			2561	2396
			2562	2396
			2563	2396
			2564	2397
			2565	2397
			2566	2397
			2567	2397
			2568	2397
			2569	2397
			2570	2397
			2571	2397
			2572	2397
			2573	2397
			2574	2397
			2575	2398
			2576	2398
			2577	2398
			2578	2398
			2579	2398
			2580	2398
			2581	2398
			2582	2398
			2583	2398
			2584	2398
			2585	2398
			2586	2399
			2587	2399
			2588	2399
			2589	2399
			2590	2399
			2591	2399
			2592	2399
			2593	2399
			2594	2399
			2595	2399
			2596	2400
			2597	2400
			2598	2400
			2599	2400
			2600	2400
			2601	2400
			2602	2400
			2603	2400
			2604	2400
			2605	2400
			2606	2401
			2607	2401
			2608	2401
			2609	2401
			2610	2401
			2611	2401
			2612	2401
			2613	2401
			2614	2401
			2615	2401
			2616	2401
			2617	2402
			2618	2402
			2619	2402
			2620	2402
			2621	2402
			2622	2402
			2623	2402
			2624	2402
			2625	2402
			2626	2402
			2627	2403
			2628	2403
			2629	2403
			2630	2403
			2631	2403
			2632	2403
			2633	2403
			2634	2403
			2635	2403
			2636	2403
			2637	2403
			2637	2404
			2638	2404
			2639	2404
			2640	2404
			2641	2404
			2642	2404
			2643	2404
			2644	2404
			2645	2404
			2646	2404
			2647	2404
			2648	2405
			2649	2405
			2650	2405
			2651	2405
			2652	2405
			2653	2405
			2654	2405
			2655	2405
			2656	2405
			2657	2405
			2658	2405
			2659	2406
			2660	2406
			2661	2406
			2662	2406
			2663	2406
			2664	2406
			2665	2406
			2666	2406
			2667	2406
			2668	2406
			2669	2407
			2670	2407
			2671	2407
			2672	2407
			2673	2407
			2674	2407
			2675	2407
			2676	2407
			2677	2407
			2678	2407
			2679	2408
			2680	2408
			2681	2408
			2682	2408
			2683	2408
			2684	2408
			2685	2408
			2686	2408
			2687	2408
			2688	2408
			2689	2408
			2690	2409
			2691	2409
			2692	2409
			2693	2409
			2694	2409
			2695	2409
			2696	2409
			2697	2409
			2698	2409
			2699	2409
			2700	2409
			2701	2410
			2702	2410
			2703	2410
			2704	2410
			2705	2410
			2706	2410
			2707	2410
			2708	2410
			2709	2410
			2710	2410
			2711	2410
			2712	2411
			2713	2411
			2714	2411
			2715	2411
			2716	2411
			2717	2411
			2718	2411
			2719	2411
			2720	2411
			2721	2411
			2722	2412
			2723	2412
			2724	2412
			2725	2412
			2726	2412
			2727	2412
			2728	2412
			2729	2412
			2730	2412
			2731	2412
			2732	2412
			2733	2413
			2734	2413
			2735	2413
			2736	2413
			2737	2413
			2738	2413
			2739	2413
			2740	2413
			2741	2413
			2742	2413
			2743	2413
			2744	2414
			2745	2414
			2746	2414
			2747	2414
			2748	2414
			2749	2414
			2750	2414
			2751	2414
			2752	2414
			2753	2414
			2754	2415
			2755	2415
			2756	2415
			2757	2415
			2758	2415
			2759	2415
			2760	2415
			2761	2415
			2762	2415
			2763	2415
			2764	2415
			2765	2416
			2766	2416
			2767	2416
			2768	2416
			2769	2416
			2770	2416
			2771	2416
			2772	2416
			2773	2416
			2774	2416
			2775	2416
			2776	2417
			2777	2417
			2778	2417
			2779	2417
			2780	2417
			2781	2417
			2782	2417
			2783	2417
			2784	2417
			2785	2417
			2786	2417
			2787	2418
			2788	2418
			2789	2418
			2790	2418
			2791	2418
			2792	2418
			2793	2418
			2794	2418
			2795	2418
			2796	2418
			2797	2418
			2798	2419
			2799	2419
			2800	2419
			2801	2419
			2802	2419
			2803	2419
			2804	2419
			2805	2419
			2806	2419
			2807	2419
			2808	2419
			2809	2420
			2810	2420
			2811	2420
			2812	2420
			2813	2420
			2814	2420
			2815	2420
			2816	2420
			2817	2420
			2818	2420
			2819	2420
			2820	2421
			2821	2421
			2822	2421
			2823	2421
			2824	2421
			2825	2421
			2826	2421
			2827	2421
			2828	2421
			2829	2421
			2830	2422
			2831	2422
			2832	2422
			2833	2422
			2834	2422
			2835	2422
			2836	2422
			2837	2422
			2838	2422
			2839	2422
			2840	2422
			2841	2423
			2842	2423
			2843	2423
			2844	2423
			2845	2423
			2846	2423
			2847	2423
			2848	2423
			2849	2423
			2850	2423
			2851	2423
			2852	2423
			2852	2424
			2853	2424
			2854	2424
			2855	2424
			2856	2424
			2857	2424
			2858	2424
			2859	2424
			2860	2424
			2861	2424
			2862	2424
			2863	2424
			2864	2425
			2865	2425
			2866	2425
			2867	2425
			2868	2425
			2869	2425
			2870	2425
			2871	2425
			2872	2425
			2873	2425
			2874	2426
			2875	2426
			2876	2426
			2877	2426
			2878	2426
			2879	2426
			2880	2426
			2881	2426
			2882	2426
			2883	2426
			2884	2426
			2885	2426
			2886	2427
			2887	2427
			2888	2427
			2889	2427
			2890	2427
			2891	2427
			2892	2427
			2893	2427
			2894	2427
			2895	2427
			2896	2427
			2897	2428
			2898	2428
			2899	2428
			2900	2428
			2901	2428
			2902	2428
			2903	2428
			2904	2428
			2905	2428
			2906	2428
			2907	2428
			2908	2429
			2909	2429
			2910	2429
			2911	2429
			2912	2429
			2913	2429
			2914	2429
			2915	2429
			2916	2429
			2917	2429
			2918	2429
			2919	2430
			2920	2430
			2921	2430
			2922	2430
			2923	2430
			2924	2430
			2925	2430
			2926	2430
			2927	2430
			2928	2430
			2929	2430
			2930	2430
			2931	2431
			2932	2431
			2933	2431
			2934	2431
			2935	2431
			2936	2431
			2937	2431
			2938	2431
			2939	2431
			2940	2431
			2941	2431
			2942	2432
			2943	2432
			2944	2432
			2945	2432
			2946	2432
			2947	2432
			2948	2432
			2949	2432
			2950	2432
			2951	2432
			2952	2432
			2953	2432
			2954	2433
			2955	2433
			2956	2433
			2957	2433
			2958	2433
			2959	2433
			2960	2433
			2961	2433
			2962	2433
			2963	2433
			2964	2434
			2965	2434
			2966	2434
			2967	2434
			2968	2434
			2969	2434
			2970	2434
			2971	2434
			2972	2434
			2973	2434
			2974	2434
			2975	2434
			2976	2434
			2977	2435
			2978	2435
			2979	2435
			2980	2435
			2981	2435
			2982	2435
			2983	2435
			2984	2435
			2985	2435
			2986	2435
			2987	2435
			2988	2435
			2989	2436
			2990	2436
			2991	2436
			2992	2436
			2993	2436
			2994	2436
			2995	2436
			2996	2436
			2997	2436
			2998	2436
			2999	2436
			3000	2437
			3001	2437
			3002	2437
			3003	2437
			3004	2437
			3005	2437
			3006	2437
			3007	2437
			3008	2437
			3009	2437
			3010	2437
			3011	2437
			3012	2438
			3013	2438
			3014	2438
			3015	2438
			3016	2438
			3017	2438
			3018	2438
			3019	2438
			3020	2438
			3021	2438
			3022	2438
			3023	2438
			3024	2439
			3025	2439
			3026	2439
			3027	2439
			3028	2439
			3029	2439
			3030	2439
			3031	2439
			3032	2439
			3033	2439
			3034	2439
			3035	2439
			3036	2440
			3037	2440
			3038	2440
			3039	2440
			3040	2440
			3041	2440
			3042	2440
			3043	2440
			3044	2440
			3045	2440
			3046	2440
			3047	2440
			3048	2441
			3049	2441
			3050	2441
			3051	2441
			3052	2441
			3053	2441
			3054	2441
			3055	2441
			3056	2441
			3057	2441
			3058	2441
			3059	2441
			3060	2442
			3061	2442
			3062	2442
			3063	2442
			3064	2442
			3065	2442
			3066	2442
			3067	2442
			3068	2442
			3069	2442
			3070	2442
			3071	2442
			3072	2442
			3073	2443
			3074	2443
			3075	2443
			3076	2443
			3077	2443
			3078	2443
			3079	2443
			3080	2443
			3081	2443
			3082	2443
			3083	2443
			3084	2443
			3085	2443
			3086	2443
			3086	2444
			3087	2444
			3088	2444
			3089	2444
			3090	2444
			3091	2444
			3092	2444
			3093	2444
			3094	2444
			3095	2444
			3096	2444
			3097	2444
			3098	2444
			3099	2445
			3100	2445
			3101	2445
			3102	2445
			3103	2445
			3104	2445
			3105	2445
			3106	2445
			3107	2445
			3108	2445
			3109	2445
			3110	2445
			3111	2445
			3112	2445
			3113	2446
			3114	2446
			3115	2446
			3116	2446
			3117	2446
			3118	2446
			3119	2446
			3120	2446
			3121	2446
			3122	2446
			3123	2446
			3124	2446
			3125	2446
			3126	2446
			3127	2447
			3128	2447
			3129	2447
			3130	2447
			3131	2447
			3132	2447
			3133	2447
			3134	2447
			3135	2447
			3136	2447
			3137	2447
			3138	2447
			3139	2447
			3140	2447
			3141	2448
			3142	2448
			3143	2448
			3144	2448
			3145	2448
			3146	2448
			3147	2448
			3148	2448
			3149	2448
			3150	2448
			3151	2448
			3152	2448
			3153	2448
			3154	2448
			3155	2448
			3156	2448
			3157	2449
			3158	2449
			3159	2449
			3160	2449
			3161	2449
			3162	2449
			3163	2449
			3164	2449
			3165	2449
			3166	2449
			3167	2449
			3168	2449
			3169	2449
			3170	2449
			3171	2449
			3172	2449
			3173	2449
			3174	2450
			3175	2450
			3176	2450
			3177	2450
			3178	2450
			3179	2450
			3180	2450
			3181	2450
			3182	2450
			3183	2450
			3184	2450
			3185	2450
			3186	2450
			3187	2450
			3188	2450
			3189	2450
			3190	2450
			3191	2450
			3192	2450
			3193	2450
			3194	2451
			3195	2451
			3196	2451
			3197	2451
			3198	2451
			3199	2451
			3200	2451
			3201	2451
			3202	2451
			3203	2451
			3204	2451
			3205	2451
			3206	2451
			3207	2451
			3208	2451
			3209	2451
			3210	2451
			3211	2451
			3212	2451
			3213	2451
			3214	2451
			3215	2451
			3215	2452
			3216	2452
			3217	2453
			3218	2453
			3219	2454
			3220	2455
			3221	2455
			3222	2456
			3223	2456
			3224	2457
			3225	2458
			3226	2458
			3227	2459
			3228	2460
			3229	2460
			3230	2461
			3231	2462
			3232	2462
			3233	2463
			3234	2463
			3235	2464
			3236	2465
			3237	2465
			3238	2466
			3239	2467
			3240	2467
			3241	2468
			3242	2469
			3243	2469
			3244	2470
			3245	2471
			3246	2471
			3247	2472
			3248	2473
			3249	2473
			3250	2474
			3251	2475
			3252	2476
			3253	2476
			3254	2477
			3255	2478
			3256	2478
			3257	2479
			3258	2480
			3259	2481
			3260	2481
			3261	2482
			3262	2483
			3263	2484
			3264	2484
			3265	2485
			3266	2486
			3267	2487
			3268	2487
			3269	2488
			3270	2489
			3271	2490
			3272	2490
			3273	2491
			3274	2492
			3275	2493
			3276	2493
			3277	2494
			3278	2495
			3279	2496
			3280	2497
			3281	2497
			3282	2498
			3283	2499
			3284	2500
			3285	2501
			3286	2501
			3287	2502
			3288	2503
			3289	2504
			3290	2505
			3291	2506
			3292	2506
			3293	2507
			3294	2508
			3295	2509
			3296	2510
			3297	2511
			3298	2511
			3299	2512
			3300	2513
			3301	2514
			3302	2515
			3303	2516
			3304	2517
			3305	2518
			3306	2518
			3307	2519
			3308	2520
			3309	2521
			3310	2522
			3311	2523
			3312	2524
			3313	2525
			3314	2526
			3315	2527
			3316	2527
			3317	2528
			3318	2529
			3319	2530
			3320	2531
			3321	2532
			3322	2533
			3323	2534
			3324	2535
			3325	2536
			3326	2537
			3327	2538
			3328	2539
			3329	2540
			3330	2541
			3331	2542
			3332	2542
			3333	2543
			3334	2544
			3335	2545
			3336	2546
			3337	2547
			3338	2548
			3339	2549
			3340	2550
			3341	2551
			3342	2552
			3343	2553
			3344	2554
			3345	2555
			3346	2556
			3347	2557
			3348	2558
			3349	2559
			3350	2560
			3351	2561
			3351	2562
			3352	2563
			3353	2563
			3353	2564
			3354	2565
			3355	2566
			3356	2567
			3357	2568
			3358	2569
			3359	2570
			3359	2571
			3360	2571
			3361	2572
			3362	2573
			3362	2574
			3363	2574
			3364	2575
			3364	2576
			3365	2577
			3366	2578
			3367	2578
			3367	2579
			3368	2580
			3369	2581
			3369	2582
			3370	2582
			3371	2583
			3372	2584
			3372	2585
			3373	2585
			3374	2586
			3374	2587
			3375	2588
			3376	2589
			3377	2589
			3377	2590
			3378	2591
			3379	2592
			3379	2593
			3380	2594
			3381	2594
			3382	2595
			3382	2596
			3383	2597
			3384	2598
			3385	2599
			3386	2600
			3387	2601
			3388	2602
			3389	2603
			3389	2604
			3390	2605
			3391	2606
			3392	2607
			3393	2608
			3394	2609
			3395	2610
			3395	2611
			3396	2612
			3397	2613
			3398	2614
			3399	2615
			3400	2616
			3401	2617
			3401	2618
			3402	2619
			3402	2620
			3403	2620
			3404	2621
			3404	2622
			3405	2622
			3405	2623
			3406	2623
			3406	2624
			3407	2625
			3408	2626
			3409	2627
			3409	2628
			3410	2629
			3411	2630
			3412	2631
			3412	2632
			3413	2633
			3414	2634
			3415	2635
			3415	2636
			3416	2637
			3417	2638
			3418	2639
			3419	2640
			3420	2641
			3420	2642
			3421	2642
			3421	2643
			3422	2644
			3423	2645
			3424	2646
			3424	2647
			3425	2648
			3426	2649
			3427	2650
			3428	2651
			3428	2652
			3429	2653
			3430	2654
			3431	2655
			3431	2656
			3432	2657
			3433	2658
			3434	2659
			3434	2660
			3435	2661
			3436	2662
			3437	2663
			3438	2664
			3438	2665
			3439	2666
			3440	2667
			3441	2668
			3441	2669
			3441	2670
			3442	2671
			3442	2672
			3442	2673
			3442	2674
			3443	2675
			3443	2676
			3443	2677
			3443	2678
			3444	2679
			3444	2680
			3444	2681
			3444	2682
			3444	2683
			3445	2684
			3445	2685
			3445	2686
			3446	2687
			3446	2688
			3446	2689
			3446	2690
			3447	2691
			3447	2692
			3447	2693
			3447	2694
			3447	2695
			3448	2696
			3448	2697
			3448	2698
			3449	2699
			3449	2700
			3449	2701
			3449	2702
			3450	2703
			3450	2704
			3450	2705
			3450	2706
			3451	2707
			3451	2708
			3451	2709
			3451	2710
			3452	2711
			3452	2712
			3452	2713
			3452	2714
			3453	2715
			3453	2716
			3453	2717
			3453	2718
			3453	2719
			3454	2719
			3454	2720
			3454	2721
			3454	2722
			3455	2723
			3455	2724
			3455	2725
			3455	2726
			3456	2727
			3456	2728
			3456	2729
			3456	2730
			3457	2731
			3457	2732
			3457	2733
			3457	2734
			3458	2735
			3458	2736
			3458	2737
			3458	2738
			3459	2739
			3459	2740
			3459	2741
			3459	2742
			3460	2743
			3460	2744
			3460	2745
			3461	2746
			3461	2747
			3461	2748
			3461	2749
			3461	2750
			3462	2751
			3462	2752
			3462	2753
			3462	2754
			3463	2755
			3463	2756
			3463	2757
			3463	2758
			3464	2759
			3464	2760
			3464	2761
			3464	2762
			3465	2763
			3465	2764
			3465	2765
			3465	2766
			3466	2767
			3466	2768
			3466	2769
			3466	2770
			3467	2771
			3467	2772
			3467	2773
			3467	2774
			3468	2775
			3468	2776
			3468	2777
			3468	2778
			3469	2779
			3469	2780
			3469	2781
			3469	2782
			3470	2783
			3470	2784
			3470	2785
			3470	2786
			3471	2787
			3471	2788
			3471	2789
			3471	2790
			3472	2791
			3472	2792
			3472	2793
			3472	2794
			3473	2795
			3473	2796
			3473	2797
			3473	2798
			3474	2799
			3474	2800
			3474	2801
			3475	2802
			3475	2803
			3475	2804
			3475	2805
			3475	2806
			3476	2807
			3476	2808
			3476	2809
			3476	2810
			3477	2811
			3477	2812
			3477	2813
			3478	2814
			3478	2815
			3478	2816
			3478	2817
			3479	2818
			3479	2819
			3479	2820
			3479	2821
			3480	2822
			3480	2823
			3480	2824
			3480	2825
			3481	2826
			3481	2827
			3481	2828
			3481	2829
			3482	2830
			3482	2831
			3482	2832
			3482	2833
			3483	2834
			3483	2835
			3483	2836
			3483	2837
			3484	2838
			3484	2839
			3484	2840
			3484	2841
			3485	2842
			3485	2843
			3485	2844
			3485	2845
			3486	2846
			3486	2847
			3486	2848
			3486	2849
			3487	2850
			3487	2851
			3487	2852
			3487	2853
			3488	2854
			3488	2855
			3488	2856
			3488	2857
			3488	2858
			3489	2859
			3489	2860
			3489	2861
			3489	2862
			3490	2863
			3490	2864
			3490	2865
			3490	2866
			3491	2867
			3491	2868
			3491	2869
			3491	2870
			3492	2871
			3492	2872
			3492	2873
			3492	2874
			3493	2875
			3493	2876
			3493	2877
			3493	2878
			3494	2879
			3494	2880
			3494	2881
			3494	2882
			3495	2883
			3495	2884
			3495	2885
			3495	2886
			3496	2887
			3496	2888
			3496	2889
			3496	2890
			3497	2891
			3497	2892
			3497	2893
			3497	2894
			3498	2895
			3498	2896
			3498	2897
			3498	2898
			3499	2899
			3499	2900
			3499	2901
			3499	2902
			3500	2903
			3500	2904
			3500	2905
			3500	2906
			3501	2907
			3501	2908
			3501	2909
			3501	2910
			3502	2911
			3502	2912
			3502	2913
			3502	2914
			3503	2915
			3503	2916
			3503	2917
			3503	2918
			3504	2919
			3504	2920
			3504	2921
			3504	2922
			3505	2923
			3505	2924
			3505	2925
			3505	2926
			3506	2927
			3506	2928
			3506	2929
			3506	2930
			3507	2931
			3507	2932
			3507	2933
			3507	2934
			3508	2935
			3508	2936
			3508	2937
			3508	2938
			3509	2939
			3509	2940
			3509	2941
			3509	2942
			3510	2943
			3510	2944
			3510	2945
			3510	2946
			3511	2947
			3511	2948
			3511	2949
			3511	2950
			3512	2951
			3512	2952
			3512	2953
			3512	2954
			3513	2955
			3513	2956
			3513	2957
			3513	2958
			3514	2959
			3514	2960
			3514	2961
			3514	2962
			3515	2963
			3515	2964
			3515	2965
			3515	2966
			3516	2967
			3516	2968
			3516	2969
			3516	2970
			3516	2971
			3517	2972
			3517	2973
			3517	2974
			3517	2975
			3518	2976
			3518	2977
			3518	2978
			3518	2979
			3519	2980
			3519	2981
			3519	2982
			3519	2983
			3520	2984
			3520	2985
			3520	2986
			3520	2987
			3521	2988
			3521	2989
			3521	2990
			3521	2991
			3522	2992
			3522	2993
			3522	2994
			3522	2995
			3523	2996
			3523	2997
			3523	2998
			3523	2999
			3524	3000
			3524	3001
			3524	3002
			3524	3003
			3525	3004
			3525	3005
			3525	3006
			3525	3007
			3526	3008
			3526	3009
			3526	3010
			3526	3011
			3527	3012
			3527	3013
			3527	3014
			3527	3015
			3528	3016
			3528	3017
			3528	3018
			3528	3019
			3529	3020
			3529	3021
			3529	3022
			3529	3023
			3530	3024
			3530	3025
			3530	3026
			3530	3027
			3531	3028
			3531	3029
			3531	3030
			3531	3031
			3532	3032
			3532	3033
			3532	3034
			3532	3035
			3533	3036
			3533	3037
			3533	3038
			3533	3039
			3534	3040
			3534	3041
			3534	3042
			3534	3043
			3535	3044
			3535	3045
			3535	3046
			3535	3047
			3535	3048
			3536	3049
			3536	3050
			3536	3051
			3536	3052
			3537	3053
			3537	3054
			3537	3055
			3537	3056
			3538	3057
			3538	3058
			3538	3059
			3538	3060
			3539	3061
			3539	3062
			3539	3063
			3539	3064
			3540	3065
			3540	3066
			3540	3067
			3540	3068
			3541	3069
			3541	3070
			3541	3071
			3541	3072
			3542	3073
			3542	3074
			3542	3075
			3542	3076
			3542	3077
			3543	3078
			3543	3079
			3543	3080
			3543	3081
			3544	3082
			3544	3083
			3544	3084
			3544	3085
			3545	3086
			3545	3087
			3545	3088
			3545	3089
			3546	3090
			3546	3091
			3546	3092
			3547	3093
			3547	3094
			3547	3095
			3547	3096
			3547	3097
			3548	3098
			3548	3099
			3548	3100
			3548	3101
			3549	3102
			3549	3103
			3549	3104
			3549	3105
			3550	3106
			3550	3107
			3550	3108
			3550	3109
			3551	3110
			3551	3111
			3551	3112
			3551	3113
			3552	3114
			3552	3115
			3552	3116
			3552	3117
			3553	3118
			3553	3119
			3553	3120
			3553	3121
			3554	3122
			3554	3123
			3554	3124
			3554	3125
			3555	3126
			3555	3127
			3555	3128
			3555	3129
			3556	3130
			3556	3131
			3556	3132
			3556	3133
			3556	3134
			3557	3135
			3557	3136
			3557	3137
			3557	3138
			3558	3139
			3558	3140
			3558	3141
			3558	3142
			3559	3143
			3559	3144
			3559	3145
			3559	3146
			3560	3147
			3560	3148
			3560	3149
			3560	3150
			3561	3151
			3561	3152
			3561	3153
			3561	3154
			3562	3155
			3562	3156
			3562	3157
			3562	3158
			3562	3159
			3563	3160
			3563	3161
			3563	3162
			3563	3163
			3564	3164
			3564	3165
			3564	3166
			3564	3167
			3565	3168
			3565	3169
			3565	3170
			3565	3171
			3566	3172
			3566	3173
			3566	3174
			3566	3175
			3567	3176
			3567	3177
			3567	3178
			3567	3179
			3568	3180
			3568	3181
			3568	3182
			3568	3183
			3569	3184
			3569	3185
			3569	3186
			3569	3187
			3569	3188
			3570	3188
			3570	3189
			3570	3190
			3570	3191
			3570	3192
			3571	3193
			3571	3194
			3571	3195
			3572	3196
			3572	3197
			3572	3198
			3572	3199
			3572	3200
			3573	3201
			3573	3202
			3573	3203
			3573	3204
			3574	3205
			3574	3206
			3574	3207
			3574	3208
			3575	3209
			3575	3210
			3575	3211
			3575	3212
			3576	3213
			3576	3214
			3576	3215
			3576	3216
			3577	3217
			3577	3218
			3577	3219
			3577	3220
			3578	3221
			3578	3222
			3578	3223
			3578	3224
			3578	3225
			3579	3226
			3579	3227
			3579	3228
			3579	3229
			3580	3230
			3580	3231
			3580	3232
			3580	3233
			3581	3234
			3581	3235
			3581	3236
			3581	3237
			3582	3238
			3582	3239
			3582	3240
			3582	3241
			3582	3242
			3583	3243
			3583	3244
			3583	3245
			3583	3246
			3584	3247
			3584	3248
			3584	3249
			3584	3250
			3585	3251
			3585	3252
			3585	3253
			3585	3254
			3586	3255
			3586	3256
			3586	3257
			3586	3258
			3587	3259
			3587	3260
			3587	3261
			3587	3262
			3588	3263
			3588	3264
			3588	3265
			3588	3266
			3589	3267
			3589	3268
			3589	3269
			3589	3270
			3590	3271
			3590	3272
			3590	3273
			3590	3274
			3590	3275
			3591	3276
			3591	3277
			3591	3278
			3591	3279
			3592	3280
			3592	3281
			3592	3282
			3592	3283
			3593	3284
			3593	3285
			3593	3286
			3593	3287
			3594	3288
			3594	3289
			3594	3290
			3594	3291
			3595	3292
			3595	3293
			3595	3294
			3595	3295
			3595	3296
			3596	3297
			3596	3298
			3596	3299
			3596	3300
			3597	3301
			3597	3302
			3597	3303
			3597	3304
			3598	3305
			3598	3306
			3598	3307
			3598	3308
			3599	3309
			3599	3310
			3599	3311
			3599	3312
			3599	3313
			3600	3314
			3600	3315
			3600	3316
			3600	3317
			3601	3318
			3601	3319
			3601	3320
			3601	3321
			3602	3322
			3602	3323
			3602	3324
			3602	3325
			3602	3326
			3603	3327
			3603	3328
			3603	3329
			3604	3330
			3604	3331
			3604	3332
			3604	3333
			3605	3334
			3605	3335
			3605	3336
			3605	3337
			3605	3338
			3606	3339
			3606	3340
			3606	3341
			3606	3342
			3607	3343
			3607	3344
			3607	3345
			3607	3346
			3608	3347
			3608	3348
			3608	3349
			3608	3350
			3609	3351
			3609	3352
			3609	3353
			3609	3354
			3609	3355
			3610	3356
			3610	3357
			3610	3358
			3610	3359
			3611	3360
			3611	3361
			3611	3362
			3611	3363
			3612	3364
			3612	3365
			3612	3366
			3612	3367
			3613	3368
			3613	3369
			3613	3370
			3613	3371
			3613	3372
			3614	3373
			3614	3374
			3614	3375
			3614	3376
			3615	3377
			3615	3378
			3615	3379
			3615	3380
			3616	3381
			3616	3382
			3616	3383
			3616	3384
			3616	3385
			3617	3386
			3617	3387
			3617	3388
			3617	3389
			3618	3390
			3618	3391
			3618	3392
			3618	3393
			3619	3394
			3619	3395
			3619	3396
			3619	3397
			3620	3398
			3620	3399
			3620	3400
			3620	3401
			3621	3402
			3621	3403
			3621	3404
			3621	3405
			3621	3406
			3622	3406
			3622	3407
			3622	3408
			3622	3409
			3622	3410
			3623	3411
			3623	3412
			3623	3413
			3623	3414
			3624	3415
			3624	3416
			3624	3417
			3624	3418
			3625	3419
			3625	3420
			3625	3421
			3625	3422
			3625	3423
			3626	3424
			3626	3425
			3626	3426
			3626	3427
			3627	3428
			3627	3429
			3627	3430
			3627	3431
			3628	3432
			3628	3433
			3628	3434
			3628	3435
			3628	3436
			3629	3437
			3629	3438
			3629	3439
			3629	3440
			3630	3441
			3630	3442
			3630	3443
			3630	3444
			3631	3445
			3631	3446
			3631	3447
			3631	3448
			3631	3449
			3632	3450
			3632	3451
			3632	3452
			3632	3453
			3633	3454
			3633	3455
			3633	3456
			3633	3457
			3634	3458
			3634	3459
			3634	3460
			3634	3461
			3635	3462
			3635	3463
			3635	3464
			3635	3465
			3635	3466
			3636	3467
			3636	3468
			3636	3469
			3636	3470
			3637	3471
			3637	3472
			3637	3473
			3637	3474
			3638	3475
			3638	3476
			3638	3477
			3638	3478
			3639	3479
			3639	3480
			3639	3481
			3639	3482
			3639	3483
			3640	3484
			3640	3485
			3640	3486
			3640	3487
			3641	3488
			3641	3489
			3641	3490
			3641	3491
			3641	3492
			3642	3493
			3642	3494
			3642	3495
			3642	3496
			3643	3497
			3643	3498
			3643	3499
			3643	3500
			3644	3501
			3644	3502
			3644	3503
			3644	3504
			3644	3505
			3645	3506
			3645	3507
			3645	3508
			3645	3509
			3646	3510
			3646	3511
			3646	3512
			3646	3513
			3646	3514
			3647	3515
			3647	3516
			3647	3517
			3648	3518
			3648	3519
			3648	3520
			3648	3521
			3648	3522
			3649	3523
			3649	3524
			3649	3525
			3649	3526
			3649	3527
			3650	3528
			3650	3529
			3650	3530
			3650	3531
			3651	3532
			3651	3533
			3651	3534
			3651	3535
			3652	3536
			3652	3537
			3652	3538
			3652	3539
			3653	3540
			3653	3541
			3653	3542
			3653	3543
			3653	3544
			3654	3545
			3654	3546
			3654	3547
			3654	3548
			3655	3549
			3655	3550
			3655	3551
			3655	3552
			3655	3553
			3656	3554
			3656	3555
			3656	3556
			3656	3557
			3657	3558
			3657	3559
			3657	3560
			3657	3561
			3657	3562
			3658	3563
			3658	3564
			3658	3565
			3658	3566
			3659	3567
			3659	3568
			3659	3569
			3659	3570
			3659	3571
			3660	3571
			3660	3572
			3660	3573
			3660	3574
			3661	3575
			3661	3576
			3661	3577
			3661	3578
			3661	3579
			3662	3580
			3662	3581
			3662	3582
			3662	3583
			3663	3584
			3663	3585
			3663	3586
			3663	3587
			3663	3588
			3664	3589
			3664	3590
			3664	3591
			3664	3592
			3664	3593
			3665	3594
			3665	3595
			3665	3596
			3666	3597
			3666	3598
			3666	3599
			3666	3600
			3666	3601
			3667	3602
			3667	3603
			3667	3604
			3667	3605
			3668	3606
			3668	3607
			3668	3608
			3668	3609
			3668	3610
			3669	3611
			3669	3612
			3669	3613
			3669	3614
			3670	3615
			3670	3616
			3670	3617
			3670	3618
			3670	3619
			3671	3620
			3671	3621
			3671	3622
			3671	3623
			3671	3624
			3672	3625
			3672	3626
			3672	3627
			3672	3628
			3673	3629
			3673	3630
			3673	3631
			3673	3632
			3673	3633
			3674	3634
			3674	3635
			3674	3636
			3674	3637
			3675	3638
			3675	3639
			3675	3640
			3675	3641
			3676	3642
			3676	3643
			3676	3644
			3676	3645
			3676	3646
			3677	3647
			3677	3648
			3677	3649
			3677	3650
			3678	3651
			3678	3652
			3678	3653
			3678	3654
			3678	3655
			3679	3656
			3679	3657
			3679	3658
			3679	3659
			3680	3660
			3680	3661
			3680	3662
			3680	3663
			3680	3664
			3681	3665
			3681	3666
			3681	3667
			3681	3668
			3681	3669
			3682	3670
			3682	3671
			3682	3672
			3682	3673
			3683	3673
			3683	3674
			3683	3675
			3683	3676
			3683	3677
			3684	3678
			3684	3679
			3684	3680
			3684	3681
			3684	3682
			3685	3683
			3685	3684
			3685	3685
			3685	3686
			3685	3687
			3686	3688
			3686	3689
			3686	3690
			3686	3691
			3687	3692
			3687	3693
			3687	3694
			3687	3695
			3688	3696
			3688	3697
			3688	3698
			3688	3699
			3688	3700
			3689	3701
			3689	3702
			3689	3703
			3689	3704
			3689	3705
			3690	3705
			3690	3706
			3690	3707
			3690	3708
			3690	3709
			3691	3710
			3691	3711
			3691	3712
			3691	3713
			3691	3714
			3692	3715
			3692	3716
			3692	3717
			3692	3718
			3692	3719
			3693	3720
			3693	3721
			3693	3722
			3693	3723
			3694	3724
			3694	3725
			3694	3726
			3694	3727
			3694	3728
			3695	3728
			3695	3729
			3695	3730
			3695	3731
			3695	3732
			3696	3733
			3696	3734
			3696	3735
			3696	3736
			3696	3737
			3697	3738
			3697	3739
			3697	3740
			3697	3741
			3697	3742
			3698	3743
			3698	3744
			3698	3745
			3698	3746
			3699	3747
			3699	3748
			3699	3749
			3699	3750
			3699	3751
			3700	3752
			3700	3753
			3700	3754
			3700	3755
			3701	3756
			3701	3757
			3701	3758
			3701	3759
			3701	3760
			3702	3761
			3702	3762
			3702	3763
			3702	3764
			3702	3765
			3703	3766
			3703	3767
			3703	3768
			3703	3769
			3703	3770
			3704	3771
			3704	3772
			3704	3773
			3704	3774
			3705	3775
			3705	3776
			3705	3777
			3705	3778
			3705	3779
			3706	3780
			3706	3781
			3706	3782
			3706	3783
			3707	3784
			3707	3785
			3707	3786
			3707	3787
			3707	3788
			3708	3789
			3708	3790
			3708	3791
			3708	3792
			3708	3793
			3709	3794
			3709	3795
			3709	3796
			3709	3797
			3709	3798
			3710	3799
			3710	3800
			3710	3801
			3710	3802
			3711	3803
			3711	3804
			3711	3805
			3711	3806
			3711	3807
			3711	3808
			3712	3808
			3712	3809
			3712	3810
			3712	3811
			3712	3812
			3712	3813
			3713	3813
			3713	3814
			3713	3815
			3713	3816
			3713	3817
			3714	3817
			3714	3818
			3714	3819
			3714	3820
			3714	3821
			3715	3822
			3715	3823
			3715	3824
			3715	3825
			3715	3826
			3716	3827
			3716	3828
			3716	3829
			3716	3830
			3716	3831
			3717	3832
			3717	3833
			3717	3834
			3717	3835
			3717	3836
			3718	3837
			3718	3838
			3718	3839
			3718	3840
			3718	3841
			3719	3842
			3719	3843
			3719	3844
			3719	3845
			3719	3846
			3720	3847
			3720	3848
			3720	3849
			3720	3850
			3720	3851
			3721	3852
			3721	3853
			3721	3854
			3721	3855
			3721	3856
			3722	3857
			3722	3858
			3722	3859
			3722	3860
			3722	3861
			3723	3862
			3723	3863
			3723	3864
			3723	3865
			3723	3866
			3724	3867
			3724	3868
			3724	3869
			3724	3870
			3725	3871
			3725	3872
			3725	3873
			3725	3874
			3725	3875
			3726	3876
			3726	3877
			3726	3878
			3726	3879
			3726	3880
			3727	3881
			3727	3882
			3727	3883
			3727	3884
			3727	3885
			3728	3886
			3728	3887
			3728	3888
			3728	3889
			3728	3890
			3729	3891
			3729	3892
			3729	3893
			3729	3894
			3729	3895
			3729	3896
			3730	3896
			3730	3897
			3730	3898
			3730	3899
			3730	3900
			3731	3901
			3731	3902
			3731	3903
			3731	3904
			3731	3905
			3732	3906
			3732	3907
			3732	3908
			3732	3909
			3732	3910
			3732	3911
			3733	3912
			3733	3913
			3733	3914
			3733	3915
			3734	3916
			3734	3917
			3734	3918
			3734	3919
			3734	3920
			3734	3921
			3735	3921
			3735	3922
			3735	3923
			3735	3924
			3735	3925
			3736	3926
			3736	3927
			3736	3928
			3736	3929
			3736	3930
			3736	3931
			3737	3932
			3737	3933
			3737	3934
			3737	3935
			3737	3936
			3738	3937
			3738	3938
			3738	3939
			3738	3940
			3738	3941
			3739	3942
			3739	3943
			3739	3944
			3739	3945
			3739	3946
			3740	3947
			3740	3948
			3740	3949
			3740	3950
			3740	3951
			3741	3952
			3741	3953
			3741	3954
			3741	3955
			3741	3956
			3741	3957
			3742	3958
			3742	3959
			3742	3960
			3742	3961
			3742	3962
			3743	3962
			3743	3963
			3743	3964
			3743	3965
			3743	3964
			3743	3963
			3743	3962
			3743	3961
			3743	3960
			3743	3959
			3743	3958
			3743	3957
			3743	3956
			3743	3955
			3743	3954
			3743	3953
			3743	3952
			3743	3951
			3743	3950
			3743	3949
			3743	3948
			3743	3947
			3743	3946
			3743	3945
			3743	3944
			3743	3943
			3743	3942
			3743	3941
			3743	3940
			3743	3939
			3743	3938
			3743	3937
			3743	3936
			3743	3935
			3743	3934
			3743	3933
			3743	3932
			3743	3931
			3743	3930
			3743	3929
			3743	3928
			3743	3927
			3743	3926
			3743	3925
			3743	3924
			3743	3923
			3743	3922
			3743	3921
			3743	3920
			3743	3919
			3743	3918
			3743	3917
			3743	3916
			3743	3915
			3743	3914
			3743	3913
			3743	3912
			3743	3911
			3743	3910
			3743	3909
			3743	3908
			3743	3907
			3743	3906
			3743	3905
			3743	3904
			3743	3903
			3743	3902
			3743	3901
			3743	3900
			3743	3899
			3743	3898
			3743	3897
			3743	3896
			3743	3895
			3742	3894
			3742	3893
			3742	3892
			3742	3891
			3742	3890
			3742	3889
			3742	3888
			3742	3887
			3742	3886
			3742	3885
			3742	3884
			3742	3883
			3742	3882
			3742	3881
			3742	3880
			3742	3879
			3742	3878
			3742	3877
			3742	3876
			3742	3875
			3742	3874
			3742	3873
			3742	3872
			3741	3871
			3741	3870
			3741	3869
			3741	3868
			3741	3867
			3741	3866
			3741	3865
			3741	3864
			3741	3863
			3741	3862
			3741	3861
			3741	3860
			3741	3859
			3741	3858
			3741	3857
			3741	3856
			3741	3855
			3741	3854
			3740	3853
			3740	3852
			3740	3851
			3740	3850
			3740	3849
			3740	3848
			3740	3847
			3740	3846
			3740	3845
			3740	3844
			3740	3843
			3740	3842
			3740	3841
			3740	3840
			3740	3839
			3739	3838
			3739	3837
			3739	3836
			3739	3835
			3739	3834
			3739	3833
			3739	3832
			3739	3831
			3739	3830
			3739	3829
			3739	3828
			3739	3827
			3739	3826
			3739	3825
			3738	3824
			3738	3823
			3738	3822
			3738	3821
			3738	3820
			3738	3819
			3738	3818
			3738	3817
			3738	3816
			3738	3815
			3738	3814
			3738	3813
			3738	3812
			3737	3811
			3737	3810
			3737	3809
			3737	3808
			3737	3807
			3737	3806
			3737	3805
			3737	3804
			3737	3803
			3737	3802
			3737	3801
			3737	3800
			3736	3799
			3736	3798
			3736	3797
			3736	3796
			3736	3795
			3736	3794
			3736	3793
			3736	3792
			3736	3791
			3736	3790
			3736	3789
			3735	3788
			3735	3787
			3735	3786
			3735	3785
			3735	3784
			3735	3783
			3735	3782
			3735	3781
			3735	3780
			3735	3779
			3734	3778
			3734	3777
			3734	3776
			3734	3775
			3734	3774
			3734	3773
			3734	3772
			3734	3771
			3734	3770
			3734	3769
			3733	3768
			3733	3767
			3733	3766
			3733	3765
			3733	3764
			3733	3763
			3733	3762
			3733	3761
			3733	3760
			3733	3759
			3732	3759
			3732	3758
			3732	3757
			3732	3756
			3732	3755
			3732	3754
			3732	3753
			3732	3752
			3732	3751
			3731	3750
			3731	3749
			3731	3748
			3731	3747
			3731	3746
			3731	3745
			3731	3744
			3731	3743
			3731	3742
			3731	3741
			3730	3741
			3730	3740
			3730	3739
			3730	3738
			3730	3737
			3730	3736
			3730	3735
			3730	3734
			3730	3733
			3729	3732
			3729	3731
			3729	3730
			3729	3729
			3729	3728
			3729	3727
			3729	3726
			3729	3725
			3728	3724
			3728	3723
			3728	3722
			3728	3721
			3728	3720
			3728	3719
			3728	3718
			3728	3717
			3727	3716
			3727	3715
			3727	3714
			3727	3713
			3727	3712
			3727	3711
			3727	3710
			3727	3709
			3727	3708
			3726	3707
			3726	3706
			3726	3705
			3726	3704
			3726	3703
			3726	3702
			3726	3701
			3725	3700
			3725	3699
			3725	3698
			3725	3697
			3725	3696
			3725	3695
			3725	3694
			3725	3693
			3724	3692
			3724	3691
			3724	3690
			3724	3689
			3724	3688
			3724	3687
			3724	3686
			3724	3685
			3723	3684
			3723	3683
			3723	3682
			3723	3681
			3723	3680
			3723	3679
			3723	3678
			3722	3677
			3722	3676
			3722	3675
			3722	3674
			3722	3673
			3722	3672
			3722	3671
			3721	3670
			3721	3669
			3721	3668
			3721	3667
			3721	3666
			3721	3665
			3721	3664
			3720	3663
			3720	3662
			3720	3661
			3720	3660
			3720	3659
			3720	3658
			3720	3657
			3720	3656
			3719	3655
			3719	3654
			3719	3653
			3719	3652
			3719	3651
			3719	3650
			3718	3649
			3718	3648
			3718	3647
			3718	3646
			3718	3645
			3718	3644
			3718	3643
			3717	3642
			3717	3641
			3717	3640
			3717	3639
			3717	3638
			3717	3637
			3717	3636
			3716	3635
			3716	3634
			3716	3633
			3716	3632
			3716	3631
			3716	3630
			3716	3629
			3715	3628
			3715	3627
			3715	3626
			3715	3625
			3715	3624
			3715	3623
			3714	3622
			3714	3621
			3714	3620
			3714	3619
			3714	3618
			3714	3617
			3713	3616
			3713	3615
			3713	3614
			3713	3613
			3713	3612
			3713	3611
			3713	3610
			3712	3609
			3712	3608
			3712	3607
			3712	3606
			3712	3605
			3712	3604
			3711	3603
			3711	3602
			3711	3601
			3711	3600
			3711	3599
			3711	3598
			3710	3597
			3710	3596
			3710	3595
			3710	3594
			3710	3593
			3710	3592
			3710	3591
			3709	3590
			3709	3589
			3709	3588
			3709	3587
			3709	3586
			3709	3585
			3708	3584
			3708	3583
			3708	3582
			3708	3581
			3708	3580
			3708	3579
			3707	3578
			3707	3577
			3707	3576
			3707	3575
			3707	3574
			3707	3573
			3706	3572
			3706	3571
			3706	3570
			3706	3569
			3706	3568
			3706	3567
			3706	3566
			3705	3565
			3705	3564
			3705	3563
			3705	3562
			3705	3561
			3704	3560
			3704	3559
			3704	3558
			3704	3557
			3704	3556
			3704	3555
			3703	3554
			3703	3553
			3703	3552
			3703	3551
			3703	3550
			3703	3549
			3702	3548
			3702	3547
			3702	3546
			3702	3545
			3702	3544
			3702	3543
			3701	3542
			3701	3541
			3701	3540
			3701	3539
			3701	3538
			3700	3537
			3700	3536
			3700	3535
			3700	3534
			3700	3533
			3700	3532
			3699	3531
			3699	3530
			3699	3529
			3699	3528
			3699	3527
			3699	3526
			3698	3525
			3698	3524
			3698	3523
			3698	3522
			3698	3521
			3698	3520
			3697	3519
			3697	3518
			3697	3517
			3697	3516
			3697	3515
			3696	3514
			3696	3513
			3696	3512
			3696	3511
			3696	3510
			3696	3509
			3695	3508
			3695	3507
			3695	3506
			3695	3505
			3695	3504
			3694	3503
			3694	3502
			3694	3501
			3694	3500
			3694	3499
			3694	3498
			3693	3497
			3693	3496
			3693	3495
			3693	3494
			3693	3493
			3692	3492
			3692	3491
			3692	3490
			3692	3489
			3692	3488
			3691	3487
			3691	3486
			3691	3485
			3691	3484
			3691	3483
			3690	3482
			3690	3481
			3690	3480
			3690	3479
			3690	3478
			3690	3477
			3689	3476
			3689	3475
			3689	3474
			3689	3473
			3689	3472
			3689	3471
			3688	3470
			3688	3469
			3688	3468
			3688	3467
			3688	3466
			3687	3465
			3687	3464
			3687	3463
			3687	3462
			3687	3461
			3686	3460
			3686	3459
			3686	3458
			3686	3457
			3686	3456
			3685	3455
			3685	3454
			3685	3453
			3685	3452
			3685	3451
			3684	3450
			3684	3449
			3684	3448
			3684	3447
			3684	3446
			3684	3445
			3683	3444
			3683	3443
			3683	3442
			3683	3441
			3683	3440
			3682	3439
			3682	3438
			3682	3437
			3682	3436
			3682	3435
			3681	3434
			3681	3433
			3681	3432
			3681	3431
			3681	3430
			3680	3429
			3680	3428
			3680	3427
			3680	3426
			3680	3425
			3679	3424
			3679	3423
			3679	3422
			3679	3421
			3679	3420
			3678	3419
			3678	3418
			3678	3417
			3678	3416
			3678	3415
			3677	3414
			3677	3413
			3677	3412
			3677	3411
			3677	3410
			3676	3409
			3676	3408
			3676	3407
			3676	3406
			3676	3405
			3675	3404
			3675	3403
			3675	3402
			3675	3401
			3675	3400
			3674	3399
			3674	3398
			3674	3397
			3674	3396
			3674	3395
			3673	3394
			3673	3393
			3673	3392
			3673	3391
			3673	3390
			3672	3389
			3672	3388
			3672	3387
			3672	3386
			3672	3385
			3671	3384
			3671	3383
			3671	3382
			3671	3381
			3670	3380
			3670	3379
			3670	3378
			3670	3377
			3670	3376
			3669	3375
			3669	3374
			3669	3373
			3669	3372
			3669	3371
			3668	3370
			3668	3369
			3668	3368
			3668	3367
			3668	3366
			3667	3365
			3667	3364
			3667	3363
			3667	3362
			3667	3361
			3666	3360
			3666	3359
			3666	3358
			3666	3357
			3666	3356
			3665	3355
			3665	3354
			3665	3353
			3665	3352
			3665	3351
			3664	3350
			3664	3349
			3664	3348
			3664	3347
			3663	3346
			3663	3345
			3663	3344
			3663	3343
			3663	3342
			3662	3341
			3662	3340
			3662	3339
			3662	3338
			3662	3337
			3661	3336
			3661	3335
			3661	3334
			3661	3333
			3661	3332
			3660	3331
			3660	3330
			3660	3329
			3660	3328
			3660	3327
			3659	3327
			3659	3326
			3659	3325
			3659	3324
			3659	3323
			3658	3322
			3658	3321
			3658	3320
			3658	3319
			3658	3318
			3657	3317
			3657	3316
			3657	3315
			3657	3314
			3656	3313
			3656	3312
			3656	3311
			3656	3310
			3656	3309
			3655	3308
			3655	3307
			3655	3306
			3655	3305
			3655	3304
			3654	3303
			3654	3302
			3654	3301
			3654	3300
			3653	3299
			3653	3298
			3653	3297
			3653	3296
			3653	3295
			3652	3294
			3652	3293
			3652	3292
			3652	3291
			3652	3290
			3651	3289
			3651	3288
			3651	3287
			3651	3286
			3650	3285
			3650	3284
			3650	3283
			3650	3282
			3650	3281
			3649	3280
			3649	3279
			3649	3278
			3649	3277
			3648	3276
			3648	3275
			3648	3274
			3648	3273
			3648	3272
			3647	3271
			3647	3270
			3647	3269
			3647	3268
			3646	3267
			3646	3266
			3646	3265
			3646	3264
			3646	3263
			3645	3262
			3645	3261
			3645	3260
			3645	3259
			3644	3258
			3644	3257
			3644	3256
			3644	3255
			3644	3254
			3643	3253
			3643	3252
			3643	3251
			3643	3250
			3642	3249
			3642	3248
			3642	3247
			3642	3246
			3641	3245
			3641	3244
			3641	3243
			3641	3242
			3641	3241
			3640	3240
			3640	3239
			3640	3238
			3640	3237
			3639	3236
			3639	3235
			3639	3234
			3639	3233
			3638	3232
			3638	3231
			3638	3230
			3638	3229
			3638	3228
			3637	3227
			3637	3226
			3637	3225
			3637	3224
			3636	3223
			3636	3222
			3636	3221
			3636	3220
			3635	3219
			3635	3218
			3635	3217
			3635	3216
			3635	3215
			3634	3214
			3634	3213
			3634	3212
			3634	3211
			3634	3210
			3633	3209
			3633	3208
			3633	3207
			3632	3206
			3632	3205
			3632	3204
			3632	3203
			3632	3202
			3631	3201
			3631	3200
			3631	3199
			3631	3198
			3630	3197
			3630	3196
			3630	3195
			3630	3194
			3630	3193
			3629	3192
			3629	3191
			3629	3190
			3629	3189
			3628	3188
			3628	3187
			3628	3186
			3628	3185
			3628	3184
			3627	3184
			3627	3183
			3627	3182
			3627	3181
			3627	3180
			3626	3179
			3626	3178
			3626	3177
			3626	3176
			3625	3175
			3625	3174
			3625	3173
			3625	3172
			3624	3171
			3624	3170
			3624	3169
			3624	3168
			3623	3167
			3623	3166
			3623	3165
			3623	3164
			3623	3163
			3622	3162
			3622	3161
			3622	3160
			3622	3159
			3621	3158
			3621	3157
			3621	3156
			3621	3155
			3620	3154
			3620	3153
			3620	3152
			3620	3151
			3620	3150
			3619	3149
			3619	3148
			3619	3147
			3619	3146
			3618	3145
			3618	3144
			3618	3143
			3618	3142
			3617	3141
			3617	3140
			3617	3139
			3617	3138
			3616	3137
			3616	3136
			3616	3135
			3616	3134
			3615	3133
			3615	3132
			3615	3131
			3615	3130
			3615	3129
			3614	3128
			3614	3127
			3614	3126
			3614	3125
			3613	3124
			3613	3123
			3613	3122
			3613	3121
			3612	3120
			3612	3119
			3612	3118
			3612	3117
			3611	3116
			3611	3115
			3611	3114
			3611	3113
			3610	3112
			3610	3111
			3610	3110
			3610	3109
			3609	3108
			3609	3107
			3609	3106
			3609	3105
			3608	3104
			3608	3103
			3608	3102
			3608	3101
			3608	3100
			3607	3099
			3607	3098
			3607	3097
			3607	3096
			3606	3095
			3606	3094
			3606	3093
			3606	3092
			3605	3091
			3605	3090
			3605	3089
			3605	3088
			3604	3087
			3604	3086
			3604	3085
			3604	3084
			3603	3083
			3603	3082
			3603	3081
			3603	3080
			3602	3079
			3602	3078
			3602	3077
			3602	3076
			3601	3075
			3601	3074
			3601	3073
			3601	3072
			3600	3071
			3600	3070
			3600	3069
			3600	3068
			3599	3067
			3599	3066
			3599	3065
			3599	3064
			3598	3063
			3598	3062
			3598	3061
			3598	3060
			3597	3059
			3597	3058
			3597	3057
			3597	3056
			3597	3055
			3596	3055
			3596	3054
			3596	3053
			3596	3052
			3595	3051
			3595	3050
			3595	3049
			3595	3048
			3595	3047
			3594	3046
			3594	3045
			3594	3044
			3593	3043
			3593	3042
			3593	3041
			3593	3040
			3592	3039
			3592	3038
			3592	3037
			3592	3036
			3591	3035
			3591	3034
			3591	3033
			3591	3032
			3590	3031
			3590	3030
			3590	3029
			3590	3028
			3590	3027
			3589	3026
			3589	3025
			3589	3024
			3588	3023
			3588	3022
			3588	3021
			3588	3020
			3587	3019
			3587	3018
			3587	3017
			3587	3016
			3587	3015
			3586	3014
			3586	3013
			3586	3012
			3585	3011
			3585	3010
			3585	3009
			3585	3008
			3584	3007
			3584	3006
			3584	3005
			3584	3004
			3583	3003
			3583	3002
			3583	3001
			3583	3000
			3582	2999
			3582	2998
			3582	2997
			3582	2996
			3581	2995
			3581	2994
			3581	2993
			3581	2992
			3580	2991
			3580	2990
			3580	2989
			3580	2988
			3579	2987
			3579	2986
			3579	2985
			3579	2984
			3578	2983
			3578	2982
			3578	2981
			3578	2980
			3577	2979
			3577	2978
			3577	2977
			3577	2976
			3576	2975
			3576	2974
			3576	2973
			3576	2972
			3575	2971
			3575	2970
			3575	2969
			3575	2968
			3574	2967
			3574	2966
			3574	2965
			3574	2964
			3573	2963
			3573	2962
			3573	2961
			3573	2960
			3572	2959
			3572	2958
			3572	2957
			3572	2956
			3571	2955
			3571	2954
			3571	2953
			3571	2952
			3570	2951
			3570	2950
			3570	2949
			3570	2948
			3569	2947
			3569	2946
			3569	2945
			3568	2944
			3568	2943
			3568	2942
			3568	2941
			3567	2940
			3567	2939
			3567	2938
			3567	2937
			3566	2936
			3566	2935
			3566	2934
			3566	2933
			3565	2932
			3565	2931
			3565	2930
			3565	2929
			3564	2928
			3564	2927
			3564	2926
			3564	2925
			3563	2924
			3563	2923
			3563	2922
			3562	2921
			3562	2920
			3562	2919
			3562	2918
			3561	2917
			3561	2916
			3561	2915
			3561	2914
			3560	2913
			3560	2912
			3560	2911
			3560	2910
			3559	2909
			3559	2908
			3559	2907
			3559	2906
			3558	2905
			3558	2904
			3558	2903
			3557	2902
			3557	2901
			3557	2900
			3557	2899
			3556	2898
			3556	2897
			3556	2896
			3556	2895
			3555	2894
			3555	2893
			3555	2892
			3554	2891
			3554	2890
			3554	2889
			3554	2888
			3553	2887
			3553	2886
			3553	2885
			3553	2884
			3553	2883
			3552	2883
			3552	2882
			3552	2881
			3552	2880
			3551	2879
			3551	2878
			3551	2877
			3551	2876
			3550	2876
			3550	2875
			3550	2874
			3550	2873
			3550	2872
			3549	2871
			3549	2870
			3549	2869
			3549	2868
			3548	2867
			3548	2866
			3548	2865
			3547	2864
			3547	2863
			3547	2862
			3547	2861
			3546	2860
			3546	2859
			3546	2858
			3546	2857
			3545	2857
			3545	2856
			3545	2855
			3545	2854
			3545	2853
			3544	2853
			3544	2852
			3544	2851
			3544	2850
			3543	2849
			3543	2848
			3543	2847
			3543	2846
			3542	2845
			3542	2844
			3542	2843
			3542	2842
			3541	2841
			3541	2840
			3541	2839
			3540	2838
			3540	2837
			3540	2836
			3540	2835
			3539	2834
			3539	2833
			3539	2832
			3539	2831
			3538	2830
			3538	2829
			3538	2828
			3538	2827
			3537	2826
			3537	2825
			3537	2824
			3536	2823
			3536	2822
			3536	2821
			3536	2820
			3535	2819
			3535	2818
			3535	2817
			3535	2816
			3534	2815
			3534	2814
			3534	2813
			3534	2812
			3533	2811
			3533	2810
			3533	2809
			3533	2808
			3532	2807
			3532	2806
			3532	2805
			3531	2804
			3531	2803
			3531	2802
			3531	2801
			3530	2800
			3530	2799
			3530	2798
			3530	2797
			3529	2796
			3529	2795
			3529	2794
			3529	2793
			3528	2792
			3528	2791
			3528	2790
			3527	2789
			3527	2788
			3527	2787
			3527	2786
			3526	2786
			3526	2785
			3526	2784
			3526	2783
			3525	2782
			3525	2781
			3525	2780
			3525	2779
			3524	2778
			3524	2777
			3524	2776
			3523	2775
			3523	2774
			3523	2773
			3523	2772
			3522	2771
			3522	2770
			3522	2769
			3522	2768
			3521	2767
			3521	2766
			3521	2765
			3520	2764
			3520	2763
			3520	2762
			3520	2761
			3519	2760
			3519	2759
			3519	2758
			3519	2757
			3518	2756
			3518	2755
			3518	2754
			3517	2753
			3517	2752
			3517	2751
			3517	2750
			3516	2749
			3516	2748
			3516	2747
			3516	2746
			3515	2745
			3515	2744
			3515	2743
			3514	2742
			3514	2741
			3514	2740
			3514	2739
			3513	2738
			3513	2737
			3513	2736
			3513	2735
			3512	2734
			3512	2733
			3512	2732
			3511	2731
			3511	2730
			3511	2729
			3511	2728
			3510	2727
			3510	2726
			3510	2725
			3509	2724
			3509	2723
			3509	2722
			3509	2721
			3509	2720
			3508	2719
			3508	2718
			3508	2717
			3507	2716
			3507	2715
			3507	2714
			3506	2713
			3506	2712
			3506	2711
			3506	2710
			3505	2709
			3505	2708
			3505	2707
			3505	2706
			3504	2705
			3504	2704
			3504	2703
			3503	2702
			3503	2701
			3503	2700
			3503	2699
			3502	2698
			3502	2697
			3502	2696
			3502	2695
			3501	2694
			3501	2693
			3501	2692
			3501	2691
			3500	2690
			3500	2689
			3500	2688
			3499	2687
			3499	2686
			3499	2685
			3498	2684
			3498	2683
			3498	2682
			3498	2681
			3497	2680
			3497	2679
			3497	2678
			3497	2677
			3496	2676
			3496	2675
			3496	2674
			3495	2673
			3495	2672
			3495	2671
			3495	2670
			3494	2669
			3494	2668
			3494	2667
			3494	2666
			3493	2665
			3493	2664
			3493	2663
			3492	2662
			3492	2661
			3492	2660
			3492	2659
			3491	2659
			3491	2658
			3491	2657
			3491	2656
			3490	2655
			3490	2654
			3490	2653
			3490	2652
			3489	2651
			3489	2650
			3489	2649
			3488	2648
			3488	2647
			3488	2646
			3488	2645
			3487	2644
			3487	2643
			3487	2642
			3486	2641
			3486	2640
			3486	2639
			3486	2638
			3485	2637
			3485	2636
			3485	2635
			3484	2634
			3484	2633
			3484	2632
			3484	2631
			3483	2630
			3483	2629
			3483	2628
			3482	2627
			3482	2626
			3482	2625
			3482	2624
			3481	2623
			3481	2622
			3481	2621
			3480	2620
			3480	2619
			3480	2618
			3480	2617
			3479	2616
			3479	2615
			3479	2614
			3478	2613
			3478	2612
			3478	2611
			3478	2610
			3477	2609
			3477	2608
			3477	2607
			3476	2606
			3476	2605
			3476	2604
			3476	2603
			3476	2602
			3475	2601
			3475	2600
			3475	2599
			3474	2598
			3474	2597
			3474	2596
			3473	2595
			3473	2594
			3473	2593
			3473	2592
			3472	2591
			3472	2590
			3472	2589
			3472	2588
			3471	2588
			3471	2587
			3471	2586
			3471	2585
			3470	2584
			3470	2583
			3470	2582
			3470	2581
			3469	2580
			3469	2579
			3469	2578
			3468	2577
			3468	2576
			3468	2575
			3467	2574
			3467	2573
			3467	2572
			3467	2571
			3466	2570
			3466	2569
			3466	2568
			3465	2567
			3465	2566
			3465	2565
			3465	2564
			3464	2563
			3464	2562
			3464	2561
			3464	2560
			3463	2560
			3463	2559
			3463	2558
			3463	2557
			3462	2556
			3462	2555
			3462	2554
			3462	2553
			3461	2552
			3461	2551
			3461	2550
			3461	2549
			3460	2549
			3460	2548
			3460	2547
			3459	2546
			3459	2545
			3459	2544
			3459	2543
			3458	2542
			3458	2541
			3458	2540
			3458	2539
			3457	2538
			3457	2537
			3457	2536
			3456	2535
			3456	2534
			3456	2533
			3455	2532
			3455	2531
			3455	2530
			3455	2529
			3454	2528
			3454	2527
			3454	2526
			3453	2525
			3453	2524
			3453	2523
			3453	2522
			3452	2521
			3452	2520
			3452	2519
			3451	2518
			3451	2517
			3451	2516
			3451	2515
			3450	2514
			3450	2513
			3450	2512
			3450	2511
			3449	2510
			3449	2509
			3449	2508
			3448	2508
			3448	2507
			3448	2506
			3448	2505
			3447	2504
			3447	2503
			3447	2502
			3446	2501
			3446	2500
			3446	2499
			3446	2498
			3445	2497
			3445	2496
			3445	2495
			3445	2494
			3444	2493
			3444	2492
			3444	2491
			3443	2490
			3443	2489
			3443	2488
			3443	2487
			3442	2486
			3442	2485
			3442	2484
			3441	2483
			3441	2482
			3441	2481
			3441	2480
			3440	2479
			3440	2478
			3440	2477
			3439	2476
			3439	2475
			3439	2474
			3439	2473
			3438	2473
			3438	2472
			3438	2471
			3437	2470
			3437	2469
			3437	2468
			3437	2467
			3436	2466
			3436	2465
			3436	2464
			3435	2463
			3435	2462
			3435	2461
			3435	2460
			3434	2459
			3434	2458
			3434	2457
			3433	2456
			3433	2455
			3433	2454
			3433	2453
			3432	2452
			3432	2451
		</posterior>
	</curves.pixel>
	<curves.scaled type=list>
		<glabella type=matrix rownames=FALSE colnames=FALSE nrow=1717 ncol=2 as.numeric=TRUE >
			2.34751773049645	-3.35460992907801
			2.35106382978723	-3.35460992907801
			2.35460992907801	-3.35460992907801
			2.35815602836879	-3.35460992907801
			2.36170212765957	-3.35460992907801
			2.36524822695035	-3.35460992907801
			2.36879432624113	-3.35460992907801
			2.37234042553191	-3.35460992907801
			2.3758865248227	-3.35460992907801
			2.37943262411348	-3.35460992907801
			2.38297872340426	-3.35460992907801
			2.38652482269504	-3.35460992907801
			2.39007092198582	-3.35460992907801
			2.3936170212766	-3.35460992907801
			2.39716312056738	-3.35106382978723
			2.40070921985816	-3.35106382978723
			2.40425531914894	-3.35106382978723
			2.40780141843972	-3.35106382978723
			2.4113475177305	-3.35106382978723
			2.41489361702128	-3.35106382978723
			2.41843971631206	-3.35106382978723
			2.42198581560284	-3.35106382978723
			2.42553191489362	-3.35106382978723
			2.4290780141844	-3.35106382978723
			2.43262411347518	-3.35106382978723
			2.43617021276596	-3.35106382978723
			2.43971631205674	-3.35106382978723
			2.44326241134752	-3.35106382978723
			2.4468085106383	-3.35106382978723
			2.45035460992908	-3.35106382978723
			2.45390070921986	-3.35106382978723
			2.45744680851064	-3.35106382978723
			2.46099290780142	-3.35106382978723
			2.4645390070922	-3.35106382978723
			2.46808510638298	-3.35106382978723
			2.47163120567376	-3.35106382978723
			2.47517730496454	-3.35106382978723
			2.47872340425532	-3.35106382978723
			2.4822695035461	-3.35106382978723
			2.48581560283688	-3.35106382978723
			2.48936170212766	-3.35106382978723
			2.49290780141844	-3.35106382978723
			2.49645390070922	-3.35106382978723
			2.5	-3.35106382978723
			2.50354609929078	-3.35106382978723
			2.50709219858156	-3.35106382978723
			2.51063829787234	-3.35106382978723
			2.51418439716312	-3.35106382978723
			2.5177304964539	-3.35106382978723
			2.52127659574468	-3.35106382978723
			2.52482269503546	-3.35106382978723
			2.52836879432624	-3.35106382978723
			2.53191489361702	-3.35106382978723
			2.5354609929078	-3.35106382978723
			2.53900709219858	-3.35106382978723
			2.54255319148936	-3.35106382978723
			2.54609929078014	-3.35106382978723
			2.54964539007092	-3.35106382978723
			2.5531914893617	-3.35106382978723
			2.55673758865248	-3.35106382978723
			2.56028368794326	-3.35106382978723
			2.56382978723404	-3.35106382978723
			2.56737588652482	-3.35106382978723
			2.5709219858156	-3.35460992907801
			2.57446808510638	-3.35460992907801
			2.57801418439716	-3.35460992907801
			2.58156028368794	-3.35460992907801
			2.58510638297872	-3.35460992907801
			2.5886524822695	-3.35460992907801
			2.59219858156028	-3.35460992907801
			2.59574468085106	-3.35460992907801
			2.59929078014184	-3.35460992907801
			2.60283687943262	-3.35460992907801
			2.6063829787234	-3.35460992907801
			2.60992907801418	-3.35460992907801
			2.61347517730496	-3.35460992907801
			2.61702127659574	-3.35460992907801
			2.62056737588652	-3.35460992907801
			2.6241134751773	-3.35460992907801
			2.62765957446809	-3.35460992907801
			2.63120567375887	-3.35460992907801
			2.63475177304965	-3.35460992907801
			2.63829787234043	-3.35460992907801
			2.64184397163121	-3.35460992907801
			2.64539007092199	-3.35460992907801
			2.64893617021277	-3.35460992907801
			2.65248226950355	-3.35815602836879
			2.65602836879433	-3.35815602836879
			2.65957446808511	-3.35815602836879
			2.66312056737589	-3.35815602836879
			2.66666666666667	-3.35815602836879
			2.67021276595745	-3.35815602836879
			2.67375886524823	-3.35815602836879
			2.67730496453901	-3.35815602836879
			2.68085106382979	-3.35815602836879
			2.68439716312057	-3.35815602836879
			2.68794326241135	-3.35815602836879
			2.69148936170213	-3.35815602836879
			2.69503546099291	-3.35815602836879
			2.69858156028369	-3.35815602836879
			2.70212765957447	-3.35815602836879
			2.70567375886525	-3.36170212765957
			2.70921985815603	-3.36170212765957
			2.71276595744681	-3.36170212765957
			2.71631205673759	-3.36170212765957
			2.71985815602837	-3.36170212765957
			2.72340425531915	-3.36170212765957
			2.72695035460993	-3.36170212765957
			2.73049645390071	-3.36170212765957
			2.73404255319149	-3.36170212765957
			2.73758865248227	-3.36170212765957
			2.74113475177305	-3.36170212765957
			2.74468085106383	-3.36170212765957
			2.74822695035461	-3.36170212765957
			2.75177304964539	-3.36524822695035
			2.75531914893617	-3.36524822695035
			2.75886524822695	-3.36524822695035
			2.76241134751773	-3.36524822695035
			2.76595744680851	-3.36524822695035
			2.76950354609929	-3.36524822695035
			2.77304964539007	-3.36524822695035
			2.77659574468085	-3.36524822695035
			2.78014184397163	-3.36524822695035
			2.78368794326241	-3.36524822695035
			2.78368794326241	-3.36879432624113
			2.78723404255319	-3.36879432624113
			2.79078014184397	-3.36879432624113
			2.79432624113475	-3.36879432624113
			2.79787234042553	-3.36879432624113
			2.80141843971631	-3.36879432624113
			2.80496453900709	-3.36879432624113
			2.80851063829787	-3.36879432624113
			2.81205673758865	-3.36879432624113
			2.81560283687943	-3.36879432624113
			2.81914893617021	-3.37234042553191
			2.82269503546099	-3.37234042553191
			2.82624113475177	-3.37234042553191
			2.82978723404255	-3.37234042553191
			2.83333333333333	-3.37234042553191
			2.83687943262411	-3.37234042553191
			2.84042553191489	-3.37234042553191
			2.84397163120567	-3.37234042553191
			2.84751773049645	-3.37234042553191
			2.85106382978723	-3.3758865248227
			2.85460992907801	-3.3758865248227
			2.85815602836879	-3.3758865248227
			2.86170212765957	-3.3758865248227
			2.86524822695035	-3.3758865248227
			2.86879432624113	-3.3758865248227
			2.87234042553191	-3.3758865248227
			2.8758865248227	-3.37943262411348
			2.87943262411348	-3.37943262411348
			2.88297872340426	-3.37943262411348
			2.88652482269504	-3.37943262411348
			2.89007092198582	-3.37943262411348
			2.8936170212766	-3.37943262411348
			2.89716312056738	-3.37943262411348
			2.90070921985816	-3.38297872340426
			2.90425531914894	-3.38297872340426
			2.90780141843972	-3.38297872340426
			2.9113475177305	-3.38297872340426
			2.91489361702128	-3.38297872340426
			2.91843971631206	-3.38297872340426
			2.92198581560284	-3.38297872340426
			2.92553191489362	-3.38297872340426
			2.9290780141844	-3.38652482269504
			2.93262411347518	-3.38652482269504
			2.93617021276596	-3.38652482269504
			2.93971631205674	-3.38652482269504
			2.94326241134752	-3.38652482269504
			2.9468085106383	-3.38652482269504
			2.95035460992908	-3.39007092198582
			2.95390070921986	-3.39007092198582
			2.95744680851064	-3.39007092198582
			2.96099290780142	-3.39007092198582
			2.9645390070922	-3.39007092198582
			2.96808510638298	-3.39007092198582
			2.97163120567376	-3.39007092198582
			2.97517730496454	-3.3936170212766
			2.97872340425532	-3.3936170212766
			2.9822695035461	-3.3936170212766
			2.98581560283688	-3.3936170212766
			2.98936170212766	-3.3936170212766
			2.99290780141844	-3.39716312056738
			2.99645390070922	-3.39716312056738
			3	-3.39716312056738
			3.00354609929078	-3.39716312056738
			3.00709219858156	-3.39716312056738
			3.01063829787234	-3.39716312056738
			3.01418439716312	-3.40070921985816
			3.0177304964539	-3.40070921985816
			3.02127659574468	-3.40070921985816
			3.02482269503546	-3.40070921985816
			3.02836879432624	-3.40070921985816
			3.03191489361702	-3.40070921985816
			3.0354609929078	-3.40425531914894
			3.03900709219858	-3.40425531914894
			3.04255319148936	-3.40425531914894
			3.04609929078014	-3.40425531914894
			3.04964539007092	-3.40425531914894
			3.0531914893617	-3.40780141843972
			3.05673758865248	-3.40780141843972
			3.06028368794326	-3.40780141843972
			3.06382978723404	-3.40780141843972
			3.06737588652482	-3.40780141843972
			3.0709219858156	-3.4113475177305
			3.07446808510638	-3.4113475177305
			3.07801418439716	-3.4113475177305
			3.08156028368794	-3.4113475177305
			3.08510638297872	-3.4113475177305
			3.0886524822695	-3.41489361702128
			3.09219858156028	-3.41489361702128
			3.09574468085106	-3.41489361702128
			3.09929078014184	-3.41489361702128
			3.10283687943262	-3.41843971631206
			3.1063829787234	-3.41843971631206
			3.10992907801418	-3.41843971631206
			3.11347517730496	-3.41843971631206
			3.11702127659574	-3.41843971631206
			3.12056737588652	-3.42198581560284
			3.1241134751773	-3.42198581560284
			3.12765957446809	-3.42198581560284
			3.13120567375887	-3.42198581560284
			3.13475177304965	-3.42198581560284
			3.13829787234043	-3.42553191489362
			3.14184397163121	-3.42553191489362
			3.14539007092199	-3.42553191489362
			3.14893617021277	-3.42553191489362
			3.15248226950355	-3.4290780141844
			3.15602836879433	-3.4290780141844
			3.15957446808511	-3.4290780141844
			3.16312056737589	-3.4290780141844
			3.16666666666667	-3.4290780141844
			3.17021276595745	-3.43262411347518
			3.17375886524823	-3.43262411347518
			3.17730496453901	-3.43262411347518
			3.18085106382979	-3.43262411347518
			3.18439716312057	-3.43617021276596
			3.18794326241135	-3.43617021276596
			3.19148936170213	-3.43617021276596
			3.19503546099291	-3.43617021276596
			3.19858156028369	-3.43971631205674
			3.20212765957447	-3.43971631205674
			3.20567375886525	-3.43971631205674
			3.20921985815603	-3.43971631205674
			3.21276595744681	-3.44326241134752
			3.21631205673759	-3.44326241134752
			3.21985815602837	-3.44326241134752
			3.22340425531915	-3.44326241134752
			3.22695035460993	-3.4468085106383
			3.23049645390071	-3.4468085106383
			3.23404255319149	-3.4468085106383
			3.23758865248227	-3.4468085106383
			3.24113475177305	-3.4468085106383
			3.24468085106383	-3.45035460992908
			3.24822695035461	-3.45035460992908
			3.25177304964539	-3.45035460992908
			3.25531914893617	-3.45390070921986
			3.25886524822695	-3.45390070921986
			3.26241134751773	-3.45390070921986
			3.26595744680851	-3.45390070921986
			3.26950354609929	-3.45390070921986
			3.26950354609929	-3.45744680851064
			3.27304964539007	-3.45744680851064
			3.27659574468085	-3.45744680851064
			3.28014184397163	-3.45744680851064
			3.28368794326241	-3.46099290780142
			3.28723404255319	-3.46099290780142
			3.29078014184397	-3.46099290780142
			3.29432624113475	-3.4645390070922
			3.29787234042553	-3.4645390070922
			3.30141843971631	-3.4645390070922
			3.30496453900709	-3.4645390070922
			3.30851063829787	-3.46808510638298
			3.31205673758865	-3.46808510638298
			3.31560283687943	-3.46808510638298
			3.31914893617021	-3.46808510638298
			3.32269503546099	-3.47163120567376
			3.32624113475177	-3.47163120567376
			3.32978723404255	-3.47163120567376
			3.33333333333333	-3.47517730496454
			3.33687943262411	-3.47517730496454
			3.34042553191489	-3.47517730496454
			3.34397163120567	-3.47517730496454
			3.34751773049645	-3.47872340425532
			3.35106382978723	-3.47872340425532
			3.35460992907801	-3.47872340425532
			3.35815602836879	-3.4822695035461
			3.36170212765957	-3.4822695035461
			3.36524822695035	-3.4822695035461
			3.36879432624113	-3.4822695035461
			3.37234042553191	-3.48581560283688
			3.3758865248227	-3.48581560283688
			3.37943262411348	-3.48581560283688
			3.38297872340426	-3.48936170212766
			3.38652482269504	-3.48936170212766
			3.39007092198582	-3.48936170212766
			3.3936170212766	-3.49290780141844
			3.39716312056738	-3.49290780141844
			3.40070921985816	-3.49290780141844
			3.40425531914894	-3.49290780141844
			3.40780141843972	-3.49645390070922
			3.4113475177305	-3.49645390070922
			3.41489361702128	-3.49645390070922
			3.41843971631206	-3.5
			3.42198581560284	-3.5
			3.42553191489362	-3.5
			3.42553191489362	-3.50354609929078
			3.4290780141844	-3.50354609929078
			3.43262411347518	-3.50354609929078
			3.43617021276596	-3.50354609929078
			3.43971631205674	-3.50709219858156
			3.44326241134752	-3.50709219858156
			3.4468085106383	-3.50709219858156
			3.45035460992908	-3.51063829787234
			3.45390070921986	-3.51063829787234
			3.45744680851064	-3.51063829787234
			3.46099290780142	-3.51418439716312
			3.4645390070922	-3.51418439716312
			3.46808510638298	-3.51418439716312
			3.47163120567376	-3.5177304964539
			3.47517730496454	-3.5177304964539
			3.47872340425532	-3.5177304964539
			3.4822695035461	-3.52127659574468
			3.48581560283688	-3.52127659574468
			3.48936170212766	-3.52127659574468
			3.49290780141844	-3.52482269503546
			3.49645390070922	-3.52482269503546
			3.5	-3.52482269503546
			3.50354609929078	-3.52836879432624
			3.50709219858156	-3.52836879432624
			3.51063829787234	-3.52836879432624
			3.51418439716312	-3.53191489361702
			3.5177304964539	-3.53191489361702
			3.52127659574468	-3.53191489361702
			3.52482269503546	-3.5354609929078
			3.52836879432624	-3.5354609929078
			3.53191489361702	-3.5354609929078
			3.5354609929078	-3.53900709219858
			3.53900709219858	-3.53900709219858
			3.54255319148936	-3.53900709219858
			3.54609929078014	-3.54255319148936
			3.54964539007092	-3.54255319148936
			3.5531914893617	-3.54609929078014
			3.55673758865248	-3.54609929078014
			3.56028368794326	-3.54609929078014
			3.56382978723404	-3.54964539007092
			3.56737588652482	-3.54964539007092
			3.5709219858156	-3.54964539007092
			3.57446808510638	-3.5531914893617
			3.57801418439716	-3.5531914893617
			3.58156028368794	-3.5531914893617
			3.58510638297872	-3.55673758865248
			3.5886524822695	-3.55673758865248
			3.59219858156028	-3.55673758865248
			3.59574468085106	-3.56028368794326
			3.59929078014184	-3.56028368794326
			3.59929078014184	-3.56382978723404
			3.60283687943262	-3.56382978723404
			3.6063829787234	-3.56382978723404
			3.60992907801418	-3.56737588652482
			3.61347517730496	-3.56737588652482
			3.61702127659574	-3.56737588652482
			3.62056737588652	-3.5709219858156
			3.6241134751773	-3.5709219858156
			3.62765957446809	-3.5709219858156
			3.63120567375887	-3.57446808510638
			3.63475177304965	-3.57446808510638
			3.63829787234043	-3.57801418439716
			3.64184397163121	-3.57801418439716
			3.64539007092199	-3.57801418439716
			3.64893617021277	-3.58156028368794
			3.65248226950355	-3.58156028368794
			3.65602836879433	-3.58510638297872
			3.65957446808511	-3.58510638297872
			3.66312056737589	-3.58510638297872
			3.66666666666667	-3.5886524822695
			3.67021276595745	-3.5886524822695
			3.67375886524823	-3.5886524822695
			3.67730496453901	-3.59219858156028
			3.68085106382979	-3.59219858156028
			3.68439716312057	-3.59574468085106
			3.68794326241135	-3.59574468085106
			3.69148936170213	-3.59574468085106
			3.69503546099291	-3.59929078014184
			3.69858156028369	-3.59929078014184
			3.70212765957447	-3.60283687943262
			3.70567375886525	-3.60283687943262
			3.70921985815603	-3.60283687943262
			3.71276595744681	-3.6063829787234
			3.71631205673759	-3.6063829787234
			3.71985815602837	-3.60992907801418
			3.72340425531915	-3.60992907801418
			3.72695035460993	-3.61347517730496
			3.73049645390071	-3.61347517730496
			3.73404255319149	-3.61347517730496
			3.73758865248227	-3.61702127659574
			3.74113475177305	-3.61702127659574
			3.74468085106383	-3.62056737588652
			3.74822695035461	-3.62056737588652
			3.75177304964539	-3.6241134751773
			3.75531914893617	-3.6241134751773
			3.75886524822695	-3.62765957446809
			3.76241134751773	-3.62765957446809
			3.76595744680851	-3.62765957446809
			3.76950354609929	-3.63120567375887
			3.77304964539007	-3.63120567375887
			3.77659574468085	-3.63475177304965
			3.78014184397163	-3.63475177304965
			3.78368794326241	-3.63475177304965
			3.78723404255319	-3.63829787234043
			3.79078014184397	-3.63829787234043
			3.79432624113475	-3.64184397163121
			3.79787234042553	-3.64184397163121
			3.80141843971631	-3.64184397163121
			3.80496453900709	-3.64539007092199
			3.80851063829787	-3.64539007092199
			3.81205673758865	-3.64893617021277
			3.81560283687943	-3.65248226950355
			3.81914893617021	-3.65248226950355
			3.82269503546099	-3.65248226950355
			3.82269503546099	-3.65602836879433
			3.82624113475177	-3.65602836879433
			3.82978723404255	-3.65602836879433
			3.83333333333333	-3.65957446808511
			3.83687943262411	-3.65957446808511
			3.84042553191489	-3.66312056737589
			3.84397163120567	-3.66312056737589
			3.84751773049645	-3.66666666666667
			3.85106382978723	-3.66666666666667
			3.85460992907801	-3.67021276595745
			3.85815602836879	-3.67021276595745
			3.86170212765957	-3.67375886524823
			3.86524822695035	-3.67375886524823
			3.86879432624113	-3.67730496453901
			3.87234042553191	-3.67730496453901
			3.8758865248227	-3.68085106382979
			3.87943262411348	-3.68085106382979
			3.88297872340426	-3.68439716312057
			3.88652482269504	-3.68439716312057
			3.88652482269504	-3.68794326241135
			3.89007092198582	-3.69148936170213
			3.8936170212766	-3.69148936170213
			3.89716312056738	-3.69503546099291
			3.90070921985816	-3.69503546099291
			3.90425531914894	-3.69858156028369
			3.90780141843972	-3.69858156028369
			3.9113475177305	-3.70212765957447
			3.91489361702128	-3.70212765957447
			3.91843971631206	-3.70567375886525
			3.92198581560284	-3.70567375886525
			3.92198581560284	-3.70921985815603
			3.92553191489362	-3.71276595744681
			3.9290780141844	-3.71276595744681
			3.93262411347518	-3.71631205673759
			3.93617021276596	-3.71631205673759
			3.93971631205674	-3.71985815602837
			3.94326241134752	-3.71985815602837
			3.9468085106383	-3.72340425531915
			3.95035460992908	-3.72695035460993
			3.95390070921986	-3.72695035460993
			3.95390070921986	-3.73049645390071
			3.95744680851064	-3.73049645390071
			3.96099290780142	-3.73404255319149
			3.9645390070922	-3.73758865248227
			3.96808510638298	-3.73758865248227
			3.97163120567376	-3.74113475177305
			3.97517730496454	-3.74113475177305
			3.97872340425532	-3.74468085106383
			3.9822695035461	-3.74822695035461
			3.98581560283688	-3.75177304964539
			3.98936170212766	-3.75531914893617
			3.99290780141844	-3.75531914893617
			3.99645390070922	-3.75886524822695
			4	-3.76241134751773
			4.00354609929078	-3.76595744680851
			4.00709219858156	-3.76595744680851
			4.01063829787234	-3.76950354609929
			4.01418439716312	-3.77304964539007
			4.0177304964539	-3.77304964539007
			4.0177304964539	-3.77659574468085
			4.02127659574468	-3.77659574468085
			4.02482269503546	-3.78014184397163
			4.02836879432624	-3.78368794326241
			4.03191489361702	-3.78368794326241
			4.0354609929078	-3.78723404255319
			4.03900709219858	-3.79078014184397
			4.04255319148936	-3.79432624113475
			4.04609929078014	-3.79787234042553
			4.04964539007092	-3.79787234042553
			4.04964539007092	-3.80141843971631
			4.0531914893617	-3.80141843971631
			4.05673758865248	-3.80496453900709
			4.05673758865248	-3.80851063829787
			4.06028368794326	-3.80851063829787
			4.06382978723404	-3.81205673758865
			4.06737588652482	-3.81205673758865
			4.06737588652482	-3.81560283687943
			4.0709219858156	-3.81914893617021
			4.07446808510638	-3.81914893617021
			4.07446808510638	-3.82269503546099
			4.07801418439716	-3.82624113475177
			4.08156028368794	-3.82624113475177
			4.08510638297872	-3.82978723404255
			4.0886524822695	-3.83333333333333
			4.09219858156028	-3.83687943262411
			4.09574468085106	-3.84042553191489
			4.09929078014184	-3.84397163120567
			4.10283687943262	-3.84751773049645
			4.1063829787234	-3.84751773049645
			4.10992907801418	-3.85106382978723
			4.10992907801418	-3.85460992907801
			4.11347517730496	-3.85815602836879
			4.11702127659574	-3.86170212765957
			4.12056737588652	-3.86170212765957
			4.1241134751773	-3.86524822695035
			4.1241134751773	-3.86879432624113
			4.12765957446809	-3.87234042553191
			4.13120567375887	-3.8758865248227
			4.13475177304965	-3.87943262411348
			4.13829787234043	-3.87943262411348
			4.13829787234043	-3.88297872340426
			4.14184397163121	-3.88652482269504
			4.14539007092199	-3.89007092198582
			4.14893617021277	-3.8936170212766
			4.15248226950355	-3.8936170212766
			4.15248226950355	-3.89716312056738
			4.15602836879433	-3.90070921985816
			4.15957446808511	-3.90425531914894
			4.16312056737589	-3.90780141843972
			4.16666666666667	-3.9113475177305
			4.16666666666667	-3.91489361702128
			4.17021276595745	-3.91489361702128
			4.17375886524823	-3.91843971631206
			4.17730496453901	-3.92198581560284
			4.18085106382979	-3.92553191489362
			4.18085106382979	-3.9290780141844
			4.18439716312057	-3.93262411347518
			4.18794326241135	-3.93617021276596
			4.19148936170213	-3.93971631205674
			4.19503546099291	-3.94326241134752
			4.19858156028369	-3.9468085106383
			4.20212765957447	-3.95035460992908
			4.20212765957447	-3.95390070921986
			4.20567375886525	-3.95390070921986
			4.20567375886525	-3.95744680851064
			4.20921985815603	-3.96099290780142
			4.21276595744681	-3.9645390070922
			4.21631205673759	-3.96808510638298
			4.21985815602837	-3.97163120567376
			4.21985815602837	-3.97517730496454
			4.22340425531915	-3.97872340425532
			4.22695035460993	-3.9822695035461
			4.23049645390071	-3.98581560283688
			4.23404255319149	-3.98936170212766
			4.23404255319149	-3.99290780141844
			4.23758865248227	-3.99645390070922
			4.24113475177305	-4
			4.24468085106383	-4.00354609929078
			4.24822695035461	-4.00709219858156
			4.24822695035461	-4.01063829787234
			4.25177304964539	-4.01418439716312
			4.25531914893617	-4.0177304964539
			4.25886524822695	-4.02127659574468
			4.25886524822695	-4.02482269503546
			4.26241134751773	-4.02836879432624
			4.26595744680851	-4.03191489361702
			4.26950354609929	-4.0354609929078
			4.26950354609929	-4.03900709219858
			4.27304964539007	-4.04255319148936
			4.27659574468085	-4.04609929078014
			4.28014184397163	-4.04964539007092
			4.28014184397163	-4.0531914893617
			4.28368794326241	-4.05673758865248
			4.28368794326241	-4.06028368794326
			4.28723404255319	-4.06028368794326
			4.28723404255319	-4.06382978723404
			4.28723404255319	-4.06737588652482
			4.29078014184397	-4.06737588652482
			4.29078014184397	-4.0709219858156
			4.29432624113475	-4.07446808510638
			4.29787234042553	-4.07801418439716
			4.29787234042553	-4.08156028368794
			4.30141843971631	-4.08510638297872
			4.30496453900709	-4.0886524822695
			4.30496453900709	-4.09219858156028
			4.30851063829787	-4.09574468085106
			4.30851063829787	-4.09929078014184
			4.31205673758865	-4.09929078014184
			4.31205673758865	-4.10283687943262
			4.31560283687943	-4.1063829787234
			4.31560283687943	-4.10992907801418
			4.31914893617021	-4.10992907801418
			4.31914893617021	-4.11347517730496
			4.32269503546099	-4.11702127659574
			4.32269503546099	-4.12056737588652
			4.32624113475177	-4.1241134751773
			4.32978723404255	-4.12765957446809
			4.33333333333333	-4.13120567375887
			4.33333333333333	-4.13475177304965
			4.33687943262411	-4.13829787234043
			4.33687943262411	-4.14184397163121
			4.34042553191489	-4.14539007092199
			4.34397163120567	-4.14893617021277
			4.34397163120567	-4.15248226950355
			4.34751773049645	-4.15602836879433
			4.34751773049645	-4.15957446808511
			4.35106382978723	-4.16312056737589
			4.35106382978723	-4.16666666666667
			4.35460992907801	-4.17021276595745
			4.35815602836879	-4.17375886524823
			4.35815602836879	-4.17730496453901
			4.36170212765957	-4.18085106382979
			4.36170212765957	-4.18439716312057
			4.36524822695035	-4.18794326241135
			4.36524822695035	-4.19148936170213
			4.36879432624113	-4.19503546099291
			4.37234042553191	-4.19858156028369
			4.37234042553191	-4.20212765957447
			4.3758865248227	-4.20567375886525
			4.3758865248227	-4.20921985815603
			4.37943262411348	-4.21276595744681
			4.37943262411348	-4.21631205673759
			4.38297872340426	-4.21985815602837
			4.38652482269504	-4.22340425531915
			4.38652482269504	-4.22695035460993
			4.38652482269504	-4.23049645390071
			4.39007092198582	-4.23049645390071
			4.39007092198582	-4.23404255319149
			4.39007092198582	-4.23758865248227
			4.3936170212766	-4.23758865248227
			4.3936170212766	-4.24113475177305
			4.3936170212766	-4.24468085106383
			4.39716312056738	-4.24468085106383
			4.39716312056738	-4.24822695035461
			4.40070921985816	-4.25177304964539
			4.40070921985816	-4.25531914893617
			4.40425531914894	-4.25886524822695
			4.40425531914894	-4.26241134751773
			4.40425531914894	-4.26595744680851
			4.40780141843972	-4.26595744680851
			4.40780141843972	-4.26950354609929
			4.4113475177305	-4.27304964539007
			4.4113475177305	-4.27659574468085
			4.4113475177305	-4.28014184397163
			4.41489361702128	-4.28014184397163
			4.41489361702128	-4.28368794326241
			4.41489361702128	-4.28723404255319
			4.41843971631206	-4.29078014184397
			4.42198581560284	-4.29432624113475
			4.42198581560284	-4.29787234042553
			4.42553191489362	-4.30141843971631
			4.42553191489362	-4.30496453900709
			4.42553191489362	-4.30851063829787
			4.4290780141844	-4.31205673758865
			4.4290780141844	-4.31560283687943
			4.43262411347518	-4.31914893617021
			4.43262411347518	-4.32269503546099
			4.43617021276596	-4.32624113475177
			4.43617021276596	-4.32978723404255
			4.43971631205674	-4.33333333333333
			4.43971631205674	-4.33687943262411
			4.43971631205674	-4.34042553191489
			4.44326241134752	-4.34397163120567
			4.44326241134752	-4.34751773049645
			4.4468085106383	-4.35106382978723
			4.4468085106383	-4.35460992907801
			4.45035460992908	-4.35815602836879
			4.45035460992908	-4.36170212765957
			4.45390070921986	-4.36524822695035
			4.45390070921986	-4.36879432624113
			4.45390070921986	-4.37234042553191
			4.45744680851064	-4.3758865248227
			4.45744680851064	-4.37943262411348
			4.46099290780142	-4.38297872340426
			4.46099290780142	-4.38652482269504
			4.4645390070922	-4.39007092198582
			4.4645390070922	-4.3936170212766
			4.4645390070922	-4.39716312056738
			4.46808510638298	-4.40070921985816
			4.46808510638298	-4.40425531914894
			4.47163120567376	-4.40780141843972
			4.47163120567376	-4.4113475177305
			4.47517730496454	-4.41489361702128
			4.47517730496454	-4.41843971631206
			4.47517730496454	-4.42198581560284
			4.47872340425532	-4.42553191489362
			4.47872340425532	-4.4290780141844
			4.4822695035461	-4.43262411347518
			4.4822695035461	-4.43617021276596
			4.4822695035461	-4.43971631205674
			4.48581560283688	-4.44326241134752
			4.48581560283688	-4.4468085106383
			4.48936170212766	-4.45035460992908
			4.48936170212766	-4.45390070921986
			4.48936170212766	-4.45744680851064
			4.49290780141844	-4.46099290780142
			4.49290780141844	-4.4645390070922
			4.49645390070922	-4.46808510638298
			4.49645390070922	-4.47163120567376
			4.5	-4.47517730496454
			4.5	-4.47872340425532
			4.5	-4.4822695035461
			4.50354609929078	-4.48581560283688
			4.50354609929078	-4.48936170212766
			4.50354609929078	-4.49290780141844
			4.50709219858156	-4.49645390070922
			4.50709219858156	-4.5
			4.50709219858156	-4.50354609929078
			4.51063829787234	-4.50709219858156
			4.51063829787234	-4.51063829787234
			4.51063829787234	-4.51418439716312
			4.51418439716312	-4.5177304964539
			4.51418439716312	-4.52127659574468
			4.51418439716312	-4.52482269503546
			4.5177304964539	-4.52836879432624
			4.5177304964539	-4.53191489361702
			4.5177304964539	-4.5354609929078
			4.52127659574468	-4.53900709219858
			4.52127659574468	-4.54255319148936
			4.52482269503546	-4.54609929078014
			4.52482269503546	-4.54964539007092
			4.52482269503546	-4.5531914893617
			4.52836879432624	-4.55673758865248
			4.52836879432624	-4.56028368794326
			4.52836879432624	-4.56382978723404
			4.53191489361702	-4.56737588652482
			4.53191489361702	-4.5709219858156
			4.53191489361702	-4.57446808510638
			4.5354609929078	-4.57801418439716
			4.5354609929078	-4.58156028368794
			4.5354609929078	-4.58510638297872
			4.53900709219858	-4.5886524822695
			4.53900709219858	-4.59219858156028
			4.53900709219858	-4.59574468085106
			4.54255319148936	-4.59929078014184
			4.54255319148936	-4.60283687943262
			4.54255319148936	-4.6063829787234
			4.54609929078014	-4.60992907801418
			4.54609929078014	-4.61347517730496
			4.54609929078014	-4.61702127659574
			4.54964539007092	-4.62056737588652
			4.54964539007092	-4.6241134751773
			4.54964539007092	-4.62765957446809
			4.5531914893617	-4.63120567375887
			4.5531914893617	-4.63475177304965
			4.5531914893617	-4.63829787234043
			4.55673758865248	-4.64184397163121
			4.55673758865248	-4.64539007092199
			4.55673758865248	-4.64893617021277
			4.55673758865248	-4.65248226950355
			4.56028368794326	-4.65602836879433
			4.56028368794326	-4.65957446808511
			4.56028368794326	-4.66312056737589
			4.56382978723404	-4.66666666666667
			4.56382978723404	-4.67021276595745
			4.56382978723404	-4.67375886524823
			4.56737588652482	-4.67730496453901
			4.56737588652482	-4.68085106382979
			4.56737588652482	-4.68439716312057
			4.56737588652482	-4.68794326241135
			4.5709219858156	-4.69148936170213
			4.5709219858156	-4.69503546099291
			4.5709219858156	-4.69858156028369
			4.5709219858156	-4.70212765957447
			4.57446808510638	-4.70212765957447
			4.57446808510638	-4.70567375886525
			4.57446808510638	-4.70921985815603
			4.57446808510638	-4.71276595744681
			4.57801418439716	-4.71631205673759
			4.57801418439716	-4.71985815602837
			4.57801418439716	-4.72340425531915
			4.57801418439716	-4.72695035460993
			4.58156028368794	-4.73049645390071
			4.58156028368794	-4.73404255319149
			4.58156028368794	-4.73758865248227
			4.58156028368794	-4.74113475177305
			4.58510638297872	-4.74113475177305
			4.58510638297872	-4.74468085106383
			4.58510638297872	-4.74822695035461
			4.58510638297872	-4.75177304964539
			4.5886524822695	-4.75531914893617
			4.5886524822695	-4.75886524822695
			4.5886524822695	-4.76241134751773
			4.5886524822695	-4.76595744680851
			4.59219858156028	-4.76950354609929
			4.59219858156028	-4.77304964539007
			4.59219858156028	-4.77659574468085
			4.59219858156028	-4.78014184397163
			4.59574468085106	-4.78368794326241
			4.59574468085106	-4.78723404255319
			4.59574468085106	-4.79078014184397
			4.59929078014184	-4.79432624113475
			4.59929078014184	-4.79787234042553
			4.59929078014184	-4.80141843971631
			4.59929078014184	-4.80496453900709
			4.60283687943262	-4.80851063829787
			4.60283687943262	-4.81205673758865
			4.60283687943262	-4.81560283687943
			4.60283687943262	-4.81914893617021
			4.60283687943262	-4.82269503546099
			4.6063829787234	-4.82624113475177
			4.6063829787234	-4.82978723404255
			4.6063829787234	-4.83333333333333
			4.60992907801418	-4.83687943262411
			4.60992907801418	-4.84042553191489
			4.60992907801418	-4.84397163120567
			4.60992907801418	-4.84751773049645
			4.61347517730496	-4.85106382978723
			4.61347517730496	-4.85460992907801
			4.61347517730496	-4.85815602836879
			4.61347517730496	-4.86170212765957
			4.61347517730496	-4.86524822695035
			4.61702127659574	-4.86879432624113
			4.61702127659574	-4.87234042553191
			4.61702127659574	-4.8758865248227
			4.61702127659574	-4.87943262411348
			4.62056737588652	-4.88297872340426
			4.62056737588652	-4.88652482269504
			4.62056737588652	-4.89007092198582
			4.62056737588652	-4.8936170212766
			4.6241134751773	-4.89716312056738
			4.6241134751773	-4.90070921985816
			4.6241134751773	-4.90425531914894
			4.6241134751773	-4.90780141843972
			4.6241134751773	-4.9113475177305
			4.62765957446809	-4.91489361702128
			4.62765957446809	-4.91843971631206
			4.62765957446809	-4.92198581560284
			4.62765957446809	-4.92553191489362
			4.63120567375887	-4.9290780141844
			4.63120567375887	-4.93262411347518
			4.63120567375887	-4.93617021276596
			4.63120567375887	-4.93971631205674
			4.63120567375887	-4.94326241134752
			4.63475177304965	-4.9468085106383
			4.63475177304965	-4.95035460992908
			4.63475177304965	-4.95390070921986
			4.63475177304965	-4.95744680851064
			4.63475177304965	-4.96099290780142
			4.63475177304965	-4.9645390070922
			4.63829787234043	-4.9645390070922
			4.63829787234043	-4.96808510638298
			4.63829787234043	-4.97163120567376
			4.63829787234043	-4.97517730496454
			4.63829787234043	-4.97872340425532
			4.64184397163121	-4.9822695035461
			4.64184397163121	-4.98581560283688
			4.64184397163121	-4.98936170212766
			4.64184397163121	-4.99290780141844
			4.64184397163121	-4.99645390070922
			4.64184397163121	-5
			4.64539007092199	-5
			4.64539007092199	-5.00354609929078
			4.64539007092199	-5.00709219858156
			4.64539007092199	-5.01063829787234
			4.64539007092199	-5.01418439716312
			4.64893617021277	-5.0177304964539
			4.64893617021277	-5.02127659574468
			4.64893617021277	-5.02482269503546
			4.64893617021277	-5.02836879432624
			4.64893617021277	-5.03191489361702
			4.64893617021277	-5.0354609929078
			4.65248226950355	-5.03900709219858
			4.65248226950355	-5.04255319148936
			4.65248226950355	-5.04609929078014
			4.65248226950355	-5.04964539007092
			4.65248226950355	-5.0531914893617
			4.65602836879433	-5.05673758865248
			4.65602836879433	-5.06028368794326
			4.65602836879433	-5.06382978723404
			4.65602836879433	-5.06737588652482
			4.65602836879433	-5.0709219858156
			4.65957446808511	-5.07446808510638
			4.65957446808511	-5.07801418439716
			4.65957446808511	-5.08156028368794
			4.65957446808511	-5.08510638297872
			4.65957446808511	-5.0886524822695
			4.65957446808511	-5.09219858156028
			4.66312056737589	-5.09574468085106
			4.66312056737589	-5.09929078014184
			4.66312056737589	-5.10283687943262
			4.66312056737589	-5.1063829787234
			4.66312056737589	-5.10992907801418
			4.66312056737589	-5.11347517730496
			4.66666666666667	-5.11702127659574
			4.66666666666667	-5.12056737588652
			4.66666666666667	-5.1241134751773
			4.66666666666667	-5.12765957446809
			4.66666666666667	-5.13120567375887
			4.66666666666667	-5.13475177304965
			4.67021276595745	-5.13829787234043
			4.67021276595745	-5.14184397163121
			4.67021276595745	-5.14539007092199
			4.67021276595745	-5.14893617021277
			4.67021276595745	-5.15248226950355
			4.67021276595745	-5.15602836879433
			4.67375886524823	-5.15957446808511
			4.67375886524823	-5.16312056737589
			4.67375886524823	-5.16666666666667
			4.67375886524823	-5.17021276595745
			4.67375886524823	-5.17375886524823
			4.67375886524823	-5.17730496453901
			4.67375886524823	-5.18085106382979
			4.67730496453901	-5.18439716312057
			4.67730496453901	-5.18794326241135
			4.67730496453901	-5.19148936170213
			4.67730496453901	-5.19503546099291
			4.67730496453901	-5.19858156028369
			4.67730496453901	-5.20212765957447
			4.68085106382979	-5.20567375886525
			4.68085106382979	-5.20921985815603
			4.68085106382979	-5.21276595744681
			4.68085106382979	-5.21631205673759
			4.68085106382979	-5.21985815602837
			4.68085106382979	-5.22340425531915
			4.68085106382979	-5.22695035460993
			4.68439716312057	-5.23049645390071
			4.68439716312057	-5.23404255319149
			4.68439716312057	-5.23758865248227
			4.68439716312057	-5.24113475177305
			4.68439716312057	-5.24468085106383
			4.68439716312057	-5.24822695035461
			4.68439716312057	-5.25177304964539
			4.68794326241135	-5.25531914893617
			4.68794326241135	-5.25886524822695
			4.68794326241135	-5.26241134751773
			4.68794326241135	-5.26595744680851
			4.68794326241135	-5.26950354609929
			4.68794326241135	-5.27304964539007
			4.68794326241135	-5.27659574468085
			4.69148936170213	-5.28014184397163
			4.69148936170213	-5.28368794326241
			4.69148936170213	-5.28723404255319
			4.69148936170213	-5.29078014184397
			4.69148936170213	-5.29432624113475
			4.69148936170213	-5.29787234042553
			4.69148936170213	-5.30141843971631
			4.69503546099291	-5.30496453900709
			4.69503546099291	-5.30851063829787
			4.69503546099291	-5.31205673758865
			4.69503546099291	-5.31560283687943
			4.69503546099291	-5.31914893617021
			4.69503546099291	-5.32269503546099
			4.69503546099291	-5.32624113475177
			4.69503546099291	-5.32978723404255
			4.69503546099291	-5.33333333333333
			4.69858156028369	-5.33687943262411
			4.69858156028369	-5.34042553191489
			4.69858156028369	-5.34397163120567
			4.69858156028369	-5.34751773049645
			4.69858156028369	-5.35106382978723
			4.69858156028369	-5.35460992907801
			4.69858156028369	-5.35815602836879
			4.69858156028369	-5.36170212765957
			4.70212765957447	-5.36524822695035
			4.70212765957447	-5.36879432624113
			4.70212765957447	-5.37234042553191
			4.70212765957447	-5.3758865248227
			4.70212765957447	-5.37943262411348
			4.70212765957447	-5.38297872340426
			4.70212765957447	-5.38652482269504
			4.70212765957447	-5.39007092198582
			4.70567375886525	-5.3936170212766
			4.70567375886525	-5.39716312056738
			4.70567375886525	-5.40070921985816
			4.70567375886525	-5.40425531914894
			4.70567375886525	-5.40780141843972
			4.70567375886525	-5.4113475177305
			4.70567375886525	-5.41489361702128
			4.70567375886525	-5.41843971631206
			4.70567375886525	-5.42198581560284
			4.70567375886525	-5.42553191489362
			4.70921985815603	-5.4290780141844
			4.70921985815603	-5.43262411347518
			4.70921985815603	-5.43617021276596
			4.70921985815603	-5.43971631205674
			4.70921985815603	-5.44326241134752
			4.70921985815603	-5.4468085106383
			4.70921985815603	-5.45035460992908
			4.70921985815603	-5.45390070921986
			4.70921985815603	-5.45744680851064
			4.71276595744681	-5.46099290780142
			4.71276595744681	-5.4645390070922
			4.71276595744681	-5.46808510638298
			4.71276595744681	-5.47163120567376
			4.71276595744681	-5.47517730496454
			4.71276595744681	-5.47872340425532
			4.71276595744681	-5.4822695035461
			4.71276595744681	-5.48581560283688
			4.71276595744681	-5.48936170212766
			4.71631205673759	-5.49290780141844
			4.71631205673759	-5.49645390070922
			4.71631205673759	-5.5
			4.71631205673759	-5.50354609929078
			4.71631205673759	-5.50709219858156
			4.71631205673759	-5.51063829787234
			4.71631205673759	-5.51418439716312
			4.71631205673759	-5.5177304964539
			4.71631205673759	-5.52127659574468
			4.71631205673759	-5.52482269503546
			4.71631205673759	-5.52836879432624
			4.71631205673759	-5.53191489361702
			4.71985815602837	-5.53191489361702
			4.71985815602837	-5.5354609929078
			4.71985815602837	-5.53900709219858
			4.71985815602837	-5.54255319148936
			4.71985815602837	-5.54609929078014
			4.71985815602837	-5.54964539007092
			4.71985815602837	-5.5531914893617
			4.71985815602837	-5.55673758865248
			4.71985815602837	-5.56028368794326
			4.71985815602837	-5.56382978723404
			4.71985815602837	-5.56737588652482
			4.72340425531915	-5.5709219858156
			4.72340425531915	-5.57446808510638
			4.72340425531915	-5.57801418439716
			4.72340425531915	-5.58156028368794
			4.72340425531915	-5.58510638297872
			4.72340425531915	-5.5886524822695
			4.72340425531915	-5.59219858156028
			4.72340425531915	-5.59574468085106
			4.72340425531915	-5.59929078014184
			4.72340425531915	-5.60283687943262
			4.72340425531915	-5.6063829787234
			4.72340425531915	-5.60992907801418
			4.72340425531915	-5.61347517730496
			4.72695035460993	-5.61702127659574
			4.72695035460993	-5.62056737588652
			4.72695035460993	-5.6241134751773
			4.72695035460993	-5.62765957446809
			4.72695035460993	-5.63120567375887
			4.72695035460993	-5.63475177304965
			4.72695035460993	-5.63829787234043
			4.72695035460993	-5.64184397163121
			4.72695035460993	-5.64539007092199
			4.72695035460993	-5.64893617021277
			4.72695035460993	-5.65248226950355
			4.72695035460993	-5.65602836879433
			4.72695035460993	-5.65957446808511
			4.72695035460993	-5.66312056737589
			4.73049645390071	-5.66666666666667
			4.73049645390071	-5.67021276595745
			4.73049645390071	-5.67375886524823
			4.73049645390071	-5.67730496453901
			4.73049645390071	-5.68085106382979
			4.73049645390071	-5.68439716312057
			4.73049645390071	-5.68794326241135
			4.73049645390071	-5.69148936170213
			4.73049645390071	-5.69503546099291
			4.73049645390071	-5.69858156028369
			4.73049645390071	-5.70212765957447
			4.73049645390071	-5.70567375886525
			4.73049645390071	-5.70921985815603
			4.73049645390071	-5.71276595744681
			4.73404255319149	-5.71631205673759
			4.73404255319149	-5.71985815602837
			4.73404255319149	-5.72340425531915
			4.73404255319149	-5.72695035460993
			4.73404255319149	-5.73049645390071
			4.73404255319149	-5.73404255319149
			4.73404255319149	-5.73758865248227
			4.73404255319149	-5.74113475177305
			4.73404255319149	-5.74468085106383
			4.73404255319149	-5.74822695035461
			4.73404255319149	-5.75177304964539
			4.73404255319149	-5.75531914893617
			4.73404255319149	-5.75886524822695
			4.73404255319149	-5.76241134751773
			4.73404255319149	-5.76595744680851
			4.73404255319149	-5.76950354609929
			4.73758865248227	-5.77304964539007
			4.73758865248227	-5.77659574468085
			4.73758865248227	-5.78014184397163
			4.73758865248227	-5.78368794326241
			4.73758865248227	-5.78723404255319
			4.73758865248227	-5.79078014184397
			4.73758865248227	-5.79432624113475
			4.73758865248227	-5.79787234042553
			4.73758865248227	-5.80141843971631
			4.73758865248227	-5.80496453900709
			4.73758865248227	-5.80851063829787
			4.73758865248227	-5.81205673758865
			4.73758865248227	-5.81560283687943
			4.73758865248227	-5.81914893617021
			4.73758865248227	-5.82269503546099
			4.73758865248227	-5.82624113475177
			4.73758865248227	-5.82978723404255
			4.73758865248227	-5.83333333333333
			4.73758865248227	-5.83687943262411
			4.73758865248227	-5.84042553191489
			4.74113475177305	-5.84397163120567
			4.74113475177305	-5.84751773049645
			4.74113475177305	-5.85106382978723
			4.74113475177305	-5.85460992907801
			4.74113475177305	-5.85815602836879
			4.74113475177305	-5.86170212765957
			4.74113475177305	-5.86524822695035
			4.74113475177305	-5.86879432624113
			4.74113475177305	-5.87234042553191
			4.74113475177305	-5.8758865248227
			4.74113475177305	-5.87943262411348
			4.74113475177305	-5.88297872340426
			4.74113475177305	-5.88652482269504
			4.74113475177305	-5.89007092198582
			4.74113475177305	-5.8936170212766
			4.74113475177305	-5.89716312056738
			4.74113475177305	-5.90070921985816
			4.74113475177305	-5.90425531914894
			4.74113475177305	-5.90780141843972
			4.74113475177305	-5.9113475177305
			4.74113475177305	-5.91489361702128
			4.74113475177305	-5.91843971631206
			4.74113475177305	-5.92198581560284
			4.74113475177305	-5.92553191489362
			4.74113475177305	-5.9290780141844
			4.74468085106383	-5.93262411347518
			4.74468085106383	-5.93617021276596
			4.74468085106383	-5.93971631205674
			4.74468085106383	-5.94326241134752
			4.74468085106383	-5.9468085106383
			4.74468085106383	-5.95035460992908
			4.74468085106383	-5.95390070921986
			4.74468085106383	-5.95744680851064
			4.74468085106383	-5.96099290780142
			4.74468085106383	-5.9645390070922
			4.74468085106383	-5.96808510638298
			4.74468085106383	-5.97163120567376
			4.74468085106383	-5.97517730496454
			4.74468085106383	-5.97872340425532
			4.74468085106383	-5.9822695035461
			4.74468085106383	-5.98581560283688
			4.74468085106383	-5.98936170212766
			4.74468085106383	-5.99290780141844
			4.74468085106383	-5.99645390070922
			4.74468085106383	-6
			4.74468085106383	-6.00354609929078
			4.74468085106383	-6.00709219858156
			4.74468085106383	-6.01063829787234
			4.74468085106383	-6.01418439716312
			4.74468085106383	-6.0177304964539
			4.74468085106383	-6.02127659574468
			4.74468085106383	-6.02482269503546
			4.74468085106383	-6.02836879432624
			4.74468085106383	-6.03191489361702
			4.74468085106383	-6.0354609929078
			4.74468085106383	-6.03900709219858
			4.74468085106383	-6.04255319148936
			4.74468085106383	-6.04609929078014
			4.74822695035461	-6.04964539007092
			4.74822695035461	-6.0531914893617
			4.74822695035461	-6.05673758865248
			4.74822695035461	-6.06028368794326
			4.74822695035461	-6.06382978723404
			4.74822695035461	-6.06737588652482
			4.74822695035461	-6.0709219858156
			4.74822695035461	-6.07446808510638
			4.74822695035461	-6.07801418439716
			4.74822695035461	-6.08156028368794
			4.74822695035461	-6.08510638297872
			4.74822695035461	-6.0886524822695
			4.74822695035461	-6.09219858156028
			4.74822695035461	-6.09574468085106
			4.74822695035461	-6.09929078014184
			4.74822695035461	-6.10283687943262
			4.74822695035461	-6.1063829787234
			4.74822695035461	-6.10992907801418
			4.74822695035461	-6.11347517730496
			4.74822695035461	-6.11702127659574
			4.74822695035461	-6.12056737588652
			4.74822695035461	-6.1241134751773
			4.74822695035461	-6.12765957446809
			4.74822695035461	-6.13120567375887
			4.74822695035461	-6.13475177304965
			4.74822695035461	-6.13829787234043
			4.74822695035461	-6.14184397163121
			4.74822695035461	-6.14539007092199
			4.74822695035461	-6.14893617021277
			4.74822695035461	-6.15248226950355
			4.74822695035461	-6.15602836879433
			4.74822695035461	-6.15957446808511
			4.74822695035461	-6.16312056737589
			4.74822695035461	-6.16666666666667
			4.74822695035461	-6.17021276595745
			4.74822695035461	-6.17375886524823
			4.74822695035461	-6.17730496453901
			4.74822695035461	-6.18085106382979
			4.74822695035461	-6.18439716312057
			4.74822695035461	-6.18794326241135
			4.74822695035461	-6.19148936170213
			4.74822695035461	-6.19503546099291
			4.74822695035461	-6.19858156028369
			4.74822695035461	-6.20212765957447
			4.74822695035461	-6.20567375886525
			4.74822695035461	-6.20921985815603
			4.74822695035461	-6.21276595744681
			4.74822695035461	-6.21631205673759
			4.74822695035461	-6.21985815602837
			4.74822695035461	-6.22340425531915
			4.74822695035461	-6.22695035460993
			4.74822695035461	-6.23049645390071
			4.74822695035461	-6.23404255319149
			4.74822695035461	-6.23758865248227
			4.74822695035461	-6.24113475177305
			4.74822695035461	-6.24468085106383
			4.74822695035461	-6.24822695035461
			4.74822695035461	-6.25177304964539
			4.74822695035461	-6.25531914893617
			4.74822695035461	-6.25886524822695
			4.74822695035461	-6.26241134751773
			4.74822695035461	-6.26595744680851
			4.74822695035461	-6.26950354609929
			4.74822695035461	-6.27304964539007
			4.74822695035461	-6.27659574468085
			4.74822695035461	-6.28014184397163
			4.74822695035461	-6.28368794326241
			4.74822695035461	-6.28723404255319
			4.74822695035461	-6.29078014184397
			4.74822695035461	-6.29432624113475
			4.74822695035461	-6.29787234042553
			4.74822695035461	-6.30141843971631
			4.74822695035461	-6.30496453900709
			4.74822695035461	-6.30851063829787
			4.74822695035461	-6.31205673758865
			4.74822695035461	-6.31560283687943
			4.74822695035461	-6.31914893617021
			4.74822695035461	-6.32269503546099
			4.74822695035461	-6.32624113475177
			4.74822695035461	-6.32978723404255
			4.74822695035461	-6.33333333333333
			4.74822695035461	-6.33687943262411
			4.74822695035461	-6.34042553191489
			4.74822695035461	-6.34397163120567
			4.74822695035461	-6.34751773049645
			4.74822695035461	-6.35106382978723
			4.74822695035461	-6.35460992907801
			4.74822695035461	-6.35815602836879
			4.74822695035461	-6.36170212765957
			4.74822695035461	-6.36524822695035
			4.74822695035461	-6.36879432624113
			4.74822695035461	-6.37234042553191
			4.74822695035461	-6.3758865248227
			4.74822695035461	-6.37943262411348
			4.74822695035461	-6.38297872340426
			4.74822695035461	-6.38652482269504
			4.74822695035461	-6.39007092198582
			4.74822695035461	-6.3936170212766
			4.74822695035461	-6.39716312056738
			4.74822695035461	-6.40070921985816
			4.74822695035461	-6.40425531914894
			4.74822695035461	-6.40780141843972
			4.74822695035461	-6.4113475177305
			4.74822695035461	-6.41489361702128
			4.74822695035461	-6.41843971631206
			4.74822695035461	-6.42198581560284
			4.74822695035461	-6.42553191489362
			4.74822695035461	-6.4290780141844
			4.74822695035461	-6.43262411347518
			4.74822695035461	-6.43617021276596
			4.74822695035461	-6.43971631205674
			4.74822695035461	-6.44326241134752
			4.74822695035461	-6.4468085106383
			4.74822695035461	-6.45035460992908
			4.74822695035461	-6.45390070921986
			4.74822695035461	-6.45744680851064
			4.74822695035461	-6.46099290780142
			4.74822695035461	-6.4645390070922
			4.74822695035461	-6.46808510638298
			4.74822695035461	-6.47163120567376
			4.74822695035461	-6.47517730496454
			4.74822695035461	-6.47872340425532
			4.74822695035461	-6.4822695035461
			4.74468085106383	-6.48581560283688
			4.74468085106383	-6.48936170212766
			4.74468085106383	-6.49290780141844
			4.74468085106383	-6.49645390070922
			4.74468085106383	-6.5
			4.74468085106383	-6.50354609929078
			4.74468085106383	-6.50709219858156
			4.74468085106383	-6.51063829787234
			4.74468085106383	-6.51418439716312
			4.74468085106383	-6.5177304964539
			4.74468085106383	-6.52127659574468
			4.74468085106383	-6.52482269503546
			4.74468085106383	-6.52836879432624
			4.74468085106383	-6.53191489361702
			4.74468085106383	-6.5354609929078
			4.74468085106383	-6.53900709219858
			4.74468085106383	-6.54255319148936
			4.74468085106383	-6.54609929078014
			4.74468085106383	-6.54964539007092
			4.74468085106383	-6.5531914893617
			4.74468085106383	-6.55673758865248
			4.74468085106383	-6.56028368794326
			4.74468085106383	-6.56382978723404
			4.74468085106383	-6.56737588652482
			4.74468085106383	-6.5709219858156
			4.74468085106383	-6.57446808510638
			4.74468085106383	-6.57801418439716
			4.74468085106383	-6.58156028368794
			4.74468085106383	-6.58510638297872
			4.74468085106383	-6.5886524822695
			4.74468085106383	-6.59219858156028
			4.74468085106383	-6.59574468085106
			4.74468085106383	-6.59929078014184
			4.74468085106383	-6.60283687943262
			4.74468085106383	-6.6063829787234
			4.74468085106383	-6.60992907801418
			4.74468085106383	-6.61347517730496
			4.74468085106383	-6.61702127659574
			4.74113475177305	-6.62056737588652
			4.74113475177305	-6.6241134751773
			4.74113475177305	-6.62765957446809
			4.74113475177305	-6.63120567375887
			4.74113475177305	-6.63475177304965
			4.74113475177305	-6.63829787234043
			4.74113475177305	-6.64184397163121
			4.74113475177305	-6.64539007092199
			4.74113475177305	-6.64893617021277
			4.74113475177305	-6.65248226950355
			4.74113475177305	-6.65602836879433
			4.74113475177305	-6.65957446808511
			4.74113475177305	-6.66312056737589
			4.74113475177305	-6.66666666666667
			4.74113475177305	-6.67021276595745
			4.74113475177305	-6.67375886524823
			4.74113475177305	-6.67730496453901
			4.74113475177305	-6.68085106382979
			4.74113475177305	-6.68439716312057
			4.74113475177305	-6.68794326241135
			4.74113475177305	-6.69148936170213
			4.74113475177305	-6.69503546099291
			4.74113475177305	-6.69858156028369
			4.74113475177305	-6.70212765957447
			4.74113475177305	-6.70567375886525
			4.74113475177305	-6.70921985815603
			4.74113475177305	-6.71276595744681
			4.74113475177305	-6.71631205673759
			4.73758865248227	-6.71985815602837
			4.73758865248227	-6.72340425531915
			4.73758865248227	-6.72695035460993
			4.73758865248227	-6.73049645390071
			4.73758865248227	-6.73404255319149
			4.73758865248227	-6.73758865248227
			4.73758865248227	-6.74113475177305
			4.73758865248227	-6.74468085106383
			4.73758865248227	-6.74822695035461
			4.73758865248227	-6.75177304964539
			4.73758865248227	-6.75531914893617
			4.73758865248227	-6.75886524822695
			4.73758865248227	-6.76241134751773
			4.73758865248227	-6.76595744680851
			4.73758865248227	-6.76950354609929
			4.73758865248227	-6.77304964539007
			4.73758865248227	-6.77659574468085
			4.73758865248227	-6.78014184397163
			4.73758865248227	-6.78368794326241
			4.73758865248227	-6.78723404255319
			4.73758865248227	-6.79078014184397
			4.73758865248227	-6.79432624113475
			4.73758865248227	-6.79787234042553
			4.73404255319149	-6.80141843971631
			4.73404255319149	-6.80496453900709
			4.73404255319149	-6.80851063829787
			4.73404255319149	-6.81205673758865
			4.73404255319149	-6.81560283687943
			4.73404255319149	-6.81914893617021
			4.73404255319149	-6.82269503546099
			4.73404255319149	-6.82624113475177
			4.73404255319149	-6.82978723404255
			4.73404255319149	-6.83333333333333
			4.73404255319149	-6.83687943262411
			4.73404255319149	-6.84042553191489
			4.73404255319149	-6.84397163120567
			4.73404255319149	-6.84751773049645
			4.73404255319149	-6.85106382978723
			4.73404255319149	-6.85460992907801
			4.73404255319149	-6.85815602836879
			4.73404255319149	-6.86170212765957
			4.73404255319149	-6.86524822695035
			4.73404255319149	-6.86879432624113
			4.73404255319149	-6.87234042553191
			4.73049645390071	-6.8758865248227
			4.73049645390071	-6.87943262411348
			4.73049645390071	-6.88297872340426
			4.73049645390071	-6.88652482269504
			4.73049645390071	-6.89007092198582
			4.73049645390071	-6.8936170212766
			4.73049645390071	-6.89716312056738
			4.73049645390071	-6.90070921985816
			4.73049645390071	-6.90425531914894
			4.73049645390071	-6.90780141843972
			4.73049645390071	-6.9113475177305
			4.73049645390071	-6.91489361702128
			4.73049645390071	-6.91843971631206
			4.73049645390071	-6.92198581560284
			4.73049645390071	-6.92553191489362
			4.73049645390071	-6.9290780141844
			4.73049645390071	-6.93262411347518
			4.73049645390071	-6.93617021276596
			4.72695035460993	-6.93971631205674
			4.72695035460993	-6.94326241134752
			4.72695035460993	-6.9468085106383
			4.72695035460993	-6.95035460992908
			4.72695035460993	-6.95390070921986
			4.72695035460993	-6.95744680851064
			4.72695035460993	-6.96099290780142
			4.72695035460993	-6.9645390070922
			4.72695035460993	-6.96808510638298
			4.72695035460993	-6.97163120567376
			4.72695035460993	-6.97517730496454
			4.72695035460993	-6.97872340425532
			4.72695035460993	-6.9822695035461
			4.72695035460993	-6.98581560283688
			4.72695035460993	-6.98936170212766
			4.72695035460993	-6.99290780141844
			4.72695035460993	-6.99645390070922
			4.72340425531915	-7
			4.72340425531915	-7.00354609929078
			4.72340425531915	-7.00709219858156
			4.72340425531915	-7.01063829787234
			4.72340425531915	-7.01418439716312
			4.72340425531915	-7.0177304964539
			4.72340425531915	-7.02127659574468
			4.72340425531915	-7.02482269503546
			4.72340425531915	-7.02836879432624
			4.72340425531915	-7.03191489361702
			4.72340425531915	-7.0354609929078
			4.72340425531915	-7.03900709219858
			4.72340425531915	-7.04255319148936
			4.72340425531915	-7.04609929078014
			4.72340425531915	-7.04964539007092
			4.72340425531915	-7.0531914893617
			4.71985815602837	-7.05673758865248
			4.71985815602837	-7.06028368794326
			4.71985815602837	-7.06382978723404
			4.71985815602837	-7.06737588652482
			4.71985815602837	-7.0709219858156
			4.71985815602837	-7.07446808510638
			4.71985815602837	-7.07801418439716
			4.71985815602837	-7.08156028368794
			4.71985815602837	-7.08510638297872
			4.71985815602837	-7.0886524822695
			4.71985815602837	-7.09219858156028
			4.71985815602837	-7.09574468085106
			4.71985815602837	-7.09929078014184
			4.71985815602837	-7.10283687943262
			4.71985815602837	-7.1063829787234
			4.71631205673759	-7.10992907801418
			4.71631205673759	-7.11347517730496
			4.71631205673759	-7.11702127659574
			4.71631205673759	-7.12056737588652
			4.71631205673759	-7.1241134751773
			4.71631205673759	-7.12765957446809
			4.71631205673759	-7.13120567375887
			4.71631205673759	-7.13475177304965
			4.71631205673759	-7.13829787234043
			4.71631205673759	-7.14184397163121
			4.71631205673759	-7.14539007092199
			4.71631205673759	-7.14893617021277
			4.71631205673759	-7.15248226950355
			4.71631205673759	-7.15602836879433
			4.71276595744681	-7.15957446808511
			4.71276595744681	-7.16312056737589
			4.71276595744681	-7.16666666666667
			4.71276595744681	-7.17021276595745
			4.71276595744681	-7.17375886524823
			4.71276595744681	-7.17730496453901
			4.71276595744681	-7.18085106382979
			4.71276595744681	-7.18439716312057
			4.71276595744681	-7.18794326241135
			4.71276595744681	-7.19148936170213
			4.71276595744681	-7.19503546099291
			4.71276595744681	-7.19858156028369
			4.71276595744681	-7.20212765957447
			4.71276595744681	-7.20567375886525
			4.70921985815603	-7.20921985815603
			4.70921985815603	-7.21276595744681
			4.70921985815603	-7.21631205673759
			4.70921985815603	-7.21985815602837
			4.70921985815603	-7.22340425531915
			4.70921985815603	-7.22695035460993
			4.70921985815603	-7.23049645390071
			4.70921985815603	-7.23404255319149
			4.70921985815603	-7.23758865248227
			4.70921985815603	-7.24113475177305
			4.70921985815603	-7.24468085106383
			4.70921985815603	-7.24822695035461
			4.70921985815603	-7.25177304964539
			4.70567375886525	-7.25531914893617
			4.70567375886525	-7.25886524822695
			4.70567375886525	-7.26241134751773
			4.70567375886525	-7.26595744680851
			4.70567375886525	-7.26950354609929
			4.70567375886525	-7.27304964539007
			4.70567375886525	-7.27659574468085
			4.70567375886525	-7.28014184397163
			4.70567375886525	-7.28368794326241
			4.70567375886525	-7.28723404255319
			4.70567375886525	-7.29078014184397
			4.70567375886525	-7.29432624113475
			4.70567375886525	-7.29787234042553
			4.70212765957447	-7.29787234042553
			4.70212765957447	-7.30141843971631
			4.70212765957447	-7.30496453900709
			4.70212765957447	-7.30851063829787
			4.70212765957447	-7.31205673758865
			4.70212765957447	-7.31560283687943
			4.70212765957447	-7.31914893617021
			4.70212765957447	-7.32269503546099
			4.70212765957447	-7.32624113475177
			4.70212765957447	-7.32978723404255
			4.70212765957447	-7.33333333333333
			4.70212765957447	-7.33687943262411
			4.70212765957447	-7.34042553191489
			4.69858156028369	-7.34397163120567
			4.69858156028369	-7.34751773049645
			4.69858156028369	-7.35106382978723
			4.69858156028369	-7.35460992907801
			4.69858156028369	-7.35815602836879
			4.69858156028369	-7.36170212765957
			4.69858156028369	-7.36524822695035
			4.69858156028369	-7.36879432624113
			4.69858156028369	-7.37234042553191
			4.69858156028369	-7.3758865248227
			4.69858156028369	-7.37943262411348
			4.69858156028369	-7.38297872340426
			4.69503546099291	-7.38652482269504
			4.69503546099291	-7.39007092198582
			4.69503546099291	-7.3936170212766
			4.69503546099291	-7.39716312056738
			4.69503546099291	-7.40070921985816
			4.69503546099291	-7.40425531914894
			4.69503546099291	-7.40780141843972
			4.69503546099291	-7.4113475177305
			4.69503546099291	-7.41489361702128
			4.69503546099291	-7.41843971631206
			4.69503546099291	-7.42198581560284
			4.69148936170213	-7.42553191489362
			4.69148936170213	-7.4290780141844
			4.69148936170213	-7.43262411347518
			4.69148936170213	-7.43617021276596
			4.69148936170213	-7.43971631205674
			4.69148936170213	-7.44326241134752
			4.69148936170213	-7.4468085106383
			4.69148936170213	-7.45035460992908
			4.69148936170213	-7.45390070921986
			4.69148936170213	-7.45744680851064
			4.69148936170213	-7.46099290780142
			4.69148936170213	-7.4645390070922
			4.68794326241135	-7.46808510638298
			4.68794326241135	-7.47163120567376
			4.68794326241135	-7.47517730496454
			4.68794326241135	-7.47872340425532
			4.68794326241135	-7.4822695035461
			4.68794326241135	-7.48581560283688
			4.68794326241135	-7.48936170212766
			4.68794326241135	-7.49290780141844
			4.68794326241135	-7.49645390070922
			4.68794326241135	-7.5
			4.68794326241135	-7.50354609929078
			4.68439716312057	-7.50709219858156
			4.68439716312057	-7.51063829787234
			4.68439716312057	-7.51418439716312
			4.68439716312057	-7.5177304964539
			4.68439716312057	-7.52127659574468
			4.68439716312057	-7.52482269503546
			4.68439716312057	-7.52836879432624
			4.68439716312057	-7.53191489361702
			4.68439716312057	-7.5354609929078
			4.68439716312057	-7.53900709219858
			4.68085106382979	-7.54255319148936
			4.68085106382979	-7.54609929078014
			4.68085106382979	-7.54964539007092
			4.68085106382979	-7.5531914893617
			4.68085106382979	-7.55673758865248
			4.68085106382979	-7.56028368794326
			4.68085106382979	-7.56382978723404
			4.68085106382979	-7.56737588652482
			4.68085106382979	-7.5709219858156
			4.68085106382979	-7.57446808510638
			4.68085106382979	-7.57801418439716
			4.67730496453901	-7.58156028368794
			4.67730496453901	-7.58510638297872
			4.67730496453901	-7.5886524822695
			4.67730496453901	-7.59219858156028
			4.67730496453901	-7.59574468085106
			4.67730496453901	-7.59929078014184
			4.67730496453901	-7.60283687943262
			4.67730496453901	-7.6063829787234
			4.67730496453901	-7.60992907801418
			4.67730496453901	-7.61347517730496
			4.67375886524823	-7.61702127659574
			4.67375886524823	-7.62056737588652
			4.67375886524823	-7.6241134751773
			4.67375886524823	-7.62765957446809
			4.67375886524823	-7.63120567375887
			4.67375886524823	-7.63475177304965
			4.67375886524823	-7.63829787234043
			4.67375886524823	-7.64184397163121
			4.67375886524823	-7.64539007092199
			4.67375886524823	-7.64893617021277
			4.67021276595745	-7.65248226950355
			4.67021276595745	-7.65602836879433
			4.67021276595745	-7.65957446808511
			4.67021276595745	-7.66312056737589
			4.67021276595745	-7.66666666666667
			4.67021276595745	-7.67021276595745
			4.67021276595745	-7.67375886524823
			4.67021276595745	-7.67730496453901
			4.67021276595745	-7.68085106382979
			4.67021276595745	-7.68439716312057
			4.66666666666667	-7.68794326241135
			4.66666666666667	-7.69148936170213
			4.66666666666667	-7.69503546099291
			4.66666666666667	-7.69858156028369
			4.66666666666667	-7.70212765957447
			4.66666666666667	-7.70567375886525
			4.66666666666667	-7.70921985815603
			4.66666666666667	-7.71276595744681
			4.66666666666667	-7.71631205673759
			4.66312056737589	-7.71985815602837
			4.66312056737589	-7.72340425531915
			4.66312056737589	-7.72695035460993
			4.66312056737589	-7.73049645390071
			4.66312056737589	-7.73404255319149
			4.66312056737589	-7.73758865248227
			4.66312056737589	-7.74113475177305
			4.66312056737589	-7.74468085106383
			4.66312056737589	-7.74822695035461
			4.66312056737589	-7.75177304964539
			4.65957446808511	-7.75531914893617
			4.65957446808511	-7.75886524822695
			4.65957446808511	-7.76241134751773
			4.65957446808511	-7.76595744680851
			4.65957446808511	-7.76950354609929
			4.65957446808511	-7.77304964539007
			4.65957446808511	-7.77659574468085
			4.65957446808511	-7.78014184397163
			4.65957446808511	-7.78368794326241
			4.65957446808511	-7.78723404255319
			4.65602836879433	-7.78723404255319
			4.65602836879433	-7.79078014184397
			4.65602836879433	-7.79432624113475
			4.65602836879433	-7.79787234042553
			4.65602836879433	-7.80141843971631
			4.65602836879433	-7.80496453900709
			4.65602836879433	-7.80851063829787
			4.65602836879433	-7.81205673758865
			4.65602836879433	-7.81560283687943
			4.65602836879433	-7.81914893617021
			4.65248226950355	-7.82269503546099
			4.65248226950355	-7.82624113475177
			4.65248226950355	-7.82978723404255
			4.65248226950355	-7.83333333333333
			4.65248226950355	-7.83687943262411
			4.65248226950355	-7.84042553191489
			4.65248226950355	-7.84397163120567
			4.65248226950355	-7.84751773049645
			4.65248226950355	-7.85106382978723
			4.64893617021277	-7.85460992907801
			4.64893617021277	-7.85815602836879
			4.64893617021277	-7.86170212765957
			4.64893617021277	-7.86524822695035
			4.64893617021277	-7.86879432624113
			4.64893617021277	-7.87234042553191
			4.64893617021277	-7.8758865248227
			4.64893617021277	-7.87943262411348
			4.64893617021277	-7.88297872340426
			4.64893617021277	-7.88652482269504
			4.64539007092199	-7.89007092198582
			4.64539007092199	-7.8936170212766
			4.64539007092199	-7.89716312056738
			4.64539007092199	-7.90070921985816
			4.64539007092199	-7.90425531914894
			4.64539007092199	-7.90780141843972
			4.64539007092199	-7.9113475177305
			4.64539007092199	-7.91489361702128
			4.64184397163121	-7.91843971631206
			4.64184397163121	-7.92198581560284
			4.64184397163121	-7.92553191489362
			4.64184397163121	-7.9290780141844
			4.64184397163121	-7.93262411347518
			4.64184397163121	-7.93617021276596
			4.64184397163121	-7.93971631205674
			4.64184397163121	-7.94326241134752
			4.64184397163121	-7.9468085106383
			4.63829787234043	-7.95035460992908
			4.63829787234043	-7.95390070921986
			4.63829787234043	-7.95744680851064
			4.63829787234043	-7.96099290780142
			4.63829787234043	-7.9645390070922
			4.63829787234043	-7.96808510638298
			4.63829787234043	-7.97163120567376
			4.63829787234043	-7.97517730496454
			4.63475177304965	-7.97872340425532
			4.63475177304965	-7.9822695035461
			4.63475177304965	-7.98581560283688
			4.63475177304965	-7.98936170212766
			4.63475177304965	-7.99290780141844
			4.63475177304965	-7.99645390070922
			4.63475177304965	-8
			4.63475177304965	-8.00354609929078
			4.63475177304965	-8.00709219858156
			4.63120567375887	-8.01063829787234
			4.63120567375887	-8.01418439716312
			4.63120567375887	-8.0177304964539
			4.63120567375887	-8.02127659574468
			4.63120567375887	-8.02482269503546
			4.63120567375887	-8.02836879432624
			4.63120567375887	-8.03191489361702
			4.63120567375887	-8.0354609929078
			4.62765957446809	-8.03900709219858
			4.62765957446809	-8.04255319148936
			4.62765957446809	-8.04609929078014
			4.62765957446809	-8.04964539007092
			4.62765957446809	-8.0531914893617
		</glabella>
		<suture type=matrix rownames=FALSE colnames=FALSE nrow=3441 ncol=2 as.numeric=TRUE >
			2.34751773049645	-1.47517730496454
			2.35106382978723	-1.47517730496454
			2.35460992907801	-1.47517730496454
			2.35815602836879	-1.47517730496454
			2.36170212765957	-1.47517730496454
			2.36524822695035	-1.47163120567376
			2.36879432624113	-1.47163120567376
			2.37234042553191	-1.47163120567376
			2.3758865248227	-1.47163120567376
			2.37943262411348	-1.47163120567376
			2.38297872340426	-1.47163120567376
			2.38652482269504	-1.47163120567376
			2.39007092198582	-1.47163120567376
			2.3936170212766	-1.46808510638298
			2.39716312056738	-1.46808510638298
			2.40070921985816	-1.46808510638298
			2.40425531914894	-1.46808510638298
			2.40780141843972	-1.46808510638298
			2.4113475177305	-1.46808510638298
			2.41489361702128	-1.46808510638298
			2.41843971631206	-1.46808510638298
			2.42198581560284	-1.46808510638298
			2.42553191489362	-1.4645390070922
			2.4290780141844	-1.4645390070922
			2.43262411347518	-1.4645390070922
			2.43617021276596	-1.4645390070922
			2.43971631205674	-1.4645390070922
			2.44326241134752	-1.4645390070922
			2.4468085106383	-1.4645390070922
			2.45035460992908	-1.4645390070922
			2.45390070921986	-1.4645390070922
			2.45744680851064	-1.46099290780142
			2.46099290780142	-1.46099290780142
			2.4645390070922	-1.46099290780142
			2.46808510638298	-1.46099290780142
			2.47163120567376	-1.46099290780142
			2.47517730496454	-1.46099290780142
			2.47872340425532	-1.46099290780142
			2.4822695035461	-1.46099290780142
			2.48581560283688	-1.46099290780142
			2.48936170212766	-1.45744680851064
			2.49290780141844	-1.45744680851064
			2.49645390070922	-1.45744680851064
			2.5	-1.45744680851064
			2.50354609929078	-1.45744680851064
			2.50709219858156	-1.45744680851064
			2.51063829787234	-1.45744680851064
			2.51418439716312	-1.45744680851064
			2.5177304964539	-1.45744680851064
			2.52127659574468	-1.45744680851064
			2.52482269503546	-1.45744680851064
			2.52836879432624	-1.45390070921986
			2.53191489361702	-1.45390070921986
			2.5354609929078	-1.45390070921986
			2.53900709219858	-1.45390070921986
			2.54255319148936	-1.45390070921986
			2.54609929078014	-1.45390070921986
			2.54964539007092	-1.45390070921986
			2.5531914893617	-1.45390070921986
			2.55673758865248	-1.45390070921986
			2.56028368794326	-1.45390070921986
			2.56382978723404	-1.45390070921986
			2.56737588652482	-1.45035460992908
			2.5709219858156	-1.45035460992908
			2.57446808510638	-1.45035460992908
			2.57801418439716	-1.45035460992908
			2.58156028368794	-1.45035460992908
			2.58510638297872	-1.45035460992908
			2.5886524822695	-1.45035460992908
			2.59219858156028	-1.45035460992908
			2.59574468085106	-1.45035460992908
			2.59929078014184	-1.45035460992908
			2.60283687943262	-1.45035460992908
			2.6063829787234	-1.4468085106383
			2.60992907801418	-1.4468085106383
			2.61347517730496	-1.4468085106383
			2.61702127659574	-1.4468085106383
			2.62056737588652	-1.4468085106383
			2.6241134751773	-1.4468085106383
			2.62765957446809	-1.4468085106383
			2.63120567375887	-1.4468085106383
			2.63475177304965	-1.4468085106383
			2.63829787234043	-1.4468085106383
			2.64184397163121	-1.4468085106383
			2.64539007092199	-1.44326241134752
			2.64893617021277	-1.44326241134752
			2.65248226950355	-1.44326241134752
			2.65602836879433	-1.44326241134752
			2.65957446808511	-1.44326241134752
			2.66312056737589	-1.44326241134752
			2.66666666666667	-1.44326241134752
			2.67021276595745	-1.44326241134752
			2.67375886524823	-1.44326241134752
			2.67730496453901	-1.44326241134752
			2.68085106382979	-1.44326241134752
			2.68439716312057	-1.44326241134752
			2.68794326241135	-1.43971631205674
			2.69148936170213	-1.43971631205674
			2.69503546099291	-1.43971631205674
			2.69858156028369	-1.43971631205674
			2.70212765957447	-1.43971631205674
			2.70567375886525	-1.43971631205674
			2.70921985815603	-1.43971631205674
			2.71276595744681	-1.43971631205674
			2.71631205673759	-1.43971631205674
			2.71985815602837	-1.43971631205674
			2.72340425531915	-1.43971631205674
			2.72695035460993	-1.43971631205674
			2.73049645390071	-1.43971631205674
			2.73404255319149	-1.43617021276596
			2.73758865248227	-1.43617021276596
			2.74113475177305	-1.43617021276596
			2.74468085106383	-1.43617021276596
			2.74822695035461	-1.43617021276596
			2.75177304964539	-1.43617021276596
			2.75531914893617	-1.43617021276596
			2.75886524822695	-1.43617021276596
			2.76241134751773	-1.43617021276596
			2.76595744680851	-1.43617021276596
			2.76950354609929	-1.43617021276596
			2.77304964539007	-1.43617021276596
			2.77659574468085	-1.43617021276596
			2.78014184397163	-1.43262411347518
			2.78368794326241	-1.43262411347518
			2.78723404255319	-1.43262411347518
			2.79078014184397	-1.43262411347518
			2.79432624113475	-1.43262411347518
			2.79787234042553	-1.43262411347518
			2.80141843971631	-1.43262411347518
			2.80496453900709	-1.43262411347518
			2.80851063829787	-1.43262411347518
			2.81205673758865	-1.43262411347518
			2.81560283687943	-1.43262411347518
			2.81914893617021	-1.43262411347518
			2.82269503546099	-1.43262411347518
			2.82624113475177	-1.4290780141844
			2.82978723404255	-1.4290780141844
			2.83333333333333	-1.4290780141844
			2.83687943262411	-1.4290780141844
			2.84042553191489	-1.4290780141844
			2.84397163120567	-1.4290780141844
			2.84751773049645	-1.4290780141844
			2.85106382978723	-1.4290780141844
			2.85460992907801	-1.4290780141844
			2.85815602836879	-1.4290780141844
			2.86170212765957	-1.4290780141844
			2.86524822695035	-1.4290780141844
			2.86879432624113	-1.4290780141844
			2.87234042553191	-1.4290780141844
			2.8758865248227	-1.42553191489362
			2.87943262411348	-1.42553191489362
			2.88297872340426	-1.42553191489362
			2.88652482269504	-1.42553191489362
			2.89007092198582	-1.42553191489362
			2.8936170212766	-1.42553191489362
			2.89716312056738	-1.42553191489362
			2.90070921985816	-1.42553191489362
			2.90425531914894	-1.42553191489362
			2.90780141843972	-1.42553191489362
			2.9113475177305	-1.42553191489362
			2.91489361702128	-1.42553191489362
			2.91843971631206	-1.42553191489362
			2.92198581560284	-1.42553191489362
			2.92553191489362	-1.42198581560284
			2.9290780141844	-1.42198581560284
			2.93262411347518	-1.42198581560284
			2.93617021276596	-1.42198581560284
			2.93971631205674	-1.42198581560284
			2.94326241134752	-1.42198581560284
			2.9468085106383	-1.42198581560284
			2.95035460992908	-1.42198581560284
			2.95390070921986	-1.42198581560284
			2.95744680851064	-1.42198581560284
			2.96099290780142	-1.42198581560284
			2.9645390070922	-1.42198581560284
			2.96808510638298	-1.42198581560284
			2.97163120567376	-1.42198581560284
			2.97517730496454	-1.42198581560284
			2.97872340425532	-1.41843971631206
			2.9822695035461	-1.41843971631206
			2.98581560283688	-1.41843971631206
			2.98936170212766	-1.41843971631206
			2.99290780141844	-1.41843971631206
			2.99645390070922	-1.41843971631206
			3	-1.41843971631206
			3.00354609929078	-1.41843971631206
			3.00709219858156	-1.41843971631206
			3.01063829787234	-1.41843971631206
			3.01418439716312	-1.41843971631206
			3.0177304964539	-1.41843971631206
			3.02127659574468	-1.41843971631206
			3.02482269503546	-1.41843971631206
			3.02836879432624	-1.41843971631206
			3.03191489361702	-1.41489361702128
			3.0354609929078	-1.41489361702128
			3.03900709219858	-1.41489361702128
			3.04255319148936	-1.41489361702128
			3.04609929078014	-1.41489361702128
			3.04964539007092	-1.41489361702128
			3.0531914893617	-1.41489361702128
			3.05673758865248	-1.41489361702128
			3.06028368794326	-1.41489361702128
			3.06382978723404	-1.41489361702128
			3.06737588652482	-1.41489361702128
			3.0709219858156	-1.41489361702128
			3.07446808510638	-1.41489361702128
			3.07801418439716	-1.41489361702128
			3.08156028368794	-1.41489361702128
			3.08510638297872	-1.41489361702128
			3.0886524822695	-1.4113475177305
			3.09219858156028	-1.4113475177305
			3.09574468085106	-1.4113475177305
			3.09929078014184	-1.4113475177305
			3.10283687943262	-1.4113475177305
			3.1063829787234	-1.4113475177305
			3.10992907801418	-1.4113475177305
			3.11347517730496	-1.4113475177305
			3.11702127659574	-1.4113475177305
			3.12056737588652	-1.4113475177305
			3.1241134751773	-1.4113475177305
			3.12765957446809	-1.4113475177305
			3.13120567375887	-1.4113475177305
			3.13475177304965	-1.4113475177305
			3.13829787234043	-1.4113475177305
			3.14184397163121	-1.4113475177305
			3.14539007092199	-1.40780141843972
			3.14893617021277	-1.40780141843972
			3.15248226950355	-1.40780141843972
			3.15602836879433	-1.40780141843972
			3.15957446808511	-1.40780141843972
			3.16312056737589	-1.40780141843972
			3.16666666666667	-1.40780141843972
			3.17021276595745	-1.40780141843972
			3.17375886524823	-1.40780141843972
			3.17730496453901	-1.40780141843972
			3.18085106382979	-1.40780141843972
			3.18439716312057	-1.40780141843972
			3.18794326241135	-1.40780141843972
			3.19148936170213	-1.40780141843972
			3.19503546099291	-1.40780141843972
			3.19858156028369	-1.40780141843972
			3.20212765957447	-1.40780141843972
			3.20567375886525	-1.40425531914894
			3.20921985815603	-1.40425531914894
			3.21276595744681	-1.40425531914894
			3.21631205673759	-1.40425531914894
			3.21985815602837	-1.40425531914894
			3.22340425531915	-1.40425531914894
			3.22695035460993	-1.40425531914894
			3.23049645390071	-1.40425531914894
			3.23404255319149	-1.40425531914894
			3.23758865248227	-1.40425531914894
			3.24113475177305	-1.40425531914894
			3.24468085106383	-1.40425531914894
			3.24822695035461	-1.40425531914894
			3.25177304964539	-1.40425531914894
			3.25531914893617	-1.40425531914894
			3.25886524822695	-1.40425531914894
			3.26241134751773	-1.40425531914894
			3.26595744680851	-1.40070921985816
			3.26950354609929	-1.40070921985816
			3.27304964539007	-1.40070921985816
			3.27659574468085	-1.40070921985816
			3.28014184397163	-1.40070921985816
			3.28368794326241	-1.40070921985816
			3.28723404255319	-1.40070921985816
			3.29078014184397	-1.40070921985816
			3.29432624113475	-1.40070921985816
			3.29787234042553	-1.40070921985816
			3.30141843971631	-1.40070921985816
			3.30496453900709	-1.40070921985816
			3.30851063829787	-1.40070921985816
			3.31205673758865	-1.40070921985816
			3.31560283687943	-1.40070921985816
			3.31914893617021	-1.40070921985816
			3.32269503546099	-1.40070921985816
			3.32624113475177	-1.40070921985816
			3.32978723404255	-1.39716312056738
			3.33333333333333	-1.39716312056738
			3.33687943262411	-1.39716312056738
			3.34042553191489	-1.39716312056738
			3.34397163120567	-1.39716312056738
			3.34751773049645	-1.39716312056738
			3.35106382978723	-1.39716312056738
			3.35460992907801	-1.39716312056738
			3.35815602836879	-1.39716312056738
			3.36170212765957	-1.39716312056738
			3.36524822695035	-1.39716312056738
			3.36879432624113	-1.39716312056738
			3.37234042553191	-1.39716312056738
			3.3758865248227	-1.39716312056738
			3.37943262411348	-1.39716312056738
			3.38297872340426	-1.39716312056738
			3.38652482269504	-1.39716312056738
			3.39007092198582	-1.39716312056738
			3.3936170212766	-1.3936170212766
			3.39716312056738	-1.3936170212766
			3.40070921985816	-1.3936170212766
			3.40425531914894	-1.3936170212766
			3.40780141843972	-1.3936170212766
			3.4113475177305	-1.3936170212766
			3.41489361702128	-1.3936170212766
			3.41843971631206	-1.3936170212766
			3.42198581560284	-1.3936170212766
			3.42553191489362	-1.3936170212766
			3.4290780141844	-1.3936170212766
			3.43262411347518	-1.3936170212766
			3.43617021276596	-1.3936170212766
			3.43971631205674	-1.3936170212766
			3.44326241134752	-1.3936170212766
			3.4468085106383	-1.3936170212766
			3.45035460992908	-1.3936170212766
			3.45390070921986	-1.3936170212766
			3.45744680851064	-1.3936170212766
			3.46099290780142	-1.39007092198582
			3.4645390070922	-1.39007092198582
			3.46808510638298	-1.39007092198582
			3.47163120567376	-1.39007092198582
			3.47517730496454	-1.39007092198582
			3.47872340425532	-1.39007092198582
			3.4822695035461	-1.39007092198582
			3.48581560283688	-1.39007092198582
			3.48936170212766	-1.39007092198582
			3.49290780141844	-1.39007092198582
			3.49645390070922	-1.39007092198582
			3.5	-1.39007092198582
			3.50354609929078	-1.39007092198582
			3.50709219858156	-1.39007092198582
			3.51063829787234	-1.39007092198582
			3.51418439716312	-1.39007092198582
			3.5177304964539	-1.39007092198582
			3.52127659574468	-1.39007092198582
			3.52482269503546	-1.39007092198582
			3.52836879432624	-1.38652482269504
			3.53191489361702	-1.38652482269504
			3.5354609929078	-1.38652482269504
			3.53900709219858	-1.38652482269504
			3.54255319148936	-1.38652482269504
			3.54609929078014	-1.38652482269504
			3.54964539007092	-1.38652482269504
			3.5531914893617	-1.38652482269504
			3.55673758865248	-1.38652482269504
			3.56028368794326	-1.38652482269504
			3.56382978723404	-1.38652482269504
			3.56737588652482	-1.38652482269504
			3.5709219858156	-1.38652482269504
			3.57446808510638	-1.38652482269504
			3.57801418439716	-1.38652482269504
			3.58156028368794	-1.38652482269504
			3.58510638297872	-1.38652482269504
			3.5886524822695	-1.38652482269504
			3.59219858156028	-1.38652482269504
			3.59574468085106	-1.38652482269504
			3.59929078014184	-1.38297872340426
			3.60283687943262	-1.38297872340426
			3.6063829787234	-1.38297872340426
			3.60992907801418	-1.38297872340426
			3.61347517730496	-1.38297872340426
			3.61702127659574	-1.38297872340426
			3.62056737588652	-1.38297872340426
			3.6241134751773	-1.38297872340426
			3.62765957446809	-1.38297872340426
			3.63120567375887	-1.38297872340426
			3.63475177304965	-1.38297872340426
			3.63829787234043	-1.38297872340426
			3.64184397163121	-1.38297872340426
			3.64539007092199	-1.38297872340426
			3.64893617021277	-1.38297872340426
			3.65248226950355	-1.38297872340426
			3.65602836879433	-1.38297872340426
			3.65957446808511	-1.38297872340426
			3.66312056737589	-1.38297872340426
			3.66666666666667	-1.38297872340426
			3.67021276595745	-1.37943262411348
			3.67375886524823	-1.37943262411348
			3.67730496453901	-1.37943262411348
			3.68085106382979	-1.37943262411348
			3.68439716312057	-1.37943262411348
			3.68794326241135	-1.37943262411348
			3.69148936170213	-1.37943262411348
			3.69503546099291	-1.37943262411348
			3.69858156028369	-1.37943262411348
			3.70212765957447	-1.37943262411348
			3.70567375886525	-1.37943262411348
			3.70921985815603	-1.37943262411348
			3.71276595744681	-1.37943262411348
			3.71631205673759	-1.37943262411348
			3.71985815602837	-1.37943262411348
			3.72340425531915	-1.37943262411348
			3.72695035460993	-1.37943262411348
			3.73049645390071	-1.37943262411348
			3.73404255319149	-1.37943262411348
			3.73758865248227	-1.37943262411348
			3.74113475177305	-1.3758865248227
			3.74468085106383	-1.3758865248227
			3.74822695035461	-1.3758865248227
			3.75177304964539	-1.3758865248227
			3.75531914893617	-1.3758865248227
			3.75886524822695	-1.3758865248227
			3.76241134751773	-1.3758865248227
			3.76595744680851	-1.3758865248227
			3.76950354609929	-1.3758865248227
			3.77304964539007	-1.3758865248227
			3.77659574468085	-1.3758865248227
			3.78014184397163	-1.3758865248227
			3.78368794326241	-1.3758865248227
			3.78723404255319	-1.3758865248227
			3.79078014184397	-1.3758865248227
			3.79432624113475	-1.3758865248227
			3.79787234042553	-1.3758865248227
			3.80141843971631	-1.3758865248227
			3.80496453900709	-1.3758865248227
			3.80851063829787	-1.3758865248227
			3.81205673758865	-1.3758865248227
			3.81560283687943	-1.37234042553191
			3.81914893617021	-1.37234042553191
			3.82269503546099	-1.37234042553191
			3.82624113475177	-1.37234042553191
			3.82978723404255	-1.37234042553191
			3.83333333333333	-1.37234042553191
			3.83687943262411	-1.37234042553191
			3.84042553191489	-1.37234042553191
			3.84397163120567	-1.37234042553191
			3.84751773049645	-1.37234042553191
			3.85106382978723	-1.37234042553191
			3.85460992907801	-1.37234042553191
			3.85815602836879	-1.37234042553191
			3.86170212765957	-1.37234042553191
			3.86524822695035	-1.37234042553191
			3.86879432624113	-1.37234042553191
			3.87234042553191	-1.37234042553191
			3.8758865248227	-1.37234042553191
			3.87943262411348	-1.37234042553191
			3.88297872340426	-1.37234042553191
			3.88652482269504	-1.37234042553191
			3.89007092198582	-1.37234042553191
			3.8936170212766	-1.36879432624113
			3.89716312056738	-1.36879432624113
			3.90070921985816	-1.36879432624113
			3.90425531914894	-1.36879432624113
			3.90780141843972	-1.36879432624113
			3.9113475177305	-1.36879432624113
			3.91489361702128	-1.36879432624113
			3.91843971631206	-1.36879432624113
			3.92198581560284	-1.36879432624113
			3.92553191489362	-1.36879432624113
			3.9290780141844	-1.36879432624113
			3.93262411347518	-1.36879432624113
			3.93617021276596	-1.36879432624113
			3.93971631205674	-1.36879432624113
			3.94326241134752	-1.36879432624113
			3.9468085106383	-1.36879432624113
			3.95035460992908	-1.36879432624113
			3.95390070921986	-1.36879432624113
			3.95744680851064	-1.36879432624113
			3.96099290780142	-1.36879432624113
			3.9645390070922	-1.36879432624113
			3.96808510638298	-1.36879432624113
			3.97163120567376	-1.36879432624113
			3.97517730496454	-1.36524822695035
			3.97872340425532	-1.36524822695035
			3.9822695035461	-1.36524822695035
			3.98581560283688	-1.36524822695035
			3.98936170212766	-1.36524822695035
			3.99290780141844	-1.36524822695035
			3.99645390070922	-1.36524822695035
			4	-1.36524822695035
			4.00354609929078	-1.36524822695035
			4.00709219858156	-1.36524822695035
			4.01063829787234	-1.36524822695035
			4.01418439716312	-1.36524822695035
			4.0177304964539	-1.36524822695035
			4.02127659574468	-1.36524822695035
			4.02482269503546	-1.36524822695035
			4.02836879432624	-1.36524822695035
			4.03191489361702	-1.36524822695035
			4.0354609929078	-1.36524822695035
			4.03900709219858	-1.36524822695035
			4.04255319148936	-1.36524822695035
			4.04609929078014	-1.36524822695035
			4.04964539007092	-1.36524822695035
			4.0531914893617	-1.36170212765957
			4.05673758865248	-1.36170212765957
			4.06028368794326	-1.36170212765957
			4.06382978723404	-1.36170212765957
			4.06737588652482	-1.36170212765957
			4.0709219858156	-1.36170212765957
			4.07446808510638	-1.36170212765957
			4.07801418439716	-1.36170212765957
			4.08156028368794	-1.36170212765957
			4.08510638297872	-1.36170212765957
			4.0886524822695	-1.36170212765957
			4.09219858156028	-1.36170212765957
			4.09574468085106	-1.36170212765957
			4.09929078014184	-1.36170212765957
			4.10283687943262	-1.36170212765957
			4.1063829787234	-1.36170212765957
			4.10992907801418	-1.36170212765957
			4.11347517730496	-1.36170212765957
			4.11702127659574	-1.36170212765957
			4.12056737588652	-1.36170212765957
			4.1241134751773	-1.36170212765957
			4.12765957446809	-1.36170212765957
			4.13120567375887	-1.36170212765957
			4.13475177304965	-1.35815602836879
			4.13829787234043	-1.35815602836879
			4.14184397163121	-1.35815602836879
			4.14539007092199	-1.35815602836879
			4.14893617021277	-1.35815602836879
			4.15248226950355	-1.35815602836879
			4.15602836879433	-1.35815602836879
			4.15957446808511	-1.35815602836879
			4.16312056737589	-1.35815602836879
			4.16666666666667	-1.35815602836879
			4.17021276595745	-1.35815602836879
			4.17375886524823	-1.35815602836879
			4.17730496453901	-1.35815602836879
			4.18085106382979	-1.35815602836879
			4.18439716312057	-1.35815602836879
			4.18794326241135	-1.35815602836879
			4.19148936170213	-1.35815602836879
			4.19503546099291	-1.35815602836879
			4.19858156028369	-1.35815602836879
			4.20212765957447	-1.35815602836879
			4.20567375886525	-1.35815602836879
			4.20921985815603	-1.35815602836879
			4.21276595744681	-1.35815602836879
			4.21631205673759	-1.35815602836879
			4.21985815602837	-1.35460992907801
			4.22340425531915	-1.35460992907801
			4.22695035460993	-1.35460992907801
			4.23049645390071	-1.35460992907801
			4.23404255319149	-1.35460992907801
			4.23758865248227	-1.35460992907801
			4.24113475177305	-1.35460992907801
			4.24468085106383	-1.35460992907801
			4.24822695035461	-1.35460992907801
			4.25177304964539	-1.35460992907801
			4.25531914893617	-1.35460992907801
			4.25886524822695	-1.35460992907801
			4.26241134751773	-1.35460992907801
			4.26595744680851	-1.35460992907801
			4.26950354609929	-1.35460992907801
			4.27304964539007	-1.35460992907801
			4.27659574468085	-1.35460992907801
			4.28014184397163	-1.35460992907801
			4.28368794326241	-1.35460992907801
			4.28723404255319	-1.35460992907801
			4.29078014184397	-1.35460992907801
			4.29432624113475	-1.35460992907801
			4.29787234042553	-1.35460992907801
			4.30141843971631	-1.35460992907801
			4.30496453900709	-1.35106382978723
			4.30851063829787	-1.35106382978723
			4.31205673758865	-1.35106382978723
			4.31560283687943	-1.35106382978723
			4.31914893617021	-1.35106382978723
			4.32269503546099	-1.35106382978723
			4.32624113475177	-1.35106382978723
			4.32978723404255	-1.35106382978723
			4.33333333333333	-1.35106382978723
			4.33687943262411	-1.35106382978723
			4.34042553191489	-1.35106382978723
			4.34397163120567	-1.35106382978723
			4.34751773049645	-1.35106382978723
			4.35106382978723	-1.35106382978723
			4.35460992907801	-1.35106382978723
			4.35815602836879	-1.35106382978723
			4.36170212765957	-1.35106382978723
			4.36524822695035	-1.35106382978723
			4.36879432624113	-1.35106382978723
			4.37234042553191	-1.35106382978723
			4.3758865248227	-1.35106382978723
			4.37943262411348	-1.35106382978723
			4.38297872340426	-1.35106382978723
			4.38652482269504	-1.35106382978723
			4.39007092198582	-1.35106382978723
			4.3936170212766	-1.34751773049645
			4.39716312056738	-1.34751773049645
			4.40070921985816	-1.34751773049645
			4.40425531914894	-1.34751773049645
			4.40780141843972	-1.34751773049645
			4.4113475177305	-1.34751773049645
			4.41489361702128	-1.34751773049645
			4.41843971631206	-1.34751773049645
			4.42198581560284	-1.34751773049645
			4.42553191489362	-1.34751773049645
			4.4290780141844	-1.34751773049645
			4.43262411347518	-1.34751773049645
			4.43617021276596	-1.34751773049645
			4.43971631205674	-1.34751773049645
			4.44326241134752	-1.34751773049645
			4.4468085106383	-1.34751773049645
			4.45035460992908	-1.34751773049645
			4.45390070921986	-1.34751773049645
			4.45744680851064	-1.34751773049645
			4.46099290780142	-1.34751773049645
			4.4645390070922	-1.34751773049645
			4.46808510638298	-1.34751773049645
			4.47163120567376	-1.34751773049645
			4.47517730496454	-1.34751773049645
			4.47872340425532	-1.34751773049645
			4.4822695035461	-1.34397163120567
			4.48581560283688	-1.34397163120567
			4.48936170212766	-1.34397163120567
			4.49290780141844	-1.34397163120567
			4.49645390070922	-1.34397163120567
			4.5	-1.34397163120567
			4.50354609929078	-1.34397163120567
			4.50709219858156	-1.34397163120567
			4.51063829787234	-1.34397163120567
			4.51418439716312	-1.34397163120567
			4.5177304964539	-1.34397163120567
			4.52127659574468	-1.34397163120567
			4.52482269503546	-1.34397163120567
			4.52836879432624	-1.34397163120567
			4.53191489361702	-1.34751773049645
			4.5354609929078	-1.34751773049645
			4.53900709219858	-1.34751773049645
			4.54255319148936	-1.34751773049645
			4.54609929078014	-1.34751773049645
			4.54609929078014	-1.35106382978723
			4.54964539007092	-1.35106382978723
			4.5531914893617	-1.35106382978723
			4.55673758865248	-1.35106382978723
			4.56028368794326	-1.35460992907801
			4.56382978723404	-1.35460992907801
			4.56737588652482	-1.35460992907801
			4.5709219858156	-1.35460992907801
			4.57446808510638	-1.35815602836879
			4.57801418439716	-1.35815602836879
			4.58156028368794	-1.35815602836879
			4.58510638297872	-1.36170212765957
			4.5886524822695	-1.36170212765957
			4.59219858156028	-1.36170212765957
			4.59574468085106	-1.36170212765957
			4.59929078014184	-1.36524822695035
			4.60283687943262	-1.36524822695035
			4.6063829787234	-1.36524822695035
			4.60992907801418	-1.36524822695035
			4.61347517730496	-1.36879432624113
			4.61702127659574	-1.36879432624113
			4.62056737588652	-1.36879432624113
			4.6241134751773	-1.37234042553191
			4.62765957446809	-1.37234042553191
			4.63120567375887	-1.37234042553191
			4.63475177304965	-1.37234042553191
			4.63829787234043	-1.3758865248227
			4.64184397163121	-1.3758865248227
			4.64539007092199	-1.3758865248227
			4.64893617021277	-1.3758865248227
			4.64893617021277	-1.37943262411348
			4.65248226950355	-1.37943262411348
			4.65602836879433	-1.37943262411348
			4.65957446808511	-1.37943262411348
			4.66312056737589	-1.38297872340426
			4.66666666666667	-1.38297872340426
			4.67021276595745	-1.38297872340426
			4.67375886524823	-1.38297872340426
			4.67730496453901	-1.38652482269504
			4.68085106382979	-1.38652482269504
			4.68439716312057	-1.38652482269504
			4.68794326241135	-1.39007092198582
			4.69148936170213	-1.39007092198582
			4.69503546099291	-1.39007092198582
			4.69858156028369	-1.3936170212766
			4.70212765957447	-1.3936170212766
			4.70567375886525	-1.3936170212766
			4.70921985815603	-1.3936170212766
			4.71276595744681	-1.39716312056738
			4.71631205673759	-1.39716312056738
			4.71985815602837	-1.39716312056738
			4.72340425531915	-1.39716312056738
			4.72695035460993	-1.40070921985816
			4.73049645390071	-1.40070921985816
			4.73404255319149	-1.40070921985816
			4.73758865248227	-1.40425531914894
			4.74113475177305	-1.40425531914894
			4.74468085106383	-1.40425531914894
			4.74822695035461	-1.40425531914894
			4.75177304964539	-1.40780141843972
			4.75531914893617	-1.40780141843972
			4.75886524822695	-1.40780141843972
			4.76241134751773	-1.4113475177305
			4.76595744680851	-1.4113475177305
			4.76950354609929	-1.4113475177305
			4.77304964539007	-1.41489361702128
			4.77659574468085	-1.41489361702128
			4.78014184397163	-1.41489361702128
			4.78368794326241	-1.41489361702128
			4.78723404255319	-1.41843971631206
			4.79078014184397	-1.41843971631206
			4.79432624113475	-1.41843971631206
			4.79787234042553	-1.42198581560284
			4.80141843971631	-1.42198581560284
			4.80496453900709	-1.42198581560284
			4.80851063829787	-1.42198581560284
			4.81205673758865	-1.42553191489362
			4.81560283687943	-1.42553191489362
			4.81914893617021	-1.42553191489362
			4.82269503546099	-1.4290780141844
			4.82624113475177	-1.4290780141844
			4.82978723404255	-1.4290780141844
			4.83333333333333	-1.4290780141844
			4.83687943262411	-1.43262411347518
			4.84042553191489	-1.43262411347518
			4.84397163120567	-1.43262411347518
			4.84751773049645	-1.43617021276596
			4.85106382978723	-1.43617021276596
			4.85460992907801	-1.43617021276596
			4.85815602836879	-1.43971631205674
			4.86170212765957	-1.43971631205674
			4.86524822695035	-1.43971631205674
			4.86879432624113	-1.44326241134752
			4.87234042553191	-1.44326241134752
			4.8758865248227	-1.44326241134752
			4.87943262411348	-1.44326241134752
			4.88297872340426	-1.4468085106383
			4.88652482269504	-1.4468085106383
			4.89007092198582	-1.4468085106383
			4.8936170212766	-1.45035460992908
			4.89716312056738	-1.45035460992908
			4.90070921985816	-1.45035460992908
			4.90425531914894	-1.45390070921986
			4.90780141843972	-1.45390070921986
			4.9113475177305	-1.45390070921986
			4.91489361702128	-1.45744680851064
			4.91843971631206	-1.45744680851064
			4.92198581560284	-1.45744680851064
			4.92553191489362	-1.45744680851064
			4.9290780141844	-1.46099290780142
			4.93262411347518	-1.46099290780142
			4.93617021276596	-1.46099290780142
			4.93617021276596	-1.4645390070922
			4.93971631205674	-1.4645390070922
			4.94326241134752	-1.4645390070922
			4.9468085106383	-1.46808510638298
			4.95035460992908	-1.46808510638298
			4.95390070921986	-1.46808510638298
			4.95744680851064	-1.46808510638298
			4.96099290780142	-1.47163120567376
			4.9645390070922	-1.47163120567376
			4.96808510638298	-1.47163120567376
			4.97163120567376	-1.47517730496454
			4.97517730496454	-1.47517730496454
			4.97872340425532	-1.47517730496454
			4.9822695035461	-1.47872340425532
			4.98581560283688	-1.47872340425532
			4.98936170212766	-1.47872340425532
			4.99290780141844	-1.4822695035461
			4.99645390070922	-1.4822695035461
			5	-1.4822695035461
			5.00354609929078	-1.4822695035461
			5.00354609929078	-1.48581560283688
			5.00709219858156	-1.48581560283688
			5.01063829787234	-1.48581560283688
			5.01418439716312	-1.48936170212766
			5.0177304964539	-1.48936170212766
			5.02127659574468	-1.48936170212766
			5.02482269503546	-1.49290780141844
			5.02836879432624	-1.49290780141844
			5.03191489361702	-1.49290780141844
			5.0354609929078	-1.49645390070922
			5.03900709219858	-1.49645390070922
			5.04255319148936	-1.49645390070922
			5.04609929078014	-1.49645390070922
			5.04964539007092	-1.5
			5.0531914893617	-1.5
			5.05673758865248	-1.5
			5.06028368794326	-1.50354609929078
			5.06382978723404	-1.50354609929078
			5.06737588652482	-1.50354609929078
			5.06737588652482	-1.50709219858156
			5.0709219858156	-1.50709219858156
			5.07446808510638	-1.50709219858156
			5.07801418439716	-1.51063829787234
			5.08156028368794	-1.51063829787234
			5.08510638297872	-1.51063829787234
			5.0886524822695	-1.51418439716312
			5.09219858156028	-1.51418439716312
			5.09574468085106	-1.51418439716312
			5.09929078014184	-1.51418439716312
			5.10283687943262	-1.5177304964539
			5.1063829787234	-1.5177304964539
			5.10992907801418	-1.52127659574468
			5.11347517730496	-1.52127659574468
			5.11702127659574	-1.52127659574468
			5.12056737588652	-1.52482269503546
			5.1241134751773	-1.52482269503546
			5.12765957446809	-1.52482269503546
			5.13120567375887	-1.52836879432624
			5.13475177304965	-1.52836879432624
			5.13829787234043	-1.52836879432624
			5.14184397163121	-1.53191489361702
			5.14539007092199	-1.53191489361702
			5.14893617021277	-1.53191489361702
			5.15248226950355	-1.5354609929078
			5.15602836879433	-1.5354609929078
			5.15957446808511	-1.5354609929078
			5.16312056737589	-1.53900709219858
			5.16666666666667	-1.53900709219858
			5.17021276595745	-1.53900709219858
			5.17375886524823	-1.54255319148936
			5.17730496453901	-1.54255319148936
			5.18085106382979	-1.54609929078014
			5.18439716312057	-1.54609929078014
			5.18794326241135	-1.54609929078014
			5.19148936170213	-1.54964539007092
			5.19503546099291	-1.54964539007092
			5.19858156028369	-1.54964539007092
			5.20212765957447	-1.5531914893617
			5.20567375886525	-1.5531914893617
			5.20921985815603	-1.55673758865248
			5.21276595744681	-1.55673758865248
			5.21631205673759	-1.55673758865248
			5.21985815602837	-1.56028368794326
			5.22340425531915	-1.56028368794326
			5.22695035460993	-1.56028368794326
			5.23049645390071	-1.56382978723404
			5.23404255319149	-1.56382978723404
			5.23758865248227	-1.56382978723404
			5.23758865248227	-1.56737588652482
			5.24113475177305	-1.56737588652482
			5.24468085106383	-1.56737588652482
			5.24822695035461	-1.5709219858156
			5.25177304964539	-1.5709219858156
			5.25531914893617	-1.5709219858156
			5.25886524822695	-1.57446808510638
			5.26241134751773	-1.57446808510638
			5.26595744680851	-1.57446808510638
			5.26950354609929	-1.57801418439716
			5.27304964539007	-1.57801418439716
			5.27659574468085	-1.58156028368794
			5.28014184397163	-1.58156028368794
			5.28368794326241	-1.58510638297872
			5.28723404255319	-1.58510638297872
			5.29078014184397	-1.58510638297872
			5.29432624113475	-1.5886524822695
			5.29787234042553	-1.5886524822695
			5.30141843971631	-1.5886524822695
			5.30496453900709	-1.59219858156028
			5.30851063829787	-1.59219858156028
			5.31205673758865	-1.59219858156028
			5.31560283687943	-1.59574468085106
			5.31914893617021	-1.59574468085106
			5.32269503546099	-1.59574468085106
			5.32624113475177	-1.59929078014184
			5.32978723404255	-1.59929078014184
			5.32978723404255	-1.60283687943262
			5.33333333333333	-1.60283687943262
			5.33687943262411	-1.60283687943262
			5.34042553191489	-1.6063829787234
			5.34397163120567	-1.6063829787234
			5.34751773049645	-1.6063829787234
			5.35106382978723	-1.60992907801418
			5.35460992907801	-1.60992907801418
			5.35815602836879	-1.61347517730496
			5.36170212765957	-1.61347517730496
			5.36524822695035	-1.61702127659574
			5.36879432624113	-1.61702127659574
			5.37234042553191	-1.61702127659574
			5.3758865248227	-1.62056737588652
			5.37943262411348	-1.62056737588652
			5.38297872340426	-1.62056737588652
			5.38652482269504	-1.6241134751773
			5.39007092198582	-1.6241134751773
			5.3936170212766	-1.62765957446809
			5.39716312056738	-1.62765957446809
			5.40070921985816	-1.62765957446809
			5.40070921985816	-1.63120567375887
			5.40425531914894	-1.63120567375887
			5.40780141843972	-1.63120567375887
			5.4113475177305	-1.63475177304965
			5.41489361702128	-1.63475177304965
			5.41843971631206	-1.63829787234043
			5.42198581560284	-1.63829787234043
			5.42553191489362	-1.64184397163121
			5.4290780141844	-1.64184397163121
			5.43262411347518	-1.64184397163121
			5.43617021276596	-1.64539007092199
			5.43971631205674	-1.64539007092199
			5.44326241134752	-1.64893617021277
			5.4468085106383	-1.64893617021277
			5.45035460992908	-1.65248226950355
			5.45390070921986	-1.65248226950355
			5.45744680851064	-1.65248226950355
			5.46099290780142	-1.65602836879433
			5.4645390070922	-1.65602836879433
			5.46808510638298	-1.65957446808511
			5.47163120567376	-1.65957446808511
			5.47517730496454	-1.66312056737589
			5.47872340425532	-1.66312056737589
			5.4822695035461	-1.66666666666667
			5.48581560283688	-1.66666666666667
			5.48936170212766	-1.66666666666667
			5.49290780141844	-1.67021276595745
			5.49645390070922	-1.67021276595745
			5.5	-1.67375886524823
			5.50354609929078	-1.67375886524823
			5.50709219858156	-1.67730496453901
			5.51063829787234	-1.67730496453901
			5.51418439716312	-1.68085106382979
			5.5177304964539	-1.68085106382979
			5.52127659574468	-1.68085106382979
			5.52482269503546	-1.68439716312057
			5.52836879432624	-1.68439716312057
			5.53191489361702	-1.68794326241135
			5.5354609929078	-1.68794326241135
			5.53900709219858	-1.69148936170213
			5.54255319148936	-1.69148936170213
			5.54609929078014	-1.69148936170213
			5.54964539007092	-1.69503546099291
			5.5531914893617	-1.69503546099291
			5.55673758865248	-1.69858156028369
			5.56028368794326	-1.70212765957447
			5.56382978723404	-1.70212765957447
			5.56737588652482	-1.70567375886525
			5.5709219858156	-1.70567375886525
			5.57446808510638	-1.70567375886525
			5.57801418439716	-1.70921985815603
			5.58156028368794	-1.71276595744681
			5.58510638297872	-1.71276595744681
			5.5886524822695	-1.71276595744681
			5.59219858156028	-1.71631205673759
			5.59574468085106	-1.71631205673759
			5.59929078014184	-1.71985815602837
			5.60283687943262	-1.71985815602837
			5.6063829787234	-1.72340425531915
			5.60992907801418	-1.72340425531915
			5.61347517730496	-1.72695035460993
			5.61702127659574	-1.72695035460993
			5.62056737588652	-1.73049645390071
			5.6241134751773	-1.73404255319149
			5.62765957446809	-1.73404255319149
			5.63120567375887	-1.73758865248227
			5.63475177304965	-1.73758865248227
			5.63829787234043	-1.73758865248227
			5.63829787234043	-1.74113475177305
			5.64184397163121	-1.74113475177305
			5.64539007092199	-1.74113475177305
			5.64539007092199	-1.74468085106383
			5.64893617021277	-1.74468085106383
			5.65248226950355	-1.74468085106383
			5.65248226950355	-1.74822695035461
			5.65602836879433	-1.74822695035461
			5.65957446808511	-1.75177304964539
			5.66312056737589	-1.75177304964539
			5.66666666666667	-1.75531914893617
			5.67021276595745	-1.75531914893617
			5.67375886524823	-1.75886524822695
			5.67730496453901	-1.75886524822695
			5.68085106382979	-1.76241134751773
			5.68439716312057	-1.76595744680851
			5.68794326241135	-1.76595744680851
			5.69148936170213	-1.76950354609929
			5.69503546099291	-1.76950354609929
			5.69858156028369	-1.77304964539007
			5.70212765957447	-1.77304964539007
			5.70567375886525	-1.77304964539007
			5.70567375886525	-1.77659574468085
			5.70921985815603	-1.77659574468085
			5.71276595744681	-1.78014184397163
			5.71631205673759	-1.78014184397163
			5.71985815602837	-1.78368794326241
			5.72340425531915	-1.78368794326241
			5.72340425531915	-1.78723404255319
			5.72695035460993	-1.78723404255319
			5.73049645390071	-1.79078014184397
			5.73404255319149	-1.79078014184397
			5.73758865248227	-1.79432624113475
			5.74113475177305	-1.79787234042553
			5.74468085106383	-1.79787234042553
			5.74822695035461	-1.80141843971631
			5.75177304964539	-1.80141843971631
			5.75531914893617	-1.80496453900709
			5.75886524822695	-1.80851063829787
			5.76241134751773	-1.80851063829787
			5.76595744680851	-1.81205673758865
			5.76950354609929	-1.81205673758865
			5.77304964539007	-1.81560283687943
			5.77659574468085	-1.81914893617021
			5.78014184397163	-1.81914893617021
			5.78368794326241	-1.82269503546099
			5.78723404255319	-1.82624113475177
			5.79078014184397	-1.82978723404255
			5.79432624113475	-1.82978723404255
			5.79787234042553	-1.82978723404255
			5.79787234042553	-1.83333333333333
			5.80141843971631	-1.83333333333333
			5.80496453900709	-1.83687943262411
			5.80851063829787	-1.83687943262411
			5.81205673758865	-1.84042553191489
			5.81560283687943	-1.84397163120567
			5.81914893617021	-1.84751773049645
			5.82269503546099	-1.84751773049645
			5.82624113475177	-1.85106382978723
			5.82978723404255	-1.85460992907801
			5.83333333333333	-1.85460992907801
			5.83687943262411	-1.85815602836879
			5.84042553191489	-1.85815602836879
			5.84397163120567	-1.86170212765957
			5.84397163120567	-1.86524822695035
			5.84751773049645	-1.86524822695035
			5.85106382978723	-1.86879432624113
			5.85460992907801	-1.86879432624113
			5.85815602836879	-1.87234042553191
			5.86170212765957	-1.8758865248227
			5.86524822695035	-1.87943262411348
			5.86879432624113	-1.88297872340426
			5.87234042553191	-1.88297872340426
			5.8758865248227	-1.88652482269504
			5.87943262411348	-1.89007092198582
			5.88297872340426	-1.8936170212766
			5.88652482269504	-1.8936170212766
			5.89007092198582	-1.89716312056738
			5.8936170212766	-1.90070921985816
			5.89716312056738	-1.90070921985816
			5.90070921985816	-1.90425531914894
			5.90070921985816	-1.90780141843972
			5.90425531914894	-1.9113475177305
			5.90780141843972	-1.9113475177305
			5.9113475177305	-1.91489361702128
			5.91489361702128	-1.91843971631206
			5.91843971631206	-1.92198581560284
			5.92198581560284	-1.92198581560284
			5.92553191489362	-1.92553191489362
			5.92553191489362	-1.9290780141844
			5.9290780141844	-1.9290780141844
			5.93262411347518	-1.93262411347518
			5.93617021276596	-1.93617021276596
			5.93971631205674	-1.93971631205674
			5.94326241134752	-1.94326241134752
			5.9468085106383	-1.9468085106383
			5.95035460992908	-1.95035460992908
			5.95390070921986	-1.95390070921986
			5.95744680851064	-1.95744680851064
			5.96099290780142	-1.96099290780142
			5.9645390070922	-1.96099290780142
			5.96808510638298	-1.9645390070922
			5.97163120567376	-1.96808510638298
			5.97163120567376	-1.97163120567376
			5.97517730496454	-1.97517730496454
			5.97872340425532	-1.97872340425532
			5.9822695035461	-1.9822695035461
			5.98581560283688	-1.98581560283688
			5.98936170212766	-1.98581560283688
			5.98936170212766	-1.98936170212766
			5.99290780141844	-1.99290780141844
			5.99645390070922	-1.99645390070922
			6	-2
			6	-2.00354609929078
			6.00354609929078	-2.00709219858156
			6.00709219858156	-2.01063829787234
			6.01063829787234	-2.01418439716312
			6.01418439716312	-2.0177304964539
			6.0177304964539	-2.02127659574468
			6.02127659574468	-2.02482269503546
			6.02127659574468	-2.02836879432624
			6.02482269503546	-2.03191489361702
			6.02482269503546	-2.0354609929078
			6.02836879432624	-2.0354609929078
			6.02836879432624	-2.03900709219858
			6.03191489361702	-2.04255319148936
			6.0354609929078	-2.04609929078014
			6.0354609929078	-2.04964539007092
			6.03900709219858	-2.0531914893617
			6.03900709219858	-2.05673758865248
			6.04255319148936	-2.06028368794326
			6.04609929078014	-2.06382978723404
			6.04609929078014	-2.06737588652482
			6.04964539007092	-2.0709219858156
			6.0531914893617	-2.07446808510638
			6.0531914893617	-2.07801418439716
			6.05673758865248	-2.08156028368794
			6.05673758865248	-2.08510638297872
			6.06028368794326	-2.0886524822695
			6.06382978723404	-2.09219858156028
			6.06382978723404	-2.09574468085106
			6.06382978723404	-2.09929078014184
			6.06737588652482	-2.09929078014184
			6.06737588652482	-2.10283687943262
			6.06737588652482	-2.1063829787234
			6.0709219858156	-2.10992907801418
			6.0709219858156	-2.11347517730496
			6.07446808510638	-2.11702127659574
			6.07446808510638	-2.12056737588652
			6.07446808510638	-2.1241134751773
			6.07801418439716	-2.12765957446809
			6.07801418439716	-2.13120567375887
			6.08156028368794	-2.13475177304965
			6.08156028368794	-2.13829787234043
			6.08156028368794	-2.14184397163121
			6.08156028368794	-2.14539007092199
			6.08510638297872	-2.14893617021277
			6.08510638297872	-2.15248226950355
			6.08510638297872	-2.15602836879433
			6.0886524822695	-2.15957446808511
			6.0886524822695	-2.16312056737589
			6.0886524822695	-2.16666666666667
			6.0886524822695	-2.17021276595745
			6.0886524822695	-2.17375886524823
			6.09219858156028	-2.17730496453901
			6.09219858156028	-2.18085106382979
			6.09219858156028	-2.18439716312057
			6.09219858156028	-2.18794326241135
			6.09219858156028	-2.19148936170213
			6.09219858156028	-2.19503546099291
			6.09574468085106	-2.19858156028369
			6.09574468085106	-2.20212765957447
			6.09574468085106	-2.20567375886525
			6.09574468085106	-2.20921985815603
			6.09574468085106	-2.21276595744681
			6.09574468085106	-2.21631205673759
			6.09574468085106	-2.21985815602837
			6.09574468085106	-2.22340425531915
			6.09574468085106	-2.22695035460993
			6.09574468085106	-2.23049645390071
			6.09574468085106	-2.23404255319149
			6.09574468085106	-2.23758865248227
			6.09574468085106	-2.24113475177305
			6.09574468085106	-2.24468085106383
			6.09574468085106	-2.24822695035461
			6.09574468085106	-2.25177304964539
			6.09574468085106	-2.25531914893617
			6.09574468085106	-2.25886524822695
			6.09219858156028	-2.26241134751773
			6.09219858156028	-2.26595744680851
			6.09219858156028	-2.26950354609929
			6.09219858156028	-2.27304964539007
			6.09219858156028	-2.27659574468085
			6.09219858156028	-2.28014184397163
			6.0886524822695	-2.28368794326241
			6.0886524822695	-2.28723404255319
			6.0886524822695	-2.29078014184397
			6.0886524822695	-2.29432624113475
			6.0886524822695	-2.29787234042553
			6.0886524822695	-2.30141843971631
			6.08510638297872	-2.30141843971631
			6.08510638297872	-2.30496453900709
			6.08510638297872	-2.30851063829787
			6.08510638297872	-2.31205673758865
			6.08156028368794	-2.31560283687943
			6.08156028368794	-2.31914893617021
			6.08156028368794	-2.32269503546099
			6.07801418439716	-2.32624113475177
			6.07801418439716	-2.32978723404255
			6.07801418439716	-2.33333333333333
			6.07446808510638	-2.33687943262411
			6.07446808510638	-2.34042553191489
			6.07446808510638	-2.34397163120567
			6.0709219858156	-2.34751773049645
			6.0709219858156	-2.35106382978723
			6.06737588652482	-2.35460992907801
			6.06737588652482	-2.35815602836879
			6.06382978723404	-2.36170212765957
			6.06382978723404	-2.36524822695035
			6.06028368794326	-2.36879432624113
			6.06028368794326	-2.37234042553191
			6.05673758865248	-2.3758865248227
			6.05673758865248	-2.37943262411348
			6.0531914893617	-2.38297872340426
			6.0531914893617	-2.38652482269504
			6.04964539007092	-2.39007092198582
			6.04964539007092	-2.3936170212766
			6.04609929078014	-2.39716312056738
			6.04255319148936	-2.40070921985816
			6.04255319148936	-2.40425531914894
			6.03900709219858	-2.40780141843972
			6.03900709219858	-2.4113475177305
			6.0354609929078	-2.41489361702128
			6.0354609929078	-2.41843971631206
			6.0354609929078	-2.42198581560284
			6.0354609929078	-2.42553191489362
			6.0354609929078	-2.4290780141844
			6.0354609929078	-2.43262411347518
			6.0354609929078	-2.43617021276596
			6.0354609929078	-2.43971631205674
			6.0354609929078	-2.44326241134752
			6.0354609929078	-2.4468085106383
			6.0354609929078	-2.45035460992908
			6.0354609929078	-2.45390070921986
			6.0354609929078	-2.45744680851064
			6.0354609929078	-2.46099290780142
			6.0354609929078	-2.4645390070922
			6.0354609929078	-2.46808510638298
			6.0354609929078	-2.47163120567376
			6.0354609929078	-2.47517730496454
			6.0354609929078	-2.47872340425532
			6.0354609929078	-2.4822695035461
			6.0354609929078	-2.48581560283688
			6.0354609929078	-2.48936170212766
			6.0354609929078	-2.49290780141844
			6.0354609929078	-2.49645390070922
			6.0354609929078	-2.5
			6.0354609929078	-2.50354609929078
			6.0354609929078	-2.50709219858156
			6.0354609929078	-2.51063829787234
			6.0354609929078	-2.51418439716312
			6.0354609929078	-2.5177304964539
			6.0354609929078	-2.52127659574468
			6.0354609929078	-2.52482269503546
			6.0354609929078	-2.52836879432624
			6.0354609929078	-2.53191489361702
			6.0354609929078	-2.5354609929078
			6.0354609929078	-2.53900709219858
			6.0354609929078	-2.54255319148936
			6.0354609929078	-2.54609929078014
			6.0354609929078	-2.54964539007092
			6.0354609929078	-2.5531914893617
			6.0354609929078	-2.55673758865248
			6.0354609929078	-2.56028368794326
			6.0354609929078	-2.56382978723404
			6.0354609929078	-2.56737588652482
			6.0354609929078	-2.5709219858156
			6.0354609929078	-2.57446808510638
			6.0354609929078	-2.57801418439716
			6.0354609929078	-2.58156028368794
			6.0354609929078	-2.58510638297872
			6.0354609929078	-2.5886524822695
			6.0354609929078	-2.59219858156028
			6.03191489361702	-2.59574468085106
			6.03191489361702	-2.59929078014184
			6.03191489361702	-2.60283687943262
			6.03191489361702	-2.6063829787234
			6.03191489361702	-2.60992907801418
			6.03191489361702	-2.61347517730496
			6.03191489361702	-2.61702127659574
			6.03191489361702	-2.62056737588652
			6.03191489361702	-2.6241134751773
			6.03191489361702	-2.62765957446809
			6.03191489361702	-2.63120567375887
			6.03191489361702	-2.63475177304965
			6.03191489361702	-2.63829787234043
			6.03191489361702	-2.64184397163121
			6.03191489361702	-2.64539007092199
			6.03191489361702	-2.64893617021277
			6.03191489361702	-2.65248226950355
			6.03191489361702	-2.65602836879433
			6.03191489361702	-2.65957446808511
			6.03191489361702	-2.66312056737589
			6.03191489361702	-2.66666666666667
			6.03191489361702	-2.67021276595745
			6.03191489361702	-2.67375886524823
			6.03191489361702	-2.67730496453901
			6.03191489361702	-2.68085106382979
			6.03191489361702	-2.68439716312057
			6.03191489361702	-2.68794326241135
			6.03191489361702	-2.69148936170213
			6.03191489361702	-2.69503546099291
			6.03191489361702	-2.69858156028369
			6.03191489361702	-2.70212765957447
			6.03191489361702	-2.70567375886525
			6.03191489361702	-2.70921985815603
			6.03191489361702	-2.71276595744681
			6.03191489361702	-2.71631205673759
			6.03191489361702	-2.71985815602837
			6.03191489361702	-2.72340425531915
			6.03191489361702	-2.72695035460993
			6.02836879432624	-2.73049645390071
			6.02836879432624	-2.73404255319149
			6.02836879432624	-2.73758865248227
			6.02836879432624	-2.74113475177305
			6.02836879432624	-2.74468085106383
			6.02836879432624	-2.74822695035461
			6.02836879432624	-2.75177304964539
			6.02836879432624	-2.75531914893617
			6.02836879432624	-2.75886524822695
			6.02836879432624	-2.76241134751773
			6.02836879432624	-2.76595744680851
			6.02836879432624	-2.76950354609929
			6.02836879432624	-2.77304964539007
			6.02836879432624	-2.77659574468085
			6.02836879432624	-2.78014184397163
			6.02836879432624	-2.78368794326241
			6.02836879432624	-2.78723404255319
			6.02836879432624	-2.79078014184397
			6.02836879432624	-2.79432624113475
			6.02836879432624	-2.79787234042553
			6.02836879432624	-2.80141843971631
			6.02836879432624	-2.80496453900709
			6.02836879432624	-2.80851063829787
			6.02836879432624	-2.81205673758865
			6.02836879432624	-2.81560283687943
			6.02482269503546	-2.81914893617021
			6.02482269503546	-2.82269503546099
			6.02482269503546	-2.82624113475177
			6.02482269503546	-2.82978723404255
			6.02482269503546	-2.83333333333333
			6.02482269503546	-2.83687943262411
			6.02482269503546	-2.84042553191489
			6.02482269503546	-2.84397163120567
			6.02482269503546	-2.84751773049645
			6.02482269503546	-2.85106382978723
			6.02482269503546	-2.85460992907801
			6.02482269503546	-2.85815602836879
			6.02482269503546	-2.86170212765957
			6.02482269503546	-2.86524822695035
			6.02482269503546	-2.86879432624113
			6.02482269503546	-2.87234042553191
			6.02482269503546	-2.8758865248227
			6.02482269503546	-2.87943262411348
			6.02482269503546	-2.88297872340426
			6.02482269503546	-2.88652482269504
			6.02482269503546	-2.89007092198582
			6.02482269503546	-2.8936170212766
			6.02127659574468	-2.89716312056738
			6.02127659574468	-2.90070921985816
			6.02127659574468	-2.90425531914894
			6.02127659574468	-2.90780141843972
			6.02127659574468	-2.9113475177305
			6.02127659574468	-2.91489361702128
			6.02127659574468	-2.91843971631206
			6.02127659574468	-2.92198581560284
			6.02127659574468	-2.92553191489362
			6.02127659574468	-2.9290780141844
			6.02127659574468	-2.93262411347518
			6.02127659574468	-2.93617021276596
			6.02127659574468	-2.93971631205674
			6.02127659574468	-2.94326241134752
			6.02127659574468	-2.9468085106383
			6.02127659574468	-2.95035460992908
			6.02127659574468	-2.95390070921986
			6.02127659574468	-2.95744680851064
			6.0177304964539	-2.96099290780142
			6.0177304964539	-2.9645390070922
			6.0177304964539	-2.96808510638298
			6.0177304964539	-2.97163120567376
			6.0177304964539	-2.97517730496454
			6.0177304964539	-2.97872340425532
			6.0177304964539	-2.9822695035461
			6.0177304964539	-2.98581560283688
			6.0177304964539	-2.98936170212766
			6.0177304964539	-2.99290780141844
			6.0177304964539	-2.99645390070922
			6.0177304964539	-3
			6.0177304964539	-3.00354609929078
			6.0177304964539	-3.00709219858156
			6.0177304964539	-3.01063829787234
			6.0177304964539	-3.01418439716312
			6.01418439716312	-3.0177304964539
			6.01418439716312	-3.02127659574468
			6.01418439716312	-3.02482269503546
			6.01418439716312	-3.02836879432624
			6.01418439716312	-3.03191489361702
			6.01418439716312	-3.0354609929078
			6.01418439716312	-3.03900709219858
			6.01418439716312	-3.04255319148936
			6.01418439716312	-3.04609929078014
			6.01418439716312	-3.04964539007092
			6.01418439716312	-3.0531914893617
			6.01418439716312	-3.05673758865248
			6.01418439716312	-3.06028368794326
			6.01418439716312	-3.06382978723404
			6.01418439716312	-3.06737588652482
			6.01418439716312	-3.0709219858156
			6.01063829787234	-3.07446808510638
			6.01063829787234	-3.07801418439716
			6.01063829787234	-3.08156028368794
			6.01063829787234	-3.08510638297872
			6.01063829787234	-3.0886524822695
			6.01063829787234	-3.09219858156028
			6.01063829787234	-3.09574468085106
			6.01063829787234	-3.09929078014184
			6.01063829787234	-3.10283687943262
			6.01063829787234	-3.1063829787234
			6.01063829787234	-3.10992907801418
			6.01063829787234	-3.11347517730496
			6.01063829787234	-3.11702127659574
			6.00709219858156	-3.12056737588652
			6.00709219858156	-3.1241134751773
			6.00709219858156	-3.12765957446809
			6.00709219858156	-3.13120567375887
			6.00709219858156	-3.13475177304965
			6.00709219858156	-3.13829787234043
			6.00709219858156	-3.14184397163121
			6.00709219858156	-3.14539007092199
			6.00709219858156	-3.14893617021277
			6.00709219858156	-3.15248226950355
			6.00709219858156	-3.15602836879433
			6.00709219858156	-3.15957446808511
			6.00709219858156	-3.16312056737589
			6.00709219858156	-3.16666666666667
			6.00354609929078	-3.17021276595745
			6.00354609929078	-3.17375886524823
			6.00354609929078	-3.17730496453901
			6.00354609929078	-3.18085106382979
			6.00354609929078	-3.18439716312057
			6.00354609929078	-3.18794326241135
			6.00354609929078	-3.19148936170213
			6.00354609929078	-3.19503546099291
			6.00354609929078	-3.19858156028369
			6.00354609929078	-3.20212765957447
			6.00354609929078	-3.20567375886525
			6.00354609929078	-3.20921985815603
			6	-3.21276595744681
			6	-3.21631205673759
			6	-3.21985815602837
			6	-3.22340425531915
			6	-3.22695035460993
			6	-3.23049645390071
			6	-3.23404255319149
			6	-3.23758865248227
			6	-3.24113475177305
			6	-3.24468085106383
			6	-3.24822695035461
			6	-3.25177304964539
			6	-3.25531914893617
			5.99645390070922	-3.25886524822695
			5.99645390070922	-3.26241134751773
			5.99645390070922	-3.26595744680851
			5.99645390070922	-3.26950354609929
			5.99645390070922	-3.27304964539007
			5.99645390070922	-3.27659574468085
			5.99645390070922	-3.28014184397163
			5.99645390070922	-3.28368794326241
			5.99645390070922	-3.28723404255319
			5.99645390070922	-3.29078014184397
			5.99645390070922	-3.29432624113475
			5.99290780141844	-3.29787234042553
			5.99290780141844	-3.30141843971631
			5.99290780141844	-3.30496453900709
			5.99290780141844	-3.30851063829787
			5.99290780141844	-3.31205673758865
			5.99290780141844	-3.31560283687943
			5.99290780141844	-3.31914893617021
			5.99290780141844	-3.32269503546099
			5.99290780141844	-3.32624113475177
			5.99290780141844	-3.32978723404255
			5.98936170212766	-3.33333333333333
			5.98936170212766	-3.33687943262411
			5.98936170212766	-3.34042553191489
			5.98936170212766	-3.34397163120567
			5.98936170212766	-3.34751773049645
			5.98936170212766	-3.35106382978723
			5.98936170212766	-3.35460992907801
			5.98936170212766	-3.35815602836879
			5.98936170212766	-3.36170212765957
			5.98936170212766	-3.36524822695035
			5.98936170212766	-3.36879432624113
			5.98581560283688	-3.37234042553191
			5.98581560283688	-3.3758865248227
			5.98581560283688	-3.37943262411348
			5.98581560283688	-3.38297872340426
			5.98581560283688	-3.38652482269504
			5.98581560283688	-3.39007092198582
			5.98581560283688	-3.3936170212766
			5.98581560283688	-3.39716312056738
			5.98581560283688	-3.40070921985816
			5.98581560283688	-3.40425531914894
			5.9822695035461	-3.40780141843972
			5.9822695035461	-3.4113475177305
			5.9822695035461	-3.41489361702128
			5.9822695035461	-3.41843971631206
			5.9822695035461	-3.42198581560284
			5.9822695035461	-3.42553191489362
			5.9822695035461	-3.4290780141844
			5.9822695035461	-3.43262411347518
			5.9822695035461	-3.43617021276596
			5.9822695035461	-3.43971631205674
			5.97872340425532	-3.44326241134752
			5.97872340425532	-3.4468085106383
			5.97872340425532	-3.45035460992908
			5.97872340425532	-3.45390070921986
			5.97872340425532	-3.45744680851064
			5.97872340425532	-3.46099290780142
			5.97872340425532	-3.4645390070922
			5.97872340425532	-3.46808510638298
			5.97872340425532	-3.47163120567376
			5.97872340425532	-3.47517730496454
			5.97517730496454	-3.47872340425532
			5.97517730496454	-3.4822695035461
			5.97517730496454	-3.48581560283688
			5.97517730496454	-3.48936170212766
			5.97517730496454	-3.49290780141844
			5.97517730496454	-3.49645390070922
			5.97517730496454	-3.5
			5.97517730496454	-3.50354609929078
			5.97517730496454	-3.50709219858156
			5.97163120567376	-3.51063829787234
			5.97163120567376	-3.51418439716312
			5.97163120567376	-3.5177304964539
			5.97163120567376	-3.52127659574468
			5.97163120567376	-3.52482269503546
			5.97163120567376	-3.52836879432624
			5.97163120567376	-3.53191489361702
			5.97163120567376	-3.5354609929078
			5.97163120567376	-3.53900709219858
			5.96808510638298	-3.54255319148936
			5.96808510638298	-3.54609929078014
			5.96808510638298	-3.54964539007092
			5.96808510638298	-3.5531914893617
			5.96808510638298	-3.55673758865248
			5.96808510638298	-3.56028368794326
			5.96808510638298	-3.56382978723404
			5.96808510638298	-3.56737588652482
			5.96808510638298	-3.5709219858156
			5.9645390070922	-3.57446808510638
			5.9645390070922	-3.57801418439716
			5.9645390070922	-3.58156028368794
			5.9645390070922	-3.58510638297872
			5.9645390070922	-3.5886524822695
			5.9645390070922	-3.59219858156028
			5.9645390070922	-3.59574468085106
			5.9645390070922	-3.59929078014184
			5.9645390070922	-3.60283687943262
			5.96099290780142	-3.6063829787234
			5.96099290780142	-3.60992907801418
			5.96099290780142	-3.61347517730496
			5.96099290780142	-3.61702127659574
			5.96099290780142	-3.62056737588652
			5.96099290780142	-3.6241134751773
			5.96099290780142	-3.62765957446809
			5.96099290780142	-3.63120567375887
			5.96099290780142	-3.63475177304965
			5.95744680851064	-3.63829787234043
			5.95744680851064	-3.64184397163121
			5.95744680851064	-3.64539007092199
			5.95744680851064	-3.64893617021277
			5.95744680851064	-3.65248226950355
			5.95744680851064	-3.65602836879433
			5.95744680851064	-3.65957446808511
			5.95390070921986	-3.66312056737589
			5.95390070921986	-3.66666666666667
			5.95390070921986	-3.67021276595745
			5.95390070921986	-3.67375886524823
			5.95390070921986	-3.67730496453901
			5.95390070921986	-3.68085106382979
			5.95390070921986	-3.68439716312057
			5.95390070921986	-3.68794326241135
			5.95035460992908	-3.69148936170213
			5.95035460992908	-3.69503546099291
			5.95035460992908	-3.69858156028369
			5.95035460992908	-3.70212765957447
			5.95035460992908	-3.70567375886525
			5.95035460992908	-3.70921985815603
			5.95035460992908	-3.71276595744681
			5.95035460992908	-3.71631205673759
			5.9468085106383	-3.71985815602837
			5.9468085106383	-3.72340425531915
			5.9468085106383	-3.72695035460993
			5.9468085106383	-3.73049645390071
			5.9468085106383	-3.73404255319149
			5.9468085106383	-3.73758865248227
			5.9468085106383	-3.74113475177305
			5.9468085106383	-3.74468085106383
			5.94326241134752	-3.74822695035461
			5.94326241134752	-3.75177304964539
			5.94326241134752	-3.75531914893617
			5.94326241134752	-3.75886524822695
			5.94326241134752	-3.76241134751773
			5.94326241134752	-3.76595744680851
			5.94326241134752	-3.76950354609929
			5.94326241134752	-3.77304964539007
			5.93971631205674	-3.77659574468085
			5.93971631205674	-3.78014184397163
			5.93971631205674	-3.78368794326241
			5.93971631205674	-3.78723404255319
			5.93971631205674	-3.79078014184397
			5.93971631205674	-3.79432624113475
			5.93971631205674	-3.79787234042553
			5.93971631205674	-3.80141843971631
			5.93617021276596	-3.80496453900709
			5.93617021276596	-3.80851063829787
			5.93617021276596	-3.81205673758865
			5.93617021276596	-3.81560283687943
			5.93617021276596	-3.81914893617021
			5.93617021276596	-3.82269503546099
			5.93617021276596	-3.82624113475177
			5.93262411347518	-3.82978723404255
			5.93262411347518	-3.83333333333333
			5.93262411347518	-3.83687943262411
			5.93262411347518	-3.84042553191489
			5.93262411347518	-3.84397163120567
			5.93262411347518	-3.84751773049645
			5.93262411347518	-3.85106382978723
			5.9290780141844	-3.85460992907801
			5.9290780141844	-3.85815602836879
			5.9290780141844	-3.86170212765957
			5.9290780141844	-3.86524822695035
			5.9290780141844	-3.86879432624113
			5.9290780141844	-3.87234042553191
			5.9290780141844	-3.8758865248227
			5.9290780141844	-3.87943262411348
			5.92553191489362	-3.88297872340426
			5.92553191489362	-3.88652482269504
			5.92553191489362	-3.89007092198582
			5.92553191489362	-3.8936170212766
			5.92553191489362	-3.89716312056738
			5.92553191489362	-3.90070921985816
			5.92553191489362	-3.90425531914894
			5.92198581560284	-3.90780141843972
			5.92198581560284	-3.9113475177305
			5.92198581560284	-3.91489361702128
			5.92198581560284	-3.91843971631206
			5.92198581560284	-3.92198581560284
			5.92198581560284	-3.92553191489362
			5.92198581560284	-3.9290780141844
			5.91843971631206	-3.93262411347518
			5.91843971631206	-3.93617021276596
			5.91843971631206	-3.93971631205674
			5.91843971631206	-3.94326241134752
			5.91843971631206	-3.9468085106383
			5.91843971631206	-3.95035460992908
			5.91489361702128	-3.95390070921986
			5.91489361702128	-3.95744680851064
			5.91489361702128	-3.96099290780142
			5.91489361702128	-3.9645390070922
			5.91489361702128	-3.96808510638298
			5.91489361702128	-3.97163120567376
			5.91489361702128	-3.97517730496454
			5.9113475177305	-3.97872340425532
			5.9113475177305	-3.9822695035461
			5.9113475177305	-3.98581560283688
			5.9113475177305	-3.98936170212766
			5.9113475177305	-3.99290780141844
			5.9113475177305	-3.99645390070922
			5.9113475177305	-4
			5.90780141843972	-4.00354609929078
			5.90780141843972	-4.00709219858156
			5.90780141843972	-4.01063829787234
			5.90780141843972	-4.01418439716312
			5.90780141843972	-4.0177304964539
			5.90780141843972	-4.02127659574468
			5.90425531914894	-4.02482269503546
			5.90425531914894	-4.02836879432624
			5.90425531914894	-4.03191489361702
			5.90425531914894	-4.0354609929078
			5.90425531914894	-4.03900709219858
			5.90425531914894	-4.04255319148936
			5.90425531914894	-4.04609929078014
			5.90070921985816	-4.04964539007092
			5.90070921985816	-4.0531914893617
			5.90070921985816	-4.05673758865248
			5.90070921985816	-4.06028368794326
			5.90425531914894	-4.06028368794326
			5.90780141843972	-4.06382978723404
			5.9113475177305	-4.06382978723404
			5.91489361702128	-4.06737588652482
			5.91843971631206	-4.06737588652482
			5.92198581560284	-4.06737588652482
			5.92553191489362	-4.0709219858156
			5.9290780141844	-4.0709219858156
			5.93262411347518	-4.07446808510638
			5.93617021276596	-4.07446808510638
			5.93971631205674	-4.07446808510638
			5.94326241134752	-4.07801418439716
			5.9468085106383	-4.07801418439716
			5.95035460992908	-4.08156028368794
			5.95390070921986	-4.08156028368794
			5.95744680851064	-4.08156028368794
			5.95744680851064	-4.08510638297872
			5.96099290780142	-4.08510638297872
			5.9645390070922	-4.08510638297872
			5.96808510638298	-4.0886524822695
			5.97163120567376	-4.0886524822695
			5.97517730496454	-4.09219858156028
			5.97872340425532	-4.09219858156028
			5.9822695035461	-4.09574468085106
			5.98581560283688	-4.09574468085106
			5.98936170212766	-4.09574468085106
			5.98936170212766	-4.09929078014184
			5.99290780141844	-4.09929078014184
			5.99645390070922	-4.10283687943262
			6	-4.10283687943262
			6.00354609929078	-4.10283687943262
			6.00354609929078	-4.1063829787234
			6.00709219858156	-4.1063829787234
			6.01063829787234	-4.10992907801418
			6.01418439716312	-4.10992907801418
			6.0177304964539	-4.10992907801418
			6.0177304964539	-4.11347517730496
			6.02127659574468	-4.11347517730496
			6.02482269503546	-4.11702127659574
			6.02836879432624	-4.11702127659574
			6.03191489361702	-4.12056737588652
			6.0354609929078	-4.12056737588652
			6.03900709219858	-4.1241134751773
			6.04255319148936	-4.1241134751773
			6.04609929078014	-4.12765957446809
			6.04964539007092	-4.12765957446809
			6.0531914893617	-4.13120567375887
			6.05673758865248	-4.13475177304965
			6.06028368794326	-4.13829787234043
			6.06382978723404	-4.13829787234043
			6.06737588652482	-4.14184397163121
			6.0709219858156	-4.14539007092199
			6.07446808510638	-4.14539007092199
			6.07801418439716	-4.14893617021277
			6.08156028368794	-4.15248226950355
			6.08510638297872	-4.15248226950355
			6.0886524822695	-4.15602836879433
			6.09219858156028	-4.15957446808511
			6.09574468085106	-4.15957446808511
			6.09929078014184	-4.16312056737589
			6.10283687943262	-4.16666666666667
			6.1063829787234	-4.16666666666667
			6.10992907801418	-4.17021276595745
			6.11347517730496	-4.17375886524823
			6.11702127659574	-4.17375886524823
			6.12056737588652	-4.17730496453901
			6.1241134751773	-4.18085106382979
			6.12765957446809	-4.18085106382979
			6.13120567375887	-4.18439716312057
			6.13120567375887	-4.18794326241135
			6.13475177304965	-4.19148936170213
			6.13829787234043	-4.19148936170213
			6.14184397163121	-4.19503546099291
			6.14539007092199	-4.19858156028369
			6.14893617021277	-4.19858156028369
			6.15248226950355	-4.20212765957447
			6.15248226950355	-4.20567375886525
			6.15602836879433	-4.20921985815603
			6.15957446808511	-4.20921985815603
			6.16312056737589	-4.21276595744681
			6.16666666666667	-4.21631205673759
			6.16666666666667	-4.21985815602837
			6.17021276595745	-4.22340425531915
			6.17375886524823	-4.22340425531915
			6.17730496453901	-4.22695035460993
			6.18085106382979	-4.23049645390071
			6.18085106382979	-4.23404255319149
			6.18439716312057	-4.23404255319149
			6.18794326241135	-4.23758865248227
			6.19148936170213	-4.24113475177305
			6.19148936170213	-4.24468085106383
			6.19503546099291	-4.24822695035461
			6.19858156028369	-4.24822695035461
			6.19858156028369	-4.25177304964539
			6.20212765957447	-4.25531914893617
			6.20567375886525	-4.25886524822695
			6.20921985815603	-4.26241134751773
			6.21276595744681	-4.26595744680851
			6.21631205673759	-4.26950354609929
			6.21631205673759	-4.27304964539007
			6.21985815602837	-4.27659574468085
			6.22340425531915	-4.28014184397163
			6.22695035460993	-4.28368794326241
			6.22695035460993	-4.28723404255319
			6.23049645390071	-4.29078014184397
			6.23404255319149	-4.29432624113475
			6.23404255319149	-4.29787234042553
			6.23758865248227	-4.30141843971631
			6.24113475177305	-4.30496453900709
			6.24113475177305	-4.30851063829787
			6.24468085106383	-4.31205673758865
			6.24468085106383	-4.31560283687943
			6.24822695035461	-4.31914893617021
			6.25177304964539	-4.32269503546099
			6.25177304964539	-4.32624113475177
			6.25531914893617	-4.32978723404255
			6.25531914893617	-4.33333333333333
			6.25886524822695	-4.33687943262411
			6.25886524822695	-4.34042553191489
			6.26241134751773	-4.34397163120567
			6.26241134751773	-4.34751773049645
			6.26595744680851	-4.35106382978723
			6.26595744680851	-4.35460992907801
			6.26950354609929	-4.35815602836879
			6.26950354609929	-4.36170212765957
			6.27304964539007	-4.36524822695035
			6.27304964539007	-4.36879432624113
			6.27659574468085	-4.37234042553191
			6.27659574468085	-4.3758865248227
			6.27659574468085	-4.37943262411348
			6.28014184397163	-4.38297872340426
			6.28014184397163	-4.38652482269504
			6.28368794326241	-4.39007092198582
			6.28368794326241	-4.3936170212766
			6.28368794326241	-4.39716312056738
			6.28723404255319	-4.40070921985816
			6.28723404255319	-4.40425531914894
			6.29078014184397	-4.40780141843972
			6.29078014184397	-4.4113475177305
			6.29078014184397	-4.41489361702128
			6.29432624113475	-4.41843971631206
			6.29432624113475	-4.42198581560284
			6.29432624113475	-4.42553191489362
			6.29787234042553	-4.4290780141844
			6.29787234042553	-4.43262411347518
			6.29787234042553	-4.43617021276596
			6.29787234042553	-4.43971631205674
			6.30141843971631	-4.44326241134752
			6.30141843971631	-4.4468085106383
			6.30141843971631	-4.45035460992908
			6.30141843971631	-4.45390070921986
			6.30496453900709	-4.45744680851064
			6.30496453900709	-4.46099290780142
			6.30496453900709	-4.4645390070922
			6.30496453900709	-4.46808510638298
			6.30496453900709	-4.47163120567376
			6.30851063829787	-4.47517730496454
			6.30851063829787	-4.47872340425532
			6.30851063829787	-4.4822695035461
			6.30851063829787	-4.48581560283688
			6.30851063829787	-4.48936170212766
			6.30851063829787	-4.49290780141844
			6.31205673758865	-4.49645390070922
			6.31205673758865	-4.5
			6.31205673758865	-4.50354609929078
			6.31205673758865	-4.50709219858156
			6.31205673758865	-4.51063829787234
			6.31205673758865	-4.51418439716312
			6.31205673758865	-4.5177304964539
			6.31205673758865	-4.52127659574468
			6.31560283687943	-4.52482269503546
			6.31560283687943	-4.52836879432624
			6.31560283687943	-4.53191489361702
			6.31560283687943	-4.5354609929078
			6.31560283687943	-4.53900709219858
			6.31560283687943	-4.54255319148936
			6.31560283687943	-4.54609929078014
			6.31560283687943	-4.54964539007092
			6.31560283687943	-4.5531914893617
			6.31560283687943	-4.55673758865248
			6.31560283687943	-4.56028368794326
			6.31560283687943	-4.56382978723404
			6.31560283687943	-4.56737588652482
			6.31560283687943	-4.5709219858156
			6.31560283687943	-4.57446808510638
			6.31560283687943	-4.57801418439716
			6.31560283687943	-4.58156028368794
			6.31560283687943	-4.58510638297872
			6.31560283687943	-4.5886524822695
			6.31560283687943	-4.59219858156028
			6.31560283687943	-4.59574468085106
			6.31560283687943	-4.59929078014184
			6.31560283687943	-4.60283687943262
			6.31560283687943	-4.6063829787234
			6.31560283687943	-4.60992907801418
			6.31560283687943	-4.61347517730496
			6.31560283687943	-4.61702127659574
			6.31560283687943	-4.62056737588652
			6.31560283687943	-4.6241134751773
			6.31560283687943	-4.62765957446809
			6.31560283687943	-4.63120567375887
			6.31560283687943	-4.63475177304965
			6.31560283687943	-4.63829787234043
			6.31560283687943	-4.64184397163121
			6.31560283687943	-4.64539007092199
			6.31560283687943	-4.64893617021277
			6.31205673758865	-4.65248226950355
			6.31205673758865	-4.65602836879433
			6.31205673758865	-4.65957446808511
			6.31205673758865	-4.66312056737589
			6.31205673758865	-4.66666666666667
			6.31205673758865	-4.67021276595745
			6.31205673758865	-4.67375886524823
			6.31205673758865	-4.67730496453901
			6.30851063829787	-4.68085106382979
			6.30851063829787	-4.68439716312057
			6.30851063829787	-4.68794326241135
			6.30851063829787	-4.69148936170213
			6.30851063829787	-4.69503546099291
			6.30851063829787	-4.69858156028369
			6.30851063829787	-4.70212765957447
			6.30496453900709	-4.70567375886525
			6.30496453900709	-4.70921985815603
			6.30496453900709	-4.71276595744681
			6.30496453900709	-4.71631205673759
			6.30496453900709	-4.71985815602837
			6.30496453900709	-4.72340425531915
			6.30141843971631	-4.72695035460993
			6.30141843971631	-4.73049645390071
			6.30141843971631	-4.73404255319149
			6.30141843971631	-4.73758865248227
			6.30141843971631	-4.74113475177305
			6.30141843971631	-4.74468085106383
			6.29787234042553	-4.74468085106383
			6.29787234042553	-4.74822695035461
			6.29787234042553	-4.75177304964539
			6.29787234042553	-4.75531914893617
			6.29787234042553	-4.75886524822695
			6.29432624113475	-4.76241134751773
			6.29432624113475	-4.76595744680851
			6.29432624113475	-4.76950354609929
			6.29432624113475	-4.77304964539007
			6.29078014184397	-4.77659574468085
			6.29078014184397	-4.78014184397163
			6.29078014184397	-4.78368794326241
			6.29078014184397	-4.78723404255319
			6.28723404255319	-4.79078014184397
			6.28723404255319	-4.79432624113475
			6.28723404255319	-4.79787234042553
			6.28723404255319	-4.80141843971631
			6.28368794326241	-4.80496453900709
			6.28368794326241	-4.80851063829787
			6.28368794326241	-4.81205673758865
			6.28014184397163	-4.81560283687943
			6.28014184397163	-4.81914893617021
			6.28014184397163	-4.82269503546099
			6.28014184397163	-4.82624113475177
			6.27659574468085	-4.82978723404255
			6.27659574468085	-4.83333333333333
			6.27659574468085	-4.83687943262411
			6.27304964539007	-4.84042553191489
			6.27304964539007	-4.84397163120567
			6.27304964539007	-4.84751773049645
			6.27304964539007	-4.85106382978723
			6.26950354609929	-4.85460992907801
			6.26950354609929	-4.85815602836879
			6.26950354609929	-4.86170212765957
			6.26595744680851	-4.86524822695035
			6.26595744680851	-4.86879432624113
			6.26595744680851	-4.87234042553191
			6.26241134751773	-4.8758865248227
			6.26241134751773	-4.87943262411348
			6.26241134751773	-4.88297872340426
			6.25886524822695	-4.88652482269504
			6.25886524822695	-4.89007092198582
			6.25531914893617	-4.8936170212766
			6.25531914893617	-4.89716312056738
			6.25531914893617	-4.90070921985816
			6.25531914893617	-4.90425531914894
			6.25177304964539	-4.90780141843972
			6.25177304964539	-4.9113475177305
			6.24822695035461	-4.91489361702128
			6.24822695035461	-4.91843971631206
			6.24822695035461	-4.92198581560284
			6.24468085106383	-4.92553191489362
			6.24468085106383	-4.9290780141844
			6.24468085106383	-4.93262411347518
			6.24113475177305	-4.93617021276596
			6.24113475177305	-4.93971631205674
			6.24113475177305	-4.94326241134752
			6.23758865248227	-4.9468085106383
			6.23758865248227	-4.95035460992908
			6.23758865248227	-4.95390070921986
			6.23404255319149	-4.95390070921986
			6.23404255319149	-4.95744680851064
			6.23049645390071	-4.96099290780142
			6.23049645390071	-4.9645390070922
			6.23049645390071	-4.96808510638298
			6.22695035460993	-4.97163120567376
			6.22695035460993	-4.97517730496454
			6.22695035460993	-4.97872340425532
			6.22340425531915	-4.9822695035461
			6.22340425531915	-4.98581560283688
			6.21985815602837	-4.98936170212766
			6.21985815602837	-4.99290780141844
			6.21985815602837	-4.99645390070922
			6.21631205673759	-5
			6.21276595744681	-5.00354609929078
			6.21276595744681	-5.00709219858156
			6.21276595744681	-5.01063829787234
			6.20921985815603	-5.01063829787234
			6.20921985815603	-5.01418439716312
			6.20921985815603	-5.0177304964539
			6.20921985815603	-5.02127659574468
			6.20567375886525	-5.02127659574468
			6.20567375886525	-5.02482269503546
			6.20567375886525	-5.02836879432624
			6.20212765957447	-5.02836879432624
			6.20212765957447	-5.03191489361702
			6.20567375886525	-5.0354609929078
			6.20921985815603	-5.0354609929078
			6.21276595744681	-5.03900709219858
			6.21631205673759	-5.04255319148936
			6.21985815602837	-5.04609929078014
			6.22340425531915	-5.04964539007092
			6.22695035460993	-5.0531914893617
			6.23049645390071	-5.0531914893617
			6.23404255319149	-5.05673758865248
			6.23758865248227	-5.06028368794326
			6.24113475177305	-5.06382978723404
			6.24468085106383	-5.06737588652482
			6.24822695035461	-5.0709219858156
			6.25177304964539	-5.07446808510638
			6.25531914893617	-5.07446808510638
			6.25886524822695	-5.07801418439716
			6.26241134751773	-5.08156028368794
			6.26595744680851	-5.08510638297872
			6.26950354609929	-5.08510638297872
			6.27304964539007	-5.0886524822695
			6.27304964539007	-5.09219858156028
			6.27659574468085	-5.09219858156028
			6.28014184397163	-5.09574468085106
			6.28368794326241	-5.09929078014184
			6.28723404255319	-5.10283687943262
			6.29078014184397	-5.10283687943262
			6.29432624113475	-5.1063829787234
			6.29787234042553	-5.10992907801418
			6.30141843971631	-5.10992907801418
			6.30496453900709	-5.11347517730496
			6.30851063829787	-5.11702127659574
			6.31205673758865	-5.12056737588652
			6.31560283687943	-5.12056737588652
			6.31914893617021	-5.1241134751773
			6.32269503546099	-5.12765957446809
			6.32624113475177	-5.13120567375887
			6.32978723404255	-5.13475177304965
			6.33333333333333	-5.13475177304965
			6.33687943262411	-5.13829787234043
			6.34042553191489	-5.14184397163121
			6.34397163120567	-5.14539007092199
			6.34751773049645	-5.14893617021277
			6.35106382978723	-5.14893617021277
			6.35460992907801	-5.15248226950355
			6.35815602836879	-5.15602836879433
			6.36170212765957	-5.15957446808511
			6.36524822695035	-5.16312056737589
			6.36879432624113	-5.16312056737589
			6.37234042553191	-5.16666666666667
			6.3758865248227	-5.16666666666667
			6.3758865248227	-5.17021276595745
			6.37943262411348	-5.17021276595745
			6.38297872340426	-5.17375886524823
			6.38652482269504	-5.17730496453901
			6.39007092198582	-5.18085106382979
			6.3936170212766	-5.18085106382979
			6.39716312056738	-5.18439716312057
			6.40070921985816	-5.18794326241135
			6.40425531914894	-5.18794326241135
			6.40780141843972	-5.19148936170213
			6.4113475177305	-5.19148936170213
			6.4113475177305	-5.19503546099291
			6.41489361702128	-5.19858156028369
			6.41843971631206	-5.19858156028369
			6.42198581560284	-5.20212765957447
			6.42553191489362	-5.20567375886525
			6.4290780141844	-5.20567375886525
			6.43262411347518	-5.20921985815603
			6.43617021276596	-5.21276595744681
			6.43971631205674	-5.21276595744681
			6.44326241134752	-5.21631205673759
			6.44326241134752	-5.21985815602837
			6.4468085106383	-5.21985815602837
			6.45035460992908	-5.22340425531915
			6.45390070921986	-5.22695035460993
			6.45744680851064	-5.22695035460993
			6.46099290780142	-5.23049645390071
			6.4645390070922	-5.23404255319149
			6.46808510638298	-5.23404255319149
			6.47163120567376	-5.23758865248227
			6.47517730496454	-5.24113475177305
			6.47872340425532	-5.24468085106383
			6.4822695035461	-5.24468085106383
			6.48581560283688	-5.24822695035461
			6.48936170212766	-5.25177304964539
			6.49290780141844	-5.25177304964539
			6.49645390070922	-5.25531914893617
			6.5	-5.25886524822695
			6.50354609929078	-5.26241134751773
			6.50709219858156	-5.26241134751773
			6.51063829787234	-5.26595744680851
			6.51418439716312	-5.26950354609929
			6.5177304964539	-5.26950354609929
			6.52127659574468	-5.27304964539007
			6.52482269503546	-5.27659574468085
			6.52836879432624	-5.28014184397163
			6.53191489361702	-5.28014184397163
			6.5354609929078	-5.28368794326241
			6.53900709219858	-5.28723404255319
			6.54255319148936	-5.29078014184397
			6.54609929078014	-5.29078014184397
			6.54964539007092	-5.29432624113475
			6.5531914893617	-5.29787234042553
			6.55673758865248	-5.29787234042553
			6.56028368794326	-5.30141843971631
			6.56382978723404	-5.30496453900709
			6.56737588652482	-5.30851063829787
			6.5709219858156	-5.30851063829787
			6.57446808510638	-5.31205673758865
			6.57801418439716	-5.31205673758865
			6.58156028368794	-5.31560283687943
			6.58510638297872	-5.31914893617021
			6.5886524822695	-5.32269503546099
			6.59219858156028	-5.32269503546099
			6.59574468085106	-5.32624113475177
			6.59929078014184	-5.32978723404255
			6.60283687943262	-5.32978723404255
			6.6063829787234	-5.33333333333333
			6.60992907801418	-5.33687943262411
			6.61347517730496	-5.33687943262411
			6.61702127659574	-5.34042553191489
			6.62056737588652	-5.34397163120567
			6.6241134751773	-5.34751773049645
			6.62765957446809	-5.34751773049645
			6.63120567375887	-5.35106382978723
			6.63475177304965	-5.35460992907801
			6.63829787234043	-5.35460992907801
			6.64184397163121	-5.35815602836879
			6.64539007092199	-5.36170212765957
			6.64893617021277	-5.36170212765957
			6.65248226950355	-5.36524822695035
			6.65602836879433	-5.36879432624113
			6.65957446808511	-5.37234042553191
			6.66312056737589	-5.37234042553191
			6.66666666666667	-5.3758865248227
			6.67021276595745	-5.37943262411348
			6.67375886524823	-5.38297872340426
			6.67730496453901	-5.38297872340426
			6.68085106382979	-5.38652482269504
			6.68439716312057	-5.39007092198582
			6.68794326241135	-5.39007092198582
			6.69148936170213	-5.3936170212766
			6.69503546099291	-5.39716312056738
			6.69858156028369	-5.39716312056738
			6.70212765957447	-5.40070921985816
			6.70567375886525	-5.40070921985816
			6.70921985815603	-5.40425531914894
			6.70921985815603	-5.40780141843972
			6.71276595744681	-5.40780141843972
			6.71631205673759	-5.4113475177305
			6.71985815602837	-5.4113475177305
			6.72340425531915	-5.41489361702128
			6.72695035460993	-5.41843971631206
			6.73049645390071	-5.41843971631206
			6.73404255319149	-5.42198581560284
			6.73758865248227	-5.42553191489362
			6.74113475177305	-5.42553191489362
			6.74468085106383	-5.4290780141844
			6.74822695035461	-5.43262411347518
			6.75177304964539	-5.43262411347518
			6.75531914893617	-5.43617021276596
			6.75886524822695	-5.43971631205674
			6.76241134751773	-5.43971631205674
			6.76595744680851	-5.44326241134752
			6.76950354609929	-5.4468085106383
			6.77304964539007	-5.4468085106383
			6.77659574468085	-5.45035460992908
			6.78014184397163	-5.45390070921986
			6.78368794326241	-5.45390070921986
			6.78723404255319	-5.45744680851064
			6.79078014184397	-5.46099290780142
			6.79432624113475	-5.4645390070922
			6.79787234042553	-5.4645390070922
			6.80141843971631	-5.46808510638298
			6.80496453900709	-5.47163120567376
			6.80851063829787	-5.47163120567376
			6.81205673758865	-5.47517730496454
			6.81560283687943	-5.47872340425532
			6.81914893617021	-5.47872340425532
			6.82269503546099	-5.4822695035461
			6.82624113475177	-5.48581560283688
			6.82978723404255	-5.48581560283688
			6.83333333333333	-5.48936170212766
			6.83687943262411	-5.49290780141844
			6.84042553191489	-5.49645390070922
			6.84397163120567	-5.49645390070922
			6.84751773049645	-5.5
			6.85106382978723	-5.50354609929078
			6.85460992907801	-5.50354609929078
			6.85815602836879	-5.50709219858156
			6.86170212765957	-5.51063829787234
			6.86524822695035	-5.51418439716312
			6.86879432624113	-5.51418439716312
			6.87234042553191	-5.5177304964539
			6.8758865248227	-5.52127659574468
			6.87943262411348	-5.52127659574468
			6.88297872340426	-5.52482269503546
			6.88652482269504	-5.52836879432624
			6.89007092198582	-5.52836879432624
			6.8936170212766	-5.53191489361702
			6.89716312056738	-5.5354609929078
			6.90070921985816	-5.5354609929078
			6.90425531914894	-5.53900709219858
			6.90780141843972	-5.53900709219858
			6.90780141843972	-5.54255319148936
			6.9113475177305	-5.54255319148936
			6.91489361702128	-5.54609929078014
			6.91843971631206	-5.54609929078014
			6.92198581560284	-5.54964539007092
			6.92553191489362	-5.5531914893617
			6.9290780141844	-5.55673758865248
			6.93262411347518	-5.55673758865248
			6.93617021276596	-5.56028368794326
			6.93971631205674	-5.56382978723404
			6.94326241134752	-5.56382978723404
			6.9468085106383	-5.56737588652482
			6.95035460992908	-5.5709219858156
			6.95390070921986	-5.5709219858156
			6.95744680851064	-5.57446808510638
			6.96099290780142	-5.57446808510638
			6.9645390070922	-5.57801418439716
			6.96808510638298	-5.58156028368794
			6.97163120567376	-5.58156028368794
			6.97517730496454	-5.58510638297872
			6.97872340425532	-5.5886524822695
			6.9822695035461	-5.5886524822695
			6.98581560283688	-5.59219858156028
			6.98936170212766	-5.59574468085106
			6.99290780141844	-5.59574468085106
			6.99645390070922	-5.59929078014184
			7	-5.60283687943262
			7.00354609929078	-5.6063829787234
			7.00709219858156	-5.60992907801418
			7.01063829787234	-5.60992907801418
			7.01418439716312	-5.60992907801418
			7.01418439716312	-5.61347517730496
			7.0177304964539	-5.61347517730496
			7.02127659574468	-5.61702127659574
			7.02482269503546	-5.61702127659574
			7.02482269503546	-5.62056737588652
			7.02836879432624	-5.62056737588652
			7.03191489361702	-5.6241134751773
			7.0354609929078	-5.62765957446809
			7.03900709219858	-5.62765957446809
			7.04255319148936	-5.63120567375887
			7.04609929078014	-5.63475177304965
			7.04964539007092	-5.63475177304965
			7.0531914893617	-5.63829787234043
			7.05673758865248	-5.64184397163121
			7.06028368794326	-5.64539007092199
			7.06382978723404	-5.64539007092199
			7.06737588652482	-5.64893617021277
			7.0709219858156	-5.65248226950355
			7.07446808510638	-5.65248226950355
			7.07801418439716	-5.65602836879433
			7.08156028368794	-5.65957446808511
			7.08510638297872	-5.65957446808511
			7.0886524822695	-5.66312056737589
			7.09219858156028	-5.66312056737589
			7.09219858156028	-5.66666666666667
			7.09574468085106	-5.66666666666667
			7.09929078014184	-5.67021276595745
			7.10283687943262	-5.67021276595745
			7.1063829787234	-5.67375886524823
			7.10992907801418	-5.67730496453901
			7.11347517730496	-5.68085106382979
			7.11702127659574	-5.68085106382979
			7.12056737588652	-5.68439716312057
			7.1241134751773	-5.68439716312057
			7.12765957446809	-5.68794326241135
			7.13120567375887	-5.69148936170213
			7.13475177304965	-5.69148936170213
			7.13829787234043	-5.69503546099291
			7.14184397163121	-5.69858156028369
			7.14539007092199	-5.69858156028369
			7.14893617021277	-5.70212765957447
			7.15248226950355	-5.70212765957447
			7.15248226950355	-5.70567375886525
			7.15602836879433	-5.70921985815603
			7.15957446808511	-5.70921985815603
			7.16312056737589	-5.71276595744681
			7.16666666666667	-5.71631205673759
			7.17021276595745	-5.71631205673759
			7.17375886524823	-5.71985815602837
			7.17730496453901	-5.72340425531915
			7.18085106382979	-5.72340425531915
			7.18439716312057	-5.72695035460993
			7.18794326241135	-5.73049645390071
			7.19148936170213	-5.73049645390071
			7.19503546099291	-5.73404255319149
			7.19858156028369	-5.73758865248227
			7.20212765957447	-5.73758865248227
			7.20567375886525	-5.74113475177305
			7.20921985815603	-5.74113475177305
			7.21276595744681	-5.74468085106383
			7.21631205673759	-5.74822695035461
			7.21985815602837	-5.74822695035461
			7.22340425531915	-5.75177304964539
			7.22695035460993	-5.75531914893617
			7.23049645390071	-5.75531914893617
			7.23404255319149	-5.75886524822695
			7.23758865248227	-5.76241134751773
			7.24113475177305	-5.76241134751773
			7.24468085106383	-5.76595744680851
			7.24822695035461	-5.76950354609929
			7.25177304964539	-5.76950354609929
			7.25531914893617	-5.77304964539007
			7.25886524822695	-5.77659574468085
			7.26241134751773	-5.77659574468085
			7.26595744680851	-5.78014184397163
			7.26950354609929	-5.78368794326241
			7.27304964539007	-5.78368794326241
			7.27659574468085	-5.78723404255319
			7.28014184397163	-5.79078014184397
			7.28368794326241	-5.79078014184397
			7.28723404255319	-5.79432624113475
			7.29078014184397	-5.79787234042553
			7.29432624113475	-5.79787234042553
			7.29787234042553	-5.80141843971631
			7.30141843971631	-5.80496453900709
			7.30496453900709	-5.80851063829787
			7.30851063829787	-5.80851063829787
			7.31205673758865	-5.81205673758865
			7.31560283687943	-5.81560283687943
			7.31914893617021	-5.81560283687943
			7.32269503546099	-5.81914893617021
			7.32624113475177	-5.81914893617021
			7.32978723404255	-5.82269503546099
			7.33333333333333	-5.82624113475177
			7.33687943262411	-5.82624113475177
			7.34042553191489	-5.82978723404255
			7.34397163120567	-5.83333333333333
			7.34751773049645	-5.83333333333333
			7.35106382978723	-5.83687943262411
			7.35460992907801	-5.83687943262411
			7.35460992907801	-5.84042553191489
			7.35815602836879	-5.84042553191489
			7.36170212765957	-5.84397163120567
			7.36524822695035	-5.84397163120567
			7.36524822695035	-5.84751773049645
			7.36879432624113	-5.84751773049645
			7.37234042553191	-5.85106382978723
			7.3758865248227	-5.85106382978723
			7.3758865248227	-5.85460992907801
			7.37943262411348	-5.85460992907801
			7.38297872340426	-5.85815602836879
			7.38652482269504	-5.85815602836879
			7.38652482269504	-5.86170212765957
			7.39007092198582	-5.86170212765957
			7.3936170212766	-5.86524822695035
			7.39716312056738	-5.86524822695035
			7.39716312056738	-5.86879432624113
			7.40070921985816	-5.86879432624113
			7.40425531914894	-5.87234042553191
			7.40780141843972	-5.87234042553191
			7.4113475177305	-5.8758865248227
			7.41489361702128	-5.87943262411348
			7.41843971631206	-5.87943262411348
			7.42198581560284	-5.88297872340426
			7.42553191489362	-5.88652482269504
			7.4290780141844	-5.88652482269504
			7.43262411347518	-5.89007092198582
			7.43617021276596	-5.8936170212766
			7.43971631205674	-5.8936170212766
			7.44326241134752	-5.89716312056738
			7.4468085106383	-5.89716312056738
			7.4468085106383	-5.90070921985816
			7.45035460992908	-5.90425531914894
			7.45390070921986	-5.90425531914894
			7.45744680851064	-5.90780141843972
			7.46099290780142	-5.90780141843972
			7.4645390070922	-5.9113475177305
			7.46808510638298	-5.91489361702128
			7.47163120567376	-5.91489361702128
			7.47517730496454	-5.91843971631206
			7.47872340425532	-5.92198581560284
			7.4822695035461	-5.92198581560284
			7.48581560283688	-5.92553191489362
			7.48936170212766	-5.92553191489362
			7.49290780141844	-5.9290780141844
			7.49645390070922	-5.93262411347518
			7.5	-5.93262411347518
			7.50354609929078	-5.93617021276596
			7.50709219858156	-5.93971631205674
			7.51063829787234	-5.93971631205674
			7.51418439716312	-5.94326241134752
			7.5177304964539	-5.9468085106383
			7.52127659574468	-5.9468085106383
			7.52482269503546	-5.95035460992908
			7.52836879432624	-5.95390070921986
			7.53191489361702	-5.95744680851064
			7.5354609929078	-5.95744680851064
			7.53900709219858	-5.95744680851064
			7.53900709219858	-5.96099290780142
			7.54255319148936	-5.96099290780142
			7.54609929078014	-5.9645390070922
			7.54964539007092	-5.96808510638298
			7.5531914893617	-5.97163120567376
			7.55673758865248	-5.97163120567376
			7.56028368794326	-5.97517730496454
			7.56382978723404	-5.97517730496454
			7.56737588652482	-5.97872340425532
			7.5709219858156	-5.97872340425532
			7.57446808510638	-5.9822695035461
			7.57446808510638	-5.98581560283688
			7.57801418439716	-5.98581560283688
			7.58156028368794	-5.98936170212766
			7.58510638297872	-5.98936170212766
			7.5886524822695	-5.99290780141844
			7.59219858156028	-5.99290780141844
			7.59574468085106	-5.99645390070922
			7.59929078014184	-6
			7.60283687943262	-6.00354609929078
			7.6063829787234	-6.00354609929078
			7.60992907801418	-6.00709219858156
			7.61347517730496	-6.01063829787234
			7.61702127659574	-6.01063829787234
			7.62056737588652	-6.01418439716312
			7.6241134751773	-6.0177304964539
			7.62765957446809	-6.0177304964539
			7.63120567375887	-6.02127659574468
			7.63475177304965	-6.02482269503546
			7.63829787234043	-6.02482269503546
			7.64184397163121	-6.02836879432624
			7.64539007092199	-6.02836879432624
			7.64893617021277	-6.03191489361702
			7.65248226950355	-6.0354609929078
			7.65602836879433	-6.0354609929078
			7.65957446808511	-6.03900709219858
			7.66312056737589	-6.04255319148936
			7.66666666666667	-6.04255319148936
			7.67021276595745	-6.04609929078014
			7.67375886524823	-6.04609929078014
			7.67730496453901	-6.04964539007092
			7.68085106382979	-6.0531914893617
			7.68439716312057	-6.05673758865248
			7.68794326241135	-6.06028368794326
			7.69148936170213	-6.06028368794326
			7.69503546099291	-6.06028368794326
			7.69503546099291	-6.06382978723404
			7.69858156028369	-6.06382978723404
			7.70212765957447	-6.06737588652482
			7.70567375886525	-6.0709219858156
			7.70921985815603	-6.0709219858156
			7.71276595744681	-6.07446808510638
			7.71631205673759	-6.07446808510638
			7.71985815602837	-6.07801418439716
			7.72340425531915	-6.07801418439716
			7.72340425531915	-6.08156028368794
			7.72695035460993	-6.08510638297872
			7.73049645390071	-6.08510638297872
			7.73404255319149	-6.0886524822695
			7.73758865248227	-6.0886524822695
			7.73758865248227	-6.09219858156028
			7.74113475177305	-6.09219858156028
			7.74468085106383	-6.09574468085106
			7.74822695035461	-6.09574468085106
			7.75177304964539	-6.09929078014184
			7.75531914893617	-6.10283687943262
			7.75886524822695	-6.10283687943262
			7.76241134751773	-6.1063829787234
			7.76595744680851	-6.10992907801418
			7.76950354609929	-6.10992907801418
			7.77304964539007	-6.11347517730496
			7.77659574468085	-6.11702127659574
			7.78014184397163	-6.11702127659574
			7.78368794326241	-6.12056737588652
			7.78723404255319	-6.12056737588652
			7.79078014184397	-6.1241134751773
			7.79432624113475	-6.12765957446809
			7.79787234042553	-6.12765957446809
			7.80141843971631	-6.13120567375887
			7.80496453900709	-6.13475177304965
			7.80851063829787	-6.13475177304965
			7.81205673758865	-6.13829787234043
			7.81560283687943	-6.14184397163121
			7.81914893617021	-6.14184397163121
			7.82269503546099	-6.14539007092199
			7.82624113475177	-6.14893617021277
			7.82978723404255	-6.14893617021277
			7.83333333333333	-6.15248226950355
			7.83687943262411	-6.15248226950355
			7.84042553191489	-6.15602836879433
			7.84397163120567	-6.15957446808511
			7.84751773049645	-6.15957446808511
			7.85106382978723	-6.16312056737589
			7.85460992907801	-6.16666666666667
			7.85815602836879	-6.16666666666667
			7.86170212765957	-6.17021276595745
			7.86524822695035	-6.17375886524823
			7.86879432624113	-6.17375886524823
			7.87234042553191	-6.17730496453901
			7.8758865248227	-6.18085106382979
			7.87943262411348	-6.18085106382979
			7.88297872340426	-6.18439716312057
			7.88652482269504	-6.18794326241135
			7.89007092198582	-6.18794326241135
			7.8936170212766	-6.19148936170213
			7.89716312056738	-6.19503546099291
			7.90070921985816	-6.19503546099291
			7.90425531914894	-6.19858156028369
			7.90780141843972	-6.20212765957447
			7.9113475177305	-6.20212765957447
			7.91489361702128	-6.20567375886525
			7.91843971631206	-6.20921985815603
			7.92198581560284	-6.20921985815603
			7.92553191489362	-6.21276595744681
			7.9290780141844	-6.21276595744681
			7.93262411347518	-6.21631205673759
			7.93617021276596	-6.21985815602837
			7.93971631205674	-6.21985815602837
			7.94326241134752	-6.22340425531915
			7.9468085106383	-6.22695035460993
			7.95035460992908	-6.22695035460993
			7.95390070921986	-6.23049645390071
			7.95744680851064	-6.23404255319149
			7.96099290780142	-6.23404255319149
			7.9645390070922	-6.23758865248227
			7.96808510638298	-6.24113475177305
			7.97163120567376	-6.24113475177305
			7.97517730496454	-6.24468085106383
			7.97872340425532	-6.24468085106383
			7.97872340425532	-6.24822695035461
			7.9822695035461	-6.24822695035461
			7.98581560283688	-6.24822695035461
			7.98581560283688	-6.25177304964539
			7.98936170212766	-6.25177304964539
			7.98936170212766	-6.25531914893617
			7.99290780141844	-6.25531914893617
			7.99645390070922	-6.25886524822695
			8	-6.25886524822695
			8.00354609929078	-6.26241134751773
			8.00709219858156	-6.26595744680851
			8.01063829787234	-6.26595744680851
			8.01418439716312	-6.26950354609929
			8.0177304964539	-6.26950354609929
			8.0177304964539	-6.27304964539007
			8.02127659574468	-6.27304964539007
			8.02482269503546	-6.27659574468085
			8.02836879432624	-6.27659574468085
			8.03191489361702	-6.28014184397163
			8.0354609929078	-6.28368794326241
			8.03900709219858	-6.28368794326241
			8.04255319148936	-6.28723404255319
			8.04609929078014	-6.29078014184397
			8.04964539007092	-6.29078014184397
			8.0531914893617	-6.29432624113475
			8.05673758865248	-6.29787234042553
			8.06028368794326	-6.30141843971631
			8.06382978723404	-6.30141843971631
			8.06737588652482	-6.30496453900709
			8.0709219858156	-6.30496453900709
			8.07446808510638	-6.30851063829787
			8.07801418439716	-6.31205673758865
			8.08156028368794	-6.31205673758865
			8.08510638297872	-6.31560283687943
			8.0886524822695	-6.31560283687943
			8.0886524822695	-6.31914893617021
			8.09219858156028	-6.31914893617021
			8.09574468085106	-6.32269503546099
			8.09929078014184	-6.32269503546099
			8.10283687943262	-6.32624113475177
			8.1063829787234	-6.32978723404255
			8.10992907801418	-6.32978723404255
			8.11347517730496	-6.33333333333333
			8.11702127659574	-6.33687943262411
			8.12056737588652	-6.33687943262411
			8.1241134751773	-6.34042553191489
			8.12765957446809	-6.34397163120567
			8.13120567375887	-6.34397163120567
			8.13475177304965	-6.34751773049645
			8.13829787234043	-6.34751773049645
			8.14184397163121	-6.35106382978723
			8.14539007092199	-6.35460992907801
			8.14893617021277	-6.35460992907801
			8.15248226950355	-6.35815602836879
			8.15602836879433	-6.36170212765957
			8.15957446808511	-6.36170212765957
			8.16312056737589	-6.36524822695035
			8.16666666666667	-6.36524822695035
			8.17021276595745	-6.36879432624113
			8.17375886524823	-6.37234042553191
			8.17730496453901	-6.37234042553191
			8.18085106382979	-6.3758865248227
			8.18439716312057	-6.37943262411348
			8.18794326241135	-6.37943262411348
			8.18794326241135	-6.38297872340426
			8.19148936170213	-6.38297872340426
			8.19503546099291	-6.38652482269504
			8.19858156028369	-6.39007092198582
			8.20212765957447	-6.39007092198582
			8.20567375886525	-6.3936170212766
			8.20921985815603	-6.39716312056738
			8.21276595744681	-6.39716312056738
			8.21631205673759	-6.40070921985816
			8.21985815602837	-6.40425531914894
			8.22340425531915	-6.40425531914894
			8.22695035460993	-6.40780141843972
			8.23049645390071	-6.40780141843972
			8.23404255319149	-6.4113475177305
			8.23758865248227	-6.41489361702128
			8.24113475177305	-6.41489361702128
			8.24468085106383	-6.41843971631206
			8.24822695035461	-6.42198581560284
			8.25177304964539	-6.42198581560284
			8.25531914893617	-6.42553191489362
			8.25886524822695	-6.4290780141844
			8.26241134751773	-6.4290780141844
			8.26595744680851	-6.43262411347518
			8.26950354609929	-6.43617021276596
			8.27304964539007	-6.43617021276596
			8.27659574468085	-6.43971631205674
			8.28014184397163	-6.43971631205674
			8.28368794326241	-6.44326241134752
			8.28723404255319	-6.4468085106383
			8.29078014184397	-6.4468085106383
			8.29432624113475	-6.45035460992908
			8.29787234042553	-6.45390070921986
			8.30141843971631	-6.45390070921986
			8.30496453900709	-6.45744680851064
			8.30851063829787	-6.46099290780142
			8.31205673758865	-6.46099290780142
			8.31560283687943	-6.4645390070922
			8.31914893617021	-6.46808510638298
			8.32269503546099	-6.46808510638298
			8.32624113475177	-6.47163120567376
			8.32978723404255	-6.47163120567376
			8.33333333333333	-6.47517730496454
			8.33687943262411	-6.47872340425532
			8.34042553191489	-6.47872340425532
			8.34397163120567	-6.4822695035461
			8.34751773049645	-6.48581560283688
			8.35106382978723	-6.48581560283688
			8.35460992907801	-6.48936170212766
			8.35815602836879	-6.49290780141844
			8.36170212765957	-6.49290780141844
			8.36524822695035	-6.49645390070922
			8.36879432624113	-6.49645390070922
			8.37234042553191	-6.5
			8.3758865248227	-6.50354609929078
			8.37943262411348	-6.50354609929078
			8.38297872340426	-6.50709219858156
			8.38652482269504	-6.51063829787234
			8.39007092198582	-6.51063829787234
			8.3936170212766	-6.51418439716312
			8.39716312056738	-6.5177304964539
			8.40070921985816	-6.5177304964539
			8.40425531914894	-6.52127659574468
			8.40780141843972	-6.52127659574468
			8.4113475177305	-6.52482269503546
			8.41489361702128	-6.52482269503546
			8.41489361702128	-6.52836879432624
			8.41843971631206	-6.53191489361702
			8.42198581560284	-6.53191489361702
			8.42553191489362	-6.5354609929078
			8.4290780141844	-6.5354609929078
			8.43262411347518	-6.53900709219858
			8.43617021276596	-6.53900709219858
			8.43971631205674	-6.54255319148936
			8.44326241134752	-6.54609929078014
			8.4468085106383	-6.54964539007092
			8.45035460992908	-6.54964539007092
			8.45390070921986	-6.5531914893617
			8.45744680851064	-6.5531914893617
			8.45744680851064	-6.55673758865248
			8.46099290780142	-6.55673758865248
			8.4645390070922	-6.55673758865248
			8.4645390070922	-6.56028368794326
			8.46808510638298	-6.56028368794326
			8.47163120567376	-6.56382978723404
			8.47517730496454	-6.56737588652482
			8.47872340425532	-6.56737588652482
			8.4822695035461	-6.5709219858156
			8.48581560283688	-6.5709219858156
			8.48936170212766	-6.57446808510638
			8.49290780141844	-6.57801418439716
			8.49645390070922	-6.57801418439716
			8.5	-6.58156028368794
			8.50354609929078	-6.58510638297872
			8.50709219858156	-6.58510638297872
			8.51063829787234	-6.5886524822695
			8.51418439716312	-6.59219858156028
			8.5177304964539	-6.59219858156028
			8.52127659574468	-6.59574468085106
			8.52482269503546	-6.59574468085106
			8.52836879432624	-6.59929078014184
			8.53191489361702	-6.60283687943262
			8.5354609929078	-6.6063829787234
			8.53900709219858	-6.6063829787234
			8.54255319148936	-6.60992907801418
			8.54609929078014	-6.61347517730496
			8.54964539007092	-6.61347517730496
			8.5531914893617	-6.61702127659574
			8.55673758865248	-6.61702127659574
			8.55673758865248	-6.62056737588652
			8.56028368794326	-6.62056737588652
			8.56382978723404	-6.6241134751773
			8.56737588652482	-6.6241134751773
			8.5709219858156	-6.62765957446809
			8.57446808510638	-6.62765957446809
			8.57446808510638	-6.63120567375887
			8.57801418439716	-6.63120567375887
			8.58156028368794	-6.63475177304965
			8.58510638297872	-6.63475177304965
			8.5886524822695	-6.63829787234043
			8.59219858156028	-6.63829787234043
			8.59219858156028	-6.64184397163121
			8.59574468085106	-6.64184397163121
			8.59929078014184	-6.64539007092199
			8.60283687943262	-6.64893617021277
			8.6063829787234	-6.64893617021277
			8.60992907801418	-6.65248226950355
			8.61347517730496	-6.65602836879433
			8.61702127659574	-6.65602836879433
			8.62056737588652	-6.65957446808511
			8.6241134751773	-6.66312056737589
			8.62765957446809	-6.66312056737589
			8.63120567375887	-6.66666666666667
			8.63475177304965	-6.67021276595745
			8.63829787234043	-6.67021276595745
			8.64184397163121	-6.67375886524823
			8.64539007092199	-6.67375886524823
			8.64893617021277	-6.67730496453901
			8.65248226950355	-6.68085106382979
			8.65602836879433	-6.68085106382979
			8.65957446808511	-6.68439716312057
			8.66312056737589	-6.68794326241135
			8.66666666666667	-6.68794326241135
			8.67021276595745	-6.69148936170213
			8.67375886524823	-6.69503546099291
			8.67730496453901	-6.69503546099291
			8.68085106382979	-6.69858156028369
			8.68439716312057	-6.70212765957447
			8.68794326241135	-6.70212765957447
			8.69148936170213	-6.70567375886525
			8.69503546099291	-6.70567375886525
			8.69858156028369	-6.70921985815603
			8.70212765957447	-6.71276595744681
			8.70567375886525	-6.71276595744681
			8.70921985815603	-6.71631205673759
			8.71276595744681	-6.71985815602837
			8.71631205673759	-6.71985815602837
			8.71985815602837	-6.72340425531915
			8.72340425531915	-6.72695035460993
			8.72695035460993	-6.72695035460993
			8.73049645390071	-6.72695035460993
			8.73049645390071	-6.73049645390071
			8.73404255319149	-6.73049645390071
			8.73758865248227	-6.73404255319149
			8.74113475177305	-6.73404255319149
			8.74468085106383	-6.73758865248227
			8.74822695035461	-6.74113475177305
			8.75177304964539	-6.74468085106383
			8.75531914893617	-6.74468085106383
			8.75886524822695	-6.74822695035461
			8.76241134751773	-6.74822695035461
			8.76241134751773	-6.75177304964539
			8.76595744680851	-6.75177304964539
			8.76950354609929	-6.75531914893617
			8.77304964539007	-6.75531914893617
			8.77304964539007	-6.75886524822695
			8.77659574468085	-6.75886524822695
			8.78014184397163	-6.76241134751773
			8.78368794326241	-6.76241134751773
			8.78723404255319	-6.76595744680851
			8.79078014184397	-6.76595744680851
			8.79432624113475	-6.76950354609929
			8.79787234042553	-6.77304964539007
			8.80141843971631	-6.77304964539007
			8.80496453900709	-6.77659574468085
			8.80851063829787	-6.78014184397163
			8.81205673758865	-6.78368794326241
			8.81560283687943	-6.78368794326241
			8.81914893617021	-6.78368794326241
			8.81914893617021	-6.78723404255319
			8.82269503546099	-6.78723404255319
			8.82624113475177	-6.79078014184397
			8.82978723404255	-6.79078014184397
			8.83333333333333	-6.79432624113475
			8.83687943262411	-6.79787234042553
			8.84042553191489	-6.79787234042553
			8.84397163120567	-6.80141843971631
			8.84751773049645	-6.80496453900709
			8.85106382978723	-6.80496453900709
			8.85460992907801	-6.80851063829787
			8.85815602836879	-6.81205673758865
			8.86170212765957	-6.81205673758865
			8.86524822695035	-6.81560283687943
			8.86879432624113	-6.81560283687943
			8.87234042553191	-6.81914893617021
			8.8758865248227	-6.82269503546099
			8.87943262411348	-6.82269503546099
			8.88297872340426	-6.82624113475177
			8.88652482269504	-6.82978723404255
			8.89007092198582	-6.82978723404255
			8.8936170212766	-6.83333333333333
			8.89716312056738	-6.83687943262411
			8.90070921985816	-6.83687943262411
			8.90425531914894	-6.84042553191489
			8.90780141843972	-6.84042553191489
			8.90780141843972	-6.84397163120567
			8.9113475177305	-6.84397163120567
			8.91489361702128	-6.84751773049645
			8.91843971631206	-6.84751773049645
			8.92198581560284	-6.85106382978723
			8.92553191489362	-6.85106382978723
			8.92553191489362	-6.85460992907801
			8.9290780141844	-6.85460992907801
			8.93262411347518	-6.85815602836879
			8.93617021276596	-6.86170212765957
			8.93971631205674	-6.86170212765957
			8.93971631205674	-6.86524822695035
			8.94326241134752	-6.86524822695035
			8.9468085106383	-6.86879432624113
			8.95035460992908	-6.86879432624113
			8.95390070921986	-6.87234042553191
			8.95744680851064	-6.87234042553191
			8.95744680851064	-6.8758865248227
			8.96099290780142	-6.8758865248227
			8.9645390070922	-6.87943262411348
			8.96808510638298	-6.87943262411348
			8.97163120567376	-6.88297872340426
			8.97517730496454	-6.88297872340426
			8.97517730496454	-6.88652482269504
			8.97872340425532	-6.88652482269504
			8.9822695035461	-6.89007092198582
			8.98581560283688	-6.89007092198582
			8.98936170212766	-6.8936170212766
			8.99290780141844	-6.89716312056738
			8.99645390070922	-6.90070921985816
			9	-6.90070921985816
			9.00354609929078	-6.90425531914894
			9.00709219858156	-6.90780141843972
			9.01063829787234	-6.90780141843972
			9.01418439716312	-6.9113475177305
			9.0177304964539	-6.9113475177305
			9.02127659574468	-6.91489361702128
			9.02482269503546	-6.91843971631206
			9.02836879432624	-6.91843971631206
			9.03191489361702	-6.92198581560284
			9.0354609929078	-6.92553191489362
			9.03900709219858	-6.92553191489362
			9.04255319148936	-6.9290780141844
			9.04609929078014	-6.93262411347518
			9.04964539007092	-6.93262411347518
			9.0531914893617	-6.93617021276596
			9.05673758865248	-6.93617021276596
			9.06028368794326	-6.93971631205674
			9.06382978723404	-6.94326241134752
			9.06737588652482	-6.94326241134752
			9.0709219858156	-6.9468085106383
			9.07446808510638	-6.95035460992908
			9.07801418439716	-6.95035460992908
			9.08156028368794	-6.95390070921986
			9.08510638297872	-6.95744680851064
			9.0886524822695	-6.95744680851064
			9.09219858156028	-6.96099290780142
			9.09574468085106	-6.9645390070922
			9.09929078014184	-6.9645390070922
			9.10283687943262	-6.96808510638298
			9.1063829787234	-6.96808510638298
			9.10992907801418	-6.97163120567376
			9.11347517730496	-6.97163120567376
			9.11347517730496	-6.97517730496454
			9.11702127659574	-6.97517730496454
			9.12056737588652	-6.97517730496454
			9.12056737588652	-6.97872340425532
			9.1241134751773	-6.97872340425532
			9.1241134751773	-6.9822695035461
			9.12765957446809	-6.9822695035461
			9.13120567375887	-6.9822695035461
			9.13120567375887	-6.98581560283688
			9.13475177304965	-6.98581560283688
			9.13475177304965	-6.98936170212766
			9.13829787234043	-6.98936170212766
			9.14184397163121	-6.98936170212766
			9.14184397163121	-6.99290780141844
			9.14539007092199	-6.99290780141844
			9.14893617021277	-6.99645390070922
			9.15248226950355	-7
			9.15602836879433	-7
			9.15957446808511	-7.00354609929078
			9.16312056737589	-7.00354609929078
			9.16312056737589	-7.00709219858156
			9.16666666666667	-7.00709219858156
			9.17021276595745	-7.00709219858156
			9.17375886524823	-7.01063829787234
			9.17730496453901	-7.01418439716312
			9.18085106382979	-7.0177304964539
			9.18439716312057	-7.0177304964539
			9.18794326241135	-7.02127659574468
			9.19148936170213	-7.02127659574468
			9.19503546099291	-7.02482269503546
			9.19858156028369	-7.02836879432624
			9.20212765957447	-7.02836879432624
			9.20567375886525	-7.03191489361702
			9.20921985815603	-7.03191489361702
			9.20921985815603	-7.0354609929078
			9.21276595744681	-7.0354609929078
			9.21631205673759	-7.03900709219858
			9.21985815602837	-7.04255319148936
			9.22340425531915	-7.04255319148936
			9.22695035460993	-7.04609929078014
			9.23049645390071	-7.04609929078014
			9.23404255319149	-7.04964539007092
			9.23758865248227	-7.04964539007092
			9.24113475177305	-7.0531914893617
			9.24113475177305	-7.05673758865248
			9.24468085106383	-7.05673758865248
			9.24822695035461	-7.06028368794326
			9.25177304964539	-7.06028368794326
			9.25531914893617	-7.06382978723404
			9.25886524822695	-7.06382978723404
			9.26241134751773	-7.06737588652482
			9.26595744680851	-7.0709219858156
			9.26950354609929	-7.0709219858156
			9.27304964539007	-7.07446808510638
			9.27659574468085	-7.07801418439716
			9.28014184397163	-7.08156028368794
			9.28368794326241	-7.08156028368794
			9.28723404255319	-7.08510638297872
			9.29078014184397	-7.08510638297872
			9.29432624113475	-7.0886524822695
			9.29787234042553	-7.09219858156028
			9.30141843971631	-7.09219858156028
			9.30496453900709	-7.09574468085106
			9.30851063829787	-7.09574468085106
			9.31205673758865	-7.09929078014184
			9.31560283687943	-7.10283687943262
			9.31914893617021	-7.10283687943262
			9.32269503546099	-7.1063829787234
			9.32624113475177	-7.1063829787234
			9.32978723404255	-7.10992907801418
			9.33333333333333	-7.11347517730496
			9.33687943262411	-7.11347517730496
			9.34042553191489	-7.11702127659574
			9.34397163120567	-7.11702127659574
			9.34751773049645	-7.12056737588652
			9.35106382978723	-7.1241134751773
			9.35460992907801	-7.12765957446809
			9.35815602836879	-7.12765957446809
			9.36170212765957	-7.13120567375887
			9.36524822695035	-7.13475177304965
			9.36879432624113	-7.13475177304965
			9.37234042553191	-7.13829787234043
			9.3758865248227	-7.13829787234043
			9.3758865248227	-7.14184397163121
			9.37943262411348	-7.14184397163121
			9.38297872340426	-7.14539007092199
			9.38652482269504	-7.14539007092199
			9.39007092198582	-7.14893617021277
			9.3936170212766	-7.14893617021277
			9.3936170212766	-7.15248226950355
			9.39716312056738	-7.15248226950355
			9.40070921985816	-7.15602836879433
			9.40425531914894	-7.15602836879433
			9.40780141843972	-7.15957446808511
			9.4113475177305	-7.16312056737589
			9.41489361702128	-7.16666666666667
			9.41843971631206	-7.16666666666667
			9.42198581560284	-7.17021276595745
			9.42553191489362	-7.17021276595745
			9.4290780141844	-7.17375886524823
			9.43262411347518	-7.17730496453901
			9.43617021276596	-7.17730496453901
			9.43971631205674	-7.18085106382979
			9.44326241134752	-7.18439716312057
			9.4468085106383	-7.18439716312057
			9.45035460992908	-7.18794326241135
			9.45390070921986	-7.18794326241135
			9.45744680851064	-7.19148936170213
			9.46099290780142	-7.19503546099291
			9.4645390070922	-7.19503546099291
			9.46808510638298	-7.19858156028369
			9.47163120567376	-7.20212765957447
			9.47517730496454	-7.20212765957447
			9.47872340425532	-7.20567375886525
			9.4822695035461	-7.20921985815603
			9.48581560283688	-7.20921985815603
			9.48936170212766	-7.21276595744681
			9.49290780141844	-7.21276595744681
			9.49645390070922	-7.21631205673759
			9.5	-7.21985815602837
			9.50354609929078	-7.21985815602837
			9.50709219858156	-7.22340425531915
			9.51063829787234	-7.22695035460993
			9.51418439716312	-7.22695035460993
			9.5177304964539	-7.23049645390071
			9.52127659574468	-7.23404255319149
			9.52482269503546	-7.23404255319149
			9.52836879432624	-7.23758865248227
			9.53191489361702	-7.23758865248227
			9.5354609929078	-7.24113475177305
			9.53900709219858	-7.24468085106383
			9.54255319148936	-7.24468085106383
			9.54609929078014	-7.24822695035461
			9.54964539007092	-7.25177304964539
			9.5531914893617	-7.25177304964539
			9.55673758865248	-7.25531914893617
			9.56028368794326	-7.25886524822695
			9.56382978723404	-7.25886524822695
			9.56737588652482	-7.26241134751773
			9.5709219858156	-7.26241134751773
			9.57446808510638	-7.26595744680851
			9.57801418439716	-7.26950354609929
			9.58156028368794	-7.26950354609929
			9.58510638297872	-7.27304964539007
			9.5886524822695	-7.27659574468085
			9.59219858156028	-7.27659574468085
			9.59574468085106	-7.28014184397163
			9.59929078014184	-7.28014184397163
			9.60283687943262	-7.28368794326241
			9.6063829787234	-7.28723404255319
			9.60992907801418	-7.28723404255319
			9.61347517730496	-7.29078014184397
			9.61702127659574	-7.29078014184397
			9.62056737588652	-7.29432624113475
			9.6241134751773	-7.29787234042553
			9.62765957446809	-7.29787234042553
			9.63120567375887	-7.30141843971631
			9.63475177304965	-7.30141843971631
			9.63829787234043	-7.30496453900709
			9.63829787234043	-7.30851063829787
			9.64184397163121	-7.30851063829787
			9.64539007092199	-7.31205673758865
			9.64893617021277	-7.31205673758865
			9.65248226950355	-7.31560283687943
			9.65602836879433	-7.31560283687943
			9.65957446808511	-7.31914893617021
			9.66312056737589	-7.31914893617021
			9.66666666666667	-7.32269503546099
			9.66666666666667	-7.32624113475177
			9.67021276595745	-7.32624113475177
			9.67375886524823	-7.32978723404255
			9.67730496453901	-7.32978723404255
			9.68085106382979	-7.33333333333333
			9.68439716312057	-7.33333333333333
			9.68794326241135	-7.33687943262411
			9.69148936170213	-7.33687943262411
			9.69503546099291	-7.34042553191489
			9.69503546099291	-7.34397163120567
			9.69858156028369	-7.34397163120567
			9.70212765957447	-7.34751773049645
			9.70567375886525	-7.34751773049645
			9.70921985815603	-7.35106382978723
			9.71276595744681	-7.35106382978723
			9.71631205673759	-7.35460992907801
			9.71985815602837	-7.35815602836879
			9.72340425531915	-7.35815602836879
			9.72695035460993	-7.36170212765957
			9.73049645390071	-7.36524822695035
			9.73404255319149	-7.36879432624113
			9.73758865248227	-7.36879432624113
			9.74113475177305	-7.37234042553191
			9.74468085106383	-7.37234042553191
			9.74822695035461	-7.3758865248227
			9.75177304964539	-7.37943262411348
			9.75531914893617	-7.37943262411348
			9.75886524822695	-7.38297872340426
			9.76241134751773	-7.38297872340426
			9.76241134751773	-7.38652482269504
			9.76595744680851	-7.38652482269504
			9.76950354609929	-7.39007092198582
			9.77304964539007	-7.39007092198582
			9.77659574468085	-7.3936170212766
			9.78014184397163	-7.39716312056738
			9.78368794326241	-7.39716312056738
			9.78723404255319	-7.40070921985816
			9.79078014184397	-7.40070921985816
			9.79432624113475	-7.40425531914894
			9.79787234042553	-7.40780141843972
			9.80141843971631	-7.40780141843972
			9.80496453900709	-7.4113475177305
			9.80851063829787	-7.4113475177305
			9.81205673758865	-7.41489361702128
			9.81560283687943	-7.41843971631206
			9.81914893617021	-7.41843971631206
			9.82269503546099	-7.42198581560284
			9.82624113475177	-7.42553191489362
			9.82978723404255	-7.4290780141844
			9.83333333333333	-7.4290780141844
			9.83687943262411	-7.43262411347518
			9.84042553191489	-7.43262411347518
			9.84397163120567	-7.43617021276596
			9.84751773049645	-7.43617021276596
			9.84751773049645	-7.43971631205674
			9.85106382978723	-7.43971631205674
			9.85460992907801	-7.44326241134752
			9.85815602836879	-7.44326241134752
			9.86170212765957	-7.4468085106383
			9.86524822695035	-7.45035460992908
			9.86879432624113	-7.45035460992908
			9.87234042553191	-7.45390070921986
			9.8758865248227	-7.45744680851064
			9.87943262411348	-7.45744680851064
			9.88297872340426	-7.46099290780142
			9.88652482269504	-7.4645390070922
			9.89007092198582	-7.4645390070922
			9.8936170212766	-7.46808510638298
			9.89716312056738	-7.46808510638298
			9.90070921985816	-7.47163120567376
			9.90425531914894	-7.47517730496454
			9.90780141843972	-7.47517730496454
			9.9113475177305	-7.47872340425532
			9.91489361702128	-7.4822695035461
			9.91843971631206	-7.4822695035461
			9.92198581560284	-7.48581560283688
			9.92553191489362	-7.48581560283688
			9.9290780141844	-7.48936170212766
			9.93262411347518	-7.49290780141844
			9.93617021276596	-7.49290780141844
			9.93971631205674	-7.49645390070922
			9.94326241134752	-7.49645390070922
			9.9468085106383	-7.5
			9.95035460992908	-7.50354609929078
			9.95390070921986	-7.50354609929078
			9.95744680851064	-7.50709219858156
			9.96099290780142	-7.51063829787234
			9.9645390070922	-7.51063829787234
			9.96808510638298	-7.51418439716312
			9.97163120567376	-7.51418439716312
			9.97517730496454	-7.5177304964539
			9.97872340425532	-7.52127659574468
			9.9822695035461	-7.52127659574468
			9.98581560283688	-7.52482269503546
			9.98936170212766	-7.52836879432624
			9.99290780141844	-7.52836879432624
			9.99645390070922	-7.53191489361702
			10	-7.5354609929078
			10.0035460992908	-7.5354609929078
			10.0070921985816	-7.53900709219858
			10.0106382978723	-7.53900709219858
			10.0141843971631	-7.54255319148936
			10.0177304964539	-7.54609929078014
			10.0212765957447	-7.54609929078014
			10.0248226950355	-7.54964539007092
			10.0283687943262	-7.54964539007092
			10.0283687943262	-7.5531914893617
			10.031914893617	-7.5531914893617
			10.0354609929078	-7.55673758865248
			10.0390070921986	-7.55673758865248
			10.0390070921986	-7.56028368794326
			10.0425531914894	-7.56028368794326
			10.0460992907801	-7.56382978723404
			10.0496453900709	-7.56737588652482
			10.0531914893617	-7.56737588652482
			10.0567375886525	-7.5709219858156
			10.0602836879433	-7.57446808510638
			10.063829787234	-7.57446808510638
			10.063829787234	-7.57801418439716
			10.0673758865248	-7.57801418439716
			10.0709219858156	-7.58156028368794
			10.0744680851064	-7.58510638297872
			10.0780141843972	-7.58510638297872
			10.0815602836879	-7.5886524822695
			10.0851063829787	-7.59219858156028
			10.0886524822695	-7.59574468085106
			10.0921985815603	-7.59574468085106
			10.0957446808511	-7.59929078014184
			10.0992907801418	-7.60283687943262
			10.1028368794326	-7.6063829787234
			10.1063829787234	-7.6063829787234
			10.1099290780142	-7.60992907801418
			10.113475177305	-7.61347517730496
			10.1170212765957	-7.61702127659574
			10.1205673758865	-7.61702127659574
			10.1241134751773	-7.62056737588652
			10.1276595744681	-7.6241134751773
			10.1312056737589	-7.62765957446809
			10.1347517730496	-7.62765957446809
			10.1382978723404	-7.63120567375887
			10.1418439716312	-7.63475177304965
			10.145390070922	-7.63475177304965
			10.1489361702128	-7.63829787234043
			10.1524822695035	-7.64184397163121
			10.1560283687943	-7.64539007092199
			10.1595744680851	-7.64893617021277
			10.1631205673759	-7.64893617021277
			10.1666666666667	-7.65248226950355
			10.1702127659574	-7.65602836879433
			10.1737588652482	-7.65957446808511
			10.177304964539	-7.65957446808511
			10.1808510638298	-7.66312056737589
			10.1843971631206	-7.66666666666667
			10.1879432624113	-7.67021276595745
			10.1914893617021	-7.67021276595745
			10.1950354609929	-7.67375886524823
			10.1985815602837	-7.67730496453901
			10.2021276595745	-7.68085106382979
			10.2056737588652	-7.68085106382979
			10.2056737588652	-7.68439716312057
			10.209219858156	-7.68794326241135
			10.2127659574468	-7.69148936170213
			10.2163120567376	-7.69503546099291
			10.2198581560284	-7.69503546099291
			10.2234042553191	-7.69858156028369
			10.2269503546099	-7.70212765957447
			10.2304964539007	-7.70567375886525
			10.2340425531915	-7.70921985815603
			10.2375886524823	-7.70921985815603
			10.241134751773	-7.71276595744681
			10.2446808510638	-7.71631205673759
			10.2482269503546	-7.71985815602837
			10.2517730496454	-7.71985815602837
			10.2553191489362	-7.72340425531915
			10.2553191489362	-7.72695035460993
			10.258865248227	-7.73049645390071
			10.2624113475177	-7.73404255319149
			10.2659574468085	-7.73404255319149
			10.2695035460993	-7.73758865248227
			10.2730496453901	-7.74113475177305
			10.2765957446809	-7.74468085106383
			10.2801418439716	-7.74822695035461
			10.2836879432624	-7.75177304964539
			10.2872340425532	-7.75177304964539
			10.290780141844	-7.75531914893617
			10.290780141844	-7.75886524822695
			10.2943262411348	-7.76241134751773
			10.2978723404255	-7.76595744680851
			10.3014184397163	-7.76595744680851
			10.3049645390071	-7.76950354609929
			10.3085106382979	-7.77304964539007
			10.3120567375887	-7.77659574468085
			10.3156028368794	-7.78014184397163
			10.3191489361702	-7.78368794326241
			10.322695035461	-7.78723404255319
			10.3262411347518	-7.79078014184397
			10.3297872340426	-7.79432624113475
			10.3333333333333	-7.79787234042553
			10.3368794326241	-7.79787234042553
			10.3368794326241	-7.80141843971631
			10.3404255319149	-7.80496453900709
			10.3439716312057	-7.80496453900709
			10.3439716312057	-7.80851063829787
			10.3475177304965	-7.81205673758865
			10.3510638297872	-7.81560283687943
			10.354609929078	-7.81914893617021
			10.3581560283688	-7.82269503546099
			10.3617021276596	-7.82269503546099
			10.3652482269504	-7.82624113475177
			10.3652482269504	-7.82978723404255
			10.3687943262411	-7.83333333333333
			10.3723404255319	-7.83333333333333
			10.3758865248227	-7.83687943262411
			10.3758865248227	-7.84042553191489
			10.3794326241135	-7.84397163120567
			10.3829787234043	-7.84397163120567
			10.3829787234043	-7.84751773049645
			10.386524822695	-7.85106382978723
			10.3900709219858	-7.85460992907801
			10.3936170212766	-7.85460992907801
			10.3936170212766	-7.85815602836879
			10.3971631205674	-7.86170212765957
			10.4007092198582	-7.86524822695035
			10.4042553191489	-7.86524822695035
			10.4042553191489	-7.86879432624113
			10.4078014184397	-7.87234042553191
			10.4113475177305	-7.8758865248227
			10.4148936170213	-7.87943262411348
			10.4184397163121	-7.88297872340426
			10.4219858156028	-7.88652482269504
			10.4255319148936	-7.89007092198582
			10.4290780141844	-7.8936170212766
			10.4290780141844	-7.89716312056738
			10.4326241134752	-7.90070921985816
			10.436170212766	-7.90425531914894
			10.4397163120567	-7.90780141843972
			10.4432624113475	-7.90780141843972
			10.4468085106383	-7.9113475177305
			10.4468085106383	-7.91489361702128
			10.4503546099291	-7.91843971631206
			10.4539007092199	-7.92198581560284
			10.4574468085106	-7.92553191489362
			10.4609929078014	-7.9290780141844
			10.4645390070922	-7.93262411347518
			10.4645390070922	-7.93617021276596
			10.468085106383	-7.93971631205674
			10.4716312056738	-7.94326241134752
			10.4751773049645	-7.9468085106383
			10.4787234042553	-7.95035460992908
			10.4822695035461	-7.95390070921986
			10.4822695035461	-7.95744680851064
			10.4858156028369	-7.96099290780142
			10.4893617021277	-7.9645390070922
			10.4929078014184	-7.96808510638298
			10.4964539007092	-7.96808510638298
			10.4964539007092	-7.97163120567376
			10.5	-7.97517730496454
			10.5035460992908	-7.97872340425532
			10.5070921985816	-7.9822695035461
			10.5106382978723	-7.98581560283688
			10.5106382978723	-7.98936170212766
			10.5141843971631	-7.99290780141844
			10.5177304964539	-7.99645390070922
			10.5212765957447	-8
			10.5248226950355	-8.00354609929078
			10.5248226950355	-8.00709219858156
			10.5283687943262	-8.01063829787234
			10.531914893617	-8.01418439716312
			10.5354609929078	-8.0177304964539
			10.5390070921986	-8.02127659574468
			10.5390070921986	-8.02482269503546
			10.5425531914894	-8.02836879432624
			10.5460992907801	-8.03191489361702
			10.5496453900709	-8.0354609929078
			10.5496453900709	-8.03900709219858
			10.5531914893617	-8.04255319148936
			10.5567375886525	-8.04609929078014
			10.5602836879433	-8.04964539007092
			10.5602836879433	-8.0531914893617
			10.563829787234	-8.05673758865248
			10.5673758865248	-8.06028368794326
			10.5709219858156	-8.06382978723404
			10.5744680851064	-8.06737588652482
			10.5744680851064	-8.0709219858156
			10.5780141843972	-8.07446808510638
			10.5815602836879	-8.07801418439716
			10.5851063829787	-8.08156028368794
			10.5851063829787	-8.08510638297872
			10.5886524822695	-8.0886524822695
			10.5921985815603	-8.09219858156028
			10.5921985815603	-8.09574468085106
			10.5957446808511	-8.09929078014184
			10.5992907801418	-8.10283687943262
			10.6028368794326	-8.1063829787234
			10.6028368794326	-8.10992907801418
			10.6063829787234	-8.11347517730496
			10.6099290780142	-8.11702127659574
			10.613475177305	-8.12056737588652
			10.613475177305	-8.1241134751773
			10.6170212765957	-8.12765957446809
			10.6205673758865	-8.13120567375887
			10.6205673758865	-8.13475177304965
			10.6241134751773	-8.13829787234043
			10.6241134751773	-8.14184397163121
			10.6276595744681	-8.14184397163121
			10.6276595744681	-8.14539007092199
			10.6312056737589	-8.14893617021277
			10.6312056737589	-8.15248226950355
			10.6347517730496	-8.15602836879433
			10.6382978723404	-8.15957446808511
			10.6418439716312	-8.16312056737589
			10.6418439716312	-8.16666666666667
			10.645390070922	-8.17021276595745
			10.6489361702128	-8.17375886524823
			10.6489361702128	-8.17730496453901
			10.6524822695035	-8.18085106382979
			10.6560283687943	-8.18439716312057
			10.6560283687943	-8.18794326241135
			10.6595744680851	-8.19148936170213
			10.6595744680851	-8.19503546099291
			10.6631205673759	-8.19858156028369
			10.6631205673759	-8.20212765957447
			10.6666666666667	-8.20212765957447
			10.6702127659574	-8.20567375886525
			10.6702127659574	-8.20921985815603
			10.6737588652482	-8.21276595744681
			10.6737588652482	-8.21631205673759
			10.677304964539	-8.21985815602837
			10.6808510638298	-8.22340425531915
			10.6808510638298	-8.22695035460993
			10.6843971631206	-8.23049645390071
			10.6843971631206	-8.23404255319149
			10.6879432624113	-8.23758865248227
			10.6914893617021	-8.24113475177305
			10.6914893617021	-8.24468085106383
			10.6950354609929	-8.24822695035461
			10.6950354609929	-8.25177304964539
			10.6985815602837	-8.25177304964539
			10.6985815602837	-8.25531914893617
			10.7021276595745	-8.25886524822695
			10.7021276595745	-8.26241134751773
			10.7056737588652	-8.26595744680851
			10.709219858156	-8.26950354609929
			10.709219858156	-8.27304964539007
			10.7127659574468	-8.27659574468085
			10.7127659574468	-8.28014184397163
			10.7163120567376	-8.28368794326241
			10.7163120567376	-8.28723404255319
			10.7198581560284	-8.29078014184397
			10.7234042553191	-8.29432624113475
			10.7234042553191	-8.29787234042553
			10.7269503546099	-8.30141843971631
			10.7269503546099	-8.30496453900709
			10.7304964539007	-8.30851063829787
			10.7304964539007	-8.31205673758865
			10.7340425531915	-8.31560283687943
			10.7340425531915	-8.31914893617021
			10.7375886524823	-8.32269503546099
			10.7375886524823	-8.32624113475177
			10.741134751773	-8.32978723404255
			10.7446808510638	-8.33333333333333
			10.7446808510638	-8.33687943262411
			10.7482269503546	-8.33687943262411
			10.7482269503546	-8.34042553191489
			10.7517730496454	-8.34397163120567
			10.7517730496454	-8.34751773049645
			10.7553191489362	-8.35106382978723
			10.7553191489362	-8.35460992907801
			10.758865248227	-8.35815602836879
			10.758865248227	-8.36170212765957
			10.7624113475177	-8.36524822695035
			10.7624113475177	-8.36879432624113
			10.7659574468085	-8.37234042553191
			10.7659574468085	-8.3758865248227
			10.7695035460993	-8.37943262411348
			10.7695035460993	-8.38297872340426
			10.7730496453901	-8.38652482269504
			10.7730496453901	-8.39007092198582
			10.7765957446809	-8.3936170212766
			10.7765957446809	-8.39716312056738
			10.7801418439716	-8.40070921985816
			10.7801418439716	-8.40425531914894
			10.7836879432624	-8.40780141843972
			10.7836879432624	-8.4113475177305
			10.7872340425532	-8.41489361702128
			10.790780141844	-8.41843971631206
			10.790780141844	-8.42198581560284
			10.7943262411348	-8.42553191489362
			10.7943262411348	-8.4290780141844
			10.7943262411348	-8.43262411347518
			10.7978723404255	-8.43617021276596
			10.7978723404255	-8.43971631205674
			10.8014184397163	-8.44326241134752
			10.8014184397163	-8.4468085106383
			10.8049645390071	-8.45035460992908
			10.8049645390071	-8.45390070921986
			10.8085106382979	-8.45744680851064
			10.8085106382979	-8.46099290780142
			10.8120567375887	-8.4645390070922
			10.8120567375887	-8.46808510638298
			10.8156028368794	-8.47163120567376
			10.8156028368794	-8.47517730496454
			10.8156028368794	-8.47872340425532
			10.8191489361702	-8.47872340425532
			10.8191489361702	-8.4822695035461
			10.8191489361702	-8.48581560283688
			10.822695035461	-8.48581560283688
			10.822695035461	-8.48936170212766
			10.822695035461	-8.49290780141844
			10.8262411347518	-8.49645390070922
			10.8262411347518	-8.5
			10.8297872340426	-8.50354609929078
			10.8297872340426	-8.50709219858156
			10.8333333333333	-8.51063829787234
			10.8333333333333	-8.51418439716312
			10.8333333333333	-8.5177304964539
			10.8368794326241	-8.52127659574468
			10.8368794326241	-8.52482269503546
			10.8404255319149	-8.52836879432624
			10.8404255319149	-8.53191489361702
			10.8439716312057	-8.5354609929078
			10.8439716312057	-8.53900709219858
			10.8475177304965	-8.54255319148936
			10.8475177304965	-8.54609929078014
			10.8510638297872	-8.54964539007092
			10.8510638297872	-8.5531914893617
			10.8510638297872	-8.55673758865248
			10.854609929078	-8.56028368794326
			10.854609929078	-8.56382978723404
			10.854609929078	-8.56737588652482
			10.8581560283688	-8.56737588652482
			10.8581560283688	-8.5709219858156
			10.8581560283688	-8.57446808510638
			10.8617021276596	-8.57801418439716
			10.8617021276596	-8.58156028368794
			10.8652482269504	-8.58510638297872
			10.8652482269504	-8.5886524822695
			10.8687943262411	-8.59219858156028
			10.8687943262411	-8.59574468085106
			10.8687943262411	-8.59929078014184
			10.8723404255319	-8.60283687943262
			10.8723404255319	-8.6063829787234
			10.8758865248227	-8.60992907801418
			10.8758865248227	-8.61347517730496
			10.8758865248227	-8.61702127659574
			10.8794326241135	-8.62056737588652
			10.8794326241135	-8.6241134751773
			10.8794326241135	-8.62765957446809
			10.8829787234043	-8.63120567375887
			10.8829787234043	-8.63475177304965
			10.886524822695	-8.63829787234043
			10.886524822695	-8.64184397163121
			10.886524822695	-8.64539007092199
			10.8900709219858	-8.64893617021277
			10.8900709219858	-8.65248226950355
			10.8936170212766	-8.65602836879433
			10.8936170212766	-8.65957446808511
		</suture>
		<anterior type=matrix rownames=FALSE colnames=FALSE nrow=3498 ncol=2 as.numeric=TRUE >
			2.34751773049645	-1.47517730496454
			2.35106382978723	-1.47517730496454
			2.35460992907801	-1.47517730496454
			2.35815602836879	-1.47163120567376
			2.36170212765957	-1.47163120567376
			2.36524822695035	-1.47163120567376
			2.36879432624113	-1.47163120567376
			2.37234042553191	-1.47163120567376
			2.3758865248227	-1.47163120567376
			2.37943262411348	-1.46808510638298
			2.38297872340426	-1.46808510638298
			2.38652482269504	-1.46808510638298
			2.39007092198582	-1.46808510638298
			2.3936170212766	-1.46808510638298
			2.39716312056738	-1.46808510638298
			2.40070921985816	-1.46808510638298
			2.40425531914894	-1.4645390070922
			2.40780141843972	-1.4645390070922
			2.4113475177305	-1.4645390070922
			2.41489361702128	-1.4645390070922
			2.41843971631206	-1.4645390070922
			2.42198581560284	-1.4645390070922
			2.42553191489362	-1.46099290780142
			2.4290780141844	-1.46099290780142
			2.43262411347518	-1.46099290780142
			2.43617021276596	-1.46099290780142
			2.43971631205674	-1.46099290780142
			2.44326241134752	-1.46099290780142
			2.4468085106383	-1.46099290780142
			2.45035460992908	-1.45744680851064
			2.45390070921986	-1.45744680851064
			2.45744680851064	-1.45744680851064
			2.46099290780142	-1.45744680851064
			2.4645390070922	-1.45744680851064
			2.46808510638298	-1.45744680851064
			2.47163120567376	-1.45744680851064
			2.47517730496454	-1.45390070921986
			2.47872340425532	-1.45390070921986
			2.4822695035461	-1.45390070921986
			2.48581560283688	-1.45390070921986
			2.48936170212766	-1.45390070921986
			2.49290780141844	-1.45390070921986
			2.49645390070922	-1.45390070921986
			2.5	-1.45390070921986
			2.50354609929078	-1.45035460992908
			2.50709219858156	-1.45035460992908
			2.51063829787234	-1.45035460992908
			2.51418439716312	-1.45035460992908
			2.5177304964539	-1.45035460992908
			2.52127659574468	-1.45035460992908
			2.52482269503546	-1.45035460992908
			2.52836879432624	-1.4468085106383
			2.53191489361702	-1.4468085106383
			2.5354609929078	-1.4468085106383
			2.53900709219858	-1.4468085106383
			2.54255319148936	-1.4468085106383
			2.54609929078014	-1.4468085106383
			2.54964539007092	-1.4468085106383
			2.5531914893617	-1.4468085106383
			2.55673758865248	-1.4468085106383
			2.56028368794326	-1.44326241134752
			2.56382978723404	-1.44326241134752
			2.56737588652482	-1.44326241134752
			2.5709219858156	-1.44326241134752
			2.57446808510638	-1.44326241134752
			2.57801418439716	-1.44326241134752
			2.58156028368794	-1.44326241134752
			2.58510638297872	-1.44326241134752
			2.5886524822695	-1.44326241134752
			2.59219858156028	-1.43971631205674
			2.59574468085106	-1.43971631205674
			2.59929078014184	-1.43971631205674
			2.60283687943262	-1.43971631205674
			2.6063829787234	-1.43971631205674
			2.60992907801418	-1.43971631205674
			2.61347517730496	-1.43971631205674
			2.61702127659574	-1.43971631205674
			2.62056737588652	-1.43971631205674
			2.6241134751773	-1.43617021276596
			2.62765957446809	-1.43617021276596
			2.63120567375887	-1.43617021276596
			2.63475177304965	-1.43617021276596
			2.63829787234043	-1.43617021276596
			2.64184397163121	-1.43617021276596
			2.64539007092199	-1.43617021276596
			2.64893617021277	-1.43617021276596
			2.65248226950355	-1.43617021276596
			2.65602836879433	-1.43262411347518
			2.65957446808511	-1.43262411347518
			2.66312056737589	-1.43262411347518
			2.66666666666667	-1.43262411347518
			2.67021276595745	-1.43262411347518
			2.67375886524823	-1.43262411347518
			2.67730496453901	-1.43262411347518
			2.68085106382979	-1.43262411347518
			2.68439716312057	-1.43262411347518
			2.68794326241135	-1.43262411347518
			2.69148936170213	-1.4290780141844
			2.69503546099291	-1.4290780141844
			2.69858156028369	-1.4290780141844
			2.70212765957447	-1.4290780141844
			2.70567375886525	-1.4290780141844
			2.70921985815603	-1.4290780141844
			2.71276595744681	-1.4290780141844
			2.71631205673759	-1.4290780141844
			2.71985815602837	-1.4290780141844
			2.72340425531915	-1.4290780141844
			2.72695035460993	-1.42553191489362
			2.73049645390071	-1.42553191489362
			2.73404255319149	-1.42553191489362
			2.73758865248227	-1.42553191489362
			2.74113475177305	-1.42553191489362
			2.74468085106383	-1.42553191489362
			2.74822695035461	-1.42553191489362
			2.75177304964539	-1.42553191489362
			2.75531914893617	-1.42553191489362
			2.75886524822695	-1.42553191489362
			2.76241134751773	-1.42553191489362
			2.76595744680851	-1.42198581560284
			2.76950354609929	-1.42198581560284
			2.77304964539007	-1.42198581560284
			2.77659574468085	-1.42198581560284
			2.78014184397163	-1.42198581560284
			2.78368794326241	-1.42198581560284
			2.78723404255319	-1.42198581560284
			2.79078014184397	-1.42198581560284
			2.79432624113475	-1.42198581560284
			2.79787234042553	-1.42198581560284
			2.80141843971631	-1.42198581560284
			2.80496453900709	-1.41843971631206
			2.80851063829787	-1.41843971631206
			2.81205673758865	-1.41843971631206
			2.81560283687943	-1.41843971631206
			2.81914893617021	-1.41843971631206
			2.82269503546099	-1.41843971631206
			2.82624113475177	-1.41843971631206
			2.82978723404255	-1.41843971631206
			2.83333333333333	-1.41843971631206
			2.83687943262411	-1.41843971631206
			2.84042553191489	-1.41843971631206
			2.84397163120567	-1.41843971631206
			2.84751773049645	-1.41489361702128
			2.85106382978723	-1.41489361702128
			2.85460992907801	-1.41489361702128
			2.85815602836879	-1.41489361702128
			2.86170212765957	-1.41489361702128
			2.86524822695035	-1.41489361702128
			2.86879432624113	-1.41489361702128
			2.87234042553191	-1.41489361702128
			2.8758865248227	-1.41489361702128
			2.87943262411348	-1.41489361702128
			2.88297872340426	-1.41489361702128
			2.88652482269504	-1.41489361702128
			2.89007092198582	-1.41489361702128
			2.89007092198582	-1.4113475177305
			2.8936170212766	-1.4113475177305
			2.89716312056738	-1.4113475177305
			2.90070921985816	-1.4113475177305
			2.90425531914894	-1.4113475177305
			2.90780141843972	-1.4113475177305
			2.9113475177305	-1.4113475177305
			2.91489361702128	-1.4113475177305
			2.91843971631206	-1.4113475177305
			2.92198581560284	-1.4113475177305
			2.92553191489362	-1.4113475177305
			2.9290780141844	-1.4113475177305
			2.93262411347518	-1.4113475177305
			2.93617021276596	-1.4113475177305
			2.93971631205674	-1.40780141843972
			2.94326241134752	-1.40780141843972
			2.9468085106383	-1.40780141843972
			2.95035460992908	-1.40780141843972
			2.95390070921986	-1.40780141843972
			2.95744680851064	-1.40780141843972
			2.96099290780142	-1.40780141843972
			2.9645390070922	-1.40780141843972
			2.96808510638298	-1.40780141843972
			2.97163120567376	-1.40780141843972
			2.97517730496454	-1.40780141843972
			2.97872340425532	-1.40780141843972
			2.9822695035461	-1.40780141843972
			2.98581560283688	-1.40425531914894
			2.98936170212766	-1.40425531914894
			2.99290780141844	-1.40425531914894
			2.99645390070922	-1.40425531914894
			3	-1.40425531914894
			3.00354609929078	-1.40425531914894
			3.00709219858156	-1.40425531914894
			3.01063829787234	-1.40425531914894
			3.01418439716312	-1.40425531914894
			3.0177304964539	-1.40425531914894
			3.02127659574468	-1.40425531914894
			3.02482269503546	-1.40425531914894
			3.02836879432624	-1.40425531914894
			3.03191489361702	-1.40425531914894
			3.0354609929078	-1.40425531914894
			3.03900709219858	-1.40070921985816
			3.04255319148936	-1.40070921985816
			3.04609929078014	-1.40070921985816
			3.04964539007092	-1.40070921985816
			3.0531914893617	-1.40070921985816
			3.05673758865248	-1.40070921985816
			3.06028368794326	-1.40070921985816
			3.06382978723404	-1.40070921985816
			3.06737588652482	-1.40070921985816
			3.0709219858156	-1.40070921985816
			3.07446808510638	-1.40070921985816
			3.07801418439716	-1.40070921985816
			3.08156028368794	-1.40070921985816
			3.08510638297872	-1.40070921985816
			3.0886524822695	-1.40070921985816
			3.09219858156028	-1.39716312056738
			3.09574468085106	-1.39716312056738
			3.09929078014184	-1.39716312056738
			3.10283687943262	-1.39716312056738
			3.1063829787234	-1.39716312056738
			3.10992907801418	-1.39716312056738
			3.11347517730496	-1.39716312056738
			3.11702127659574	-1.39716312056738
			3.12056737588652	-1.39716312056738
			3.1241134751773	-1.39716312056738
			3.12765957446809	-1.39716312056738
			3.13120567375887	-1.39716312056738
			3.13475177304965	-1.39716312056738
			3.13829787234043	-1.39716312056738
			3.14184397163121	-1.39716312056738
			3.14539007092199	-1.39716312056738
			3.14893617021277	-1.3936170212766
			3.15248226950355	-1.3936170212766
			3.15602836879433	-1.3936170212766
			3.15957446808511	-1.3936170212766
			3.16312056737589	-1.3936170212766
			3.16666666666667	-1.3936170212766
			3.17021276595745	-1.3936170212766
			3.17375886524823	-1.3936170212766
			3.17730496453901	-1.3936170212766
			3.18085106382979	-1.3936170212766
			3.18439716312057	-1.3936170212766
			3.18794326241135	-1.3936170212766
			3.19148936170213	-1.3936170212766
			3.19503546099291	-1.3936170212766
			3.19858156028369	-1.3936170212766
			3.20212765957447	-1.3936170212766
			3.20567375886525	-1.3936170212766
			3.20921985815603	-1.39007092198582
			3.21276595744681	-1.39007092198582
			3.21631205673759	-1.39007092198582
			3.21985815602837	-1.39007092198582
			3.22340425531915	-1.39007092198582
			3.22695035460993	-1.39007092198582
			3.23049645390071	-1.39007092198582
			3.23404255319149	-1.39007092198582
			3.23758865248227	-1.39007092198582
			3.24113475177305	-1.39007092198582
			3.24468085106383	-1.39007092198582
			3.24822695035461	-1.39007092198582
			3.25177304964539	-1.39007092198582
			3.25531914893617	-1.39007092198582
			3.25886524822695	-1.39007092198582
			3.26241134751773	-1.39007092198582
			3.26595744680851	-1.39007092198582
			3.26950354609929	-1.39007092198582
			3.27304964539007	-1.38652482269504
			3.27659574468085	-1.38652482269504
			3.28014184397163	-1.38652482269504
			3.28368794326241	-1.38652482269504
			3.28723404255319	-1.38652482269504
			3.29078014184397	-1.38652482269504
			3.29432624113475	-1.38652482269504
			3.29787234042553	-1.38652482269504
			3.30141843971631	-1.38652482269504
			3.30496453900709	-1.38652482269504
			3.30851063829787	-1.38652482269504
			3.31205673758865	-1.38652482269504
			3.31560283687943	-1.38652482269504
			3.31914893617021	-1.38652482269504
			3.32269503546099	-1.38652482269504
			3.32624113475177	-1.38652482269504
			3.32978723404255	-1.38652482269504
			3.33333333333333	-1.38652482269504
			3.33687943262411	-1.38652482269504
			3.34042553191489	-1.38297872340426
			3.34397163120567	-1.38297872340426
			3.34751773049645	-1.38297872340426
			3.35106382978723	-1.38297872340426
			3.35460992907801	-1.38297872340426
			3.35815602836879	-1.38297872340426
			3.36170212765957	-1.38297872340426
			3.36524822695035	-1.38297872340426
			3.36879432624113	-1.38297872340426
			3.37234042553191	-1.38297872340426
			3.3758865248227	-1.38297872340426
			3.37943262411348	-1.38297872340426
			3.38297872340426	-1.38297872340426
			3.38652482269504	-1.38297872340426
			3.39007092198582	-1.38297872340426
			3.3936170212766	-1.38297872340426
			3.39716312056738	-1.38297872340426
			3.40070921985816	-1.38297872340426
			3.40425531914894	-1.38297872340426
			3.40780141843972	-1.38297872340426
			3.4113475177305	-1.37943262411348
			3.41489361702128	-1.37943262411348
			3.41843971631206	-1.37943262411348
			3.42198581560284	-1.37943262411348
			3.42553191489362	-1.37943262411348
			3.4290780141844	-1.37943262411348
			3.43262411347518	-1.37943262411348
			3.43617021276596	-1.37943262411348
			3.43971631205674	-1.37943262411348
			3.44326241134752	-1.37943262411348
			3.4468085106383	-1.37943262411348
			3.45035460992908	-1.37943262411348
			3.45390070921986	-1.37943262411348
			3.45744680851064	-1.37943262411348
			3.46099290780142	-1.37943262411348
			3.4645390070922	-1.37943262411348
			3.46808510638298	-1.37943262411348
			3.47163120567376	-1.37943262411348
			3.47517730496454	-1.37943262411348
			3.47872340425532	-1.37943262411348
			3.4822695035461	-1.37943262411348
			3.48581560283688	-1.3758865248227
			3.48936170212766	-1.3758865248227
			3.49290780141844	-1.3758865248227
			3.49645390070922	-1.3758865248227
			3.5	-1.3758865248227
			3.50354609929078	-1.3758865248227
			3.50709219858156	-1.3758865248227
			3.51063829787234	-1.3758865248227
			3.51418439716312	-1.3758865248227
			3.5177304964539	-1.3758865248227
			3.52127659574468	-1.3758865248227
			3.52482269503546	-1.3758865248227
			3.52836879432624	-1.3758865248227
			3.53191489361702	-1.3758865248227
			3.5354609929078	-1.3758865248227
			3.53900709219858	-1.3758865248227
			3.54255319148936	-1.3758865248227
			3.54609929078014	-1.3758865248227
			3.54964539007092	-1.3758865248227
			3.5531914893617	-1.3758865248227
			3.55673758865248	-1.3758865248227
			3.56028368794326	-1.3758865248227
			3.56382978723404	-1.37234042553191
			3.56737588652482	-1.37234042553191
			3.5709219858156	-1.37234042553191
			3.57446808510638	-1.37234042553191
			3.57801418439716	-1.37234042553191
			3.58156028368794	-1.37234042553191
			3.58510638297872	-1.37234042553191
			3.5886524822695	-1.37234042553191
			3.59219858156028	-1.37234042553191
			3.59574468085106	-1.37234042553191
			3.59929078014184	-1.37234042553191
			3.60283687943262	-1.37234042553191
			3.6063829787234	-1.37234042553191
			3.60992907801418	-1.37234042553191
			3.61347517730496	-1.37234042553191
			3.61702127659574	-1.37234042553191
			3.62056737588652	-1.37234042553191
			3.6241134751773	-1.37234042553191
			3.62765957446809	-1.37234042553191
			3.63120567375887	-1.37234042553191
			3.63475177304965	-1.37234042553191
			3.63829787234043	-1.37234042553191
			3.64184397163121	-1.37234042553191
			3.64539007092199	-1.37234042553191
			3.64893617021277	-1.37234042553191
			3.65248226950355	-1.36879432624113
			3.65602836879433	-1.36879432624113
			3.65957446808511	-1.36879432624113
			3.66312056737589	-1.36879432624113
			3.66666666666667	-1.36879432624113
			3.67021276595745	-1.36879432624113
			3.67375886524823	-1.36879432624113
			3.67730496453901	-1.36879432624113
			3.68085106382979	-1.36879432624113
			3.68439716312057	-1.36879432624113
			3.68794326241135	-1.36879432624113
			3.69148936170213	-1.36879432624113
			3.69503546099291	-1.36879432624113
			3.69858156028369	-1.36879432624113
			3.70212765957447	-1.36879432624113
			3.70567375886525	-1.36879432624113
			3.70921985815603	-1.36879432624113
			3.71276595744681	-1.36879432624113
			3.71631205673759	-1.36879432624113
			3.71985815602837	-1.36879432624113
			3.72340425531915	-1.36879432624113
			3.72695035460993	-1.36879432624113
			3.73049645390071	-1.36879432624113
			3.73404255319149	-1.36879432624113
			3.73758865248227	-1.36879432624113
			3.74113475177305	-1.36879432624113
			3.74468085106383	-1.36524822695035
			3.74822695035461	-1.36524822695035
			3.75177304964539	-1.36524822695035
			3.75531914893617	-1.36524822695035
			3.75886524822695	-1.36524822695035
			3.76241134751773	-1.36524822695035
			3.76595744680851	-1.36524822695035
			3.76950354609929	-1.36524822695035
			3.77304964539007	-1.36524822695035
			3.77659574468085	-1.36524822695035
			3.78014184397163	-1.36524822695035
			3.78368794326241	-1.36524822695035
			3.78723404255319	-1.36524822695035
			3.79078014184397	-1.36524822695035
			3.79432624113475	-1.36524822695035
			3.79787234042553	-1.36524822695035
			3.80141843971631	-1.36524822695035
			3.80496453900709	-1.36524822695035
			3.80851063829787	-1.36524822695035
			3.81205673758865	-1.36524822695035
			3.81560283687943	-1.36524822695035
			3.81914893617021	-1.36524822695035
			3.82269503546099	-1.36524822695035
			3.82624113475177	-1.36524822695035
			3.82978723404255	-1.36524822695035
			3.83333333333333	-1.36524822695035
			3.83687943262411	-1.36524822695035
			3.84042553191489	-1.36524822695035
			3.84397163120567	-1.36170212765957
			3.84751773049645	-1.36170212765957
			3.85106382978723	-1.36170212765957
			3.85460992907801	-1.36170212765957
			3.85815602836879	-1.36170212765957
			3.86170212765957	-1.36170212765957
			3.86524822695035	-1.36170212765957
			3.86879432624113	-1.36170212765957
			3.87234042553191	-1.36170212765957
			3.8758865248227	-1.36170212765957
			3.87943262411348	-1.36170212765957
			3.88297872340426	-1.36170212765957
			3.88652482269504	-1.36170212765957
			3.89007092198582	-1.36170212765957
			3.8936170212766	-1.36170212765957
			3.89716312056738	-1.36170212765957
			3.90070921985816	-1.36170212765957
			3.90425531914894	-1.36170212765957
			3.90780141843972	-1.36170212765957
			3.9113475177305	-1.36170212765957
			3.91489361702128	-1.36170212765957
			3.91843971631206	-1.36170212765957
			3.92198581560284	-1.36170212765957
			3.92553191489362	-1.36170212765957
			3.9290780141844	-1.36170212765957
			3.93262411347518	-1.36170212765957
			3.93617021276596	-1.36170212765957
			3.93971631205674	-1.36170212765957
			3.94326241134752	-1.36170212765957
			3.9468085106383	-1.36170212765957
			3.95035460992908	-1.35815602836879
			3.95390070921986	-1.35815602836879
			3.95744680851064	-1.35815602836879
			3.96099290780142	-1.35815602836879
			3.9645390070922	-1.35815602836879
			3.96808510638298	-1.35815602836879
			3.97163120567376	-1.35815602836879
			3.97517730496454	-1.35815602836879
			3.97872340425532	-1.35815602836879
			3.9822695035461	-1.35815602836879
			3.98581560283688	-1.35815602836879
			3.98936170212766	-1.35815602836879
			3.99290780141844	-1.35815602836879
			3.99645390070922	-1.35815602836879
			4	-1.35815602836879
			4.00354609929078	-1.35815602836879
			4.00709219858156	-1.35815602836879
			4.01063829787234	-1.35815602836879
			4.01418439716312	-1.35815602836879
			4.0177304964539	-1.35815602836879
			4.02127659574468	-1.35815602836879
			4.02482269503546	-1.35815602836879
			4.02836879432624	-1.35815602836879
			4.03191489361702	-1.35815602836879
			4.0354609929078	-1.35815602836879
			4.03900709219858	-1.35815602836879
			4.04255319148936	-1.35815602836879
			4.04609929078014	-1.35815602836879
			4.04964539007092	-1.35815602836879
			4.0531914893617	-1.35815602836879
			4.05673758865248	-1.35815602836879
			4.06028368794326	-1.35815602836879
			4.06382978723404	-1.35815602836879
			4.06737588652482	-1.35460992907801
			4.0709219858156	-1.35460992907801
			4.07446808510638	-1.35460992907801
			4.07801418439716	-1.35460992907801
			4.08156028368794	-1.35460992907801
			4.08510638297872	-1.35460992907801
			4.0886524822695	-1.35460992907801
			4.09219858156028	-1.35460992907801
			4.09574468085106	-1.35460992907801
			4.09929078014184	-1.35460992907801
			4.10283687943262	-1.35460992907801
			4.1063829787234	-1.35460992907801
			4.10992907801418	-1.35460992907801
			4.11347517730496	-1.35460992907801
			4.11702127659574	-1.35460992907801
			4.12056737588652	-1.35460992907801
			4.1241134751773	-1.35460992907801
			4.12765957446809	-1.35460992907801
			4.13120567375887	-1.35460992907801
			4.13475177304965	-1.35460992907801
			4.13829787234043	-1.35460992907801
			4.14184397163121	-1.35460992907801
			4.14539007092199	-1.35460992907801
			4.14893617021277	-1.35460992907801
			4.15248226950355	-1.35460992907801
			4.15602836879433	-1.35460992907801
			4.15957446808511	-1.35460992907801
			4.16312056737589	-1.35460992907801
			4.16666666666667	-1.35460992907801
			4.17021276595745	-1.35460992907801
			4.17375886524823	-1.35460992907801
			4.17730496453901	-1.35460992907801
			4.18085106382979	-1.35460992907801
			4.18439716312057	-1.35460992907801
			4.18794326241135	-1.35460992907801
			4.19148936170213	-1.35460992907801
			4.19503546099291	-1.35460992907801
			4.19858156028369	-1.35106382978723
			4.20212765957447	-1.35106382978723
			4.20567375886525	-1.35106382978723
			4.20921985815603	-1.35106382978723
			4.21276595744681	-1.35106382978723
			4.21631205673759	-1.35106382978723
			4.21985815602837	-1.35106382978723
			4.22340425531915	-1.35106382978723
			4.22695035460993	-1.35106382978723
			4.23049645390071	-1.35106382978723
			4.23404255319149	-1.35106382978723
			4.23758865248227	-1.35106382978723
			4.24113475177305	-1.35106382978723
			4.24468085106383	-1.35106382978723
			4.24822695035461	-1.35106382978723
			4.25177304964539	-1.35106382978723
			4.25531914893617	-1.35106382978723
			4.25886524822695	-1.35106382978723
			4.26241134751773	-1.35106382978723
			4.26595744680851	-1.35106382978723
			4.26950354609929	-1.35106382978723
			4.27304964539007	-1.35106382978723
			4.27659574468085	-1.35106382978723
			4.28014184397163	-1.35106382978723
			4.28368794326241	-1.35106382978723
			4.28723404255319	-1.35106382978723
			4.29078014184397	-1.35106382978723
			4.29432624113475	-1.35106382978723
			4.29787234042553	-1.35106382978723
			4.30141843971631	-1.35106382978723
			4.30496453900709	-1.35106382978723
			4.30851063829787	-1.35106382978723
			4.31205673758865	-1.35106382978723
			4.31560283687943	-1.35106382978723
			4.31914893617021	-1.35106382978723
			4.32269503546099	-1.35106382978723
			4.32624113475177	-1.35106382978723
			4.32978723404255	-1.35106382978723
			4.33333333333333	-1.35106382978723
			4.33687943262411	-1.35106382978723
			4.34042553191489	-1.34751773049645
			4.34397163120567	-1.34751773049645
			4.34751773049645	-1.34751773049645
			4.35106382978723	-1.34751773049645
			4.35460992907801	-1.34751773049645
			4.35815602836879	-1.34751773049645
			4.36170212765957	-1.34751773049645
			4.36524822695035	-1.34751773049645
			4.36879432624113	-1.34751773049645
			4.37234042553191	-1.34751773049645
			4.3758865248227	-1.34751773049645
			4.37943262411348	-1.34751773049645
			4.38297872340426	-1.34751773049645
			4.38652482269504	-1.34751773049645
			4.39007092198582	-1.34751773049645
			4.3936170212766	-1.34751773049645
			4.39716312056738	-1.34751773049645
			4.40070921985816	-1.34751773049645
			4.40425531914894	-1.34751773049645
			4.40780141843972	-1.34751773049645
			4.4113475177305	-1.34751773049645
			4.41489361702128	-1.34751773049645
			4.41843971631206	-1.34751773049645
			4.42198581560284	-1.34751773049645
			4.42553191489362	-1.34751773049645
			4.4290780141844	-1.34751773049645
			4.43262411347518	-1.34751773049645
			4.43617021276596	-1.34751773049645
			4.43971631205674	-1.34751773049645
			4.44326241134752	-1.34751773049645
			4.4468085106383	-1.34751773049645
			4.45035460992908	-1.34751773049645
			4.45390070921986	-1.34751773049645
			4.45744680851064	-1.34751773049645
			4.46099290780142	-1.34751773049645
			4.4645390070922	-1.34751773049645
			4.46808510638298	-1.34751773049645
			4.47163120567376	-1.34751773049645
			4.47517730496454	-1.34751773049645
			4.47872340425532	-1.34751773049645
			4.4822695035461	-1.34751773049645
			4.48581560283688	-1.34751773049645
			4.48936170212766	-1.34751773049645
			4.49290780141844	-1.34751773049645
			4.49645390070922	-1.34751773049645
			4.5	-1.34751773049645
			4.50354609929078	-1.34751773049645
			4.50354609929078	-1.34397163120567
			4.50709219858156	-1.34397163120567
			4.51063829787234	-1.34397163120567
			4.51418439716312	-1.34397163120567
			4.5177304964539	-1.34397163120567
			4.52127659574468	-1.34397163120567
			4.52482269503546	-1.34397163120567
			4.52836879432624	-1.34397163120567
			4.53191489361702	-1.34397163120567
			4.5354609929078	-1.34397163120567
			4.53900709219858	-1.34397163120567
			4.54255319148936	-1.34397163120567
			4.54609929078014	-1.34397163120567
			4.54964539007092	-1.34397163120567
			4.5531914893617	-1.34397163120567
			4.55673758865248	-1.34397163120567
			4.56028368794326	-1.34397163120567
			4.56382978723404	-1.34397163120567
			4.56737588652482	-1.34397163120567
			4.5709219858156	-1.34397163120567
			4.57446808510638	-1.34397163120567
			4.57801418439716	-1.34397163120567
			4.58156028368794	-1.34397163120567
			4.58510638297872	-1.34397163120567
			4.5886524822695	-1.34397163120567
			4.59219858156028	-1.34397163120567
			4.59574468085106	-1.34397163120567
			4.59929078014184	-1.34397163120567
			4.60283687943262	-1.34397163120567
			4.6063829787234	-1.34397163120567
			4.60992907801418	-1.34397163120567
			4.61347517730496	-1.34751773049645
			4.61702127659574	-1.34751773049645
			4.62056737588652	-1.34751773049645
			4.6241134751773	-1.34751773049645
			4.62765957446809	-1.34751773049645
			4.63120567375887	-1.34751773049645
			4.63475177304965	-1.34751773049645
			4.63829787234043	-1.34751773049645
			4.64184397163121	-1.34751773049645
			4.64539007092199	-1.34751773049645
			4.64893617021277	-1.34751773049645
			4.65248226950355	-1.35106382978723
			4.65602836879433	-1.35106382978723
			4.65957446808511	-1.35106382978723
			4.66312056737589	-1.35106382978723
			4.66666666666667	-1.35106382978723
			4.67021276595745	-1.35106382978723
			4.67375886524823	-1.35106382978723
			4.67730496453901	-1.35106382978723
			4.68085106382979	-1.35106382978723
			4.68439716312057	-1.35106382978723
			4.68794326241135	-1.35460992907801
			4.69148936170213	-1.35460992907801
			4.69503546099291	-1.35460992907801
			4.69858156028369	-1.35460992907801
			4.70212765957447	-1.35460992907801
			4.70567375886525	-1.35460992907801
			4.70921985815603	-1.35460992907801
			4.71276595744681	-1.35460992907801
			4.71631205673759	-1.35460992907801
			4.71985815602837	-1.35460992907801
			4.72340425531915	-1.35815602836879
			4.72695035460993	-1.35815602836879
			4.73049645390071	-1.35815602836879
			4.73404255319149	-1.35815602836879
			4.73758865248227	-1.35815602836879
			4.74113475177305	-1.35815602836879
			4.74468085106383	-1.35815602836879
			4.74822695035461	-1.35815602836879
			4.75177304964539	-1.35815602836879
			4.75531914893617	-1.36170212765957
			4.75886524822695	-1.36170212765957
			4.76241134751773	-1.36170212765957
			4.76595744680851	-1.36170212765957
			4.76950354609929	-1.36170212765957
			4.77304964539007	-1.36170212765957
			4.77659574468085	-1.36170212765957
			4.78014184397163	-1.36170212765957
			4.78368794326241	-1.36170212765957
			4.78723404255319	-1.36524822695035
			4.79078014184397	-1.36524822695035
			4.79432624113475	-1.36524822695035
			4.79787234042553	-1.36524822695035
			4.80141843971631	-1.36524822695035
			4.80496453900709	-1.36524822695035
			4.80851063829787	-1.36524822695035
			4.81205673758865	-1.36524822695035
			4.81560283687943	-1.36524822695035
			4.81914893617021	-1.36879432624113
			4.82269503546099	-1.36879432624113
			4.82624113475177	-1.36879432624113
			4.82978723404255	-1.36879432624113
			4.83333333333333	-1.36879432624113
			4.83687943262411	-1.36879432624113
			4.84042553191489	-1.36879432624113
			4.84397163120567	-1.36879432624113
			4.84751773049645	-1.36879432624113
			4.85106382978723	-1.37234042553191
			4.85460992907801	-1.37234042553191
			4.85815602836879	-1.37234042553191
			4.86170212765957	-1.37234042553191
			4.86524822695035	-1.37234042553191
			4.86879432624113	-1.37234042553191
			4.87234042553191	-1.37234042553191
			4.8758865248227	-1.37234042553191
			4.87943262411348	-1.3758865248227
			4.88297872340426	-1.3758865248227
			4.88652482269504	-1.3758865248227
			4.89007092198582	-1.3758865248227
			4.8936170212766	-1.3758865248227
			4.89716312056738	-1.3758865248227
			4.90070921985816	-1.3758865248227
			4.90425531914894	-1.3758865248227
			4.90780141843972	-1.37943262411348
			4.9113475177305	-1.37943262411348
			4.91489361702128	-1.37943262411348
			4.91843971631206	-1.37943262411348
			4.92198581560284	-1.37943262411348
			4.92553191489362	-1.37943262411348
			4.9290780141844	-1.37943262411348
			4.93262411347518	-1.37943262411348
			4.93617021276596	-1.38297872340426
			4.93971631205674	-1.38297872340426
			4.94326241134752	-1.38297872340426
			4.9468085106383	-1.38297872340426
			4.95035460992908	-1.38297872340426
			4.95390070921986	-1.38297872340426
			4.95744680851064	-1.38297872340426
			4.96099290780142	-1.38297872340426
			4.9645390070922	-1.38652482269504
			4.96808510638298	-1.38652482269504
			4.97163120567376	-1.38652482269504
			4.97517730496454	-1.38652482269504
			4.97872340425532	-1.38652482269504
			4.9822695035461	-1.38652482269504
			4.98581560283688	-1.38652482269504
			4.98936170212766	-1.39007092198582
			4.99290780141844	-1.39007092198582
			4.99645390070922	-1.39007092198582
			5	-1.39007092198582
			5.00354609929078	-1.39007092198582
			5.00709219858156	-1.39007092198582
			5.01063829787234	-1.39007092198582
			5.01418439716312	-1.3936170212766
			5.0177304964539	-1.3936170212766
			5.02127659574468	-1.3936170212766
			5.02482269503546	-1.3936170212766
			5.02836879432624	-1.3936170212766
			5.03191489361702	-1.3936170212766
			5.0354609929078	-1.3936170212766
			5.03900709219858	-1.3936170212766
			5.03900709219858	-1.39716312056738
			5.04255319148936	-1.39716312056738
			5.04609929078014	-1.39716312056738
			5.04964539007092	-1.39716312056738
			5.0531914893617	-1.39716312056738
			5.05673758865248	-1.39716312056738
			5.06028368794326	-1.39716312056738
			5.06382978723404	-1.40070921985816
			5.06737588652482	-1.40070921985816
			5.0709219858156	-1.40070921985816
			5.07446808510638	-1.40070921985816
			5.07801418439716	-1.40070921985816
			5.08156028368794	-1.40070921985816
			5.08510638297872	-1.40425531914894
			5.0886524822695	-1.40425531914894
			5.09219858156028	-1.40425531914894
			5.09574468085106	-1.40425531914894
			5.09929078014184	-1.40425531914894
			5.10283687943262	-1.40425531914894
			5.1063829787234	-1.40425531914894
			5.10992907801418	-1.40780141843972
			5.11347517730496	-1.40780141843972
			5.11702127659574	-1.40780141843972
			5.12056737588652	-1.40780141843972
			5.1241134751773	-1.40780141843972
			5.12765957446809	-1.40780141843972
			5.13120567375887	-1.40780141843972
			5.13475177304965	-1.4113475177305
			5.13829787234043	-1.4113475177305
			5.14184397163121	-1.4113475177305
			5.14539007092199	-1.4113475177305
			5.14893617021277	-1.4113475177305
			5.15248226950355	-1.4113475177305
			5.15602836879433	-1.41489361702128
			5.15957446808511	-1.41489361702128
			5.16312056737589	-1.41489361702128
			5.16666666666667	-1.41489361702128
			5.17021276595745	-1.41489361702128
			5.17375886524823	-1.41489361702128
			5.17730496453901	-1.41489361702128
			5.18085106382979	-1.41843971631206
			5.18439716312057	-1.41843971631206
			5.18794326241135	-1.41843971631206
			5.19148936170213	-1.41843971631206
			5.19503546099291	-1.41843971631206
			5.19858156028369	-1.42198581560284
			5.20212765957447	-1.42198581560284
			5.20567375886525	-1.42198581560284
			5.20921985815603	-1.42198581560284
			5.21276595744681	-1.42198581560284
			5.21631205673759	-1.42198581560284
			5.21985815602837	-1.42553191489362
			5.22340425531915	-1.42553191489362
			5.22695035460993	-1.42553191489362
			5.23049645390071	-1.42553191489362
			5.23404255319149	-1.42553191489362
			5.23758865248227	-1.42553191489362
			5.24113475177305	-1.4290780141844
			5.24468085106383	-1.4290780141844
			5.24822695035461	-1.4290780141844
			5.25177304964539	-1.4290780141844
			5.25531914893617	-1.4290780141844
			5.25886524822695	-1.4290780141844
			5.26241134751773	-1.43262411347518
			5.26595744680851	-1.43262411347518
			5.26950354609929	-1.43262411347518
			5.27304964539007	-1.43262411347518
			5.27659574468085	-1.43262411347518
			5.28014184397163	-1.43262411347518
			5.28368794326241	-1.43617021276596
			5.28723404255319	-1.43617021276596
			5.29078014184397	-1.43617021276596
			5.29432624113475	-1.43617021276596
			5.29787234042553	-1.43617021276596
			5.30141843971631	-1.43971631205674
			5.30496453900709	-1.43971631205674
			5.30851063829787	-1.43971631205674
			5.31205673758865	-1.43971631205674
			5.31560283687943	-1.43971631205674
			5.31914893617021	-1.43971631205674
			5.32269503546099	-1.44326241134752
			5.32624113475177	-1.44326241134752
			5.32978723404255	-1.44326241134752
			5.33333333333333	-1.44326241134752
			5.33687943262411	-1.44326241134752
			5.34042553191489	-1.44326241134752
			5.34397163120567	-1.4468085106383
			5.34751773049645	-1.4468085106383
			5.35106382978723	-1.4468085106383
			5.35460992907801	-1.4468085106383
			5.35815602836879	-1.4468085106383
			5.36170212765957	-1.45035460992908
			5.36524822695035	-1.45035460992908
			5.36879432624113	-1.45035460992908
			5.37234042553191	-1.45035460992908
			5.3758865248227	-1.45035460992908
			5.37943262411348	-1.45390070921986
			5.38297872340426	-1.45390070921986
			5.38652482269504	-1.45390070921986
			5.39007092198582	-1.45390070921986
			5.3936170212766	-1.45390070921986
			5.39716312056738	-1.45390070921986
			5.40070921985816	-1.45744680851064
			5.40425531914894	-1.45744680851064
			5.40780141843972	-1.45744680851064
			5.4113475177305	-1.45744680851064
			5.41489361702128	-1.45744680851064
			5.41843971631206	-1.46099290780142
			5.42198581560284	-1.46099290780142
			5.42553191489362	-1.46099290780142
			5.4290780141844	-1.46099290780142
			5.43262411347518	-1.46099290780142
			5.43617021276596	-1.4645390070922
			5.43971631205674	-1.4645390070922
			5.44326241134752	-1.4645390070922
			5.4468085106383	-1.4645390070922
			5.45035460992908	-1.4645390070922
			5.45390070921986	-1.46808510638298
			5.45744680851064	-1.46808510638298
			5.46099290780142	-1.46808510638298
			5.4645390070922	-1.46808510638298
			5.46808510638298	-1.46808510638298
			5.47163120567376	-1.47163120567376
			5.47517730496454	-1.47163120567376
			5.47872340425532	-1.47163120567376
			5.4822695035461	-1.47163120567376
			5.48581560283688	-1.47163120567376
			5.48936170212766	-1.47517730496454
			5.49290780141844	-1.47517730496454
			5.49645390070922	-1.47517730496454
			5.5	-1.47517730496454
			5.50354609929078	-1.47517730496454
			5.50709219858156	-1.47872340425532
			5.51063829787234	-1.47872340425532
			5.51418439716312	-1.47872340425532
			5.5177304964539	-1.47872340425532
			5.52127659574468	-1.47872340425532
			5.52482269503546	-1.4822695035461
			5.52836879432624	-1.4822695035461
			5.53191489361702	-1.4822695035461
			5.5354609929078	-1.4822695035461
			5.53900709219858	-1.4822695035461
			5.54255319148936	-1.48581560283688
			5.54609929078014	-1.48581560283688
			5.54964539007092	-1.48581560283688
			5.5531914893617	-1.48581560283688
			5.55673758865248	-1.48936170212766
			5.56028368794326	-1.48936170212766
			5.56382978723404	-1.48936170212766
			5.56737588652482	-1.48936170212766
			5.5709219858156	-1.48936170212766
			5.57446808510638	-1.49290780141844
			5.57801418439716	-1.49290780141844
			5.58156028368794	-1.49290780141844
			5.58510638297872	-1.49290780141844
			5.5886524822695	-1.49290780141844
			5.59219858156028	-1.49645390070922
			5.59574468085106	-1.49645390070922
			5.59929078014184	-1.49645390070922
			5.60283687943262	-1.49645390070922
			5.6063829787234	-1.49645390070922
			5.60992907801418	-1.5
			5.61347517730496	-1.5
			5.61702127659574	-1.5
			5.62056737588652	-1.5
			5.6241134751773	-1.50354609929078
			5.62765957446809	-1.50354609929078
			5.63120567375887	-1.50354609929078
			5.63475177304965	-1.50354609929078
			5.63829787234043	-1.50354609929078
			5.64184397163121	-1.50709219858156
			5.64539007092199	-1.50709219858156
			5.64893617021277	-1.50709219858156
			5.65248226950355	-1.50709219858156
			5.65602836879433	-1.51063829787234
			5.65957446808511	-1.51063829787234
			5.66312056737589	-1.51063829787234
			5.66666666666667	-1.51063829787234
			5.67021276595745	-1.51063829787234
			5.67375886524823	-1.51418439716312
			5.67730496453901	-1.51418439716312
			5.68085106382979	-1.51418439716312
			5.68439716312057	-1.5177304964539
			5.68794326241135	-1.5177304964539
			5.69148936170213	-1.5177304964539
			5.69503546099291	-1.5177304964539
			5.69858156028369	-1.52127659574468
			5.70212765957447	-1.52127659574468
			5.70567375886525	-1.52127659574468
			5.70921985815603	-1.52127659574468
			5.71276595744681	-1.52127659574468
			5.71631205673759	-1.52482269503546
			5.71985815602837	-1.52482269503546
			5.72340425531915	-1.52482269503546
			5.72695035460993	-1.52482269503546
			5.73049645390071	-1.52836879432624
			5.73404255319149	-1.52836879432624
			5.73758865248227	-1.52836879432624
			5.74113475177305	-1.52836879432624
			5.74468085106383	-1.53191489361702
			5.74822695035461	-1.53191489361702
			5.75177304964539	-1.53191489361702
			5.75531914893617	-1.53191489361702
			5.75886524822695	-1.5354609929078
			5.76241134751773	-1.5354609929078
			5.76595744680851	-1.5354609929078
			5.76950354609929	-1.5354609929078
			5.77304964539007	-1.5354609929078
			5.77304964539007	-1.53900709219858
			5.77659574468085	-1.53900709219858
			5.78014184397163	-1.53900709219858
			5.78368794326241	-1.53900709219858
			5.78723404255319	-1.53900709219858
			5.79078014184397	-1.54255319148936
			5.79432624113475	-1.54255319148936
			5.79787234042553	-1.54255319148936
			5.80141843971631	-1.54255319148936
			5.80496453900709	-1.54609929078014
			5.80851063829787	-1.54609929078014
			5.81205673758865	-1.54609929078014
			5.81560283687943	-1.54609929078014
			5.81914893617021	-1.54964539007092
			5.82269503546099	-1.54964539007092
			5.82624113475177	-1.54964539007092
			5.82978723404255	-1.54964539007092
			5.83333333333333	-1.5531914893617
			5.83687943262411	-1.5531914893617
			5.84042553191489	-1.5531914893617
			5.84397163120567	-1.5531914893617
			5.84751773049645	-1.55673758865248
			5.85106382978723	-1.55673758865248
			5.85460992907801	-1.55673758865248
			5.85815602836879	-1.55673758865248
			5.86170212765957	-1.56028368794326
			5.86524822695035	-1.56028368794326
			5.86879432624113	-1.56028368794326
			5.87234042553191	-1.56382978723404
			5.8758865248227	-1.56382978723404
			5.87943262411348	-1.56382978723404
			5.88297872340426	-1.56382978723404
			5.88652482269504	-1.56737588652482
			5.89007092198582	-1.56737588652482
			5.8936170212766	-1.56737588652482
			5.89716312056738	-1.56737588652482
			5.90070921985816	-1.56737588652482
			5.90425531914894	-1.5709219858156
			5.90780141843972	-1.5709219858156
			5.9113475177305	-1.5709219858156
			5.91489361702128	-1.57446808510638
			5.91843971631206	-1.57446808510638
			5.92198581560284	-1.57446808510638
			5.92553191489362	-1.57446808510638
			5.9290780141844	-1.57801418439716
			5.93262411347518	-1.57801418439716
			5.93617021276596	-1.57801418439716
			5.93971631205674	-1.57801418439716
			5.94326241134752	-1.58156028368794
			5.9468085106383	-1.58156028368794
			5.95035460992908	-1.58156028368794
			5.95390070921986	-1.58510638297872
			5.95744680851064	-1.58510638297872
			5.96099290780142	-1.58510638297872
			5.9645390070922	-1.58510638297872
			5.96808510638298	-1.5886524822695
			5.97163120567376	-1.5886524822695
			5.97517730496454	-1.5886524822695
			5.97872340425532	-1.5886524822695
			5.9822695035461	-1.59219858156028
			5.98581560283688	-1.59219858156028
			5.98936170212766	-1.59219858156028
			5.99290780141844	-1.59219858156028
			5.99290780141844	-1.59574468085106
			5.99645390070922	-1.59574468085106
			6	-1.59574468085106
			6.00354609929078	-1.59574468085106
			6.00709219858156	-1.59929078014184
			6.01063829787234	-1.59929078014184
			6.01418439716312	-1.59929078014184
			6.0177304964539	-1.59929078014184
			6.02127659574468	-1.60283687943262
			6.02482269503546	-1.60283687943262
			6.02836879432624	-1.60283687943262
			6.03191489361702	-1.6063829787234
			6.0354609929078	-1.6063829787234
			6.03900709219858	-1.6063829787234
			6.04255319148936	-1.6063829787234
			6.04609929078014	-1.60992907801418
			6.04964539007092	-1.60992907801418
			6.0531914893617	-1.60992907801418
			6.05673758865248	-1.61347517730496
			6.06028368794326	-1.61347517730496
			6.06382978723404	-1.61347517730496
			6.06737588652482	-1.61347517730496
			6.0709219858156	-1.61702127659574
			6.07446808510638	-1.61702127659574
			6.07801418439716	-1.61702127659574
			6.08156028368794	-1.61702127659574
			6.08156028368794	-1.62056737588652
			6.08510638297872	-1.62056737588652
			6.0886524822695	-1.62056737588652
			6.09219858156028	-1.6241134751773
			6.09574468085106	-1.6241134751773
			6.09929078014184	-1.6241134751773
			6.10283687943262	-1.6241134751773
			6.1063829787234	-1.62765957446809
			6.10992907801418	-1.62765957446809
			6.11347517730496	-1.62765957446809
			6.11702127659574	-1.63120567375887
			6.12056737588652	-1.63120567375887
			6.1241134751773	-1.63120567375887
			6.12765957446809	-1.63120567375887
			6.13120567375887	-1.63475177304965
			6.13475177304965	-1.63475177304965
			6.13829787234043	-1.63475177304965
			6.14184397163121	-1.63829787234043
			6.14539007092199	-1.63829787234043
			6.14893617021277	-1.63829787234043
			6.15248226950355	-1.63829787234043
			6.15248226950355	-1.64184397163121
			6.15602836879433	-1.64184397163121
			6.15957446808511	-1.64184397163121
			6.16312056737589	-1.64539007092199
			6.16666666666667	-1.64539007092199
			6.17021276595745	-1.64539007092199
			6.17375886524823	-1.64539007092199
			6.17730496453901	-1.64893617021277
			6.18085106382979	-1.64893617021277
			6.18439716312057	-1.64893617021277
			6.18794326241135	-1.65248226950355
			6.19148936170213	-1.65248226950355
			6.19503546099291	-1.65248226950355
			6.19858156028369	-1.65248226950355
			6.20212765957447	-1.65602836879433
			6.20567375886525	-1.65602836879433
			6.20921985815603	-1.65602836879433
			6.21276595744681	-1.65957446808511
			6.21631205673759	-1.65957446808511
			6.21985815602837	-1.65957446808511
			6.21985815602837	-1.66312056737589
			6.22340425531915	-1.66312056737589
			6.22695035460993	-1.66312056737589
			6.23049645390071	-1.66312056737589
			6.23404255319149	-1.66666666666667
			6.23758865248227	-1.66666666666667
			6.24113475177305	-1.66666666666667
			6.24468085106383	-1.67021276595745
			6.24822695035461	-1.67021276595745
			6.25177304964539	-1.67021276595745
			6.25531914893617	-1.67021276595745
			6.25886524822695	-1.67375886524823
			6.26241134751773	-1.67375886524823
			6.26595744680851	-1.67375886524823
			6.26950354609929	-1.67730496453901
			6.27304964539007	-1.67730496453901
			6.27659574468085	-1.67730496453901
			6.28014184397163	-1.68085106382979
			6.28368794326241	-1.68085106382979
			6.28723404255319	-1.68085106382979
			6.29078014184397	-1.68439716312057
			6.29432624113475	-1.68439716312057
			6.29787234042553	-1.68794326241135
			6.30141843971631	-1.68794326241135
			6.30496453900709	-1.68794326241135
			6.30851063829787	-1.68794326241135
			6.31205673758865	-1.69148936170213
			6.31560283687943	-1.69148936170213
			6.31914893617021	-1.69148936170213
			6.32269503546099	-1.69503546099291
			6.32624113475177	-1.69503546099291
			6.32978723404255	-1.69503546099291
			6.33333333333333	-1.69858156028369
			6.33687943262411	-1.69858156028369
			6.34042553191489	-1.69858156028369
			6.34397163120567	-1.70212765957447
			6.34751773049645	-1.70212765957447
			6.35106382978723	-1.70212765957447
			6.35460992907801	-1.70567375886525
			6.35815602836879	-1.70567375886525
			6.36170212765957	-1.70567375886525
			6.36524822695035	-1.70921985815603
			6.36879432624113	-1.70921985815603
			6.37234042553191	-1.70921985815603
			6.3758865248227	-1.71276595744681
			6.37943262411348	-1.71276595744681
			6.38297872340426	-1.71276595744681
			6.38652482269504	-1.71631205673759
			6.39007092198582	-1.71631205673759
			6.3936170212766	-1.71631205673759
			6.39716312056738	-1.71985815602837
			6.40070921985816	-1.71985815602837
			6.40425531914894	-1.71985815602837
			6.40425531914894	-1.72340425531915
			6.40780141843972	-1.72340425531915
			6.4113475177305	-1.72340425531915
			6.41489361702128	-1.72695035460993
			6.41843971631206	-1.72695035460993
			6.42198581560284	-1.72695035460993
			6.42553191489362	-1.73049645390071
			6.4290780141844	-1.73049645390071
			6.43262411347518	-1.73049645390071
			6.43617021276596	-1.73404255319149
			6.43971631205674	-1.73404255319149
			6.44326241134752	-1.73404255319149
			6.4468085106383	-1.73758865248227
			6.45035460992908	-1.73758865248227
			6.45390070921986	-1.73758865248227
			6.45744680851064	-1.74113475177305
			6.46099290780142	-1.74113475177305
			6.4645390070922	-1.74113475177305
			6.46808510638298	-1.74468085106383
			6.47163120567376	-1.74468085106383
			6.47517730496454	-1.74468085106383
			6.47872340425532	-1.74822695035461
			6.4822695035461	-1.74822695035461
			6.48581560283688	-1.74822695035461
			6.48936170212766	-1.75177304964539
			6.49290780141844	-1.75177304964539
			6.49645390070922	-1.75177304964539
			6.5	-1.75531914893617
			6.50354609929078	-1.75531914893617
			6.50709219858156	-1.75886524822695
			6.51063829787234	-1.75886524822695
			6.51418439716312	-1.75886524822695
			6.5177304964539	-1.75886524822695
			6.5177304964539	-1.76241134751773
			6.52127659574468	-1.76241134751773
			6.52482269503546	-1.76241134751773
			6.52836879432624	-1.76595744680851
			6.53191489361702	-1.76595744680851
			6.5354609929078	-1.76595744680851
			6.53900709219858	-1.76950354609929
			6.54255319148936	-1.76950354609929
			6.54609929078014	-1.76950354609929
			6.54964539007092	-1.77304964539007
			6.5531914893617	-1.77304964539007
			6.55673758865248	-1.77659574468085
			6.56028368794326	-1.77659574468085
			6.56382978723404	-1.77659574468085
			6.56737588652482	-1.78014184397163
			6.5709219858156	-1.78014184397163
			6.57446808510638	-1.78014184397163
			6.57801418439716	-1.78368794326241
			6.58156028368794	-1.78368794326241
			6.58510638297872	-1.78723404255319
			6.5886524822695	-1.78723404255319
			6.59219858156028	-1.78723404255319
			6.59574468085106	-1.79078014184397
			6.59929078014184	-1.79078014184397
			6.60283687943262	-1.79078014184397
			6.6063829787234	-1.79432624113475
			6.60992907801418	-1.79432624113475
			6.61347517730496	-1.79787234042553
			6.61702127659574	-1.79787234042553
			6.62056737588652	-1.79787234042553
			6.6241134751773	-1.80141843971631
			6.62765957446809	-1.80141843971631
			6.63120567375887	-1.80141843971631
			6.63475177304965	-1.80496453900709
			6.63829787234043	-1.80496453900709
			6.64184397163121	-1.80851063829787
			6.64539007092199	-1.80851063829787
			6.64893617021277	-1.80851063829787
			6.65248226950355	-1.81205673758865
			6.65602836879433	-1.81205673758865
			6.65957446808511	-1.81205673758865
			6.66312056737589	-1.81560283687943
			6.66666666666667	-1.81560283687943
			6.67021276595745	-1.81914893617021
			6.67375886524823	-1.81914893617021
			6.67730496453901	-1.81914893617021
			6.68085106382979	-1.82269503546099
			6.68439716312057	-1.82269503546099
			6.68794326241135	-1.82624113475177
			6.69148936170213	-1.82624113475177
			6.69503546099291	-1.82624113475177
			6.69858156028369	-1.82978723404255
			6.70212765957447	-1.82978723404255
			6.70567375886525	-1.82978723404255
			6.70921985815603	-1.83333333333333
			6.71276595744681	-1.83333333333333
			6.71631205673759	-1.83687943262411
			6.71985815602837	-1.83687943262411
			6.72340425531915	-1.83687943262411
			6.72695035460993	-1.84042553191489
			6.73049645390071	-1.84042553191489
			6.73404255319149	-1.84397163120567
			6.73758865248227	-1.84397163120567
			6.74113475177305	-1.84397163120567
			6.74468085106383	-1.84751773049645
			6.74822695035461	-1.84751773049645
			6.75177304964539	-1.85106382978723
			6.75531914893617	-1.85106382978723
			6.75886524822695	-1.85106382978723
			6.75886524822695	-1.85460992907801
			6.76241134751773	-1.85460992907801
			6.76595744680851	-1.85460992907801
			6.76950354609929	-1.85815602836879
			6.77304964539007	-1.85815602836879
			6.77659574468085	-1.86170212765957
			6.78014184397163	-1.86170212765957
			6.78368794326241	-1.86170212765957
			6.78723404255319	-1.86524822695035
			6.79078014184397	-1.86524822695035
			6.79432624113475	-1.86879432624113
			6.79787234042553	-1.86879432624113
			6.80141843971631	-1.86879432624113
			6.80496453900709	-1.87234042553191
			6.80851063829787	-1.87234042553191
			6.81205673758865	-1.8758865248227
			6.81560283687943	-1.8758865248227
			6.81914893617021	-1.8758865248227
			6.82269503546099	-1.87943262411348
			6.82624113475177	-1.87943262411348
			6.82978723404255	-1.88297872340426
			6.83333333333333	-1.88297872340426
			6.83687943262411	-1.88652482269504
			6.84042553191489	-1.88652482269504
			6.84397163120567	-1.88652482269504
			6.84751773049645	-1.89007092198582
			6.85106382978723	-1.89007092198582
			6.85460992907801	-1.8936170212766
			6.85815602836879	-1.8936170212766
			6.86170212765957	-1.8936170212766
			6.86524822695035	-1.89716312056738
			6.86879432624113	-1.89716312056738
			6.87234042553191	-1.90070921985816
			6.8758865248227	-1.90070921985816
			6.87943262411348	-1.90070921985816
			6.88297872340426	-1.90425531914894
			6.88652482269504	-1.90425531914894
			6.89007092198582	-1.90780141843972
			6.8936170212766	-1.90780141843972
			6.89716312056738	-1.90780141843972
			6.90070921985816	-1.9113475177305
			6.90425531914894	-1.9113475177305
			6.90425531914894	-1.91489361702128
			6.90780141843972	-1.91489361702128
			6.9113475177305	-1.91843971631206
			6.91489361702128	-1.91843971631206
			6.91843971631206	-1.91843971631206
			6.92198581560284	-1.92198581560284
			6.92553191489362	-1.92198581560284
			6.9290780141844	-1.92553191489362
			6.93262411347518	-1.92553191489362
			6.93617021276596	-1.92553191489362
			6.93971631205674	-1.9290780141844
			6.94326241134752	-1.9290780141844
			6.9468085106383	-1.93262411347518
			6.95035460992908	-1.93262411347518
			6.95390070921986	-1.93617021276596
			6.95744680851064	-1.93617021276596
			6.96099290780142	-1.93617021276596
			6.9645390070922	-1.93971631205674
			6.96808510638298	-1.93971631205674
			6.97163120567376	-1.94326241134752
			6.97517730496454	-1.94326241134752
			6.97872340425532	-1.9468085106383
			6.9822695035461	-1.9468085106383
			6.98581560283688	-1.9468085106383
			6.98936170212766	-1.95035460992908
			6.99290780141844	-1.95035460992908
			6.99645390070922	-1.95390070921986
			7	-1.95390070921986
			7.00354609929078	-1.95744680851064
			7.00709219858156	-1.95744680851064
			7.01063829787234	-1.96099290780142
			7.01418439716312	-1.96099290780142
			7.0177304964539	-1.96099290780142
			7.02127659574468	-1.9645390070922
			7.02482269503546	-1.9645390070922
			7.02836879432624	-1.96808510638298
			7.03191489361702	-1.96808510638298
			7.0354609929078	-1.97163120567376
			7.03900709219858	-1.97163120567376
			7.04255319148936	-1.97517730496454
			7.04609929078014	-1.97517730496454
			7.04964539007092	-1.97872340425532
			7.0531914893617	-1.97872340425532
			7.05673758865248	-1.9822695035461
			7.06028368794326	-1.9822695035461
			7.06382978723404	-1.98581560283688
			7.06737588652482	-1.98581560283688
			7.0709219858156	-1.98581560283688
			7.07446808510638	-1.98936170212766
			7.07801418439716	-1.98936170212766
			7.08156028368794	-1.99290780141844
			7.08510638297872	-1.99290780141844
			7.0886524822695	-1.99645390070922
			7.09219858156028	-1.99645390070922
			7.09574468085106	-2
			7.09929078014184	-2
			7.10283687943262	-2.00354609929078
			7.1063829787234	-2.00354609929078
			7.10992907801418	-2.00709219858156
			7.11347517730496	-2.00709219858156
			7.11702127659574	-2.00709219858156
			7.12056737588652	-2.01063829787234
			7.1241134751773	-2.01063829787234
			7.12765957446809	-2.01418439716312
			7.13120567375887	-2.01418439716312
			7.13475177304965	-2.0177304964539
			7.13829787234043	-2.0177304964539
			7.14184397163121	-2.02127659574468
			7.14539007092199	-2.02127659574468
			7.14893617021277	-2.02482269503546
			7.15248226950355	-2.02482269503546
			7.15602836879433	-2.02836879432624
			7.15957446808511	-2.02836879432624
			7.16312056737589	-2.03191489361702
			7.16666666666667	-2.03191489361702
			7.17021276595745	-2.0354609929078
			7.17375886524823	-2.0354609929078
			7.17730496453901	-2.0354609929078
			7.18085106382979	-2.03900709219858
			7.18439716312057	-2.03900709219858
			7.18794326241135	-2.04255319148936
			7.19148936170213	-2.04255319148936
			7.19503546099291	-2.04609929078014
			7.19858156028369	-2.04609929078014
			7.20212765957447	-2.04964539007092
			7.20567375886525	-2.04964539007092
			7.20921985815603	-2.0531914893617
			7.21276595744681	-2.0531914893617
			7.21631205673759	-2.05673758865248
			7.21985815602837	-2.05673758865248
			7.22340425531915	-2.06028368794326
			7.22695035460993	-2.06028368794326
			7.23049645390071	-2.06382978723404
			7.23404255319149	-2.06382978723404
			7.23758865248227	-2.06737588652482
			7.24113475177305	-2.06737588652482
			7.24468085106383	-2.0709219858156
			7.24822695035461	-2.0709219858156
			7.25177304964539	-2.07446808510638
			7.25531914893617	-2.07446808510638
			7.25886524822695	-2.07446808510638
			7.26241134751773	-2.07801418439716
			7.26595744680851	-2.07801418439716
			7.26950354609929	-2.08156028368794
			7.27304964539007	-2.08156028368794
			7.27659574468085	-2.08510638297872
			7.28014184397163	-2.08510638297872
			7.28014184397163	-2.0886524822695
			7.28368794326241	-2.0886524822695
			7.28723404255319	-2.09219858156028
			7.29078014184397	-2.09219858156028
			7.29432624113475	-2.09574468085106
			7.29787234042553	-2.09574468085106
			7.30141843971631	-2.09929078014184
			7.30496453900709	-2.09929078014184
			7.30851063829787	-2.10283687943262
			7.31205673758865	-2.10283687943262
			7.31560283687943	-2.1063829787234
			7.31914893617021	-2.1063829787234
			7.32269503546099	-2.10992907801418
			7.32624113475177	-2.10992907801418
			7.32978723404255	-2.11347517730496
			7.33333333333333	-2.11347517730496
			7.33687943262411	-2.11702127659574
			7.34042553191489	-2.11702127659574
			7.34397163120567	-2.12056737588652
			7.34751773049645	-2.12056737588652
			7.35106382978723	-2.1241134751773
			7.35460992907801	-2.1241134751773
			7.35815602836879	-2.12765957446809
			7.36170212765957	-2.12765957446809
			7.36524822695035	-2.13120567375887
			7.36879432624113	-2.13120567375887
			7.37234042553191	-2.13475177304965
			7.3758865248227	-2.13475177304965
			7.37943262411348	-2.13829787234043
			7.38297872340426	-2.13829787234043
			7.38652482269504	-2.14184397163121
			7.39007092198582	-2.14184397163121
			7.3936170212766	-2.14539007092199
			7.39716312056738	-2.14539007092199
			7.40070921985816	-2.14893617021277
			7.40425531914894	-2.14893617021277
			7.40780141843972	-2.15248226950355
			7.4113475177305	-2.15248226950355
			7.41489361702128	-2.15602836879433
			7.41843971631206	-2.15957446808511
			7.42198581560284	-2.15957446808511
			7.42553191489362	-2.16312056737589
			7.4290780141844	-2.16312056737589
			7.43262411347518	-2.16666666666667
			7.43617021276596	-2.17021276595745
			7.43971631205674	-2.17021276595745
			7.44326241134752	-2.17021276595745
			7.4468085106383	-2.17375886524823
			7.45035460992908	-2.17375886524823
			7.45390070921986	-2.17730496453901
			7.45744680851064	-2.18085106382979
			7.46099290780142	-2.18085106382979
			7.4645390070922	-2.18439716312057
			7.46808510638298	-2.18439716312057
			7.47163120567376	-2.18794326241135
			7.47517730496454	-2.18794326241135
			7.47872340425532	-2.19148936170213
			7.4822695035461	-2.19148936170213
			7.48581560283688	-2.19503546099291
			7.48936170212766	-2.19503546099291
			7.49290780141844	-2.19858156028369
			7.49645390070922	-2.20212765957447
			7.5	-2.20212765957447
			7.50354609929078	-2.20567375886525
			7.50709219858156	-2.20567375886525
			7.51063829787234	-2.20921985815603
			7.51418439716312	-2.20921985815603
			7.5177304964539	-2.21276595744681
			7.52127659574468	-2.21276595744681
			7.52482269503546	-2.21631205673759
			7.52836879432624	-2.21631205673759
			7.53191489361702	-2.21985815602837
			7.5354609929078	-2.22340425531915
			7.53900709219858	-2.22340425531915
			7.54255319148936	-2.22695035460993
			7.54609929078014	-2.22695035460993
			7.54964539007092	-2.23049645390071
			7.5531914893617	-2.23049645390071
			7.55673758865248	-2.23404255319149
			7.56028368794326	-2.23404255319149
			7.56382978723404	-2.23758865248227
			7.56737588652482	-2.24113475177305
			7.5709219858156	-2.24113475177305
			7.57446808510638	-2.24468085106383
			7.57801418439716	-2.24468085106383
			7.58156028368794	-2.24822695035461
			7.58510638297872	-2.24822695035461
			7.5886524822695	-2.25177304964539
			7.59219858156028	-2.25177304964539
			7.59574468085106	-2.25531914893617
			7.59929078014184	-2.25886524822695
			7.60283687943262	-2.25886524822695
			7.6063829787234	-2.26241134751773
			7.60992907801418	-2.26241134751773
			7.61347517730496	-2.26595744680851
			7.61702127659574	-2.26595744680851
			7.62056737588652	-2.26950354609929
			7.6241134751773	-2.27304964539007
			7.62765957446809	-2.27304964539007
			7.63120567375887	-2.27659574468085
			7.63475177304965	-2.27659574468085
			7.63829787234043	-2.28014184397163
			7.64184397163121	-2.28014184397163
			7.64539007092199	-2.28368794326241
			7.64893617021277	-2.28368794326241
			7.65248226950355	-2.28723404255319
			7.65602836879433	-2.29078014184397
			7.65957446808511	-2.29078014184397
			7.66312056737589	-2.29432624113475
			7.66666666666667	-2.29432624113475
			7.67021276595745	-2.29787234042553
			7.67375886524823	-2.29787234042553
			7.67730496453901	-2.30141843971631
			7.68085106382979	-2.30496453900709
			7.68439716312057	-2.30496453900709
			7.68794326241135	-2.30851063829787
			7.69148936170213	-2.30851063829787
			7.69503546099291	-2.31205673758865
			7.69858156028369	-2.31205673758865
			7.70212765957447	-2.31560283687943
			7.70567375886525	-2.31914893617021
			7.70921985815603	-2.31914893617021
			7.71276595744681	-2.32269503546099
			7.71631205673759	-2.32269503546099
			7.71985815602837	-2.32624113475177
			7.72340425531915	-2.32978723404255
			7.72695035460993	-2.32978723404255
			7.72695035460993	-2.33333333333333
			7.73049645390071	-2.33333333333333
			7.73404255319149	-2.33687943262411
			7.73758865248227	-2.33687943262411
			7.74113475177305	-2.34042553191489
			7.74468085106383	-2.34397163120567
			7.74822695035461	-2.34397163120567
			7.75177304964539	-2.34751773049645
			7.75531914893617	-2.34751773049645
			7.75886524822695	-2.35106382978723
			7.76241134751773	-2.35460992907801
			7.76595744680851	-2.35460992907801
			7.76950354609929	-2.35815602836879
			7.77304964539007	-2.35815602836879
			7.77659574468085	-2.36170212765957
			7.78014184397163	-2.36524822695035
			7.78368794326241	-2.36524822695035
			7.78723404255319	-2.36879432624113
			7.79078014184397	-2.36879432624113
			7.79432624113475	-2.37234042553191
			7.79787234042553	-2.37234042553191
			7.80141843971631	-2.3758865248227
			7.80496453900709	-2.37943262411348
			7.80851063829787	-2.37943262411348
			7.81205673758865	-2.38297872340426
			7.81560283687943	-2.38297872340426
			7.81914893617021	-2.38652482269504
			7.82269503546099	-2.39007092198582
			7.82624113475177	-2.39007092198582
			7.82978723404255	-2.3936170212766
			7.83333333333333	-2.3936170212766
			7.83687943262411	-2.39716312056738
			7.84042553191489	-2.40070921985816
			7.84397163120567	-2.40070921985816
			7.84751773049645	-2.40425531914894
			7.85106382978723	-2.40425531914894
			7.85460992907801	-2.40780141843972
			7.85815602836879	-2.4113475177305
			7.86170212765957	-2.4113475177305
			7.86524822695035	-2.41489361702128
			7.86879432624113	-2.41843971631206
			7.87234042553191	-2.41843971631206
			7.8758865248227	-2.42198581560284
			7.87943262411348	-2.42198581560284
			7.87943262411348	-2.42553191489362
			7.88297872340426	-2.42553191489362
			7.88652482269504	-2.4290780141844
			7.89007092198582	-2.43262411347518
			7.8936170212766	-2.43262411347518
			7.89716312056738	-2.43617021276596
			7.90070921985816	-2.43617021276596
			7.90425531914894	-2.43971631205674
			7.90780141843972	-2.44326241134752
			7.9113475177305	-2.44326241134752
			7.9113475177305	-2.4468085106383
			7.91489361702128	-2.4468085106383
			7.91843971631206	-2.45035460992908
			7.92198581560284	-2.45035460992908
			7.92553191489362	-2.45390070921986
			7.9290780141844	-2.45390070921986
			7.9290780141844	-2.45744680851064
			7.93262411347518	-2.45744680851064
			7.93617021276596	-2.46099290780142
			7.93971631205674	-2.46099290780142
			7.94326241134752	-2.4645390070922
			7.9468085106383	-2.4645390070922
			7.9468085106383	-2.46808510638298
			7.95035460992908	-2.47163120567376
			7.95390070921986	-2.47163120567376
			7.95744680851064	-2.47517730496454
			7.96099290780142	-2.47517730496454
			7.9645390070922	-2.47872340425532
			7.96808510638298	-2.4822695035461
			7.97163120567376	-2.4822695035461
			7.97517730496454	-2.48581560283688
			7.97872340425532	-2.48936170212766
			7.9822695035461	-2.48936170212766
			7.98581560283688	-2.49290780141844
			7.98936170212766	-2.49645390070922
			7.99290780141844	-2.49645390070922
			7.99645390070922	-2.5
			8	-2.50354609929078
			8.00354609929078	-2.50354609929078
			8.00709219858156	-2.50709219858156
			8.01063829787234	-2.51063829787234
			8.01418439716312	-2.51063829787234
			8.0177304964539	-2.51418439716312
			8.02127659574468	-2.5177304964539
			8.02482269503546	-2.5177304964539
			8.02836879432624	-2.52127659574468
			8.03191489361702	-2.52127659574468
			8.0354609929078	-2.52482269503546
			8.03900709219858	-2.52836879432624
			8.04255319148936	-2.52836879432624
			8.04609929078014	-2.53191489361702
			8.04964539007092	-2.5354609929078
			8.0531914893617	-2.5354609929078
			8.05673758865248	-2.53900709219858
			8.06028368794326	-2.54255319148936
			8.06382978723404	-2.54255319148936
			8.06737588652482	-2.54609929078014
			8.0709219858156	-2.54964539007092
			8.07446808510638	-2.54964539007092
			8.07801418439716	-2.5531914893617
			8.08156028368794	-2.55673758865248
			8.08510638297872	-2.55673758865248
			8.0886524822695	-2.56028368794326
			8.09219858156028	-2.56382978723404
			8.09574468085106	-2.56382978723404
			8.09929078014184	-2.56737588652482
			8.10283687943262	-2.5709219858156
			8.1063829787234	-2.5709219858156
			8.10992907801418	-2.57446808510638
			8.11347517730496	-2.57801418439716
			8.11702127659574	-2.57801418439716
			8.12056737588652	-2.58156028368794
			8.1241134751773	-2.58510638297872
			8.12765957446809	-2.58510638297872
			8.13120567375887	-2.5886524822695
			8.13475177304965	-2.59219858156028
			8.13829787234043	-2.59219858156028
			8.14184397163121	-2.59574468085106
			8.14539007092199	-2.59929078014184
			8.14893617021277	-2.60283687943262
			8.15248226950355	-2.60283687943262
			8.15602836879433	-2.6063829787234
			8.15957446808511	-2.60992907801418
			8.16312056737589	-2.60992907801418
			8.16666666666667	-2.61347517730496
			8.17021276595745	-2.61702127659574
			8.17375886524823	-2.61702127659574
			8.17730496453901	-2.62056737588652
			8.17730496453901	-2.6241134751773
			8.18085106382979	-2.6241134751773
			8.18439716312057	-2.62765957446809
			8.18794326241135	-2.63120567375887
			8.19148936170213	-2.63120567375887
			8.19503546099291	-2.63475177304965
			8.19858156028369	-2.63829787234043
			8.20212765957447	-2.63829787234043
			8.20567375886525	-2.64184397163121
			8.20921985815603	-2.64539007092199
			8.21276595744681	-2.64893617021277
			8.21631205673759	-2.64893617021277
			8.21985815602837	-2.65248226950355
			8.22340425531915	-2.65602836879433
			8.22695035460993	-2.65602836879433
			8.23049645390071	-2.65957446808511
			8.23404255319149	-2.66312056737589
			8.23758865248227	-2.66312056737589
			8.24113475177305	-2.66666666666667
			8.24468085106383	-2.67021276595745
			8.24822695035461	-2.67021276595745
			8.25177304964539	-2.67375886524823
			8.25531914893617	-2.67730496453901
			8.25886524822695	-2.68085106382979
			8.26241134751773	-2.68085106382979
			8.26595744680851	-2.68439716312057
			8.26950354609929	-2.68794326241135
			8.27304964539007	-2.68794326241135
			8.27659574468085	-2.69148936170213
			8.28014184397163	-2.69503546099291
			8.28368794326241	-2.69503546099291
			8.28723404255319	-2.69858156028369
			8.29078014184397	-2.70212765957447
			8.29432624113475	-2.70567375886525
			8.29787234042553	-2.70567375886525
			8.30141843971631	-2.70921985815603
			8.30496453900709	-2.71276595744681
			8.30851063829787	-2.71631205673759
			8.31205673758865	-2.71985815602837
			8.31560283687943	-2.71985815602837
			8.31914893617021	-2.72340425531915
			8.32269503546099	-2.72695035460993
			8.32624113475177	-2.73049645390071
			8.32978723404255	-2.73049645390071
			8.33333333333333	-2.73404255319149
			8.33687943262411	-2.73758865248227
			8.34042553191489	-2.73758865248227
			8.34042553191489	-2.74113475177305
			8.34397163120567	-2.74113475177305
			8.34751773049645	-2.74468085106383
			8.35106382978723	-2.74822695035461
			8.35460992907801	-2.74822695035461
			8.35815602836879	-2.75177304964539
			8.36170212765957	-2.75531914893617
			8.36524822695035	-2.75886524822695
			8.36879432624113	-2.76241134751773
			8.37234042553191	-2.76241134751773
			8.3758865248227	-2.76595744680851
			8.37943262411348	-2.76950354609929
			8.38297872340426	-2.77304964539007
			8.38652482269504	-2.77304964539007
			8.39007092198582	-2.77659574468085
			8.3936170212766	-2.78014184397163
			8.39716312056738	-2.78368794326241
			8.40070921985816	-2.78368794326241
			8.40425531914894	-2.78723404255319
			8.40780141843972	-2.79078014184397
			8.4113475177305	-2.79432624113475
			8.41489361702128	-2.79432624113475
			8.41843971631206	-2.79787234042553
			8.42198581560284	-2.80141843971631
			8.42553191489362	-2.80496453900709
			8.4290780141844	-2.80496453900709
			8.43262411347518	-2.80851063829787
			8.43617021276596	-2.81205673758865
			8.43971631205674	-2.81560283687943
			8.44326241134752	-2.81560283687943
			8.4468085106383	-2.81914893617021
			8.45035460992908	-2.82269503546099
			8.45390070921986	-2.82624113475177
			8.45744680851064	-2.82624113475177
			8.46099290780142	-2.82978723404255
			8.4645390070922	-2.83333333333333
			8.46808510638298	-2.83687943262411
			8.47163120567376	-2.83687943262411
			8.47517730496454	-2.84042553191489
			8.47872340425532	-2.84397163120567
			8.4822695035461	-2.84751773049645
			8.48581560283688	-2.85106382978723
			8.48936170212766	-2.85106382978723
			8.49290780141844	-2.85460992907801
			8.49645390070922	-2.85815602836879
			8.5	-2.86170212765957
			8.50354609929078	-2.86170212765957
			8.50709219858156	-2.86524822695035
			8.51063829787234	-2.86879432624113
			8.51418439716312	-2.87234042553191
			8.5177304964539	-2.87234042553191
			8.52127659574468	-2.8758865248227
			8.52482269503546	-2.87943262411348
			8.52836879432624	-2.88297872340426
			8.53191489361702	-2.88652482269504
			8.5354609929078	-2.88652482269504
			8.53900709219858	-2.89007092198582
			8.54255319148936	-2.8936170212766
			8.54609929078014	-2.89716312056738
			8.54964539007092	-2.89716312056738
			8.5531914893617	-2.90070921985816
			8.55673758865248	-2.90425531914894
			8.56028368794326	-2.90780141843972
			8.56382978723404	-2.9113475177305
			8.56737588652482	-2.9113475177305
			8.5709219858156	-2.91489361702128
			8.57446808510638	-2.91843971631206
			8.57801418439716	-2.92198581560284
			8.58156028368794	-2.92198581560284
			8.58510638297872	-2.92553191489362
			8.5886524822695	-2.9290780141844
			8.59219858156028	-2.93262411347518
			8.59574468085106	-2.93617021276596
			8.59929078014184	-2.93971631205674
			8.60283687943262	-2.94326241134752
			8.6063829787234	-2.94326241134752
			8.60992907801418	-2.9468085106383
			8.61347517730496	-2.95035460992908
			8.61702127659574	-2.95390070921986
			8.62056737588652	-2.95744680851064
			8.6241134751773	-2.96099290780142
			8.62765957446809	-2.96099290780142
			8.63120567375887	-2.9645390070922
			8.63475177304965	-2.96808510638298
			8.63829787234043	-2.97163120567376
			8.64184397163121	-2.97517730496454
			8.64539007092199	-2.97872340425532
			8.64893617021277	-2.9822695035461
			8.65248226950355	-2.9822695035461
			8.65602836879433	-2.98581560283688
			8.65957446808511	-2.98936170212766
			8.66312056737589	-2.99290780141844
			8.66666666666667	-2.99645390070922
			8.67021276595745	-2.99645390070922
			8.67375886524823	-3
			8.67730496453901	-3.00354609929078
			8.68085106382979	-3.00709219858156
			8.68439716312057	-3.01063829787234
			8.68794326241135	-3.01418439716312
			8.69148936170213	-3.0177304964539
			8.69503546099291	-3.0177304964539
			8.69858156028369	-3.02127659574468
			8.70212765957447	-3.02482269503546
			8.70567375886525	-3.02836879432624
			8.70921985815603	-3.03191489361702
			8.71276595744681	-3.0354609929078
			8.71631205673759	-3.0354609929078
			8.71985815602837	-3.03900709219858
			8.72340425531915	-3.04255319148936
			8.72695035460993	-3.04609929078014
			8.73049645390071	-3.04964539007092
			8.73404255319149	-3.0531914893617
			8.73758865248227	-3.0531914893617
			8.74113475177305	-3.05673758865248
			8.74468085106383	-3.06028368794326
			8.74822695035461	-3.06382978723404
			8.75177304964539	-3.06737588652482
			8.75531914893617	-3.0709219858156
			8.75886524822695	-3.07446808510638
			8.76241134751773	-3.07446808510638
			8.76595744680851	-3.07801418439716
			8.76950354609929	-3.08156028368794
			8.77304964539007	-3.08510638297872
			8.77659574468085	-3.0886524822695
			8.78014184397163	-3.09219858156028
			8.78368794326241	-3.09574468085106
			8.78723404255319	-3.09574468085106
			8.79078014184397	-3.09929078014184
			8.79432624113475	-3.10283687943262
			8.79787234042553	-3.1063829787234
			8.80141843971631	-3.10992907801418
			8.80496453900709	-3.11347517730496
			8.80851063829787	-3.11702127659574
			8.81205673758865	-3.11702127659574
			8.81560283687943	-3.12056737588652
			8.81914893617021	-3.1241134751773
			8.82269503546099	-3.12765957446809
			8.82624113475177	-3.13120567375887
			8.82978723404255	-3.13475177304965
			8.83333333333333	-3.13829787234043
			8.83687943262411	-3.13829787234043
			8.84042553191489	-3.14184397163121
			8.84397163120567	-3.14539007092199
			8.84751773049645	-3.14893617021277
			8.85106382978723	-3.15248226950355
			8.85460992907801	-3.15602836879433
			8.85815602836879	-3.15957446808511
			8.86170212765957	-3.16312056737589
			8.86524822695035	-3.16312056737589
			8.86879432624113	-3.16666666666667
			8.87234042553191	-3.17021276595745
			8.8758865248227	-3.17375886524823
			8.87943262411348	-3.17730496453901
			8.88297872340426	-3.18085106382979
			8.88652482269504	-3.18439716312057
			8.89007092198582	-3.18794326241135
			8.8936170212766	-3.18794326241135
			8.89716312056738	-3.19148936170213
			8.90070921985816	-3.19503546099291
			8.90425531914894	-3.19858156028369
			8.90780141843972	-3.20212765957447
			8.9113475177305	-3.20567375886525
			8.91489361702128	-3.20921985815603
			8.91843971631206	-3.21276595744681
			8.92198581560284	-3.21631205673759
			8.92553191489362	-3.21631205673759
			8.9290780141844	-3.21985815602837
			8.93262411347518	-3.22340425531915
			8.93617021276596	-3.22695035460993
			8.93971631205674	-3.23049645390071
			8.94326241134752	-3.23404255319149
			8.9468085106383	-3.23758865248227
			8.95035460992908	-3.24113475177305
			8.95390070921986	-3.24468085106383
			8.95744680851064	-3.24468085106383
			8.96099290780142	-3.24822695035461
			8.9645390070922	-3.25177304964539
			8.96808510638298	-3.25531914893617
			8.97163120567376	-3.25886524822695
			8.97517730496454	-3.26241134751773
			8.97872340425532	-3.26595744680851
			8.97872340425532	-3.26950354609929
			8.9822695035461	-3.27304964539007
			8.98581560283688	-3.27304964539007
			8.98936170212766	-3.27659574468085
			8.99290780141844	-3.28014184397163
			8.99645390070922	-3.28368794326241
			9	-3.28723404255319
			9.00354609929078	-3.29078014184397
			9.00709219858156	-3.29432624113475
			9.01063829787234	-3.29787234042553
			9.01418439716312	-3.30141843971631
			9.0177304964539	-3.30496453900709
			9.02127659574468	-3.30496453900709
			9.02482269503546	-3.30851063829787
			9.02836879432624	-3.31205673758865
			9.03191489361702	-3.31560283687943
			9.0354609929078	-3.31914893617021
			9.03900709219858	-3.32269503546099
			9.04255319148936	-3.32624113475177
			9.04609929078014	-3.32978723404255
			9.04964539007092	-3.33333333333333
			9.0531914893617	-3.33687943262411
			9.05673758865248	-3.34042553191489
			9.06028368794326	-3.34397163120567
			9.06382978723404	-3.34397163120567
			9.06737588652482	-3.34751773049645
			9.0709219858156	-3.35106382978723
			9.07446808510638	-3.35460992907801
			9.07801418439716	-3.35815602836879
			9.08156028368794	-3.36170212765957
			9.08510638297872	-3.36524822695035
			9.0886524822695	-3.36879432624113
			9.09219858156028	-3.37234042553191
			9.09219858156028	-3.3758865248227
			9.09574468085106	-3.37943262411348
			9.09929078014184	-3.38297872340426
			9.10283687943262	-3.38297872340426
			9.1063829787234	-3.38652482269504
			9.10992907801418	-3.39007092198582
			9.11347517730496	-3.3936170212766
			9.11702127659574	-3.39716312056738
			9.12056737588652	-3.40070921985816
			9.1241134751773	-3.40425531914894
			9.12765957446809	-3.40780141843972
			9.13120567375887	-3.4113475177305
			9.13475177304965	-3.41489361702128
			9.13829787234043	-3.41843971631206
			9.14184397163121	-3.42198581560284
			9.14539007092199	-3.42553191489362
			9.14893617021277	-3.4290780141844
			9.15248226950355	-3.4290780141844
			9.15602836879433	-3.43262411347518
			9.15957446808511	-3.43617021276596
			9.16312056737589	-3.43971631205674
			9.16666666666667	-3.44326241134752
			9.17021276595745	-3.4468085106383
			9.17375886524823	-3.45035460992908
			9.17730496453901	-3.45390070921986
			9.17730496453901	-3.45744680851064
			9.18085106382979	-3.46099290780142
			9.18439716312057	-3.4645390070922
			9.18794326241135	-3.46808510638298
			9.19148936170213	-3.47163120567376
			9.19503546099291	-3.47517730496454
			9.19858156028369	-3.47872340425532
			9.20212765957447	-3.4822695035461
			9.20567375886525	-3.48581560283688
			9.20921985815603	-3.48581560283688
			9.21276595744681	-3.48936170212766
			9.21631205673759	-3.49290780141844
			9.21985815602837	-3.49645390070922
			9.22340425531915	-3.5
			9.22695035460993	-3.50354609929078
			9.23049645390071	-3.50709219858156
			9.23404255319149	-3.51063829787234
			9.23758865248227	-3.51418439716312
			9.24113475177305	-3.5177304964539
			9.24468085106383	-3.52127659574468
			9.24822695035461	-3.52482269503546
			9.24822695035461	-3.52836879432624
			9.25177304964539	-3.53191489361702
			9.25531914893617	-3.5354609929078
			9.25886524822695	-3.53900709219858
			9.26241134751773	-3.54255319148936
			9.26595744680851	-3.54609929078014
			9.26950354609929	-3.54964539007092
			9.27304964539007	-3.5531914893617
			9.27659574468085	-3.55673758865248
			9.28014184397163	-3.55673758865248
			9.28368794326241	-3.56028368794326
			9.28723404255319	-3.56382978723404
			9.29078014184397	-3.56737588652482
			9.29432624113475	-3.5709219858156
			9.29787234042553	-3.57446808510638
			9.30141843971631	-3.57801418439716
			9.30496453900709	-3.58156028368794
			9.30851063829787	-3.58510638297872
			9.30851063829787	-3.5886524822695
			9.31205673758865	-3.59219858156028
			9.31560283687943	-3.59574468085106
			9.31914893617021	-3.59929078014184
			9.32269503546099	-3.60283687943262
			9.32624113475177	-3.6063829787234
			9.32978723404255	-3.60992907801418
			9.33333333333333	-3.61347517730496
			9.33687943262411	-3.61702127659574
			9.34042553191489	-3.62056737588652
			9.34397163120567	-3.6241134751773
			9.34751773049645	-3.62765957446809
			9.35106382978723	-3.63120567375887
			9.35460992907801	-3.63475177304965
			9.35815602836879	-3.63829787234043
			9.36170212765957	-3.64184397163121
			9.36524822695035	-3.64539007092199
			9.36524822695035	-3.64893617021277
			9.36879432624113	-3.65248226950355
			9.37234042553191	-3.65602836879433
			9.3758865248227	-3.65957446808511
			9.37943262411348	-3.66312056737589
			9.38297872340426	-3.66666666666667
			9.38652482269504	-3.67021276595745
			9.39007092198582	-3.67375886524823
			9.3936170212766	-3.67730496453901
			9.39716312056738	-3.68085106382979
			9.40070921985816	-3.68439716312057
			9.40425531914894	-3.68794326241135
			9.40780141843972	-3.69148936170213
			9.4113475177305	-3.69503546099291
			9.41489361702128	-3.69858156028369
			9.41489361702128	-3.70212765957447
			9.41843971631206	-3.70567375886525
			9.42198581560284	-3.70921985815603
			9.42553191489362	-3.71276595744681
			9.4290780141844	-3.71631205673759
			9.43262411347518	-3.71985815602837
			9.43617021276596	-3.71985815602837
			9.43971631205674	-3.72340425531915
			9.44326241134752	-3.72695035460993
			9.4468085106383	-3.73049645390071
			9.45035460992908	-3.73404255319149
			9.45390070921986	-3.73758865248227
			9.45744680851064	-3.74113475177305
			9.46099290780142	-3.74468085106383
			9.46099290780142	-3.74822695035461
			9.4645390070922	-3.75177304964539
			9.46808510638298	-3.75531914893617
			9.47163120567376	-3.75886524822695
			9.47163120567376	-3.76241134751773
			9.47517730496454	-3.76241134751773
			9.47872340425532	-3.76595744680851
			9.47872340425532	-3.76950354609929
			9.4822695035461	-3.76950354609929
			9.4822695035461	-3.77304964539007
			9.48581560283688	-3.77304964539007
			9.48581560283688	-3.77659574468085
			9.48936170212766	-3.78014184397163
			9.49290780141844	-3.78368794326241
			9.49645390070922	-3.78723404255319
			9.5	-3.79078014184397
			9.50354609929078	-3.79432624113475
			9.50709219858156	-3.79787234042553
			9.51063829787234	-3.80141843971631
			9.51063829787234	-3.80496453900709
			9.51418439716312	-3.80496453900709
			9.5177304964539	-3.80851063829787
			9.5177304964539	-3.81205673758865
			9.52127659574468	-3.81205673758865
			9.52482269503546	-3.81560283687943
			9.52482269503546	-3.81914893617021
			9.52836879432624	-3.82269503546099
			9.53191489361702	-3.82269503546099
			9.53191489361702	-3.82624113475177
			9.5354609929078	-3.82978723404255
			9.53900709219858	-3.83333333333333
			9.54255319148936	-3.83687943262411
			9.54609929078014	-3.84042553191489
			9.54609929078014	-3.84397163120567
			9.54964539007092	-3.84751773049645
			9.5531914893617	-3.85106382978723
			9.55673758865248	-3.85106382978723
			9.56028368794326	-3.85460992907801
			9.56028368794326	-3.85815602836879
			9.56382978723404	-3.86170212765957
			9.56737588652482	-3.86524822695035
			9.5709219858156	-3.86879432624113
			9.57446808510638	-3.87234042553191
			9.57446808510638	-3.8758865248227
			9.57801418439716	-3.87943262411348
			9.58156028368794	-3.87943262411348
			9.58510638297872	-3.88297872340426
			9.5886524822695	-3.88652482269504
			9.5886524822695	-3.89007092198582
			9.59219858156028	-3.8936170212766
			9.59574468085106	-3.89716312056738
			9.59929078014184	-3.90070921985816
			9.59929078014184	-3.90425531914894
			9.60283687943262	-3.90780141843972
			9.6063829787234	-3.90780141843972
			9.60992907801418	-3.9113475177305
			9.61347517730496	-3.91489361702128
			9.61347517730496	-3.91843971631206
			9.61702127659574	-3.92198581560284
			9.62056737588652	-3.92553191489362
			9.6241134751773	-3.9290780141844
			9.62765957446809	-3.93262411347518
			9.62765957446809	-3.93617021276596
			9.63120567375887	-3.93971631205674
			9.63475177304965	-3.93971631205674
			9.63829787234043	-3.94326241134752
			9.63829787234043	-3.9468085106383
			9.64184397163121	-3.95035460992908
			9.64539007092199	-3.95390070921986
			9.64893617021277	-3.95744680851064
			9.65248226950355	-3.96099290780142
			9.65248226950355	-3.9645390070922
			9.65602836879433	-3.96808510638298
			9.65957446808511	-3.97163120567376
			9.66312056737589	-3.97163120567376
			9.66666666666667	-3.97517730496454
			9.66666666666667	-3.97872340425532
			9.67021276595745	-3.9822695035461
			9.67375886524823	-3.98581560283688
			9.67730496453901	-3.98936170212766
			9.67730496453901	-3.99290780141844
			9.68085106382979	-3.99645390070922
			9.68439716312057	-4
			9.68794326241135	-4.00354609929078
			9.69148936170213	-4.00709219858156
			9.69503546099291	-4.01063829787234
			9.69858156028369	-4.01418439716312
			9.70212765957447	-4.0177304964539
			9.70212765957447	-4.02127659574468
			9.70567375886525	-4.02127659574468
			9.70567375886525	-4.02482269503546
			9.70921985815603	-4.02836879432624
			9.71276595744681	-4.03191489361702
			9.71631205673759	-4.0354609929078
			9.71985815602837	-4.03900709219858
			9.71985815602837	-4.04255319148936
			9.72340425531915	-4.04609929078014
			9.72695035460993	-4.04964539007092
			9.73049645390071	-4.0531914893617
			9.73404255319149	-4.05673758865248
			9.73758865248227	-4.06028368794326
			9.74113475177305	-4.06382978723404
			9.74113475177305	-4.06737588652482
			9.74468085106383	-4.0709219858156
			9.74822695035461	-4.07446808510638
			9.75177304964539	-4.07801418439716
			9.75531914893617	-4.08156028368794
			9.75531914893617	-4.08510638297872
			9.75886524822695	-4.0886524822695
			9.76241134751773	-4.09219858156028
			9.76595744680851	-4.09574468085106
			9.76950354609929	-4.09929078014184
			9.76950354609929	-4.10283687943262
			9.77304964539007	-4.10283687943262
			9.77659574468085	-4.1063829787234
			9.78014184397163	-4.10992907801418
			9.78368794326241	-4.11347517730496
			9.78368794326241	-4.11702127659574
			9.78723404255319	-4.12056737588652
			9.79078014184397	-4.1241134751773
			9.79432624113475	-4.12765957446809
			9.79787234042553	-4.13120567375887
			9.79787234042553	-4.13475177304965
			9.80141843971631	-4.13829787234043
			9.80496453900709	-4.14184397163121
			9.80851063829787	-4.14539007092199
			9.81205673758865	-4.14893617021277
			9.81205673758865	-4.15248226950355
			9.81560283687943	-4.15602836879433
			9.81914893617021	-4.15957446808511
			9.82269503546099	-4.16312056737589
			9.82624113475177	-4.16666666666667
			9.82624113475177	-4.17021276595745
			9.82978723404255	-4.17375886524823
			9.83333333333333	-4.17730496453901
			9.83687943262411	-4.18085106382979
			9.83687943262411	-4.18439716312057
			9.84042553191489	-4.18794326241135
			9.84397163120567	-4.19148936170213
			9.84751773049645	-4.19503546099291
			9.85106382978723	-4.19858156028369
			9.85106382978723	-4.20212765957447
			9.85460992907801	-4.20567375886525
			9.85815602836879	-4.20921985815603
			9.86170212765957	-4.21276595744681
			9.86524822695035	-4.21631205673759
			9.86879432624113	-4.21985815602837
			9.87234042553191	-4.22340425531915
			9.87234042553191	-4.22695035460993
			9.8758865248227	-4.23049645390071
			9.87943262411348	-4.23404255319149
			9.88297872340426	-4.23758865248227
			9.88652482269504	-4.24113475177305
			9.89007092198582	-4.24468085106383
			9.89007092198582	-4.24822695035461
			9.8936170212766	-4.25177304964539
			9.89716312056738	-4.25531914893617
			9.89716312056738	-4.25886524822695
			9.90070921985816	-4.25886524822695
			9.90425531914894	-4.26241134751773
			9.90425531914894	-4.26595744680851
			9.90780141843972	-4.26950354609929
			9.9113475177305	-4.27304964539007
			9.9113475177305	-4.27659574468085
			9.91489361702128	-4.27659574468085
			9.91843971631206	-4.28014184397163
			9.91843971631206	-4.28368794326241
			9.92198581560284	-4.28723404255319
			9.92553191489362	-4.29078014184397
			9.92553191489362	-4.29432624113475
			9.9290780141844	-4.29787234042553
			9.93262411347518	-4.29787234042553
			9.93262411347518	-4.30141843971631
			9.93617021276596	-4.30496453900709
			9.93971631205674	-4.30851063829787
			9.93971631205674	-4.31205673758865
			9.94326241134752	-4.31560283687943
			9.9468085106383	-4.31914893617021
			9.95035460992908	-4.32269503546099
			9.95390070921986	-4.32624113475177
			9.95744680851064	-4.32978723404255
			9.95744680851064	-4.33333333333333
			9.96099290780142	-4.33687943262411
			9.9645390070922	-4.34042553191489
			9.96808510638298	-4.34397163120567
			9.97163120567376	-4.34751773049645
			9.97517730496454	-4.35106382978723
			9.97517730496454	-4.35460992907801
			9.97872340425532	-4.35815602836879
			9.97872340425532	-4.36170212765957
			9.9822695035461	-4.36524822695035
			9.98581560283688	-4.36879432624113
			9.98936170212766	-4.37234042553191
			9.99290780141844	-4.3758865248227
			9.99290780141844	-4.37943262411348
			9.99645390070922	-4.37943262411348
			9.99645390070922	-4.38297872340426
			10	-4.38652482269504
			10	-4.39007092198582
			10.0035460992908	-4.3936170212766
			10.0070921985816	-4.3936170212766
			10.0070921985816	-4.39716312056738
			10.0106382978723	-4.40070921985816
			10.0106382978723	-4.40425531914894
			10.0141843971631	-4.40425531914894
			10.0177304964539	-4.40780141843972
			10.0177304964539	-4.4113475177305
			10.0212765957447	-4.41489361702128
			10.0248226950355	-4.41843971631206
			10.0283687943262	-4.42198581560284
			10.0283687943262	-4.42553191489362
			10.031914893617	-4.4290780141844
			10.0354609929078	-4.43262411347518
			10.0354609929078	-4.43617021276596
			10.0390070921986	-4.43971631205674
			10.0425531914894	-4.43971631205674
			10.0425531914894	-4.44326241134752
			10.0460992907801	-4.4468085106383
			10.0496453900709	-4.45035460992908
			10.0496453900709	-4.45390070921986
			10.0531914893617	-4.45744680851064
			10.0567375886525	-4.46099290780142
			10.0602836879433	-4.4645390070922
			10.0602836879433	-4.46808510638298
			10.063829787234	-4.47163120567376
			10.0673758865248	-4.47517730496454
			10.0709219858156	-4.47872340425532
			10.0744680851064	-4.4822695035461
			10.0744680851064	-4.48581560283688
			10.0780141843972	-4.48936170212766
			10.0815602836879	-4.49290780141844
			10.0851063829787	-4.49645390070922
			10.0851063829787	-4.5
			10.0886524822695	-4.50354609929078
			10.0921985815603	-4.50709219858156
			10.0921985815603	-4.51063829787234
			10.0957446808511	-4.51063829787234
			10.0957446808511	-4.51418439716312
			10.0992907801418	-4.5177304964539
			10.1028368794326	-4.52127659574468
			10.1028368794326	-4.52482269503546
			10.1063829787234	-4.52482269503546
			10.1063829787234	-4.52836879432624
			10.1099290780142	-4.53191489361702
			10.113475177305	-4.5354609929078
			10.113475177305	-4.53900709219858
			10.1170212765957	-4.53900709219858
			10.1170212765957	-4.54255319148936
			10.1205673758865	-4.54609929078014
			10.1241134751773	-4.54964539007092
			10.1241134751773	-4.5531914893617
			10.1276595744681	-4.5531914893617
			10.1276595744681	-4.55673758865248
			10.1312056737589	-4.56028368794326
			10.1312056737589	-4.56382978723404
			10.1347517730496	-4.56737588652482
			10.1382978723404	-4.56737588652482
			10.1382978723404	-4.5709219858156
			10.1418439716312	-4.57446808510638
			10.1418439716312	-4.57801418439716
			10.145390070922	-4.58156028368794
			10.1489361702128	-4.58156028368794
			10.1489361702128	-4.58510638297872
			10.1524822695035	-4.5886524822695
			10.1524822695035	-4.59219858156028
			10.1560283687943	-4.59574468085106
			10.1595744680851	-4.59574468085106
			10.1595744680851	-4.59929078014184
			10.1631205673759	-4.60283687943262
			10.1631205673759	-4.6063829787234
			10.1666666666667	-4.60992907801418
			10.1702127659574	-4.60992907801418
			10.1702127659574	-4.61347517730496
			10.1737588652482	-4.61702127659574
			10.1737588652482	-4.62056737588652
			10.177304964539	-4.6241134751773
			10.177304964539	-4.62765957446809
			10.1808510638298	-4.62765957446809
			10.1843971631206	-4.63120567375887
			10.1843971631206	-4.63475177304965
			10.1879432624113	-4.63829787234043
			10.1879432624113	-4.64184397163121
			10.1914893617021	-4.64184397163121
			10.1950354609929	-4.64539007092199
			10.1950354609929	-4.64893617021277
			10.1985815602837	-4.65248226950355
			10.1985815602837	-4.65602836879433
			10.2021276595745	-4.65602836879433
			10.2056737588652	-4.65957446808511
			10.2056737588652	-4.66312056737589
			10.209219858156	-4.66666666666667
			10.209219858156	-4.67021276595745
			10.2127659574468	-4.67375886524823
			10.2163120567376	-4.67730496453901
			10.2198581560284	-4.68085106382979
			10.2198581560284	-4.68439716312057
			10.2234042553191	-4.68794326241135
			10.2269503546099	-4.69148936170213
			10.2304964539007	-4.69503546099291
			10.2304964539007	-4.69858156028369
			10.2340425531915	-4.70212765957447
			10.2375886524823	-4.70567375886525
			10.2375886524823	-4.70921985815603
			10.241134751773	-4.71276595744681
			10.2446808510638	-4.71631205673759
			10.2446808510638	-4.71985815602837
			10.2482269503546	-4.72340425531915
			10.2517730496454	-4.72695035460993
			10.2553191489362	-4.73049645390071
			10.2553191489362	-4.73404255319149
			10.258865248227	-4.73758865248227
			10.2624113475177	-4.74113475177305
			10.2624113475177	-4.74468085106383
			10.2659574468085	-4.74822695035461
			10.2695035460993	-4.75177304964539
			10.2695035460993	-4.75531914893617
			10.2730496453901	-4.75886524822695
			10.2765957446809	-4.76241134751773
			10.2765957446809	-4.76595744680851
			10.2801418439716	-4.76950354609929
			10.2836879432624	-4.77304964539007
			10.2872340425532	-4.77659574468085
			10.2872340425532	-4.78014184397163
			10.290780141844	-4.78368794326241
			10.2943262411348	-4.78723404255319
			10.2943262411348	-4.79078014184397
			10.2978723404255	-4.79432624113475
			10.3014184397163	-4.79787234042553
			10.3014184397163	-4.80141843971631
			10.3049645390071	-4.80496453900709
			10.3085106382979	-4.80851063829787
			10.3120567375887	-4.81205673758865
			10.3120567375887	-4.81560283687943
			10.3156028368794	-4.81914893617021
			10.3191489361702	-4.82269503546099
			10.3191489361702	-4.82624113475177
			10.322695035461	-4.82978723404255
			10.3262411347518	-4.83333333333333
			10.3262411347518	-4.83687943262411
			10.3297872340426	-4.84042553191489
			10.3333333333333	-4.84397163120567
			10.3333333333333	-4.84751773049645
			10.3368794326241	-4.85106382978723
			10.3404255319149	-4.85460992907801
			10.3439716312057	-4.85815602836879
			10.3439716312057	-4.86170212765957
			10.3475177304965	-4.86524822695035
			10.3510638297872	-4.86879432624113
			10.3510638297872	-4.87234042553191
			10.354609929078	-4.8758865248227
			10.3581560283688	-4.87943262411348
			10.3581560283688	-4.88297872340426
			10.3617021276596	-4.88652482269504
			10.3652482269504	-4.89007092198582
			10.3652482269504	-4.8936170212766
			10.3687943262411	-4.89716312056738
			10.3723404255319	-4.90070921985816
			10.3723404255319	-4.90425531914894
			10.3758865248227	-4.90780141843972
			10.3794326241135	-4.9113475177305
			10.3829787234043	-4.91489361702128
			10.3829787234043	-4.91843971631206
			10.386524822695	-4.92198581560284
			10.3900709219858	-4.92553191489362
			10.3900709219858	-4.9290780141844
			10.3936170212766	-4.93262411347518
			10.3971631205674	-4.93617021276596
			10.3971631205674	-4.93971631205674
			10.4007092198582	-4.94326241134752
			10.4042553191489	-4.9468085106383
			10.4042553191489	-4.95035460992908
			10.4078014184397	-4.95390070921986
			10.4113475177305	-4.95744680851064
			10.4113475177305	-4.96099290780142
			10.4148936170213	-4.9645390070922
			10.4184397163121	-4.96808510638298
			10.4184397163121	-4.97163120567376
			10.4219858156028	-4.97517730496454
			10.4255319148936	-4.97872340425532
			10.4290780141844	-4.9822695035461
			10.4290780141844	-4.98581560283688
			10.4326241134752	-4.98936170212766
			10.436170212766	-4.99290780141844
			10.436170212766	-4.99645390070922
			10.4397163120567	-5
			10.4432624113475	-5.00354609929078
			10.4432624113475	-5.00709219858156
			10.4468085106383	-5.01063829787234
			10.4503546099291	-5.01418439716312
			10.4503546099291	-5.0177304964539
			10.4503546099291	-5.02127659574468
			10.4539007092199	-5.02127659574468
			10.4539007092199	-5.02482269503546
			10.4574468085106	-5.02836879432624
			10.4574468085106	-5.03191489361702
			10.4609929078014	-5.0354609929078
			10.4645390070922	-5.03900709219858
			10.468085106383	-5.04255319148936
			10.468085106383	-5.04609929078014
			10.4716312056738	-5.04964539007092
			10.4751773049645	-5.0531914893617
			10.4787234042553	-5.05673758865248
			10.4787234042553	-5.06028368794326
			10.4822695035461	-5.06382978723404
			10.4822695035461	-5.06737588652482
			10.4858156028369	-5.0709219858156
			10.4858156028369	-5.07446808510638
			10.4893617021277	-5.07801418439716
			10.4929078014184	-5.08156028368794
			10.4929078014184	-5.08510638297872
			10.4964539007092	-5.0886524822695
			10.5	-5.09219858156028
			10.5035460992908	-5.09574468085106
			10.5035460992908	-5.09929078014184
			10.5070921985816	-5.10283687943262
			10.5070921985816	-5.1063829787234
			10.5106382978723	-5.1063829787234
			10.5106382978723	-5.10992907801418
			10.5106382978723	-5.11347517730496
			10.5141843971631	-5.11347517730496
			10.5141843971631	-5.11702127659574
			10.5177304964539	-5.12056737588652
			10.5212765957447	-5.1241134751773
			10.5212765957447	-5.12765957446809
			10.5248226950355	-5.13120567375887
			10.5248226950355	-5.13475177304965
			10.5283687943262	-5.13829787234043
			10.531914893617	-5.14184397163121
			10.531914893617	-5.14539007092199
			10.5354609929078	-5.14893617021277
			10.5390070921986	-5.15248226950355
			10.5390070921986	-5.15602836879433
			10.5425531914894	-5.15957446808511
			10.5425531914894	-5.16312056737589
			10.5460992907801	-5.16666666666667
			10.5496453900709	-5.17021276595745
			10.5496453900709	-5.17375886524823
			10.5531914893617	-5.17730496453901
			10.5567375886525	-5.18085106382979
			10.5602836879433	-5.18439716312057
			10.5602836879433	-5.18794326241135
			10.563829787234	-5.19148936170213
			10.5673758865248	-5.19503546099291
			10.5673758865248	-5.19858156028369
			10.5709219858156	-5.20212765957447
			10.5709219858156	-5.20567375886525
			10.5744680851064	-5.20921985815603
			10.5744680851064	-5.21276595744681
			10.5780141843972	-5.21276595744681
			10.5780141843972	-5.21631205673759
			10.5815602836879	-5.21985815602837
			10.5815602836879	-5.22340425531915
			10.5851063829787	-5.22695035460993
			10.5886524822695	-5.23049645390071
			10.5886524822695	-5.23404255319149
			10.5921985815603	-5.23758865248227
			10.5957446808511	-5.24113475177305
			10.5957446808511	-5.24468085106383
			10.5992907801418	-5.24822695035461
			10.6028368794326	-5.25177304964539
			10.6028368794326	-5.25531914893617
			10.6063829787234	-5.25886524822695
			10.6063829787234	-5.26241134751773
			10.6099290780142	-5.26595744680851
			10.613475177305	-5.26950354609929
			10.613475177305	-5.27304964539007
			10.6170212765957	-5.27659574468085
			10.6170212765957	-5.28014184397163
			10.6205673758865	-5.28368794326241
			10.6241134751773	-5.28723404255319
			10.6241134751773	-5.29078014184397
			10.6276595744681	-5.29432624113475
			10.6312056737589	-5.29787234042553
			10.6312056737589	-5.30141843971631
			10.6347517730496	-5.30496453900709
			10.6347517730496	-5.30851063829787
			10.6382978723404	-5.31205673758865
			10.6418439716312	-5.31560283687943
			10.6418439716312	-5.31914893617021
			10.645390070922	-5.32269503546099
			10.645390070922	-5.32624113475177
			10.6489361702128	-5.32978723404255
			10.6524822695035	-5.33333333333333
			10.6524822695035	-5.33687943262411
			10.6560283687943	-5.34042553191489
			10.6595744680851	-5.34397163120567
			10.6595744680851	-5.34751773049645
			10.6631205673759	-5.35106382978723
			10.6631205673759	-5.35460992907801
			10.6666666666667	-5.35815602836879
			10.6702127659574	-5.36170212765957
			10.6702127659574	-5.36524822695035
			10.6737588652482	-5.36879432624113
			10.6737588652482	-5.37234042553191
			10.677304964539	-5.3758865248227
			10.6808510638298	-5.37943262411348
			10.6808510638298	-5.38297872340426
			10.6843971631206	-5.38652482269504
			10.6843971631206	-5.39007092198582
			10.6879432624113	-5.3936170212766
			10.6914893617021	-5.39716312056738
			10.6914893617021	-5.40070921985816
			10.6950354609929	-5.40425531914894
			10.6985815602837	-5.40780141843972
			10.6985815602837	-5.4113475177305
			10.7021276595745	-5.41489361702128
			10.7021276595745	-5.41843971631206
			10.7056737588652	-5.42198581560284
			10.709219858156	-5.42553191489362
			10.709219858156	-5.4290780141844
			10.7127659574468	-5.43262411347518
			10.7127659574468	-5.43617021276596
			10.7163120567376	-5.43971631205674
			10.7198581560284	-5.44326241134752
			10.7198581560284	-5.4468085106383
			10.7234042553191	-5.45035460992908
			10.7234042553191	-5.45390070921986
			10.7269503546099	-5.45744680851064
			10.7304964539007	-5.46099290780142
			10.7304964539007	-5.4645390070922
			10.7340425531915	-5.46808510638298
			10.7340425531915	-5.47163120567376
			10.7375886524823	-5.47517730496454
			10.741134751773	-5.47872340425532
			10.741134751773	-5.4822695035461
			10.7446808510638	-5.48581560283688
			10.7446808510638	-5.48936170212766
			10.7482269503546	-5.49290780141844
			10.7517730496454	-5.49645390070922
			10.7517730496454	-5.5
			10.7553191489362	-5.50354609929078
			10.7553191489362	-5.50709219858156
			10.758865248227	-5.51063829787234
			10.7624113475177	-5.51418439716312
			10.7624113475177	-5.5177304964539
			10.7659574468085	-5.52127659574468
			10.7659574468085	-5.52482269503546
			10.7695035460993	-5.52836879432624
			10.7730496453901	-5.53191489361702
			10.7730496453901	-5.5354609929078
			10.7765957446809	-5.53900709219858
			10.7765957446809	-5.54255319148936
			10.7801418439716	-5.54609929078014
			10.7836879432624	-5.54964539007092
			10.7836879432624	-5.5531914893617
			10.7872340425532	-5.55673758865248
			10.7872340425532	-5.56028368794326
			10.790780141844	-5.56382978723404
			10.7943262411348	-5.56737588652482
			10.7943262411348	-5.5709219858156
			10.7943262411348	-5.57446808510638
			10.7978723404255	-5.57446808510638
			10.7978723404255	-5.57801418439716
			10.7978723404255	-5.58156028368794
			10.8014184397163	-5.58156028368794
			10.8014184397163	-5.58510638297872
			10.8049645390071	-5.58510638297872
			10.8049645390071	-5.5886524822695
			10.8049645390071	-5.59219858156028
			10.8085106382979	-5.59219858156028
			10.8085106382979	-5.59574468085106
			10.8120567375887	-5.59929078014184
			10.8120567375887	-5.60283687943262
			10.8156028368794	-5.6063829787234
			10.8156028368794	-5.60992907801418
			10.8191489361702	-5.61347517730496
			10.822695035461	-5.61702127659574
			10.822695035461	-5.62056737588652
			10.8262411347518	-5.6241134751773
			10.8262411347518	-5.62765957446809
			10.8297872340426	-5.63120567375887
			10.8333333333333	-5.63475177304965
			10.8333333333333	-5.63829787234043
			10.8368794326241	-5.64184397163121
			10.8368794326241	-5.64539007092199
			10.8404255319149	-5.64893617021277
			10.8404255319149	-5.65248226950355
			10.8439716312057	-5.65602836879433
			10.8475177304965	-5.65957446808511
			10.8475177304965	-5.66312056737589
			10.8475177304965	-5.66666666666667
			10.8510638297872	-5.66666666666667
			10.8510638297872	-5.67021276595745
			10.854609929078	-5.67375886524823
			10.854609929078	-5.67730496453901
			10.8581560283688	-5.68085106382979
			10.8617021276596	-5.68439716312057
			10.8617021276596	-5.68794326241135
			10.8652482269504	-5.69148936170213
			10.8652482269504	-5.69503546099291
			10.8687943262411	-5.69858156028369
			10.8687943262411	-5.70212765957447
			10.8723404255319	-5.70567375886525
			10.8723404255319	-5.70921985815603
			10.8758865248227	-5.71276595744681
			10.8794326241135	-5.71631205673759
			10.8794326241135	-5.71985815602837
			10.8829787234043	-5.72340425531915
			10.8829787234043	-5.72695035460993
			10.886524822695	-5.73049645390071
			10.8900709219858	-5.73404255319149
			10.8900709219858	-5.73758865248227
			10.8900709219858	-5.74113475177305
			10.8936170212766	-5.74468085106383
			10.8971631205674	-5.74822695035461
			10.8971631205674	-5.75177304964539
			10.9007092198582	-5.75531914893617
			10.9007092198582	-5.75886524822695
			10.9042553191489	-5.76241134751773
			10.9078014184397	-5.76595744680851
			10.9078014184397	-5.76950354609929
			10.9113475177305	-5.77304964539007
			10.9113475177305	-5.77659574468085
			10.9148936170213	-5.78014184397163
			10.9148936170213	-5.78368794326241
			10.9184397163121	-5.78723404255319
			10.9184397163121	-5.79078014184397
			10.9219858156028	-5.79432624113475
			10.9219858156028	-5.79787234042553
			10.9255319148936	-5.80141843971631
			10.9290780141844	-5.80496453900709
			10.9290780141844	-5.80851063829787
			10.9326241134752	-5.81205673758865
			10.9326241134752	-5.81560283687943
			10.936170212766	-5.81914893617021
			10.936170212766	-5.82269503546099
			10.9397163120567	-5.82624113475177
			10.9397163120567	-5.82978723404255
			10.9432624113475	-5.83333333333333
			10.9432624113475	-5.83687943262411
			10.9468085106383	-5.84042553191489
			10.9503546099291	-5.84397163120567
			10.9503546099291	-5.84751773049645
			10.9539007092199	-5.85106382978723
			10.9539007092199	-5.85460992907801
			10.9574468085106	-5.85815602836879
			10.9609929078014	-5.86170212765957
			10.9609929078014	-5.86524822695035
			10.9645390070922	-5.86879432624113
			10.9645390070922	-5.87234042553191
			10.968085106383	-5.8758865248227
			10.9716312056738	-5.87943262411348
			10.9716312056738	-5.88297872340426
			10.9716312056738	-5.88652482269504
			10.9751773049645	-5.89007092198582
			10.9751773049645	-5.8936170212766
			10.9787234042553	-5.89716312056738
			10.9787234042553	-5.90070921985816
			10.9822695035461	-5.90070921985816
			10.9822695035461	-5.90425531914894
			10.9858156028369	-5.90780141843972
			10.9858156028369	-5.9113475177305
			10.9893617021277	-5.91489361702128
			10.9893617021277	-5.91843971631206
			10.9929078014184	-5.92198581560284
			10.9929078014184	-5.92553191489362
			10.9964539007092	-5.9290780141844
			11	-5.93262411347518
			11	-5.93617021276596
			11.0035460992908	-5.93971631205674
			11.0035460992908	-5.94326241134752
			11.0070921985816	-5.9468085106383
			11.0070921985816	-5.95035460992908
			11.0106382978723	-5.95390070921986
			11.0106382978723	-5.95744680851064
			11.0141843971631	-5.96099290780142
			11.0141843971631	-5.9645390070922
			11.0177304964539	-5.96808510638298
			11.0177304964539	-5.97163120567376
			11.0212765957447	-5.97517730496454
			11.0248226950355	-5.97872340425532
			11.0248226950355	-5.9822695035461
			11.0283687943262	-5.98581560283688
			11.0283687943262	-5.98936170212766
			11.031914893617	-5.99290780141844
			11.031914893617	-5.99645390070922
			11.0354609929078	-6
			11.0354609929078	-6.00354609929078
			11.0390070921986	-6.00709219858156
			11.0390070921986	-6.01063829787234
			11.0425531914894	-6.01418439716312
			11.0460992907801	-6.0177304964539
			11.0460992907801	-6.02127659574468
			11.0496453900709	-6.02482269503546
			11.0496453900709	-6.02836879432624
			11.0496453900709	-6.03191489361702
			11.0531914893617	-6.03191489361702
			11.0531914893617	-6.0354609929078
			11.0531914893617	-6.03900709219858
			11.0567375886525	-6.03900709219858
			11.0567375886525	-6.04255319148936
			11.0567375886525	-6.04609929078014
			11.0602836879433	-6.04609929078014
			11.0602836879433	-6.04964539007092
			11.0602836879433	-6.0531914893617
			11.063829787234	-6.0531914893617
			11.063829787234	-6.05673758865248
			11.0673758865248	-6.06028368794326
			11.0709219858156	-6.06382978723404
			11.0709219858156	-6.06737588652482
			11.0709219858156	-6.0709219858156
			11.0744680851064	-6.07446808510638
			11.0744680851064	-6.07801418439716
			11.0780141843972	-6.07801418439716
			11.0780141843972	-6.08156028368794
			11.0780141843972	-6.08510638297872
			11.0815602836879	-6.0886524822695
			11.0851063829787	-6.09219858156028
			11.0851063829787	-6.09574468085106
			11.0886524822695	-6.09929078014184
			11.0886524822695	-6.10283687943262
			11.0921985815603	-6.1063829787234
			11.0921985815603	-6.10992907801418
			11.0957446808511	-6.11347517730496
			11.0957446808511	-6.11702127659574
			11.0992907801418	-6.12056737588652
			11.0992907801418	-6.1241134751773
			11.1028368794326	-6.12765957446809
			11.1028368794326	-6.13120567375887
			11.1063829787234	-6.13475177304965
			11.1063829787234	-6.13829787234043
			11.1099290780142	-6.14184397163121
			11.1099290780142	-6.14539007092199
			11.113475177305	-6.14893617021277
			11.1170212765957	-6.15248226950355
			11.1170212765957	-6.15602836879433
			11.1170212765957	-6.15957446808511
			11.1205673758865	-6.16312056737589
			11.1205673758865	-6.16666666666667
			11.1241134751773	-6.16666666666667
			11.1241134751773	-6.17021276595745
			11.1241134751773	-6.17375886524823
			11.1276595744681	-6.17730496453901
			11.1276595744681	-6.18085106382979
			11.1312056737589	-6.18085106382979
			11.1312056737589	-6.18439716312057
			11.1347517730496	-6.18794326241135
			11.1347517730496	-6.19148936170213
			11.1347517730496	-6.19503546099291
			11.1382978723404	-6.19503546099291
			11.1382978723404	-6.19858156028369
			11.1418439716312	-6.20212765957447
			11.1418439716312	-6.20567375886525
			11.145390070922	-6.20921985815603
			11.145390070922	-6.21276595744681
			11.1489361702128	-6.21631205673759
			11.1489361702128	-6.21985815602837
			11.1524822695035	-6.22340425531915
			11.1524822695035	-6.22695035460993
			11.1560283687943	-6.23049645390071
			11.1560283687943	-6.23404255319149
			11.1595744680851	-6.23758865248227
			11.1595744680851	-6.24113475177305
			11.1631205673759	-6.24468085106383
			11.1631205673759	-6.24822695035461
			11.1666666666667	-6.25177304964539
			11.1666666666667	-6.25531914893617
			11.1702127659574	-6.25886524822695
			11.1702127659574	-6.26241134751773
			11.1737588652482	-6.26595744680851
			11.1737588652482	-6.26950354609929
			11.177304964539	-6.27304964539007
			11.177304964539	-6.27659574468085
			11.1808510638298	-6.28014184397163
			11.1808510638298	-6.28368794326241
			11.1843971631206	-6.28723404255319
			11.1843971631206	-6.29078014184397
			11.1879432624113	-6.29432624113475
			11.1879432624113	-6.29787234042553
			11.1914893617021	-6.30141843971631
			11.1914893617021	-6.30496453900709
			11.1950354609929	-6.30851063829787
			11.1950354609929	-6.31205673758865
			11.1985815602837	-6.31560283687943
			11.1985815602837	-6.31914893617021
			11.2021276595745	-6.32269503546099
			11.2021276595745	-6.32624113475177
			11.2056737588652	-6.32978723404255
			11.2056737588652	-6.33333333333333
			11.209219858156	-6.33687943262411
			11.209219858156	-6.34042553191489
			11.2127659574468	-6.34397163120567
			11.2127659574468	-6.34751773049645
			11.2163120567376	-6.35106382978723
			11.2163120567376	-6.35460992907801
			11.2198581560284	-6.35815602836879
			11.2198581560284	-6.36170212765957
			11.2234042553191	-6.36524822695035
			11.2234042553191	-6.36879432624113
			11.2269503546099	-6.37234042553191
			11.2269503546099	-6.3758865248227
			11.2304964539007	-6.37943262411348
			11.2304964539007	-6.38297872340426
			11.2340425531915	-6.38652482269504
			11.2340425531915	-6.39007092198582
			11.2375886524823	-6.3936170212766
			11.2375886524823	-6.39716312056738
			11.241134751773	-6.40070921985816
			11.241134751773	-6.40425531914894
			11.2446808510638	-6.40780141843972
			11.2446808510638	-6.4113475177305
			11.2482269503546	-6.41489361702128
			11.2482269503546	-6.41843971631206
			11.2517730496454	-6.42198581560284
			11.2517730496454	-6.42553191489362
			11.2553191489362	-6.4290780141844
			11.2553191489362	-6.43262411347518
			11.258865248227	-6.43617021276596
			11.258865248227	-6.43971631205674
			11.2624113475177	-6.44326241134752
			11.2624113475177	-6.4468085106383
			11.2659574468085	-6.45035460992908
			11.2659574468085	-6.45390070921986
			11.2695035460993	-6.45744680851064
			11.2695035460993	-6.46099290780142
			11.2730496453901	-6.4645390070922
			11.2730496453901	-6.46808510638298
			11.2765957446809	-6.47163120567376
			11.2765957446809	-6.47517730496454
			11.2801418439716	-6.47872340425532
			11.2801418439716	-6.4822695035461
			11.2836879432624	-6.48581560283688
			11.2836879432624	-6.48936170212766
			11.2872340425532	-6.49290780141844
			11.2872340425532	-6.49645390070922
			11.290780141844	-6.5
			11.290780141844	-6.50354609929078
			11.2943262411348	-6.50709219858156
			11.2943262411348	-6.51063829787234
			11.2978723404255	-6.51418439716312
			11.2978723404255	-6.5177304964539
			11.3014184397163	-6.52127659574468
			11.3014184397163	-6.52482269503546
			11.3014184397163	-6.52836879432624
			11.3049645390071	-6.53191489361702
			11.3049645390071	-6.5354609929078
			11.3085106382979	-6.53900709219858
			11.3085106382979	-6.54255319148936
			11.3120567375887	-6.54609929078014
			11.3120567375887	-6.54964539007092
			11.3156028368794	-6.5531914893617
			11.3156028368794	-6.55673758865248
			11.3191489361702	-6.56028368794326
			11.3191489361702	-6.56382978723404
			11.322695035461	-6.56737588652482
			11.322695035461	-6.5709219858156
			11.3262411347518	-6.57446808510638
			11.3262411347518	-6.57801418439716
			11.3297872340426	-6.58156028368794
			11.3297872340426	-6.58510638297872
			11.3333333333333	-6.5886524822695
			11.3333333333333	-6.59219858156028
			11.3368794326241	-6.59574468085106
			11.3368794326241	-6.59929078014184
			11.3404255319149	-6.60283687943262
			11.3404255319149	-6.6063829787234
			11.3439716312057	-6.60992907801418
			11.3439716312057	-6.61347517730496
			11.3475177304965	-6.61702127659574
			11.3475177304965	-6.62056737588652
			11.3510638297872	-6.6241134751773
			11.3510638297872	-6.62765957446809
			11.354609929078	-6.63120567375887
			11.354609929078	-6.63475177304965
			11.354609929078	-6.63829787234043
			11.3581560283688	-6.64184397163121
			11.3581560283688	-6.64539007092199
			11.3617021276596	-6.64893617021277
			11.3617021276596	-6.65248226950355
			11.3652482269504	-6.65602836879433
			11.3652482269504	-6.65957446808511
			11.3687943262411	-6.66312056737589
			11.3687943262411	-6.66666666666667
			11.3723404255319	-6.67021276595745
			11.3723404255319	-6.67375886524823
			11.3723404255319	-6.67730496453901
			11.3758865248227	-6.68085106382979
			11.3794326241135	-6.68439716312057
			11.3794326241135	-6.68794326241135
			11.3829787234043	-6.69148936170213
			11.3829787234043	-6.69503546099291
			11.3829787234043	-6.69858156028369
			11.386524822695	-6.70212765957447
			11.386524822695	-6.70567375886525
			11.3900709219858	-6.70921985815603
			11.3900709219858	-6.71276595744681
			11.3936170212766	-6.71631205673759
			11.3936170212766	-6.71985815602837
			11.3971631205674	-6.72340425531915
			11.3971631205674	-6.72695035460993
			11.4007092198582	-6.73049645390071
			11.4007092198582	-6.73404255319149
			11.4007092198582	-6.73758865248227
			11.4042553191489	-6.74113475177305
			11.4042553191489	-6.74468085106383
			11.4078014184397	-6.74822695035461
			11.4078014184397	-6.75177304964539
			11.4113475177305	-6.75531914893617
			11.4113475177305	-6.75886524822695
			11.4148936170213	-6.76241134751773
			11.4148936170213	-6.76595744680851
			11.4184397163121	-6.76950354609929
			11.4184397163121	-6.77304964539007
			11.4219858156028	-6.77659574468085
			11.4219858156028	-6.78014184397163
			11.4255319148936	-6.78368794326241
			11.4255319148936	-6.78723404255319
			11.4255319148936	-6.79078014184397
			11.4290780141844	-6.79432624113475
			11.4290780141844	-6.79787234042553
			11.4326241134752	-6.80141843971631
			11.4326241134752	-6.80496453900709
			11.436170212766	-6.80851063829787
			11.436170212766	-6.81205673758865
			11.4397163120567	-6.81560283687943
			11.4397163120567	-6.81914893617021
			11.4397163120567	-6.82269503546099
			11.4432624113475	-6.82624113475177
			11.4432624113475	-6.82978723404255
			11.4468085106383	-6.83333333333333
			11.4468085106383	-6.83687943262411
			11.4503546099291	-6.84042553191489
			11.4503546099291	-6.84397163120567
			11.4539007092199	-6.84751773049645
			11.4539007092199	-6.85106382978723
			11.4539007092199	-6.85460992907801
			11.4574468085106	-6.85815602836879
			11.4574468085106	-6.86170212765957
			11.4609929078014	-6.86170212765957
			11.4609929078014	-6.86524822695035
			11.4645390070922	-6.86879432624113
			11.4645390070922	-6.87234042553191
			11.468085106383	-6.8758865248227
			11.468085106383	-6.87943262411348
			11.468085106383	-6.88297872340426
			11.4716312056738	-6.88652482269504
			11.4716312056738	-6.89007092198582
			11.4751773049645	-6.8936170212766
			11.4751773049645	-6.89716312056738
			11.4787234042553	-6.90070921985816
			11.4787234042553	-6.90425531914894
			11.4787234042553	-6.90780141843972
			11.4822695035461	-6.9113475177305
			11.4822695035461	-6.91489361702128
			11.4858156028369	-6.91843971631206
			11.4858156028369	-6.92198581560284
			11.4893617021277	-6.92553191489362
			11.4893617021277	-6.9290780141844
			11.4929078014184	-6.93262411347518
			11.4929078014184	-6.93617021276596
			11.4929078014184	-6.93971631205674
			11.4964539007092	-6.94326241134752
			11.4964539007092	-6.9468085106383
			11.5	-6.95035460992908
			11.5	-6.95390070921986
			11.5035460992908	-6.95744680851064
			11.5035460992908	-6.96099290780142
			11.5035460992908	-6.9645390070922
			11.5070921985816	-6.96808510638298
			11.5070921985816	-6.97163120567376
			11.5106382978723	-6.97517730496454
			11.5106382978723	-6.97872340425532
			11.5141843971631	-6.9822695035461
			11.5141843971631	-6.98581560283688
			11.5177304964539	-6.98936170212766
			11.5177304964539	-6.99290780141844
			11.5177304964539	-6.99645390070922
			11.5212765957447	-7
			11.5212765957447	-7.00354609929078
			11.5248226950355	-7.00709219858156
			11.5248226950355	-7.01063829787234
			11.5283687943262	-7.01063829787234
			11.5283687943262	-7.01418439716312
			11.5283687943262	-7.0177304964539
			11.531914893617	-7.02127659574468
			11.531914893617	-7.02482269503546
			11.5354609929078	-7.02836879432624
			11.5354609929078	-7.03191489361702
			11.5390070921986	-7.0354609929078
			11.5390070921986	-7.03900709219858
			11.5390070921986	-7.04255319148936
			11.5425531914894	-7.04609929078014
			11.5425531914894	-7.04964539007092
			11.5460992907801	-7.0531914893617
			11.5460992907801	-7.05673758865248
			11.5496453900709	-7.06028368794326
			11.5496453900709	-7.06382978723404
			11.5531914893617	-7.06737588652482
			11.5531914893617	-7.0709219858156
			11.5531914893617	-7.07446808510638
			11.5567375886525	-7.07801418439716
			11.5567375886525	-7.08156028368794
			11.5602836879433	-7.08510638297872
			11.5602836879433	-7.0886524822695
			11.563829787234	-7.09219858156028
			11.563829787234	-7.09574468085106
			11.563829787234	-7.09929078014184
			11.5673758865248	-7.10283687943262
			11.5673758865248	-7.1063829787234
			11.5709219858156	-7.10992907801418
			11.5709219858156	-7.11347517730496
			11.5744680851064	-7.11702127659574
			11.5744680851064	-7.12056737588652
			11.5744680851064	-7.1241134751773
			11.5780141843972	-7.12765957446809
			11.5780141843972	-7.13120567375887
			11.5815602836879	-7.13475177304965
			11.5815602836879	-7.13829787234043
			11.5851063829787	-7.14184397163121
			11.5851063829787	-7.14539007092199
			11.5851063829787	-7.14893617021277
			11.5886524822695	-7.15248226950355
			11.5886524822695	-7.15602836879433
			11.5921985815603	-7.15957446808511
			11.5921985815603	-7.16312056737589
			11.5957446808511	-7.16666666666667
			11.5957446808511	-7.17021276595745
			11.5957446808511	-7.17375886524823
			11.5992907801418	-7.17730496453901
			11.5992907801418	-7.18085106382979
			11.6028368794326	-7.18439716312057
			11.6028368794326	-7.18794326241135
			11.6063829787234	-7.19148936170213
			11.6063829787234	-7.19503546099291
			11.6063829787234	-7.19858156028369
			11.6099290780142	-7.20212765957447
			11.6099290780142	-7.20567375886525
			11.613475177305	-7.20921985815603
			11.613475177305	-7.21276595744681
			11.6170212765957	-7.21631205673759
			11.6170212765957	-7.21985815602837
			11.6170212765957	-7.22340425531915
			11.6205673758865	-7.22695035460993
			11.6205673758865	-7.23049645390071
			11.6241134751773	-7.23404255319149
			11.6241134751773	-7.23758865248227
			11.6276595744681	-7.24113475177305
			11.6276595744681	-7.24468085106383
			11.6276595744681	-7.24822695035461
			11.6312056737589	-7.25177304964539
			11.6312056737589	-7.25531914893617
			11.6347517730496	-7.25886524822695
			11.6347517730496	-7.26241134751773
			11.6382978723404	-7.26595744680851
			11.6382978723404	-7.26950354609929
			11.6382978723404	-7.27304964539007
			11.6418439716312	-7.27659574468085
			11.6418439716312	-7.28014184397163
			11.645390070922	-7.28368794326241
			11.645390070922	-7.28723404255319
			11.645390070922	-7.29078014184397
			11.6489361702128	-7.29432624113475
			11.6489361702128	-7.29787234042553
			11.6524822695035	-7.30141843971631
			11.6524822695035	-7.30496453900709
			11.6560283687943	-7.30851063829787
			11.6560283687943	-7.31205673758865
			11.6560283687943	-7.31560283687943
			11.6595744680851	-7.31914893617021
			11.6595744680851	-7.32269503546099
			11.6631205673759	-7.32624113475177
			11.6631205673759	-7.32978723404255
			11.6666666666667	-7.33333333333333
			11.6666666666667	-7.33687943262411
			11.6666666666667	-7.34042553191489
			11.6702127659574	-7.34397163120567
			11.6702127659574	-7.34751773049645
			11.6737588652482	-7.35106382978723
			11.6737588652482	-7.35460992907801
			11.6737588652482	-7.35815602836879
			11.677304964539	-7.36170212765957
			11.677304964539	-7.36524822695035
			11.6808510638298	-7.36879432624113
			11.6808510638298	-7.37234042553191
			11.6843971631206	-7.3758865248227
			11.6843971631206	-7.37943262411348
			11.6843971631206	-7.38297872340426
			11.6879432624113	-7.38652482269504
			11.6879432624113	-7.39007092198582
			11.6914893617021	-7.3936170212766
			11.6914893617021	-7.39716312056738
			11.6950354609929	-7.40070921985816
			11.6950354609929	-7.40425531914894
			11.6950354609929	-7.40780141843972
			11.6985815602837	-7.4113475177305
			11.6985815602837	-7.41489361702128
			11.6985815602837	-7.41843971631206
			11.7021276595745	-7.42198581560284
			11.7021276595745	-7.42553191489362
			11.7056737588652	-7.4290780141844
			11.7056737588652	-7.43262411347518
			11.7056737588652	-7.43617021276596
			11.709219858156	-7.43617021276596
			11.709219858156	-7.43971631205674
			11.709219858156	-7.44326241134752
			11.709219858156	-7.4468085106383
			11.7127659574468	-7.4468085106383
			11.7127659574468	-7.45035460992908
			11.7127659574468	-7.45390070921986
			11.7163120567376	-7.45390070921986
			11.7163120567376	-7.45744680851064
			11.7163120567376	-7.46099290780142
			11.7198581560284	-7.4645390070922
			11.7198581560284	-7.46808510638298
			11.7234042553191	-7.47163120567376
			11.7234042553191	-7.47517730496454
			11.7234042553191	-7.47872340425532
			11.7269503546099	-7.4822695035461
			11.7269503546099	-7.48581560283688
			11.7304964539007	-7.48936170212766
			11.7304964539007	-7.49290780141844
			11.7340425531915	-7.49645390070922
			11.7340425531915	-7.5
			11.7340425531915	-7.50354609929078
			11.7340425531915	-7.50709219858156
			11.7375886524823	-7.50709219858156
			11.7375886524823	-7.51063829787234
			11.7375886524823	-7.51418439716312
			11.741134751773	-7.51418439716312
			11.741134751773	-7.5177304964539
			11.741134751773	-7.52127659574468
			11.7446808510638	-7.52482269503546
			11.7446808510638	-7.52836879432624
			11.7482269503546	-7.53191489361702
			11.7482269503546	-7.5354609929078
			11.7482269503546	-7.53900709219858
			11.7517730496454	-7.54255319148936
			11.7517730496454	-7.54609929078014
			11.7553191489362	-7.54964539007092
			11.7553191489362	-7.5531914893617
			11.7553191489362	-7.55673758865248
			11.758865248227	-7.56028368794326
			11.758865248227	-7.56382978723404
			11.758865248227	-7.56737588652482
			11.7624113475177	-7.5709219858156
			11.7624113475177	-7.57446808510638
			11.7624113475177	-7.57801418439716
			11.7659574468085	-7.57801418439716
			11.7659574468085	-7.58156028368794
			11.7695035460993	-7.58510638297872
			11.7695035460993	-7.5886524822695
			11.7695035460993	-7.59219858156028
			11.7730496453901	-7.59574468085106
			11.7730496453901	-7.59929078014184
			11.7730496453901	-7.60283687943262
			11.7765957446809	-7.6063829787234
			11.7765957446809	-7.60992907801418
			11.7801418439716	-7.61347517730496
			11.7801418439716	-7.61702127659574
			11.7801418439716	-7.62056737588652
			11.7836879432624	-7.6241134751773
			11.7836879432624	-7.62765957446809
			11.7872340425532	-7.63120567375887
			11.7872340425532	-7.63475177304965
			11.7872340425532	-7.63829787234043
			11.790780141844	-7.63829787234043
			11.790780141844	-7.64184397163121
			11.790780141844	-7.64539007092199
			11.7943262411348	-7.64893617021277
			11.7943262411348	-7.65248226950355
			11.7943262411348	-7.65602836879433
			11.7978723404255	-7.65957446808511
			11.7978723404255	-7.66312056737589
			11.7978723404255	-7.66666666666667
			11.8014184397163	-7.67021276595745
			11.8014184397163	-7.67375886524823
			11.8049645390071	-7.67730496453901
			11.8049645390071	-7.68085106382979
			11.8085106382979	-7.68439716312057
			11.8085106382979	-7.68794326241135
			11.8085106382979	-7.69148936170213
			11.8120567375887	-7.69503546099291
			11.8120567375887	-7.69858156028369
			11.8120567375887	-7.70212765957447
			11.8156028368794	-7.70567375886525
			11.8156028368794	-7.70921985815603
			11.8191489361702	-7.71276595744681
			11.8191489361702	-7.71631205673759
			11.8191489361702	-7.71985815602837
			11.822695035461	-7.72340425531915
			11.822695035461	-7.72695035460993
			11.822695035461	-7.73049645390071
			11.8262411347518	-7.73404255319149
			11.8262411347518	-7.73758865248227
			11.8297872340426	-7.73758865248227
			11.8297872340426	-7.74113475177305
			11.8297872340426	-7.74468085106383
			11.8333333333333	-7.74822695035461
			11.8333333333333	-7.75177304964539
			11.8333333333333	-7.75531914893617
			11.8368794326241	-7.75886524822695
			11.8368794326241	-7.76241134751773
			11.8404255319149	-7.76595744680851
			11.8404255319149	-7.76950354609929
			11.8404255319149	-7.77304964539007
			11.8439716312057	-7.77659574468085
			11.8439716312057	-7.78014184397163
			11.8439716312057	-7.78368794326241
			11.8475177304965	-7.78723404255319
			11.8475177304965	-7.79078014184397
			11.8510638297872	-7.79432624113475
			11.8510638297872	-7.79787234042553
			11.8510638297872	-7.80141843971631
			11.854609929078	-7.80496453900709
			11.854609929078	-7.80851063829787
			11.854609929078	-7.81205673758865
			11.8581560283688	-7.81560283687943
			11.8581560283688	-7.81914893617021
			11.8617021276596	-7.82269503546099
			11.8617021276596	-7.82624113475177
			11.8617021276596	-7.82978723404255
			11.8652482269504	-7.83333333333333
			11.8652482269504	-7.83687943262411
			11.8652482269504	-7.84042553191489
			11.8687943262411	-7.84397163120567
			11.8687943262411	-7.84751773049645
			11.8723404255319	-7.85106382978723
			11.8723404255319	-7.85460992907801
			11.8723404255319	-7.85815602836879
			11.8758865248227	-7.86170212765957
			11.8758865248227	-7.86524822695035
			11.8758865248227	-7.86879432624113
			11.8794326241135	-7.87234042553191
			11.8829787234043	-7.8758865248227
			11.8829787234043	-7.87943262411348
			11.8829787234043	-7.88297872340426
			11.8829787234043	-7.88652482269504
			11.886524822695	-7.88652482269504
			11.886524822695	-7.89007092198582
			11.886524822695	-7.8936170212766
			11.8900709219858	-7.89716312056738
			11.8900709219858	-7.90070921985816
			11.8900709219858	-7.90425531914894
			11.8936170212766	-7.90780141843972
			11.8936170212766	-7.9113475177305
			11.8971631205674	-7.91489361702128
			11.8971631205674	-7.91843971631206
			11.8971631205674	-7.92198581560284
			11.9007092198582	-7.92553191489362
			11.9007092198582	-7.9290780141844
			11.9042553191489	-7.93262411347518
			11.9042553191489	-7.93617021276596
			11.9042553191489	-7.93971631205674
			11.9078014184397	-7.94326241134752
			11.9078014184397	-7.9468085106383
			11.9078014184397	-7.95035460992908
			11.9113475177305	-7.95390070921986
			11.9113475177305	-7.95744680851064
			11.9148936170213	-7.96099290780142
			11.9148936170213	-7.9645390070922
			11.9148936170213	-7.96808510638298
			11.9184397163121	-7.97163120567376
			11.9184397163121	-7.97517730496454
			11.9184397163121	-7.97872340425532
			11.9219858156028	-7.9822695035461
			11.9219858156028	-7.98581560283688
			11.9219858156028	-7.98936170212766
			11.9255319148936	-7.98936170212766
			11.9255319148936	-7.99290780141844
			11.9255319148936	-7.99645390070922
			11.9255319148936	-8
			11.9290780141844	-8
			11.9290780141844	-8.00354609929078
			11.9290780141844	-8.00709219858156
			11.9290780141844	-8.01063829787234
			11.9326241134752	-8.01063829787234
			11.9326241134752	-8.01418439716312
			11.9326241134752	-8.0177304964539
			11.936170212766	-8.0177304964539
			11.936170212766	-8.02127659574468
			11.936170212766	-8.02482269503546
			11.936170212766	-8.02836879432624
			11.9397163120567	-8.02836879432624
			11.9397163120567	-8.03191489361702
			11.9397163120567	-8.0354609929078
			11.9397163120567	-8.03900709219858
			11.9432624113475	-8.03900709219858
			11.9432624113475	-8.04255319148936
			11.9432624113475	-8.04609929078014
			11.9468085106383	-8.04964539007092
			11.9468085106383	-8.0531914893617
			11.9468085106383	-8.05673758865248
			11.9503546099291	-8.06028368794326
			11.9503546099291	-8.06382978723404
			11.9503546099291	-8.06737588652482
			11.9539007092199	-8.0709219858156
			11.9539007092199	-8.07446808510638
			11.9574468085106	-8.07801418439716
			11.9574468085106	-8.08156028368794
			11.9574468085106	-8.08510638297872
			11.9609929078014	-8.0886524822695
			11.9609929078014	-8.09219858156028
			11.9645390070922	-8.09574468085106
			11.9645390070922	-8.09929078014184
			11.9645390070922	-8.10283687943262
			11.9645390070922	-8.1063829787234
			11.968085106383	-8.1063829787234
			11.968085106383	-8.10992907801418
			11.968085106383	-8.11347517730496
			11.9716312056738	-8.11702127659574
			11.9716312056738	-8.12056737588652
			11.9716312056738	-8.1241134751773
			11.9751773049645	-8.12765957446809
			11.9751773049645	-8.13120567375887
			11.9751773049645	-8.13475177304965
			11.9787234042553	-8.13829787234043
			11.9787234042553	-8.14184397163121
			11.9787234042553	-8.14539007092199
			11.9822695035461	-8.14893617021277
			11.9822695035461	-8.15248226950355
			11.9858156028369	-8.15602836879433
			11.9858156028369	-8.15957446808511
			11.9858156028369	-8.16312056737589
			11.9893617021277	-8.16666666666667
			11.9893617021277	-8.17021276595745
			11.9929078014184	-8.17375886524823
			11.9929078014184	-8.17730496453901
			11.9929078014184	-8.18085106382979
			11.9964539007092	-8.18439716312057
			11.9964539007092	-8.18794326241135
			11.9964539007092	-8.19148936170213
			12	-8.19503546099291
			12	-8.19858156028369
			12	-8.20212765957447
			12.0035460992908	-8.20567375886525
			12.0035460992908	-8.20921985815603
			12.0035460992908	-8.21276595744681
			12.0070921985816	-8.21631205673759
			12.0070921985816	-8.21985815602837
			12.0070921985816	-8.22340425531915
			12.0106382978723	-8.22695035460993
			12.0106382978723	-8.23049645390071
			12.0141843971631	-8.23404255319149
			12.0141843971631	-8.23758865248227
			12.0141843971631	-8.24113475177305
			12.0177304964539	-8.24468085106383
			12.0177304964539	-8.24822695035461
			12.0177304964539	-8.25177304964539
			12.0212765957447	-8.25531914893617
			12.0212765957447	-8.25886524822695
			12.0212765957447	-8.26241134751773
			12.0248226950355	-8.26595744680851
			12.0248226950355	-8.26950354609929
			12.0248226950355	-8.27304964539007
			12.0283687943262	-8.27304964539007
			12.0283687943262	-8.27659574468085
			12.0283687943262	-8.28014184397163
			12.031914893617	-8.28368794326241
			12.031914893617	-8.28723404255319
			12.031914893617	-8.29078014184397
			12.0354609929078	-8.29432624113475
			12.0354609929078	-8.29787234042553
			12.0354609929078	-8.30141843971631
			12.0390070921986	-8.30496453900709
			12.0390070921986	-8.30851063829787
			12.0390070921986	-8.31205673758865
			12.0425531914894	-8.31560283687943
			12.0425531914894	-8.31914893617021
			12.0460992907801	-8.32269503546099
			12.0460992907801	-8.32624113475177
			12.0460992907801	-8.32978723404255
			12.0496453900709	-8.33333333333333
			12.0496453900709	-8.33687943262411
			12.0496453900709	-8.34042553191489
			12.0531914893617	-8.34397163120567
			12.0531914893617	-8.34751773049645
			12.0531914893617	-8.35106382978723
			12.0567375886525	-8.35460992907801
			12.0567375886525	-8.35815602836879
			12.0567375886525	-8.36170212765957
			12.0602836879433	-8.36524822695035
			12.0602836879433	-8.36879432624113
			12.0602836879433	-8.37234042553191
			12.063829787234	-8.3758865248227
			12.063829787234	-8.37943262411348
			12.063829787234	-8.38297872340426
			12.0673758865248	-8.38652482269504
			12.0673758865248	-8.39007092198582
			12.0673758865248	-8.3936170212766
			12.0709219858156	-8.39716312056738
			12.0709219858156	-8.40070921985816
			12.0709219858156	-8.40425531914894
			12.0744680851064	-8.40780141843972
			12.0744680851064	-8.4113475177305
			12.0744680851064	-8.41489361702128
			12.0780141843972	-8.41843971631206
			12.0780141843972	-8.42198581560284
			12.0780141843972	-8.42553191489362
			12.0815602836879	-8.42553191489362
			12.0815602836879	-8.4290780141844
			12.0815602836879	-8.43262411347518
			12.0851063829787	-8.43617021276596
			12.0851063829787	-8.43971631205674
			12.0851063829787	-8.44326241134752
			12.0886524822695	-8.4468085106383
			12.0886524822695	-8.45035460992908
			12.0886524822695	-8.45390070921986
			12.0921985815603	-8.45744680851064
			12.0921985815603	-8.46099290780142
			12.0921985815603	-8.4645390070922
			12.0957446808511	-8.46808510638298
			12.0957446808511	-8.47163120567376
			12.0992907801418	-8.47517730496454
			12.0992907801418	-8.47872340425532
			12.0992907801418	-8.4822695035461
			12.1028368794326	-8.48581560283688
			12.1028368794326	-8.48936170212766
			12.1028368794326	-8.49290780141844
			12.1063829787234	-8.49645390070922
			12.1063829787234	-8.5
			12.1063829787234	-8.50354609929078
			12.1099290780142	-8.50709219858156
			12.1099290780142	-8.51063829787234
			12.1099290780142	-8.51418439716312
			12.113475177305	-8.5177304964539
			12.113475177305	-8.52127659574468
			12.113475177305	-8.52482269503546
			12.1170212765957	-8.52836879432624
			12.1170212765957	-8.53191489361702
			12.1170212765957	-8.5354609929078
			12.1205673758865	-8.53900709219858
			12.1205673758865	-8.54255319148936
			12.1205673758865	-8.54609929078014
			12.1241134751773	-8.54964539007092
			12.1241134751773	-8.5531914893617
			12.1241134751773	-8.55673758865248
			12.1276595744681	-8.56028368794326
			12.1276595744681	-8.56382978723404
			12.1276595744681	-8.56737588652482
			12.1312056737589	-8.5709219858156
			12.1312056737589	-8.57446808510638
			12.1312056737589	-8.57801418439716
			12.1347517730496	-8.58156028368794
			12.1347517730496	-8.58510638297872
			12.1347517730496	-8.5886524822695
			12.1382978723404	-8.59219858156028
			12.1382978723404	-8.59574468085106
			12.1382978723404	-8.59929078014184
			12.1418439716312	-8.60283687943262
			12.1418439716312	-8.6063829787234
			12.1418439716312	-8.60992907801418
			12.145390070922	-8.61347517730496
			12.145390070922	-8.61702127659574
			12.145390070922	-8.62056737588652
			12.1489361702128	-8.6241134751773
			12.1489361702128	-8.62765957446809
			12.1489361702128	-8.63120567375887
			12.1524822695035	-8.63475177304965
			12.1524822695035	-8.63829787234043
			12.1524822695035	-8.64184397163121
			12.1560283687943	-8.64539007092199
			12.1560283687943	-8.64893617021277
			12.1560283687943	-8.65248226950355
			12.1595744680851	-8.65602836879433
			12.1595744680851	-8.65957446808511
			12.1595744680851	-8.66312056737589
			12.1631205673759	-8.66666666666667
			12.1631205673759	-8.67021276595745
			12.1631205673759	-8.67375886524823
			12.1666666666667	-8.67730496453901
			12.1666666666667	-8.68085106382979
			12.1666666666667	-8.68439716312057
			12.1702127659574	-8.68794326241135
			12.1702127659574	-8.69148936170213
		</anterior>
		<posterior type=matrix rownames=FALSE colnames=FALSE nrow=5677 ncol=2 as.numeric=TRUE >
			2.34751773049645	-8.69148936170213
			2.35106382978723	-8.69148936170213
			2.35460992907801	-8.69148936170213
			2.35815602836879	-8.69148936170213
			2.36170212765957	-8.69148936170213
			2.36524822695035	-8.69148936170213
			2.36879432624113	-8.69148936170213
			2.37234042553191	-8.69148936170213
			2.3758865248227	-8.69148936170213
			2.37943262411348	-8.69148936170213
			2.38297872340426	-8.69148936170213
			2.38652482269504	-8.68794326241135
			2.39007092198582	-8.68794326241135
			2.3936170212766	-8.68794326241135
			2.39716312056738	-8.68794326241135
			2.40070921985816	-8.68794326241135
			2.40425531914894	-8.68794326241135
			2.40780141843972	-8.68794326241135
			2.4113475177305	-8.68794326241135
			2.41489361702128	-8.68794326241135
			2.41843971631206	-8.68794326241135
			2.42198581560284	-8.68794326241135
			2.42553191489362	-8.68794326241135
			2.4290780141844	-8.68794326241135
			2.43262411347518	-8.68794326241135
			2.43617021276596	-8.68794326241135
			2.43971631205674	-8.68794326241135
			2.44326241134752	-8.68439716312057
			2.4468085106383	-8.68439716312057
			2.45035460992908	-8.68439716312057
			2.45390070921986	-8.68439716312057
			2.45744680851064	-8.68439716312057
			2.46099290780142	-8.68439716312057
			2.4645390070922	-8.68439716312057
			2.46808510638298	-8.68439716312057
			2.47163120567376	-8.68439716312057
			2.47517730496454	-8.68439716312057
			2.47872340425532	-8.68439716312057
			2.4822695035461	-8.68439716312057
			2.48581560283688	-8.68085106382979
			2.48936170212766	-8.68085106382979
			2.49290780141844	-8.68085106382979
			2.49645390070922	-8.68085106382979
			2.5	-8.68085106382979
			2.50354609929078	-8.68085106382979
			2.50709219858156	-8.68085106382979
			2.51063829787234	-8.68085106382979
			2.51418439716312	-8.68085106382979
			2.5177304964539	-8.68085106382979
			2.52127659574468	-8.68085106382979
			2.52482269503546	-8.67730496453901
			2.52836879432624	-8.67730496453901
			2.53191489361702	-8.67730496453901
			2.5354609929078	-8.67730496453901
			2.53900709219858	-8.67730496453901
			2.54255319148936	-8.67730496453901
			2.54609929078014	-8.67730496453901
			2.54964539007092	-8.67730496453901
			2.5531914893617	-8.67730496453901
			2.55673758865248	-8.67730496453901
			2.55673758865248	-8.67375886524823
			2.56028368794326	-8.67375886524823
			2.56382978723404	-8.67375886524823
			2.56737588652482	-8.67375886524823
			2.5709219858156	-8.67375886524823
			2.57446808510638	-8.67375886524823
			2.57801418439716	-8.67375886524823
			2.58156028368794	-8.67375886524823
			2.58510638297872	-8.67375886524823
			2.5886524822695	-8.67021276595745
			2.59219858156028	-8.67021276595745
			2.59574468085106	-8.67021276595745
			2.59929078014184	-8.67021276595745
			2.60283687943262	-8.67021276595745
			2.6063829787234	-8.67021276595745
			2.60992907801418	-8.67021276595745
			2.61347517730496	-8.67021276595745
			2.61702127659574	-8.67021276595745
			2.62056737588652	-8.66666666666667
			2.6241134751773	-8.66666666666667
			2.62765957446809	-8.66666666666667
			2.63120567375887	-8.66666666666667
			2.63475177304965	-8.66666666666667
			2.63829787234043	-8.66666666666667
			2.64184397163121	-8.66666666666667
			2.64539007092199	-8.66312056737589
			2.64893617021277	-8.66312056737589
			2.65248226950355	-8.66312056737589
			2.65602836879433	-8.66312056737589
			2.65957446808511	-8.66312056737589
			2.66312056737589	-8.66312056737589
			2.66666666666667	-8.66312056737589
			2.67021276595745	-8.66312056737589
			2.67375886524823	-8.65957446808511
			2.67730496453901	-8.65957446808511
			2.68085106382979	-8.65957446808511
			2.68439716312057	-8.65957446808511
			2.68794326241135	-8.65957446808511
			2.69148936170213	-8.65957446808511
			2.69503546099291	-8.65957446808511
			2.69858156028369	-8.65602836879433
			2.70212765957447	-8.65602836879433
			2.70567375886525	-8.65602836879433
			2.70921985815603	-8.65602836879433
			2.71276595744681	-8.65602836879433
			2.71631205673759	-8.65602836879433
			2.71985815602837	-8.65248226950355
			2.72340425531915	-8.65248226950355
			2.72695035460993	-8.65248226950355
			2.73049645390071	-8.65248226950355
			2.73404255319149	-8.65248226950355
			2.73758865248227	-8.65248226950355
			2.74113475177305	-8.64893617021277
			2.74468085106383	-8.64893617021277
			2.74822695035461	-8.64893617021277
			2.75177304964539	-8.64893617021277
			2.75531914893617	-8.64893617021277
			2.75886524822695	-8.64893617021277
			2.76241134751773	-8.64539007092199
			2.76595744680851	-8.64539007092199
			2.76950354609929	-8.64539007092199
			2.77304964539007	-8.64539007092199
			2.77659574468085	-8.64539007092199
			2.78014184397163	-8.64539007092199
			2.78368794326241	-8.64184397163121
			2.78723404255319	-8.64184397163121
			2.79078014184397	-8.64184397163121
			2.79432624113475	-8.64184397163121
			2.79787234042553	-8.64184397163121
			2.80141843971631	-8.64184397163121
			2.80496453900709	-8.63829787234043
			2.80851063829787	-8.63829787234043
			2.81205673758865	-8.63829787234043
			2.81560283687943	-8.63829787234043
			2.81914893617021	-8.63829787234043
			2.82269503546099	-8.63475177304965
			2.82624113475177	-8.63475177304965
			2.82978723404255	-8.63475177304965
			2.83333333333333	-8.63475177304965
			2.83687943262411	-8.63475177304965
			2.84042553191489	-8.63475177304965
			2.84397163120567	-8.63120567375887
			2.84751773049645	-8.63120567375887
			2.85106382978723	-8.63120567375887
			2.85460992907801	-8.63120567375887
			2.85815602836879	-8.63120567375887
			2.86170212765957	-8.63120567375887
			2.86170212765957	-8.62765957446809
			2.86524822695035	-8.62765957446809
			2.86879432624113	-8.62765957446809
			2.87234042553191	-8.62765957446809
			2.8758865248227	-8.62765957446809
			2.87943262411348	-8.62765957446809
			2.88297872340426	-8.6241134751773
			2.88652482269504	-8.6241134751773
			2.89007092198582	-8.6241134751773
			2.8936170212766	-8.6241134751773
			2.89716312056738	-8.6241134751773
			2.90070921985816	-8.62056737588652
			2.90425531914894	-8.62056737588652
			2.90780141843972	-8.62056737588652
			2.9113475177305	-8.62056737588652
			2.91489361702128	-8.62056737588652
			2.91489361702128	-8.61702127659574
			2.91843971631206	-8.61702127659574
			2.92198581560284	-8.61702127659574
			2.92553191489362	-8.61702127659574
			2.9290780141844	-8.61702127659574
			2.93262411347518	-8.61702127659574
			2.93617021276596	-8.61347517730496
			2.93971631205674	-8.61347517730496
			2.94326241134752	-8.61347517730496
			2.9468085106383	-8.61347517730496
			2.95035460992908	-8.61347517730496
			2.95390070921986	-8.60992907801418
			2.95744680851064	-8.60992907801418
			2.96099290780142	-8.60992907801418
			2.9645390070922	-8.60992907801418
			2.96808510638298	-8.6063829787234
			2.97163120567376	-8.6063829787234
			2.97517730496454	-8.6063829787234
			2.97872340425532	-8.6063829787234
			2.9822695035461	-8.6063829787234
			2.98581560283688	-8.60283687943262
			2.98936170212766	-8.60283687943262
			2.99290780141844	-8.60283687943262
			2.99645390070922	-8.60283687943262
			3	-8.60283687943262
			3.00354609929078	-8.59929078014184
			3.00709219858156	-8.59929078014184
			3.01063829787234	-8.59929078014184
			3.01418439716312	-8.59929078014184
			3.0177304964539	-8.59574468085106
			3.02127659574468	-8.59574468085106
			3.02482269503546	-8.59574468085106
			3.02836879432624	-8.59574468085106
			3.03191489361702	-8.59574468085106
			3.0354609929078	-8.59219858156028
			3.03900709219858	-8.59219858156028
			3.04255319148936	-8.59219858156028
			3.04609929078014	-8.59219858156028
			3.04964539007092	-8.5886524822695
			3.0531914893617	-8.5886524822695
			3.05673758865248	-8.5886524822695
			3.06028368794326	-8.5886524822695
			3.06382978723404	-8.5886524822695
			3.06737588652482	-8.58510638297872
			3.0709219858156	-8.58510638297872
			3.07446808510638	-8.58510638297872
			3.07801418439716	-8.58510638297872
			3.08156028368794	-8.58156028368794
			3.08510638297872	-8.58156028368794
			3.0886524822695	-8.58156028368794
			3.09219858156028	-8.58156028368794
			3.09574468085106	-8.57801418439716
			3.09929078014184	-8.57801418439716
			3.10283687943262	-8.57801418439716
			3.1063829787234	-8.57801418439716
			3.10992907801418	-8.57446808510638
			3.11347517730496	-8.57446808510638
			3.11702127659574	-8.57446808510638
			3.12056737588652	-8.57446808510638
			3.1241134751773	-8.5709219858156
			3.12765957446809	-8.5709219858156
			3.13120567375887	-8.5709219858156
			3.13475177304965	-8.5709219858156
			3.13829787234043	-8.56737588652482
			3.14184397163121	-8.56737588652482
			3.14539007092199	-8.56737588652482
			3.14893617021277	-8.56737588652482
			3.15248226950355	-8.56737588652482
			3.15602836879433	-8.56382978723404
			3.15957446808511	-8.56382978723404
			3.16312056737589	-8.56382978723404
			3.16666666666667	-8.56382978723404
			3.17021276595745	-8.56028368794326
			3.17375886524823	-8.56028368794326
			3.17730496453901	-8.56028368794326
			3.18085106382979	-8.56028368794326
			3.18439716312057	-8.55673758865248
			3.18794326241135	-8.55673758865248
			3.19148936170213	-8.55673758865248
			3.19503546099291	-8.55673758865248
			3.19858156028369	-8.5531914893617
			3.20212765957447	-8.5531914893617
			3.20567375886525	-8.5531914893617
			3.20921985815603	-8.5531914893617
			3.21276595744681	-8.54964539007092
			3.21631205673759	-8.54964539007092
			3.21985815602837	-8.54964539007092
			3.22340425531915	-8.54964539007092
			3.22695035460993	-8.54609929078014
			3.23049645390071	-8.54609929078014
			3.23404255319149	-8.54609929078014
			3.23758865248227	-8.54609929078014
			3.23758865248227	-8.54255319148936
			3.24113475177305	-8.54255319148936
			3.24468085106383	-8.54255319148936
			3.24822695035461	-8.54255319148936
			3.25177304964539	-8.54255319148936
			3.25177304964539	-8.53900709219858
			3.25531914893617	-8.53900709219858
			3.25886524822695	-8.53900709219858
			3.26241134751773	-8.53900709219858
			3.26595744680851	-8.53900709219858
			3.26595744680851	-8.5354609929078
			3.26950354609929	-8.5354609929078
			3.27304964539007	-8.5354609929078
			3.27659574468085	-8.5354609929078
			3.28014184397163	-8.53191489361702
			3.28368794326241	-8.53191489361702
			3.28723404255319	-8.53191489361702
			3.29078014184397	-8.53191489361702
			3.29432624113475	-8.52836879432624
			3.29787234042553	-8.52836879432624
			3.30141843971631	-8.52836879432624
			3.30496453900709	-8.52836879432624
			3.30851063829787	-8.52482269503546
			3.31205673758865	-8.52482269503546
			3.31560283687943	-8.52482269503546
			3.31914893617021	-8.52127659574468
			3.32269503546099	-8.52127659574468
			3.32624113475177	-8.52127659574468
			3.32978723404255	-8.52127659574468
			3.33333333333333	-8.5177304964539
			3.33687943262411	-8.5177304964539
			3.34042553191489	-8.5177304964539
			3.34397163120567	-8.5177304964539
			3.34751773049645	-8.51418439716312
			3.35106382978723	-8.51418439716312
			3.35460992907801	-8.51418439716312
			3.35815602836879	-8.51418439716312
			3.35815602836879	-8.51063829787234
			3.36170212765957	-8.51063829787234
			3.36524822695035	-8.51063829787234
			3.36879432624113	-8.50709219858156
			3.37234042553191	-8.50709219858156
			3.3758865248227	-8.50709219858156
			3.37943262411348	-8.50709219858156
			3.38297872340426	-8.50354609929078
			3.38652482269504	-8.50354609929078
			3.39007092198582	-8.50354609929078
			3.3936170212766	-8.50354609929078
			3.39716312056738	-8.5
			3.40070921985816	-8.5
			3.40425531914894	-8.5
			3.40780141843972	-8.49645390070922
			3.4113475177305	-8.49645390070922
			3.41489361702128	-8.49645390070922
			3.41843971631206	-8.49645390070922
			3.42198581560284	-8.49290780141844
			3.42553191489362	-8.49290780141844
			3.4290780141844	-8.49290780141844
			3.43262411347518	-8.48936170212766
			3.43617021276596	-8.48936170212766
			3.43971631205674	-8.48936170212766
			3.44326241134752	-8.48936170212766
			3.4468085106383	-8.48581560283688
			3.45035460992908	-8.48581560283688
			3.45390070921986	-8.48581560283688
			3.45744680851064	-8.4822695035461
			3.46099290780142	-8.4822695035461
			3.4645390070922	-8.4822695035461
			3.46808510638298	-8.47872340425532
			3.47163120567376	-8.47872340425532
			3.47517730496454	-8.47872340425532
			3.47872340425532	-8.47872340425532
			3.4822695035461	-8.47517730496454
			3.48581560283688	-8.47517730496454
			3.48936170212766	-8.47517730496454
			3.49290780141844	-8.47163120567376
			3.49645390070922	-8.47163120567376
			3.5	-8.47163120567376
			3.50354609929078	-8.47163120567376
			3.50709219858156	-8.46808510638298
			3.51063829787234	-8.46808510638298
			3.51418439716312	-8.46808510638298
			3.5177304964539	-8.4645390070922
			3.52127659574468	-8.4645390070922
			3.52482269503546	-8.4645390070922
			3.52836879432624	-8.46099290780142
			3.53191489361702	-8.46099290780142
			3.5354609929078	-8.46099290780142
			3.53900709219858	-8.45744680851064
			3.54255319148936	-8.45744680851064
			3.54609929078014	-8.45744680851064
			3.54964539007092	-8.45744680851064
			3.5531914893617	-8.45390070921986
			3.55673758865248	-8.45390070921986
			3.56028368794326	-8.45390070921986
			3.56382978723404	-8.45035460992908
			3.56737588652482	-8.45035460992908
			3.5709219858156	-8.45035460992908
			3.57446808510638	-8.4468085106383
			3.57801418439716	-8.4468085106383
			3.58156028368794	-8.4468085106383
			3.58510638297872	-8.4468085106383
			3.5886524822695	-8.44326241134752
			3.59219858156028	-8.44326241134752
			3.59574468085106	-8.44326241134752
			3.59929078014184	-8.43971631205674
			3.60283687943262	-8.43971631205674
			3.6063829787234	-8.43971631205674
			3.60992907801418	-8.43617021276596
			3.61347517730496	-8.43617021276596
			3.61702127659574	-8.43617021276596
			3.62056737588652	-8.43617021276596
			3.6241134751773	-8.43262411347518
			3.62765957446809	-8.43262411347518
			3.63120567375887	-8.4290780141844
			3.63475177304965	-8.4290780141844
			3.63829787234043	-8.4290780141844
			3.64184397163121	-8.4290780141844
			3.64539007092199	-8.42553191489362
			3.64893617021277	-8.42553191489362
			3.65248226950355	-8.42553191489362
			3.65602836879433	-8.42198581560284
			3.65957446808511	-8.42198581560284
			3.66312056737589	-8.42198581560284
			3.66666666666667	-8.41843971631206
			3.67021276595745	-8.41843971631206
			3.67375886524823	-8.41843971631206
			3.67730496453901	-8.41489361702128
			3.68085106382979	-8.41489361702128
			3.68439716312057	-8.41489361702128
			3.68794326241135	-8.41489361702128
			3.69148936170213	-8.4113475177305
			3.69503546099291	-8.4113475177305
			3.69858156028369	-8.4113475177305
			3.69858156028369	-8.40780141843972
			3.70212765957447	-8.40780141843972
			3.70567375886525	-8.40780141843972
			3.70921985815603	-8.40425531914894
			3.71276595744681	-8.40425531914894
			3.71631205673759	-8.40425531914894
			3.71985815602837	-8.40070921985816
			3.72340425531915	-8.40070921985816
			3.72695035460993	-8.40070921985816
			3.73049645390071	-8.40070921985816
			3.73404255319149	-8.39716312056738
			3.73758865248227	-8.39716312056738
			3.74113475177305	-8.39716312056738
			3.74468085106383	-8.3936170212766
			3.74822695035461	-8.3936170212766
			3.75177304964539	-8.3936170212766
			3.75531914893617	-8.39007092198582
			3.75886524822695	-8.39007092198582
			3.76241134751773	-8.39007092198582
			3.76241134751773	-8.38652482269504
			3.76595744680851	-8.38652482269504
			3.76950354609929	-8.38652482269504
			3.77304964539007	-8.38297872340426
			3.77659574468085	-8.38297872340426
			3.78014184397163	-8.38297872340426
			3.78368794326241	-8.38297872340426
			3.78723404255319	-8.37943262411348
			3.79078014184397	-8.37943262411348
			3.79432624113475	-8.37943262411348
			3.79787234042553	-8.3758865248227
			3.80141843971631	-8.3758865248227
			3.80496453900709	-8.3758865248227
			3.80851063829787	-8.37234042553191
			3.81205673758865	-8.37234042553191
			3.81560283687943	-8.37234042553191
			3.81914893617021	-8.36879432624113
			3.82269503546099	-8.36879432624113
			3.82624113475177	-8.36879432624113
			3.82978723404255	-8.36524822695035
			3.83333333333333	-8.36524822695035
			3.83687943262411	-8.36524822695035
			3.84042553191489	-8.36170212765957
			3.84397163120567	-8.36170212765957
			3.84751773049645	-8.36170212765957
			3.85106382978723	-8.35815602836879
			3.85460992907801	-8.35815602836879
			3.85815602836879	-8.35460992907801
			3.86170212765957	-8.35460992907801
			3.86524822695035	-8.35460992907801
			3.86879432624113	-8.35460992907801
			3.86879432624113	-8.35106382978723
			3.87234042553191	-8.35106382978723
			3.8758865248227	-8.35106382978723
			3.87943262411348	-8.34751773049645
			3.88297872340426	-8.34751773049645
			3.88652482269504	-8.34751773049645
			3.89007092198582	-8.34397163120567
			3.8936170212766	-8.34397163120567
			3.89716312056738	-8.34397163120567
			3.90070921985816	-8.34042553191489
			3.90425531914894	-8.34042553191489
			3.90780141843972	-8.34042553191489
			3.9113475177305	-8.33687943262411
			3.91489361702128	-8.33687943262411
			3.91843971631206	-8.33687943262411
			3.92198581560284	-8.33333333333333
			3.92553191489362	-8.33333333333333
			3.9290780141844	-8.32978723404255
			3.93262411347518	-8.32978723404255
			3.93617021276596	-8.32978723404255
			3.93971631205674	-8.32624113475177
			3.94326241134752	-8.32624113475177
			3.9468085106383	-8.32624113475177
			3.95035460992908	-8.32269503546099
			3.95390070921986	-8.32269503546099
			3.95744680851064	-8.32269503546099
			3.96099290780142	-8.31914893617021
			3.9645390070922	-8.31914893617021
			3.96808510638298	-8.31914893617021
			3.97163120567376	-8.31560283687943
			3.97517730496454	-8.31560283687943
			3.97872340425532	-8.31560283687943
			3.9822695035461	-8.31205673758865
			3.98581560283688	-8.31205673758865
			3.98936170212766	-8.31205673758865
			3.99290780141844	-8.30851063829787
			3.99645390070922	-8.30851063829787
			4	-8.30851063829787
			4	-8.30496453900709
			4.00354609929078	-8.30496453900709
			4.00709219858156	-8.30496453900709
			4.01063829787234	-8.30141843971631
			4.01418439716312	-8.30141843971631
			4.0177304964539	-8.30141843971631
			4.02127659574468	-8.29787234042553
			4.02482269503546	-8.29787234042553
			4.02836879432624	-8.29787234042553
			4.03191489361702	-8.29787234042553
			4.03191489361702	-8.29432624113475
			4.0354609929078	-8.29432624113475
			4.03900709219858	-8.29432624113475
			4.04255319148936	-8.29078014184397
			4.04609929078014	-8.29078014184397
			4.04964539007092	-8.29078014184397
			4.0531914893617	-8.28723404255319
			4.05673758865248	-8.28723404255319
			4.06028368794326	-8.28723404255319
			4.06382978723404	-8.28368794326241
			4.06737588652482	-8.28368794326241
			4.0709219858156	-8.28014184397163
			4.07446808510638	-8.28014184397163
			4.07801418439716	-8.28014184397163
			4.08156028368794	-8.27659574468085
			4.08510638297872	-8.27659574468085
			4.0886524822695	-8.27659574468085
			4.09219858156028	-8.27304964539007
			4.09574468085106	-8.27304964539007
			4.09929078014184	-8.27304964539007
			4.09929078014184	-8.26950354609929
			4.10283687943262	-8.26950354609929
			4.1063829787234	-8.26950354609929
			4.10992907801418	-8.26950354609929
			4.10992907801418	-8.26595744680851
			4.11347517730496	-8.26595744680851
			4.11702127659574	-8.26595744680851
			4.12056737588652	-8.26241134751773
			4.1241134751773	-8.26241134751773
			4.12765957446809	-8.25886524822695
			4.13120567375887	-8.25886524822695
			4.13475177304965	-8.25886524822695
			4.13829787234043	-8.25531914893617
			4.14184397163121	-8.25531914893617
			4.14539007092199	-8.25531914893617
			4.14893617021277	-8.25177304964539
			4.15248226950355	-8.25177304964539
			4.15602836879433	-8.25177304964539
			4.15957446808511	-8.24822695035461
			4.16312056737589	-8.24822695035461
			4.16666666666667	-8.24822695035461
			4.17021276595745	-8.24468085106383
			4.17375886524823	-8.24468085106383
			4.17730496453901	-8.24468085106383
			4.17730496453901	-8.24113475177305
			4.18085106382979	-8.24113475177305
			4.18439716312057	-8.23758865248227
			4.18794326241135	-8.23758865248227
			4.19148936170213	-8.23758865248227
			4.19503546099291	-8.23404255319149
			4.19858156028369	-8.23404255319149
			4.20212765957447	-8.23404255319149
			4.20567375886525	-8.23049645390071
			4.20921985815603	-8.23049645390071
			4.21276595744681	-8.23049645390071
			4.21631205673759	-8.22695035460993
			4.21985815602837	-8.22695035460993
			4.22340425531915	-8.22695035460993
			4.22695035460993	-8.22340425531915
			4.23049645390071	-8.22340425531915
			4.23404255319149	-8.21985815602837
			4.23758865248227	-8.21985815602837
			4.24113475177305	-8.21985815602837
			4.24468085106383	-8.21631205673759
			4.24822695035461	-8.21631205673759
			4.25177304964539	-8.21631205673759
			4.25531914893617	-8.21276595744681
			4.25886524822695	-8.21276595744681
			4.26241134751773	-8.20921985815603
			4.26595744680851	-8.20921985815603
			4.26950354609929	-8.20921985815603
			4.27304964539007	-8.20567375886525
			4.27659574468085	-8.20567375886525
			4.28014184397163	-8.20212765957447
			4.28368794326241	-8.20212765957447
			4.28723404255319	-8.20212765957447
			4.29078014184397	-8.19858156028369
			4.29432624113475	-8.19858156028369
			4.29787234042553	-8.19503546099291
			4.30141843971631	-8.19503546099291
			4.30496453900709	-8.19503546099291
			4.30851063829787	-8.19148936170213
			4.31205673758865	-8.19148936170213
			4.31560283687943	-8.19148936170213
			4.31914893617021	-8.18794326241135
			4.32269503546099	-8.18794326241135
			4.32624113475177	-8.18439716312057
			4.32978723404255	-8.18439716312057
			4.33333333333333	-8.18439716312057
			4.33687943262411	-8.18085106382979
			4.34042553191489	-8.18085106382979
			4.34397163120567	-8.17730496453901
			4.34751773049645	-8.17730496453901
			4.35106382978723	-8.17730496453901
			4.35460992907801	-8.17375886524823
			4.35815602836879	-8.17375886524823
			4.36170212765957	-8.17375886524823
			4.36524822695035	-8.17021276595745
			4.36879432624113	-8.17021276595745
			4.37234042553191	-8.16666666666667
			4.3758865248227	-8.16666666666667
			4.37943262411348	-8.16666666666667
			4.38297872340426	-8.16312056737589
			4.38652482269504	-8.16312056737589
			4.39007092198582	-8.15957446808511
			4.3936170212766	-8.15957446808511
			4.39716312056738	-8.15957446808511
			4.40070921985816	-8.15602836879433
			4.40425531914894	-8.15602836879433
			4.40780141843972	-8.15602836879433
			4.40780141843972	-8.15248226950355
			4.4113475177305	-8.15248226950355
			4.41489361702128	-8.15248226950355
			4.41843971631206	-8.14893617021277
			4.42198581560284	-8.14893617021277
			4.42553191489362	-8.14893617021277
			4.4290780141844	-8.14539007092199
			4.43262411347518	-8.14539007092199
			4.43617021276596	-8.14539007092199
			4.43617021276596	-8.14184397163121
			4.43971631205674	-8.14184397163121
			4.44326241134752	-8.13829787234043
			4.4468085106383	-8.13829787234043
			4.45035460992908	-8.13829787234043
			4.45390070921986	-8.13475177304965
			4.45744680851064	-8.13475177304965
			4.46099290780142	-8.13475177304965
			4.4645390070922	-8.13120567375887
			4.46808510638298	-8.13120567375887
			4.47163120567376	-8.12765957446809
			4.47517730496454	-8.12765957446809
			4.47872340425532	-8.1241134751773
			4.4822695035461	-8.1241134751773
			4.48581560283688	-8.1241134751773
			4.48936170212766	-8.12056737588652
			4.49290780141844	-8.12056737588652
			4.49645390070922	-8.12056737588652
			4.5	-8.11702127659574
			4.50354609929078	-8.11702127659574
			4.50709219858156	-8.11347517730496
			4.51063829787234	-8.11347517730496
			4.51418439716312	-8.11347517730496
			4.5177304964539	-8.10992907801418
			4.52127659574468	-8.10992907801418
			4.52482269503546	-8.1063829787234
			4.52836879432624	-8.1063829787234
			4.53191489361702	-8.1063829787234
			4.5354609929078	-8.10283687943262
			4.53900709219858	-8.10283687943262
			4.54255319148936	-8.10283687943262
			4.54609929078014	-8.09929078014184
			4.54964539007092	-8.09929078014184
			4.54964539007092	-8.09574468085106
			4.5531914893617	-8.09574468085106
			4.55673758865248	-8.09574468085106
			4.56028368794326	-8.09219858156028
			4.56382978723404	-8.09219858156028
			4.56737588652482	-8.09219858156028
			4.5709219858156	-8.0886524822695
			4.57446808510638	-8.0886524822695
			4.57801418439716	-8.08510638297872
			4.58156028368794	-8.08510638297872
			4.58510638297872	-8.08510638297872
			4.5886524822695	-8.08156028368794
			4.59219858156028	-8.08156028368794
			4.59574468085106	-8.07801418439716
			4.59929078014184	-8.07801418439716
			4.60283687943262	-8.07801418439716
			4.6063829787234	-8.07446808510638
			4.60992907801418	-8.07446808510638
			4.61347517730496	-8.07446808510638
			4.61347517730496	-8.0709219858156
			4.61702127659574	-8.0709219858156
			4.62056737588652	-8.06737588652482
			4.6241134751773	-8.06737588652482
			4.62765957446809	-8.06737588652482
			4.63120567375887	-8.06382978723404
			4.63475177304965	-8.06382978723404
			4.63829787234043	-8.06028368794326
			4.64184397163121	-8.06028368794326
			4.64539007092199	-8.06028368794326
			4.64893617021277	-8.05673758865248
			4.65248226950355	-8.05673758865248
			4.65602836879433	-8.0531914893617
			4.65957446808511	-8.0531914893617
			4.66312056737589	-8.0531914893617
			4.66666666666667	-8.0531914893617
			4.67021276595745	-8.0531914893617
			4.67375886524823	-8.0531914893617
			4.67730496453901	-8.05673758865248
			4.68085106382979	-8.05673758865248
			4.68439716312057	-8.05673758865248
			4.68794326241135	-8.05673758865248
			4.69148936170213	-8.05673758865248
			4.69503546099291	-8.05673758865248
			4.69858156028369	-8.05673758865248
			4.70212765957447	-8.05673758865248
			4.70567375886525	-8.05673758865248
			4.70921985815603	-8.05673758865248
			4.71276595744681	-8.06028368794326
			4.71631205673759	-8.06028368794326
			4.71985815602837	-8.06028368794326
			4.72340425531915	-8.06028368794326
			4.72695035460993	-8.06028368794326
			4.73049645390071	-8.06028368794326
			4.73404255319149	-8.06028368794326
			4.73758865248227	-8.06028368794326
			4.74113475177305	-8.06028368794326
			4.74468085106383	-8.06028368794326
			4.74822695035461	-8.06382978723404
			4.75177304964539	-8.06382978723404
			4.75531914893617	-8.06382978723404
			4.75886524822695	-8.06382978723404
			4.76241134751773	-8.06382978723404
			4.76595744680851	-8.06382978723404
			4.76950354609929	-8.06382978723404
			4.77304964539007	-8.06382978723404
			4.77659574468085	-8.06382978723404
			4.78014184397163	-8.06382978723404
			4.78368794326241	-8.06737588652482
			4.78723404255319	-8.06737588652482
			4.79078014184397	-8.06737588652482
			4.79432624113475	-8.06737588652482
			4.79787234042553	-8.06737588652482
			4.80141843971631	-8.06737588652482
			4.80496453900709	-8.06737588652482
			4.80851063829787	-8.06737588652482
			4.81205673758865	-8.06737588652482
			4.81560283687943	-8.0709219858156
			4.81914893617021	-8.0709219858156
			4.82269503546099	-8.0709219858156
			4.82624113475177	-8.0709219858156
			4.82978723404255	-8.0709219858156
			4.83333333333333	-8.0709219858156
			4.83687943262411	-8.0709219858156
			4.84042553191489	-8.0709219858156
			4.84397163120567	-8.0709219858156
			4.84751773049645	-8.0709219858156
			4.85106382978723	-8.07446808510638
			4.85460992907801	-8.07446808510638
			4.85815602836879	-8.07446808510638
			4.86170212765957	-8.07446808510638
			4.86524822695035	-8.07446808510638
			4.86879432624113	-8.07446808510638
			4.87234042553191	-8.07446808510638
			4.8758865248227	-8.07446808510638
			4.87943262411348	-8.07446808510638
			4.88297872340426	-8.07446808510638
			4.88652482269504	-8.07801418439716
			4.89007092198582	-8.07801418439716
			4.8936170212766	-8.07801418439716
			4.89716312056738	-8.07801418439716
			4.90070921985816	-8.07801418439716
			4.90425531914894	-8.07801418439716
			4.90780141843972	-8.07801418439716
			4.9113475177305	-8.07801418439716
			4.91489361702128	-8.07801418439716
			4.91843971631206	-8.08156028368794
			4.92198581560284	-8.08156028368794
			4.92553191489362	-8.08156028368794
			4.9290780141844	-8.08156028368794
			4.93262411347518	-8.08156028368794
			4.93617021276596	-8.08156028368794
			4.93971631205674	-8.08156028368794
			4.94326241134752	-8.08156028368794
			4.9468085106383	-8.08156028368794
			4.95035460992908	-8.08156028368794
			4.95390070921986	-8.08510638297872
			4.95744680851064	-8.08510638297872
			4.96099290780142	-8.08510638297872
			4.9645390070922	-8.08510638297872
			4.96808510638298	-8.08510638297872
			4.97163120567376	-8.08510638297872
			4.97517730496454	-8.08510638297872
			4.97872340425532	-8.08510638297872
			4.9822695035461	-8.08510638297872
			4.98581560283688	-8.08510638297872
			4.98936170212766	-8.0886524822695
			4.99290780141844	-8.0886524822695
			4.99645390070922	-8.0886524822695
			5	-8.0886524822695
			5.00354609929078	-8.0886524822695
			5.00709219858156	-8.0886524822695
			5.01063829787234	-8.0886524822695
			5.01418439716312	-8.0886524822695
			5.0177304964539	-8.0886524822695
			5.02127659574468	-8.0886524822695
			5.02482269503546	-8.09219858156028
			5.02836879432624	-8.09219858156028
			5.03191489361702	-8.09219858156028
			5.0354609929078	-8.09219858156028
			5.03900709219858	-8.09219858156028
			5.04255319148936	-8.09219858156028
			5.04609929078014	-8.09219858156028
			5.04964539007092	-8.09219858156028
			5.0531914893617	-8.09219858156028
			5.05673758865248	-8.09219858156028
			5.06028368794326	-8.09574468085106
			5.06382978723404	-8.09574468085106
			5.06737588652482	-8.09574468085106
			5.0709219858156	-8.09574468085106
			5.07446808510638	-8.09574468085106
			5.07801418439716	-8.09574468085106
			5.08156028368794	-8.09574468085106
			5.08510638297872	-8.09574468085106
			5.0886524822695	-8.09574468085106
			5.09219858156028	-8.09929078014184
			5.09574468085106	-8.09929078014184
			5.09929078014184	-8.09929078014184
			5.10283687943262	-8.09929078014184
			5.1063829787234	-8.09929078014184
			5.10992907801418	-8.09929078014184
			5.11347517730496	-8.09929078014184
			5.11702127659574	-8.09929078014184
			5.12056737588652	-8.09929078014184
			5.1241134751773	-8.09929078014184
			5.12765957446809	-8.10283687943262
			5.13120567375887	-8.10283687943262
			5.13475177304965	-8.10283687943262
			5.13829787234043	-8.10283687943262
			5.14184397163121	-8.10283687943262
			5.14539007092199	-8.10283687943262
			5.14893617021277	-8.10283687943262
			5.15248226950355	-8.10283687943262
			5.15602836879433	-8.10283687943262
			5.15957446808511	-8.1063829787234
			5.16312056737589	-8.1063829787234
			5.16666666666667	-8.1063829787234
			5.17021276595745	-8.1063829787234
			5.17375886524823	-8.1063829787234
			5.17730496453901	-8.1063829787234
			5.18085106382979	-8.1063829787234
			5.18439716312057	-8.1063829787234
			5.18794326241135	-8.1063829787234
			5.19148936170213	-8.1063829787234
			5.19503546099291	-8.10992907801418
			5.19858156028369	-8.10992907801418
			5.20212765957447	-8.10992907801418
			5.20567375886525	-8.10992907801418
			5.20921985815603	-8.10992907801418
			5.21276595744681	-8.10992907801418
			5.21631205673759	-8.10992907801418
			5.21985815602837	-8.10992907801418
			5.22340425531915	-8.10992907801418
			5.22695035460993	-8.10992907801418
			5.23049645390071	-8.11347517730496
			5.23404255319149	-8.11347517730496
			5.23758865248227	-8.11347517730496
			5.24113475177305	-8.11347517730496
			5.24468085106383	-8.11347517730496
			5.24822695035461	-8.11347517730496
			5.25177304964539	-8.11347517730496
			5.25531914893617	-8.11347517730496
			5.25886524822695	-8.11347517730496
			5.26241134751773	-8.11347517730496
			5.26595744680851	-8.11702127659574
			5.26950354609929	-8.11702127659574
			5.27304964539007	-8.11702127659574
			5.27659574468085	-8.11702127659574
			5.28014184397163	-8.11702127659574
			5.28368794326241	-8.11702127659574
			5.28723404255319	-8.11702127659574
			5.29078014184397	-8.11702127659574
			5.29432624113475	-8.11702127659574
			5.29787234042553	-8.12056737588652
			5.30141843971631	-8.12056737588652
			5.30496453900709	-8.12056737588652
			5.30851063829787	-8.12056737588652
			5.31205673758865	-8.12056737588652
			5.31560283687943	-8.12056737588652
			5.31914893617021	-8.12056737588652
			5.32269503546099	-8.12056737588652
			5.32624113475177	-8.12056737588652
			5.32978723404255	-8.12056737588652
			5.33333333333333	-8.1241134751773
			5.33687943262411	-8.1241134751773
			5.34042553191489	-8.1241134751773
			5.34397163120567	-8.1241134751773
			5.34751773049645	-8.1241134751773
			5.35106382978723	-8.1241134751773
			5.35460992907801	-8.1241134751773
			5.35815602836879	-8.1241134751773
			5.36170212765957	-8.1241134751773
			5.36524822695035	-8.1241134751773
			5.36879432624113	-8.12765957446809
			5.37234042553191	-8.12765957446809
			5.3758865248227	-8.12765957446809
			5.37943262411348	-8.12765957446809
			5.38297872340426	-8.12765957446809
			5.38652482269504	-8.12765957446809
			5.39007092198582	-8.12765957446809
			5.3936170212766	-8.12765957446809
			5.39716312056738	-8.12765957446809
			5.40070921985816	-8.12765957446809
			5.40425531914894	-8.13120567375887
			5.40780141843972	-8.13120567375887
			5.4113475177305	-8.13120567375887
			5.41489361702128	-8.13120567375887
			5.41843971631206	-8.13120567375887
			5.42198581560284	-8.13120567375887
			5.42553191489362	-8.13120567375887
			5.4290780141844	-8.13120567375887
			5.43262411347518	-8.13120567375887
			5.43617021276596	-8.13120567375887
			5.43971631205674	-8.13475177304965
			5.44326241134752	-8.13475177304965
			5.4468085106383	-8.13475177304965
			5.45035460992908	-8.13475177304965
			5.45390070921986	-8.13475177304965
			5.45744680851064	-8.13475177304965
			5.46099290780142	-8.13475177304965
			5.4645390070922	-8.13475177304965
			5.46808510638298	-8.13475177304965
			5.47163120567376	-8.13475177304965
			5.47517730496454	-8.13829787234043
			5.47872340425532	-8.13829787234043
			5.4822695035461	-8.13829787234043
			5.48581560283688	-8.13829787234043
			5.48936170212766	-8.13829787234043
			5.49290780141844	-8.13829787234043
			5.49645390070922	-8.13829787234043
			5.5	-8.13829787234043
			5.50354609929078	-8.13829787234043
			5.50709219858156	-8.14184397163121
			5.51063829787234	-8.14184397163121
			5.51418439716312	-8.14184397163121
			5.5177304964539	-8.14184397163121
			5.52127659574468	-8.14184397163121
			5.52482269503546	-8.14184397163121
			5.52836879432624	-8.14184397163121
			5.53191489361702	-8.14184397163121
			5.5354609929078	-8.14184397163121
			5.53900709219858	-8.14184397163121
			5.54255319148936	-8.14539007092199
			5.54609929078014	-8.14539007092199
			5.54964539007092	-8.14539007092199
			5.5531914893617	-8.14539007092199
			5.55673758865248	-8.14539007092199
			5.56028368794326	-8.14539007092199
			5.56382978723404	-8.14539007092199
			5.56737588652482	-8.14539007092199
			5.5709219858156	-8.14539007092199
			5.57446808510638	-8.14893617021277
			5.57801418439716	-8.14893617021277
			5.58156028368794	-8.14893617021277
			5.58510638297872	-8.14893617021277
			5.5886524822695	-8.14893617021277
			5.59219858156028	-8.14893617021277
			5.59574468085106	-8.14893617021277
			5.59929078014184	-8.14893617021277
			5.60283687943262	-8.14893617021277
			5.6063829787234	-8.14893617021277
			5.60992907801418	-8.15248226950355
			5.61347517730496	-8.15248226950355
			5.61702127659574	-8.15248226950355
			5.62056737588652	-8.15248226950355
			5.6241134751773	-8.15248226950355
			5.62765957446809	-8.15248226950355
			5.63120567375887	-8.15248226950355
			5.63475177304965	-8.15248226950355
			5.63829787234043	-8.15248226950355
			5.64184397163121	-8.15248226950355
			5.64539007092199	-8.15602836879433
			5.64893617021277	-8.15602836879433
			5.65248226950355	-8.15602836879433
			5.65602836879433	-8.15602836879433
			5.65957446808511	-8.15602836879433
			5.66312056737589	-8.15602836879433
			5.66666666666667	-8.15602836879433
			5.67021276595745	-8.15602836879433
			5.67375886524823	-8.15602836879433
			5.67730496453901	-8.15602836879433
			5.68085106382979	-8.15957446808511
			5.68439716312057	-8.15957446808511
			5.68794326241135	-8.15957446808511
			5.69148936170213	-8.15957446808511
			5.69503546099291	-8.15957446808511
			5.69858156028369	-8.15957446808511
			5.70212765957447	-8.15957446808511
			5.70567375886525	-8.15957446808511
			5.70921985815603	-8.15957446808511
			5.71276595744681	-8.15957446808511
			5.71631205673759	-8.16312056737589
			5.71985815602837	-8.16312056737589
			5.72340425531915	-8.16312056737589
			5.72695035460993	-8.16312056737589
			5.73049645390071	-8.16312056737589
			5.73404255319149	-8.16312056737589
			5.73758865248227	-8.16312056737589
			5.74113475177305	-8.16312056737589
			5.74468085106383	-8.16312056737589
			5.74822695035461	-8.16312056737589
			5.75177304964539	-8.16666666666667
			5.75531914893617	-8.16666666666667
			5.75886524822695	-8.16666666666667
			5.76241134751773	-8.16666666666667
			5.76595744680851	-8.16666666666667
			5.76950354609929	-8.16666666666667
			5.77304964539007	-8.16666666666667
			5.77659574468085	-8.16666666666667
			5.78014184397163	-8.16666666666667
			5.78368794326241	-8.17021276595745
			5.78723404255319	-8.17021276595745
			5.79078014184397	-8.17021276595745
			5.79432624113475	-8.17021276595745
			5.79787234042553	-8.17021276595745
			5.80141843971631	-8.17021276595745
			5.80496453900709	-8.17021276595745
			5.80851063829787	-8.17021276595745
			5.81205673758865	-8.17021276595745
			5.81560283687943	-8.17021276595745
			5.81914893617021	-8.17375886524823
			5.82269503546099	-8.17375886524823
			5.82624113475177	-8.17375886524823
			5.82978723404255	-8.17375886524823
			5.83333333333333	-8.17375886524823
			5.83687943262411	-8.17375886524823
			5.84042553191489	-8.17375886524823
			5.84397163120567	-8.17375886524823
			5.84751773049645	-8.17375886524823
			5.85106382978723	-8.17375886524823
			5.85460992907801	-8.17730496453901
			5.85815602836879	-8.17730496453901
			5.86170212765957	-8.17730496453901
			5.86524822695035	-8.17730496453901
			5.86879432624113	-8.17730496453901
			5.87234042553191	-8.17730496453901
			5.8758865248227	-8.17730496453901
			5.87943262411348	-8.17730496453901
			5.88297872340426	-8.17730496453901
			5.88652482269504	-8.17730496453901
			5.89007092198582	-8.18085106382979
			5.8936170212766	-8.18085106382979
			5.89716312056738	-8.18085106382979
			5.90070921985816	-8.18085106382979
			5.90425531914894	-8.18085106382979
			5.90780141843972	-8.18085106382979
			5.9113475177305	-8.18085106382979
			5.91489361702128	-8.18085106382979
			5.91843971631206	-8.18085106382979
			5.92198581560284	-8.18439716312057
			5.92553191489362	-8.18439716312057
			5.9290780141844	-8.18439716312057
			5.93262411347518	-8.18439716312057
			5.93617021276596	-8.18439716312057
			5.93971631205674	-8.18439716312057
			5.94326241134752	-8.18439716312057
			5.9468085106383	-8.18439716312057
			5.95035460992908	-8.18439716312057
			5.95390070921986	-8.18439716312057
			5.95744680851064	-8.18439716312057
			5.95744680851064	-8.18794326241135
			5.96099290780142	-8.18794326241135
			5.9645390070922	-8.18794326241135
			5.96808510638298	-8.18794326241135
			5.97163120567376	-8.18794326241135
			5.97517730496454	-8.18794326241135
			5.97872340425532	-8.18794326241135
			5.9822695035461	-8.18794326241135
			5.98581560283688	-8.18794326241135
			5.98936170212766	-8.18794326241135
			5.99290780141844	-8.19148936170213
			5.99645390070922	-8.19148936170213
			6	-8.19148936170213
			6.00354609929078	-8.19148936170213
			6.00709219858156	-8.19148936170213
			6.01063829787234	-8.19148936170213
			6.01418439716312	-8.19148936170213
			6.0177304964539	-8.19148936170213
			6.02127659574468	-8.19148936170213
			6.02482269503546	-8.19148936170213
			6.02836879432624	-8.19503546099291
			6.03191489361702	-8.19503546099291
			6.0354609929078	-8.19503546099291
			6.03900709219858	-8.19503546099291
			6.04255319148936	-8.19503546099291
			6.04609929078014	-8.19503546099291
			6.04964539007092	-8.19503546099291
			6.0531914893617	-8.19503546099291
			6.05673758865248	-8.19503546099291
			6.06028368794326	-8.19503546099291
			6.06382978723404	-8.19858156028369
			6.06737588652482	-8.19858156028369
			6.0709219858156	-8.19858156028369
			6.07446808510638	-8.19858156028369
			6.07801418439716	-8.19858156028369
			6.08156028368794	-8.19858156028369
			6.08510638297872	-8.19858156028369
			6.0886524822695	-8.19858156028369
			6.09219858156028	-8.19858156028369
			6.09574468085106	-8.19858156028369
			6.09929078014184	-8.20212765957447
			6.10283687943262	-8.20212765957447
			6.1063829787234	-8.20212765957447
			6.10992907801418	-8.20212765957447
			6.11347517730496	-8.20212765957447
			6.11702127659574	-8.20212765957447
			6.12056737588652	-8.20212765957447
			6.1241134751773	-8.20212765957447
			6.12765957446809	-8.20212765957447
			6.13120567375887	-8.20212765957447
			6.13475177304965	-8.20567375886525
			6.13829787234043	-8.20567375886525
			6.14184397163121	-8.20567375886525
			6.14539007092199	-8.20567375886525
			6.14893617021277	-8.20567375886525
			6.15248226950355	-8.20567375886525
			6.15602836879433	-8.20567375886525
			6.15957446808511	-8.20567375886525
			6.16312056737589	-8.20567375886525
			6.16666666666667	-8.20567375886525
			6.17021276595745	-8.20921985815603
			6.17375886524823	-8.20921985815603
			6.17730496453901	-8.20921985815603
			6.18085106382979	-8.20921985815603
			6.18439716312057	-8.20921985815603
			6.18794326241135	-8.20921985815603
			6.19148936170213	-8.20921985815603
			6.19503546099291	-8.20921985815603
			6.19858156028369	-8.20921985815603
			6.20212765957447	-8.21276595744681
			6.20567375886525	-8.21276595744681
			6.20921985815603	-8.21276595744681
			6.21276595744681	-8.21276595744681
			6.21631205673759	-8.21276595744681
			6.21985815602837	-8.21276595744681
			6.22340425531915	-8.21276595744681
			6.22695035460993	-8.21276595744681
			6.23049645390071	-8.21276595744681
			6.23404255319149	-8.21276595744681
			6.23758865248227	-8.21276595744681
			6.24113475177305	-8.21631205673759
			6.24468085106383	-8.21631205673759
			6.24822695035461	-8.21631205673759
			6.25177304964539	-8.21631205673759
			6.25531914893617	-8.21631205673759
			6.25886524822695	-8.21631205673759
			6.26241134751773	-8.21631205673759
			6.26595744680851	-8.21631205673759
			6.26950354609929	-8.21631205673759
			6.27304964539007	-8.21631205673759
			6.27659574468085	-8.21985815602837
			6.28014184397163	-8.21985815602837
			6.28368794326241	-8.21985815602837
			6.28723404255319	-8.21985815602837
			6.29078014184397	-8.21985815602837
			6.29432624113475	-8.21985815602837
			6.29787234042553	-8.21985815602837
			6.30141843971631	-8.21985815602837
			6.30496453900709	-8.21985815602837
			6.30851063829787	-8.22340425531915
			6.31205673758865	-8.22340425531915
			6.31560283687943	-8.22340425531915
			6.31914893617021	-8.22340425531915
			6.32269503546099	-8.22340425531915
			6.32624113475177	-8.22340425531915
			6.32978723404255	-8.22340425531915
			6.33333333333333	-8.22340425531915
			6.33687943262411	-8.22340425531915
			6.34042553191489	-8.22340425531915
			6.34397163120567	-8.22695035460993
			6.34751773049645	-8.22695035460993
			6.35106382978723	-8.22695035460993
			6.35460992907801	-8.22695035460993
			6.35815602836879	-8.22695035460993
			6.36170212765957	-8.22695035460993
			6.36524822695035	-8.22695035460993
			6.36879432624113	-8.22695035460993
			6.37234042553191	-8.22695035460993
			6.3758865248227	-8.22695035460993
			6.37943262411348	-8.23049645390071
			6.38297872340426	-8.23049645390071
			6.38652482269504	-8.23049645390071
			6.39007092198582	-8.23049645390071
			6.3936170212766	-8.23049645390071
			6.39716312056738	-8.23049645390071
			6.40070921985816	-8.23049645390071
			6.40425531914894	-8.23049645390071
			6.40780141843972	-8.23049645390071
			6.4113475177305	-8.23404255319149
			6.41489361702128	-8.23404255319149
			6.41843971631206	-8.23404255319149
			6.42198581560284	-8.23404255319149
			6.42553191489362	-8.23404255319149
			6.4290780141844	-8.23404255319149
			6.43262411347518	-8.23404255319149
			6.43617021276596	-8.23404255319149
			6.43971631205674	-8.23404255319149
			6.44326241134752	-8.23404255319149
			6.4468085106383	-8.23758865248227
			6.45035460992908	-8.23758865248227
			6.45390070921986	-8.23758865248227
			6.45744680851064	-8.23758865248227
			6.46099290780142	-8.23758865248227
			6.4645390070922	-8.23758865248227
			6.46808510638298	-8.23758865248227
			6.47163120567376	-8.23758865248227
			6.47517730496454	-8.23758865248227
			6.47872340425532	-8.23758865248227
			6.4822695035461	-8.24113475177305
			6.48581560283688	-8.24113475177305
			6.48936170212766	-8.24113475177305
			6.49290780141844	-8.24113475177305
			6.49645390070922	-8.24113475177305
			6.5	-8.24113475177305
			6.50354609929078	-8.24113475177305
			6.50709219858156	-8.24113475177305
			6.51063829787234	-8.24113475177305
			6.51418439716312	-8.24113475177305
			6.5177304964539	-8.24468085106383
			6.52127659574468	-8.24468085106383
			6.52482269503546	-8.24468085106383
			6.52836879432624	-8.24468085106383
			6.53191489361702	-8.24468085106383
			6.5354609929078	-8.24468085106383
			6.53900709219858	-8.24468085106383
			6.54255319148936	-8.24468085106383
			6.54609929078014	-8.24468085106383
			6.54964539007092	-8.24468085106383
			6.5531914893617	-8.24822695035461
			6.55673758865248	-8.24822695035461
			6.56028368794326	-8.24822695035461
			6.56382978723404	-8.24822695035461
			6.56737588652482	-8.24822695035461
			6.5709219858156	-8.24822695035461
			6.57446808510638	-8.24822695035461
			6.57801418439716	-8.24822695035461
			6.58156028368794	-8.24822695035461
			6.58510638297872	-8.24822695035461
			6.5886524822695	-8.25177304964539
			6.59219858156028	-8.25177304964539
			6.59574468085106	-8.25177304964539
			6.59929078014184	-8.25177304964539
			6.60283687943262	-8.25177304964539
			6.6063829787234	-8.25177304964539
			6.60992907801418	-8.25177304964539
			6.61347517730496	-8.25177304964539
			6.61702127659574	-8.25177304964539
			6.62056737588652	-8.25177304964539
			6.6241134751773	-8.25531914893617
			6.62765957446809	-8.25531914893617
			6.63120567375887	-8.25531914893617
			6.63475177304965	-8.25531914893617
			6.63829787234043	-8.25531914893617
			6.64184397163121	-8.25531914893617
			6.64539007092199	-8.25531914893617
			6.64893617021277	-8.25531914893617
			6.65248226950355	-8.25531914893617
			6.65602836879433	-8.25531914893617
			6.65957446808511	-8.25886524822695
			6.66312056737589	-8.25886524822695
			6.66666666666667	-8.25886524822695
			6.67021276595745	-8.25886524822695
			6.67375886524823	-8.25886524822695
			6.67730496453901	-8.25886524822695
			6.68085106382979	-8.25886524822695
			6.68439716312057	-8.25886524822695
			6.68794326241135	-8.25886524822695
			6.69148936170213	-8.25886524822695
			6.69503546099291	-8.26241134751773
			6.69858156028369	-8.26241134751773
			6.70212765957447	-8.26241134751773
			6.70567375886525	-8.26241134751773
			6.70921985815603	-8.26241134751773
			6.71276595744681	-8.26241134751773
			6.71631205673759	-8.26241134751773
			6.71985815602837	-8.26241134751773
			6.72340425531915	-8.26241134751773
			6.72695035460993	-8.26595744680851
			6.73049645390071	-8.26595744680851
			6.73404255319149	-8.26595744680851
			6.73758865248227	-8.26595744680851
			6.74113475177305	-8.26595744680851
			6.74468085106383	-8.26595744680851
			6.74822695035461	-8.26595744680851
			6.75177304964539	-8.26595744680851
			6.75531914893617	-8.26595744680851
			6.75886524822695	-8.26595744680851
			6.76241134751773	-8.26950354609929
			6.76595744680851	-8.26950354609929
			6.76950354609929	-8.26950354609929
			6.77304964539007	-8.26950354609929
			6.77659574468085	-8.26950354609929
			6.78014184397163	-8.26950354609929
			6.78368794326241	-8.26950354609929
			6.78723404255319	-8.26950354609929
			6.79078014184397	-8.26950354609929
			6.79432624113475	-8.26950354609929
			6.79787234042553	-8.27304964539007
			6.80141843971631	-8.27304964539007
			6.80496453900709	-8.27304964539007
			6.80851063829787	-8.27304964539007
			6.81205673758865	-8.27304964539007
			6.81560283687943	-8.27304964539007
			6.81914893617021	-8.27304964539007
			6.82269503546099	-8.27304964539007
			6.82624113475177	-8.27304964539007
			6.82978723404255	-8.27304964539007
			6.83333333333333	-8.27659574468085
			6.83687943262411	-8.27659574468085
			6.84042553191489	-8.27659574468085
			6.84397163120567	-8.27659574468085
			6.84751773049645	-8.27659574468085
			6.85106382978723	-8.27659574468085
			6.85460992907801	-8.27659574468085
			6.85815602836879	-8.27659574468085
			6.86170212765957	-8.27659574468085
			6.86524822695035	-8.27659574468085
			6.86879432624113	-8.28014184397163
			6.87234042553191	-8.28014184397163
			6.8758865248227	-8.28014184397163
			6.87943262411348	-8.28014184397163
			6.88297872340426	-8.28014184397163
			6.88652482269504	-8.28014184397163
			6.89007092198582	-8.28014184397163
			6.8936170212766	-8.28014184397163
			6.89716312056738	-8.28014184397163
			6.90070921985816	-8.28014184397163
			6.90425531914894	-8.28368794326241
			6.90780141843972	-8.28368794326241
			6.9113475177305	-8.28368794326241
			6.91489361702128	-8.28368794326241
			6.91843971631206	-8.28368794326241
			6.92198581560284	-8.28368794326241
			6.92553191489362	-8.28368794326241
			6.9290780141844	-8.28368794326241
			6.93262411347518	-8.28368794326241
			6.93617021276596	-8.28368794326241
			6.93971631205674	-8.28723404255319
			6.94326241134752	-8.28723404255319
			6.9468085106383	-8.28723404255319
			6.95035460992908	-8.28723404255319
			6.95390070921986	-8.28723404255319
			6.95744680851064	-8.28723404255319
			6.96099290780142	-8.28723404255319
			6.9645390070922	-8.28723404255319
			6.96808510638298	-8.28723404255319
			6.97163120567376	-8.28723404255319
			6.97517730496454	-8.29078014184397
			6.97872340425532	-8.29078014184397
			6.9822695035461	-8.29078014184397
			6.98581560283688	-8.29078014184397
			6.98936170212766	-8.29078014184397
			6.99290780141844	-8.29078014184397
			6.99645390070922	-8.29078014184397
			7	-8.29078014184397
			7.00354609929078	-8.29078014184397
			7.00709219858156	-8.29078014184397
			7.01063829787234	-8.29432624113475
			7.01418439716312	-8.29432624113475
			7.0177304964539	-8.29432624113475
			7.02127659574468	-8.29432624113475
			7.02482269503546	-8.29432624113475
			7.02836879432624	-8.29432624113475
			7.03191489361702	-8.29432624113475
			7.0354609929078	-8.29432624113475
			7.03900709219858	-8.29432624113475
			7.04255319148936	-8.29432624113475
			7.04609929078014	-8.29787234042553
			7.04964539007092	-8.29787234042553
			7.0531914893617	-8.29787234042553
			7.05673758865248	-8.29787234042553
			7.06028368794326	-8.29787234042553
			7.06382978723404	-8.29787234042553
			7.06737588652482	-8.29787234042553
			7.0709219858156	-8.29787234042553
			7.07446808510638	-8.29787234042553
			7.07801418439716	-8.29787234042553
			7.08156028368794	-8.30141843971631
			7.08510638297872	-8.30141843971631
			7.0886524822695	-8.30141843971631
			7.09219858156028	-8.30141843971631
			7.09574468085106	-8.30141843971631
			7.09929078014184	-8.30141843971631
			7.10283687943262	-8.30141843971631
			7.1063829787234	-8.30141843971631
			7.10992907801418	-8.30141843971631
			7.11347517730496	-8.30141843971631
			7.11702127659574	-8.30496453900709
			7.12056737588652	-8.30496453900709
			7.1241134751773	-8.30496453900709
			7.12765957446809	-8.30496453900709
			7.13120567375887	-8.30496453900709
			7.13475177304965	-8.30496453900709
			7.13829787234043	-8.30496453900709
			7.14184397163121	-8.30496453900709
			7.14539007092199	-8.30496453900709
			7.14893617021277	-8.30496453900709
			7.15248226950355	-8.30851063829787
			7.15602836879433	-8.30851063829787
			7.15957446808511	-8.30851063829787
			7.16312056737589	-8.30851063829787
			7.16666666666667	-8.30851063829787
			7.17021276595745	-8.30851063829787
			7.17375886524823	-8.30851063829787
			7.17730496453901	-8.30851063829787
			7.18085106382979	-8.30851063829787
			7.18439716312057	-8.30851063829787
			7.18794326241135	-8.31205673758865
			7.19148936170213	-8.31205673758865
			7.19503546099291	-8.31205673758865
			7.19858156028369	-8.31205673758865
			7.20212765957447	-8.31205673758865
			7.20567375886525	-8.31205673758865
			7.20921985815603	-8.31205673758865
			7.21276595744681	-8.31205673758865
			7.21631205673759	-8.31205673758865
			7.21985815602837	-8.31205673758865
			7.22340425531915	-8.31560283687943
			7.22695035460993	-8.31560283687943
			7.23049645390071	-8.31560283687943
			7.23404255319149	-8.31560283687943
			7.23758865248227	-8.31560283687943
			7.24113475177305	-8.31560283687943
			7.24468085106383	-8.31560283687943
			7.24822695035461	-8.31560283687943
			7.25177304964539	-8.31560283687943
			7.25531914893617	-8.31560283687943
			7.25886524822695	-8.31914893617021
			7.26241134751773	-8.31914893617021
			7.26595744680851	-8.31914893617021
			7.26950354609929	-8.31914893617021
			7.27304964539007	-8.31914893617021
			7.27659574468085	-8.31914893617021
			7.28014184397163	-8.31914893617021
			7.28368794326241	-8.31914893617021
			7.28723404255319	-8.31914893617021
			7.29078014184397	-8.31914893617021
			7.29432624113475	-8.32269503546099
			7.29787234042553	-8.32269503546099
			7.30141843971631	-8.32269503546099
			7.30496453900709	-8.32269503546099
			7.30851063829787	-8.32269503546099
			7.31205673758865	-8.32269503546099
			7.31560283687943	-8.32269503546099
			7.31914893617021	-8.32269503546099
			7.32269503546099	-8.32269503546099
			7.32624113475177	-8.32269503546099
			7.32978723404255	-8.32624113475177
			7.33333333333333	-8.32624113475177
			7.33687943262411	-8.32624113475177
			7.34042553191489	-8.32624113475177
			7.34397163120567	-8.32624113475177
			7.34751773049645	-8.32624113475177
			7.35106382978723	-8.32624113475177
			7.35460992907801	-8.32624113475177
			7.35815602836879	-8.32624113475177
			7.36170212765957	-8.32978723404255
			7.36524822695035	-8.32978723404255
			7.36879432624113	-8.32978723404255
			7.37234042553191	-8.32978723404255
			7.3758865248227	-8.32978723404255
			7.37943262411348	-8.32978723404255
			7.38297872340426	-8.32978723404255
			7.38652482269504	-8.32978723404255
			7.39007092198582	-8.32978723404255
			7.3936170212766	-8.32978723404255
			7.39716312056738	-8.33333333333333
			7.40070921985816	-8.33333333333333
			7.40425531914894	-8.33333333333333
			7.40780141843972	-8.33333333333333
			7.4113475177305	-8.33333333333333
			7.41489361702128	-8.33333333333333
			7.41843971631206	-8.33333333333333
			7.42198581560284	-8.33333333333333
			7.42553191489362	-8.33333333333333
			7.4290780141844	-8.33333333333333
			7.43262411347518	-8.33687943262411
			7.43617021276596	-8.33687943262411
			7.43971631205674	-8.33687943262411
			7.44326241134752	-8.33687943262411
			7.4468085106383	-8.33687943262411
			7.45035460992908	-8.33687943262411
			7.45390070921986	-8.33687943262411
			7.45744680851064	-8.33687943262411
			7.46099290780142	-8.33687943262411
			7.4645390070922	-8.33687943262411
			7.46808510638298	-8.34042553191489
			7.47163120567376	-8.34042553191489
			7.47517730496454	-8.34042553191489
			7.47872340425532	-8.34042553191489
			7.4822695035461	-8.34042553191489
			7.48581560283688	-8.34042553191489
			7.48936170212766	-8.34042553191489
			7.49290780141844	-8.34042553191489
			7.49645390070922	-8.34042553191489
			7.5	-8.34042553191489
			7.50354609929078	-8.34042553191489
			7.50709219858156	-8.34397163120567
			7.51063829787234	-8.34397163120567
			7.51418439716312	-8.34397163120567
			7.5177304964539	-8.34397163120567
			7.52127659574468	-8.34397163120567
			7.52482269503546	-8.34397163120567
			7.52836879432624	-8.34397163120567
			7.53191489361702	-8.34397163120567
			7.5354609929078	-8.34397163120567
			7.53900709219858	-8.34397163120567
			7.54255319148936	-8.34751773049645
			7.54609929078014	-8.34751773049645
			7.54964539007092	-8.34751773049645
			7.5531914893617	-8.34751773049645
			7.55673758865248	-8.34751773049645
			7.56028368794326	-8.34751773049645
			7.56382978723404	-8.34751773049645
			7.56737588652482	-8.34751773049645
			7.5709219858156	-8.34751773049645
			7.57446808510638	-8.34751773049645
			7.57801418439716	-8.35106382978723
			7.58156028368794	-8.35106382978723
			7.58510638297872	-8.35106382978723
			7.5886524822695	-8.35106382978723
			7.59219858156028	-8.35106382978723
			7.59574468085106	-8.35106382978723
			7.59929078014184	-8.35106382978723
			7.60283687943262	-8.35106382978723
			7.6063829787234	-8.35106382978723
			7.60992907801418	-8.35106382978723
			7.60992907801418	-8.35460992907801
			7.61347517730496	-8.35460992907801
			7.61702127659574	-8.35460992907801
			7.62056737588652	-8.35460992907801
			7.6241134751773	-8.35460992907801
			7.62765957446809	-8.35460992907801
			7.63120567375887	-8.35460992907801
			7.63475177304965	-8.35460992907801
			7.63829787234043	-8.35460992907801
			7.64184397163121	-8.35460992907801
			7.64539007092199	-8.35460992907801
			7.64893617021277	-8.35815602836879
			7.65248226950355	-8.35815602836879
			7.65602836879433	-8.35815602836879
			7.65957446808511	-8.35815602836879
			7.66312056737589	-8.35815602836879
			7.66666666666667	-8.35815602836879
			7.67021276595745	-8.35815602836879
			7.67375886524823	-8.35815602836879
			7.67730496453901	-8.35815602836879
			7.68085106382979	-8.35815602836879
			7.68439716312057	-8.36170212765957
			7.68794326241135	-8.36170212765957
			7.69148936170213	-8.36170212765957
			7.69503546099291	-8.36170212765957
			7.69858156028369	-8.36170212765957
			7.70212765957447	-8.36170212765957
			7.70567375886525	-8.36170212765957
			7.70921985815603	-8.36170212765957
			7.71276595744681	-8.36170212765957
			7.71631205673759	-8.36170212765957
			7.71631205673759	-8.36524822695035
			7.71985815602837	-8.36524822695035
			7.72340425531915	-8.36524822695035
			7.72695035460993	-8.36524822695035
			7.73049645390071	-8.36524822695035
			7.73404255319149	-8.36524822695035
			7.73758865248227	-8.36524822695035
			7.74113475177305	-8.36524822695035
			7.74468085106383	-8.36524822695035
			7.74822695035461	-8.36524822695035
			7.75177304964539	-8.36524822695035
			7.75531914893617	-8.36879432624113
			7.75886524822695	-8.36879432624113
			7.76241134751773	-8.36879432624113
			7.76595744680851	-8.36879432624113
			7.76950354609929	-8.36879432624113
			7.77304964539007	-8.36879432624113
			7.77659574468085	-8.36879432624113
			7.78014184397163	-8.36879432624113
			7.78368794326241	-8.36879432624113
			7.78723404255319	-8.36879432624113
			7.79078014184397	-8.37234042553191
			7.79432624113475	-8.37234042553191
			7.79787234042553	-8.37234042553191
			7.80141843971631	-8.37234042553191
			7.80496453900709	-8.37234042553191
			7.80851063829787	-8.37234042553191
			7.81205673758865	-8.37234042553191
			7.81560283687943	-8.37234042553191
			7.81914893617021	-8.37234042553191
			7.82269503546099	-8.37234042553191
			7.82624113475177	-8.3758865248227
			7.82978723404255	-8.3758865248227
			7.83333333333333	-8.3758865248227
			7.83687943262411	-8.3758865248227
			7.84042553191489	-8.3758865248227
			7.84397163120567	-8.3758865248227
			7.84751773049645	-8.3758865248227
			7.85106382978723	-8.3758865248227
			7.85460992907801	-8.3758865248227
			7.85815602836879	-8.3758865248227
			7.86170212765957	-8.37943262411348
			7.86524822695035	-8.37943262411348
			7.86879432624113	-8.37943262411348
			7.87234042553191	-8.37943262411348
			7.8758865248227	-8.37943262411348
			7.87943262411348	-8.37943262411348
			7.88297872340426	-8.37943262411348
			7.88652482269504	-8.37943262411348
			7.89007092198582	-8.37943262411348
			7.8936170212766	-8.37943262411348
			7.89716312056738	-8.38297872340426
			7.90070921985816	-8.38297872340426
			7.90425531914894	-8.38297872340426
			7.90780141843972	-8.38297872340426
			7.9113475177305	-8.38297872340426
			7.91489361702128	-8.38297872340426
			7.91843971631206	-8.38297872340426
			7.92198581560284	-8.38297872340426
			7.92553191489362	-8.38297872340426
			7.9290780141844	-8.38297872340426
			7.93262411347518	-8.38652482269504
			7.93617021276596	-8.38652482269504
			7.93971631205674	-8.38652482269504
			7.94326241134752	-8.38652482269504
			7.9468085106383	-8.38652482269504
			7.95035460992908	-8.38652482269504
			7.95390070921986	-8.38652482269504
			7.95744680851064	-8.38652482269504
			7.96099290780142	-8.38652482269504
			7.9645390070922	-8.38652482269504
			7.96808510638298	-8.39007092198582
			7.97163120567376	-8.39007092198582
			7.97517730496454	-8.39007092198582
			7.97872340425532	-8.39007092198582
			7.9822695035461	-8.39007092198582
			7.98581560283688	-8.39007092198582
			7.98936170212766	-8.39007092198582
			7.99290780141844	-8.39007092198582
			7.99645390070922	-8.39007092198582
			8	-8.39007092198582
			8.00354609929078	-8.3936170212766
			8.00709219858156	-8.3936170212766
			8.01063829787234	-8.3936170212766
			8.01418439716312	-8.3936170212766
			8.0177304964539	-8.3936170212766
			8.02127659574468	-8.3936170212766
			8.02482269503546	-8.3936170212766
			8.02836879432624	-8.3936170212766
			8.03191489361702	-8.3936170212766
			8.0354609929078	-8.3936170212766
			8.03900709219858	-8.39716312056738
			8.04255319148936	-8.39716312056738
			8.04609929078014	-8.39716312056738
			8.04964539007092	-8.39716312056738
			8.0531914893617	-8.39716312056738
			8.05673758865248	-8.39716312056738
			8.06028368794326	-8.39716312056738
			8.06382978723404	-8.39716312056738
			8.06737588652482	-8.39716312056738
			8.0709219858156	-8.39716312056738
			8.07446808510638	-8.39716312056738
			8.07801418439716	-8.40070921985816
			8.08156028368794	-8.40070921985816
			8.08510638297872	-8.40070921985816
			8.0886524822695	-8.40070921985816
			8.09219858156028	-8.40070921985816
			8.09574468085106	-8.40070921985816
			8.09929078014184	-8.40070921985816
			8.10283687943262	-8.40070921985816
			8.1063829787234	-8.40070921985816
			8.10992907801418	-8.40070921985816
			8.11347517730496	-8.40425531914894
			8.11702127659574	-8.40425531914894
			8.12056737588652	-8.40425531914894
			8.1241134751773	-8.40425531914894
			8.12765957446809	-8.40425531914894
			8.13120567375887	-8.40425531914894
			8.13475177304965	-8.40425531914894
			8.13829787234043	-8.40425531914894
			8.14184397163121	-8.40425531914894
			8.14539007092199	-8.40425531914894
			8.14539007092199	-8.40780141843972
			8.14893617021277	-8.40780141843972
			8.15248226950355	-8.40780141843972
			8.15602836879433	-8.40780141843972
			8.15957446808511	-8.40780141843972
			8.16312056737589	-8.40780141843972
			8.16666666666667	-8.40780141843972
			8.17021276595745	-8.40780141843972
			8.17375886524823	-8.40780141843972
			8.17730496453901	-8.40780141843972
			8.18085106382979	-8.40780141843972
			8.18439716312057	-8.4113475177305
			8.18794326241135	-8.4113475177305
			8.19148936170213	-8.4113475177305
			8.19503546099291	-8.4113475177305
			8.19858156028369	-8.4113475177305
			8.20212765957447	-8.4113475177305
			8.20567375886525	-8.4113475177305
			8.20921985815603	-8.4113475177305
			8.21276595744681	-8.4113475177305
			8.21631205673759	-8.4113475177305
			8.21985815602837	-8.41489361702128
			8.22340425531915	-8.41489361702128
			8.22695035460993	-8.41489361702128
			8.23049645390071	-8.41489361702128
			8.23404255319149	-8.41489361702128
			8.23758865248227	-8.41489361702128
			8.24113475177305	-8.41489361702128
			8.24468085106383	-8.41489361702128
			8.24822695035461	-8.41489361702128
			8.25177304964539	-8.41489361702128
			8.25531914893617	-8.41843971631206
			8.25886524822695	-8.41843971631206
			8.26241134751773	-8.41843971631206
			8.26595744680851	-8.41843971631206
			8.26950354609929	-8.41843971631206
			8.27304964539007	-8.41843971631206
			8.27659574468085	-8.41843971631206
			8.28014184397163	-8.41843971631206
			8.28368794326241	-8.41843971631206
			8.28723404255319	-8.41843971631206
			8.29078014184397	-8.42198581560284
			8.29432624113475	-8.42198581560284
			8.29787234042553	-8.42198581560284
			8.30141843971631	-8.42198581560284
			8.30496453900709	-8.42198581560284
			8.30851063829787	-8.42198581560284
			8.31205673758865	-8.42198581560284
			8.31560283687943	-8.42198581560284
			8.31914893617021	-8.42198581560284
			8.32269503546099	-8.42198581560284
			8.32624113475177	-8.42198581560284
			8.32978723404255	-8.42553191489362
			8.33333333333333	-8.42553191489362
			8.33687943262411	-8.42553191489362
			8.34042553191489	-8.42553191489362
			8.34397163120567	-8.42553191489362
			8.34751773049645	-8.42553191489362
			8.35106382978723	-8.42553191489362
			8.35460992907801	-8.42553191489362
			8.35815602836879	-8.42553191489362
			8.36170212765957	-8.42553191489362
			8.36524822695035	-8.4290780141844
			8.36879432624113	-8.4290780141844
			8.37234042553191	-8.4290780141844
			8.3758865248227	-8.4290780141844
			8.37943262411348	-8.4290780141844
			8.38297872340426	-8.4290780141844
			8.38652482269504	-8.4290780141844
			8.39007092198582	-8.4290780141844
			8.3936170212766	-8.4290780141844
			8.39716312056738	-8.4290780141844
			8.40070921985816	-8.43262411347518
			8.40425531914894	-8.43262411347518
			8.40780141843972	-8.43262411347518
			8.4113475177305	-8.43262411347518
			8.41489361702128	-8.43262411347518
			8.41843971631206	-8.43262411347518
			8.42198581560284	-8.43262411347518
			8.42553191489362	-8.43262411347518
			8.4290780141844	-8.43262411347518
			8.43262411347518	-8.43262411347518
			8.43617021276596	-8.43617021276596
			8.43971631205674	-8.43617021276596
			8.44326241134752	-8.43617021276596
			8.4468085106383	-8.43617021276596
			8.45035460992908	-8.43617021276596
			8.45390070921986	-8.43617021276596
			8.45744680851064	-8.43617021276596
			8.46099290780142	-8.43617021276596
			8.4645390070922	-8.43617021276596
			8.46808510638298	-8.43617021276596
			8.47163120567376	-8.43971631205674
			8.47517730496454	-8.43971631205674
			8.47872340425532	-8.43971631205674
			8.4822695035461	-8.43971631205674
			8.48581560283688	-8.43971631205674
			8.48936170212766	-8.43971631205674
			8.49290780141844	-8.43971631205674
			8.49645390070922	-8.43971631205674
			8.5	-8.43971631205674
			8.50354609929078	-8.43971631205674
			8.50709219858156	-8.44326241134752
			8.51063829787234	-8.44326241134752
			8.51418439716312	-8.44326241134752
			8.5177304964539	-8.44326241134752
			8.52127659574468	-8.44326241134752
			8.52482269503546	-8.44326241134752
			8.52836879432624	-8.44326241134752
			8.53191489361702	-8.44326241134752
			8.5354609929078	-8.44326241134752
			8.53900709219858	-8.44326241134752
			8.54255319148936	-8.44326241134752
			8.54609929078014	-8.4468085106383
			8.54964539007092	-8.4468085106383
			8.5531914893617	-8.4468085106383
			8.55673758865248	-8.4468085106383
			8.56028368794326	-8.4468085106383
			8.56382978723404	-8.4468085106383
			8.56737588652482	-8.4468085106383
			8.5709219858156	-8.4468085106383
			8.57446808510638	-8.4468085106383
			8.57801418439716	-8.4468085106383
			8.58156028368794	-8.45035460992908
			8.58510638297872	-8.45035460992908
			8.5886524822695	-8.45035460992908
			8.59219858156028	-8.45035460992908
			8.59574468085106	-8.45035460992908
			8.59929078014184	-8.45035460992908
			8.60283687943262	-8.45035460992908
			8.6063829787234	-8.45035460992908
			8.60992907801418	-8.45035460992908
			8.61347517730496	-8.45035460992908
			8.61702127659574	-8.45035460992908
			8.61702127659574	-8.45390070921986
			8.62056737588652	-8.45390070921986
			8.6241134751773	-8.45390070921986
			8.62765957446809	-8.45390070921986
			8.63120567375887	-8.45390070921986
			8.63475177304965	-8.45390070921986
			8.63829787234043	-8.45390070921986
			8.64184397163121	-8.45390070921986
			8.64539007092199	-8.45390070921986
			8.64893617021277	-8.45390070921986
			8.65248226950355	-8.45744680851064
			8.65602836879433	-8.45744680851064
			8.65957446808511	-8.45744680851064
			8.66312056737589	-8.45744680851064
			8.66666666666667	-8.45744680851064
			8.67021276595745	-8.45744680851064
			8.67375886524823	-8.45744680851064
			8.67730496453901	-8.45744680851064
			8.68085106382979	-8.45744680851064
			8.68439716312057	-8.45744680851064
			8.68794326241135	-8.45744680851064
			8.69148936170213	-8.46099290780142
			8.69503546099291	-8.46099290780142
			8.69858156028369	-8.46099290780142
			8.70212765957447	-8.46099290780142
			8.70567375886525	-8.46099290780142
			8.70921985815603	-8.46099290780142
			8.71276595744681	-8.46099290780142
			8.71631205673759	-8.46099290780142
			8.71985815602837	-8.46099290780142
			8.72340425531915	-8.46099290780142
			8.72695035460993	-8.4645390070922
			8.73049645390071	-8.4645390070922
			8.73404255319149	-8.4645390070922
			8.73758865248227	-8.4645390070922
			8.74113475177305	-8.4645390070922
			8.74468085106383	-8.4645390070922
			8.74822695035461	-8.4645390070922
			8.75177304964539	-8.4645390070922
			8.75531914893617	-8.4645390070922
			8.75886524822695	-8.4645390070922
			8.76241134751773	-8.4645390070922
			8.76595744680851	-8.46808510638298
			8.76950354609929	-8.46808510638298
			8.77304964539007	-8.46808510638298
			8.77659574468085	-8.46808510638298
			8.78014184397163	-8.46808510638298
			8.78368794326241	-8.46808510638298
			8.78723404255319	-8.46808510638298
			8.79078014184397	-8.46808510638298
			8.79432624113475	-8.46808510638298
			8.79787234042553	-8.46808510638298
			8.80141843971631	-8.47163120567376
			8.80496453900709	-8.47163120567376
			8.80851063829787	-8.47163120567376
			8.81205673758865	-8.47163120567376
			8.81560283687943	-8.47163120567376
			8.81914893617021	-8.47163120567376
			8.82269503546099	-8.47163120567376
			8.82624113475177	-8.47163120567376
			8.82978723404255	-8.47163120567376
			8.83333333333333	-8.47163120567376
			8.83687943262411	-8.47517730496454
			8.84042553191489	-8.47517730496454
			8.84397163120567	-8.47517730496454
			8.84751773049645	-8.47517730496454
			8.85106382978723	-8.47517730496454
			8.85460992907801	-8.47517730496454
			8.85815602836879	-8.47517730496454
			8.86170212765957	-8.47517730496454
			8.86524822695035	-8.47517730496454
			8.86879432624113	-8.47517730496454
			8.87234042553191	-8.47872340425532
			8.8758865248227	-8.47872340425532
			8.87943262411348	-8.47872340425532
			8.88297872340426	-8.47872340425532
			8.88652482269504	-8.47872340425532
			8.89007092198582	-8.47872340425532
			8.8936170212766	-8.47872340425532
			8.89716312056738	-8.47872340425532
			8.90070921985816	-8.47872340425532
			8.90425531914894	-8.47872340425532
			8.90780141843972	-8.47872340425532
			8.9113475177305	-8.4822695035461
			8.91489361702128	-8.4822695035461
			8.91843971631206	-8.4822695035461
			8.92198581560284	-8.4822695035461
			8.92553191489362	-8.4822695035461
			8.9290780141844	-8.4822695035461
			8.93262411347518	-8.4822695035461
			8.93617021276596	-8.4822695035461
			8.93971631205674	-8.4822695035461
			8.94326241134752	-8.4822695035461
			8.9468085106383	-8.48581560283688
			8.95035460992908	-8.48581560283688
			8.95390070921986	-8.48581560283688
			8.95744680851064	-8.48581560283688
			8.96099290780142	-8.48581560283688
			8.9645390070922	-8.48581560283688
			8.96808510638298	-8.48581560283688
			8.97163120567376	-8.48581560283688
			8.97517730496454	-8.48581560283688
			8.97872340425532	-8.48581560283688
			8.9822695035461	-8.48581560283688
			8.98581560283688	-8.48936170212766
			8.98936170212766	-8.48936170212766
			8.99290780141844	-8.48936170212766
			8.99645390070922	-8.48936170212766
			9	-8.48936170212766
			9.00354609929078	-8.48936170212766
			9.00709219858156	-8.48936170212766
			9.01063829787234	-8.48936170212766
			9.01418439716312	-8.48936170212766
			9.0177304964539	-8.49290780141844
			9.02127659574468	-8.49290780141844
			9.02482269503546	-8.49290780141844
			9.02836879432624	-8.49290780141844
			9.03191489361702	-8.49290780141844
			9.0354609929078	-8.49290780141844
			9.03900709219858	-8.49290780141844
			9.04255319148936	-8.49290780141844
			9.04609929078014	-8.49290780141844
			9.04964539007092	-8.49290780141844
			9.0531914893617	-8.49290780141844
			9.05673758865248	-8.49645390070922
			9.06028368794326	-8.49645390070922
			9.06382978723404	-8.49645390070922
			9.06737588652482	-8.49645390070922
			9.0709219858156	-8.49645390070922
			9.07446808510638	-8.49645390070922
			9.07801418439716	-8.49645390070922
			9.08156028368794	-8.49645390070922
			9.08510638297872	-8.49645390070922
			9.0886524822695	-8.49645390070922
			9.09219858156028	-8.5
			9.09574468085106	-8.5
			9.09929078014184	-8.5
			9.10283687943262	-8.5
			9.1063829787234	-8.5
			9.10992907801418	-8.5
			9.11347517730496	-8.5
			9.11702127659574	-8.5
			9.12056737588652	-8.5
			9.1241134751773	-8.5
			9.12765957446809	-8.5
			9.13120567375887	-8.50354609929078
			9.13475177304965	-8.50354609929078
			9.13829787234043	-8.50354609929078
			9.14184397163121	-8.50354609929078
			9.14539007092199	-8.50354609929078
			9.14893617021277	-8.50354609929078
			9.15248226950355	-8.50354609929078
			9.15602836879433	-8.50354609929078
			9.15957446808511	-8.50354609929078
			9.16312056737589	-8.50354609929078
			9.16666666666667	-8.50354609929078
			9.17021276595745	-8.50709219858156
			9.17375886524823	-8.50709219858156
			9.17730496453901	-8.50709219858156
			9.18085106382979	-8.50709219858156
			9.18439716312057	-8.50709219858156
			9.18794326241135	-8.50709219858156
			9.19148936170213	-8.50709219858156
			9.19503546099291	-8.50709219858156
			9.19858156028369	-8.50709219858156
			9.20212765957447	-8.50709219858156
			9.20567375886525	-8.51063829787234
			9.20921985815603	-8.51063829787234
			9.21276595744681	-8.51063829787234
			9.21631205673759	-8.51063829787234
			9.21985815602837	-8.51063829787234
			9.22340425531915	-8.51063829787234
			9.22695035460993	-8.51063829787234
			9.23049645390071	-8.51063829787234
			9.23404255319149	-8.51063829787234
			9.23758865248227	-8.51063829787234
			9.24113475177305	-8.51418439716312
			9.24468085106383	-8.51418439716312
			9.24822695035461	-8.51418439716312
			9.25177304964539	-8.51418439716312
			9.25531914893617	-8.51418439716312
			9.25886524822695	-8.51418439716312
			9.26241134751773	-8.51418439716312
			9.26595744680851	-8.51418439716312
			9.26950354609929	-8.51418439716312
			9.27304964539007	-8.51418439716312
			9.27659574468085	-8.51418439716312
			9.28014184397163	-8.5177304964539
			9.28368794326241	-8.5177304964539
			9.28723404255319	-8.5177304964539
			9.29078014184397	-8.5177304964539
			9.29432624113475	-8.5177304964539
			9.29787234042553	-8.5177304964539
			9.30141843971631	-8.5177304964539
			9.30496453900709	-8.5177304964539
			9.30851063829787	-8.5177304964539
			9.31205673758865	-8.5177304964539
			9.31560283687943	-8.52127659574468
			9.31914893617021	-8.52127659574468
			9.32269503546099	-8.52127659574468
			9.32624113475177	-8.52127659574468
			9.32978723404255	-8.52127659574468
			9.33333333333333	-8.52127659574468
			9.33687943262411	-8.52127659574468
			9.34042553191489	-8.52127659574468
			9.34397163120567	-8.52127659574468
			9.34751773049645	-8.52127659574468
			9.35106382978723	-8.52127659574468
			9.35106382978723	-8.52482269503546
			9.35460992907801	-8.52482269503546
			9.35815602836879	-8.52482269503546
			9.36170212765957	-8.52482269503546
			9.36524822695035	-8.52482269503546
			9.36879432624113	-8.52482269503546
			9.37234042553191	-8.52482269503546
			9.3758865248227	-8.52482269503546
			9.37943262411348	-8.52482269503546
			9.38297872340426	-8.52482269503546
			9.38652482269504	-8.52482269503546
			9.39007092198582	-8.52836879432624
			9.3936170212766	-8.52836879432624
			9.39716312056738	-8.52836879432624
			9.40070921985816	-8.52836879432624
			9.40425531914894	-8.52836879432624
			9.40780141843972	-8.52836879432624
			9.4113475177305	-8.52836879432624
			9.41489361702128	-8.52836879432624
			9.41843971631206	-8.52836879432624
			9.42198581560284	-8.52836879432624
			9.42553191489362	-8.52836879432624
			9.4290780141844	-8.53191489361702
			9.43262411347518	-8.53191489361702
			9.43617021276596	-8.53191489361702
			9.43971631205674	-8.53191489361702
			9.44326241134752	-8.53191489361702
			9.4468085106383	-8.53191489361702
			9.45035460992908	-8.53191489361702
			9.45390070921986	-8.53191489361702
			9.45744680851064	-8.53191489361702
			9.46099290780142	-8.53191489361702
			9.4645390070922	-8.5354609929078
			9.46808510638298	-8.5354609929078
			9.47163120567376	-8.5354609929078
			9.47517730496454	-8.5354609929078
			9.47872340425532	-8.5354609929078
			9.4822695035461	-8.5354609929078
			9.48581560283688	-8.5354609929078
			9.48936170212766	-8.5354609929078
			9.49290780141844	-8.5354609929078
			9.49645390070922	-8.5354609929078
			9.5	-8.53900709219858
			9.50354609929078	-8.53900709219858
			9.50709219858156	-8.53900709219858
			9.51063829787234	-8.53900709219858
			9.51418439716312	-8.53900709219858
			9.5177304964539	-8.53900709219858
			9.52127659574468	-8.53900709219858
			9.52482269503546	-8.53900709219858
			9.52836879432624	-8.53900709219858
			9.53191489361702	-8.53900709219858
			9.5354609929078	-8.53900709219858
			9.53900709219858	-8.54255319148936
			9.54255319148936	-8.54255319148936
			9.54609929078014	-8.54255319148936
			9.54964539007092	-8.54255319148936
			9.5531914893617	-8.54255319148936
			9.55673758865248	-8.54255319148936
			9.56028368794326	-8.54255319148936
			9.56382978723404	-8.54255319148936
			9.56737588652482	-8.54255319148936
			9.5709219858156	-8.54255319148936
			9.57446808510638	-8.54255319148936
			9.57801418439716	-8.54609929078014
			9.58156028368794	-8.54609929078014
			9.58510638297872	-8.54609929078014
			9.5886524822695	-8.54609929078014
			9.59219858156028	-8.54609929078014
			9.59574468085106	-8.54609929078014
			9.59929078014184	-8.54609929078014
			9.60283687943262	-8.54609929078014
			9.6063829787234	-8.54609929078014
			9.60992907801418	-8.54609929078014
			9.61347517730496	-8.54609929078014
			9.61702127659574	-8.54964539007092
			9.62056737588652	-8.54964539007092
			9.6241134751773	-8.54964539007092
			9.62765957446809	-8.54964539007092
			9.63120567375887	-8.54964539007092
			9.63475177304965	-8.54964539007092
			9.63829787234043	-8.54964539007092
			9.64184397163121	-8.54964539007092
			9.64539007092199	-8.54964539007092
			9.64893617021277	-8.54964539007092
			9.65248226950355	-8.5531914893617
			9.65602836879433	-8.5531914893617
			9.65957446808511	-8.5531914893617
			9.66312056737589	-8.5531914893617
			9.66666666666667	-8.5531914893617
			9.67021276595745	-8.5531914893617
			9.67375886524823	-8.5531914893617
			9.67730496453901	-8.5531914893617
			9.68085106382979	-8.5531914893617
			9.68439716312057	-8.5531914893617
			9.68794326241135	-8.5531914893617
			9.69148936170213	-8.55673758865248
			9.69503546099291	-8.55673758865248
			9.69858156028369	-8.55673758865248
			9.70212765957447	-8.55673758865248
			9.70567375886525	-8.55673758865248
			9.70921985815603	-8.55673758865248
			9.71276595744681	-8.55673758865248
			9.71631205673759	-8.55673758865248
			9.71985815602837	-8.55673758865248
			9.72340425531915	-8.55673758865248
			9.72695035460993	-8.55673758865248
			9.73049645390071	-8.56028368794326
			9.73404255319149	-8.56028368794326
			9.73758865248227	-8.56028368794326
			9.74113475177305	-8.56028368794326
			9.74468085106383	-8.56028368794326
			9.74822695035461	-8.56028368794326
			9.75177304964539	-8.56028368794326
			9.75531914893617	-8.56028368794326
			9.75886524822695	-8.56028368794326
			9.76241134751773	-8.56028368794326
			9.76595744680851	-8.56382978723404
			9.76950354609929	-8.56382978723404
			9.77304964539007	-8.56382978723404
			9.77659574468085	-8.56382978723404
			9.78014184397163	-8.56382978723404
			9.78368794326241	-8.56382978723404
			9.78723404255319	-8.56382978723404
			9.79078014184397	-8.56382978723404
			9.79432624113475	-8.56382978723404
			9.79787234042553	-8.56382978723404
			9.80141843971631	-8.56382978723404
			9.80496453900709	-8.56737588652482
			9.80851063829787	-8.56737588652482
			9.81205673758865	-8.56737588652482
			9.81560283687943	-8.56737588652482
			9.81914893617021	-8.56737588652482
			9.82269503546099	-8.56737588652482
			9.82624113475177	-8.56737588652482
			9.82978723404255	-8.56737588652482
			9.83333333333333	-8.56737588652482
			9.83687943262411	-8.56737588652482
			9.84042553191489	-8.56737588652482
			9.84397163120567	-8.5709219858156
			9.84751773049645	-8.5709219858156
			9.85106382978723	-8.5709219858156
			9.85460992907801	-8.5709219858156
			9.85815602836879	-8.5709219858156
			9.86170212765957	-8.5709219858156
			9.86524822695035	-8.5709219858156
			9.86879432624113	-8.5709219858156
			9.87234042553191	-8.5709219858156
			9.8758865248227	-8.5709219858156
			9.87943262411348	-8.5709219858156
			9.88297872340426	-8.57446808510638
			9.88652482269504	-8.57446808510638
			9.89007092198582	-8.57446808510638
			9.8936170212766	-8.57446808510638
			9.89716312056738	-8.57446808510638
			9.90070921985816	-8.57446808510638
			9.90425531914894	-8.57446808510638
			9.90780141843972	-8.57446808510638
			9.9113475177305	-8.57446808510638
			9.91489361702128	-8.57446808510638
			9.91843971631206	-8.57446808510638
			9.92198581560284	-8.57801418439716
			9.92553191489362	-8.57801418439716
			9.9290780141844	-8.57801418439716
			9.93262411347518	-8.57801418439716
			9.93617021276596	-8.57801418439716
			9.93971631205674	-8.57801418439716
			9.94326241134752	-8.57801418439716
			9.9468085106383	-8.57801418439716
			9.95035460992908	-8.57801418439716
			9.95390070921986	-8.57801418439716
			9.95744680851064	-8.57801418439716
			9.96099290780142	-8.58156028368794
			9.9645390070922	-8.58156028368794
			9.96808510638298	-8.58156028368794
			9.97163120567376	-8.58156028368794
			9.97517730496454	-8.58156028368794
			9.97872340425532	-8.58156028368794
			9.9822695035461	-8.58156028368794
			9.98581560283688	-8.58156028368794
			9.98936170212766	-8.58156028368794
			9.99290780141844	-8.58156028368794
			9.99645390070922	-8.58156028368794
			10	-8.58510638297872
			10.0035460992908	-8.58510638297872
			10.0070921985816	-8.58510638297872
			10.0106382978723	-8.58510638297872
			10.0141843971631	-8.58510638297872
			10.0177304964539	-8.58510638297872
			10.0212765957447	-8.58510638297872
			10.0248226950355	-8.58510638297872
			10.0283687943262	-8.58510638297872
			10.031914893617	-8.58510638297872
			10.0354609929078	-8.5886524822695
			10.0390070921986	-8.5886524822695
			10.0425531914894	-8.5886524822695
			10.0460992907801	-8.5886524822695
			10.0496453900709	-8.5886524822695
			10.0531914893617	-8.5886524822695
			10.0567375886525	-8.5886524822695
			10.0602836879433	-8.5886524822695
			10.063829787234	-8.5886524822695
			10.0673758865248	-8.5886524822695
			10.0709219858156	-8.5886524822695
			10.0744680851064	-8.59219858156028
			10.0780141843972	-8.59219858156028
			10.0815602836879	-8.59219858156028
			10.0851063829787	-8.59219858156028
			10.0886524822695	-8.59219858156028
			10.0921985815603	-8.59219858156028
			10.0957446808511	-8.59219858156028
			10.0992907801418	-8.59219858156028
			10.1028368794326	-8.59219858156028
			10.1063829787234	-8.59219858156028
			10.1099290780142	-8.59219858156028
			10.113475177305	-8.59219858156028
			10.113475177305	-8.59574468085106
			10.1170212765957	-8.59574468085106
			10.1205673758865	-8.59574468085106
			10.1241134751773	-8.59574468085106
			10.1276595744681	-8.59574468085106
			10.1312056737589	-8.59574468085106
			10.1347517730496	-8.59574468085106
			10.1382978723404	-8.59574468085106
			10.1418439716312	-8.59574468085106
			10.145390070922	-8.59574468085106
			10.1489361702128	-8.59574468085106
			10.1524822695035	-8.59574468085106
			10.1560283687943	-8.59929078014184
			10.1595744680851	-8.59929078014184
			10.1631205673759	-8.59929078014184
			10.1666666666667	-8.59929078014184
			10.1702127659574	-8.59929078014184
			10.1737588652482	-8.59929078014184
			10.177304964539	-8.59929078014184
			10.1808510638298	-8.59929078014184
			10.1843971631206	-8.59929078014184
			10.1879432624113	-8.59929078014184
			10.1914893617021	-8.60283687943262
			10.1950354609929	-8.60283687943262
			10.1985815602837	-8.60283687943262
			10.2021276595745	-8.60283687943262
			10.2056737588652	-8.60283687943262
			10.209219858156	-8.60283687943262
			10.2127659574468	-8.60283687943262
			10.2163120567376	-8.60283687943262
			10.2198581560284	-8.60283687943262
			10.2234042553191	-8.60283687943262
			10.2269503546099	-8.60283687943262
			10.2304964539007	-8.60283687943262
			10.2340425531915	-8.6063829787234
			10.2375886524823	-8.6063829787234
			10.241134751773	-8.6063829787234
			10.2446808510638	-8.6063829787234
			10.2482269503546	-8.6063829787234
			10.2517730496454	-8.6063829787234
			10.2553191489362	-8.6063829787234
			10.258865248227	-8.6063829787234
			10.2624113475177	-8.6063829787234
			10.2659574468085	-8.6063829787234
			10.2695035460993	-8.6063829787234
			10.2730496453901	-8.60992907801418
			10.2765957446809	-8.60992907801418
			10.2801418439716	-8.60992907801418
			10.2836879432624	-8.60992907801418
			10.2872340425532	-8.60992907801418
			10.290780141844	-8.60992907801418
			10.2943262411348	-8.60992907801418
			10.2978723404255	-8.60992907801418
			10.3014184397163	-8.60992907801418
			10.3049645390071	-8.60992907801418
			10.3085106382979	-8.60992907801418
			10.3120567375887	-8.61347517730496
			10.3156028368794	-8.61347517730496
			10.3191489361702	-8.61347517730496
			10.322695035461	-8.61347517730496
			10.3262411347518	-8.61347517730496
			10.3297872340426	-8.61347517730496
			10.3333333333333	-8.61347517730496
			10.3368794326241	-8.61347517730496
			10.3404255319149	-8.61347517730496
			10.3439716312057	-8.61347517730496
			10.3475177304965	-8.61347517730496
			10.3510638297872	-8.61702127659574
			10.354609929078	-8.61702127659574
			10.3581560283688	-8.61702127659574
			10.3617021276596	-8.61702127659574
			10.3652482269504	-8.61702127659574
			10.3687943262411	-8.61702127659574
			10.3723404255319	-8.61702127659574
			10.3758865248227	-8.61702127659574
			10.3794326241135	-8.61702127659574
			10.3829787234043	-8.61702127659574
			10.386524822695	-8.61702127659574
			10.3900709219858	-8.61702127659574
			10.3936170212766	-8.62056737588652
			10.3971631205674	-8.62056737588652
			10.4007092198582	-8.62056737588652
			10.4042553191489	-8.62056737588652
			10.4078014184397	-8.62056737588652
			10.4113475177305	-8.62056737588652
			10.4148936170213	-8.62056737588652
			10.4184397163121	-8.62056737588652
			10.4219858156028	-8.62056737588652
			10.4255319148936	-8.62056737588652
			10.4290780141844	-8.62056737588652
			10.4326241134752	-8.6241134751773
			10.436170212766	-8.6241134751773
			10.4397163120567	-8.6241134751773
			10.4432624113475	-8.6241134751773
			10.4468085106383	-8.6241134751773
			10.4503546099291	-8.6241134751773
			10.4539007092199	-8.6241134751773
			10.4574468085106	-8.6241134751773
			10.4609929078014	-8.6241134751773
			10.4645390070922	-8.6241134751773
			10.468085106383	-8.6241134751773
			10.4716312056738	-8.6241134751773
			10.4751773049645	-8.62765957446809
			10.4787234042553	-8.62765957446809
			10.4822695035461	-8.62765957446809
			10.4858156028369	-8.62765957446809
			10.4893617021277	-8.62765957446809
			10.4929078014184	-8.62765957446809
			10.4964539007092	-8.62765957446809
			10.5	-8.62765957446809
			10.5035460992908	-8.62765957446809
			10.5070921985816	-8.62765957446809
			10.5106382978723	-8.63120567375887
			10.5141843971631	-8.63120567375887
			10.5177304964539	-8.63120567375887
			10.5212765957447	-8.63120567375887
			10.5248226950355	-8.63120567375887
			10.5283687943262	-8.63120567375887
			10.531914893617	-8.63120567375887
			10.5354609929078	-8.63120567375887
			10.5390070921986	-8.63120567375887
			10.5425531914894	-8.63120567375887
			10.5460992907801	-8.63120567375887
			10.5496453900709	-8.63120567375887
			10.5531914893617	-8.63120567375887
			10.5567375886525	-8.63475177304965
			10.5602836879433	-8.63475177304965
			10.563829787234	-8.63475177304965
			10.5673758865248	-8.63475177304965
			10.5709219858156	-8.63475177304965
			10.5744680851064	-8.63475177304965
			10.5780141843972	-8.63475177304965
			10.5815602836879	-8.63475177304965
			10.5851063829787	-8.63475177304965
			10.5886524822695	-8.63475177304965
			10.5921985815603	-8.63475177304965
			10.5957446808511	-8.63475177304965
			10.5992907801418	-8.63829787234043
			10.6028368794326	-8.63829787234043
			10.6063829787234	-8.63829787234043
			10.6099290780142	-8.63829787234043
			10.613475177305	-8.63829787234043
			10.6170212765957	-8.63829787234043
			10.6205673758865	-8.63829787234043
			10.6241134751773	-8.63829787234043
			10.6276595744681	-8.63829787234043
			10.6312056737589	-8.63829787234043
			10.6347517730496	-8.63829787234043
			10.6382978723404	-8.64184397163121
			10.6418439716312	-8.64184397163121
			10.645390070922	-8.64184397163121
			10.6489361702128	-8.64184397163121
			10.6524822695035	-8.64184397163121
			10.6560283687943	-8.64184397163121
			10.6595744680851	-8.64184397163121
			10.6631205673759	-8.64184397163121
			10.6666666666667	-8.64184397163121
			10.6702127659574	-8.64184397163121
			10.6737588652482	-8.64184397163121
			10.677304964539	-8.64184397163121
			10.6808510638298	-8.64539007092199
			10.6843971631206	-8.64539007092199
			10.6879432624113	-8.64539007092199
			10.6914893617021	-8.64539007092199
			10.6950354609929	-8.64539007092199
			10.6985815602837	-8.64539007092199
			10.7021276595745	-8.64539007092199
			10.7056737588652	-8.64539007092199
			10.709219858156	-8.64539007092199
			10.7127659574468	-8.64539007092199
			10.7163120567376	-8.64539007092199
			10.7198581560284	-8.64539007092199
			10.7234042553191	-8.64893617021277
			10.7269503546099	-8.64893617021277
			10.7304964539007	-8.64893617021277
			10.7340425531915	-8.64893617021277
			10.7375886524823	-8.64893617021277
			10.741134751773	-8.64893617021277
			10.7446808510638	-8.64893617021277
			10.7482269503546	-8.64893617021277
			10.7517730496454	-8.64893617021277
			10.7553191489362	-8.64893617021277
			10.758865248227	-8.64893617021277
			10.7624113475177	-8.64893617021277
			10.7659574468085	-8.65248226950355
			10.7695035460993	-8.65248226950355
			10.7730496453901	-8.65248226950355
			10.7765957446809	-8.65248226950355
			10.7801418439716	-8.65248226950355
			10.7836879432624	-8.65248226950355
			10.7872340425532	-8.65248226950355
			10.790780141844	-8.65248226950355
			10.7943262411348	-8.65248226950355
			10.7978723404255	-8.65248226950355
			10.8014184397163	-8.65248226950355
			10.8049645390071	-8.65248226950355
			10.8085106382979	-8.65602836879433
			10.8120567375887	-8.65602836879433
			10.8156028368794	-8.65602836879433
			10.8191489361702	-8.65602836879433
			10.822695035461	-8.65602836879433
			10.8262411347518	-8.65602836879433
			10.8297872340426	-8.65602836879433
			10.8333333333333	-8.65602836879433
			10.8368794326241	-8.65602836879433
			10.8404255319149	-8.65602836879433
			10.8439716312057	-8.65602836879433
			10.8475177304965	-8.65602836879433
			10.8510638297872	-8.65957446808511
			10.854609929078	-8.65957446808511
			10.8581560283688	-8.65957446808511
			10.8617021276596	-8.65957446808511
			10.8652482269504	-8.65957446808511
			10.8687943262411	-8.65957446808511
			10.8723404255319	-8.65957446808511
			10.8758865248227	-8.65957446808511
			10.8794326241135	-8.65957446808511
			10.8829787234043	-8.65957446808511
			10.886524822695	-8.65957446808511
			10.8900709219858	-8.65957446808511
			10.8936170212766	-8.65957446808511
			10.8971631205674	-8.66312056737589
			10.9007092198582	-8.66312056737589
			10.9042553191489	-8.66312056737589
			10.9078014184397	-8.66312056737589
			10.9113475177305	-8.66312056737589
			10.9148936170213	-8.66312056737589
			10.9184397163121	-8.66312056737589
			10.9219858156028	-8.66312056737589
			10.9255319148936	-8.66312056737589
			10.9290780141844	-8.66312056737589
			10.9326241134752	-8.66312056737589
			10.936170212766	-8.66312056737589
			10.9397163120567	-8.66312056737589
			10.9432624113475	-8.66312056737589
			10.9432624113475	-8.66666666666667
			10.9468085106383	-8.66666666666667
			10.9503546099291	-8.66666666666667
			10.9539007092199	-8.66666666666667
			10.9574468085106	-8.66666666666667
			10.9609929078014	-8.66666666666667
			10.9645390070922	-8.66666666666667
			10.968085106383	-8.66666666666667
			10.9716312056738	-8.66666666666667
			10.9751773049645	-8.66666666666667
			10.9787234042553	-8.66666666666667
			10.9822695035461	-8.66666666666667
			10.9858156028369	-8.66666666666667
			10.9893617021277	-8.67021276595745
			10.9929078014184	-8.67021276595745
			10.9964539007092	-8.67021276595745
			11	-8.67021276595745
			11.0035460992908	-8.67021276595745
			11.0070921985816	-8.67021276595745
			11.0106382978723	-8.67021276595745
			11.0141843971631	-8.67021276595745
			11.0177304964539	-8.67021276595745
			11.0212765957447	-8.67021276595745
			11.0248226950355	-8.67021276595745
			11.0283687943262	-8.67021276595745
			11.031914893617	-8.67021276595745
			11.0354609929078	-8.67021276595745
			11.0390070921986	-8.67375886524823
			11.0425531914894	-8.67375886524823
			11.0460992907801	-8.67375886524823
			11.0496453900709	-8.67375886524823
			11.0531914893617	-8.67375886524823
			11.0567375886525	-8.67375886524823
			11.0602836879433	-8.67375886524823
			11.063829787234	-8.67375886524823
			11.0673758865248	-8.67375886524823
			11.0709219858156	-8.67375886524823
			11.0744680851064	-8.67375886524823
			11.0780141843972	-8.67375886524823
			11.0815602836879	-8.67375886524823
			11.0851063829787	-8.67375886524823
			11.0886524822695	-8.67730496453901
			11.0921985815603	-8.67730496453901
			11.0957446808511	-8.67730496453901
			11.0992907801418	-8.67730496453901
			11.1028368794326	-8.67730496453901
			11.1063829787234	-8.67730496453901
			11.1099290780142	-8.67730496453901
			11.113475177305	-8.67730496453901
			11.1170212765957	-8.67730496453901
			11.1205673758865	-8.67730496453901
			11.1241134751773	-8.67730496453901
			11.1276595744681	-8.67730496453901
			11.1312056737589	-8.67730496453901
			11.1347517730496	-8.67730496453901
			11.1382978723404	-8.68085106382979
			11.1418439716312	-8.68085106382979
			11.145390070922	-8.68085106382979
			11.1489361702128	-8.68085106382979
			11.1524822695035	-8.68085106382979
			11.1560283687943	-8.68085106382979
			11.1595744680851	-8.68085106382979
			11.1631205673759	-8.68085106382979
			11.1666666666667	-8.68085106382979
			11.1702127659574	-8.68085106382979
			11.1737588652482	-8.68085106382979
			11.177304964539	-8.68085106382979
			11.1808510638298	-8.68085106382979
			11.1843971631206	-8.68085106382979
			11.1879432624113	-8.68085106382979
			11.1914893617021	-8.68085106382979
			11.1950354609929	-8.68439716312057
			11.1985815602837	-8.68439716312057
			11.2021276595745	-8.68439716312057
			11.2056737588652	-8.68439716312057
			11.209219858156	-8.68439716312057
			11.2127659574468	-8.68439716312057
			11.2163120567376	-8.68439716312057
			11.2198581560284	-8.68439716312057
			11.2234042553191	-8.68439716312057
			11.2269503546099	-8.68439716312057
			11.2304964539007	-8.68439716312057
			11.2340425531915	-8.68439716312057
			11.2375886524823	-8.68439716312057
			11.241134751773	-8.68439716312057
			11.2446808510638	-8.68439716312057
			11.2482269503546	-8.68439716312057
			11.2517730496454	-8.68439716312057
			11.2553191489362	-8.68794326241135
			11.258865248227	-8.68794326241135
			11.2624113475177	-8.68794326241135
			11.2659574468085	-8.68794326241135
			11.2695035460993	-8.68794326241135
			11.2730496453901	-8.68794326241135
			11.2765957446809	-8.68794326241135
			11.2801418439716	-8.68794326241135
			11.2836879432624	-8.68794326241135
			11.2872340425532	-8.68794326241135
			11.290780141844	-8.68794326241135
			11.2943262411348	-8.68794326241135
			11.2978723404255	-8.68794326241135
			11.3014184397163	-8.68794326241135
			11.3049645390071	-8.68794326241135
			11.3085106382979	-8.68794326241135
			11.3120567375887	-8.68794326241135
			11.3156028368794	-8.68794326241135
			11.3191489361702	-8.68794326241135
			11.322695035461	-8.68794326241135
			11.3262411347518	-8.69148936170213
			11.3297872340426	-8.69148936170213
			11.3333333333333	-8.69148936170213
			11.3368794326241	-8.69148936170213
			11.3404255319149	-8.69148936170213
			11.3439716312057	-8.69148936170213
			11.3475177304965	-8.69148936170213
			11.3510638297872	-8.69148936170213
			11.354609929078	-8.69148936170213
			11.3581560283688	-8.69148936170213
			11.3617021276596	-8.69148936170213
			11.3652482269504	-8.69148936170213
			11.3687943262411	-8.69148936170213
			11.3723404255319	-8.69148936170213
			11.3758865248227	-8.69148936170213
			11.3794326241135	-8.69148936170213
			11.3829787234043	-8.69148936170213
			11.386524822695	-8.69148936170213
			11.3900709219858	-8.69148936170213
			11.3936170212766	-8.69148936170213
			11.3971631205674	-8.69148936170213
			11.4007092198582	-8.69148936170213
			11.4007092198582	-8.69503546099291
			11.4042553191489	-8.69503546099291
			11.4078014184397	-8.69858156028369
			11.4113475177305	-8.69858156028369
			11.4148936170213	-8.70212765957447
			11.4184397163121	-8.70567375886525
			11.4219858156028	-8.70567375886525
			11.4255319148936	-8.70921985815603
			11.4290780141844	-8.70921985815603
			11.4326241134752	-8.71276595744681
			11.436170212766	-8.71631205673759
			11.4397163120567	-8.71631205673759
			11.4432624113475	-8.71985815602837
			11.4468085106383	-8.72340425531915
			11.4503546099291	-8.72340425531915
			11.4539007092199	-8.72695035460993
			11.4574468085106	-8.73049645390071
			11.4609929078014	-8.73049645390071
			11.4645390070922	-8.73404255319149
			11.468085106383	-8.73404255319149
			11.4716312056738	-8.73758865248227
			11.4751773049645	-8.74113475177305
			11.4787234042553	-8.74113475177305
			11.4822695035461	-8.74468085106383
			11.4858156028369	-8.74822695035461
			11.4893617021277	-8.74822695035461
			11.4929078014184	-8.75177304964539
			11.4964539007092	-8.75531914893617
			11.5	-8.75531914893617
			11.5035460992908	-8.75886524822695
			11.5070921985816	-8.76241134751773
			11.5106382978723	-8.76241134751773
			11.5141843971631	-8.76595744680851
			11.5177304964539	-8.76950354609929
			11.5212765957447	-8.76950354609929
			11.5248226950355	-8.77304964539007
			11.5283687943262	-8.77659574468085
			11.531914893617	-8.78014184397163
			11.5354609929078	-8.78014184397163
			11.5390070921986	-8.78368794326241
			11.5425531914894	-8.78723404255319
			11.5460992907801	-8.78723404255319
			11.5496453900709	-8.79078014184397
			11.5531914893617	-8.79432624113475
			11.5567375886525	-8.79787234042553
			11.5602836879433	-8.79787234042553
			11.563829787234	-8.80141843971631
			11.5673758865248	-8.80496453900709
			11.5709219858156	-8.80851063829787
			11.5744680851064	-8.80851063829787
			11.5780141843972	-8.81205673758865
			11.5815602836879	-8.81560283687943
			11.5851063829787	-8.81914893617021
			11.5886524822695	-8.81914893617021
			11.5921985815603	-8.82269503546099
			11.5957446808511	-8.82624113475177
			11.5992907801418	-8.82978723404255
			11.6028368794326	-8.82978723404255
			11.6063829787234	-8.83333333333333
			11.6099290780142	-8.83687943262411
			11.613475177305	-8.84042553191489
			11.6170212765957	-8.84042553191489
			11.6205673758865	-8.84397163120567
			11.6241134751773	-8.84751773049645
			11.6276595744681	-8.85106382978723
			11.6312056737589	-8.85460992907801
			11.6347517730496	-8.85460992907801
			11.6382978723404	-8.85815602836879
			11.6418439716312	-8.86170212765957
			11.645390070922	-8.86524822695035
			11.6489361702128	-8.86879432624113
			11.6524822695035	-8.86879432624113
			11.6560283687943	-8.87234042553191
			11.6595744680851	-8.8758865248227
			11.6631205673759	-8.87943262411348
			11.6666666666667	-8.88297872340426
			11.6702127659574	-8.88652482269504
			11.6737588652482	-8.88652482269504
			11.677304964539	-8.89007092198582
			11.6808510638298	-8.8936170212766
			11.6843971631206	-8.89716312056738
			11.6879432624113	-8.90070921985816
			11.6914893617021	-8.90425531914894
			11.6950354609929	-8.90425531914894
			11.6985815602837	-8.90780141843972
			11.7021276595745	-8.9113475177305
			11.7056737588652	-8.91489361702128
			11.709219858156	-8.91843971631206
			11.7127659574468	-8.92198581560284
			11.7163120567376	-8.92553191489362
			11.7198581560284	-8.9290780141844
			11.7234042553191	-8.9290780141844
			11.7269503546099	-8.93262411347518
			11.7304964539007	-8.93617021276596
			11.7340425531915	-8.93971631205674
			11.7375886524823	-8.94326241134752
			11.741134751773	-8.9468085106383
			11.7446808510638	-8.95035460992908
			11.7482269503546	-8.95390070921986
			11.7517730496454	-8.95744680851064
			11.7553191489362	-8.96099290780142
			11.758865248227	-8.96099290780142
			11.7624113475177	-8.9645390070922
			11.7659574468085	-8.96808510638298
			11.7695035460993	-8.97163120567376
			11.7730496453901	-8.97517730496454
			11.7765957446809	-8.97872340425532
			11.7801418439716	-8.9822695035461
			11.7836879432624	-8.98581560283688
			11.7872340425532	-8.98936170212766
			11.790780141844	-8.99290780141844
			11.7943262411348	-8.99645390070922
			11.7978723404255	-9
			11.8014184397163	-9.00354609929078
			11.8049645390071	-9.00709219858156
			11.8085106382979	-9.01063829787234
			11.8120567375887	-9.01418439716312
			11.8156028368794	-9.01418439716312
			11.8191489361702	-9.0177304964539
			11.822695035461	-9.02127659574468
			11.8262411347518	-9.02482269503546
			11.8297872340426	-9.02836879432624
			11.8333333333333	-9.03191489361702
			11.8368794326241	-9.0354609929078
			11.8404255319149	-9.03900709219858
			11.8439716312057	-9.04255319148936
			11.8475177304965	-9.04609929078014
			11.8510638297872	-9.04964539007092
			11.854609929078	-9.0531914893617
			11.8581560283688	-9.05673758865248
			11.8617021276596	-9.06028368794326
			11.8652482269504	-9.06382978723404
			11.8687943262411	-9.06737588652482
			11.8723404255319	-9.0709219858156
			11.8758865248227	-9.07446808510638
			11.8794326241135	-9.07801418439716
			11.8829787234043	-9.08156028368794
			11.8829787234043	-9.08510638297872
			11.886524822695	-9.0886524822695
			11.8900709219858	-9.0886524822695
			11.8900709219858	-9.09219858156028
			11.8936170212766	-9.09574468085106
			11.8971631205674	-9.09929078014184
			11.9007092198582	-9.10283687943262
			11.9042553191489	-9.1063829787234
			11.9078014184397	-9.10992907801418
			11.9113475177305	-9.11347517730496
			11.9113475177305	-9.11702127659574
			11.9148936170213	-9.11702127659574
			11.9184397163121	-9.12056737588652
			11.9219858156028	-9.1241134751773
			11.9219858156028	-9.12765957446809
			11.9255319148936	-9.12765957446809
			11.9290780141844	-9.13120567375887
			11.9290780141844	-9.13475177304965
			11.9326241134752	-9.13829787234043
			11.936170212766	-9.14184397163121
			11.9397163120567	-9.14184397163121
			11.9397163120567	-9.14539007092199
			11.9432624113475	-9.14893617021277
			11.9468085106383	-9.15248226950355
			11.9468085106383	-9.15602836879433
			11.9503546099291	-9.15602836879433
			11.9539007092199	-9.15957446808511
			11.9574468085106	-9.16312056737589
			11.9574468085106	-9.16666666666667
			11.9609929078014	-9.16666666666667
			11.9645390070922	-9.17021276595745
			11.9645390070922	-9.17375886524823
			11.968085106383	-9.17730496453901
			11.9716312056738	-9.18085106382979
			11.9751773049645	-9.18085106382979
			11.9751773049645	-9.18439716312057
			11.9787234042553	-9.18794326241135
			11.9822695035461	-9.19148936170213
			11.9822695035461	-9.19503546099291
			11.9858156028369	-9.19858156028369
			11.9893617021277	-9.19858156028369
			11.9929078014184	-9.20212765957447
			11.9929078014184	-9.20567375886525
			11.9964539007092	-9.20921985815603
			12	-9.21276595744681
			12.0035460992908	-9.21631205673759
			12.0070921985816	-9.21985815602837
			12.0106382978723	-9.22340425531915
			12.0141843971631	-9.22695035460993
			12.0177304964539	-9.23049645390071
			12.0177304964539	-9.23404255319149
			12.0212765957447	-9.23758865248227
			12.0248226950355	-9.24113475177305
			12.0283687943262	-9.24468085106383
			12.031914893617	-9.24822695035461
			12.0354609929078	-9.25177304964539
			12.0390070921986	-9.25531914893617
			12.0390070921986	-9.25886524822695
			12.0425531914894	-9.26241134751773
			12.0460992907801	-9.26595744680851
			12.0496453900709	-9.26950354609929
			12.0531914893617	-9.27304964539007
			12.0567375886525	-9.27659574468085
			12.0602836879433	-9.28014184397163
			12.0602836879433	-9.28368794326241
			12.063829787234	-9.28723404255319
			12.063829787234	-9.29078014184397
			12.0673758865248	-9.29078014184397
			12.0709219858156	-9.29432624113475
			12.0709219858156	-9.29787234042553
			12.0744680851064	-9.29787234042553
			12.0744680851064	-9.30141843971631
			12.0780141843972	-9.30141843971631
			12.0780141843972	-9.30496453900709
			12.0815602836879	-9.30851063829787
			12.0851063829787	-9.31205673758865
			12.0886524822695	-9.31560283687943
			12.0886524822695	-9.31914893617021
			12.0921985815603	-9.32269503546099
			12.0957446808511	-9.32624113475177
			12.0992907801418	-9.32978723404255
			12.0992907801418	-9.33333333333333
			12.1028368794326	-9.33687943262411
			12.1063829787234	-9.34042553191489
			12.1099290780142	-9.34397163120567
			12.1099290780142	-9.34751773049645
			12.113475177305	-9.35106382978723
			12.1170212765957	-9.35460992907801
			12.1205673758865	-9.35815602836879
			12.1241134751773	-9.36170212765957
			12.1276595744681	-9.36524822695035
			12.1276595744681	-9.36879432624113
			12.1312056737589	-9.36879432624113
			12.1312056737589	-9.37234042553191
			12.1347517730496	-9.3758865248227
			12.1382978723404	-9.37943262411348
			12.1418439716312	-9.38297872340426
			12.1418439716312	-9.38652482269504
			12.145390070922	-9.39007092198582
			12.1489361702128	-9.3936170212766
			12.1524822695035	-9.39716312056738
			12.1560283687943	-9.40070921985816
			12.1560283687943	-9.40425531914894
			12.1595744680851	-9.40780141843972
			12.1631205673759	-9.4113475177305
			12.1666666666667	-9.41489361702128
			12.1666666666667	-9.41843971631206
			12.1702127659574	-9.42198581560284
			12.1737588652482	-9.42553191489362
			12.177304964539	-9.4290780141844
			12.177304964539	-9.43262411347518
			12.1808510638298	-9.43617021276596
			12.1843971631206	-9.43971631205674
			12.1879432624113	-9.44326241134752
			12.1914893617021	-9.4468085106383
			12.1914893617021	-9.45035460992908
			12.1950354609929	-9.45390070921986
			12.1985815602837	-9.45744680851064
			12.2021276595745	-9.46099290780142
			12.2021276595745	-9.4645390070922
			12.2021276595745	-9.46808510638298
			12.2056737588652	-9.47163120567376
			12.2056737588652	-9.47517730496454
			12.2056737588652	-9.47872340425532
			12.2056737588652	-9.4822695035461
			12.209219858156	-9.48581560283688
			12.209219858156	-9.48936170212766
			12.209219858156	-9.49290780141844
			12.209219858156	-9.49645390070922
			12.2127659574468	-9.5
			12.2127659574468	-9.50354609929078
			12.2127659574468	-9.50709219858156
			12.2127659574468	-9.51063829787234
			12.2127659574468	-9.51418439716312
			12.2163120567376	-9.5177304964539
			12.2163120567376	-9.52127659574468
			12.2163120567376	-9.52482269503546
			12.2198581560284	-9.52836879432624
			12.2198581560284	-9.53191489361702
			12.2198581560284	-9.5354609929078
			12.2198581560284	-9.53900709219858
			12.2234042553191	-9.54255319148936
			12.2234042553191	-9.54609929078014
			12.2234042553191	-9.54964539007092
			12.2234042553191	-9.5531914893617
			12.2234042553191	-9.55673758865248
			12.2269503546099	-9.56028368794326
			12.2269503546099	-9.56382978723404
			12.2269503546099	-9.56737588652482
			12.2304964539007	-9.5709219858156
			12.2304964539007	-9.57446808510638
			12.2304964539007	-9.57801418439716
			12.2304964539007	-9.58156028368794
			12.2340425531915	-9.58510638297872
			12.2340425531915	-9.5886524822695
			12.2340425531915	-9.59219858156028
			12.2340425531915	-9.59574468085106
			12.2375886524823	-9.59929078014184
			12.2375886524823	-9.60283687943262
			12.2375886524823	-9.6063829787234
			12.2375886524823	-9.60992907801418
			12.241134751773	-9.61347517730496
			12.241134751773	-9.61702127659574
			12.241134751773	-9.62056737588652
			12.241134751773	-9.6241134751773
			12.2446808510638	-9.62765957446809
			12.2446808510638	-9.63120567375887
			12.2446808510638	-9.63475177304965
			12.2446808510638	-9.63829787234043
			12.2446808510638	-9.64184397163121
			12.2482269503546	-9.64184397163121
			12.2482269503546	-9.64539007092199
			12.2482269503546	-9.64893617021277
			12.2482269503546	-9.65248226950355
			12.2517730496454	-9.65602836879433
			12.2517730496454	-9.65957446808511
			12.2517730496454	-9.66312056737589
			12.2517730496454	-9.66666666666667
			12.2553191489362	-9.67021276595745
			12.2553191489362	-9.67375886524823
			12.2553191489362	-9.67730496453901
			12.2553191489362	-9.68085106382979
			12.258865248227	-9.68439716312057
			12.258865248227	-9.68794326241135
			12.258865248227	-9.69148936170213
			12.258865248227	-9.69503546099291
			12.2624113475177	-9.69858156028369
			12.2624113475177	-9.70212765957447
			12.2624113475177	-9.70567375886525
			12.2624113475177	-9.70921985815603
			12.2659574468085	-9.71276595744681
			12.2659574468085	-9.71631205673759
			12.2659574468085	-9.71985815602837
			12.2659574468085	-9.72340425531915
			12.2695035460993	-9.72695035460993
			12.2695035460993	-9.73049645390071
			12.2695035460993	-9.73404255319149
			12.2730496453901	-9.73758865248227
			12.2730496453901	-9.74113475177305
			12.2730496453901	-9.74468085106383
			12.2730496453901	-9.74822695035461
			12.2730496453901	-9.75177304964539
			12.2765957446809	-9.75531914893617
			12.2765957446809	-9.75886524822695
			12.2765957446809	-9.76241134751773
			12.2765957446809	-9.76595744680851
			12.2801418439716	-9.76950354609929
			12.2801418439716	-9.77304964539007
			12.2801418439716	-9.77659574468085
			12.2801418439716	-9.78014184397163
			12.2836879432624	-9.78368794326241
			12.2836879432624	-9.78723404255319
			12.2836879432624	-9.79078014184397
			12.2836879432624	-9.79432624113475
			12.2872340425532	-9.79787234042553
			12.2872340425532	-9.80141843971631
			12.2872340425532	-9.80496453900709
			12.2872340425532	-9.80851063829787
			12.290780141844	-9.81205673758865
			12.290780141844	-9.81560283687943
			12.290780141844	-9.81914893617021
			12.290780141844	-9.82269503546099
			12.2943262411348	-9.82624113475177
			12.2943262411348	-9.82978723404255
			12.2943262411348	-9.83333333333333
			12.2943262411348	-9.83687943262411
			12.2978723404255	-9.84042553191489
			12.2978723404255	-9.84397163120567
			12.2978723404255	-9.84751773049645
			12.2978723404255	-9.85106382978723
			12.3014184397163	-9.85460992907801
			12.3014184397163	-9.85815602836879
			12.3014184397163	-9.86170212765957
			12.3014184397163	-9.86524822695035
			12.3049645390071	-9.86879432624113
			12.3049645390071	-9.87234042553191
			12.3049645390071	-9.8758865248227
			12.3049645390071	-9.87943262411348
			12.3085106382979	-9.88297872340426
			12.3085106382979	-9.88652482269504
			12.3085106382979	-9.89007092198582
			12.3085106382979	-9.8936170212766
			12.3120567375887	-9.89716312056738
			12.3120567375887	-9.90070921985816
			12.3120567375887	-9.90425531914894
			12.3120567375887	-9.90780141843972
			12.3156028368794	-9.9113475177305
			12.3156028368794	-9.91489361702128
			12.3156028368794	-9.91843971631206
			12.3156028368794	-9.92198581560284
			12.3191489361702	-9.92553191489362
			12.3191489361702	-9.9290780141844
			12.3191489361702	-9.93262411347518
			12.322695035461	-9.93617021276596
			12.322695035461	-9.93971631205674
			12.322695035461	-9.94326241134752
			12.322695035461	-9.9468085106383
			12.322695035461	-9.95035460992908
			12.3262411347518	-9.95390070921986
			12.3262411347518	-9.95744680851064
			12.3262411347518	-9.96099290780142
			12.3262411347518	-9.9645390070922
			12.3297872340426	-9.96808510638298
			12.3297872340426	-9.97163120567376
			12.3297872340426	-9.97517730496454
			12.3333333333333	-9.97872340425532
			12.3333333333333	-9.9822695035461
			12.3333333333333	-9.98581560283688
			12.3333333333333	-9.98936170212766
			12.3368794326241	-9.99290780141844
			12.3368794326241	-9.99645390070922
			12.3368794326241	-10
			12.3368794326241	-10.0035460992908
			12.3404255319149	-10.0070921985816
			12.3404255319149	-10.0106382978723
			12.3404255319149	-10.0141843971631
			12.3404255319149	-10.0177304964539
			12.3439716312057	-10.0212765957447
			12.3439716312057	-10.0248226950355
			12.3439716312057	-10.0283687943262
			12.3439716312057	-10.031914893617
			12.3475177304965	-10.0354609929078
			12.3475177304965	-10.0390070921986
			12.3475177304965	-10.0425531914894
			12.3475177304965	-10.0460992907801
			12.3510638297872	-10.0496453900709
			12.3510638297872	-10.0531914893617
			12.3510638297872	-10.0567375886525
			12.3510638297872	-10.0602836879433
			12.354609929078	-10.063829787234
			12.354609929078	-10.0673758865248
			12.354609929078	-10.0709219858156
			12.354609929078	-10.0744680851064
			12.3581560283688	-10.0780141843972
			12.3581560283688	-10.0815602836879
			12.3581560283688	-10.0851063829787
			12.3581560283688	-10.0886524822695
			12.3617021276596	-10.0921985815603
			12.3617021276596	-10.0957446808511
			12.3617021276596	-10.0992907801418
			12.3617021276596	-10.1028368794326
			12.3652482269504	-10.1063829787234
			12.3652482269504	-10.1099290780142
			12.3652482269504	-10.113475177305
			12.3652482269504	-10.1170212765957
			12.3687943262411	-10.1205673758865
			12.3687943262411	-10.1241134751773
			12.3687943262411	-10.1276595744681
			12.3687943262411	-10.1312056737589
			12.3687943262411	-10.1347517730496
			12.3723404255319	-10.1382978723404
			12.3723404255319	-10.1418439716312
			12.3723404255319	-10.145390070922
			12.3723404255319	-10.1489361702128
			12.3758865248227	-10.1524822695035
			12.3758865248227	-10.1560283687943
			12.3758865248227	-10.1595744680851
			12.3758865248227	-10.1631205673759
			12.3794326241135	-10.1666666666667
			12.3794326241135	-10.1702127659574
			12.3794326241135	-10.1737588652482
			12.3794326241135	-10.177304964539
			12.3829787234043	-10.1808510638298
			12.3829787234043	-10.1843971631206
			12.3829787234043	-10.1879432624113
			12.3829787234043	-10.1914893617021
			12.386524822695	-10.1950354609929
			12.386524822695	-10.1985815602837
			12.386524822695	-10.2021276595745
			12.386524822695	-10.2056737588652
			12.3900709219858	-10.209219858156
			12.3900709219858	-10.2127659574468
			12.3900709219858	-10.2163120567376
			12.3900709219858	-10.2198581560284
			12.3936170212766	-10.2234042553191
			12.3936170212766	-10.2269503546099
			12.3936170212766	-10.2304964539007
			12.3936170212766	-10.2340425531915
			12.3971631205674	-10.2375886524823
			12.3971631205674	-10.241134751773
			12.3971631205674	-10.2446808510638
			12.3971631205674	-10.2482269503546
			12.4007092198582	-10.2517730496454
			12.4007092198582	-10.2553191489362
			12.4007092198582	-10.258865248227
			12.4007092198582	-10.2624113475177
			12.4042553191489	-10.2659574468085
			12.4042553191489	-10.2695035460993
			12.4042553191489	-10.2730496453901
			12.4042553191489	-10.2765957446809
			12.4078014184397	-10.2801418439716
			12.4078014184397	-10.2836879432624
			12.4078014184397	-10.2872340425532
			12.4078014184397	-10.290780141844
			12.4113475177305	-10.2943262411348
			12.4113475177305	-10.2978723404255
			12.4113475177305	-10.3014184397163
			12.4113475177305	-10.3049645390071
			12.4148936170213	-10.3085106382979
			12.4148936170213	-10.3120567375887
			12.4148936170213	-10.3156028368794
			12.4148936170213	-10.3191489361702
			12.4184397163121	-10.322695035461
			12.4184397163121	-10.3262411347518
			12.4184397163121	-10.3297872340426
			12.4184397163121	-10.3333333333333
			12.4219858156028	-10.3368794326241
			12.4219858156028	-10.3404255319149
			12.4219858156028	-10.3439716312057
			12.4219858156028	-10.3475177304965
			12.4255319148936	-10.3510638297872
			12.4255319148936	-10.354609929078
			12.4255319148936	-10.3581560283688
			12.4255319148936	-10.3617021276596
			12.4290780141844	-10.3652482269504
			12.4290780141844	-10.3687943262411
			12.4290780141844	-10.3723404255319
			12.4290780141844	-10.3758865248227
			12.4326241134752	-10.3794326241135
			12.4326241134752	-10.3829787234043
			12.4326241134752	-10.386524822695
			12.4326241134752	-10.3900709219858
			12.436170212766	-10.3936170212766
			12.436170212766	-10.3971631205674
			12.436170212766	-10.4007092198582
			12.436170212766	-10.4042553191489
			12.4397163120567	-10.4078014184397
			12.4397163120567	-10.4113475177305
			12.4397163120567	-10.4148936170213
			12.4397163120567	-10.4184397163121
			12.4432624113475	-10.4219858156028
			12.4432624113475	-10.4255319148936
			12.4432624113475	-10.4290780141844
			12.4432624113475	-10.4326241134752
			12.4468085106383	-10.436170212766
			12.4468085106383	-10.4397163120567
			12.4468085106383	-10.4432624113475
			12.4468085106383	-10.4468085106383
			12.4503546099291	-10.4503546099291
			12.4503546099291	-10.4539007092199
			12.4503546099291	-10.4574468085106
			12.4503546099291	-10.4609929078014
			12.4539007092199	-10.4645390070922
			12.4539007092199	-10.468085106383
			12.4539007092199	-10.4716312056738
			12.4539007092199	-10.4751773049645
			12.4574468085106	-10.4787234042553
			12.4574468085106	-10.4822695035461
			12.4574468085106	-10.4858156028369
			12.4574468085106	-10.4893617021277
			12.4609929078014	-10.4929078014184
			12.4609929078014	-10.4964539007092
			12.4609929078014	-10.5
			12.4609929078014	-10.5035460992908
			12.4645390070922	-10.5070921985816
			12.4645390070922	-10.5106382978723
			12.4645390070922	-10.5141843971631
			12.4645390070922	-10.5177304964539
			12.468085106383	-10.5212765957447
			12.468085106383	-10.5248226950355
			12.468085106383	-10.5283687943262
			12.468085106383	-10.531914893617
			12.468085106383	-10.5354609929078
			12.4716312056738	-10.5390070921986
			12.4716312056738	-10.5425531914894
			12.4716312056738	-10.5460992907801
			12.4716312056738	-10.5496453900709
			12.4751773049645	-10.5531914893617
			12.4751773049645	-10.5567375886525
			12.4751773049645	-10.5602836879433
			12.4751773049645	-10.563829787234
			12.4787234042553	-10.5673758865248
			12.4787234042553	-10.5709219858156
			12.4787234042553	-10.5744680851064
			12.4787234042553	-10.5780141843972
			12.4822695035461	-10.5815602836879
			12.4822695035461	-10.5851063829787
			12.4822695035461	-10.5886524822695
			12.4822695035461	-10.5921985815603
			12.4858156028369	-10.5957446808511
			12.4858156028369	-10.5992907801418
			12.4858156028369	-10.6028368794326
			12.4858156028369	-10.6063829787234
			12.4893617021277	-10.6099290780142
			12.4893617021277	-10.613475177305
			12.4893617021277	-10.6170212765957
			12.4893617021277	-10.6205673758865
			12.4929078014184	-10.6241134751773
			12.4929078014184	-10.6276595744681
			12.4929078014184	-10.6312056737589
			12.4929078014184	-10.6347517730496
			12.4964539007092	-10.6382978723404
			12.4964539007092	-10.6418439716312
			12.4964539007092	-10.645390070922
			12.4964539007092	-10.6489361702128
			12.5	-10.6524822695035
			12.5	-10.6560283687943
			12.5	-10.6595744680851
			12.5	-10.6631205673759
			12.5035460992908	-10.6666666666667
			12.5035460992908	-10.6702127659574
			12.5035460992908	-10.6737588652482
			12.5035460992908	-10.677304964539
			12.5070921985816	-10.6808510638298
			12.5070921985816	-10.6843971631206
			12.5070921985816	-10.6879432624113
			12.5070921985816	-10.6914893617021
			12.5106382978723	-10.6950354609929
			12.5106382978723	-10.6985815602837
			12.5106382978723	-10.7021276595745
			12.5106382978723	-10.7056737588652
			12.5141843971631	-10.709219858156
			12.5141843971631	-10.7127659574468
			12.5141843971631	-10.7163120567376
			12.5141843971631	-10.7198581560284
			12.5177304964539	-10.7234042553191
			12.5177304964539	-10.7269503546099
			12.5177304964539	-10.7304964539007
			12.5177304964539	-10.7340425531915
			12.5212765957447	-10.7375886524823
			12.5212765957447	-10.741134751773
			12.5212765957447	-10.7446808510638
			12.5212765957447	-10.7482269503546
			12.5248226950355	-10.7517730496454
			12.5248226950355	-10.7553191489362
			12.5248226950355	-10.758865248227
			12.5248226950355	-10.7624113475177
			12.5283687943262	-10.7659574468085
			12.5283687943262	-10.7695035460993
			12.5283687943262	-10.7730496453901
			12.5283687943262	-10.7765957446809
			12.531914893617	-10.7801418439716
			12.531914893617	-10.7836879432624
			12.531914893617	-10.7872340425532
			12.531914893617	-10.790780141844
			12.5354609929078	-10.7943262411348
			12.5354609929078	-10.7978723404255
			12.5354609929078	-10.8014184397163
			12.5354609929078	-10.8049645390071
			12.5354609929078	-10.8085106382979
			12.5390070921986	-10.8120567375887
			12.5390070921986	-10.8156028368794
			12.5390070921986	-10.8191489361702
			12.5390070921986	-10.822695035461
			12.5425531914894	-10.8262411347518
			12.5425531914894	-10.8297872340426
			12.5425531914894	-10.8333333333333
			12.5425531914894	-10.8368794326241
			12.5460992907801	-10.8404255319149
			12.5460992907801	-10.8439716312057
			12.5460992907801	-10.8475177304965
			12.5460992907801	-10.8510638297872
			12.5496453900709	-10.854609929078
			12.5496453900709	-10.8581560283688
			12.5496453900709	-10.8617021276596
			12.5496453900709	-10.8652482269504
			12.5531914893617	-10.8687943262411
			12.5531914893617	-10.8723404255319
			12.5531914893617	-10.8758865248227
			12.5531914893617	-10.8794326241135
			12.5567375886525	-10.8829787234043
			12.5567375886525	-10.886524822695
			12.5567375886525	-10.8900709219858
			12.5567375886525	-10.8936170212766
			12.5602836879433	-10.8971631205674
			12.5602836879433	-10.9007092198582
			12.5602836879433	-10.9042553191489
			12.5602836879433	-10.9078014184397
			12.5602836879433	-10.9113475177305
			12.563829787234	-10.9148936170213
			12.563829787234	-10.9184397163121
			12.563829787234	-10.9219858156028
			12.563829787234	-10.9255319148936
			12.5673758865248	-10.9290780141844
			12.5673758865248	-10.9326241134752
			12.5673758865248	-10.936170212766
			12.5673758865248	-10.9397163120567
			12.5709219858156	-10.9432624113475
			12.5709219858156	-10.9468085106383
			12.5709219858156	-10.9503546099291
			12.5709219858156	-10.9539007092199
			12.5744680851064	-10.9574468085106
			12.5744680851064	-10.9609929078014
			12.5744680851064	-10.9645390070922
			12.5780141843972	-10.968085106383
			12.5780141843972	-10.9716312056738
			12.5780141843972	-10.9751773049645
			12.5780141843972	-10.9787234042553
			12.5780141843972	-10.9822695035461
			12.5815602836879	-10.9858156028369
			12.5815602836879	-10.9893617021277
			12.5815602836879	-10.9929078014184
			12.5815602836879	-10.9964539007092
			12.5851063829787	-11
			12.5851063829787	-11.0035460992908
			12.5851063829787	-11.0070921985816
			12.5851063829787	-11.0106382978723
			12.5886524822695	-11.0141843971631
			12.5886524822695	-11.0177304964539
			12.5886524822695	-11.0212765957447
			12.5886524822695	-11.0248226950355
			12.5921985815603	-11.0283687943262
			12.5921985815603	-11.031914893617
			12.5921985815603	-11.0354609929078
			12.5921985815603	-11.0390070921986
			12.5957446808511	-11.0425531914894
			12.5957446808511	-11.0460992907801
			12.5957446808511	-11.0496453900709
			12.5957446808511	-11.0531914893617
			12.5992907801418	-11.0567375886525
			12.5992907801418	-11.0602836879433
			12.5992907801418	-11.063829787234
			12.5992907801418	-11.0673758865248
			12.6028368794326	-11.0709219858156
			12.6028368794326	-11.0744680851064
			12.6028368794326	-11.0780141843972
			12.6028368794326	-11.0815602836879
			12.6063829787234	-11.0851063829787
			12.6063829787234	-11.0886524822695
			12.6063829787234	-11.0921985815603
			12.6063829787234	-11.0957446808511
			12.6099290780142	-11.0992907801418
			12.6099290780142	-11.1028368794326
			12.6099290780142	-11.1063829787234
			12.6099290780142	-11.1099290780142
			12.6099290780142	-11.113475177305
			12.613475177305	-11.1170212765957
			12.613475177305	-11.1205673758865
			12.613475177305	-11.1241134751773
			12.613475177305	-11.1276595744681
			12.6170212765957	-11.1312056737589
			12.6170212765957	-11.1347517730496
			12.6170212765957	-11.1382978723404
			12.6170212765957	-11.1418439716312
			12.6205673758865	-11.145390070922
			12.6205673758865	-11.1489361702128
			12.6205673758865	-11.1524822695035
			12.6205673758865	-11.1560283687943
			12.6241134751773	-11.1595744680851
			12.6241134751773	-11.1631205673759
			12.6241134751773	-11.1666666666667
			12.6241134751773	-11.1702127659574
			12.6276595744681	-11.1737588652482
			12.6276595744681	-11.177304964539
			12.6276595744681	-11.1808510638298
			12.6276595744681	-11.1843971631206
			12.6312056737589	-11.1879432624113
			12.6312056737589	-11.1914893617021
			12.6312056737589	-11.1950354609929
			12.6312056737589	-11.1985815602837
			12.6312056737589	-11.2021276595745
			12.6347517730496	-11.2056737588652
			12.6347517730496	-11.209219858156
			12.6347517730496	-11.2127659574468
			12.6347517730496	-11.2163120567376
			12.6382978723404	-11.2198581560284
			12.6382978723404	-11.2234042553191
			12.6382978723404	-11.2269503546099
			12.6382978723404	-11.2304964539007
			12.6418439716312	-11.2340425531915
			12.6418439716312	-11.2375886524823
			12.6418439716312	-11.241134751773
			12.6418439716312	-11.2446808510638
			12.645390070922	-11.2482269503546
			12.645390070922	-11.2517730496454
			12.645390070922	-11.2553191489362
			12.645390070922	-11.258865248227
			12.6489361702128	-11.2624113475177
			12.6489361702128	-11.2659574468085
			12.6489361702128	-11.2695035460993
			12.6489361702128	-11.2730496453901
			12.6524822695035	-11.2765957446809
			12.6524822695035	-11.2801418439716
			12.6524822695035	-11.2836879432624
			12.6524822695035	-11.2872340425532
			12.6560283687943	-11.290780141844
			12.6560283687943	-11.2943262411348
			12.6560283687943	-11.2978723404255
			12.6560283687943	-11.3014184397163
			12.6560283687943	-11.3049645390071
			12.6595744680851	-11.3049645390071
			12.6595744680851	-11.3085106382979
			12.6595744680851	-11.3120567375887
			12.6595744680851	-11.3156028368794
			12.6595744680851	-11.3191489361702
			12.6631205673759	-11.322695035461
			12.6631205673759	-11.3262411347518
			12.6631205673759	-11.3297872340426
			12.6666666666667	-11.3333333333333
			12.6666666666667	-11.3368794326241
			12.6666666666667	-11.3404255319149
			12.6666666666667	-11.3439716312057
			12.6666666666667	-11.3475177304965
			12.6702127659574	-11.3510638297872
			12.6702127659574	-11.354609929078
			12.6702127659574	-11.3581560283688
			12.6702127659574	-11.3617021276596
			12.6737588652482	-11.3652482269504
			12.6737588652482	-11.3687943262411
			12.6737588652482	-11.3723404255319
			12.6737588652482	-11.3758865248227
			12.677304964539	-11.3794326241135
			12.677304964539	-11.3829787234043
			12.677304964539	-11.386524822695
			12.677304964539	-11.3900709219858
			12.6808510638298	-11.3936170212766
			12.6808510638298	-11.3971631205674
			12.6808510638298	-11.4007092198582
			12.6808510638298	-11.4042553191489
			12.6843971631206	-11.4078014184397
			12.6843971631206	-11.4113475177305
			12.6843971631206	-11.4148936170213
			12.6843971631206	-11.4184397163121
			12.6879432624113	-11.4219858156028
			12.6879432624113	-11.4255319148936
			12.6879432624113	-11.4290780141844
			12.6879432624113	-11.4326241134752
			12.6879432624113	-11.436170212766
			12.6914893617021	-11.4397163120567
			12.6914893617021	-11.4432624113475
			12.6914893617021	-11.4468085106383
			12.6914893617021	-11.4503546099291
			12.6950354609929	-11.4539007092199
			12.6950354609929	-11.4574468085106
			12.6950354609929	-11.4609929078014
			12.6950354609929	-11.4645390070922
			12.6985815602837	-11.468085106383
			12.6985815602837	-11.4716312056738
			12.6985815602837	-11.4751773049645
			12.6985815602837	-11.4787234042553
			12.7021276595745	-11.4822695035461
			12.7021276595745	-11.4858156028369
			12.7021276595745	-11.4893617021277
			12.7021276595745	-11.4929078014184
			12.7021276595745	-11.4964539007092
			12.7056737588652	-11.5
			12.7056737588652	-11.5035460992908
			12.7056737588652	-11.5070921985816
			12.7056737588652	-11.5106382978723
			12.709219858156	-11.5141843971631
			12.709219858156	-11.5177304964539
			12.709219858156	-11.5212765957447
			12.709219858156	-11.5248226950355
			12.7127659574468	-11.5283687943262
			12.7127659574468	-11.531914893617
			12.7127659574468	-11.5354609929078
			12.7127659574468	-11.5390070921986
			12.7163120567376	-11.5425531914894
			12.7163120567376	-11.5460992907801
			12.7163120567376	-11.5496453900709
			12.7163120567376	-11.5531914893617
			12.7198581560284	-11.5567375886525
			12.7198581560284	-11.5602836879433
			12.7198581560284	-11.563829787234
			12.7198581560284	-11.5673758865248
			12.7234042553191	-11.5709219858156
			12.7234042553191	-11.5744680851064
			12.7234042553191	-11.5780141843972
			12.7234042553191	-11.5815602836879
			12.7269503546099	-11.5851063829787
			12.7269503546099	-11.5886524822695
			12.7269503546099	-11.5921985815603
			12.7269503546099	-11.5957446808511
			12.7304964539007	-11.5992907801418
			12.7304964539007	-11.6028368794326
			12.7304964539007	-11.6063829787234
			12.7304964539007	-11.6099290780142
			12.7304964539007	-11.613475177305
			12.7340425531915	-11.6170212765957
			12.7340425531915	-11.6205673758865
			12.7340425531915	-11.6241134751773
			12.7340425531915	-11.6276595744681
			12.7375886524823	-11.6312056737589
			12.7375886524823	-11.6347517730496
			12.7375886524823	-11.6382978723404
			12.7375886524823	-11.6418439716312
			12.741134751773	-11.645390070922
			12.741134751773	-11.6489361702128
			12.741134751773	-11.6524822695035
			12.741134751773	-11.6560283687943
			12.7446808510638	-11.6595744680851
			12.7446808510638	-11.6631205673759
			12.7446808510638	-11.6666666666667
			12.7446808510638	-11.6702127659574
			12.7482269503546	-11.6737588652482
			12.7482269503546	-11.677304964539
			12.7482269503546	-11.6808510638298
			12.7482269503546	-11.6843971631206
			12.7482269503546	-11.6879432624113
			12.7517730496454	-11.6914893617021
			12.7517730496454	-11.6950354609929
			12.7517730496454	-11.6985815602837
			12.7517730496454	-11.7021276595745
			12.7553191489362	-11.7056737588652
			12.7553191489362	-11.709219858156
			12.7553191489362	-11.7127659574468
			12.7553191489362	-11.7163120567376
			12.758865248227	-11.7198581560284
			12.758865248227	-11.7234042553191
			12.758865248227	-11.7269503546099
			12.758865248227	-11.7304964539007
			12.7624113475177	-11.7340425531915
			12.7624113475177	-11.7375886524823
			12.7624113475177	-11.741134751773
			12.7624113475177	-11.7446808510638
			12.7624113475177	-11.7482269503546
			12.7659574468085	-11.7517730496454
			12.7659574468085	-11.7553191489362
			12.7659574468085	-11.758865248227
			12.7659574468085	-11.7624113475177
			12.7695035460993	-11.7659574468085
			12.7695035460993	-11.7695035460993
			12.7695035460993	-11.7730496453901
			12.7695035460993	-11.7765957446809
			12.7730496453901	-11.7801418439716
			12.7730496453901	-11.7836879432624
			12.7730496453901	-11.7872340425532
			12.7730496453901	-11.790780141844
			12.7730496453901	-11.7943262411348
			12.7765957446809	-11.7978723404255
			12.7765957446809	-11.8014184397163
			12.7765957446809	-11.8049645390071
			12.7801418439716	-11.8085106382979
			12.7801418439716	-11.8120567375887
			12.7801418439716	-11.8156028368794
			12.7801418439716	-11.8191489361702
			12.7836879432624	-11.822695035461
			12.7836879432624	-11.8262411347518
			12.7836879432624	-11.8297872340426
			12.7836879432624	-11.8333333333333
			12.7836879432624	-11.8368794326241
			12.7872340425532	-11.8404255319149
			12.7872340425532	-11.8439716312057
			12.7872340425532	-11.8475177304965
			12.7872340425532	-11.8510638297872
			12.790780141844	-11.854609929078
			12.790780141844	-11.8581560283688
			12.790780141844	-11.8617021276596
			12.790780141844	-11.8652482269504
			12.7943262411348	-11.8687943262411
			12.7943262411348	-11.8723404255319
			12.7943262411348	-11.8758865248227
			12.7943262411348	-11.8794326241135
			12.7978723404255	-11.8829787234043
			12.7978723404255	-11.886524822695
			12.7978723404255	-11.8900709219858
			12.7978723404255	-11.8936170212766
			12.7978723404255	-11.8971631205674
			12.8014184397163	-11.9007092198582
			12.8014184397163	-11.9042553191489
			12.8014184397163	-11.9078014184397
			12.8014184397163	-11.9113475177305
			12.8049645390071	-11.9148936170213
			12.8049645390071	-11.9184397163121
			12.8049645390071	-11.9219858156028
			12.8049645390071	-11.9255319148936
			12.8085106382979	-11.9290780141844
			12.8085106382979	-11.9326241134752
			12.8085106382979	-11.936170212766
			12.8085106382979	-11.9397163120567
			12.8120567375887	-11.9432624113475
			12.8120567375887	-11.9468085106383
			12.8120567375887	-11.9503546099291
			12.8120567375887	-11.9539007092199
			12.8120567375887	-11.9574468085106
			12.8156028368794	-11.9609929078014
			12.8156028368794	-11.9645390070922
			12.8156028368794	-11.968085106383
			12.8156028368794	-11.9716312056738
			12.8191489361702	-11.9751773049645
			12.8191489361702	-11.9787234042553
			12.8191489361702	-11.9822695035461
			12.8191489361702	-11.9858156028369
			12.822695035461	-11.9893617021277
			12.822695035461	-11.9929078014184
			12.822695035461	-11.9964539007092
			12.822695035461	-12
			12.822695035461	-12.0035460992908
			12.8262411347518	-12.0070921985816
			12.8262411347518	-12.0106382978723
			12.8262411347518	-12.0141843971631
			12.8262411347518	-12.0177304964539
			12.8297872340426	-12.0212765957447
			12.8297872340426	-12.0248226950355
			12.8297872340426	-12.0283687943262
			12.8297872340426	-12.031914893617
			12.8333333333333	-12.0354609929078
			12.8333333333333	-12.0390070921986
			12.8333333333333	-12.0425531914894
			12.8333333333333	-12.0460992907801
			12.8368794326241	-12.0496453900709
			12.8368794326241	-12.0531914893617
			12.8368794326241	-12.0567375886525
			12.8368794326241	-12.0602836879433
			12.8404255319149	-12.063829787234
			12.8404255319149	-12.0673758865248
			12.8404255319149	-12.0709219858156
			12.8404255319149	-12.0744680851064
			12.8404255319149	-12.0780141843972
			12.8439716312057	-12.0780141843972
			12.8439716312057	-12.0815602836879
			12.8439716312057	-12.0851063829787
			12.8439716312057	-12.0886524822695
			12.8439716312057	-12.0921985815603
			12.8475177304965	-12.0957446808511
			12.8475177304965	-12.0992907801418
			12.8475177304965	-12.1028368794326
			12.8475177304965	-12.1063829787234
			12.8510638297872	-12.1099290780142
			12.8510638297872	-12.113475177305
			12.8510638297872	-12.1170212765957
			12.8510638297872	-12.1205673758865
			12.854609929078	-12.1241134751773
			12.854609929078	-12.1276595744681
			12.854609929078	-12.1312056737589
			12.854609929078	-12.1347517730496
			12.854609929078	-12.1382978723404
			12.8581560283688	-12.1418439716312
			12.8581560283688	-12.145390070922
			12.8581560283688	-12.1489361702128
			12.8581560283688	-12.1524822695035
			12.8617021276596	-12.1560283687943
			12.8617021276596	-12.1595744680851
			12.8617021276596	-12.1631205673759
			12.8617021276596	-12.1666666666667
			12.8652482269504	-12.1702127659574
			12.8652482269504	-12.1737588652482
			12.8652482269504	-12.177304964539
			12.8652482269504	-12.1808510638298
			12.8652482269504	-12.1843971631206
			12.8687943262411	-12.1879432624113
			12.8687943262411	-12.1914893617021
			12.8687943262411	-12.1950354609929
			12.8687943262411	-12.1985815602837
			12.8723404255319	-12.2021276595745
			12.8723404255319	-12.2056737588652
			12.8723404255319	-12.209219858156
			12.8723404255319	-12.2127659574468
			12.8758865248227	-12.2163120567376
			12.8758865248227	-12.2198581560284
			12.8758865248227	-12.2234042553191
			12.8758865248227	-12.2269503546099
			12.8758865248227	-12.2304964539007
			12.8794326241135	-12.2340425531915
			12.8794326241135	-12.2375886524823
			12.8794326241135	-12.241134751773
			12.8794326241135	-12.2446808510638
			12.8829787234043	-12.2482269503546
			12.8829787234043	-12.2517730496454
			12.8829787234043	-12.2553191489362
			12.8829787234043	-12.258865248227
			12.886524822695	-12.2624113475177
			12.886524822695	-12.2659574468085
			12.886524822695	-12.2695035460993
			12.886524822695	-12.2730496453901
			12.8900709219858	-12.2765957446809
			12.8900709219858	-12.2801418439716
			12.8900709219858	-12.2836879432624
			12.8900709219858	-12.2872340425532
			12.8900709219858	-12.290780141844
			12.8936170212766	-12.2943262411348
			12.8936170212766	-12.2978723404255
			12.8936170212766	-12.3014184397163
			12.8936170212766	-12.3049645390071
			12.8971631205674	-12.3085106382979
			12.8971631205674	-12.3120567375887
			12.8971631205674	-12.3156028368794
			12.8971631205674	-12.3191489361702
			12.9007092198582	-12.322695035461
			12.9007092198582	-12.3262411347518
			12.9007092198582	-12.3297872340426
			12.9007092198582	-12.3333333333333
			12.9042553191489	-12.3368794326241
			12.9042553191489	-12.3404255319149
			12.9042553191489	-12.3439716312057
			12.9042553191489	-12.3475177304965
			12.9042553191489	-12.3510638297872
			12.9078014184397	-12.354609929078
			12.9078014184397	-12.3581560283688
			12.9078014184397	-12.3617021276596
			12.9078014184397	-12.3652482269504
			12.9113475177305	-12.3687943262411
			12.9113475177305	-12.3723404255319
			12.9113475177305	-12.3758865248227
			12.9113475177305	-12.3794326241135
			12.9113475177305	-12.3829787234043
			12.9148936170213	-12.386524822695
			12.9148936170213	-12.3900709219858
			12.9148936170213	-12.3936170212766
			12.9148936170213	-12.3971631205674
			12.9184397163121	-12.4007092198582
			12.9184397163121	-12.4042553191489
			12.9184397163121	-12.4078014184397
			12.9184397163121	-12.4113475177305
			12.9219858156028	-12.4148936170213
			12.9219858156028	-12.4184397163121
			12.9219858156028	-12.4219858156028
			12.9219858156028	-12.4255319148936
			12.9219858156028	-12.4290780141844
			12.9255319148936	-12.4326241134752
			12.9255319148936	-12.436170212766
			12.9255319148936	-12.4397163120567
			12.9255319148936	-12.4432624113475
			12.9290780141844	-12.4468085106383
			12.9290780141844	-12.4503546099291
			12.9290780141844	-12.4539007092199
			12.9290780141844	-12.4574468085106
			12.9290780141844	-12.4609929078014
			12.9326241134752	-12.4645390070922
			12.9326241134752	-12.468085106383
			12.9326241134752	-12.4716312056738
			12.936170212766	-12.4751773049645
			12.936170212766	-12.4787234042553
			12.936170212766	-12.4822695035461
			12.936170212766	-12.4858156028369
			12.936170212766	-12.4893617021277
			12.9397163120567	-12.4929078014184
			12.9397163120567	-12.4964539007092
			12.9397163120567	-12.5
			12.9397163120567	-12.5035460992908
			12.9397163120567	-12.5070921985816
			12.9432624113475	-12.5106382978723
			12.9432624113475	-12.5141843971631
			12.9432624113475	-12.5177304964539
			12.9432624113475	-12.5212765957447
			12.9468085106383	-12.5248226950355
			12.9468085106383	-12.5283687943262
			12.9468085106383	-12.531914893617
			12.9468085106383	-12.5354609929078
			12.9503546099291	-12.5390070921986
			12.9503546099291	-12.5425531914894
			12.9503546099291	-12.5460992907801
			12.9503546099291	-12.5496453900709
			12.9539007092199	-12.5531914893617
			12.9539007092199	-12.5567375886525
			12.9539007092199	-12.5602836879433
			12.9539007092199	-12.563829787234
			12.9539007092199	-12.5673758865248
			12.9574468085106	-12.5709219858156
			12.9574468085106	-12.5744680851064
			12.9574468085106	-12.5780141843972
			12.9574468085106	-12.5815602836879
			12.9609929078014	-12.5851063829787
			12.9609929078014	-12.5886524822695
			12.9609929078014	-12.5921985815603
			12.9609929078014	-12.5957446808511
			12.9609929078014	-12.5992907801418
			12.9645390070922	-12.6028368794326
			12.9645390070922	-12.6063829787234
			12.9645390070922	-12.6099290780142
			12.9645390070922	-12.613475177305
			12.968085106383	-12.6170212765957
			12.968085106383	-12.6205673758865
			12.968085106383	-12.6241134751773
			12.968085106383	-12.6276595744681
			12.968085106383	-12.6312056737589
			12.9716312056738	-12.6347517730496
			12.9716312056738	-12.6382978723404
			12.9716312056738	-12.6418439716312
			12.9716312056738	-12.645390070922
			12.9751773049645	-12.6489361702128
			12.9751773049645	-12.6524822695035
			12.9751773049645	-12.6560283687943
			12.9751773049645	-12.6595744680851
			12.9751773049645	-12.6631205673759
			12.9787234042553	-12.6631205673759
			12.9787234042553	-12.6666666666667
			12.9787234042553	-12.6702127659574
			12.9787234042553	-12.6737588652482
			12.9822695035461	-12.677304964539
			12.9822695035461	-12.6808510638298
			12.9822695035461	-12.6843971631206
			12.9822695035461	-12.6879432624113
			12.9822695035461	-12.6914893617021
			12.9858156028369	-12.6950354609929
			12.9858156028369	-12.6985815602837
			12.9858156028369	-12.7021276595745
			12.9858156028369	-12.7056737588652
			12.9893617021277	-12.709219858156
			12.9893617021277	-12.7127659574468
			12.9893617021277	-12.7163120567376
			12.9893617021277	-12.7198581560284
			12.9893617021277	-12.7234042553191
			12.9929078014184	-12.7269503546099
			12.9929078014184	-12.7304964539007
			12.9929078014184	-12.7340425531915
			12.9929078014184	-12.7375886524823
			12.9929078014184	-12.741134751773
			12.9964539007092	-12.7446808510638
			12.9964539007092	-12.7482269503546
			12.9964539007092	-12.7517730496454
			13	-12.7553191489362
			13	-12.758865248227
			13	-12.7624113475177
			13	-12.7659574468085
			13	-12.7695035460993
			13.0035460992908	-12.7730496453901
			13.0035460992908	-12.7765957446809
			13.0035460992908	-12.7801418439716
			13.0035460992908	-12.7836879432624
			13.0070921985816	-12.7872340425532
			13.0070921985816	-12.790780141844
			13.0070921985816	-12.7943262411348
			13.0070921985816	-12.7978723404255
			13.0070921985816	-12.8014184397163
			13.0106382978723	-12.8049645390071
			13.0106382978723	-12.8085106382979
			13.0106382978723	-12.8120567375887
			13.0106382978723	-12.8156028368794
			13.0141843971631	-12.8191489361702
			13.0141843971631	-12.822695035461
			13.0141843971631	-12.8262411347518
			13.0141843971631	-12.8297872340426
			13.0141843971631	-12.8333333333333
			13.0177304964539	-12.8368794326241
			13.0177304964539	-12.8404255319149
			13.0177304964539	-12.8439716312057
			13.0177304964539	-12.8475177304965
			13.0177304964539	-12.8510638297872
			13.0212765957447	-12.854609929078
			13.0212765957447	-12.8581560283688
			13.0212765957447	-12.8617021276596
			13.0212765957447	-12.8652482269504
			13.0248226950355	-12.8687943262411
			13.0248226950355	-12.8723404255319
			13.0248226950355	-12.8758865248227
			13.0248226950355	-12.8794326241135
			13.0248226950355	-12.8829787234043
			13.0283687943262	-12.886524822695
			13.0283687943262	-12.8900709219858
			13.0283687943262	-12.8936170212766
			13.0283687943262	-12.8971631205674
			13.031914893617	-12.9007092198582
			13.031914893617	-12.9042553191489
			13.031914893617	-12.9078014184397
			13.031914893617	-12.9113475177305
			13.0354609929078	-12.9148936170213
			13.0354609929078	-12.9184397163121
			13.0354609929078	-12.9219858156028
			13.0354609929078	-12.9255319148936
			13.0354609929078	-12.9290780141844
			13.0390070921986	-12.9326241134752
			13.0390070921986	-12.936170212766
			13.0390070921986	-12.9397163120567
			13.0390070921986	-12.9432624113475
			13.0425531914894	-12.9468085106383
			13.0425531914894	-12.9503546099291
			13.0425531914894	-12.9539007092199
			13.0425531914894	-12.9574468085106
			13.0425531914894	-12.9609929078014
			13.0460992907801	-12.9645390070922
			13.0460992907801	-12.968085106383
			13.0460992907801	-12.9716312056738
			13.0460992907801	-12.9751773049645
			13.0496453900709	-12.9787234042553
			13.0496453900709	-12.9822695035461
			13.0496453900709	-12.9858156028369
			13.0496453900709	-12.9893617021277
			13.0496453900709	-12.9929078014184
			13.0531914893617	-12.9964539007092
			13.0531914893617	-13
			13.0531914893617	-13.0035460992908
			13.0531914893617	-13.0070921985816
			13.0531914893617	-13.0106382978723
			13.0567375886525	-13.0141843971631
			13.0567375886525	-13.0177304964539
			13.0567375886525	-13.0212765957447
			13.0567375886525	-13.0248226950355
			13.0602836879433	-13.0248226950355
			13.0602836879433	-13.0283687943262
			13.0602836879433	-13.031914893617
			13.0602836879433	-13.0354609929078
			13.0602836879433	-13.0390070921986
			13.063829787234	-13.0425531914894
			13.063829787234	-13.0460992907801
			13.063829787234	-13.0496453900709
			13.063829787234	-13.0531914893617
			13.063829787234	-13.0567375886525
			13.0673758865248	-13.0602836879433
			13.0673758865248	-13.063829787234
			13.0673758865248	-13.0673758865248
			13.0673758865248	-13.0709219858156
			13.0673758865248	-13.0744680851064
			13.0709219858156	-13.0780141843972
			13.0709219858156	-13.0815602836879
			13.0709219858156	-13.0851063829787
			13.0709219858156	-13.0886524822695
			13.0744680851064	-13.0921985815603
			13.0744680851064	-13.0957446808511
			13.0744680851064	-13.0992907801418
			13.0744680851064	-13.1028368794326
			13.0780141843972	-13.1063829787234
			13.0780141843972	-13.1099290780142
			13.0780141843972	-13.113475177305
			13.0780141843972	-13.1170212765957
			13.0780141843972	-13.1205673758865
			13.0815602836879	-13.1241134751773
			13.0815602836879	-13.1276595744681
			13.0815602836879	-13.1312056737589
			13.0815602836879	-13.1347517730496
			13.0815602836879	-13.1382978723404
			13.0851063829787	-13.1382978723404
			13.0851063829787	-13.1418439716312
			13.0851063829787	-13.145390070922
			13.0851063829787	-13.1489361702128
			13.0851063829787	-13.1524822695035
			13.0886524822695	-13.1560283687943
			13.0886524822695	-13.1595744680851
			13.0886524822695	-13.1631205673759
			13.0886524822695	-13.1666666666667
			13.0886524822695	-13.1702127659574
			13.0921985815603	-13.1737588652482
			13.0921985815603	-13.177304964539
			13.0921985815603	-13.1808510638298
			13.0921985815603	-13.1843971631206
			13.0921985815603	-13.1879432624113
			13.0957446808511	-13.1914893617021
			13.0957446808511	-13.1950354609929
			13.0957446808511	-13.1985815602837
			13.0957446808511	-13.2021276595745
			13.0992907801418	-13.2056737588652
			13.0992907801418	-13.209219858156
			13.0992907801418	-13.2127659574468
			13.0992907801418	-13.2163120567376
			13.0992907801418	-13.2198581560284
			13.1028368794326	-13.2198581560284
			13.1028368794326	-13.2234042553191
			13.1028368794326	-13.2269503546099
			13.1028368794326	-13.2304964539007
			13.1028368794326	-13.2340425531915
			13.1063829787234	-13.2375886524823
			13.1063829787234	-13.241134751773
			13.1063829787234	-13.2446808510638
			13.1063829787234	-13.2482269503546
			13.1063829787234	-13.2517730496454
			13.1099290780142	-13.2553191489362
			13.1099290780142	-13.258865248227
			13.1099290780142	-13.2624113475177
			13.1099290780142	-13.2659574468085
			13.1099290780142	-13.2695035460993
			13.113475177305	-13.2730496453901
			13.113475177305	-13.2765957446809
			13.113475177305	-13.2801418439716
			13.113475177305	-13.2836879432624
			13.1170212765957	-13.2872340425532
			13.1170212765957	-13.290780141844
			13.1170212765957	-13.2943262411348
			13.1170212765957	-13.2978723404255
			13.1170212765957	-13.3014184397163
			13.1205673758865	-13.3049645390071
			13.1205673758865	-13.3085106382979
			13.1205673758865	-13.3120567375887
			13.1205673758865	-13.3156028368794
			13.1241134751773	-13.3191489361702
			13.1241134751773	-13.322695035461
			13.1241134751773	-13.3262411347518
			13.1241134751773	-13.3297872340426
			13.1241134751773	-13.3333333333333
			13.1276595744681	-13.3368794326241
			13.1276595744681	-13.3404255319149
			13.1276595744681	-13.3439716312057
			13.1276595744681	-13.3475177304965
			13.1276595744681	-13.3510638297872
			13.1312056737589	-13.354609929078
			13.1312056737589	-13.3581560283688
			13.1312056737589	-13.3617021276596
			13.1312056737589	-13.3652482269504
			13.1312056737589	-13.3687943262411
			13.1347517730496	-13.3723404255319
			13.1347517730496	-13.3758865248227
			13.1347517730496	-13.3794326241135
			13.1347517730496	-13.3829787234043
			13.1382978723404	-13.386524822695
			13.1382978723404	-13.3900709219858
			13.1382978723404	-13.3936170212766
			13.1382978723404	-13.3971631205674
			13.1382978723404	-13.4007092198582
			13.1418439716312	-13.4042553191489
			13.1418439716312	-13.4078014184397
			13.1418439716312	-13.4113475177305
			13.1418439716312	-13.4148936170213
			13.145390070922	-13.4184397163121
			13.145390070922	-13.4219858156028
			13.145390070922	-13.4255319148936
			13.145390070922	-13.4290780141844
			13.145390070922	-13.4326241134752
			13.1489361702128	-13.436170212766
			13.1489361702128	-13.4397163120567
			13.1489361702128	-13.4432624113475
			13.1489361702128	-13.4468085106383
			13.1489361702128	-13.4503546099291
			13.1524822695035	-13.4539007092199
			13.1524822695035	-13.4574468085106
			13.1524822695035	-13.4609929078014
			13.1524822695035	-13.4645390070922
			13.1524822695035	-13.468085106383
			13.1560283687943	-13.4716312056738
			13.1560283687943	-13.4751773049645
			13.1560283687943	-13.4787234042553
			13.1560283687943	-13.4822695035461
			13.1595744680851	-13.4858156028369
			13.1595744680851	-13.4893617021277
			13.1595744680851	-13.4929078014184
			13.1595744680851	-13.4964539007092
			13.1595744680851	-13.5
			13.1595744680851	-13.5035460992908
			13.1631205673759	-13.5035460992908
			13.1631205673759	-13.5070921985816
			13.1631205673759	-13.5106382978723
			13.1631205673759	-13.5141843971631
			13.1631205673759	-13.5177304964539
			13.1631205673759	-13.5212765957447
			13.1666666666667	-13.5212765957447
			13.1666666666667	-13.5248226950355
			13.1666666666667	-13.5283687943262
			13.1666666666667	-13.531914893617
			13.1666666666667	-13.5354609929078
			13.1702127659574	-13.5354609929078
			13.1702127659574	-13.5390070921986
			13.1702127659574	-13.5425531914894
			13.1702127659574	-13.5460992907801
			13.1702127659574	-13.5496453900709
			13.1737588652482	-13.5531914893617
			13.1737588652482	-13.5567375886525
			13.1737588652482	-13.5602836879433
			13.1737588652482	-13.563829787234
			13.1737588652482	-13.5673758865248
			13.177304964539	-13.5709219858156
			13.177304964539	-13.5744680851064
			13.177304964539	-13.5780141843972
			13.177304964539	-13.5815602836879
			13.177304964539	-13.5851063829787
			13.1808510638298	-13.5886524822695
			13.1808510638298	-13.5921985815603
			13.1808510638298	-13.5957446808511
			13.1808510638298	-13.5992907801418
			13.1808510638298	-13.6028368794326
			13.1843971631206	-13.6063829787234
			13.1843971631206	-13.6099290780142
			13.1843971631206	-13.613475177305
			13.1843971631206	-13.6170212765957
			13.1843971631206	-13.6205673758865
			13.1879432624113	-13.6241134751773
			13.1879432624113	-13.6276595744681
			13.1879432624113	-13.6312056737589
			13.1879432624113	-13.6347517730496
			13.1879432624113	-13.6382978723404
			13.1914893617021	-13.6418439716312
			13.1914893617021	-13.645390070922
			13.1914893617021	-13.6489361702128
			13.1914893617021	-13.6524822695035
			13.1914893617021	-13.6560283687943
			13.1950354609929	-13.6595744680851
			13.1950354609929	-13.6631205673759
			13.1950354609929	-13.6666666666667
			13.1950354609929	-13.6702127659574
			13.1950354609929	-13.6737588652482
			13.1985815602837	-13.677304964539
			13.1985815602837	-13.6808510638298
			13.1985815602837	-13.6843971631206
			13.1985815602837	-13.6879432624113
			13.1985815602837	-13.6914893617021
			13.2021276595745	-13.6950354609929
			13.2021276595745	-13.6985815602837
			13.2021276595745	-13.7021276595745
			13.2021276595745	-13.7056737588652
			13.2021276595745	-13.709219858156
			13.2056737588652	-13.7127659574468
			13.2056737588652	-13.7163120567376
			13.2056737588652	-13.7198581560284
			13.2056737588652	-13.7234042553191
			13.209219858156	-13.7269503546099
			13.209219858156	-13.7304964539007
			13.209219858156	-13.7340425531915
			13.209219858156	-13.7375886524823
			13.209219858156	-13.741134751773
			13.2127659574468	-13.7446808510638
			13.2127659574468	-13.7482269503546
			13.2127659574468	-13.7517730496454
			13.2127659574468	-13.7553191489362
			13.2127659574468	-13.758865248227
			13.2163120567376	-13.7624113475177
			13.2163120567376	-13.7659574468085
			13.2163120567376	-13.7695035460993
			13.2163120567376	-13.7730496453901
			13.2163120567376	-13.7765957446809
			13.2198581560284	-13.7801418439716
			13.2198581560284	-13.7836879432624
			13.2198581560284	-13.7872340425532
			13.2198581560284	-13.790780141844
			13.2198581560284	-13.7943262411348
			13.2234042553191	-13.7978723404255
			13.2234042553191	-13.8014184397163
			13.2234042553191	-13.8049645390071
			13.2234042553191	-13.8085106382979
			13.2234042553191	-13.8120567375887
			13.2234042553191	-13.8156028368794
			13.2269503546099	-13.8156028368794
			13.2269503546099	-13.8191489361702
			13.2269503546099	-13.822695035461
			13.2269503546099	-13.8262411347518
			13.2269503546099	-13.8297872340426
			13.2304964539007	-13.8333333333333
			13.2304964539007	-13.8368794326241
			13.2304964539007	-13.8404255319149
			13.2304964539007	-13.8439716312057
			13.2304964539007	-13.8475177304965
			13.2340425531915	-13.8510638297872
			13.2340425531915	-13.854609929078
			13.2340425531915	-13.8581560283688
			13.2340425531915	-13.8617021276596
			13.2340425531915	-13.8652482269504
			13.2340425531915	-13.8687943262411
			13.2375886524823	-13.8723404255319
			13.2375886524823	-13.8758865248227
			13.2375886524823	-13.8794326241135
			13.2375886524823	-13.8829787234043
			13.241134751773	-13.886524822695
			13.241134751773	-13.8900709219858
			13.241134751773	-13.8936170212766
			13.241134751773	-13.8971631205674
			13.241134751773	-13.9007092198582
			13.241134751773	-13.9042553191489
			13.2446808510638	-13.9042553191489
			13.2446808510638	-13.9078014184397
			13.2446808510638	-13.9113475177305
			13.2446808510638	-13.9148936170213
			13.2446808510638	-13.9184397163121
			13.2482269503546	-13.9219858156028
			13.2482269503546	-13.9255319148936
			13.2482269503546	-13.9290780141844
			13.2482269503546	-13.9326241134752
			13.2482269503546	-13.936170212766
			13.2482269503546	-13.9397163120567
			13.2517730496454	-13.9432624113475
			13.2517730496454	-13.9468085106383
			13.2517730496454	-13.9503546099291
			13.2517730496454	-13.9539007092199
			13.2517730496454	-13.9574468085106
			13.2553191489362	-13.9609929078014
			13.2553191489362	-13.9645390070922
			13.2553191489362	-13.968085106383
			13.2553191489362	-13.9716312056738
			13.2553191489362	-13.9751773049645
			13.258865248227	-13.9787234042553
			13.258865248227	-13.9822695035461
			13.258865248227	-13.9858156028369
			13.258865248227	-13.9893617021277
			13.258865248227	-13.9929078014184
			13.2624113475177	-13.9964539007092
			13.2624113475177	-14
			13.2624113475177	-14.0035460992908
			13.2624113475177	-14.0070921985816
			13.2624113475177	-14.0106382978723
			13.2659574468085	-14.0141843971631
			13.2659574468085	-14.0177304964539
			13.2659574468085	-14.0212765957447
			13.2659574468085	-14.0248226950355
			13.2659574468085	-14.0283687943262
			13.2659574468085	-14.031914893617
			13.2695035460993	-14.0354609929078
			13.2695035460993	-14.0390070921986
			13.2695035460993	-14.0425531914894
			13.2695035460993	-14.0460992907801
			13.2695035460993	-14.0496453900709
			13.2730496453901	-14.0496453900709
			13.2730496453901	-14.0531914893617
			13.2730496453901	-14.0567375886525
			13.2730496453901	-14.0602836879433
			13.2730496453901	-14.0567375886525
			13.2730496453901	-14.0531914893617
			13.2730496453901	-14.0496453900709
			13.2730496453901	-14.0460992907801
			13.2730496453901	-14.0425531914894
			13.2730496453901	-14.0390070921986
			13.2730496453901	-14.0354609929078
			13.2730496453901	-14.031914893617
			13.2730496453901	-14.0283687943262
			13.2730496453901	-14.0248226950355
			13.2730496453901	-14.0212765957447
			13.2730496453901	-14.0177304964539
			13.2730496453901	-14.0141843971631
			13.2730496453901	-14.0106382978723
			13.2730496453901	-14.0070921985816
			13.2730496453901	-14.0035460992908
			13.2730496453901	-14
			13.2730496453901	-13.9964539007092
			13.2730496453901	-13.9929078014184
			13.2730496453901	-13.9893617021277
			13.2730496453901	-13.9858156028369
			13.2730496453901	-13.9822695035461
			13.2730496453901	-13.9787234042553
			13.2730496453901	-13.9751773049645
			13.2730496453901	-13.9716312056738
			13.2730496453901	-13.968085106383
			13.2730496453901	-13.9645390070922
			13.2730496453901	-13.9609929078014
			13.2730496453901	-13.9574468085106
			13.2730496453901	-13.9539007092199
			13.2730496453901	-13.9503546099291
			13.2730496453901	-13.9468085106383
			13.2730496453901	-13.9432624113475
			13.2730496453901	-13.9397163120567
			13.2730496453901	-13.936170212766
			13.2730496453901	-13.9326241134752
			13.2730496453901	-13.9290780141844
			13.2730496453901	-13.9255319148936
			13.2730496453901	-13.9219858156028
			13.2730496453901	-13.9184397163121
			13.2730496453901	-13.9148936170213
			13.2730496453901	-13.9113475177305
			13.2730496453901	-13.9078014184397
			13.2730496453901	-13.9042553191489
			13.2730496453901	-13.9007092198582
			13.2730496453901	-13.8971631205674
			13.2730496453901	-13.8936170212766
			13.2730496453901	-13.8900709219858
			13.2730496453901	-13.886524822695
			13.2730496453901	-13.8829787234043
			13.2730496453901	-13.8794326241135
			13.2730496453901	-13.8758865248227
			13.2730496453901	-13.8723404255319
			13.2730496453901	-13.8687943262411
			13.2730496453901	-13.8652482269504
			13.2730496453901	-13.8617021276596
			13.2730496453901	-13.8581560283688
			13.2730496453901	-13.854609929078
			13.2730496453901	-13.8510638297872
			13.2730496453901	-13.8475177304965
			13.2730496453901	-13.8439716312057
			13.2730496453901	-13.8404255319149
			13.2730496453901	-13.8368794326241
			13.2730496453901	-13.8333333333333
			13.2730496453901	-13.8297872340426
			13.2730496453901	-13.8262411347518
			13.2730496453901	-13.822695035461
			13.2730496453901	-13.8191489361702
			13.2730496453901	-13.8156028368794
			13.2730496453901	-13.8120567375887
			13.2695035460993	-13.8085106382979
			13.2695035460993	-13.8049645390071
			13.2695035460993	-13.8014184397163
			13.2695035460993	-13.7978723404255
			13.2695035460993	-13.7943262411348
			13.2695035460993	-13.790780141844
			13.2695035460993	-13.7872340425532
			13.2695035460993	-13.7836879432624
			13.2695035460993	-13.7801418439716
			13.2695035460993	-13.7765957446809
			13.2695035460993	-13.7730496453901
			13.2695035460993	-13.7695035460993
			13.2695035460993	-13.7659574468085
			13.2695035460993	-13.7624113475177
			13.2695035460993	-13.758865248227
			13.2695035460993	-13.7553191489362
			13.2695035460993	-13.7517730496454
			13.2695035460993	-13.7482269503546
			13.2695035460993	-13.7446808510638
			13.2695035460993	-13.741134751773
			13.2695035460993	-13.7375886524823
			13.2695035460993	-13.7340425531915
			13.2695035460993	-13.7304964539007
			13.2659574468085	-13.7269503546099
			13.2659574468085	-13.7234042553191
			13.2659574468085	-13.7198581560284
			13.2659574468085	-13.7163120567376
			13.2659574468085	-13.7127659574468
			13.2659574468085	-13.709219858156
			13.2659574468085	-13.7056737588652
			13.2659574468085	-13.7021276595745
			13.2659574468085	-13.6985815602837
			13.2659574468085	-13.6950354609929
			13.2659574468085	-13.6914893617021
			13.2659574468085	-13.6879432624113
			13.2659574468085	-13.6843971631206
			13.2659574468085	-13.6808510638298
			13.2659574468085	-13.677304964539
			13.2659574468085	-13.6737588652482
			13.2659574468085	-13.6702127659574
			13.2659574468085	-13.6666666666667
			13.2624113475177	-13.6631205673759
			13.2624113475177	-13.6595744680851
			13.2624113475177	-13.6560283687943
			13.2624113475177	-13.6524822695035
			13.2624113475177	-13.6489361702128
			13.2624113475177	-13.645390070922
			13.2624113475177	-13.6418439716312
			13.2624113475177	-13.6382978723404
			13.2624113475177	-13.6347517730496
			13.2624113475177	-13.6312056737589
			13.2624113475177	-13.6276595744681
			13.2624113475177	-13.6241134751773
			13.2624113475177	-13.6205673758865
			13.2624113475177	-13.6170212765957
			13.2624113475177	-13.613475177305
			13.258865248227	-13.6099290780142
			13.258865248227	-13.6063829787234
			13.258865248227	-13.6028368794326
			13.258865248227	-13.5992907801418
			13.258865248227	-13.5957446808511
			13.258865248227	-13.5921985815603
			13.258865248227	-13.5886524822695
			13.258865248227	-13.5851063829787
			13.258865248227	-13.5815602836879
			13.258865248227	-13.5780141843972
			13.258865248227	-13.5744680851064
			13.258865248227	-13.5709219858156
			13.258865248227	-13.5673758865248
			13.258865248227	-13.563829787234
			13.2553191489362	-13.5602836879433
			13.2553191489362	-13.5567375886525
			13.2553191489362	-13.5531914893617
			13.2553191489362	-13.5496453900709
			13.2553191489362	-13.5460992907801
			13.2553191489362	-13.5425531914894
			13.2553191489362	-13.5390070921986
			13.2553191489362	-13.5354609929078
			13.2553191489362	-13.531914893617
			13.2553191489362	-13.5283687943262
			13.2553191489362	-13.5248226950355
			13.2553191489362	-13.5212765957447
			13.2553191489362	-13.5177304964539
			13.2517730496454	-13.5141843971631
			13.2517730496454	-13.5106382978723
			13.2517730496454	-13.5070921985816
			13.2517730496454	-13.5035460992908
			13.2517730496454	-13.5
			13.2517730496454	-13.4964539007092
			13.2517730496454	-13.4929078014184
			13.2517730496454	-13.4893617021277
			13.2517730496454	-13.4858156028369
			13.2517730496454	-13.4822695035461
			13.2517730496454	-13.4787234042553
			13.2517730496454	-13.4751773049645
			13.2482269503546	-13.4716312056738
			13.2482269503546	-13.468085106383
			13.2482269503546	-13.4645390070922
			13.2482269503546	-13.4609929078014
			13.2482269503546	-13.4574468085106
			13.2482269503546	-13.4539007092199
			13.2482269503546	-13.4503546099291
			13.2482269503546	-13.4468085106383
			13.2482269503546	-13.4432624113475
			13.2482269503546	-13.4397163120567
			13.2482269503546	-13.436170212766
			13.2446808510638	-13.4326241134752
			13.2446808510638	-13.4290780141844
			13.2446808510638	-13.4255319148936
			13.2446808510638	-13.4219858156028
			13.2446808510638	-13.4184397163121
			13.2446808510638	-13.4148936170213
			13.2446808510638	-13.4113475177305
			13.2446808510638	-13.4078014184397
			13.2446808510638	-13.4042553191489
			13.2446808510638	-13.4007092198582
			13.241134751773	-13.3971631205674
			13.241134751773	-13.3936170212766
			13.241134751773	-13.3900709219858
			13.241134751773	-13.386524822695
			13.241134751773	-13.3829787234043
			13.241134751773	-13.3794326241135
			13.241134751773	-13.3758865248227
			13.241134751773	-13.3723404255319
			13.241134751773	-13.3687943262411
			13.241134751773	-13.3652482269504
			13.2375886524823	-13.3617021276596
			13.2375886524823	-13.3581560283688
			13.2375886524823	-13.354609929078
			13.2375886524823	-13.3510638297872
			13.2375886524823	-13.3475177304965
			13.2375886524823	-13.3439716312057
			13.2375886524823	-13.3404255319149
			13.2375886524823	-13.3368794326241
			13.2375886524823	-13.3333333333333
			13.2375886524823	-13.3297872340426
			13.2340425531915	-13.3297872340426
			13.2340425531915	-13.3262411347518
			13.2340425531915	-13.322695035461
			13.2340425531915	-13.3191489361702
			13.2340425531915	-13.3156028368794
			13.2340425531915	-13.3120567375887
			13.2340425531915	-13.3085106382979
			13.2340425531915	-13.3049645390071
			13.2340425531915	-13.3014184397163
			13.2304964539007	-13.2978723404255
			13.2304964539007	-13.2943262411348
			13.2304964539007	-13.290780141844
			13.2304964539007	-13.2872340425532
			13.2304964539007	-13.2836879432624
			13.2304964539007	-13.2801418439716
			13.2304964539007	-13.2765957446809
			13.2304964539007	-13.2730496453901
			13.2304964539007	-13.2695035460993
			13.2304964539007	-13.2659574468085
			13.2269503546099	-13.2659574468085
			13.2269503546099	-13.2624113475177
			13.2269503546099	-13.258865248227
			13.2269503546099	-13.2553191489362
			13.2269503546099	-13.2517730496454
			13.2269503546099	-13.2482269503546
			13.2269503546099	-13.2446808510638
			13.2269503546099	-13.241134751773
			13.2269503546099	-13.2375886524823
			13.2234042553191	-13.2340425531915
			13.2234042553191	-13.2304964539007
			13.2234042553191	-13.2269503546099
			13.2234042553191	-13.2234042553191
			13.2234042553191	-13.2198581560284
			13.2234042553191	-13.2163120567376
			13.2234042553191	-13.2127659574468
			13.2234042553191	-13.209219858156
			13.2198581560284	-13.2056737588652
			13.2198581560284	-13.2021276595745
			13.2198581560284	-13.1985815602837
			13.2198581560284	-13.1950354609929
			13.2198581560284	-13.1914893617021
			13.2198581560284	-13.1879432624113
			13.2198581560284	-13.1843971631206
			13.2198581560284	-13.1808510638298
			13.2163120567376	-13.177304964539
			13.2163120567376	-13.1737588652482
			13.2163120567376	-13.1702127659574
			13.2163120567376	-13.1666666666667
			13.2163120567376	-13.1631205673759
			13.2163120567376	-13.1595744680851
			13.2163120567376	-13.1560283687943
			13.2163120567376	-13.1524822695035
			13.2163120567376	-13.1489361702128
			13.2127659574468	-13.145390070922
			13.2127659574468	-13.1418439716312
			13.2127659574468	-13.1382978723404
			13.2127659574468	-13.1347517730496
			13.2127659574468	-13.1312056737589
			13.2127659574468	-13.1276595744681
			13.2127659574468	-13.1241134751773
			13.209219858156	-13.1205673758865
			13.209219858156	-13.1170212765957
			13.209219858156	-13.113475177305
			13.209219858156	-13.1099290780142
			13.209219858156	-13.1063829787234
			13.209219858156	-13.1028368794326
			13.209219858156	-13.0992907801418
			13.209219858156	-13.0957446808511
			13.2056737588652	-13.0921985815603
			13.2056737588652	-13.0886524822695
			13.2056737588652	-13.0851063829787
			13.2056737588652	-13.0815602836879
			13.2056737588652	-13.0780141843972
			13.2056737588652	-13.0744680851064
			13.2056737588652	-13.0709219858156
			13.2056737588652	-13.0673758865248
			13.2021276595745	-13.063829787234
			13.2021276595745	-13.0602836879433
			13.2021276595745	-13.0567375886525
			13.2021276595745	-13.0531914893617
			13.2021276595745	-13.0496453900709
			13.2021276595745	-13.0460992907801
			13.2021276595745	-13.0425531914894
			13.1985815602837	-13.0390070921986
			13.1985815602837	-13.0354609929078
			13.1985815602837	-13.031914893617
			13.1985815602837	-13.0283687943262
			13.1985815602837	-13.0248226950355
			13.1985815602837	-13.0212765957447
			13.1985815602837	-13.0177304964539
			13.1950354609929	-13.0141843971631
			13.1950354609929	-13.0106382978723
			13.1950354609929	-13.0070921985816
			13.1950354609929	-13.0035460992908
			13.1950354609929	-13
			13.1950354609929	-12.9964539007092
			13.1950354609929	-12.9929078014184
			13.1914893617021	-12.9893617021277
			13.1914893617021	-12.9858156028369
			13.1914893617021	-12.9822695035461
			13.1914893617021	-12.9787234042553
			13.1914893617021	-12.9751773049645
			13.1914893617021	-12.9716312056738
			13.1914893617021	-12.968085106383
			13.1914893617021	-12.9645390070922
			13.1879432624113	-12.9609929078014
			13.1879432624113	-12.9574468085106
			13.1879432624113	-12.9539007092199
			13.1879432624113	-12.9503546099291
			13.1879432624113	-12.9468085106383
			13.1879432624113	-12.9432624113475
			13.1843971631206	-12.9397163120567
			13.1843971631206	-12.936170212766
			13.1843971631206	-12.9326241134752
			13.1843971631206	-12.9290780141844
			13.1843971631206	-12.9255319148936
			13.1843971631206	-12.9219858156028
			13.1843971631206	-12.9184397163121
			13.1808510638298	-12.9148936170213
			13.1808510638298	-12.9113475177305
			13.1808510638298	-12.9078014184397
			13.1808510638298	-12.9042553191489
			13.1808510638298	-12.9007092198582
			13.1808510638298	-12.8971631205674
			13.1808510638298	-12.8936170212766
			13.177304964539	-12.8900709219858
			13.177304964539	-12.886524822695
			13.177304964539	-12.8829787234043
			13.177304964539	-12.8794326241135
			13.177304964539	-12.8758865248227
			13.177304964539	-12.8723404255319
			13.177304964539	-12.8687943262411
			13.1737588652482	-12.8652482269504
			13.1737588652482	-12.8617021276596
			13.1737588652482	-12.8581560283688
			13.1737588652482	-12.854609929078
			13.1737588652482	-12.8510638297872
			13.1737588652482	-12.8475177304965
			13.1702127659574	-12.8439716312057
			13.1702127659574	-12.8404255319149
			13.1702127659574	-12.8368794326241
			13.1702127659574	-12.8333333333333
			13.1702127659574	-12.8297872340426
			13.1702127659574	-12.8262411347518
			13.1666666666667	-12.822695035461
			13.1666666666667	-12.8191489361702
			13.1666666666667	-12.8156028368794
			13.1666666666667	-12.8120567375887
			13.1666666666667	-12.8085106382979
			13.1666666666667	-12.8049645390071
			13.1666666666667	-12.8014184397163
			13.1631205673759	-12.7978723404255
			13.1631205673759	-12.7943262411348
			13.1631205673759	-12.790780141844
			13.1631205673759	-12.7872340425532
			13.1631205673759	-12.7836879432624
			13.1631205673759	-12.7801418439716
			13.1595744680851	-12.7765957446809
			13.1595744680851	-12.7730496453901
			13.1595744680851	-12.7695035460993
			13.1595744680851	-12.7659574468085
			13.1595744680851	-12.7624113475177
			13.1595744680851	-12.758865248227
			13.1560283687943	-12.7553191489362
			13.1560283687943	-12.7517730496454
			13.1560283687943	-12.7482269503546
			13.1560283687943	-12.7446808510638
			13.1560283687943	-12.741134751773
			13.1560283687943	-12.7375886524823
			13.1560283687943	-12.7340425531915
			13.1524822695035	-12.7304964539007
			13.1524822695035	-12.7269503546099
			13.1524822695035	-12.7234042553191
			13.1524822695035	-12.7198581560284
			13.1524822695035	-12.7163120567376
			13.1524822695035	-12.7127659574468
			13.1489361702128	-12.709219858156
			13.1489361702128	-12.7056737588652
			13.1489361702128	-12.7021276595745
			13.1489361702128	-12.6985815602837
			13.1489361702128	-12.6950354609929
			13.1489361702128	-12.6914893617021
			13.145390070922	-12.6879432624113
			13.145390070922	-12.6843971631206
			13.145390070922	-12.6808510638298
			13.145390070922	-12.677304964539
			13.145390070922	-12.6737588652482
			13.145390070922	-12.6702127659574
			13.1418439716312	-12.6666666666667
			13.1418439716312	-12.6631205673759
			13.1418439716312	-12.6595744680851
			13.1418439716312	-12.6560283687943
			13.1418439716312	-12.6524822695035
			13.1418439716312	-12.6489361702128
			13.1418439716312	-12.645390070922
			13.1382978723404	-12.6418439716312
			13.1382978723404	-12.6382978723404
			13.1382978723404	-12.6347517730496
			13.1382978723404	-12.6312056737589
			13.1382978723404	-12.6276595744681
			13.1347517730496	-12.6241134751773
			13.1347517730496	-12.6205673758865
			13.1347517730496	-12.6170212765957
			13.1347517730496	-12.613475177305
			13.1347517730496	-12.6099290780142
			13.1347517730496	-12.6063829787234
			13.1312056737589	-12.6028368794326
			13.1312056737589	-12.5992907801418
			13.1312056737589	-12.5957446808511
			13.1312056737589	-12.5921985815603
			13.1312056737589	-12.5886524822695
			13.1312056737589	-12.5851063829787
			13.1276595744681	-12.5815602836879
			13.1276595744681	-12.5780141843972
			13.1276595744681	-12.5744680851064
			13.1276595744681	-12.5709219858156
			13.1276595744681	-12.5673758865248
			13.1276595744681	-12.563829787234
			13.1241134751773	-12.5602836879433
			13.1241134751773	-12.5567375886525
			13.1241134751773	-12.5531914893617
			13.1241134751773	-12.5496453900709
			13.1241134751773	-12.5460992907801
			13.1205673758865	-12.5425531914894
			13.1205673758865	-12.5390070921986
			13.1205673758865	-12.5354609929078
			13.1205673758865	-12.531914893617
			13.1205673758865	-12.5283687943262
			13.1205673758865	-12.5248226950355
			13.1170212765957	-12.5212765957447
			13.1170212765957	-12.5177304964539
			13.1170212765957	-12.5141843971631
			13.1170212765957	-12.5106382978723
			13.1170212765957	-12.5070921985816
			13.1170212765957	-12.5035460992908
			13.113475177305	-12.5
			13.113475177305	-12.4964539007092
			13.113475177305	-12.4929078014184
			13.113475177305	-12.4893617021277
			13.113475177305	-12.4858156028369
			13.113475177305	-12.4822695035461
			13.1099290780142	-12.4787234042553
			13.1099290780142	-12.4751773049645
			13.1099290780142	-12.4716312056738
			13.1099290780142	-12.468085106383
			13.1099290780142	-12.4645390070922
			13.1063829787234	-12.4609929078014
			13.1063829787234	-12.4574468085106
			13.1063829787234	-12.4539007092199
			13.1063829787234	-12.4503546099291
			13.1063829787234	-12.4468085106383
			13.1063829787234	-12.4432624113475
			13.1028368794326	-12.4397163120567
			13.1028368794326	-12.436170212766
			13.1028368794326	-12.4326241134752
			13.1028368794326	-12.4290780141844
			13.1028368794326	-12.4255319148936
			13.0992907801418	-12.4219858156028
			13.0992907801418	-12.4184397163121
			13.0992907801418	-12.4148936170213
			13.0992907801418	-12.4113475177305
			13.0992907801418	-12.4078014184397
			13.0992907801418	-12.4042553191489
			13.0957446808511	-12.4007092198582
			13.0957446808511	-12.3971631205674
			13.0957446808511	-12.3936170212766
			13.0957446808511	-12.3900709219858
			13.0957446808511	-12.386524822695
			13.0921985815603	-12.3829787234043
			13.0921985815603	-12.3794326241135
			13.0921985815603	-12.3758865248227
			13.0921985815603	-12.3723404255319
			13.0921985815603	-12.3687943262411
			13.0886524822695	-12.3652482269504
			13.0886524822695	-12.3617021276596
			13.0886524822695	-12.3581560283688
			13.0886524822695	-12.354609929078
			13.0886524822695	-12.3510638297872
			13.0851063829787	-12.3475177304965
			13.0851063829787	-12.3439716312057
			13.0851063829787	-12.3404255319149
			13.0851063829787	-12.3368794326241
			13.0851063829787	-12.3333333333333
			13.0851063829787	-12.3297872340426
			13.0815602836879	-12.3262411347518
			13.0815602836879	-12.322695035461
			13.0815602836879	-12.3191489361702
			13.0815602836879	-12.3156028368794
			13.0815602836879	-12.3120567375887
			13.0815602836879	-12.3085106382979
			13.0780141843972	-12.3049645390071
			13.0780141843972	-12.3014184397163
			13.0780141843972	-12.2978723404255
			13.0780141843972	-12.2943262411348
			13.0780141843972	-12.290780141844
			13.0744680851064	-12.2872340425532
			13.0744680851064	-12.2836879432624
			13.0744680851064	-12.2801418439716
			13.0744680851064	-12.2765957446809
			13.0744680851064	-12.2730496453901
			13.0709219858156	-12.2695035460993
			13.0709219858156	-12.2659574468085
			13.0709219858156	-12.2624113475177
			13.0709219858156	-12.258865248227
			13.0709219858156	-12.2553191489362
			13.0673758865248	-12.2517730496454
			13.0673758865248	-12.2482269503546
			13.0673758865248	-12.2446808510638
			13.0673758865248	-12.241134751773
			13.0673758865248	-12.2375886524823
			13.063829787234	-12.2340425531915
			13.063829787234	-12.2304964539007
			13.063829787234	-12.2269503546099
			13.063829787234	-12.2234042553191
			13.063829787234	-12.2198581560284
			13.063829787234	-12.2163120567376
			13.0602836879433	-12.2127659574468
			13.0602836879433	-12.209219858156
			13.0602836879433	-12.2056737588652
			13.0602836879433	-12.2021276595745
			13.0602836879433	-12.1985815602837
			13.0567375886525	-12.1950354609929
			13.0567375886525	-12.1914893617021
			13.0567375886525	-12.1879432624113
			13.0567375886525	-12.1843971631206
			13.0567375886525	-12.1808510638298
			13.0531914893617	-12.177304964539
			13.0531914893617	-12.1737588652482
			13.0531914893617	-12.1702127659574
			13.0531914893617	-12.1666666666667
			13.0531914893617	-12.1631205673759
			13.0496453900709	-12.1595744680851
			13.0496453900709	-12.1560283687943
			13.0496453900709	-12.1524822695035
			13.0496453900709	-12.1489361702128
			13.0496453900709	-12.145390070922
			13.0460992907801	-12.1418439716312
			13.0460992907801	-12.1382978723404
			13.0460992907801	-12.1347517730496
			13.0460992907801	-12.1312056737589
			13.0460992907801	-12.1276595744681
			13.0425531914894	-12.1241134751773
			13.0425531914894	-12.1205673758865
			13.0425531914894	-12.1170212765957
			13.0425531914894	-12.113475177305
			13.0425531914894	-12.1099290780142
			13.0390070921986	-12.1063829787234
			13.0390070921986	-12.1028368794326
			13.0390070921986	-12.0992907801418
			13.0390070921986	-12.0957446808511
			13.0390070921986	-12.0921985815603
			13.0354609929078	-12.0886524822695
			13.0354609929078	-12.0851063829787
			13.0354609929078	-12.0815602836879
			13.0354609929078	-12.0780141843972
			13.0354609929078	-12.0744680851064
			13.031914893617	-12.0709219858156
			13.031914893617	-12.0673758865248
			13.031914893617	-12.063829787234
			13.031914893617	-12.0602836879433
			13.031914893617	-12.0567375886525
			13.0283687943262	-12.0531914893617
			13.0283687943262	-12.0496453900709
			13.0283687943262	-12.0460992907801
			13.0283687943262	-12.0425531914894
			13.0283687943262	-12.0390070921986
			13.0248226950355	-12.0354609929078
			13.0248226950355	-12.031914893617
			13.0248226950355	-12.0283687943262
			13.0248226950355	-12.0248226950355
			13.0248226950355	-12.0212765957447
			13.0212765957447	-12.0177304964539
			13.0212765957447	-12.0141843971631
			13.0212765957447	-12.0106382978723
			13.0212765957447	-12.0070921985816
			13.0212765957447	-12.0035460992908
			13.0177304964539	-12
			13.0177304964539	-11.9964539007092
			13.0177304964539	-11.9929078014184
			13.0177304964539	-11.9893617021277
			13.0141843971631	-11.9858156028369
			13.0141843971631	-11.9822695035461
			13.0141843971631	-11.9787234042553
			13.0141843971631	-11.9751773049645
			13.0141843971631	-11.9716312056738
			13.0106382978723	-11.968085106383
			13.0106382978723	-11.9645390070922
			13.0106382978723	-11.9609929078014
			13.0106382978723	-11.9574468085106
			13.0106382978723	-11.9539007092199
			13.0070921985816	-11.9503546099291
			13.0070921985816	-11.9468085106383
			13.0070921985816	-11.9432624113475
			13.0070921985816	-11.9397163120567
			13.0070921985816	-11.936170212766
			13.0035460992908	-11.9326241134752
			13.0035460992908	-11.9290780141844
			13.0035460992908	-11.9255319148936
			13.0035460992908	-11.9219858156028
			13.0035460992908	-11.9184397163121
			13	-11.9148936170213
			13	-11.9113475177305
			13	-11.9078014184397
			13	-11.9042553191489
			13	-11.9007092198582
			12.9964539007092	-11.8971631205674
			12.9964539007092	-11.8936170212766
			12.9964539007092	-11.8900709219858
			12.9964539007092	-11.886524822695
			12.9964539007092	-11.8829787234043
			12.9929078014184	-11.8794326241135
			12.9929078014184	-11.8758865248227
			12.9929078014184	-11.8723404255319
			12.9929078014184	-11.8687943262411
			12.9893617021277	-11.8652482269504
			12.9893617021277	-11.8617021276596
			12.9893617021277	-11.8581560283688
			12.9893617021277	-11.854609929078
			12.9893617021277	-11.8510638297872
			12.9858156028369	-11.8475177304965
			12.9858156028369	-11.8439716312057
			12.9858156028369	-11.8404255319149
			12.9858156028369	-11.8368794326241
			12.9858156028369	-11.8333333333333
			12.9822695035461	-11.8297872340426
			12.9822695035461	-11.8262411347518
			12.9822695035461	-11.822695035461
			12.9822695035461	-11.8191489361702
			12.9822695035461	-11.8156028368794
			12.9787234042553	-11.8120567375887
			12.9787234042553	-11.8085106382979
			12.9787234042553	-11.8049645390071
			12.9787234042553	-11.8014184397163
			12.9787234042553	-11.7978723404255
			12.9751773049645	-11.7978723404255
			12.9751773049645	-11.7943262411348
			12.9751773049645	-11.790780141844
			12.9751773049645	-11.7872340425532
			12.9751773049645	-11.7836879432624
			12.9716312056738	-11.7801418439716
			12.9716312056738	-11.7765957446809
			12.9716312056738	-11.7730496453901
			12.9716312056738	-11.7695035460993
			12.9716312056738	-11.7659574468085
			12.968085106383	-11.7624113475177
			12.968085106383	-11.758865248227
			12.968085106383	-11.7553191489362
			12.968085106383	-11.7517730496454
			12.9645390070922	-11.7482269503546
			12.9645390070922	-11.7446808510638
			12.9645390070922	-11.741134751773
			12.9645390070922	-11.7375886524823
			12.9645390070922	-11.7340425531915
			12.9609929078014	-11.7304964539007
			12.9609929078014	-11.7269503546099
			12.9609929078014	-11.7234042553191
			12.9609929078014	-11.7198581560284
			12.9609929078014	-11.7163120567376
			12.9574468085106	-11.7127659574468
			12.9574468085106	-11.709219858156
			12.9574468085106	-11.7056737588652
			12.9574468085106	-11.7021276595745
			12.9539007092199	-11.6985815602837
			12.9539007092199	-11.6950354609929
			12.9539007092199	-11.6914893617021
			12.9539007092199	-11.6879432624113
			12.9539007092199	-11.6843971631206
			12.9503546099291	-11.6808510638298
			12.9503546099291	-11.677304964539
			12.9503546099291	-11.6737588652482
			12.9503546099291	-11.6702127659574
			12.9503546099291	-11.6666666666667
			12.9468085106383	-11.6631205673759
			12.9468085106383	-11.6595744680851
			12.9468085106383	-11.6560283687943
			12.9468085106383	-11.6524822695035
			12.9432624113475	-11.6489361702128
			12.9432624113475	-11.645390070922
			12.9432624113475	-11.6418439716312
			12.9432624113475	-11.6382978723404
			12.9432624113475	-11.6347517730496
			12.9397163120567	-11.6312056737589
			12.9397163120567	-11.6276595744681
			12.9397163120567	-11.6241134751773
			12.9397163120567	-11.6205673758865
			12.936170212766	-11.6170212765957
			12.936170212766	-11.613475177305
			12.936170212766	-11.6099290780142
			12.936170212766	-11.6063829787234
			12.936170212766	-11.6028368794326
			12.9326241134752	-11.5992907801418
			12.9326241134752	-11.5957446808511
			12.9326241134752	-11.5921985815603
			12.9326241134752	-11.5886524822695
			12.9290780141844	-11.5851063829787
			12.9290780141844	-11.5815602836879
			12.9290780141844	-11.5780141843972
			12.9290780141844	-11.5744680851064
			12.9290780141844	-11.5709219858156
			12.9255319148936	-11.5673758865248
			12.9255319148936	-11.563829787234
			12.9255319148936	-11.5602836879433
			12.9255319148936	-11.5567375886525
			12.9219858156028	-11.5531914893617
			12.9219858156028	-11.5496453900709
			12.9219858156028	-11.5460992907801
			12.9219858156028	-11.5425531914894
			12.9219858156028	-11.5390070921986
			12.9184397163121	-11.5354609929078
			12.9184397163121	-11.531914893617
			12.9184397163121	-11.5283687943262
			12.9184397163121	-11.5248226950355
			12.9148936170213	-11.5212765957447
			12.9148936170213	-11.5177304964539
			12.9148936170213	-11.5141843971631
			12.9148936170213	-11.5106382978723
			12.9113475177305	-11.5070921985816
			12.9113475177305	-11.5035460992908
			12.9113475177305	-11.5
			12.9113475177305	-11.4964539007092
			12.9113475177305	-11.4929078014184
			12.9078014184397	-11.4893617021277
			12.9078014184397	-11.4858156028369
			12.9078014184397	-11.4822695035461
			12.9078014184397	-11.4787234042553
			12.9042553191489	-11.4751773049645
			12.9042553191489	-11.4716312056738
			12.9042553191489	-11.468085106383
			12.9042553191489	-11.4645390070922
			12.9007092198582	-11.4609929078014
			12.9007092198582	-11.4574468085106
			12.9007092198582	-11.4539007092199
			12.9007092198582	-11.4503546099291
			12.9007092198582	-11.4468085106383
			12.8971631205674	-11.4432624113475
			12.8971631205674	-11.4397163120567
			12.8971631205674	-11.436170212766
			12.8971631205674	-11.4326241134752
			12.8936170212766	-11.4290780141844
			12.8936170212766	-11.4255319148936
			12.8936170212766	-11.4219858156028
			12.8936170212766	-11.4184397163121
			12.8900709219858	-11.4148936170213
			12.8900709219858	-11.4113475177305
			12.8900709219858	-11.4078014184397
			12.8900709219858	-11.4042553191489
			12.8900709219858	-11.4007092198582
			12.886524822695	-11.3971631205674
			12.886524822695	-11.3936170212766
			12.886524822695	-11.3900709219858
			12.886524822695	-11.386524822695
			12.886524822695	-11.3829787234043
			12.8829787234043	-11.3794326241135
			12.8829787234043	-11.3758865248227
			12.8829787234043	-11.3723404255319
			12.8794326241135	-11.3687943262411
			12.8794326241135	-11.3652482269504
			12.8794326241135	-11.3617021276596
			12.8794326241135	-11.3581560283688
			12.8794326241135	-11.354609929078
			12.8758865248227	-11.3510638297872
			12.8758865248227	-11.3475177304965
			12.8758865248227	-11.3439716312057
			12.8758865248227	-11.3404255319149
			12.8723404255319	-11.3368794326241
			12.8723404255319	-11.3333333333333
			12.8723404255319	-11.3297872340426
			12.8723404255319	-11.3262411347518
			12.8723404255319	-11.322695035461
			12.8687943262411	-11.3191489361702
			12.8687943262411	-11.3156028368794
			12.8687943262411	-11.3120567375887
			12.8687943262411	-11.3085106382979
			12.8652482269504	-11.3049645390071
			12.8652482269504	-11.3014184397163
			12.8652482269504	-11.2978723404255
			12.8652482269504	-11.2943262411348
			12.8652482269504	-11.290780141844
			12.8617021276596	-11.290780141844
			12.8617021276596	-11.2872340425532
			12.8617021276596	-11.2836879432624
			12.8617021276596	-11.2801418439716
			12.8617021276596	-11.2765957446809
			12.8581560283688	-11.2730496453901
			12.8581560283688	-11.2695035460993
			12.8581560283688	-11.2659574468085
			12.8581560283688	-11.2624113475177
			12.854609929078	-11.258865248227
			12.854609929078	-11.2553191489362
			12.854609929078	-11.2517730496454
			12.854609929078	-11.2482269503546
			12.8510638297872	-11.2446808510638
			12.8510638297872	-11.241134751773
			12.8510638297872	-11.2375886524823
			12.8510638297872	-11.2340425531915
			12.8475177304965	-11.2304964539007
			12.8475177304965	-11.2269503546099
			12.8475177304965	-11.2234042553191
			12.8475177304965	-11.2198581560284
			12.8475177304965	-11.2163120567376
			12.8439716312057	-11.2127659574468
			12.8439716312057	-11.209219858156
			12.8439716312057	-11.2056737588652
			12.8439716312057	-11.2021276595745
			12.8404255319149	-11.1985815602837
			12.8404255319149	-11.1950354609929
			12.8404255319149	-11.1914893617021
			12.8404255319149	-11.1879432624113
			12.8368794326241	-11.1843971631206
			12.8368794326241	-11.1808510638298
			12.8368794326241	-11.177304964539
			12.8368794326241	-11.1737588652482
			12.8368794326241	-11.1702127659574
			12.8333333333333	-11.1666666666667
			12.8333333333333	-11.1631205673759
			12.8333333333333	-11.1595744680851
			12.8333333333333	-11.1560283687943
			12.8297872340426	-11.1524822695035
			12.8297872340426	-11.1489361702128
			12.8297872340426	-11.145390070922
			12.8297872340426	-11.1418439716312
			12.8262411347518	-11.1382978723404
			12.8262411347518	-11.1347517730496
			12.8262411347518	-11.1312056737589
			12.8262411347518	-11.1276595744681
			12.822695035461	-11.1241134751773
			12.822695035461	-11.1205673758865
			12.822695035461	-11.1170212765957
			12.822695035461	-11.113475177305
			12.8191489361702	-11.1099290780142
			12.8191489361702	-11.1063829787234
			12.8191489361702	-11.1028368794326
			12.8191489361702	-11.0992907801418
			12.8191489361702	-11.0957446808511
			12.8156028368794	-11.0921985815603
			12.8156028368794	-11.0886524822695
			12.8156028368794	-11.0851063829787
			12.8156028368794	-11.0815602836879
			12.8120567375887	-11.0780141843972
			12.8120567375887	-11.0744680851064
			12.8120567375887	-11.0709219858156
			12.8120567375887	-11.0673758865248
			12.8085106382979	-11.063829787234
			12.8085106382979	-11.0602836879433
			12.8085106382979	-11.0567375886525
			12.8085106382979	-11.0531914893617
			12.8049645390071	-11.0496453900709
			12.8049645390071	-11.0460992907801
			12.8049645390071	-11.0425531914894
			12.8049645390071	-11.0390070921986
			12.8014184397163	-11.0354609929078
			12.8014184397163	-11.031914893617
			12.8014184397163	-11.0283687943262
			12.8014184397163	-11.0248226950355
			12.7978723404255	-11.0212765957447
			12.7978723404255	-11.0177304964539
			12.7978723404255	-11.0141843971631
			12.7978723404255	-11.0106382978723
			12.7943262411348	-11.0070921985816
			12.7943262411348	-11.0035460992908
			12.7943262411348	-11
			12.7943262411348	-10.9964539007092
			12.7943262411348	-10.9929078014184
			12.790780141844	-10.9893617021277
			12.790780141844	-10.9858156028369
			12.790780141844	-10.9822695035461
			12.790780141844	-10.9787234042553
			12.7872340425532	-10.9751773049645
			12.7872340425532	-10.9716312056738
			12.7872340425532	-10.968085106383
			12.7872340425532	-10.9645390070922
			12.7836879432624	-10.9609929078014
			12.7836879432624	-10.9574468085106
			12.7836879432624	-10.9539007092199
			12.7836879432624	-10.9503546099291
			12.7801418439716	-10.9468085106383
			12.7801418439716	-10.9432624113475
			12.7801418439716	-10.9397163120567
			12.7801418439716	-10.936170212766
			12.7765957446809	-10.9326241134752
			12.7765957446809	-10.9290780141844
			12.7765957446809	-10.9255319148936
			12.7765957446809	-10.9219858156028
			12.7730496453901	-10.9184397163121
			12.7730496453901	-10.9148936170213
			12.7730496453901	-10.9113475177305
			12.7730496453901	-10.9078014184397
			12.7695035460993	-10.9042553191489
			12.7695035460993	-10.9007092198582
			12.7695035460993	-10.8971631205674
			12.7695035460993	-10.8936170212766
			12.7659574468085	-10.8900709219858
			12.7659574468085	-10.886524822695
			12.7659574468085	-10.8829787234043
			12.7659574468085	-10.8794326241135
			12.7624113475177	-10.8758865248227
			12.7624113475177	-10.8723404255319
			12.7624113475177	-10.8687943262411
			12.7624113475177	-10.8652482269504
			12.758865248227	-10.8617021276596
			12.758865248227	-10.8581560283688
			12.758865248227	-10.854609929078
			12.758865248227	-10.8510638297872
			12.7553191489362	-10.8475177304965
			12.7553191489362	-10.8439716312057
			12.7553191489362	-10.8404255319149
			12.7553191489362	-10.8368794326241
			12.7553191489362	-10.8333333333333
			12.7517730496454	-10.8333333333333
			12.7517730496454	-10.8297872340426
			12.7517730496454	-10.8262411347518
			12.7517730496454	-10.822695035461
			12.7482269503546	-10.8191489361702
			12.7482269503546	-10.8156028368794
			12.7482269503546	-10.8120567375887
			12.7482269503546	-10.8085106382979
			12.7482269503546	-10.8049645390071
			12.7446808510638	-10.8014184397163
			12.7446808510638	-10.7978723404255
			12.7446808510638	-10.7943262411348
			12.741134751773	-10.790780141844
			12.741134751773	-10.7872340425532
			12.741134751773	-10.7836879432624
			12.741134751773	-10.7801418439716
			12.7375886524823	-10.7765957446809
			12.7375886524823	-10.7730496453901
			12.7375886524823	-10.7695035460993
			12.7375886524823	-10.7659574468085
			12.7340425531915	-10.7624113475177
			12.7340425531915	-10.758865248227
			12.7340425531915	-10.7553191489362
			12.7340425531915	-10.7517730496454
			12.7304964539007	-10.7482269503546
			12.7304964539007	-10.7446808510638
			12.7304964539007	-10.741134751773
			12.7304964539007	-10.7375886524823
			12.7304964539007	-10.7340425531915
			12.7269503546099	-10.7304964539007
			12.7269503546099	-10.7269503546099
			12.7269503546099	-10.7234042553191
			12.7234042553191	-10.7198581560284
			12.7234042553191	-10.7163120567376
			12.7234042553191	-10.7127659574468
			12.7234042553191	-10.709219858156
			12.7198581560284	-10.7056737588652
			12.7198581560284	-10.7021276595745
			12.7198581560284	-10.6985815602837
			12.7198581560284	-10.6950354609929
			12.7198581560284	-10.6914893617021
			12.7163120567376	-10.6879432624113
			12.7163120567376	-10.6843971631206
			12.7163120567376	-10.6808510638298
			12.7127659574468	-10.677304964539
			12.7127659574468	-10.6737588652482
			12.7127659574468	-10.6702127659574
			12.7127659574468	-10.6666666666667
			12.709219858156	-10.6631205673759
			12.709219858156	-10.6595744680851
			12.709219858156	-10.6560283687943
			12.709219858156	-10.6524822695035
			12.7056737588652	-10.6489361702128
			12.7056737588652	-10.645390070922
			12.7056737588652	-10.6418439716312
			12.7056737588652	-10.6382978723404
			12.7021276595745	-10.6347517730496
			12.7021276595745	-10.6312056737589
			12.7021276595745	-10.6276595744681
			12.7021276595745	-10.6241134751773
			12.6985815602837	-10.6205673758865
			12.6985815602837	-10.6170212765957
			12.6985815602837	-10.613475177305
			12.6985815602837	-10.6099290780142
			12.6950354609929	-10.6063829787234
			12.6950354609929	-10.6028368794326
			12.6950354609929	-10.5992907801418
			12.6950354609929	-10.5957446808511
			12.6914893617021	-10.5921985815603
			12.6914893617021	-10.5886524822695
			12.6914893617021	-10.5851063829787
			12.6914893617021	-10.5815602836879
			12.6879432624113	-10.5780141843972
			12.6879432624113	-10.5744680851064
			12.6879432624113	-10.5709219858156
			12.6879432624113	-10.5673758865248
			12.6843971631206	-10.563829787234
			12.6843971631206	-10.5602836879433
			12.6843971631206	-10.5567375886525
			12.6843971631206	-10.5531914893617
			12.6808510638298	-10.5496453900709
			12.6808510638298	-10.5460992907801
			12.6808510638298	-10.5425531914894
			12.6808510638298	-10.5390070921986
			12.677304964539	-10.5354609929078
			12.677304964539	-10.531914893617
			12.677304964539	-10.5283687943262
			12.677304964539	-10.5248226950355
			12.6737588652482	-10.5212765957447
			12.6737588652482	-10.5177304964539
			12.6737588652482	-10.5141843971631
			12.6737588652482	-10.5106382978723
			12.6702127659574	-10.5070921985816
			12.6702127659574	-10.5035460992908
			12.6702127659574	-10.5
			12.6702127659574	-10.4964539007092
			12.6666666666667	-10.4929078014184
			12.6666666666667	-10.4893617021277
			12.6666666666667	-10.4858156028369
			12.6666666666667	-10.4822695035461
			12.6631205673759	-10.4787234042553
			12.6631205673759	-10.4751773049645
			12.6631205673759	-10.4716312056738
			12.6631205673759	-10.468085106383
			12.6595744680851	-10.4645390070922
			12.6595744680851	-10.4609929078014
			12.6595744680851	-10.4574468085106
			12.6595744680851	-10.4539007092199
			12.6560283687943	-10.4503546099291
			12.6560283687943	-10.4468085106383
			12.6560283687943	-10.4432624113475
			12.6524822695035	-10.4397163120567
			12.6524822695035	-10.436170212766
			12.6524822695035	-10.4326241134752
			12.6524822695035	-10.4290780141844
			12.6489361702128	-10.4255319148936
			12.6489361702128	-10.4219858156028
			12.6489361702128	-10.4184397163121
			12.6489361702128	-10.4148936170213
			12.645390070922	-10.4113475177305
			12.645390070922	-10.4078014184397
			12.645390070922	-10.4042553191489
			12.645390070922	-10.4007092198582
			12.6418439716312	-10.3971631205674
			12.6418439716312	-10.3936170212766
			12.6418439716312	-10.3900709219858
			12.6418439716312	-10.386524822695
			12.6382978723404	-10.3829787234043
			12.6382978723404	-10.3794326241135
			12.6382978723404	-10.3758865248227
			12.6382978723404	-10.3723404255319
			12.6347517730496	-10.3687943262411
			12.6347517730496	-10.3652482269504
			12.6347517730496	-10.3617021276596
			12.6312056737589	-10.3581560283688
			12.6312056737589	-10.354609929078
			12.6312056737589	-10.3510638297872
			12.6312056737589	-10.3475177304965
			12.6276595744681	-10.3439716312057
			12.6276595744681	-10.3404255319149
			12.6276595744681	-10.3368794326241
			12.6276595744681	-10.3333333333333
			12.6241134751773	-10.3297872340426
			12.6241134751773	-10.3262411347518
			12.6241134751773	-10.322695035461
			12.6241134751773	-10.3191489361702
			12.6205673758865	-10.3156028368794
			12.6205673758865	-10.3120567375887
			12.6205673758865	-10.3085106382979
			12.6205673758865	-10.3049645390071
			12.6170212765957	-10.3014184397163
			12.6170212765957	-10.2978723404255
			12.6170212765957	-10.2943262411348
			12.613475177305	-10.290780141844
			12.613475177305	-10.2872340425532
			12.613475177305	-10.2836879432624
			12.613475177305	-10.2801418439716
			12.6099290780142	-10.2765957446809
			12.6099290780142	-10.2730496453901
			12.6099290780142	-10.2695035460993
			12.6099290780142	-10.2659574468085
			12.6063829787234	-10.2624113475177
			12.6063829787234	-10.258865248227
			12.6063829787234	-10.2553191489362
			12.6028368794326	-10.2517730496454
			12.6028368794326	-10.2482269503546
			12.6028368794326	-10.2446808510638
			12.6028368794326	-10.241134751773
			12.5992907801418	-10.2375886524823
			12.5992907801418	-10.2340425531915
			12.5992907801418	-10.2304964539007
			12.5992907801418	-10.2269503546099
			12.5992907801418	-10.2234042553191
			12.5957446808511	-10.2234042553191
			12.5957446808511	-10.2198581560284
			12.5957446808511	-10.2163120567376
			12.5957446808511	-10.2127659574468
			12.5921985815603	-10.209219858156
			12.5921985815603	-10.2056737588652
			12.5921985815603	-10.2021276595745
			12.5921985815603	-10.1985815602837
			12.5886524822695	-10.1985815602837
			12.5886524822695	-10.1950354609929
			12.5886524822695	-10.1914893617021
			12.5886524822695	-10.1879432624113
			12.5886524822695	-10.1843971631206
			12.5851063829787	-10.1808510638298
			12.5851063829787	-10.177304964539
			12.5851063829787	-10.1737588652482
			12.5851063829787	-10.1702127659574
			12.5815602836879	-10.1666666666667
			12.5815602836879	-10.1631205673759
			12.5815602836879	-10.1595744680851
			12.5780141843972	-10.1560283687943
			12.5780141843972	-10.1524822695035
			12.5780141843972	-10.1489361702128
			12.5780141843972	-10.145390070922
			12.5744680851064	-10.1418439716312
			12.5744680851064	-10.1382978723404
			12.5744680851064	-10.1347517730496
			12.5744680851064	-10.1312056737589
			12.5709219858156	-10.1312056737589
			12.5709219858156	-10.1276595744681
			12.5709219858156	-10.1241134751773
			12.5709219858156	-10.1205673758865
			12.5709219858156	-10.1170212765957
			12.5673758865248	-10.1170212765957
			12.5673758865248	-10.113475177305
			12.5673758865248	-10.1099290780142
			12.5673758865248	-10.1063829787234
			12.563829787234	-10.1028368794326
			12.563829787234	-10.0992907801418
			12.563829787234	-10.0957446808511
			12.563829787234	-10.0921985815603
			12.5602836879433	-10.0886524822695
			12.5602836879433	-10.0851063829787
			12.5602836879433	-10.0815602836879
			12.5602836879433	-10.0780141843972
			12.5567375886525	-10.0744680851064
			12.5567375886525	-10.0709219858156
			12.5567375886525	-10.0673758865248
			12.5531914893617	-10.063829787234
			12.5531914893617	-10.0602836879433
			12.5531914893617	-10.0567375886525
			12.5531914893617	-10.0531914893617
			12.5496453900709	-10.0496453900709
			12.5496453900709	-10.0460992907801
			12.5496453900709	-10.0425531914894
			12.5496453900709	-10.0390070921986
			12.5460992907801	-10.0354609929078
			12.5460992907801	-10.031914893617
			12.5460992907801	-10.0283687943262
			12.5460992907801	-10.0248226950355
			12.5425531914894	-10.0212765957447
			12.5425531914894	-10.0177304964539
			12.5425531914894	-10.0141843971631
			12.5390070921986	-10.0106382978723
			12.5390070921986	-10.0070921985816
			12.5390070921986	-10.0035460992908
			12.5390070921986	-10
			12.5354609929078	-9.99645390070922
			12.5354609929078	-9.99290780141844
			12.5354609929078	-9.98936170212766
			12.5354609929078	-9.98581560283688
			12.531914893617	-9.9822695035461
			12.531914893617	-9.97872340425532
			12.531914893617	-9.97517730496454
			12.531914893617	-9.97163120567376
			12.5283687943262	-9.96808510638298
			12.5283687943262	-9.9645390070922
			12.5283687943262	-9.96099290780142
			12.5283687943262	-9.95744680851064
			12.5248226950355	-9.95390070921986
			12.5248226950355	-9.95035460992908
			12.5248226950355	-9.9468085106383
			12.5212765957447	-9.94326241134752
			12.5212765957447	-9.93971631205674
			12.5212765957447	-9.93617021276596
			12.5212765957447	-9.93262411347518
			12.5177304964539	-9.9290780141844
			12.5177304964539	-9.92553191489362
			12.5177304964539	-9.92198581560284
			12.5177304964539	-9.91843971631206
			12.5141843971631	-9.91489361702128
			12.5141843971631	-9.9113475177305
			12.5141843971631	-9.90780141843972
			12.5141843971631	-9.90425531914894
			12.5106382978723	-9.90070921985816
			12.5106382978723	-9.89716312056738
			12.5106382978723	-9.8936170212766
			12.5070921985816	-9.89007092198582
			12.5070921985816	-9.88652482269504
			12.5070921985816	-9.88297872340426
			12.5070921985816	-9.87943262411348
			12.5035460992908	-9.87943262411348
			12.5035460992908	-9.8758865248227
			12.5035460992908	-9.87234042553191
			12.5035460992908	-9.86879432624113
			12.5	-9.86524822695035
			12.5	-9.86170212765957
			12.5	-9.85815602836879
			12.5	-9.85460992907801
			12.4964539007092	-9.85106382978723
			12.4964539007092	-9.84751773049645
			12.4964539007092	-9.84397163120567
			12.4929078014184	-9.84042553191489
			12.4929078014184	-9.83687943262411
			12.4929078014184	-9.83333333333333
			12.4929078014184	-9.82978723404255
			12.4893617021277	-9.82624113475177
			12.4893617021277	-9.82269503546099
			12.4893617021277	-9.81914893617021
			12.4893617021277	-9.81560283687943
			12.4858156028369	-9.81205673758865
			12.4858156028369	-9.80851063829787
			12.4858156028369	-9.80496453900709
			12.4822695035461	-9.80141843971631
			12.4822695035461	-9.79787234042553
			12.4822695035461	-9.79432624113475
			12.4822695035461	-9.79078014184397
			12.4787234042553	-9.78723404255319
			12.4787234042553	-9.78368794326241
			12.4787234042553	-9.78014184397163
			12.4787234042553	-9.77659574468085
			12.4751773049645	-9.77304964539007
			12.4751773049645	-9.76950354609929
			12.4751773049645	-9.76595744680851
			12.4716312056738	-9.76241134751773
			12.4716312056738	-9.75886524822695
			12.4716312056738	-9.75531914893617
			12.4716312056738	-9.75177304964539
			12.468085106383	-9.74822695035461
			12.468085106383	-9.74468085106383
			12.468085106383	-9.74113475177305
			12.468085106383	-9.73758865248227
			12.4645390070922	-9.73404255319149
			12.4645390070922	-9.73049645390071
			12.4645390070922	-9.72695035460993
			12.4609929078014	-9.72340425531915
			12.4609929078014	-9.71985815602837
			12.4609929078014	-9.71631205673759
			12.4609929078014	-9.71276595744681
			12.4574468085106	-9.70921985815603
			12.4574468085106	-9.70567375886525
			12.4574468085106	-9.70212765957447
			12.4574468085106	-9.69858156028369
			12.4539007092199	-9.69503546099291
			12.4539007092199	-9.69148936170213
			12.4539007092199	-9.68794326241135
			12.4503546099291	-9.68439716312057
			12.4503546099291	-9.68085106382979
			12.4503546099291	-9.67730496453901
			12.4503546099291	-9.67375886524823
			12.4468085106383	-9.67021276595745
			12.4468085106383	-9.66666666666667
			12.4468085106383	-9.66312056737589
			12.4432624113475	-9.65957446808511
			12.4432624113475	-9.65602836879433
			12.4432624113475	-9.65248226950355
			12.4432624113475	-9.64893617021277
			12.4432624113475	-9.64539007092199
			12.4397163120567	-9.64184397163121
			12.4397163120567	-9.63829787234043
			12.4397163120567	-9.63475177304965
			12.436170212766	-9.63120567375887
			12.436170212766	-9.62765957446809
			12.436170212766	-9.6241134751773
			12.4326241134752	-9.62056737588652
			12.4326241134752	-9.61702127659574
			12.4326241134752	-9.61347517730496
			12.4326241134752	-9.60992907801418
			12.4290780141844	-9.6063829787234
			12.4290780141844	-9.60283687943262
			12.4290780141844	-9.59929078014184
			12.4290780141844	-9.59574468085106
			12.4255319148936	-9.59219858156028
			12.4255319148936	-9.5886524822695
			12.4255319148936	-9.58510638297872
			12.4219858156028	-9.58156028368794
			12.4219858156028	-9.57801418439716
			12.4219858156028	-9.57446808510638
			12.4219858156028	-9.5709219858156
			12.4184397163121	-9.56737588652482
			12.4184397163121	-9.56382978723404
			12.4184397163121	-9.56028368794326
			12.4184397163121	-9.55673758865248
			12.4148936170213	-9.5531914893617
			12.4148936170213	-9.54964539007092
			12.4148936170213	-9.54609929078014
			12.4148936170213	-9.54255319148936
			12.4113475177305	-9.53900709219858
			12.4113475177305	-9.5354609929078
			12.4113475177305	-9.53191489361702
			12.4078014184397	-9.52836879432624
			12.4078014184397	-9.52482269503546
			12.4078014184397	-9.52127659574468
			12.4042553191489	-9.5177304964539
			12.4042553191489	-9.51418439716312
			12.4042553191489	-9.51063829787234
			12.4042553191489	-9.50709219858156
			12.4007092198582	-9.50354609929078
			12.4007092198582	-9.5
			12.4007092198582	-9.49645390070922
			12.4007092198582	-9.49290780141844
			12.3971631205674	-9.48936170212766
			12.3971631205674	-9.48581560283688
			12.3971631205674	-9.4822695035461
			12.3936170212766	-9.47872340425532
			12.3936170212766	-9.47517730496454
			12.3936170212766	-9.47163120567376
			12.3936170212766	-9.46808510638298
			12.3900709219858	-9.4645390070922
			12.3900709219858	-9.46099290780142
			12.3900709219858	-9.45744680851064
			12.3900709219858	-9.45390070921986
			12.386524822695	-9.45035460992908
			12.386524822695	-9.4468085106383
			12.386524822695	-9.44326241134752
			12.3829787234043	-9.43971631205674
			12.3829787234043	-9.43617021276596
			12.3829787234043	-9.43262411347518
			12.3829787234043	-9.4290780141844
			12.3794326241135	-9.4290780141844
			12.3794326241135	-9.42553191489362
			12.3794326241135	-9.42198581560284
			12.3794326241135	-9.41843971631206
			12.3758865248227	-9.41489361702128
			12.3758865248227	-9.4113475177305
			12.3758865248227	-9.40780141843972
			12.3758865248227	-9.40425531914894
			12.3723404255319	-9.40070921985816
			12.3723404255319	-9.39716312056738
			12.3723404255319	-9.3936170212766
			12.3687943262411	-9.39007092198582
			12.3687943262411	-9.38652482269504
			12.3687943262411	-9.38297872340426
			12.3687943262411	-9.37943262411348
			12.3652482269504	-9.3758865248227
			12.3652482269504	-9.37234042553191
			12.3652482269504	-9.36879432624113
			12.3617021276596	-9.36524822695035
			12.3617021276596	-9.36170212765957
			12.3617021276596	-9.35815602836879
			12.3617021276596	-9.35460992907801
			12.3581560283688	-9.35106382978723
			12.3581560283688	-9.34751773049645
			12.3581560283688	-9.34397163120567
			12.354609929078	-9.34042553191489
			12.354609929078	-9.33687943262411
			12.354609929078	-9.33333333333333
			12.354609929078	-9.32978723404255
			12.3510638297872	-9.32624113475177
			12.3510638297872	-9.32269503546099
			12.3510638297872	-9.31914893617021
			12.3475177304965	-9.31560283687943
			12.3475177304965	-9.31205673758865
			12.3475177304965	-9.30851063829787
			12.3475177304965	-9.30496453900709
			12.3439716312057	-9.30141843971631
			12.3439716312057	-9.29787234042553
			12.3439716312057	-9.29432624113475
			12.3404255319149	-9.29078014184397
			12.3404255319149	-9.28723404255319
			12.3404255319149	-9.28368794326241
			12.3404255319149	-9.28014184397163
			12.3368794326241	-9.27659574468085
			12.3368794326241	-9.27304964539007
			12.3368794326241	-9.26950354609929
			12.3333333333333	-9.26595744680851
			12.3333333333333	-9.26241134751773
			12.3333333333333	-9.25886524822695
			12.3333333333333	-9.25531914893617
			12.3297872340426	-9.25177304964539
			12.3297872340426	-9.24822695035461
			12.3297872340426	-9.24468085106383
			12.3262411347518	-9.24113475177305
			12.3262411347518	-9.23758865248227
			12.3262411347518	-9.23404255319149
			12.3262411347518	-9.23049645390071
			12.3262411347518	-9.22695035460993
			12.322695035461	-9.22340425531915
			12.322695035461	-9.21985815602837
			12.322695035461	-9.21631205673759
			12.3191489361702	-9.21276595744681
			12.3191489361702	-9.20921985815603
			12.3191489361702	-9.20567375886525
			12.3156028368794	-9.20212765957447
			12.3156028368794	-9.19858156028369
			12.3156028368794	-9.19503546099291
			12.3156028368794	-9.19148936170213
			12.3120567375887	-9.18794326241135
			12.3120567375887	-9.18439716312057
			12.3120567375887	-9.18085106382979
			12.3120567375887	-9.17730496453901
			12.3085106382979	-9.17730496453901
			12.3085106382979	-9.17375886524823
			12.3085106382979	-9.17021276595745
			12.3085106382979	-9.16666666666667
			12.3049645390071	-9.16312056737589
			12.3049645390071	-9.15957446808511
			12.3049645390071	-9.15602836879433
			12.3049645390071	-9.15248226950355
			12.3014184397163	-9.14893617021277
			12.3014184397163	-9.14539007092199
			12.3014184397163	-9.14184397163121
			12.2978723404255	-9.13829787234043
			12.2978723404255	-9.13475177304965
			12.2978723404255	-9.13120567375887
			12.2943262411348	-9.12765957446809
			12.2943262411348	-9.1241134751773
			12.2943262411348	-9.12056737588652
			12.2943262411348	-9.11702127659574
			12.290780141844	-9.11347517730496
			12.290780141844	-9.10992907801418
			12.290780141844	-9.1063829787234
			12.2872340425532	-9.10283687943262
			12.2872340425532	-9.09929078014184
			12.2872340425532	-9.09574468085106
			12.2872340425532	-9.09219858156028
			12.2836879432624	-9.0886524822695
			12.2836879432624	-9.08510638297872
			12.2836879432624	-9.08156028368794
			12.2836879432624	-9.07801418439716
			12.2801418439716	-9.07801418439716
			12.2801418439716	-9.07446808510638
			12.2801418439716	-9.0709219858156
			12.2801418439716	-9.06737588652482
			12.2765957446809	-9.06382978723404
			12.2765957446809	-9.06028368794326
			12.2765957446809	-9.05673758865248
			12.2765957446809	-9.0531914893617
			12.2730496453901	-9.04964539007092
			12.2730496453901	-9.04609929078014
			12.2730496453901	-9.04255319148936
			12.2730496453901	-9.03900709219858
			12.2695035460993	-9.03900709219858
			12.2695035460993	-9.0354609929078
			12.2695035460993	-9.03191489361702
			12.2659574468085	-9.02836879432624
			12.2659574468085	-9.02482269503546
			12.2659574468085	-9.02127659574468
			12.2659574468085	-9.0177304964539
			12.2624113475177	-9.01418439716312
			12.2624113475177	-9.01063829787234
			12.2624113475177	-9.00709219858156
			12.2624113475177	-9.00354609929078
			12.258865248227	-9
			12.258865248227	-8.99645390070922
			12.258865248227	-8.99290780141844
			12.2553191489362	-8.98936170212766
			12.2553191489362	-8.98581560283688
			12.2553191489362	-8.9822695035461
			12.2517730496454	-8.97872340425532
			12.2517730496454	-8.97517730496454
			12.2517730496454	-8.97163120567376
			12.2517730496454	-8.96808510638298
			12.2482269503546	-8.9645390070922
			12.2482269503546	-8.96099290780142
			12.2482269503546	-8.95744680851064
			12.2446808510638	-8.95390070921986
			12.2446808510638	-8.95035460992908
			12.2446808510638	-8.9468085106383
			12.2446808510638	-8.94326241134752
			12.241134751773	-8.93971631205674
			12.241134751773	-8.93617021276596
			12.241134751773	-8.93262411347518
			12.2375886524823	-8.9290780141844
			12.2375886524823	-8.92553191489362
			12.2375886524823	-8.92198581560284
			12.2375886524823	-8.91843971631206
			12.2340425531915	-8.91489361702128
			12.2340425531915	-8.9113475177305
			12.2340425531915	-8.90780141843972
			12.2340425531915	-8.90425531914894
			12.2304964539007	-8.90070921985816
			12.2304964539007	-8.89716312056738
			12.2304964539007	-8.8936170212766
			12.2269503546099	-8.8936170212766
			12.2269503546099	-8.89007092198582
			12.2269503546099	-8.88652482269504
			12.2269503546099	-8.88297872340426
			12.2234042553191	-8.87943262411348
			12.2234042553191	-8.8758865248227
			12.2234042553191	-8.87234042553191
			12.2198581560284	-8.86879432624113
			12.2198581560284	-8.86524822695035
			12.2198581560284	-8.86170212765957
			12.2198581560284	-8.85815602836879
			12.2163120567376	-8.85460992907801
			12.2163120567376	-8.85106382978723
			12.2163120567376	-8.84751773049645
			12.2163120567376	-8.84397163120567
			12.2127659574468	-8.84042553191489
			12.2127659574468	-8.83687943262411
			12.2127659574468	-8.83333333333333
			12.209219858156	-8.82978723404255
			12.209219858156	-8.82624113475177
			12.209219858156	-8.82269503546099
			12.209219858156	-8.81914893617021
			12.2056737588652	-8.81560283687943
			12.2056737588652	-8.81205673758865
			12.2056737588652	-8.80851063829787
			12.2021276595745	-8.80496453900709
			12.2021276595745	-8.80141843971631
			12.2021276595745	-8.79787234042553
			12.2021276595745	-8.79432624113475
			12.1985815602837	-8.79078014184397
			12.1985815602837	-8.78723404255319
			12.1985815602837	-8.78368794326241
			12.1950354609929	-8.78014184397163
			12.1950354609929	-8.77659574468085
			12.1950354609929	-8.77304964539007
			12.1950354609929	-8.76950354609929
			12.1914893617021	-8.76950354609929
			12.1914893617021	-8.76595744680851
			12.1914893617021	-8.76241134751773
			12.1879432624113	-8.75886524822695
			12.1879432624113	-8.75531914893617
			12.1879432624113	-8.75177304964539
			12.1879432624113	-8.74822695035461
			12.1843971631206	-8.74468085106383
			12.1843971631206	-8.74113475177305
			12.1843971631206	-8.73758865248227
			12.1808510638298	-8.73404255319149
			12.1808510638298	-8.73049645390071
			12.1808510638298	-8.72695035460993
			12.1808510638298	-8.72340425531915
			12.177304964539	-8.71985815602837
			12.177304964539	-8.71631205673759
			12.177304964539	-8.71276595744681
			12.1737588652482	-8.70921985815603
			12.1737588652482	-8.70567375886525
			12.1737588652482	-8.70212765957447
			12.1737588652482	-8.69858156028369
			12.1702127659574	-8.69503546099291
			12.1702127659574	-8.69148936170213
		</posterior>
	</curves.scaled>
	<ruler.points type=matrix rownames=TRUE colnames=FALSE nrow=2 ncol=2 as.numeric=TRUE >
		Ruler point 1	4197	5905
		Ruler point 2	4197	8725
	</ruler.points>
</shapes>

