<shapes type=list>
	<ruler.pixel type=vector names=FALSE length=1 as.numeric=TRUE >899</ruler.pixel>
	<ruler.interval type=vector names=FALSE length=1 as.numeric=TRUE >4.2</ruler.interval>
	<scaling.units type=vector names=FALSE length=1 as.numeric=FALSE >mm</scaling.units>
	<scaling type=vector names=FALSE length=1 as.numeric=TRUE >0.00467185761957731</scaling>
	<landmarks.pixel type=matrix rownames=TRUE colnames=FALSE nrow=16 ncol=2 as.numeric=TRUE >
		LM1	465	66
		LM2	467	173
		LM3	468	583
		LM4	473	684
		LM5	734	419
		LM6	691	595
		LM7	690	621
		LM8	796	250
		LM9	850	405
		LM10	465	66
		LM11	866	423
		LM12	908	454
		LM13	466	66
		LM14	850	329
		LM15	884	591
		LM16	884	591
	</landmarks.pixel>
	<landmarks.scaled type=matrix rownames=TRUE colnames=FALSE nrow=16 ncol=2 as.numeric=TRUE >
		LM1	2.17241379310345	-0.308342602892102
		LM2	2.1817575083426	-0.808231368186874
		LM3	2.18642936596218	-2.72369299221357
		LM4	2.20978865406007	-3.19555061179088
		LM5	3.42914349276974	-1.95750834260289
		LM6	3.22825361512792	-2.7797552836485
		LM7	3.22358175750834	-2.90122358175751
		LM8	3.71879866518354	-1.16796440489433
		LM9	3.97107897664071	-1.89210233592881
		LM10	2.17241379310345	-0.308342602892102
		LM11	4.04582869855395	-1.9761957730812
		LM12	4.2420467185762	-2.1210233592881
		LM13	2.17708565072303	-0.308342602892102
		LM14	3.97107897664071	-1.53704115684093
		LM15	4.12992213570634	-2.76106785317019
		LM16	4.12992213570634	-2.76106785317019
	</landmarks.scaled>
	<curves.control type=list>
		<glabella type=matrix rownames=FALSE colnames=FALSE nrow=7 ncol=2 as.numeric=TRUE >
			467	173
			510	153
			560	144
			615	139
			669	164
			792	378
			690	621
		</glabella>
		<suture type=matrix rownames=FALSE colnames=FALSE nrow=9 ncol=2 as.numeric=TRUE >
			465	66
			529	71
			675	111
			803	237
			801	261
			852	323
			854	401
			870	434
			908	454
		</suture>
		<anterior type=matrix rownames=FALSE colnames=FALSE nrow=5 ncol=2 as.numeric=TRUE >
			466	66
			531	71
			675	111
			1002	270
			884	591
		</anterior>
		<posterior type=matrix rownames=FALSE colnames=FALSE nrow=5 ncol=2 as.numeric=TRUE >
			473	684
			562	702
			690	627
			867	651
			884	591
		</posterior>
	</curves.control>
	<curves.pixel type=list>
		<glabella type=matrix rownames=FALSE colnames=FALSE nrow=671 ncol=2 as.numeric=TRUE >
			467	173
			468	173
			469	172
			470	172
			471	171
			472	171
			473	170
			474	170
			475	170
			476	169
			477	168
			478	168
			479	168
			480	167
			481	167
			482	166
			483	166
			484	166
			485	165
			486	165
			487	164
			488	164
			489	164
			490	163
			491	163
			492	162
			493	162
			494	162
			495	161
			496	161
			497	161
			498	160
			499	160
			500	160
			501	159
			502	159
			503	159
			504	158
			505	158
			506	158
			507	157
			508	157
			509	157
			510	156
			511	156
			512	156
			513	155
			514	155
			515	155
			516	154
			517	154
			518	154
			519	153
			520	153
			521	153
			522	153
			523	152
			524	152
			525	152
			526	151
			527	151
			528	151
			529	151
			530	150
			531	150
			532	150
			533	150
			534	150
			534	149
			535	149
			536	149
			537	149
			538	149
			539	148
			540	148
			541	148
			542	148
			543	147
			544	147
			545	147
			546	147
			547	146
			548	146
			549	146
			550	146
			551	146
			552	145
			553	145
			554	145
			555	145
			556	145
			557	145
			558	144
			559	144
			560	144
			561	144
			562	144
			563	144
			564	144
			565	144
			566	144
			567	144
			567	143
			568	143
			569	143
			570	143
			571	143
			572	143
			573	143
			574	143
			575	143
			576	143
			577	143
			578	143
			579	143
			580	143
			581	143
			582	143
			583	143
			584	143
			585	143
			586	143
			587	143
			588	143
			589	143
			590	143
			591	144
			592	144
			593	144
			594	144
			595	144
			596	144
			597	144
			598	144
			599	144
			600	144
			601	144
			602	145
			603	145
			604	145
			605	145
			606	145
			607	145
			608	145
			609	146
			610	146
			611	146
			612	146
			613	146
			614	146
			615	147
			616	147
			617	147
			618	147
			619	147
			620	148
			621	148
			622	148
			623	148
			624	148
			625	149
			626	149
			627	149
			628	149
			629	150
			630	150
			631	150
			632	150
			633	151
			634	151
			635	151
			636	152
			637	152
			638	152
			639	152
			640	153
			641	153
			642	153
			643	154
			644	154
			645	154
			646	155
			647	155
			648	155
			649	156
			650	156
			651	156
			652	157
			653	157
			654	158
			655	158
			656	158
			657	159
			658	159
			659	159
			660	160
			661	160
			662	161
			663	161
			663	162
			664	162
			665	162
			666	163
			667	163
			668	164
			669	164
			670	165
			670	166
			671	167
			671	168
			672	169
			673	170
			673	171
			674	172
			674	173
			675	174
			675	175
			676	176
			676	177
			677	178
			678	179
			678	180
			679	181
			679	182
			680	183
			680	184
			681	185
			681	186
			682	187
			682	188
			682	189
			683	189
			683	190
			683	191
			684	191
			684	192
			685	193
			685	194
			686	195
			686	196
			686	197
			687	198
			688	199
			688	200
			688	201
			689	202
			689	203
			690	203
			690	204
			690	205
			691	206
			691	207
			692	208
			692	209
			693	210
			693	211
			694	212
			694	213
			695	214
			695	215
			695	216
			696	217
			696	218
			697	219
			697	220
			698	221
			698	222
			698	223
			699	224
			699	225
			700	226
			700	227
			700	228
			701	228
			701	229
			701	230
			702	231
			702	232
			703	233
			703	234
			703	235
			704	236
			704	237
			704	238
			705	239
			705	240
			706	241
			706	242
			706	243
			707	244
			707	245
			708	246
			708	247
			708	248
			709	249
			709	250
			709	251
			710	252
			710	253
			710	254
			711	255
			711	256
			711	257
			712	258
			712	259
			712	260
			713	261
			713	262
			713	263
			714	264
			714	265
			714	266
			715	267
			715	268
			715	269
			715	270
			716	270
			716	271
			716	272
			717	273
			717	274
			717	275
			717	276
			718	277
			718	278
			718	279
			719	280
			719	281
			719	282
			719	283
			720	284
			720	285
			720	286
			720	287
			721	288
			721	289
			721	290
			721	291
			722	292
			722	293
			722	294
			722	295
			723	296
			723	297
			723	298
			723	299
			724	300
			724	301
			724	302
			725	303
			725	304
			725	305
			725	306
			725	307
			726	308
			726	309
			726	310
			726	311
			726	312
			727	313
			727	314
			727	315
			727	316
			728	317
			728	318
			728	319
			728	320
			728	321
			729	322
			729	323
			729	324
			729	325
			729	326
			729	327
			730	328
			730	329
			730	330
			730	331
			730	332
			730	333
			731	334
			731	335
			731	336
			731	337
			731	338
			731	339
			731	340
			732	341
			732	342
			732	343
			732	344
			732	345
			732	346
			732	347
			733	348
			733	349
			733	350
			733	351
			733	352
			733	353
			733	354
			733	355
			733	356
			734	357
			734	358
			734	359
			734	360
			734	361
			734	362
			734	363
			734	364
			734	365
			734	366
			735	367
			735	368
			735	369
			735	370
			735	371
			735	372
			735	373
			735	374
			735	375
			735	376
			735	377
			735	378
			735	379
			735	380
			736	381
			736	382
			736	383
			736	384
			736	385
			736	386
			736	387
			736	388
			736	389
			736	390
			736	391
			736	392
			736	393
			736	394
			736	395
			736	396
			736	397
			736	398
			736	399
			736	400
			736	401
			736	402
			736	403
			736	404
			736	405
			736	406
			736	407
			736	408
			736	409
			736	410
			736	411
			736	412
			736	413
			736	414
			736	415
			736	416
			736	417
			736	418
			736	419
			736	420
			736	421
			736	422
			736	423
			736	424
			736	425
			736	426
			736	427
			736	428
			736	429
			736	430
			736	431
			736	432
			735	433
			735	434
			735	435
			735	436
			735	437
			735	438
			735	439
			735	440
			735	441
			735	442
			735	443
			735	444
			735	445
			735	446
			735	447
			734	448
			734	449
			734	450
			734	451
			734	452
			734	453
			734	454
			734	455
			734	456
			734	457
			734	458
			733	458
			733	459
			733	460
			733	461
			733	462
			733	463
			733	464
			733	465
			733	466
			732	467
			732	468
			732	469
			732	470
			732	471
			732	472
			732	473
			732	474
			731	475
			731	476
			731	477
			731	478
			731	479
			731	480
			731	481
			730	482
			730	483
			730	484
			730	485
			730	486
			729	487
			729	488
			729	489
			729	490
			729	491
			729	492
			728	493
			728	494
			728	495
			728	496
			728	497
			728	498
			727	499
			727	500
			727	501
			727	502
			727	503
			726	504
			726	505
			726	506
			726	507
			726	508
			725	508
			725	509
			725	510
			725	511
			725	512
			724	513
			724	514
			724	515
			724	516
			724	517
			723	518
			723	519
			723	520
			723	521
			722	522
			722	523
			722	524
			722	525
			721	526
			721	527
			721	528
			721	529
			721	530
			720	531
			720	532
			720	533
			719	534
			719	535
			719	536
			719	537
			718	538
			718	539
			718	540
			718	541
			717	542
			717	543
			717	544
			717	545
			716	546
			716	547
			716	548
			715	549
			715	550
			715	551
			715	552
			714	553
			714	554
			714	555
			713	556
			713	557
			713	558
			712	559
			712	560
			712	561
			712	562
			711	563
			711	564
			711	565
			710	566
			710	567
			710	568
			709	569
			709	570
			709	571
			708	572
			708	573
			708	574
			707	575
			707	576
			707	577
			706	578
			706	579
			706	580
			705	581
			705	582
			705	583
			704	584
			704	585
			703	586
			703	587
			703	588
			702	589
			702	590
			702	591
			701	592
			701	593
			701	594
			700	595
			700	596
			699	597
			699	598
			699	599
			698	600
			698	601
			698	602
			697	603
			697	604
			696	605
			696	606
			696	607
			695	608
			695	609
			695	610
			694	610
			694	611
			694	612
			693	613
			693	614
			693	615
			692	616
			692	617
			691	618
			691	619
			690	620
			690	621
		</glabella>
		<suture type=matrix rownames=FALSE colnames=FALSE nrow=586 ncol=2 as.numeric=TRUE >
			465	66
			466	66
			467	66
			468	66
			469	66
			470	66
			471	67
			472	67
			473	67
			474	67
			475	67
			476	67
			477	67
			478	67
			479	67
			480	68
			481	68
			482	68
			483	68
			484	68
			485	68
			486	68
			487	68
			488	69
			489	69
			490	69
			491	69
			492	69
			493	69
			494	69
			495	70
			496	70
			497	70
			498	70
			499	70
			500	70
			501	71
			502	71
			503	71
			504	71
			505	71
			506	71
			507	72
			508	72
			509	72
			510	72
			511	72
			512	72
			513	73
			514	73
			515	73
			516	73
			517	73
			518	73
			519	74
			520	74
			521	74
			522	74
			523	74
			524	75
			525	75
			526	75
			527	75
			528	75
			529	76
			530	76
			531	76
			532	76
			533	76
			534	77
			535	77
			536	77
			537	77
			538	77
			539	78
			540	78
			541	78
			542	78
			543	78
			544	79
			545	79
			546	79
			547	79
			548	79
			549	80
			550	80
			551	80
			552	80
			553	81
			554	81
			555	81
			556	81
			557	81
			558	82
			559	82
			560	82
			561	82
			562	83
			563	83
			564	83
			565	83
			566	83
			567	84
			568	84
			569	84
			570	84
			571	85
			572	85
			573	85
			574	85
			575	85
			576	86
			577	86
			578	86
			579	86
			580	87
			581	87
			582	87
			583	87
			584	87
			585	88
			586	88
			587	88
			588	88
			589	89
			590	89
			591	89
			592	89
			593	90
			594	90
			595	90
			596	90
			597	91
			598	91
			599	91
			600	91
			601	92
			602	92
			603	92
			604	92
			605	93
			606	93
			607	93
			608	93
			609	94
			610	94
			611	94
			612	94
			613	95
			614	95
			615	95
			616	96
			617	96
			618	96
			619	96
			620	97
			621	97
			622	97
			623	97
			624	98
			625	98
			626	98
			627	98
			628	98
			629	99
			630	99
			631	99
			632	99
			633	100
			634	100
			635	100
			636	100
			637	101
			638	101
			639	101
			640	101
			641	102
			642	102
			643	102
			644	103
			645	103
			646	103
			647	103
			648	104
			649	104
			650	104
			651	105
			652	105
			653	105
			654	105
			655	106
			656	106
			657	106
			658	106
			659	107
			660	107
			661	107
			662	107
			662	108
			663	108
			664	108
			665	108
			666	109
			667	109
			668	109
			669	109
			670	110
			671	110
			672	110
			673	110
			674	111
			675	111
			676	112
			677	113
			678	114
			679	115
			680	116
			681	117
			682	118
			683	119
			684	120
			685	121
			686	122
			687	123
			688	124
			689	125
			690	126
			691	126
			692	127
			692	128
			693	129
			694	130
			695	131
			696	132
			697	133
			698	134
			699	135
			700	136
			701	136
			701	137
			702	138
			703	139
			704	140
			705	141
			706	142
			707	143
			708	144
			709	145
			710	146
			711	147
			712	148
			713	149
			714	150
			715	151
			716	152
			717	153
			718	154
			719	155
			720	156
			721	157
			722	158
			723	159
			724	160
			725	161
			726	162
			727	163
			727	164
			728	165
			729	166
			730	167
			731	168
			732	169
			733	170
			734	171
			735	172
			736	173
			737	174
			738	175
			739	176
			740	177
			741	178
			742	179
			742	180
			743	181
			744	181
			744	182
			745	183
			746	184
			747	185
			748	186
			749	187
			750	188
			751	189
			752	190
			752	191
			753	192
			754	192
			755	193
			755	194
			756	195
			757	196
			758	197
			759	198
			760	199
			761	200
			762	201
			762	202
			763	203
			764	204
			765	205
			766	206
			766	207
			767	208
			768	208
			769	209
			769	210
			770	211
			771	212
			772	213
			772	214
			773	214
			774	215
			774	216
			775	217
			776	218
			776	219
			777	219
			778	220
			778	221
			779	222
			780	223
			781	224
			781	225
			782	226
			783	227
			783	228
			784	229
			785	229
			785	230
			786	231
			787	232
			787	233
			788	234
			789	235
			790	236
			790	237
			791	238
			791	239
			792	240
			793	241
			794	242
			794	243
			795	244
			795	245
			796	246
			796	247
			797	248
			797	249
			798	250
			799	251
			799	252
			799	253
			800	254
			800	255
			800	256
			801	257
			801	258
			801	259
			801	260
			801	261
			802	262
			803	263
			803	264
			804	265
			805	266
			806	267
			807	268
			807	269
			808	270
			809	271
			809	272
			810	273
			811	274
			812	275
			812	276
			813	277
			814	278
			815	279
			815	280
			816	281
			816	282
			817	282
			817	283
			818	284
			819	285
			819	286
			820	287
			820	288
			821	289
			821	290
			822	291
			823	291
			823	292
			824	293
			824	294
			825	295
			825	296
			825	297
			826	297
			826	298
			827	299
			827	300
			828	301
			828	302
			829	303
			830	304
			830	305
			831	306
			831	307
			832	308
			832	309
			832	310
			833	310
			833	311
			833	312
			834	312
			834	313
			834	314
			835	315
			835	316
			836	317
			836	318
			836	319
			837	320
			837	321
			838	322
			838	323
			839	324
			839	325
			839	326
			840	327
			840	328
			840	329
			841	330
			841	331
			842	332
			842	333
			842	334
			843	335
			843	336
			843	337
			844	338
			844	339
			844	340
			844	341
			845	341
			845	342
			845	343
			845	344
			846	345
			846	346
			846	347
			847	348
			847	349
			847	350
			847	351
			848	352
			848	353
			848	354
			848	355
			849	356
			849	357
			849	358
			849	359
			849	360
			850	361
			850	362
			850	363
			850	364
			850	365
			851	366
			851	367
			851	368
			851	369
			851	370
			851	371
			851	372
			852	373
			852	374
			852	375
			852	376
			852	377
			852	378
			852	379
			852	380
			853	380
			853	381
			853	382
			853	383
			853	384
			853	385
			853	386
			853	387
			853	388
			853	389
			853	390
			854	391
			854	392
			854	393
			854	394
			854	395
			854	396
			854	397
			854	398
			854	399
			854	400
			854	401
			854	402
			855	402
			855	403
			855	404
			856	404
			856	405
			856	406
			857	406
			857	407
			857	408
			858	408
			858	409
			859	410
			859	411
			860	412
			861	413
			862	414
			862	415
			863	416
			864	417
			864	418
			865	419
			866	420
			866	421
			867	421
			868	422
			868	423
			869	424
			870	425
			871	426
			872	427
			873	428
			874	429
			875	430
			876	431
			877	432
			878	433
			879	434
			880	435
			881	436
			882	437
			883	437
			884	438
			885	439
			886	440
			887	441
			888	442
			889	442
			890	443
			891	443
			891	444
			892	444
			893	445
			894	446
			895	446
			896	447
			897	447
			898	448
			899	449
			900	450
			901	450
			902	451
			903	451
			903	452
			904	452
			905	452
			906	453
			907	453
			908	454
		</suture>
		<anterior type=matrix rownames=FALSE colnames=FALSE nrow=758 ncol=2 as.numeric=TRUE >
			466	66
			467	66
			468	66
			469	66
			470	66
			471	66
			472	66
			473	67
			474	67
			475	67
			476	67
			477	67
			478	67
			479	67
			480	67
			481	68
			482	68
			483	68
			484	68
			485	68
			486	68
			487	68
			488	68
			489	68
			490	69
			491	69
			492	69
			493	69
			494	69
			495	69
			496	70
			497	70
			498	70
			499	70
			500	70
			501	70
			502	71
			503	71
			504	71
			505	71
			506	71
			507	71
			508	71
			509	72
			510	72
			511	72
			512	72
			513	72
			514	73
			515	73
			516	73
			517	73
			518	73
			519	73
			520	74
			521	74
			522	74
			523	74
			524	74
			525	75
			526	75
			527	75
			528	75
			529	75
			530	75
			531	76
			532	76
			533	76
			534	76
			535	77
			536	77
			537	77
			538	77
			539	77
			540	77
			541	78
			542	78
			543	78
			544	78
			545	79
			546	79
			547	79
			548	79
			549	79
			550	80
			551	80
			552	80
			553	80
			554	80
			555	81
			556	81
			557	81
			558	81
			559	82
			560	82
			561	82
			562	82
			563	82
			564	83
			565	83
			566	83
			567	83
			568	84
			569	84
			570	84
			571	84
			572	85
			573	85
			574	85
			575	85
			576	85
			577	86
			578	86
			579	86
			580	86
			581	87
			582	87
			583	87
			584	87
			585	88
			586	88
			587	88
			588	88
			589	89
			590	89
			591	89
			592	89
			593	89
			594	90
			595	90
			596	90
			597	90
			598	91
			599	91
			600	91
			601	91
			602	92
			603	92
			604	92
			605	92
			606	93
			607	93
			608	93
			609	93
			610	94
			611	94
			612	94
			613	94
			614	95
			615	95
			616	95
			617	95
			618	96
			619	96
			620	96
			621	96
			622	97
			623	97
			624	97
			625	97
			626	98
			627	98
			628	98
			629	99
			630	99
			631	99
			632	99
			633	100
			634	100
			635	100
			636	101
			637	101
			638	101
			639	101
			640	101
			640	102
			641	102
			642	102
			643	102
			644	103
			645	103
			646	103
			647	103
			648	104
			649	104
			650	104
			651	104
			652	105
			653	105
			654	105
			655	105
			656	106
			657	106
			658	106
			659	107
			660	107
			661	107
			662	107
			663	108
			664	108
			665	108
			666	108
			667	109
			668	109
			669	109
			670	110
			671	110
			672	110
			673	111
			674	111
			675	111
			676	112
			677	112
			678	112
			678	113
			679	113
			680	113
			680	114
			681	114
			682	114
			682	115
			683	115
			684	115
			684	116
			685	116
			686	116
			687	117
			688	117
			689	118
			690	119
			691	119
			692	119
			693	120
			694	121
			695	121
			696	122
			697	122
			698	123
			699	123
			700	124
			701	124
			702	125
			703	125
			704	126
			705	126
			706	127
			707	127
			708	128
			709	129
			710	129
			711	130
			712	130
			713	131
			714	132
			715	132
			716	132
			717	133
			718	134
			719	134
			720	135
			721	135
			722	136
			723	137
			724	137
			725	138
			726	138
			727	139
			728	139
			729	140
			730	141
			731	141
			732	142
			733	143
			734	143
			735	144
			736	144
			737	145
			738	145
			738	146
			739	146
			740	147
			741	147
			741	148
			742	148
			743	149
			744	149
			744	150
			745	150
			746	151
			747	151
			748	152
			749	153
			750	153
			751	154
			752	155
			753	155
			754	156
			755	157
			756	158
			757	158
			758	159
			759	160
			760	160
			761	161
			762	162
			763	162
			764	163
			765	163
			765	164
			766	164
			767	165
			768	166
			769	167
			770	167
			771	168
			772	169
			773	169
			773	170
			774	171
			775	171
			776	172
			777	172
			778	173
			779	174
			780	175
			781	176
			782	177
			783	177
			784	178
			785	179
			786	180
			787	181
			788	181
			789	182
			790	183
			791	184
			792	185
			793	185
			794	186
			795	187
			796	188
			797	189
			798	189
			799	190
			800	191
			801	192
			802	193
			803	193
			804	194
			805	195
			805	196
			806	197
			807	198
			808	198
			809	199
			810	200
			811	201
			812	202
			813	202
			814	203
			814	204
			815	205
			816	206
			817	207
			818	207
			819	208
			820	209
			820	210
			821	211
			822	212
			823	213
			824	213
			825	214
			826	215
			826	216
			827	217
			828	218
			829	218
			830	219
			830	220
			831	221
			832	222
			833	223
			834	224
			834	225
			835	225
			836	226
			837	227
			838	228
			838	229
			839	230
			840	231
			841	231
			841	232
			842	233
			843	234
			844	235
			844	236
			845	237
			846	238
			846	239
			847	239
			848	240
			849	241
			849	242
			850	243
			851	244
			851	245
			852	246
			853	247
			854	247
			854	248
			855	249
			856	250
			856	251
			857	252
			858	253
			858	254
			859	255
			860	256
			860	257
			861	258
			862	258
			862	259
			863	260
			863	261
			864	262
			865	263
			865	264
			866	265
			867	266
			867	267
			868	268
			868	269
			869	270
			870	270
			870	271
			871	272
			871	273
			872	274
			872	275
			873	276
			874	277
			874	278
			875	279
			875	280
			876	281
			876	282
			877	283
			877	284
			878	285
			879	286
			879	287
			880	288
			880	289
			881	290
			882	291
			882	292
			882	293
			883	294
			883	295
			884	296
			885	297
			885	298
			885	299
			886	300
			886	301
			887	301
			887	302
			887	303
			888	304
			888	305
			889	306
			889	307
			890	308
			890	309
			891	310
			891	311
			892	312
			892	313
			892	314
			893	315
			893	316
			894	317
			894	318
			894	319
			895	320
			895	321
			895	322
			896	323
			896	324
			897	325
			897	326
			897	327
			898	328
			898	329
			899	330
			899	331
			899	332
			899	333
			900	334
			900	335
			900	336
			901	337
			901	338
			901	339
			902	340
			902	341
			902	342
			903	343
			903	344
			903	345
			903	346
			904	347
			904	348
			904	349
			905	350
			905	351
			905	352
			905	353
			906	354
			906	355
			906	356
			906	357
			907	358
			907	359
			907	360
			907	361
			908	362
			908	363
			908	364
			908	365
			908	366
			909	367
			909	368
			909	369
			909	370
			909	371
			910	372
			910	373
			910	374
			910	375
			910	376
			911	377
			911	378
			911	379
			911	380
			911	381
			911	382
			912	383
			912	384
			912	385
			912	386
			912	387
			912	388
			912	389
			913	390
			913	391
			913	392
			913	393
			913	394
			913	395
			913	396
			913	397
			914	398
			914	399
			914	400
			914	401
			914	402
			914	403
			914	404
			914	405
			914	406
			914	407
			914	408
			915	409
			915	410
			915	411
			915	412
			915	413
			915	414
			915	415
			915	416
			915	417
			915	418
			915	419
			915	420
			915	421
			915	422
			915	423
			915	424
			915	425
			915	426
			915	427
			915	428
			915	429
			915	430
			915	431
			915	432
			915	433
			915	434
			915	435
			915	436
			915	437
			915	438
			915	439
			915	440
			915	441
			915	442
			915	443
			915	444
			915	445
			915	446
			915	447
			915	448
			915	449
			915	450
			915	451
			915	452
			915	453
			915	454
			915	455
			915	456
			914	457
			914	458
			914	459
			914	460
			914	461
			914	462
			914	463
			914	464
			914	465
			914	466
			914	467
			914	468
			913	469
			913	470
			913	471
			913	472
			913	473
			913	474
			913	475
			913	476
			913	477
			912	478
			912	479
			912	480
			912	481
			912	482
			912	483
			912	484
			912	485
			911	486
			911	487
			911	488
			911	489
			911	490
			911	491
			910	492
			910	493
			910	494
			910	495
			910	496
			910	497
			909	498
			909	499
			909	500
			909	501
			909	502
			909	503
			908	504
			908	505
			908	506
			908	507
			908	508
			907	509
			907	510
			907	511
			907	512
			907	513
			906	514
			906	515
			906	516
			906	517
			906	518
			905	519
			905	520
			905	521
			905	522
			904	523
			904	524
			904	525
			904	526
			903	527
			903	528
			903	529
			903	530
			903	531
			902	532
			902	533
			902	534
			901	535
			901	536
			901	537
			901	538
			900	539
			900	540
			900	541
			900	542
			899	543
			899	544
			899	545
			899	546
			898	547
			898	548
			898	549
			897	550
			897	551
			897	552
			897	553
			896	554
			896	555
			896	556
			895	557
			895	558
			895	559
			895	560
			894	561
			894	562
			893	563
			893	564
			893	565
			893	566
			892	567
			892	568
			892	569
			891	570
			891	571
			891	572
			890	573
			890	574
			890	575
			889	576
			889	577
			889	578
			888	579
			888	580
			887	581
			887	582
			887	583
			886	584
			886	585
			886	586
			885	587
			885	588
			885	589
			884	590
			884	591
		</anterior>
		<posterior type=matrix rownames=FALSE colnames=FALSE nrow=429 ncol=2 as.numeric=TRUE >
			473	684
			474	684
			475	684
			476	685
			477	685
			478	685
			479	685
			480	685
			481	685
			482	686
			483	686
			484	686
			485	686
			486	686
			487	686
			488	686
			489	686
			490	687
			491	687
			492	687
			493	687
			494	687
			495	687
			496	687
			497	687
			498	687
			499	687
			500	687
			501	687
			502	687
			503	687
			504	687
			505	687
			506	687
			507	687
			508	687
			509	687
			510	687
			511	687
			512	687
			513	687
			514	687
			515	687
			516	687
			517	687
			518	687
			519	687
			520	687
			521	687
			522	687
			523	687
			524	687
			525	687
			526	687
			527	687
			528	687
			529	686
			530	686
			531	686
			532	686
			533	686
			534	686
			535	686
			536	686
			537	686
			538	685
			539	685
			540	685
			541	685
			542	685
			543	685
			544	685
			545	684
			546	684
			547	684
			548	684
			549	684
			550	684
			551	683
			552	683
			553	683
			554	683
			555	683
			556	682
			557	682
			558	682
			559	682
			560	681
			561	681
			562	681
			563	681
			564	681
			565	680
			566	680
			567	680
			568	680
			569	680
			570	679
			571	679
			572	679
			573	678
			574	678
			575	678
			576	678
			576	677
			577	677
			578	677
			579	677
			580	676
			581	676
			582	676
			583	676
			584	675
			585	675
			586	675
			587	674
			588	674
			589	674
			590	673
			591	673
			592	673
			593	672
			594	672
			595	672
			596	671
			597	671
			598	671
			599	670
			600	670
			601	670
			602	669
			603	669
			604	669
			605	668
			606	668
			607	667
			608	667
			609	667
			610	666
			611	666
			612	665
			613	665
			614	665
			615	664
			616	664
			617	663
			618	663
			619	663
			620	662
			621	662
			622	661
			623	661
			624	660
			625	660
			626	660
			627	659
			628	659
			629	658
			630	658
			631	658
			632	657
			633	656
			634	656
			635	656
			636	655
			637	655
			638	654
			639	654
			640	653
			641	653
			642	653
			643	652
			644	652
			645	651
			646	650
			647	650
			648	650
			649	649
			650	649
			651	648
			652	648
			653	647
			654	647
			655	646
			656	646
			657	645
			658	645
			659	644
			660	644
			661	643
			662	643
			663	642
			664	642
			665	641
			666	640
			667	640
			668	639
			669	639
			670	638
			671	638
			672	637
			673	637
			674	636
			675	636
			676	635
			677	635
			678	634
			679	633
			680	633
			681	632
			682	632
			683	631
			684	631
			685	630
			686	630
			687	629
			688	628
			689	628
			690	627
			691	627
			692	627
			693	627
			694	628
			695	628
			696	628
			697	628
			698	628
			699	628
			700	628
			701	628
			702	629
			703	629
			704	629
			705	629
			706	629
			707	629
			708	629
			709	629
			710	629
			711	630
			712	630
			713	630
			714	630
			715	630
			716	630
			717	630
			718	630
			719	630
			719	631
			720	631
			721	631
			722	631
			723	631
			724	631
			725	631
			726	631
			727	631
			728	631
			729	631
			730	632
			731	632
			732	632
			733	632
			734	632
			735	632
			736	632
			737	632
			738	632
			739	632
			740	632
			741	632
			742	633
			743	633
			744	633
			745	633
			746	633
			747	633
			748	633
			749	633
			750	633
			751	633
			752	633
			753	633
			754	633
			755	633
			756	633
			757	633
			758	633
			759	633
			760	633
			761	634
			762	634
			763	634
			764	634
			765	634
			766	634
			767	634
			768	634
			769	634
			770	634
			771	634
			772	634
			773	634
			774	634
			775	634
			776	634
			777	634
			778	634
			779	634
			780	634
			781	634
			782	634
			783	634
			784	634
			785	634
			786	634
			787	634
			788	634
			789	634
			790	634
			791	634
			792	634
			793	634
			794	634
			795	633
			796	633
			797	633
			798	633
			799	633
			800	633
			801	633
			802	633
			803	633
			804	633
			805	633
			806	633
			807	633
			808	633
			809	632
			810	632
			811	632
			812	632
			813	632
			814	632
			815	632
			816	632
			817	632
			818	631
			819	631
			820	631
			821	631
			822	631
			823	631
			824	631
			825	630
			826	630
			827	630
			828	630
			829	630
			830	630
			830	629
			831	629
			832	629
			833	629
			834	629
			835	628
			836	628
			837	628
			838	627
			839	627
			840	627
			841	627
			842	626
			843	626
			844	626
			845	626
			846	625
			847	625
			848	625
			848	624
			849	624
			850	624
			851	623
			852	623
			853	623
			854	622
			855	622
			856	621
			857	621
			858	620
			859	620
			860	619
			861	619
			861	618
			862	618
			863	617
			864	617
			865	616
			866	615
			867	615
			868	614
			869	613
			870	613
			870	612
			871	611
			872	610
			873	610
			874	609
			874	608
			875	608
			876	607
			876	606
			877	605
			877	604
			878	604
			879	603
			879	602
			880	601
			880	600
			881	599
			881	598
			882	598
			882	597
			882	596
			883	595
			883	594
			883	593
			884	592
			884	591
		</posterior>
	</curves.pixel>
	<curves.scaled type=list>
		<glabella type=matrix rownames=FALSE colnames=FALSE nrow=671 ncol=2 as.numeric=TRUE >
			2.1817575083426	-0.808231368186874
			2.18642936596218	-0.808231368186874
			2.19110122358176	-0.803559510567297
			2.19577308120133	-0.803559510567297
			2.20044493882091	-0.79888765294772
			2.20511679644049	-0.79888765294772
			2.20978865406007	-0.794215795328142
			2.21446051167964	-0.794215795328142
			2.21913236929922	-0.794215795328142
			2.2238042269188	-0.789543937708565
			2.22847608453838	-0.784872080088988
			2.23314794215795	-0.784872080088988
			2.23781979977753	-0.784872080088988
			2.24249165739711	-0.780200222469411
			2.24716351501669	-0.780200222469411
			2.25183537263626	-0.775528364849833
			2.25650723025584	-0.775528364849833
			2.26117908787542	-0.775528364849833
			2.26585094549499	-0.770856507230256
			2.27052280311457	-0.770856507230256
			2.27519466073415	-0.766184649610679
			2.27986651835373	-0.766184649610679
			2.2845383759733	-0.766184649610679
			2.28921023359288	-0.761512791991101
			2.29388209121246	-0.761512791991101
			2.29855394883204	-0.756840934371524
			2.30322580645161	-0.756840934371524
			2.30789766407119	-0.756840934371524
			2.31256952169077	-0.752169076751947
			2.31724137931035	-0.752169076751947
			2.32191323692992	-0.752169076751947
			2.3265850945495	-0.747497219132369
			2.33125695216908	-0.747497219132369
			2.33592880978865	-0.747497219132369
			2.34060066740823	-0.742825361512792
			2.34527252502781	-0.742825361512792
			2.34994438264739	-0.742825361512792
			2.35461624026696	-0.738153503893215
			2.35928809788654	-0.738153503893215
			2.36395995550612	-0.738153503893215
			2.3686318131257	-0.733481646273637
			2.37330367074527	-0.733481646273637
			2.37797552836485	-0.733481646273637
			2.38264738598443	-0.72880978865406
			2.387319243604	-0.72880978865406
			2.39199110122358	-0.72880978865406
			2.39666295884316	-0.724137931034483
			2.40133481646274	-0.724137931034483
			2.40600667408231	-0.724137931034483
			2.41067853170189	-0.719466073414906
			2.41535038932147	-0.719466073414906
			2.42002224694105	-0.719466073414906
			2.42469410456062	-0.714794215795328
			2.4293659621802	-0.714794215795328
			2.43403781979978	-0.714794215795328
			2.43870967741936	-0.714794215795328
			2.44338153503893	-0.710122358175751
			2.44805339265851	-0.710122358175751
			2.45272525027809	-0.710122358175751
			2.45739710789766	-0.705450500556174
			2.46206896551724	-0.705450500556174
			2.46674082313682	-0.705450500556174
			2.4714126807564	-0.705450500556174
			2.47608453837597	-0.700778642936596
			2.48075639599555	-0.700778642936596
			2.48542825361513	-0.700778642936596
			2.49010011123471	-0.700778642936596
			2.49477196885428	-0.700778642936596
			2.49477196885428	-0.696106785317019
			2.49944382647386	-0.696106785317019
			2.50411568409344	-0.696106785317019
			2.50878754171301	-0.696106785317019
			2.51345939933259	-0.696106785317019
			2.51813125695217	-0.691434927697442
			2.52280311457175	-0.691434927697442
			2.52747497219132	-0.691434927697442
			2.5321468298109	-0.691434927697442
			2.53681868743048	-0.686763070077864
			2.54149054505006	-0.686763070077864
			2.54616240266963	-0.686763070077864
			2.55083426028921	-0.686763070077864
			2.55550611790879	-0.682091212458287
			2.56017797552837	-0.682091212458287
			2.56484983314794	-0.682091212458287
			2.56952169076752	-0.682091212458287
			2.5741935483871	-0.682091212458287
			2.57886540600667	-0.67741935483871
			2.58353726362625	-0.67741935483871
			2.58820912124583	-0.67741935483871
			2.59288097886541	-0.67741935483871
			2.59755283648498	-0.67741935483871
			2.60222469410456	-0.67741935483871
			2.60689655172414	-0.672747497219132
			2.61156840934372	-0.672747497219132
			2.61624026696329	-0.672747497219132
			2.62091212458287	-0.672747497219132
			2.62558398220245	-0.672747497219132
			2.63025583982202	-0.672747497219132
			2.6349276974416	-0.672747497219132
			2.63959955506118	-0.672747497219132
			2.64427141268076	-0.672747497219132
			2.64894327030033	-0.672747497219132
			2.64894327030033	-0.668075639599555
			2.65361512791991	-0.668075639599555
			2.65828698553949	-0.668075639599555
			2.66295884315907	-0.668075639599555
			2.66763070077864	-0.668075639599555
			2.67230255839822	-0.668075639599555
			2.6769744160178	-0.668075639599555
			2.68164627363738	-0.668075639599555
			2.68631813125695	-0.668075639599555
			2.69098998887653	-0.668075639599555
			2.69566184649611	-0.668075639599555
			2.70033370411568	-0.668075639599555
			2.70500556173526	-0.668075639599555
			2.70967741935484	-0.668075639599555
			2.71434927697442	-0.668075639599555
			2.71902113459399	-0.668075639599555
			2.72369299221357	-0.668075639599555
			2.72836484983315	-0.668075639599555
			2.73303670745273	-0.668075639599555
			2.7377085650723	-0.668075639599555
			2.74238042269188	-0.668075639599555
			2.74705228031146	-0.668075639599555
			2.75172413793103	-0.668075639599555
			2.75639599555061	-0.668075639599555
			2.76106785317019	-0.672747497219132
			2.76573971078977	-0.672747497219132
			2.77041156840934	-0.672747497219132
			2.77508342602892	-0.672747497219132
			2.7797552836485	-0.672747497219132
			2.78442714126808	-0.672747497219132
			2.78909899888765	-0.672747497219132
			2.79377085650723	-0.672747497219132
			2.79844271412681	-0.672747497219132
			2.80311457174639	-0.672747497219132
			2.80778642936596	-0.672747497219132
			2.81245828698554	-0.67741935483871
			2.81713014460512	-0.67741935483871
			2.82180200222469	-0.67741935483871
			2.82647385984427	-0.67741935483871
			2.83114571746385	-0.67741935483871
			2.83581757508343	-0.67741935483871
			2.840489432703	-0.67741935483871
			2.84516129032258	-0.682091212458287
			2.84983314794216	-0.682091212458287
			2.85450500556174	-0.682091212458287
			2.85917686318131	-0.682091212458287
			2.86384872080089	-0.682091212458287
			2.86852057842047	-0.682091212458287
			2.87319243604004	-0.686763070077864
			2.87786429365962	-0.686763070077864
			2.8825361512792	-0.686763070077864
			2.88720800889878	-0.686763070077864
			2.89187986651835	-0.686763070077864
			2.89655172413793	-0.691434927697442
			2.90122358175751	-0.691434927697442
			2.90589543937709	-0.691434927697442
			2.91056729699666	-0.691434927697442
			2.91523915461624	-0.691434927697442
			2.91991101223582	-0.696106785317019
			2.9245828698554	-0.696106785317019
			2.92925472747497	-0.696106785317019
			2.93392658509455	-0.696106785317019
			2.93859844271413	-0.700778642936596
			2.9432703003337	-0.700778642936596
			2.94794215795328	-0.700778642936596
			2.95261401557286	-0.700778642936596
			2.95728587319244	-0.705450500556174
			2.96195773081201	-0.705450500556174
			2.96662958843159	-0.705450500556174
			2.97130144605117	-0.710122358175751
			2.97597330367075	-0.710122358175751
			2.98064516129032	-0.710122358175751
			2.9853170189099	-0.710122358175751
			2.98998887652948	-0.714794215795328
			2.99466073414905	-0.714794215795328
			2.99933259176863	-0.714794215795328
			3.00400444938821	-0.719466073414906
			3.00867630700779	-0.719466073414906
			3.01334816462736	-0.719466073414906
			3.01802002224694	-0.724137931034483
			3.02269187986652	-0.724137931034483
			3.0273637374861	-0.724137931034483
			3.03203559510567	-0.72880978865406
			3.03670745272525	-0.72880978865406
			3.04137931034483	-0.72880978865406
			3.04605116796441	-0.733481646273637
			3.05072302558398	-0.733481646273637
			3.05539488320356	-0.738153503893215
			3.06006674082314	-0.738153503893215
			3.06473859844271	-0.738153503893215
			3.06941045606229	-0.742825361512792
			3.07408231368187	-0.742825361512792
			3.07875417130145	-0.742825361512792
			3.08342602892102	-0.747497219132369
			3.0880978865406	-0.747497219132369
			3.09276974416018	-0.752169076751947
			3.09744160177976	-0.752169076751947
			3.09744160177976	-0.756840934371524
			3.10211345939933	-0.756840934371524
			3.10678531701891	-0.756840934371524
			3.11145717463849	-0.761512791991101
			3.11612903225806	-0.761512791991101
			3.12080088987764	-0.766184649610679
			3.12547274749722	-0.766184649610679
			3.1301446051168	-0.770856507230256
			3.1301446051168	-0.775528364849833
			3.13481646273637	-0.780200222469411
			3.13481646273637	-0.784872080088988
			3.13948832035595	-0.789543937708565
			3.14416017797553	-0.794215795328142
			3.14416017797553	-0.79888765294772
			3.14883203559511	-0.803559510567297
			3.14883203559511	-0.808231368186874
			3.15350389321468	-0.812903225806452
			3.15350389321468	-0.817575083426029
			3.15817575083426	-0.822246941045606
			3.15817575083426	-0.826918798665184
			3.16284760845384	-0.831590656284761
			3.16751946607341	-0.836262513904338
			3.16751946607341	-0.840934371523915
			3.17219132369299	-0.845606229143493
			3.17219132369299	-0.85027808676307
			3.17686318131257	-0.854949944382647
			3.17686318131257	-0.859621802002225
			3.18153503893215	-0.864293659621802
			3.18153503893215	-0.868965517241379
			3.18620689655172	-0.873637374860957
			3.18620689655172	-0.878309232480534
			3.18620689655172	-0.882981090100111
			3.1908787541713	-0.882981090100111
			3.1908787541713	-0.887652947719689
			3.1908787541713	-0.892324805339266
			3.19555061179088	-0.892324805339266
			3.19555061179088	-0.896996662958843
			3.20022246941046	-0.901668520578421
			3.20022246941046	-0.906340378197998
			3.20489432703003	-0.911012235817575
			3.20489432703003	-0.915684093437153
			3.20489432703003	-0.92035595105673
			3.20956618464961	-0.925027808676307
			3.21423804226919	-0.929699666295884
			3.21423804226919	-0.934371523915462
			3.21423804226919	-0.939043381535039
			3.21890989988877	-0.943715239154616
			3.21890989988877	-0.948387096774194
			3.22358175750834	-0.948387096774194
			3.22358175750834	-0.953058954393771
			3.22358175750834	-0.957730812013348
			3.22825361512792	-0.962402669632926
			3.22825361512792	-0.967074527252503
			3.2329254727475	-0.97174638487208
			3.2329254727475	-0.976418242491657
			3.23759733036707	-0.981090100111235
			3.23759733036707	-0.985761957730812
			3.24226918798665	-0.990433815350389
			3.24226918798665	-0.995105672969967
			3.24694104560623	-0.999777530589544
			3.24694104560623	-1.00444938820912
			3.24694104560623	-1.0091212458287
			3.25161290322581	-1.01379310344828
			3.25161290322581	-1.01846496106785
			3.25628476084538	-1.02313681868743
			3.25628476084538	-1.02780867630701
			3.26095661846496	-1.03248053392659
			3.26095661846496	-1.03715239154616
			3.26095661846496	-1.04182424916574
			3.26562847608454	-1.04649610678532
			3.26562847608454	-1.05116796440489
			3.27030033370412	-1.05583982202447
			3.27030033370412	-1.06051167964405
			3.27030033370412	-1.06518353726363
			3.27497219132369	-1.06518353726363
			3.27497219132369	-1.0698553948832
			3.27497219132369	-1.07452725250278
			3.27964404894327	-1.07919911012236
			3.27964404894327	-1.08387096774194
			3.28431590656285	-1.08854282536151
			3.28431590656285	-1.09321468298109
			3.28431590656285	-1.09788654060067
			3.28898776418242	-1.10255839822024
			3.28898776418242	-1.10723025583982
			3.28898776418242	-1.1119021134594
			3.293659621802	-1.11657397107898
			3.293659621802	-1.12124582869855
			3.29833147942158	-1.12591768631813
			3.29833147942158	-1.13058954393771
			3.29833147942158	-1.13526140155729
			3.30300333704116	-1.13993325917686
			3.30300333704116	-1.14460511679644
			3.30767519466073	-1.14927697441602
			3.30767519466073	-1.1539488320356
			3.30767519466073	-1.15862068965517
			3.31234705228031	-1.16329254727475
			3.31234705228031	-1.16796440489433
			3.31234705228031	-1.1726362625139
			3.31701890989989	-1.17730812013348
			3.31701890989989	-1.18197997775306
			3.31701890989989	-1.18665183537264
			3.32169076751947	-1.19132369299221
			3.32169076751947	-1.19599555061179
			3.32169076751947	-1.20066740823137
			3.32636262513904	-1.20533926585095
			3.32636262513904	-1.21001112347052
			3.32636262513904	-1.2146829810901
			3.33103448275862	-1.21935483870968
			3.33103448275862	-1.22402669632925
			3.33103448275862	-1.22869855394883
			3.3357063403782	-1.23337041156841
			3.3357063403782	-1.23804226918799
			3.3357063403782	-1.24271412680756
			3.34037819799778	-1.24738598442714
			3.34037819799778	-1.25205784204672
			3.34037819799778	-1.2567296996663
			3.34037819799778	-1.26140155728587
			3.34505005561735	-1.26140155728587
			3.34505005561735	-1.26607341490545
			3.34505005561735	-1.27074527252503
			3.34972191323693	-1.27541713014461
			3.34972191323693	-1.28008898776418
			3.34972191323693	-1.28476084538376
			3.34972191323693	-1.28943270300334
			3.35439377085651	-1.29410456062291
			3.35439377085651	-1.29877641824249
			3.35439377085651	-1.30344827586207
			3.35906562847608	-1.30812013348165
			3.35906562847608	-1.31279199110122
			3.35906562847608	-1.3174638487208
			3.35906562847608	-1.32213570634038
			3.36373748609566	-1.32680756395996
			3.36373748609566	-1.33147942157953
			3.36373748609566	-1.33615127919911
			3.36373748609566	-1.34082313681869
			3.36840934371524	-1.34549499443826
			3.36840934371524	-1.35016685205784
			3.36840934371524	-1.35483870967742
			3.36840934371524	-1.359510567297
			3.37308120133482	-1.36418242491657
			3.37308120133482	-1.36885428253615
			3.37308120133482	-1.37352614015573
			3.37308120133482	-1.37819799777531
			3.37775305895439	-1.38286985539488
			3.37775305895439	-1.38754171301446
			3.37775305895439	-1.39221357063404
			3.37775305895439	-1.39688542825362
			3.38242491657397	-1.40155728587319
			3.38242491657397	-1.40622914349277
			3.38242491657397	-1.41090100111235
			3.38709677419355	-1.41557285873192
			3.38709677419355	-1.4202447163515
			3.38709677419355	-1.42491657397108
			3.38709677419355	-1.42958843159066
			3.38709677419355	-1.43426028921023
			3.39176863181313	-1.43893214682981
			3.39176863181313	-1.44360400444939
			3.39176863181313	-1.44827586206897
			3.39176863181313	-1.45294771968854
			3.39176863181313	-1.45761957730812
			3.3964404894327	-1.4622914349277
			3.3964404894327	-1.46696329254727
			3.3964404894327	-1.47163515016685
			3.3964404894327	-1.47630700778643
			3.40111234705228	-1.48097886540601
			3.40111234705228	-1.48565072302558
			3.40111234705228	-1.49032258064516
			3.40111234705228	-1.49499443826474
			3.40111234705228	-1.49966629588432
			3.40578420467186	-1.50433815350389
			3.40578420467186	-1.50901001112347
			3.40578420467186	-1.51368186874305
			3.40578420467186	-1.51835372636263
			3.40578420467186	-1.5230255839822
			3.40578420467186	-1.52769744160178
			3.41045606229144	-1.53236929922136
			3.41045606229144	-1.53704115684093
			3.41045606229144	-1.54171301446051
			3.41045606229144	-1.54638487208009
			3.41045606229144	-1.55105672969967
			3.41045606229144	-1.55572858731924
			3.41512791991101	-1.56040044493882
			3.41512791991101	-1.5650723025584
			3.41512791991101	-1.56974416017798
			3.41512791991101	-1.57441601779755
			3.41512791991101	-1.57908787541713
			3.41512791991101	-1.58375973303671
			3.41512791991101	-1.58843159065628
			3.41979977753059	-1.59310344827586
			3.41979977753059	-1.59777530589544
			3.41979977753059	-1.60244716351502
			3.41979977753059	-1.60711902113459
			3.41979977753059	-1.61179087875417
			3.41979977753059	-1.61646273637375
			3.41979977753059	-1.62113459399333
			3.42447163515017	-1.6258064516129
			3.42447163515017	-1.63047830923248
			3.42447163515017	-1.63515016685206
			3.42447163515017	-1.63982202447164
			3.42447163515017	-1.64449388209121
			3.42447163515017	-1.64916573971079
			3.42447163515017	-1.65383759733037
			3.42447163515017	-1.65850945494994
			3.42447163515017	-1.66318131256952
			3.42914349276974	-1.6678531701891
			3.42914349276974	-1.67252502780868
			3.42914349276974	-1.67719688542825
			3.42914349276974	-1.68186874304783
			3.42914349276974	-1.68654060066741
			3.42914349276974	-1.69121245828699
			3.42914349276974	-1.69588431590656
			3.42914349276974	-1.70055617352614
			3.42914349276974	-1.70522803114572
			3.42914349276974	-1.70989988876529
			3.43381535038932	-1.71457174638487
			3.43381535038932	-1.71924360400445
			3.43381535038932	-1.72391546162403
			3.43381535038932	-1.7285873192436
			3.43381535038932	-1.73325917686318
			3.43381535038932	-1.73793103448276
			3.43381535038932	-1.74260289210234
			3.43381535038932	-1.74727474972191
			3.43381535038932	-1.75194660734149
			3.43381535038932	-1.75661846496107
			3.43381535038932	-1.76129032258065
			3.43381535038932	-1.76596218020022
			3.43381535038932	-1.7706340378198
			3.43381535038932	-1.77530589543938
			3.4384872080089	-1.77997775305895
			3.4384872080089	-1.78464961067853
			3.4384872080089	-1.78932146829811
			3.4384872080089	-1.79399332591769
			3.4384872080089	-1.79866518353726
			3.4384872080089	-1.80333704115684
			3.4384872080089	-1.80800889877642
			3.4384872080089	-1.812680756396
			3.4384872080089	-1.81735261401557
			3.4384872080089	-1.82202447163515
			3.4384872080089	-1.82669632925473
			3.4384872080089	-1.83136818687431
			3.4384872080089	-1.83604004449388
			3.4384872080089	-1.84071190211346
			3.4384872080089	-1.84538375973304
			3.4384872080089	-1.85005561735261
			3.4384872080089	-1.85472747497219
			3.4384872080089	-1.85939933259177
			3.4384872080089	-1.86407119021135
			3.4384872080089	-1.86874304783092
			3.4384872080089	-1.8734149054505
			3.4384872080089	-1.87808676307008
			3.4384872080089	-1.88275862068966
			3.4384872080089	-1.88743047830923
			3.4384872080089	-1.89210233592881
			3.4384872080089	-1.89677419354839
			3.4384872080089	-1.90144605116796
			3.4384872080089	-1.90611790878754
			3.4384872080089	-1.91078976640712
			3.4384872080089	-1.9154616240267
			3.4384872080089	-1.92013348164627
			3.4384872080089	-1.92480533926585
			3.4384872080089	-1.92947719688543
			3.4384872080089	-1.93414905450501
			3.4384872080089	-1.93882091212458
			3.4384872080089	-1.94349276974416
			3.4384872080089	-1.94816462736374
			3.4384872080089	-1.95283648498331
			3.4384872080089	-1.95750834260289
			3.4384872080089	-1.96218020022247
			3.4384872080089	-1.96685205784205
			3.4384872080089	-1.97152391546162
			3.4384872080089	-1.9761957730812
			3.4384872080089	-1.98086763070078
			3.4384872080089	-1.98553948832036
			3.4384872080089	-1.99021134593993
			3.4384872080089	-1.99488320355951
			3.4384872080089	-1.99955506117909
			3.4384872080089	-2.00422691879867
			3.4384872080089	-2.00889877641824
			3.4384872080089	-2.01357063403782
			3.4384872080089	-2.0182424916574
			3.43381535038932	-2.02291434927697
			3.43381535038932	-2.02758620689655
			3.43381535038932	-2.03225806451613
			3.43381535038932	-2.03692992213571
			3.43381535038932	-2.04160177975528
			3.43381535038932	-2.04627363737486
			3.43381535038932	-2.05094549499444
			3.43381535038932	-2.05561735261402
			3.43381535038932	-2.06028921023359
			3.43381535038932	-2.06496106785317
			3.43381535038932	-2.06963292547275
			3.43381535038932	-2.07430478309232
			3.43381535038932	-2.0789766407119
			3.43381535038932	-2.08364849833148
			3.43381535038932	-2.08832035595106
			3.42914349276974	-2.09299221357063
			3.42914349276974	-2.09766407119021
			3.42914349276974	-2.10233592880979
			3.42914349276974	-2.10700778642937
			3.42914349276974	-2.11167964404894
			3.42914349276974	-2.11635150166852
			3.42914349276974	-2.1210233592881
			3.42914349276974	-2.12569521690768
			3.42914349276974	-2.13036707452725
			3.42914349276974	-2.13503893214683
			3.42914349276974	-2.13971078976641
			3.42447163515017	-2.13971078976641
			3.42447163515017	-2.14438264738598
			3.42447163515017	-2.14905450500556
			3.42447163515017	-2.15372636262514
			3.42447163515017	-2.15839822024472
			3.42447163515017	-2.16307007786429
			3.42447163515017	-2.16774193548387
			3.42447163515017	-2.17241379310345
			3.42447163515017	-2.17708565072303
			3.41979977753059	-2.1817575083426
			3.41979977753059	-2.18642936596218
			3.41979977753059	-2.19110122358176
			3.41979977753059	-2.19577308120133
			3.41979977753059	-2.20044493882091
			3.41979977753059	-2.20511679644049
			3.41979977753059	-2.20978865406007
			3.41979977753059	-2.21446051167964
			3.41512791991101	-2.21913236929922
			3.41512791991101	-2.2238042269188
			3.41512791991101	-2.22847608453838
			3.41512791991101	-2.23314794215795
			3.41512791991101	-2.23781979977753
			3.41512791991101	-2.24249165739711
			3.41512791991101	-2.24716351501669
			3.41045606229144	-2.25183537263626
			3.41045606229144	-2.25650723025584
			3.41045606229144	-2.26117908787542
			3.41045606229144	-2.26585094549499
			3.41045606229144	-2.27052280311457
			3.40578420467186	-2.27519466073415
			3.40578420467186	-2.27986651835373
			3.40578420467186	-2.2845383759733
			3.40578420467186	-2.28921023359288
			3.40578420467186	-2.29388209121246
			3.40578420467186	-2.29855394883204
			3.40111234705228	-2.30322580645161
			3.40111234705228	-2.30789766407119
			3.40111234705228	-2.31256952169077
			3.40111234705228	-2.31724137931035
			3.40111234705228	-2.32191323692992
			3.40111234705228	-2.3265850945495
			3.3964404894327	-2.33125695216908
			3.3964404894327	-2.33592880978865
			3.3964404894327	-2.34060066740823
			3.3964404894327	-2.34527252502781
			3.3964404894327	-2.34994438264739
			3.39176863181313	-2.35461624026696
			3.39176863181313	-2.35928809788654
			3.39176863181313	-2.36395995550612
			3.39176863181313	-2.3686318131257
			3.39176863181313	-2.37330367074527
			3.38709677419355	-2.37330367074527
			3.38709677419355	-2.37797552836485
			3.38709677419355	-2.38264738598443
			3.38709677419355	-2.387319243604
			3.38709677419355	-2.39199110122358
			3.38242491657397	-2.39666295884316
			3.38242491657397	-2.40133481646274
			3.38242491657397	-2.40600667408231
			3.38242491657397	-2.41067853170189
			3.38242491657397	-2.41535038932147
			3.37775305895439	-2.42002224694105
			3.37775305895439	-2.42469410456062
			3.37775305895439	-2.4293659621802
			3.37775305895439	-2.43403781979978
			3.37308120133482	-2.43870967741936
			3.37308120133482	-2.44338153503893
			3.37308120133482	-2.44805339265851
			3.37308120133482	-2.45272525027809
			3.36840934371524	-2.45739710789766
			3.36840934371524	-2.46206896551724
			3.36840934371524	-2.46674082313682
			3.36840934371524	-2.4714126807564
			3.36840934371524	-2.47608453837597
			3.36373748609566	-2.48075639599555
			3.36373748609566	-2.48542825361513
			3.36373748609566	-2.49010011123471
			3.35906562847608	-2.49477196885428
			3.35906562847608	-2.49944382647386
			3.35906562847608	-2.50411568409344
			3.35906562847608	-2.50878754171301
			3.35439377085651	-2.51345939933259
			3.35439377085651	-2.51813125695217
			3.35439377085651	-2.52280311457175
			3.35439377085651	-2.52747497219132
			3.34972191323693	-2.5321468298109
			3.34972191323693	-2.53681868743048
			3.34972191323693	-2.54149054505006
			3.34972191323693	-2.54616240266963
			3.34505005561735	-2.55083426028921
			3.34505005561735	-2.55550611790879
			3.34505005561735	-2.56017797552837
			3.34037819799778	-2.56484983314794
			3.34037819799778	-2.56952169076752
			3.34037819799778	-2.5741935483871
			3.34037819799778	-2.57886540600667
			3.3357063403782	-2.58353726362625
			3.3357063403782	-2.58820912124583
			3.3357063403782	-2.59288097886541
			3.33103448275862	-2.59755283648498
			3.33103448275862	-2.60222469410456
			3.33103448275862	-2.60689655172414
			3.32636262513904	-2.61156840934372
			3.32636262513904	-2.61624026696329
			3.32636262513904	-2.62091212458287
			3.32636262513904	-2.62558398220245
			3.32169076751947	-2.63025583982202
			3.32169076751947	-2.6349276974416
			3.32169076751947	-2.63959955506118
			3.31701890989989	-2.64427141268076
			3.31701890989989	-2.64894327030033
			3.31701890989989	-2.65361512791991
			3.31234705228031	-2.65828698553949
			3.31234705228031	-2.66295884315907
			3.31234705228031	-2.66763070077864
			3.30767519466073	-2.67230255839822
			3.30767519466073	-2.6769744160178
			3.30767519466073	-2.68164627363738
			3.30300333704116	-2.68631813125695
			3.30300333704116	-2.69098998887653
			3.30300333704116	-2.69566184649611
			3.29833147942158	-2.70033370411568
			3.29833147942158	-2.70500556173526
			3.29833147942158	-2.70967741935484
			3.293659621802	-2.71434927697442
			3.293659621802	-2.71902113459399
			3.293659621802	-2.72369299221357
			3.28898776418242	-2.72836484983315
			3.28898776418242	-2.73303670745273
			3.28431590656285	-2.7377085650723
			3.28431590656285	-2.74238042269188
			3.28431590656285	-2.74705228031146
			3.27964404894327	-2.75172413793103
			3.27964404894327	-2.75639599555061
			3.27964404894327	-2.76106785317019
			3.27497219132369	-2.76573971078977
			3.27497219132369	-2.77041156840934
			3.27497219132369	-2.77508342602892
			3.27030033370412	-2.7797552836485
			3.27030033370412	-2.78442714126808
			3.26562847608454	-2.78909899888765
			3.26562847608454	-2.79377085650723
			3.26562847608454	-2.79844271412681
			3.26095661846496	-2.80311457174639
			3.26095661846496	-2.80778642936596
			3.26095661846496	-2.81245828698554
			3.25628476084538	-2.81713014460512
			3.25628476084538	-2.82180200222469
			3.25161290322581	-2.82647385984427
			3.25161290322581	-2.83114571746385
			3.25161290322581	-2.83581757508343
			3.24694104560623	-2.840489432703
			3.24694104560623	-2.84516129032258
			3.24694104560623	-2.84983314794216
			3.24226918798665	-2.84983314794216
			3.24226918798665	-2.85450500556174
			3.24226918798665	-2.85917686318131
			3.23759733036707	-2.86384872080089
			3.23759733036707	-2.86852057842047
			3.23759733036707	-2.87319243604004
			3.2329254727475	-2.87786429365962
			3.2329254727475	-2.8825361512792
			3.22825361512792	-2.88720800889878
			3.22825361512792	-2.89187986651835
			3.22358175750834	-2.89655172413793
			3.22358175750834	-2.90122358175751
		</glabella>
		<suture type=matrix rownames=FALSE colnames=FALSE nrow=586 ncol=2 as.numeric=TRUE >
			2.17241379310345	-0.308342602892102
			2.17708565072303	-0.308342602892102
			2.1817575083426	-0.308342602892102
			2.18642936596218	-0.308342602892102
			2.19110122358176	-0.308342602892102
			2.19577308120133	-0.308342602892102
			2.20044493882091	-0.31301446051168
			2.20511679644049	-0.31301446051168
			2.20978865406007	-0.31301446051168
			2.21446051167964	-0.31301446051168
			2.21913236929922	-0.31301446051168
			2.2238042269188	-0.31301446051168
			2.22847608453838	-0.31301446051168
			2.23314794215795	-0.31301446051168
			2.23781979977753	-0.31301446051168
			2.24249165739711	-0.317686318131257
			2.24716351501669	-0.317686318131257
			2.25183537263626	-0.317686318131257
			2.25650723025584	-0.317686318131257
			2.26117908787542	-0.317686318131257
			2.26585094549499	-0.317686318131257
			2.27052280311457	-0.317686318131257
			2.27519466073415	-0.317686318131257
			2.27986651835373	-0.322358175750834
			2.2845383759733	-0.322358175750834
			2.28921023359288	-0.322358175750834
			2.29388209121246	-0.322358175750834
			2.29855394883204	-0.322358175750834
			2.30322580645161	-0.322358175750834
			2.30789766407119	-0.322358175750834
			2.31256952169077	-0.327030033370412
			2.31724137931035	-0.327030033370412
			2.32191323692992	-0.327030033370412
			2.3265850945495	-0.327030033370412
			2.33125695216908	-0.327030033370412
			2.33592880978865	-0.327030033370412
			2.34060066740823	-0.331701890989989
			2.34527252502781	-0.331701890989989
			2.34994438264739	-0.331701890989989
			2.35461624026696	-0.331701890989989
			2.35928809788654	-0.331701890989989
			2.36395995550612	-0.331701890989989
			2.3686318131257	-0.336373748609566
			2.37330367074527	-0.336373748609566
			2.37797552836485	-0.336373748609566
			2.38264738598443	-0.336373748609566
			2.387319243604	-0.336373748609566
			2.39199110122358	-0.336373748609566
			2.39666295884316	-0.341045606229144
			2.40133481646274	-0.341045606229144
			2.40600667408231	-0.341045606229144
			2.41067853170189	-0.341045606229144
			2.41535038932147	-0.341045606229144
			2.42002224694105	-0.341045606229144
			2.42469410456062	-0.345717463848721
			2.4293659621802	-0.345717463848721
			2.43403781979978	-0.345717463848721
			2.43870967741936	-0.345717463848721
			2.44338153503893	-0.345717463848721
			2.44805339265851	-0.350389321468298
			2.45272525027809	-0.350389321468298
			2.45739710789766	-0.350389321468298
			2.46206896551724	-0.350389321468298
			2.46674082313682	-0.350389321468298
			2.4714126807564	-0.355061179087875
			2.47608453837597	-0.355061179087875
			2.48075639599555	-0.355061179087875
			2.48542825361513	-0.355061179087875
			2.49010011123471	-0.355061179087875
			2.49477196885428	-0.359733036707453
			2.49944382647386	-0.359733036707453
			2.50411568409344	-0.359733036707453
			2.50878754171301	-0.359733036707453
			2.51345939933259	-0.359733036707453
			2.51813125695217	-0.36440489432703
			2.52280311457175	-0.36440489432703
			2.52747497219132	-0.36440489432703
			2.5321468298109	-0.36440489432703
			2.53681868743048	-0.36440489432703
			2.54149054505006	-0.369076751946607
			2.54616240266963	-0.369076751946607
			2.55083426028921	-0.369076751946607
			2.55550611790879	-0.369076751946607
			2.56017797552837	-0.369076751946607
			2.56484983314794	-0.373748609566185
			2.56952169076752	-0.373748609566185
			2.5741935483871	-0.373748609566185
			2.57886540600667	-0.373748609566185
			2.58353726362625	-0.378420467185762
			2.58820912124583	-0.378420467185762
			2.59288097886541	-0.378420467185762
			2.59755283648498	-0.378420467185762
			2.60222469410456	-0.378420467185762
			2.60689655172414	-0.383092324805339
			2.61156840934372	-0.383092324805339
			2.61624026696329	-0.383092324805339
			2.62091212458287	-0.383092324805339
			2.62558398220245	-0.387764182424917
			2.63025583982202	-0.387764182424917
			2.6349276974416	-0.387764182424917
			2.63959955506118	-0.387764182424917
			2.64427141268076	-0.387764182424917
			2.64894327030033	-0.392436040044494
			2.65361512791991	-0.392436040044494
			2.65828698553949	-0.392436040044494
			2.66295884315907	-0.392436040044494
			2.66763070077864	-0.397107897664071
			2.67230255839822	-0.397107897664071
			2.6769744160178	-0.397107897664071
			2.68164627363738	-0.397107897664071
			2.68631813125695	-0.397107897664071
			2.69098998887653	-0.401779755283649
			2.69566184649611	-0.401779755283649
			2.70033370411568	-0.401779755283649
			2.70500556173526	-0.401779755283649
			2.70967741935484	-0.406451612903226
			2.71434927697442	-0.406451612903226
			2.71902113459399	-0.406451612903226
			2.72369299221357	-0.406451612903226
			2.72836484983315	-0.406451612903226
			2.73303670745273	-0.411123470522803
			2.7377085650723	-0.411123470522803
			2.74238042269188	-0.411123470522803
			2.74705228031146	-0.411123470522803
			2.75172413793103	-0.41579532814238
			2.75639599555061	-0.41579532814238
			2.76106785317019	-0.41579532814238
			2.76573971078977	-0.41579532814238
			2.77041156840934	-0.420467185761958
			2.77508342602892	-0.420467185761958
			2.7797552836485	-0.420467185761958
			2.78442714126808	-0.420467185761958
			2.78909899888765	-0.425139043381535
			2.79377085650723	-0.425139043381535
			2.79844271412681	-0.425139043381535
			2.80311457174639	-0.425139043381535
			2.80778642936596	-0.429810901001112
			2.81245828698554	-0.429810901001112
			2.81713014460512	-0.429810901001112
			2.82180200222469	-0.429810901001112
			2.82647385984427	-0.43448275862069
			2.83114571746385	-0.43448275862069
			2.83581757508343	-0.43448275862069
			2.840489432703	-0.43448275862069
			2.84516129032258	-0.439154616240267
			2.84983314794216	-0.439154616240267
			2.85450500556174	-0.439154616240267
			2.85917686318131	-0.439154616240267
			2.86384872080089	-0.443826473859844
			2.86852057842047	-0.443826473859844
			2.87319243604004	-0.443826473859844
			2.87786429365962	-0.448498331479422
			2.8825361512792	-0.448498331479422
			2.88720800889878	-0.448498331479422
			2.89187986651835	-0.448498331479422
			2.89655172413793	-0.453170189098999
			2.90122358175751	-0.453170189098999
			2.90589543937709	-0.453170189098999
			2.91056729699666	-0.453170189098999
			2.91523915461624	-0.457842046718576
			2.91991101223582	-0.457842046718576
			2.9245828698554	-0.457842046718576
			2.92925472747497	-0.457842046718576
			2.93392658509455	-0.457842046718576
			2.93859844271413	-0.462513904338154
			2.9432703003337	-0.462513904338154
			2.94794215795328	-0.462513904338154
			2.95261401557286	-0.462513904338154
			2.95728587319244	-0.467185761957731
			2.96195773081201	-0.467185761957731
			2.96662958843159	-0.467185761957731
			2.97130144605117	-0.467185761957731
			2.97597330367075	-0.471857619577308
			2.98064516129032	-0.471857619577308
			2.9853170189099	-0.471857619577308
			2.98998887652948	-0.471857619577308
			2.99466073414905	-0.476529477196885
			2.99933259176863	-0.476529477196885
			3.00400444938821	-0.476529477196885
			3.00867630700779	-0.481201334816463
			3.01334816462736	-0.481201334816463
			3.01802002224694	-0.481201334816463
			3.02269187986652	-0.481201334816463
			3.0273637374861	-0.48587319243604
			3.03203559510567	-0.48587319243604
			3.03670745272525	-0.48587319243604
			3.04137931034483	-0.490545050055617
			3.04605116796441	-0.490545050055617
			3.05072302558398	-0.490545050055617
			3.05539488320356	-0.490545050055617
			3.06006674082314	-0.495216907675195
			3.06473859844271	-0.495216907675195
			3.06941045606229	-0.495216907675195
			3.07408231368187	-0.495216907675195
			3.07875417130145	-0.499888765294772
			3.08342602892102	-0.499888765294772
			3.0880978865406	-0.499888765294772
			3.09276974416018	-0.499888765294772
			3.09276974416018	-0.504560622914349
			3.09744160177976	-0.504560622914349
			3.10211345939933	-0.504560622914349
			3.10678531701891	-0.504560622914349
			3.11145717463849	-0.509232480533927
			3.11612903225806	-0.509232480533927
			3.12080088987764	-0.509232480533927
			3.12547274749722	-0.509232480533927
			3.1301446051168	-0.513904338153504
			3.13481646273637	-0.513904338153504
			3.13948832035595	-0.513904338153504
			3.14416017797553	-0.513904338153504
			3.14883203559511	-0.518576195773081
			3.15350389321468	-0.518576195773081
			3.15817575083426	-0.523248053392659
			3.16284760845384	-0.527919911012236
			3.16751946607341	-0.532591768631813
			3.17219132369299	-0.53726362625139
			3.17686318131257	-0.541935483870968
			3.18153503893215	-0.546607341490545
			3.18620689655172	-0.551279199110122
			3.1908787541713	-0.5559510567297
			3.19555061179088	-0.560622914349277
			3.20022246941046	-0.565294771968854
			3.20489432703003	-0.569966629588432
			3.20956618464961	-0.574638487208009
			3.21423804226919	-0.579310344827586
			3.21890989988877	-0.583982202447164
			3.22358175750834	-0.588654060066741
			3.22825361512792	-0.588654060066741
			3.2329254727475	-0.593325917686318
			3.2329254727475	-0.597997775305895
			3.23759733036707	-0.602669632925473
			3.24226918798665	-0.60734149054505
			3.24694104560623	-0.612013348164627
			3.25161290322581	-0.616685205784205
			3.25628476084538	-0.621357063403782
			3.26095661846496	-0.626028921023359
			3.26562847608454	-0.630700778642937
			3.27030033370412	-0.635372636262514
			3.27497219132369	-0.635372636262514
			3.27497219132369	-0.640044493882091
			3.27964404894327	-0.644716351501669
			3.28431590656285	-0.649388209121246
			3.28898776418242	-0.654060066740823
			3.293659621802	-0.658731924360401
			3.29833147942158	-0.663403781979978
			3.30300333704116	-0.668075639599555
			3.30767519466073	-0.672747497219132
			3.31234705228031	-0.67741935483871
			3.31701890989989	-0.682091212458287
			3.32169076751947	-0.686763070077864
			3.32636262513904	-0.691434927697442
			3.33103448275862	-0.696106785317019
			3.3357063403782	-0.700778642936596
			3.34037819799778	-0.705450500556174
			3.34505005561735	-0.710122358175751
			3.34972191323693	-0.714794215795328
			3.35439377085651	-0.719466073414906
			3.35906562847608	-0.724137931034483
			3.36373748609566	-0.72880978865406
			3.36840934371524	-0.733481646273637
			3.37308120133482	-0.738153503893215
			3.37775305895439	-0.742825361512792
			3.38242491657397	-0.747497219132369
			3.38709677419355	-0.752169076751947
			3.39176863181313	-0.756840934371524
			3.3964404894327	-0.761512791991101
			3.3964404894327	-0.766184649610679
			3.40111234705228	-0.770856507230256
			3.40578420467186	-0.775528364849833
			3.41045606229144	-0.780200222469411
			3.41512791991101	-0.784872080088988
			3.41979977753059	-0.789543937708565
			3.42447163515017	-0.794215795328142
			3.42914349276974	-0.79888765294772
			3.43381535038932	-0.803559510567297
			3.4384872080089	-0.808231368186874
			3.44315906562848	-0.812903225806452
			3.44783092324805	-0.817575083426029
			3.45250278086763	-0.822246941045606
			3.45717463848721	-0.826918798665184
			3.46184649610679	-0.831590656284761
			3.46651835372636	-0.836262513904338
			3.46651835372636	-0.840934371523915
			3.47119021134594	-0.845606229143493
			3.47586206896552	-0.845606229143493
			3.47586206896552	-0.85027808676307
			3.48053392658509	-0.854949944382647
			3.48520578420467	-0.859621802002225
			3.48987764182425	-0.864293659621802
			3.49454949944383	-0.868965517241379
			3.4992213570634	-0.873637374860957
			3.50389321468298	-0.878309232480534
			3.50856507230256	-0.882981090100111
			3.51323692992214	-0.887652947719689
			3.51323692992214	-0.892324805339266
			3.51790878754171	-0.896996662958843
			3.52258064516129	-0.896996662958843
			3.52725250278087	-0.901668520578421
			3.52725250278087	-0.906340378197998
			3.53192436040045	-0.911012235817575
			3.53659621802002	-0.915684093437153
			3.5412680756396	-0.92035595105673
			3.54593993325918	-0.925027808676307
			3.55061179087875	-0.929699666295884
			3.55528364849833	-0.934371523915462
			3.55995550611791	-0.939043381535039
			3.55995550611791	-0.943715239154616
			3.56462736373749	-0.948387096774194
			3.56929922135706	-0.953058954393771
			3.57397107897664	-0.957730812013348
			3.57864293659622	-0.962402669632926
			3.57864293659622	-0.967074527252503
			3.5833147942158	-0.97174638487208
			3.58798665183537	-0.97174638487208
			3.59265850945495	-0.976418242491657
			3.59265850945495	-0.981090100111235
			3.59733036707453	-0.985761957730812
			3.6020022246941	-0.990433815350389
			3.60667408231368	-0.995105672969967
			3.60667408231368	-0.999777530589544
			3.61134593993326	-0.999777530589544
			3.61601779755284	-1.00444938820912
			3.61601779755284	-1.0091212458287
			3.62068965517241	-1.01379310344828
			3.62536151279199	-1.01846496106785
			3.62536151279199	-1.02313681868743
			3.63003337041157	-1.02313681868743
			3.63470522803115	-1.02780867630701
			3.63470522803115	-1.03248053392659
			3.63937708565072	-1.03715239154616
			3.6440489432703	-1.04182424916574
			3.64872080088988	-1.04649610678532
			3.64872080088988	-1.05116796440489
			3.65339265850946	-1.05583982202447
			3.65806451612903	-1.06051167964405
			3.65806451612903	-1.06518353726363
			3.66273637374861	-1.0698553948832
			3.66740823136819	-1.0698553948832
			3.66740823136819	-1.07452725250278
			3.67208008898776	-1.07919911012236
			3.67675194660734	-1.08387096774194
			3.67675194660734	-1.08854282536151
			3.68142380422692	-1.09321468298109
			3.6860956618465	-1.09788654060067
			3.69076751946607	-1.10255839822024
			3.69076751946607	-1.10723025583982
			3.69543937708565	-1.1119021134594
			3.69543937708565	-1.11657397107898
			3.70011123470523	-1.12124582869855
			3.70478309232481	-1.12591768631813
			3.70945494994438	-1.13058954393771
			3.70945494994438	-1.13526140155729
			3.71412680756396	-1.13993325917686
			3.71412680756396	-1.14460511679644
			3.71879866518354	-1.14927697441602
			3.71879866518354	-1.1539488320356
			3.72347052280311	-1.15862068965517
			3.72347052280311	-1.16329254727475
			3.72814238042269	-1.16796440489433
			3.73281423804227	-1.1726362625139
			3.73281423804227	-1.17730812013348
			3.73281423804227	-1.18197997775306
			3.73748609566185	-1.18665183537264
			3.73748609566185	-1.19132369299221
			3.73748609566185	-1.19599555061179
			3.74215795328142	-1.20066740823137
			3.74215795328142	-1.20533926585095
			3.74215795328142	-1.21001112347052
			3.74215795328142	-1.2146829810901
			3.74215795328142	-1.21935483870968
			3.746829810901	-1.22402669632925
			3.75150166852058	-1.22869855394883
			3.75150166852058	-1.23337041156841
			3.75617352614016	-1.23804226918799
			3.76084538375973	-1.24271412680756
			3.76551724137931	-1.24738598442714
			3.77018909899889	-1.25205784204672
			3.77018909899889	-1.2567296996663
			3.77486095661847	-1.26140155728587
			3.77953281423804	-1.26607341490545
			3.77953281423804	-1.27074527252503
			3.78420467185762	-1.27541713014461
			3.7888765294772	-1.28008898776418
			3.79354838709677	-1.28476084538376
			3.79354838709677	-1.28943270300334
			3.79822024471635	-1.29410456062291
			3.80289210233593	-1.29877641824249
			3.80756395995551	-1.30344827586207
			3.80756395995551	-1.30812013348165
			3.81223581757508	-1.31279199110122
			3.81223581757508	-1.3174638487208
			3.81690767519466	-1.3174638487208
			3.81690767519466	-1.32213570634038
			3.82157953281424	-1.32680756395996
			3.82625139043382	-1.33147942157953
			3.82625139043382	-1.33615127919911
			3.83092324805339	-1.34082313681869
			3.83092324805339	-1.34549499443826
			3.83559510567297	-1.35016685205784
			3.83559510567297	-1.35483870967742
			3.84026696329255	-1.359510567297
			3.84493882091212	-1.359510567297
			3.84493882091212	-1.36418242491657
			3.8496106785317	-1.36885428253615
			3.8496106785317	-1.37352614015573
			3.85428253615128	-1.37819799777531
			3.85428253615128	-1.38286985539488
			3.85428253615128	-1.38754171301446
			3.85895439377086	-1.38754171301446
			3.85895439377086	-1.39221357063404
			3.86362625139043	-1.39688542825362
			3.86362625139043	-1.40155728587319
			3.86829810901001	-1.40622914349277
			3.86829810901001	-1.41090100111235
			3.87296996662959	-1.41557285873192
			3.87764182424917	-1.4202447163515
			3.87764182424917	-1.42491657397108
			3.88231368186874	-1.42958843159066
			3.88231368186874	-1.43426028921023
			3.88698553948832	-1.43893214682981
			3.88698553948832	-1.44360400444939
			3.88698553948832	-1.44827586206897
			3.8916573971079	-1.44827586206897
			3.8916573971079	-1.45294771968854
			3.8916573971079	-1.45761957730812
			3.89632925472748	-1.45761957730812
			3.89632925472748	-1.4622914349277
			3.89632925472748	-1.46696329254727
			3.90100111234705	-1.47163515016685
			3.90100111234705	-1.47630700778643
			3.90567296996663	-1.48097886540601
			3.90567296996663	-1.48565072302558
			3.90567296996663	-1.49032258064516
			3.91034482758621	-1.49499443826474
			3.91034482758621	-1.49966629588432
			3.91501668520578	-1.50433815350389
			3.91501668520578	-1.50901001112347
			3.91968854282536	-1.51368186874305
			3.91968854282536	-1.51835372636263
			3.91968854282536	-1.5230255839822
			3.92436040044494	-1.52769744160178
			3.92436040044494	-1.53236929922136
			3.92436040044494	-1.53704115684093
			3.92903225806452	-1.54171301446051
			3.92903225806452	-1.54638487208009
			3.93370411568409	-1.55105672969967
			3.93370411568409	-1.55572858731924
			3.93370411568409	-1.56040044493882
			3.93837597330367	-1.5650723025584
			3.93837597330367	-1.56974416017798
			3.93837597330367	-1.57441601779755
			3.94304783092325	-1.57908787541713
			3.94304783092325	-1.58375973303671
			3.94304783092325	-1.58843159065628
			3.94304783092325	-1.59310344827586
			3.94771968854283	-1.59310344827586
			3.94771968854283	-1.59777530589544
			3.94771968854283	-1.60244716351502
			3.94771968854283	-1.60711902113459
			3.9523915461624	-1.61179087875417
			3.9523915461624	-1.61646273637375
			3.9523915461624	-1.62113459399333
			3.95706340378198	-1.6258064516129
			3.95706340378198	-1.63047830923248
			3.95706340378198	-1.63515016685206
			3.95706340378198	-1.63982202447164
			3.96173526140156	-1.64449388209121
			3.96173526140156	-1.64916573971079
			3.96173526140156	-1.65383759733037
			3.96173526140156	-1.65850945494994
			3.96640711902113	-1.66318131256952
			3.96640711902113	-1.6678531701891
			3.96640711902113	-1.67252502780868
			3.96640711902113	-1.67719688542825
			3.96640711902113	-1.68186874304783
			3.97107897664071	-1.68654060066741
			3.97107897664071	-1.69121245828699
			3.97107897664071	-1.69588431590656
			3.97107897664071	-1.70055617352614
			3.97107897664071	-1.70522803114572
			3.97575083426029	-1.70989988876529
			3.97575083426029	-1.71457174638487
			3.97575083426029	-1.71924360400445
			3.97575083426029	-1.72391546162403
			3.97575083426029	-1.7285873192436
			3.97575083426029	-1.73325917686318
			3.97575083426029	-1.73793103448276
			3.98042269187987	-1.74260289210234
			3.98042269187987	-1.74727474972191
			3.98042269187987	-1.75194660734149
			3.98042269187987	-1.75661846496107
			3.98042269187987	-1.76129032258065
			3.98042269187987	-1.76596218020022
			3.98042269187987	-1.7706340378198
			3.98042269187987	-1.77530589543938
			3.98509454949944	-1.77530589543938
			3.98509454949944	-1.77997775305895
			3.98509454949944	-1.78464961067853
			3.98509454949944	-1.78932146829811
			3.98509454949944	-1.79399332591769
			3.98509454949944	-1.79866518353726
			3.98509454949944	-1.80333704115684
			3.98509454949944	-1.80800889877642
			3.98509454949944	-1.812680756396
			3.98509454949944	-1.81735261401557
			3.98509454949944	-1.82202447163515
			3.98976640711902	-1.82669632925473
			3.98976640711902	-1.83136818687431
			3.98976640711902	-1.83604004449388
			3.98976640711902	-1.84071190211346
			3.98976640711902	-1.84538375973304
			3.98976640711902	-1.85005561735261
			3.98976640711902	-1.85472747497219
			3.98976640711902	-1.85939933259177
			3.98976640711902	-1.86407119021135
			3.98976640711902	-1.86874304783092
			3.98976640711902	-1.8734149054505
			3.98976640711902	-1.87808676307008
			3.9944382647386	-1.87808676307008
			3.9944382647386	-1.88275862068966
			3.9944382647386	-1.88743047830923
			3.99911012235818	-1.88743047830923
			3.99911012235818	-1.89210233592881
			3.99911012235818	-1.89677419354839
			4.00378197997775	-1.89677419354839
			4.00378197997775	-1.90144605116796
			4.00378197997775	-1.90611790878754
			4.00845383759733	-1.90611790878754
			4.00845383759733	-1.91078976640712
			4.01312569521691	-1.9154616240267
			4.01312569521691	-1.92013348164627
			4.01779755283648	-1.92480533926585
			4.02246941045606	-1.92947719688543
			4.02714126807564	-1.93414905450501
			4.02714126807564	-1.93882091212458
			4.03181312569522	-1.94349276974416
			4.03648498331479	-1.94816462736374
			4.03648498331479	-1.95283648498331
			4.04115684093437	-1.95750834260289
			4.04582869855395	-1.96218020022247
			4.04582869855395	-1.96685205784205
			4.05050055617353	-1.96685205784205
			4.0551724137931	-1.97152391546162
			4.0551724137931	-1.9761957730812
			4.05984427141268	-1.98086763070078
			4.06451612903226	-1.98553948832036
			4.06918798665184	-1.99021134593993
			4.07385984427141	-1.99488320355951
			4.07853170189099	-1.99955506117909
			4.08320355951057	-2.00422691879867
			4.08787541713015	-2.00889877641824
			4.09254727474972	-2.01357063403782
			4.0972191323693	-2.0182424916574
			4.10189098998888	-2.02291434927697
			4.10656284760845	-2.02758620689655
			4.11123470522803	-2.03225806451613
			4.11590656284761	-2.03692992213571
			4.12057842046719	-2.04160177975528
			4.12525027808676	-2.04160177975528
			4.12992213570634	-2.04627363737486
			4.13459399332592	-2.05094549499444
			4.1392658509455	-2.05561735261402
			4.14393770856507	-2.06028921023359
			4.14860956618465	-2.06496106785317
			4.15328142380423	-2.06496106785317
			4.1579532814238	-2.06963292547275
			4.16262513904338	-2.06963292547275
			4.16262513904338	-2.07430478309232
			4.16729699666296	-2.07430478309232
			4.17196885428254	-2.0789766407119
			4.17664071190211	-2.08364849833148
			4.18131256952169	-2.08364849833148
			4.18598442714127	-2.08832035595106
			4.19065628476085	-2.08832035595106
			4.19532814238042	-2.09299221357063
			4.2	-2.09766407119021
			4.20467185761958	-2.10233592880979
			4.20934371523915	-2.10233592880979
			4.21401557285873	-2.10700778642937
			4.21868743047831	-2.10700778642937
			4.21868743047831	-2.11167964404894
			4.22335928809789	-2.11167964404894
			4.22803114571746	-2.11167964404894
			4.23270300333704	-2.11635150166852
			4.23737486095662	-2.11635150166852
			4.2420467185762	-2.1210233592881
		</suture>
		<anterior type=matrix rownames=FALSE colnames=FALSE nrow=758 ncol=2 as.numeric=TRUE >
			2.17708565072303	-0.308342602892102
			2.1817575083426	-0.308342602892102
			2.18642936596218	-0.308342602892102
			2.19110122358176	-0.308342602892102
			2.19577308120133	-0.308342602892102
			2.20044493882091	-0.308342602892102
			2.20511679644049	-0.308342602892102
			2.20978865406007	-0.31301446051168
			2.21446051167964	-0.31301446051168
			2.21913236929922	-0.31301446051168
			2.2238042269188	-0.31301446051168
			2.22847608453838	-0.31301446051168
			2.23314794215795	-0.31301446051168
			2.23781979977753	-0.31301446051168
			2.24249165739711	-0.31301446051168
			2.24716351501669	-0.317686318131257
			2.25183537263626	-0.317686318131257
			2.25650723025584	-0.317686318131257
			2.26117908787542	-0.317686318131257
			2.26585094549499	-0.317686318131257
			2.27052280311457	-0.317686318131257
			2.27519466073415	-0.317686318131257
			2.27986651835373	-0.317686318131257
			2.2845383759733	-0.317686318131257
			2.28921023359288	-0.322358175750834
			2.29388209121246	-0.322358175750834
			2.29855394883204	-0.322358175750834
			2.30322580645161	-0.322358175750834
			2.30789766407119	-0.322358175750834
			2.31256952169077	-0.322358175750834
			2.31724137931035	-0.327030033370412
			2.32191323692992	-0.327030033370412
			2.3265850945495	-0.327030033370412
			2.33125695216908	-0.327030033370412
			2.33592880978865	-0.327030033370412
			2.34060066740823	-0.327030033370412
			2.34527252502781	-0.331701890989989
			2.34994438264739	-0.331701890989989
			2.35461624026696	-0.331701890989989
			2.35928809788654	-0.331701890989989
			2.36395995550612	-0.331701890989989
			2.3686318131257	-0.331701890989989
			2.37330367074527	-0.331701890989989
			2.37797552836485	-0.336373748609566
			2.38264738598443	-0.336373748609566
			2.387319243604	-0.336373748609566
			2.39199110122358	-0.336373748609566
			2.39666295884316	-0.336373748609566
			2.40133481646274	-0.341045606229144
			2.40600667408231	-0.341045606229144
			2.41067853170189	-0.341045606229144
			2.41535038932147	-0.341045606229144
			2.42002224694105	-0.341045606229144
			2.42469410456062	-0.341045606229144
			2.4293659621802	-0.345717463848721
			2.43403781979978	-0.345717463848721
			2.43870967741936	-0.345717463848721
			2.44338153503893	-0.345717463848721
			2.44805339265851	-0.345717463848721
			2.45272525027809	-0.350389321468298
			2.45739710789766	-0.350389321468298
			2.46206896551724	-0.350389321468298
			2.46674082313682	-0.350389321468298
			2.4714126807564	-0.350389321468298
			2.47608453837597	-0.350389321468298
			2.48075639599555	-0.355061179087875
			2.48542825361513	-0.355061179087875
			2.49010011123471	-0.355061179087875
			2.49477196885428	-0.355061179087875
			2.49944382647386	-0.359733036707453
			2.50411568409344	-0.359733036707453
			2.50878754171301	-0.359733036707453
			2.51345939933259	-0.359733036707453
			2.51813125695217	-0.359733036707453
			2.52280311457175	-0.359733036707453
			2.52747497219132	-0.36440489432703
			2.5321468298109	-0.36440489432703
			2.53681868743048	-0.36440489432703
			2.54149054505006	-0.36440489432703
			2.54616240266963	-0.369076751946607
			2.55083426028921	-0.369076751946607
			2.55550611790879	-0.369076751946607
			2.56017797552837	-0.369076751946607
			2.56484983314794	-0.369076751946607
			2.56952169076752	-0.373748609566185
			2.5741935483871	-0.373748609566185
			2.57886540600667	-0.373748609566185
			2.58353726362625	-0.373748609566185
			2.58820912124583	-0.373748609566185
			2.59288097886541	-0.378420467185762
			2.59755283648498	-0.378420467185762
			2.60222469410456	-0.378420467185762
			2.60689655172414	-0.378420467185762
			2.61156840934372	-0.383092324805339
			2.61624026696329	-0.383092324805339
			2.62091212458287	-0.383092324805339
			2.62558398220245	-0.383092324805339
			2.63025583982202	-0.383092324805339
			2.6349276974416	-0.387764182424917
			2.63959955506118	-0.387764182424917
			2.64427141268076	-0.387764182424917
			2.64894327030033	-0.387764182424917
			2.65361512791991	-0.392436040044494
			2.65828698553949	-0.392436040044494
			2.66295884315907	-0.392436040044494
			2.66763070077864	-0.392436040044494
			2.67230255839822	-0.397107897664071
			2.6769744160178	-0.397107897664071
			2.68164627363738	-0.397107897664071
			2.68631813125695	-0.397107897664071
			2.69098998887653	-0.397107897664071
			2.69566184649611	-0.401779755283649
			2.70033370411568	-0.401779755283649
			2.70500556173526	-0.401779755283649
			2.70967741935484	-0.401779755283649
			2.71434927697442	-0.406451612903226
			2.71902113459399	-0.406451612903226
			2.72369299221357	-0.406451612903226
			2.72836484983315	-0.406451612903226
			2.73303670745273	-0.411123470522803
			2.7377085650723	-0.411123470522803
			2.74238042269188	-0.411123470522803
			2.74705228031146	-0.411123470522803
			2.75172413793103	-0.41579532814238
			2.75639599555061	-0.41579532814238
			2.76106785317019	-0.41579532814238
			2.76573971078977	-0.41579532814238
			2.77041156840934	-0.41579532814238
			2.77508342602892	-0.420467185761958
			2.7797552836485	-0.420467185761958
			2.78442714126808	-0.420467185761958
			2.78909899888765	-0.420467185761958
			2.79377085650723	-0.425139043381535
			2.79844271412681	-0.425139043381535
			2.80311457174639	-0.425139043381535
			2.80778642936596	-0.425139043381535
			2.81245828698554	-0.429810901001112
			2.81713014460512	-0.429810901001112
			2.82180200222469	-0.429810901001112
			2.82647385984427	-0.429810901001112
			2.83114571746385	-0.43448275862069
			2.83581757508343	-0.43448275862069
			2.840489432703	-0.43448275862069
			2.84516129032258	-0.43448275862069
			2.84983314794216	-0.439154616240267
			2.85450500556174	-0.439154616240267
			2.85917686318131	-0.439154616240267
			2.86384872080089	-0.439154616240267
			2.86852057842047	-0.443826473859844
			2.87319243604004	-0.443826473859844
			2.87786429365962	-0.443826473859844
			2.8825361512792	-0.443826473859844
			2.88720800889878	-0.448498331479422
			2.89187986651835	-0.448498331479422
			2.89655172413793	-0.448498331479422
			2.90122358175751	-0.448498331479422
			2.90589543937709	-0.453170189098999
			2.91056729699666	-0.453170189098999
			2.91523915461624	-0.453170189098999
			2.91991101223582	-0.453170189098999
			2.9245828698554	-0.457842046718576
			2.92925472747497	-0.457842046718576
			2.93392658509455	-0.457842046718576
			2.93859844271413	-0.462513904338154
			2.9432703003337	-0.462513904338154
			2.94794215795328	-0.462513904338154
			2.95261401557286	-0.462513904338154
			2.95728587319244	-0.467185761957731
			2.96195773081201	-0.467185761957731
			2.96662958843159	-0.467185761957731
			2.97130144605117	-0.471857619577308
			2.97597330367075	-0.471857619577308
			2.98064516129032	-0.471857619577308
			2.9853170189099	-0.471857619577308
			2.98998887652948	-0.471857619577308
			2.98998887652948	-0.476529477196885
			2.99466073414905	-0.476529477196885
			2.99933259176863	-0.476529477196885
			3.00400444938821	-0.476529477196885
			3.00867630700779	-0.481201334816463
			3.01334816462736	-0.481201334816463
			3.01802002224694	-0.481201334816463
			3.02269187986652	-0.481201334816463
			3.0273637374861	-0.48587319243604
			3.03203559510567	-0.48587319243604
			3.03670745272525	-0.48587319243604
			3.04137931034483	-0.48587319243604
			3.04605116796441	-0.490545050055617
			3.05072302558398	-0.490545050055617
			3.05539488320356	-0.490545050055617
			3.06006674082314	-0.490545050055617
			3.06473859844271	-0.495216907675195
			3.06941045606229	-0.495216907675195
			3.07408231368187	-0.495216907675195
			3.07875417130145	-0.499888765294772
			3.08342602892102	-0.499888765294772
			3.0880978865406	-0.499888765294772
			3.09276974416018	-0.499888765294772
			3.09744160177976	-0.504560622914349
			3.10211345939933	-0.504560622914349
			3.10678531701891	-0.504560622914349
			3.11145717463849	-0.504560622914349
			3.11612903225806	-0.509232480533927
			3.12080088987764	-0.509232480533927
			3.12547274749722	-0.509232480533927
			3.1301446051168	-0.513904338153504
			3.13481646273637	-0.513904338153504
			3.13948832035595	-0.513904338153504
			3.14416017797553	-0.518576195773081
			3.14883203559511	-0.518576195773081
			3.15350389321468	-0.518576195773081
			3.15817575083426	-0.523248053392659
			3.16284760845384	-0.523248053392659
			3.16751946607341	-0.523248053392659
			3.16751946607341	-0.527919911012236
			3.17219132369299	-0.527919911012236
			3.17686318131257	-0.527919911012236
			3.17686318131257	-0.532591768631813
			3.18153503893215	-0.532591768631813
			3.18620689655172	-0.532591768631813
			3.18620689655172	-0.53726362625139
			3.1908787541713	-0.53726362625139
			3.19555061179088	-0.53726362625139
			3.19555061179088	-0.541935483870968
			3.20022246941046	-0.541935483870968
			3.20489432703003	-0.541935483870968
			3.20956618464961	-0.546607341490545
			3.21423804226919	-0.546607341490545
			3.21890989988877	-0.551279199110122
			3.22358175750834	-0.5559510567297
			3.22825361512792	-0.5559510567297
			3.2329254727475	-0.5559510567297
			3.23759733036707	-0.560622914349277
			3.24226918798665	-0.565294771968854
			3.24694104560623	-0.565294771968854
			3.25161290322581	-0.569966629588432
			3.25628476084538	-0.569966629588432
			3.26095661846496	-0.574638487208009
			3.26562847608454	-0.574638487208009
			3.27030033370412	-0.579310344827586
			3.27497219132369	-0.579310344827586
			3.27964404894327	-0.583982202447164
			3.28431590656285	-0.583982202447164
			3.28898776418242	-0.588654060066741
			3.293659621802	-0.588654060066741
			3.29833147942158	-0.593325917686318
			3.30300333704116	-0.593325917686318
			3.30767519466073	-0.597997775305895
			3.31234705228031	-0.602669632925473
			3.31701890989989	-0.602669632925473
			3.32169076751947	-0.60734149054505
			3.32636262513904	-0.60734149054505
			3.33103448275862	-0.612013348164627
			3.3357063403782	-0.616685205784205
			3.34037819799778	-0.616685205784205
			3.34505005561735	-0.616685205784205
			3.34972191323693	-0.621357063403782
			3.35439377085651	-0.626028921023359
			3.35906562847608	-0.626028921023359
			3.36373748609566	-0.630700778642937
			3.36840934371524	-0.630700778642937
			3.37308120133482	-0.635372636262514
			3.37775305895439	-0.640044493882091
			3.38242491657397	-0.640044493882091
			3.38709677419355	-0.644716351501669
			3.39176863181313	-0.644716351501669
			3.3964404894327	-0.649388209121246
			3.40111234705228	-0.649388209121246
			3.40578420467186	-0.654060066740823
			3.41045606229144	-0.658731924360401
			3.41512791991101	-0.658731924360401
			3.41979977753059	-0.663403781979978
			3.42447163515017	-0.668075639599555
			3.42914349276974	-0.668075639599555
			3.43381535038932	-0.672747497219132
			3.4384872080089	-0.672747497219132
			3.44315906562848	-0.67741935483871
			3.44783092324805	-0.67741935483871
			3.44783092324805	-0.682091212458287
			3.45250278086763	-0.682091212458287
			3.45717463848721	-0.686763070077864
			3.46184649610679	-0.686763070077864
			3.46184649610679	-0.691434927697442
			3.46651835372636	-0.691434927697442
			3.47119021134594	-0.696106785317019
			3.47586206896552	-0.696106785317019
			3.47586206896552	-0.700778642936596
			3.48053392658509	-0.700778642936596
			3.48520578420467	-0.705450500556174
			3.48987764182425	-0.705450500556174
			3.49454949944383	-0.710122358175751
			3.4992213570634	-0.714794215795328
			3.50389321468298	-0.714794215795328
			3.50856507230256	-0.719466073414906
			3.51323692992214	-0.724137931034483
			3.51790878754171	-0.724137931034483
			3.52258064516129	-0.72880978865406
			3.52725250278087	-0.733481646273637
			3.53192436040045	-0.738153503893215
			3.53659621802002	-0.738153503893215
			3.5412680756396	-0.742825361512792
			3.54593993325918	-0.747497219132369
			3.55061179087875	-0.747497219132369
			3.55528364849833	-0.752169076751947
			3.55995550611791	-0.756840934371524
			3.56462736373749	-0.756840934371524
			3.56929922135706	-0.761512791991101
			3.57397107897664	-0.761512791991101
			3.57397107897664	-0.766184649610679
			3.57864293659622	-0.766184649610679
			3.5833147942158	-0.770856507230256
			3.58798665183537	-0.775528364849833
			3.59265850945495	-0.780200222469411
			3.59733036707453	-0.780200222469411
			3.6020022246941	-0.784872080088988
			3.60667408231368	-0.789543937708565
			3.61134593993326	-0.789543937708565
			3.61134593993326	-0.794215795328142
			3.61601779755284	-0.79888765294772
			3.62068965517241	-0.79888765294772
			3.62536151279199	-0.803559510567297
			3.63003337041157	-0.803559510567297
			3.63470522803115	-0.808231368186874
			3.63937708565072	-0.812903225806452
			3.6440489432703	-0.817575083426029
			3.64872080088988	-0.822246941045606
			3.65339265850946	-0.826918798665184
			3.65806451612903	-0.826918798665184
			3.66273637374861	-0.831590656284761
			3.66740823136819	-0.836262513904338
			3.67208008898776	-0.840934371523915
			3.67675194660734	-0.845606229143493
			3.68142380422692	-0.845606229143493
			3.6860956618465	-0.85027808676307
			3.69076751946607	-0.854949944382647
			3.69543937708565	-0.859621802002225
			3.70011123470523	-0.864293659621802
			3.70478309232481	-0.864293659621802
			3.70945494994438	-0.868965517241379
			3.71412680756396	-0.873637374860957
			3.71879866518354	-0.878309232480534
			3.72347052280311	-0.882981090100111
			3.72814238042269	-0.882981090100111
			3.73281423804227	-0.887652947719689
			3.73748609566185	-0.892324805339266
			3.74215795328142	-0.896996662958843
			3.746829810901	-0.901668520578421
			3.75150166852058	-0.901668520578421
			3.75617352614016	-0.906340378197998
			3.76084538375973	-0.911012235817575
			3.76084538375973	-0.915684093437153
			3.76551724137931	-0.92035595105673
			3.77018909899889	-0.925027808676307
			3.77486095661847	-0.925027808676307
			3.77953281423804	-0.929699666295884
			3.78420467185762	-0.934371523915462
			3.7888765294772	-0.939043381535039
			3.79354838709677	-0.943715239154616
			3.79822024471635	-0.943715239154616
			3.80289210233593	-0.948387096774194
			3.80289210233593	-0.953058954393771
			3.80756395995551	-0.957730812013348
			3.81223581757508	-0.962402669632926
			3.81690767519466	-0.967074527252503
			3.82157953281424	-0.967074527252503
			3.82625139043382	-0.97174638487208
			3.83092324805339	-0.976418242491657
			3.83092324805339	-0.981090100111235
			3.83559510567297	-0.985761957730812
			3.84026696329255	-0.990433815350389
			3.84493882091212	-0.995105672969967
			3.8496106785317	-0.995105672969967
			3.85428253615128	-0.999777530589544
			3.85895439377086	-1.00444938820912
			3.85895439377086	-1.0091212458287
			3.86362625139043	-1.01379310344828
			3.86829810901001	-1.01846496106785
			3.87296996662959	-1.01846496106785
			3.87764182424917	-1.02313681868743
			3.87764182424917	-1.02780867630701
			3.88231368186874	-1.03248053392659
			3.88698553948832	-1.03715239154616
			3.8916573971079	-1.04182424916574
			3.89632925472748	-1.04649610678532
			3.89632925472748	-1.05116796440489
			3.90100111234705	-1.05116796440489
			3.90567296996663	-1.05583982202447
			3.91034482758621	-1.06051167964405
			3.91501668520578	-1.06518353726363
			3.91501668520578	-1.0698553948832
			3.91968854282536	-1.07452725250278
			3.92436040044494	-1.07919911012236
			3.92903225806452	-1.07919911012236
			3.92903225806452	-1.08387096774194
			3.93370411568409	-1.08854282536151
			3.93837597330367	-1.09321468298109
			3.94304783092325	-1.09788654060067
			3.94304783092325	-1.10255839822024
			3.94771968854283	-1.10723025583982
			3.9523915461624	-1.1119021134594
			3.9523915461624	-1.11657397107898
			3.95706340378198	-1.11657397107898
			3.96173526140156	-1.12124582869855
			3.96640711902113	-1.12591768631813
			3.96640711902113	-1.13058954393771
			3.97107897664071	-1.13526140155729
			3.97575083426029	-1.13993325917686
			3.97575083426029	-1.14460511679644
			3.98042269187987	-1.14927697441602
			3.98509454949944	-1.1539488320356
			3.98976640711902	-1.1539488320356
			3.98976640711902	-1.15862068965517
			3.9944382647386	-1.16329254727475
			3.99911012235818	-1.16796440489433
			3.99911012235818	-1.1726362625139
			4.00378197997775	-1.17730812013348
			4.00845383759733	-1.18197997775306
			4.00845383759733	-1.18665183537264
			4.01312569521691	-1.19132369299221
			4.01779755283648	-1.19599555061179
			4.01779755283648	-1.20066740823137
			4.02246941045606	-1.20533926585095
			4.02714126807564	-1.20533926585095
			4.02714126807564	-1.21001112347052
			4.03181312569522	-1.2146829810901
			4.03181312569522	-1.21935483870968
			4.03648498331479	-1.22402669632925
			4.04115684093437	-1.22869855394883
			4.04115684093437	-1.23337041156841
			4.04582869855395	-1.23804226918799
			4.05050055617353	-1.24271412680756
			4.05050055617353	-1.24738598442714
			4.0551724137931	-1.25205784204672
			4.0551724137931	-1.2567296996663
			4.05984427141268	-1.26140155728587
			4.06451612903226	-1.26140155728587
			4.06451612903226	-1.26607341490545
			4.06918798665184	-1.27074527252503
			4.06918798665184	-1.27541713014461
			4.07385984427141	-1.28008898776418
			4.07385984427141	-1.28476084538376
			4.07853170189099	-1.28943270300334
			4.08320355951057	-1.29410456062291
			4.08320355951057	-1.29877641824249
			4.08787541713015	-1.30344827586207
			4.08787541713015	-1.30812013348165
			4.09254727474972	-1.31279199110122
			4.09254727474972	-1.3174638487208
			4.0972191323693	-1.32213570634038
			4.0972191323693	-1.32680756395996
			4.10189098998888	-1.33147942157953
			4.10656284760845	-1.33615127919911
			4.10656284760845	-1.34082313681869
			4.11123470522803	-1.34549499443826
			4.11123470522803	-1.35016685205784
			4.11590656284761	-1.35483870967742
			4.12057842046719	-1.359510567297
			4.12057842046719	-1.36418242491657
			4.12057842046719	-1.36885428253615
			4.12525027808676	-1.37352614015573
			4.12525027808676	-1.37819799777531
			4.12992213570634	-1.38286985539488
			4.13459399332592	-1.38754171301446
			4.13459399332592	-1.39221357063404
			4.13459399332592	-1.39688542825362
			4.1392658509455	-1.40155728587319
			4.1392658509455	-1.40622914349277
			4.14393770856507	-1.40622914349277
			4.14393770856507	-1.41090100111235
			4.14393770856507	-1.41557285873192
			4.14860956618465	-1.4202447163515
			4.14860956618465	-1.42491657397108
			4.15328142380423	-1.42958843159066
			4.15328142380423	-1.43426028921023
			4.1579532814238	-1.43893214682981
			4.1579532814238	-1.44360400444939
			4.16262513904338	-1.44827586206897
			4.16262513904338	-1.45294771968854
			4.16729699666296	-1.45761957730812
			4.16729699666296	-1.4622914349277
			4.16729699666296	-1.46696329254727
			4.17196885428254	-1.47163515016685
			4.17196885428254	-1.47630700778643
			4.17664071190211	-1.48097886540601
			4.17664071190211	-1.48565072302558
			4.17664071190211	-1.49032258064516
			4.18131256952169	-1.49499443826474
			4.18131256952169	-1.49966629588432
			4.18131256952169	-1.50433815350389
			4.18598442714127	-1.50901001112347
			4.18598442714127	-1.51368186874305
			4.19065628476085	-1.51835372636263
			4.19065628476085	-1.5230255839822
			4.19065628476085	-1.52769744160178
			4.19532814238042	-1.53236929922136
			4.19532814238042	-1.53704115684093
			4.2	-1.54171301446051
			4.2	-1.54638487208009
			4.2	-1.55105672969967
			4.2	-1.55572858731924
			4.20467185761958	-1.56040044493882
			4.20467185761958	-1.5650723025584
			4.20467185761958	-1.56974416017798
			4.20934371523915	-1.57441601779755
			4.20934371523915	-1.57908787541713
			4.20934371523915	-1.58375973303671
			4.21401557285873	-1.58843159065628
			4.21401557285873	-1.59310344827586
			4.21401557285873	-1.59777530589544
			4.21868743047831	-1.60244716351502
			4.21868743047831	-1.60711902113459
			4.21868743047831	-1.61179087875417
			4.21868743047831	-1.61646273637375
			4.22335928809789	-1.62113459399333
			4.22335928809789	-1.6258064516129
			4.22335928809789	-1.63047830923248
			4.22803114571746	-1.63515016685206
			4.22803114571746	-1.63982202447164
			4.22803114571746	-1.64449388209121
			4.22803114571746	-1.64916573971079
			4.23270300333704	-1.65383759733037
			4.23270300333704	-1.65850945494994
			4.23270300333704	-1.66318131256952
			4.23270300333704	-1.6678531701891
			4.23737486095662	-1.67252502780868
			4.23737486095662	-1.67719688542825
			4.23737486095662	-1.68186874304783
			4.23737486095662	-1.68654060066741
			4.2420467185762	-1.69121245828699
			4.2420467185762	-1.69588431590656
			4.2420467185762	-1.70055617352614
			4.2420467185762	-1.70522803114572
			4.2420467185762	-1.70989988876529
			4.24671857619577	-1.71457174638487
			4.24671857619577	-1.71924360400445
			4.24671857619577	-1.72391546162403
			4.24671857619577	-1.7285873192436
			4.24671857619577	-1.73325917686318
			4.25139043381535	-1.73793103448276
			4.25139043381535	-1.74260289210234
			4.25139043381535	-1.74727474972191
			4.25139043381535	-1.75194660734149
			4.25139043381535	-1.75661846496107
			4.25606229143493	-1.76129032258065
			4.25606229143493	-1.76596218020022
			4.25606229143493	-1.7706340378198
			4.25606229143493	-1.77530589543938
			4.25606229143493	-1.77997775305895
			4.25606229143493	-1.78464961067853
			4.2607341490545	-1.78932146829811
			4.2607341490545	-1.79399332591769
			4.2607341490545	-1.79866518353726
			4.2607341490545	-1.80333704115684
			4.2607341490545	-1.80800889877642
			4.2607341490545	-1.812680756396
			4.2607341490545	-1.81735261401557
			4.26540600667408	-1.82202447163515
			4.26540600667408	-1.82669632925473
			4.26540600667408	-1.83136818687431
			4.26540600667408	-1.83604004449388
			4.26540600667408	-1.84071190211346
			4.26540600667408	-1.84538375973304
			4.26540600667408	-1.85005561735261
			4.26540600667408	-1.85472747497219
			4.27007786429366	-1.85939933259177
			4.27007786429366	-1.86407119021135
			4.27007786429366	-1.86874304783092
			4.27007786429366	-1.8734149054505
			4.27007786429366	-1.87808676307008
			4.27007786429366	-1.88275862068966
			4.27007786429366	-1.88743047830923
			4.27007786429366	-1.89210233592881
			4.27007786429366	-1.89677419354839
			4.27007786429366	-1.90144605116796
			4.27007786429366	-1.90611790878754
			4.27474972191324	-1.91078976640712
			4.27474972191324	-1.9154616240267
			4.27474972191324	-1.92013348164627
			4.27474972191324	-1.92480533926585
			4.27474972191324	-1.92947719688543
			4.27474972191324	-1.93414905450501
			4.27474972191324	-1.93882091212458
			4.27474972191324	-1.94349276974416
			4.27474972191324	-1.94816462736374
			4.27474972191324	-1.95283648498331
			4.27474972191324	-1.95750834260289
			4.27474972191324	-1.96218020022247
			4.27474972191324	-1.96685205784205
			4.27474972191324	-1.97152391546162
			4.27474972191324	-1.9761957730812
			4.27474972191324	-1.98086763070078
			4.27474972191324	-1.98553948832036
			4.27474972191324	-1.99021134593993
			4.27474972191324	-1.99488320355951
			4.27474972191324	-1.99955506117909
			4.27474972191324	-2.00422691879867
			4.27474972191324	-2.00889877641824
			4.27474972191324	-2.01357063403782
			4.27474972191324	-2.0182424916574
			4.27474972191324	-2.02291434927697
			4.27474972191324	-2.02758620689655
			4.27474972191324	-2.03225806451613
			4.27474972191324	-2.03692992213571
			4.27474972191324	-2.04160177975528
			4.27474972191324	-2.04627363737486
			4.27474972191324	-2.05094549499444
			4.27474972191324	-2.05561735261402
			4.27474972191324	-2.06028921023359
			4.27474972191324	-2.06496106785317
			4.27474972191324	-2.06963292547275
			4.27474972191324	-2.07430478309232
			4.27474972191324	-2.0789766407119
			4.27474972191324	-2.08364849833148
			4.27474972191324	-2.08832035595106
			4.27474972191324	-2.09299221357063
			4.27474972191324	-2.09766407119021
			4.27474972191324	-2.10233592880979
			4.27474972191324	-2.10700778642937
			4.27474972191324	-2.11167964404894
			4.27474972191324	-2.11635150166852
			4.27474972191324	-2.1210233592881
			4.27474972191324	-2.12569521690768
			4.27474972191324	-2.13036707452725
			4.27007786429366	-2.13503893214683
			4.27007786429366	-2.13971078976641
			4.27007786429366	-2.14438264738598
			4.27007786429366	-2.14905450500556
			4.27007786429366	-2.15372636262514
			4.27007786429366	-2.15839822024472
			4.27007786429366	-2.16307007786429
			4.27007786429366	-2.16774193548387
			4.27007786429366	-2.17241379310345
			4.27007786429366	-2.17708565072303
			4.27007786429366	-2.1817575083426
			4.27007786429366	-2.18642936596218
			4.26540600667408	-2.19110122358176
			4.26540600667408	-2.19577308120133
			4.26540600667408	-2.20044493882091
			4.26540600667408	-2.20511679644049
			4.26540600667408	-2.20978865406007
			4.26540600667408	-2.21446051167964
			4.26540600667408	-2.21913236929922
			4.26540600667408	-2.2238042269188
			4.26540600667408	-2.22847608453838
			4.2607341490545	-2.23314794215795
			4.2607341490545	-2.23781979977753
			4.2607341490545	-2.24249165739711
			4.2607341490545	-2.24716351501669
			4.2607341490545	-2.25183537263626
			4.2607341490545	-2.25650723025584
			4.2607341490545	-2.26117908787542
			4.2607341490545	-2.26585094549499
			4.25606229143493	-2.27052280311457
			4.25606229143493	-2.27519466073415
			4.25606229143493	-2.27986651835373
			4.25606229143493	-2.2845383759733
			4.25606229143493	-2.28921023359288
			4.25606229143493	-2.29388209121246
			4.25139043381535	-2.29855394883204
			4.25139043381535	-2.30322580645161
			4.25139043381535	-2.30789766407119
			4.25139043381535	-2.31256952169077
			4.25139043381535	-2.31724137931035
			4.25139043381535	-2.32191323692992
			4.24671857619577	-2.3265850945495
			4.24671857619577	-2.33125695216908
			4.24671857619577	-2.33592880978865
			4.24671857619577	-2.34060066740823
			4.24671857619577	-2.34527252502781
			4.24671857619577	-2.34994438264739
			4.2420467185762	-2.35461624026696
			4.2420467185762	-2.35928809788654
			4.2420467185762	-2.36395995550612
			4.2420467185762	-2.3686318131257
			4.2420467185762	-2.37330367074527
			4.23737486095662	-2.37797552836485
			4.23737486095662	-2.38264738598443
			4.23737486095662	-2.387319243604
			4.23737486095662	-2.39199110122358
			4.23737486095662	-2.39666295884316
			4.23270300333704	-2.40133481646274
			4.23270300333704	-2.40600667408231
			4.23270300333704	-2.41067853170189
			4.23270300333704	-2.41535038932147
			4.23270300333704	-2.42002224694105
			4.22803114571746	-2.42469410456062
			4.22803114571746	-2.4293659621802
			4.22803114571746	-2.43403781979978
			4.22803114571746	-2.43870967741936
			4.22335928809789	-2.44338153503893
			4.22335928809789	-2.44805339265851
			4.22335928809789	-2.45272525027809
			4.22335928809789	-2.45739710789766
			4.21868743047831	-2.46206896551724
			4.21868743047831	-2.46674082313682
			4.21868743047831	-2.4714126807564
			4.21868743047831	-2.47608453837597
			4.21868743047831	-2.48075639599555
			4.21401557285873	-2.48542825361513
			4.21401557285873	-2.49010011123471
			4.21401557285873	-2.49477196885428
			4.20934371523915	-2.49944382647386
			4.20934371523915	-2.50411568409344
			4.20934371523915	-2.50878754171301
			4.20934371523915	-2.51345939933259
			4.20467185761958	-2.51813125695217
			4.20467185761958	-2.52280311457175
			4.20467185761958	-2.52747497219132
			4.20467185761958	-2.5321468298109
			4.2	-2.53681868743048
			4.2	-2.54149054505006
			4.2	-2.54616240266963
			4.2	-2.55083426028921
			4.19532814238042	-2.55550611790879
			4.19532814238042	-2.56017797552837
			4.19532814238042	-2.56484983314794
			4.19065628476085	-2.56952169076752
			4.19065628476085	-2.5741935483871
			4.19065628476085	-2.57886540600667
			4.19065628476085	-2.58353726362625
			4.18598442714127	-2.58820912124583
			4.18598442714127	-2.59288097886541
			4.18598442714127	-2.59755283648498
			4.18131256952169	-2.60222469410456
			4.18131256952169	-2.60689655172414
			4.18131256952169	-2.61156840934372
			4.18131256952169	-2.61624026696329
			4.17664071190211	-2.62091212458287
			4.17664071190211	-2.62558398220245
			4.17196885428254	-2.63025583982202
			4.17196885428254	-2.6349276974416
			4.17196885428254	-2.63959955506118
			4.17196885428254	-2.64427141268076
			4.16729699666296	-2.64894327030033
			4.16729699666296	-2.65361512791991
			4.16729699666296	-2.65828698553949
			4.16262513904338	-2.66295884315907
			4.16262513904338	-2.66763070077864
			4.16262513904338	-2.67230255839822
			4.1579532814238	-2.6769744160178
			4.1579532814238	-2.68164627363738
			4.1579532814238	-2.68631813125695
			4.15328142380423	-2.69098998887653
			4.15328142380423	-2.69566184649611
			4.15328142380423	-2.70033370411568
			4.14860956618465	-2.70500556173526
			4.14860956618465	-2.70967741935484
			4.14393770856507	-2.71434927697442
			4.14393770856507	-2.71902113459399
			4.14393770856507	-2.72369299221357
			4.1392658509455	-2.72836484983315
			4.1392658509455	-2.73303670745273
			4.1392658509455	-2.7377085650723
			4.13459399332592	-2.74238042269188
			4.13459399332592	-2.74705228031146
			4.13459399332592	-2.75172413793103
			4.12992213570634	-2.75639599555061
			4.12992213570634	-2.76106785317019
		</anterior>
		<posterior type=matrix rownames=FALSE colnames=FALSE nrow=429 ncol=2 as.numeric=TRUE >
			2.20978865406007	-3.19555061179088
			2.21446051167964	-3.19555061179088
			2.21913236929922	-3.19555061179088
			2.2238042269188	-3.20022246941046
			2.22847608453838	-3.20022246941046
			2.23314794215795	-3.20022246941046
			2.23781979977753	-3.20022246941046
			2.24249165739711	-3.20022246941046
			2.24716351501669	-3.20022246941046
			2.25183537263626	-3.20489432703003
			2.25650723025584	-3.20489432703003
			2.26117908787542	-3.20489432703003
			2.26585094549499	-3.20489432703003
			2.27052280311457	-3.20489432703003
			2.27519466073415	-3.20489432703003
			2.27986651835373	-3.20489432703003
			2.2845383759733	-3.20489432703003
			2.28921023359288	-3.20956618464961
			2.29388209121246	-3.20956618464961
			2.29855394883204	-3.20956618464961
			2.30322580645161	-3.20956618464961
			2.30789766407119	-3.20956618464961
			2.31256952169077	-3.20956618464961
			2.31724137931035	-3.20956618464961
			2.32191323692992	-3.20956618464961
			2.3265850945495	-3.20956618464961
			2.33125695216908	-3.20956618464961
			2.33592880978865	-3.20956618464961
			2.34060066740823	-3.20956618464961
			2.34527252502781	-3.20956618464961
			2.34994438264739	-3.20956618464961
			2.35461624026696	-3.20956618464961
			2.35928809788654	-3.20956618464961
			2.36395995550612	-3.20956618464961
			2.3686318131257	-3.20956618464961
			2.37330367074527	-3.20956618464961
			2.37797552836485	-3.20956618464961
			2.38264738598443	-3.20956618464961
			2.387319243604	-3.20956618464961
			2.39199110122358	-3.20956618464961
			2.39666295884316	-3.20956618464961
			2.40133481646274	-3.20956618464961
			2.40600667408231	-3.20956618464961
			2.41067853170189	-3.20956618464961
			2.41535038932147	-3.20956618464961
			2.42002224694105	-3.20956618464961
			2.42469410456062	-3.20956618464961
			2.4293659621802	-3.20956618464961
			2.43403781979978	-3.20956618464961
			2.43870967741936	-3.20956618464961
			2.44338153503893	-3.20956618464961
			2.44805339265851	-3.20956618464961
			2.45272525027809	-3.20956618464961
			2.45739710789766	-3.20956618464961
			2.46206896551724	-3.20956618464961
			2.46674082313682	-3.20956618464961
			2.4714126807564	-3.20489432703003
			2.47608453837597	-3.20489432703003
			2.48075639599555	-3.20489432703003
			2.48542825361513	-3.20489432703003
			2.49010011123471	-3.20489432703003
			2.49477196885428	-3.20489432703003
			2.49944382647386	-3.20489432703003
			2.50411568409344	-3.20489432703003
			2.50878754171301	-3.20489432703003
			2.51345939933259	-3.20022246941046
			2.51813125695217	-3.20022246941046
			2.52280311457175	-3.20022246941046
			2.52747497219132	-3.20022246941046
			2.5321468298109	-3.20022246941046
			2.53681868743048	-3.20022246941046
			2.54149054505006	-3.20022246941046
			2.54616240266963	-3.19555061179088
			2.55083426028921	-3.19555061179088
			2.55550611790879	-3.19555061179088
			2.56017797552837	-3.19555061179088
			2.56484983314794	-3.19555061179088
			2.56952169076752	-3.19555061179088
			2.5741935483871	-3.1908787541713
			2.57886540600667	-3.1908787541713
			2.58353726362625	-3.1908787541713
			2.58820912124583	-3.1908787541713
			2.59288097886541	-3.1908787541713
			2.59755283648498	-3.18620689655172
			2.60222469410456	-3.18620689655172
			2.60689655172414	-3.18620689655172
			2.61156840934372	-3.18620689655172
			2.61624026696329	-3.18153503893215
			2.62091212458287	-3.18153503893215
			2.62558398220245	-3.18153503893215
			2.63025583982202	-3.18153503893215
			2.6349276974416	-3.18153503893215
			2.63959955506118	-3.17686318131257
			2.64427141268076	-3.17686318131257
			2.64894327030033	-3.17686318131257
			2.65361512791991	-3.17686318131257
			2.65828698553949	-3.17686318131257
			2.66295884315907	-3.17219132369299
			2.66763070077864	-3.17219132369299
			2.67230255839822	-3.17219132369299
			2.6769744160178	-3.16751946607341
			2.68164627363738	-3.16751946607341
			2.68631813125695	-3.16751946607341
			2.69098998887653	-3.16751946607341
			2.69098998887653	-3.16284760845384
			2.69566184649611	-3.16284760845384
			2.70033370411568	-3.16284760845384
			2.70500556173526	-3.16284760845384
			2.70967741935484	-3.15817575083426
			2.71434927697442	-3.15817575083426
			2.71902113459399	-3.15817575083426
			2.72369299221357	-3.15817575083426
			2.72836484983315	-3.15350389321468
			2.73303670745273	-3.15350389321468
			2.7377085650723	-3.15350389321468
			2.74238042269188	-3.14883203559511
			2.74705228031146	-3.14883203559511
			2.75172413793103	-3.14883203559511
			2.75639599555061	-3.14416017797553
			2.76106785317019	-3.14416017797553
			2.76573971078977	-3.14416017797553
			2.77041156840934	-3.13948832035595
			2.77508342602892	-3.13948832035595
			2.7797552836485	-3.13948832035595
			2.78442714126808	-3.13481646273637
			2.78909899888765	-3.13481646273637
			2.79377085650723	-3.13481646273637
			2.79844271412681	-3.1301446051168
			2.80311457174639	-3.1301446051168
			2.80778642936596	-3.1301446051168
			2.81245828698554	-3.12547274749722
			2.81713014460512	-3.12547274749722
			2.82180200222469	-3.12547274749722
			2.82647385984427	-3.12080088987764
			2.83114571746385	-3.12080088987764
			2.83581757508343	-3.11612903225806
			2.840489432703	-3.11612903225806
			2.84516129032258	-3.11612903225806
			2.84983314794216	-3.11145717463849
			2.85450500556174	-3.11145717463849
			2.85917686318131	-3.10678531701891
			2.86384872080089	-3.10678531701891
			2.86852057842047	-3.10678531701891
			2.87319243604004	-3.10211345939933
			2.87786429365962	-3.10211345939933
			2.8825361512792	-3.09744160177976
			2.88720800889878	-3.09744160177976
			2.89187986651835	-3.09744160177976
			2.89655172413793	-3.09276974416018
			2.90122358175751	-3.09276974416018
			2.90589543937709	-3.0880978865406
			2.91056729699666	-3.0880978865406
			2.91523915461624	-3.08342602892102
			2.91991101223582	-3.08342602892102
			2.9245828698554	-3.08342602892102
			2.92925472747497	-3.07875417130145
			2.93392658509455	-3.07875417130145
			2.93859844271413	-3.07408231368187
			2.9432703003337	-3.07408231368187
			2.94794215795328	-3.07408231368187
			2.95261401557286	-3.06941045606229
			2.95728587319244	-3.06473859844271
			2.96195773081201	-3.06473859844271
			2.96662958843159	-3.06473859844271
			2.97130144605117	-3.06006674082314
			2.97597330367075	-3.06006674082314
			2.98064516129032	-3.05539488320356
			2.9853170189099	-3.05539488320356
			2.98998887652948	-3.05072302558398
			2.99466073414905	-3.05072302558398
			2.99933259176863	-3.05072302558398
			3.00400444938821	-3.04605116796441
			3.00867630700779	-3.04605116796441
			3.01334816462736	-3.04137931034483
			3.01802002224694	-3.03670745272525
			3.02269187986652	-3.03670745272525
			3.0273637374861	-3.03670745272525
			3.03203559510567	-3.03203559510567
			3.03670745272525	-3.03203559510567
			3.04137931034483	-3.0273637374861
			3.04605116796441	-3.0273637374861
			3.05072302558398	-3.02269187986652
			3.05539488320356	-3.02269187986652
			3.06006674082314	-3.01802002224694
			3.06473859844271	-3.01802002224694
			3.06941045606229	-3.01334816462736
			3.07408231368187	-3.01334816462736
			3.07875417130145	-3.00867630700779
			3.08342602892102	-3.00867630700779
			3.0880978865406	-3.00400444938821
			3.09276974416018	-3.00400444938821
			3.09744160177976	-2.99933259176863
			3.10211345939933	-2.99933259176863
			3.10678531701891	-2.99466073414905
			3.11145717463849	-2.98998887652948
			3.11612903225806	-2.98998887652948
			3.12080088987764	-2.9853170189099
			3.12547274749722	-2.9853170189099
			3.1301446051168	-2.98064516129032
			3.13481646273637	-2.98064516129032
			3.13948832035595	-2.97597330367075
			3.14416017797553	-2.97597330367075
			3.14883203559511	-2.97130144605117
			3.15350389321468	-2.97130144605117
			3.15817575083426	-2.96662958843159
			3.16284760845384	-2.96662958843159
			3.16751946607341	-2.96195773081201
			3.17219132369299	-2.95728587319244
			3.17686318131257	-2.95728587319244
			3.18153503893215	-2.95261401557286
			3.18620689655172	-2.95261401557286
			3.1908787541713	-2.94794215795328
			3.19555061179088	-2.94794215795328
			3.20022246941046	-2.9432703003337
			3.20489432703003	-2.9432703003337
			3.20956618464961	-2.93859844271413
			3.21423804226919	-2.93392658509455
			3.21890989988877	-2.93392658509455
			3.22358175750834	-2.92925472747497
			3.22825361512792	-2.92925472747497
			3.2329254727475	-2.92925472747497
			3.23759733036707	-2.92925472747497
			3.24226918798665	-2.93392658509455
			3.24694104560623	-2.93392658509455
			3.25161290322581	-2.93392658509455
			3.25628476084538	-2.93392658509455
			3.26095661846496	-2.93392658509455
			3.26562847608454	-2.93392658509455
			3.27030033370412	-2.93392658509455
			3.27497219132369	-2.93392658509455
			3.27964404894327	-2.93859844271413
			3.28431590656285	-2.93859844271413
			3.28898776418242	-2.93859844271413
			3.293659621802	-2.93859844271413
			3.29833147942158	-2.93859844271413
			3.30300333704116	-2.93859844271413
			3.30767519466073	-2.93859844271413
			3.31234705228031	-2.93859844271413
			3.31701890989989	-2.93859844271413
			3.32169076751947	-2.9432703003337
			3.32636262513904	-2.9432703003337
			3.33103448275862	-2.9432703003337
			3.3357063403782	-2.9432703003337
			3.34037819799778	-2.9432703003337
			3.34505005561735	-2.9432703003337
			3.34972191323693	-2.9432703003337
			3.35439377085651	-2.9432703003337
			3.35906562847608	-2.9432703003337
			3.35906562847608	-2.94794215795328
			3.36373748609566	-2.94794215795328
			3.36840934371524	-2.94794215795328
			3.37308120133482	-2.94794215795328
			3.37775305895439	-2.94794215795328
			3.38242491657397	-2.94794215795328
			3.38709677419355	-2.94794215795328
			3.39176863181313	-2.94794215795328
			3.3964404894327	-2.94794215795328
			3.40111234705228	-2.94794215795328
			3.40578420467186	-2.94794215795328
			3.41045606229144	-2.95261401557286
			3.41512791991101	-2.95261401557286
			3.41979977753059	-2.95261401557286
			3.42447163515017	-2.95261401557286
			3.42914349276974	-2.95261401557286
			3.43381535038932	-2.95261401557286
			3.4384872080089	-2.95261401557286
			3.44315906562848	-2.95261401557286
			3.44783092324805	-2.95261401557286
			3.45250278086763	-2.95261401557286
			3.45717463848721	-2.95261401557286
			3.46184649610679	-2.95261401557286
			3.46651835372636	-2.95728587319244
			3.47119021134594	-2.95728587319244
			3.47586206896552	-2.95728587319244
			3.48053392658509	-2.95728587319244
			3.48520578420467	-2.95728587319244
			3.48987764182425	-2.95728587319244
			3.49454949944383	-2.95728587319244
			3.4992213570634	-2.95728587319244
			3.50389321468298	-2.95728587319244
			3.50856507230256	-2.95728587319244
			3.51323692992214	-2.95728587319244
			3.51790878754171	-2.95728587319244
			3.52258064516129	-2.95728587319244
			3.52725250278087	-2.95728587319244
			3.53192436040045	-2.95728587319244
			3.53659621802002	-2.95728587319244
			3.5412680756396	-2.95728587319244
			3.54593993325918	-2.95728587319244
			3.55061179087875	-2.95728587319244
			3.55528364849833	-2.96195773081201
			3.55995550611791	-2.96195773081201
			3.56462736373749	-2.96195773081201
			3.56929922135706	-2.96195773081201
			3.57397107897664	-2.96195773081201
			3.57864293659622	-2.96195773081201
			3.5833147942158	-2.96195773081201
			3.58798665183537	-2.96195773081201
			3.59265850945495	-2.96195773081201
			3.59733036707453	-2.96195773081201
			3.6020022246941	-2.96195773081201
			3.60667408231368	-2.96195773081201
			3.61134593993326	-2.96195773081201
			3.61601779755284	-2.96195773081201
			3.62068965517241	-2.96195773081201
			3.62536151279199	-2.96195773081201
			3.63003337041157	-2.96195773081201
			3.63470522803115	-2.96195773081201
			3.63937708565072	-2.96195773081201
			3.6440489432703	-2.96195773081201
			3.64872080088988	-2.96195773081201
			3.65339265850946	-2.96195773081201
			3.65806451612903	-2.96195773081201
			3.66273637374861	-2.96195773081201
			3.66740823136819	-2.96195773081201
			3.67208008898776	-2.96195773081201
			3.67675194660734	-2.96195773081201
			3.68142380422692	-2.96195773081201
			3.6860956618465	-2.96195773081201
			3.69076751946607	-2.96195773081201
			3.69543937708565	-2.96195773081201
			3.70011123470523	-2.96195773081201
			3.70478309232481	-2.96195773081201
			3.70945494994438	-2.96195773081201
			3.71412680756396	-2.95728587319244
			3.71879866518354	-2.95728587319244
			3.72347052280311	-2.95728587319244
			3.72814238042269	-2.95728587319244
			3.73281423804227	-2.95728587319244
			3.73748609566185	-2.95728587319244
			3.74215795328142	-2.95728587319244
			3.746829810901	-2.95728587319244
			3.75150166852058	-2.95728587319244
			3.75617352614016	-2.95728587319244
			3.76084538375973	-2.95728587319244
			3.76551724137931	-2.95728587319244
			3.77018909899889	-2.95728587319244
			3.77486095661847	-2.95728587319244
			3.77953281423804	-2.95261401557286
			3.78420467185762	-2.95261401557286
			3.7888765294772	-2.95261401557286
			3.79354838709677	-2.95261401557286
			3.79822024471635	-2.95261401557286
			3.80289210233593	-2.95261401557286
			3.80756395995551	-2.95261401557286
			3.81223581757508	-2.95261401557286
			3.81690767519466	-2.95261401557286
			3.82157953281424	-2.94794215795328
			3.82625139043382	-2.94794215795328
			3.83092324805339	-2.94794215795328
			3.83559510567297	-2.94794215795328
			3.84026696329255	-2.94794215795328
			3.84493882091212	-2.94794215795328
			3.8496106785317	-2.94794215795328
			3.85428253615128	-2.9432703003337
			3.85895439377086	-2.9432703003337
			3.86362625139043	-2.9432703003337
			3.86829810901001	-2.9432703003337
			3.87296996662959	-2.9432703003337
			3.87764182424917	-2.9432703003337
			3.87764182424917	-2.93859844271413
			3.88231368186874	-2.93859844271413
			3.88698553948832	-2.93859844271413
			3.8916573971079	-2.93859844271413
			3.89632925472748	-2.93859844271413
			3.90100111234705	-2.93392658509455
			3.90567296996663	-2.93392658509455
			3.91034482758621	-2.93392658509455
			3.91501668520578	-2.92925472747497
			3.91968854282536	-2.92925472747497
			3.92436040044494	-2.92925472747497
			3.92903225806452	-2.92925472747497
			3.93370411568409	-2.9245828698554
			3.93837597330367	-2.9245828698554
			3.94304783092325	-2.9245828698554
			3.94771968854283	-2.9245828698554
			3.9523915461624	-2.91991101223582
			3.95706340378198	-2.91991101223582
			3.96173526140156	-2.91991101223582
			3.96173526140156	-2.91523915461624
			3.96640711902113	-2.91523915461624
			3.97107897664071	-2.91523915461624
			3.97575083426029	-2.91056729699666
			3.98042269187987	-2.91056729699666
			3.98509454949944	-2.91056729699666
			3.98976640711902	-2.90589543937709
			3.9944382647386	-2.90589543937709
			3.99911012235818	-2.90122358175751
			4.00378197997775	-2.90122358175751
			4.00845383759733	-2.89655172413793
			4.01312569521691	-2.89655172413793
			4.01779755283648	-2.89187986651835
			4.02246941045606	-2.89187986651835
			4.02246941045606	-2.88720800889878
			4.02714126807564	-2.88720800889878
			4.03181312569522	-2.8825361512792
			4.03648498331479	-2.8825361512792
			4.04115684093437	-2.87786429365962
			4.04582869855395	-2.87319243604004
			4.05050055617353	-2.87319243604004
			4.0551724137931	-2.86852057842047
			4.05984427141268	-2.86384872080089
			4.06451612903226	-2.86384872080089
			4.06451612903226	-2.85917686318131
			4.06918798665184	-2.85450500556174
			4.07385984427141	-2.84983314794216
			4.07853170189099	-2.84983314794216
			4.08320355951057	-2.84516129032258
			4.08320355951057	-2.840489432703
			4.08787541713015	-2.840489432703
			4.09254727474972	-2.83581757508343
			4.09254727474972	-2.83114571746385
			4.0972191323693	-2.82647385984427
			4.0972191323693	-2.82180200222469
			4.10189098998888	-2.82180200222469
			4.10656284760845	-2.81713014460512
			4.10656284760845	-2.81245828698554
			4.11123470522803	-2.80778642936596
			4.11123470522803	-2.80311457174639
			4.11590656284761	-2.79844271412681
			4.11590656284761	-2.79377085650723
			4.12057842046719	-2.79377085650723
			4.12057842046719	-2.78909899888765
			4.12057842046719	-2.78442714126808
			4.12525027808676	-2.7797552836485
			4.12525027808676	-2.77508342602892
			4.12525027808676	-2.77041156840934
			4.12992213570634	-2.76573971078977
			4.12992213570634	-2.76106785317019
		</posterior>
	</curves.scaled>
	<ruler.points type=matrix rownames=TRUE colnames=FALSE nrow=2 ncol=2 as.numeric=TRUE >
		Ruler point 1	33	760
		Ruler point 2	932	760
	</ruler.points>
</shapes>

