<shapes type=list>
	<ruler.pixel type=vector names=FALSE length=1 as.numeric=TRUE >364</ruler.pixel>
	<ruler.interval type=vector names=FALSE length=1 as.numeric=TRUE >1</ruler.interval>
	<scaling.units type=vector names=FALSE length=1 as.numeric=FALSE >cm</scaling.units>
	<scaling type=vector names=FALSE length=1 as.numeric=TRUE >0.00274725274725275</scaling>
	<landmarks.pixel type=matrix rownames=TRUE colnames=FALSE nrow=16 ncol=2 as.numeric=TRUE >
		LM1	507	322
		LM2	507	370
		LM3	507	705
		LM4	507	745
		LM5	663	463
		LM6	590	714
		LM7	593	729
		LM8	650	587
		LM9	663	693
		LM10	507	370
		LM11	806	655
		LM12	833	688
		LM13	507	322
		LM14	746	625
		LM15	848	745
		LM16	861	841
	</landmarks.pixel>
	<landmarks.scaled type=matrix rownames=TRUE colnames=FALSE nrow=16 ncol=2 as.numeric=TRUE >
		LM1	1.39285714285714	-0.884615384615385
		LM2	1.39285714285714	-1.01648351648352
		LM3	1.39285714285714	-1.93681318681319
		LM4	1.39285714285714	-2.0467032967033
		LM5	1.82142857142857	-1.27197802197802
		LM6	1.62087912087912	-1.96153846153846
		LM7	1.62912087912088	-2.00274725274725
		LM8	1.78571428571429	-1.61263736263736
		LM9	1.82142857142857	-1.90384615384615
		LM10	1.39285714285714	-1.01648351648352
		LM11	2.21428571428571	-1.79945054945055
		LM12	2.28846153846154	-1.89010989010989
		LM13	1.39285714285714	-0.884615384615385
		LM14	2.04945054945055	-1.71703296703297
		LM15	2.32967032967033	-2.0467032967033
		LM16	2.36538461538462	-2.31043956043956
	</landmarks.scaled>
	<curves.control type=list>
		<glabella type=matrix rownames=FALSE colnames=FALSE nrow=7 ncol=2 as.numeric=TRUE >
			507	370
			625	379
			663	443
			683	502
			602	652
			589	713
			593	729
		</glabella>
		<suture type=matrix rownames=FALSE colnames=FALSE nrow=15 ncol=2 as.numeric=TRUE >
			507	370
			624	378
			655	413
			681	455
			667	537
			657	574
			650	591
			692	592
			702	632
			715	665
			662	692
			676	713
			740	686
			817	630
			833	688
		</suture>
		<anterior type=matrix rownames=FALSE colnames=FALSE nrow=3 ncol=2 as.numeric=TRUE >
			507	322
			831	362
			848	745
		</anterior>
		<posterior type=matrix rownames=FALSE colnames=FALSE nrow=11 ncol=2 as.numeric=TRUE >
			507	745
			541	753
			599	732
			649	743
			701	747
			748	762
			804	786
			833	804
			861	845
			863	805
			848	745
		</posterior>
	</curves.control>
	<curves.pixel type=list>
		<glabella type=matrix rownames=FALSE colnames=FALSE nrow=461 ncol=2 as.numeric=TRUE >
			507	370
			508	370
			509	370
			510	370
			511	370
			512	370
			513	370
			514	371
			515	371
			516	371
			517	371
			518	371
			519	371
			520	371
			521	371
			522	371
			523	372
			524	372
			525	372
			526	372
			527	372
			528	372
			529	372
			530	372
			531	373
			532	373
			533	373
			534	373
			535	373
			536	373
			537	373
			538	374
			539	374
			540	374
			541	374
			542	374
			543	374
			544	375
			545	375
			546	375
			547	375
			548	375
			549	375
			550	376
			551	376
			552	376
			553	376
			554	376
			555	377
			556	377
			557	377
			558	377
			559	378
			560	378
			561	378
			562	378
			563	378
			564	379
			565	379
			566	379
			567	379
			568	380
			569	380
			570	380
			571	380
			572	381
			573	381
			574	381
			575	382
			576	382
			577	382
			578	382
			578	383
			579	383
			580	383
			581	383
			582	384
			583	384
			584	384
			585	385
			586	385
			587	385
			588	386
			589	386
			590	387
			591	387
			592	387
			593	388
			594	388
			595	389
			596	389
			597	389
			598	390
			599	390
			600	391
			601	391
			602	391
			603	392
			604	392
			605	393
			606	393
			607	394
			608	394
			609	395
			610	395
			611	396
			612	396
			613	397
			614	397
			615	398
			616	399
			617	399
			618	399
			619	400
			620	401
			621	402
			622	402
			623	403
			624	403
			625	404
			626	404
			626	405
			627	405
			628	406
			629	407
			630	407
			631	408
			632	409
			633	410
			634	410
			635	411
			636	412
			637	412
			638	413
			638	414
			639	415
			640	415
			641	416
			642	417
			643	418
			644	419
			645	420
			646	421
			647	422
			648	423
			649	424
			650	425
			651	426
			652	427
			652	428
			653	429
			654	430
			655	431
			656	432
			657	433
			657	434
			658	435
			658	436
			659	436
			659	437
			660	438
			661	439
			661	440
			662	441
			662	442
			663	443
			663	444
			664	445
			664	446
			664	447
			665	448
			665	449
			665	450
			665	451
			665	452
			666	453
			666	454
			666	455
			666	456
			666	457
			666	458
			666	459
			666	460
			667	460
			667	461
			667	462
			667	463
			667	464
			667	465
			667	466
			667	467
			667	468
			667	469
			667	470
			667	471
			667	472
			667	473
			667	474
			667	475
			667	476
			667	477
			667	478
			667	479
			667	480
			666	481
			666	482
			666	483
			666	484
			666	485
			666	486
			666	487
			666	488
			666	489
			665	490
			665	491
			665	492
			665	493
			665	494
			665	495
			664	496
			664	497
			664	498
			664	499
			664	500
			664	501
			663	502
			663	503
			663	504
			663	505
			663	506
			662	507
			662	508
			662	509
			662	510
			661	511
			661	512
			661	513
			661	514
			660	515
			660	516
			660	517
			660	518
			659	519
			659	520
			659	521
			658	522
			658	523
			658	524
			658	525
			657	526
			657	527
			657	528
			656	529
			656	530
			656	531
			655	532
			655	533
			655	534
			655	535
			654	535
			654	536
			654	537
			654	538
			653	539
			653	540
			653	541
			652	542
			652	543
			652	544
			651	545
			651	546
			650	547
			650	548
			650	549
			649	550
			649	551
			649	552
			648	553
			648	554
			648	555
			647	556
			647	557
			646	558
			646	559
			646	560
			645	561
			645	562
			644	563
			644	564
			643	565
			643	566
			643	567
			642	568
			642	569
			642	570
			641	571
			641	572
			640	573
			640	574
			639	575
			639	576
			639	577
			638	578
			638	579
			637	580
			637	581
			637	582
			636	583
			636	584
			635	585
			635	586
			634	587
			634	588
			633	589
			633	590
			633	591
			632	591
			632	592
			632	593
			631	593
			631	594
			631	595
			630	595
			630	596
			630	597
			629	598
			629	599
			628	600
			628	601
			628	602
			627	603
			626	604
			626	605
			625	606
			625	607
			624	608
			624	609
			624	610
			623	610
			623	611
			623	612
			622	612
			622	613
			622	614
			621	615
			621	616
			620	617
			620	618
			619	619
			619	620
			618	621
			618	622
			617	623
			617	624
			616	625
			616	626
			615	627
			615	628
			614	629
			614	630
			613	631
			613	632
			612	633
			612	634
			611	635
			611	636
			610	637
			609	638
			609	639
			608	640
			608	641
			607	642
			607	643
			606	644
			606	645
			605	646
			605	647
			604	648
			604	649
			603	649
			603	650
			602	651
			602	652
			602	653
			602	654
			601	655
			601	656
			601	657
			601	658
			600	659
			600	660
			600	661
			600	662
			600	663
			600	664
			599	665
			599	666
			599	667
			599	668
			599	669
			598	670
			598	671
			598	672
			598	673
			598	674
			597	675
			597	676
			597	677
			597	678
			597	679
			597	680
			596	681
			596	682
			596	683
			596	684
			596	685
			596	686
			595	687
			595	688
			595	689
			595	690
			595	691
			595	692
			594	693
			594	694
			594	695
			594	696
			594	697
			594	698
			594	699
			593	700
			593	701
			593	702
			593	703
			593	704
			593	705
			593	706
			593	707
			593	708
			593	709
			592	709
			592	710
			592	711
			592	712
			592	713
			592	714
			592	715
			592	716
			592	717
			592	718
			592	719
			592	720
			592	721
			592	722
			592	723
			592	724
			592	725
			592	726
			593	727
			593	728
			593	729
		</glabella>
		<suture type=matrix rownames=FALSE colnames=FALSE nrow=662 ncol=2 as.numeric=TRUE >
			507	370
			508	370
			509	370
			510	370
			511	370
			512	370
			513	370
			514	371
			515	371
			516	371
			517	371
			518	371
			519	371
			520	371
			521	371
			522	371
			523	371
			524	371
			525	371
			526	372
			527	372
			528	372
			529	372
			530	372
			531	372
			532	372
			533	372
			534	372
			535	372
			536	372
			536	373
			537	373
			538	373
			539	373
			540	373
			541	373
			542	373
			543	373
			544	373
			545	374
			546	374
			547	374
			548	374
			549	374
			550	374
			551	374
			552	375
			553	375
			554	375
			555	375
			556	375
			557	375
			558	375
			559	375
			559	376
			560	376
			561	376
			562	376
			563	376
			564	376
			565	377
			566	377
			567	377
			568	377
			569	377
			570	377
			571	378
			572	378
			573	378
			574	378
			575	378
			576	378
			577	379
			578	379
			579	379
			580	379
			581	379
			582	380
			583	380
			584	380
			585	380
			586	381
			587	381
			588	381
			589	381
			590	382
			591	382
			592	382
			593	382
			594	382
			595	383
			596	383
			597	383
			598	383
			598	384
			599	384
			600	384
			601	384
			602	385
			603	385
			604	385
			605	386
			606	386
			607	386
			608	386
			609	387
			610	387
			611	387
			612	388
			613	388
			614	388
			615	389
			616	389
			617	390
			618	390
			619	390
			620	391
			621	391
			622	392
			623	392
			624	392
			625	393
			626	393
			627	394
			628	394
			629	395
			630	395
			631	395
			631	396
			632	396
			633	397
			634	397
			635	398
			636	398
			637	399
			638	399
			639	400
			640	401
			641	401
			642	402
			643	403
			644	403
			645	404
			646	404
			646	405
			647	406
			648	406
			649	407
			650	408
			651	409
			652	410
			653	411
			654	412
			655	413
			656	414
			656	415
			657	416
			657	417
			658	417
			658	418
			658	419
			659	420
			659	421
			660	421
			660	422
			660	423
			661	424
			661	425
			661	426
			662	426
			662	427
			663	428
			663	429
			663	430
			664	431
			664	432
			665	433
			665	434
			665	435
			665	436
			666	437
			666	438
			666	439
			667	440
			667	441
			667	442
			667	443
			668	444
			668	445
			668	446
			668	447
			669	448
			669	449
			669	450
			669	451
			669	452
			669	453
			670	454
			670	455
			670	456
			670	457
			670	458
			670	459
			670	460
			671	461
			671	462
			671	463
			671	464
			671	465
			671	466
			671	467
			671	468
			671	469
			671	470
			671	471
			672	472
			672	473
			672	474
			672	475
			672	476
			672	477
			672	478
			672	479
			672	480
			672	481
			672	482
			672	483
			672	484
			672	485
			672	486
			672	487
			672	488
			672	489
			672	490
			672	491
			672	492
			672	493
			672	494
			672	495
			672	496
			672	497
			672	498
			671	499
			671	500
			671	501
			671	502
			671	503
			671	504
			671	505
			671	506
			671	507
			671	508
			671	509
			671	510
			671	511
			670	512
			670	513
			670	514
			670	515
			670	516
			670	517
			670	518
			670	519
			669	520
			669	521
			669	522
			669	523
			669	524
			669	525
			669	526
			669	527
			668	528
			668	529
			668	530
			668	531
			668	532
			668	533
			668	534
			667	535
			667	536
			667	537
			667	538
			667	539
			666	539
			666	540
			666	541
			666	542
			665	543
			665	544
			665	545
			664	546
			664	547
			664	548
			664	549
			663	550
			663	551
			663	552
			663	553
			662	554
			662	555
			662	556
			661	557
			661	558
			661	559
			660	560
			660	561
			660	562
			659	563
			659	564
			659	565
			659	566
			658	567
			658	568
			658	569
			657	570
			657	571
			657	572
			657	573
			656	573
			656	574
			656	575
			656	576
			655	577
			655	578
			654	579
			654	580
			654	581
			653	582
			653	583
			653	584
			652	585
			652	586
			652	587
			651	588
			651	589
			651	590
			650	591
			651	591
			652	591
			653	591
			654	591
			655	591
			656	591
			657	591
			658	592
			659	592
			660	592
			661	592
			662	592
			663	592
			664	593
			665	593
			666	593
			667	593
			668	594
			669	594
			670	594
			671	595
			672	595
			673	595
			674	596
			675	596
			676	597
			677	597
			678	598
			679	598
			680	599
			681	600
			682	600
			683	601
			684	602
			685	603
			686	603
			687	604
			688	605
			689	606
			689	607
			690	608
			691	609
			692	610
			692	611
			693	612
			694	613
			695	614
			695	615
			696	616
			696	617
			697	618
			698	619
			698	620
			698	621
			699	622
			699	623
			700	624
			700	625
			700	626
			701	627
			701	628
			701	629
			701	630
			702	631
			702	632
			702	633
			703	634
			703	635
			703	636
			704	637
			704	638
			704	639
			704	640
			704	641
			704	642
			705	643
			705	644
			705	645
			705	646
			704	647
			704	648
			704	649
			704	650
			704	651
			704	652
			703	653
			703	654
			703	655
			702	656
			702	657
			702	658
			701	659
			701	660
			700	661
			700	662
			699	663
			698	664
			698	665
			697	666
			696	666
			696	667
			695	668
			694	669
			693	670
			692	671
			691	672
			690	673
			690	674
			689	675
			688	675
			687	676
			686	677
			685	678
			684	679
			683	679
			682	680
			681	680
			680	681
			679	682
			678	683
			677	683
			676	684
			675	684
			675	685
			674	685
			673	686
			672	687
			671	687
			670	688
			669	688
			668	689
			667	689
			666	690
			665	690
			664	691
			663	691
			662	692
			663	693
			664	694
			665	695
			665	696
			666	697
			667	697
			668	698
			669	698
			670	699
			671	699
			672	699
			672	700
			673	700
			674	700
			675	700
			676	701
			677	701
			678	701
			679	701
			680	701
			681	701
			682	701
			683	701
			684	701
			685	701
			686	701
			687	701
			688	701
			689	701
			690	701
			691	701
			692	701
			693	701
			694	700
			695	700
			696	700
			697	700
			698	700
			699	699
			700	699
			701	699
			702	699
			703	699
			704	698
			705	698
			706	698
			707	698
			708	697
			709	697
			710	697
			711	696
			712	696
			713	696
			714	696
			715	695
			716	695
			717	695
			718	694
			719	694
			720	694
			721	693
			722	693
			723	693
			724	692
			725	692
			726	691
			727	691
			728	691
			729	691
			730	690
			731	690
			732	689
			733	689
			734	688
			735	688
			736	688
			737	687
			738	687
			739	686
			740	686
			741	685
			742	685
			743	684
			744	683
			745	682
			746	682
			747	681
			748	680
			749	680
			750	679
			751	679
			751	678
			752	678
			753	677
			754	676
			755	676
			756	675
			757	674
			758	674
			759	673
			760	673
			761	672
			762	672
			763	671
			764	671
			765	670
			766	670
			767	669
			768	669
			769	668
			770	667
			771	667
			772	666
			773	666
			774	665
			775	665
			776	665
			777	664
			778	664
			779	663
			780	663
			781	663
			781	662
			782	662
			783	662
			784	661
			785	661
			786	661
			787	661
			788	660
			789	660
			790	660
			791	660
			792	659
			793	659
			794	659
			795	659
			796	659
			797	659
			798	659
			799	659
			800	658
			801	658
			802	659
			803	659
			804	659
			805	659
			806	659
			807	659
			808	659
			809	659
			810	660
			811	660
			812	660
			813	661
			814	661
			815	662
			816	662
			817	663
			818	663
			819	664
			819	665
			820	665
			821	666
			822	667
			823	668
			824	669
			825	670
			826	671
			826	672
			827	673
			827	674
			828	674
			828	675
			828	676
			829	677
			829	678
			830	678
			830	679
			830	680
			831	681
			831	682
			831	683
			832	684
			832	685
			832	686
			833	687
			833	688
		</suture>
		<anterior type=matrix rownames=FALSE colnames=FALSE nrow=569 ncol=2 as.numeric=TRUE >
			507	322
			508	322
			509	322
			510	322
			511	323
			512	323
			513	323
			514	323
			515	323
			516	323
			517	323
			518	323
			519	324
			520	324
			521	324
			522	324
			523	324
			524	324
			525	324
			526	325
			527	325
			528	325
			529	325
			530	325
			531	326
			532	326
			533	326
			534	326
			535	326
			536	326
			537	326
			537	327
			538	327
			539	327
			540	327
			541	327
			542	328
			543	328
			544	328
			545	328
			546	328
			547	328
			548	329
			549	329
			550	329
			551	329
			552	330
			553	330
			554	330
			555	330
			556	330
			557	331
			558	331
			559	331
			560	331
			561	332
			562	332
			563	332
			564	332
			565	332
			566	333
			567	333
			568	333
			569	334
			570	334
			571	334
			572	334
			573	335
			574	335
			575	335
			576	335
			577	336
			578	336
			579	336
			580	336
			581	337
			582	337
			583	337
			584	337
			585	338
			586	338
			587	339
			588	339
			589	339
			590	339
			591	340
			592	340
			593	340
			594	341
			595	341
			596	341
			597	342
			598	342
			599	342
			600	343
			601	343
			602	343
			603	343
			603	344
			604	344
			605	344
			606	345
			607	345
			608	345
			609	346
			610	346
			611	346
			612	347
			613	347
			614	348
			615	348
			616	349
			617	349
			618	349
			619	350
			620	350
			621	350
			622	351
			623	351
			624	352
			625	352
			626	352
			627	353
			628	353
			629	353
			629	354
			630	354
			631	355
			632	355
			633	355
			634	356
			635	356
			636	357
			637	357
			638	358
			639	358
			640	359
			641	359
			642	360
			643	360
			644	360
			644	361
			645	361
			646	361
			646	362
			647	362
			648	363
			649	363
			650	364
			651	364
			652	365
			653	365
			654	366
			655	366
			656	367
			657	367
			658	368
			659	368
			660	369
			661	370
			662	370
			663	371
			664	371
			665	372
			666	372
			667	373
			668	373
			669	374
			670	375
			671	375
			672	375
			672	376
			673	376
			674	377
			675	378
			676	378
			677	379
			678	379
			678	380
			679	380
			680	381
			681	381
			682	382
			683	383
			684	383
			684	384
			685	384
			686	385
			687	385
			688	386
			688	387
			689	387
			690	388
			691	388
			692	389
			693	389
			693	390
			694	391
			695	391
			696	392
			697	392
			697	393
			698	394
			699	394
			700	395
			701	395
			701	396
			702	397
			703	397
			704	398
			705	398
			705	399
			706	400
			707	400
			708	401
			709	402
			710	403
			711	404
			712	404
			713	405
			714	406
			715	407
			716	408
			717	409
			718	410
			719	411
			720	412
			721	413
			722	413
			722	414
			723	414
			724	415
			725	416
			726	417
			727	418
			728	419
			729	420
			730	421
			731	422
			732	423
			733	424
			734	425
			735	425
			735	426
			736	427
			737	428
			738	429
			739	430
			740	431
			740	432
			741	433
			742	434
			743	435
			744	435
			745	436
			745	437
			746	438
			747	439
			748	440
			749	441
			750	442
			750	443
			751	444
			752	445
			753	446
			754	447
			754	448
			755	449
			756	450
			757	451
			757	452
			758	453
			759	454
			760	455
			760	456
			761	457
			762	458
			763	459
			763	460
			764	461
			765	462
			766	463
			766	464
			767	465
			768	466
			769	467
			769	468
			770	469
			771	470
			771	471
			772	472
			773	473
			774	474
			774	475
			775	476
			775	477
			776	477
			776	478
			776	479
			777	479
			777	480
			778	481
			778	482
			779	483
			780	484
			780	485
			781	486
			782	487
			782	488
			783	489
			783	490
			784	491
			784	492
			785	493
			786	494
			786	495
			787	496
			787	497
			788	498
			788	499
			789	500
			789	501
			790	502
			790	503
			791	504
			792	505
			792	506
			793	507
			793	508
			794	509
			794	510
			795	511
			795	512
			796	513
			796	514
			797	515
			797	516
			798	517
			798	518
			799	519
			799	520
			800	521
			800	522
			800	523
			801	523
			801	524
			801	525
			802	526
			802	527
			803	528
			803	529
			804	530
			804	531
			804	532
			805	532
			805	533
			805	534
			806	535
			806	536
			807	537
			807	538
			807	539
			808	540
			808	541
			809	542
			809	543
			809	544
			810	545
			810	546
			810	547
			811	548
			811	549
			812	550
			812	551
			812	552
			813	553
			813	554
			814	555
			814	556
			814	557
			814	558
			815	558
			815	559
			815	560
			816	561
			816	562
			816	563
			817	564
			817	565
			818	566
			818	567
			818	568
			819	569
			819	570
			819	571
			819	572
			820	573
			820	574
			820	575
			821	576
			821	577
			821	578
			822	579
			822	580
			822	581
			822	582
			823	583
			823	584
			823	585
			824	586
			824	587
			824	588
			825	589
			825	590
			825	591
			825	592
			826	593
			826	594
			826	595
			826	596
			827	597
			827	598
			827	599
			828	600
			828	601
			828	602
			828	603
			829	604
			829	605
			829	606
			829	607
			830	608
			830	609
			830	610
			830	611
			831	612
			831	613
			831	614
			831	615
			831	616
			832	617
			832	618
			832	619
			832	620
			833	621
			833	622
			833	623
			833	624
			833	625
			834	626
			834	627
			834	628
			834	629
			835	630
			835	631
			835	632
			835	633
			835	634
			835	635
			836	636
			836	637
			836	638
			836	639
			836	640
			837	641
			837	642
			837	643
			837	644
			837	645
			838	646
			838	647
			838	648
			838	649
			838	650
			838	651
			839	652
			839	653
			839	654
			839	655
			839	656
			839	657
			839	658
			840	659
			840	660
			840	661
			840	662
			840	663
			840	664
			841	665
			841	666
			841	667
			841	668
			841	669
			841	670
			841	671
			842	672
			842	673
			842	674
			842	675
			842	676
			842	677
			842	678
			842	679
			843	680
			843	681
			843	682
			843	683
			843	684
			843	685
			843	686
			843	687
			844	688
			844	689
			844	690
			844	691
			844	692
			844	693
			844	694
			844	695
			844	696
			845	697
			845	698
			845	699
			845	700
			845	701
			845	702
			845	703
			845	704
			845	705
			845	706
			845	707
			846	708
			846	709
			846	710
			846	711
			846	712
			846	713
			846	714
			846	715
			846	716
			846	717
			846	718
			846	719
			847	720
			847	721
			847	722
			847	723
			847	724
			847	725
			847	726
			847	727
			847	728
			847	729
			847	730
			847	731
			847	732
			847	733
			847	734
			848	735
			848	736
			848	737
			848	738
			848	739
			848	740
			848	741
			848	742
			848	743
			848	744
			848	745
		</anterior>
		<posterior type=matrix rownames=FALSE colnames=FALSE nrow=472 ncol=2 as.numeric=TRUE >
			507	745
			508	745
			509	745
			510	746
			511	746
			512	746
			513	746
			514	746
			515	746
			516	747
			517	747
			518	747
			519	747
			520	747
			521	747
			522	747
			523	747
			524	747
			525	747
			526	747
			527	747
			528	747
			529	747
			530	747
			531	747
			532	747
			533	747
			534	747
			535	747
			536	747
			537	747
			538	747
			539	747
			540	747
			541	746
			542	746
			543	746
			544	746
			545	746
			546	746
			547	746
			548	746
			549	745
			550	745
			551	745
			552	745
			553	745
			554	745
			555	744
			556	744
			557	744
			558	744
			559	744
			560	743
			561	743
			562	743
			563	743
			564	742
			565	742
			566	742
			567	742
			568	742
			569	741
			570	741
			571	741
			572	741
			573	740
			574	740
			575	740
			576	739
			577	739
			578	739
			579	739
			580	738
			581	738
			582	738
			583	737
			584	737
			585	737
			586	736
			587	736
			588	736
			589	735
			590	735
			591	735
			592	734
			593	734
			594	734
			595	733
			596	733
			597	733
			598	732
			599	732
			600	732
			601	732
			602	733
			603	733
			604	733
			605	733
			606	734
			607	734
			608	734
			609	734
			610	734
			611	735
			612	735
			613	735
			614	735
			615	735
			616	736
			617	736
			618	736
			619	736
			620	736
			621	736
			622	737
			623	737
			624	737
			625	737
			626	737
			627	738
			628	738
			629	738
			630	738
			631	738
			632	738
			633	739
			634	739
			635	739
			636	739
			637	739
			638	739
			639	740
			640	740
			641	740
			642	740
			643	740
			644	740
			645	741
			646	741
			647	741
			648	741
			649	741
			650	741
			651	741
			652	742
			653	742
			654	742
			655	742
			656	742
			657	742
			658	742
			659	743
			660	743
			661	743
			662	743
			663	743
			664	743
			665	743
			666	743
			667	744
			668	744
			669	744
			670	744
			671	744
			672	744
			673	744
			674	744
			675	745
			676	745
			677	745
			678	745
			679	745
			680	745
			681	745
			682	745
			683	745
			684	746
			685	746
			686	746
			687	746
			688	746
			689	746
			690	746
			691	746
			692	746
			693	746
			694	746
			695	747
			696	747
			697	747
			698	747
			699	747
			700	747
			701	747
			702	747
			703	748
			704	748
			705	748
			706	749
			707	749
			708	749
			709	750
			710	750
			711	750
			712	750
			713	751
			714	751
			715	752
			716	752
			717	752
			718	753
			719	753
			720	753
			721	754
			722	754
			723	754
			724	755
			725	755
			726	755
			727	756
			728	756
			729	757
			730	757
			731	757
			732	758
			733	758
			734	758
			735	759
			736	759
			737	759
			738	760
			739	760
			740	761
			741	761
			742	761
			743	762
			744	762
			745	762
			746	763
			747	763
			748	763
			748	764
			749	764
			750	764
			751	764
			751	765
			752	765
			753	765
			754	766
			755	766
			756	767
			757	767
			758	767
			759	768
			760	768
			761	768
			762	769
			763	769
			764	769
			764	770
			765	770
			766	770
			767	771
			768	771
			769	772
			770	772
			771	772
			772	773
			773	773
			774	773
			775	774
			776	774
			777	775
			778	775
			779	776
			780	776
			781	776
			781	777
			782	777
			783	777
			784	777
			784	778
			785	778
			786	778
			786	779
			787	779
			788	779
			789	780
			790	780
			791	781
			792	781
			793	781
			794	782
			795	782
			796	783
			797	783
			798	784
			799	784
			800	784
			801	785
			802	785
			803	786
			804	786
			805	786
			805	787
			806	787
			807	788
			808	789
			809	789
			810	790
			811	791
			812	791
			813	792
			814	793
			815	794
			816	795
			817	796
			818	796
			819	797
			820	798
			821	799
			822	799
			822	800
			823	800
			824	801
			825	802
			826	803
			827	804
			828	805
			829	806
			830	807
			831	808
			832	809
			833	810
			834	811
			835	812
			836	813
			837	814
			837	815
			838	816
			839	817
			840	818
			841	819
			842	820
			843	821
			844	822
			845	823
			845	824
			846	825
			847	826
			848	827
			849	828
			849	829
			850	829
			850	830
			851	831
			851	832
			852	832
			852	833
			853	834
			854	835
			855	836
			856	837
			856	838
			857	839
			858	840
			858	841
			859	842
			859	843
			860	844
			861	845
			861	844
			861	843
			861	842
			861	841
			861	840
			861	839
			861	838
			861	837
			861	836
			861	835
			861	834
			861	833
			861	832
			861	831
			861	830
			861	829
			861	828
			861	827
			861	826
			861	825
			861	824
			861	823
			861	822
			861	821
			861	820
			861	819
			861	818
			861	817
			860	816
			860	815
			860	814
			860	813
			860	812
			860	811
			860	810
			860	809
			860	808
			860	807
			860	806
			859	805
			859	804
			859	803
			859	802
			859	801
			859	800
			859	799
			859	798
			858	797
			858	796
			858	795
			858	794
			858	793
			858	792
			857	791
			857	790
			857	789
			857	788
			857	787
			857	786
			856	785
			856	784
			856	783
			856	782
			856	781
			856	780
			855	779
			855	778
			855	777
			855	776
			855	775
			854	774
			854	773
			854	772
			854	771
			854	770
			853	769
			853	768
			853	767
			853	766
			853	765
			852	764
			852	763
			852	762
			852	761
			852	760
			851	759
			851	758
			851	757
			851	756
			850	755
			850	754
			850	753
			850	752
			849	751
			849	750
			849	749
			849	748
			848	747
			848	746
			848	745
		</posterior>
	</curves.pixel>
	<curves.scaled type=list>
		<glabella type=matrix rownames=FALSE colnames=FALSE nrow=461 ncol=2 as.numeric=TRUE >
			1.39285714285714	-1.01648351648352
			1.3956043956044	-1.01648351648352
			1.39835164835165	-1.01648351648352
			1.4010989010989	-1.01648351648352
			1.40384615384615	-1.01648351648352
			1.40659340659341	-1.01648351648352
			1.40934065934066	-1.01648351648352
			1.41208791208791	-1.01923076923077
			1.41483516483516	-1.01923076923077
			1.41758241758242	-1.01923076923077
			1.42032967032967	-1.01923076923077
			1.42307692307692	-1.01923076923077
			1.42582417582418	-1.01923076923077
			1.42857142857143	-1.01923076923077
			1.43131868131868	-1.01923076923077
			1.43406593406593	-1.01923076923077
			1.43681318681319	-1.02197802197802
			1.43956043956044	-1.02197802197802
			1.44230769230769	-1.02197802197802
			1.44505494505495	-1.02197802197802
			1.4478021978022	-1.02197802197802
			1.45054945054945	-1.02197802197802
			1.4532967032967	-1.02197802197802
			1.45604395604396	-1.02197802197802
			1.45879120879121	-1.02472527472527
			1.46153846153846	-1.02472527472527
			1.46428571428571	-1.02472527472527
			1.46703296703297	-1.02472527472527
			1.46978021978022	-1.02472527472527
			1.47252747252747	-1.02472527472527
			1.47527472527473	-1.02472527472527
			1.47802197802198	-1.02747252747253
			1.48076923076923	-1.02747252747253
			1.48351648351648	-1.02747252747253
			1.48626373626374	-1.02747252747253
			1.48901098901099	-1.02747252747253
			1.49175824175824	-1.02747252747253
			1.49450549450549	-1.03021978021978
			1.49725274725275	-1.03021978021978
			1.5	-1.03021978021978
			1.50274725274725	-1.03021978021978
			1.50549450549451	-1.03021978021978
			1.50824175824176	-1.03021978021978
			1.51098901098901	-1.03296703296703
			1.51373626373626	-1.03296703296703
			1.51648351648352	-1.03296703296703
			1.51923076923077	-1.03296703296703
			1.52197802197802	-1.03296703296703
			1.52472527472527	-1.03571428571429
			1.52747252747253	-1.03571428571429
			1.53021978021978	-1.03571428571429
			1.53296703296703	-1.03571428571429
			1.53571428571429	-1.03846153846154
			1.53846153846154	-1.03846153846154
			1.54120879120879	-1.03846153846154
			1.54395604395604	-1.03846153846154
			1.5467032967033	-1.03846153846154
			1.54945054945055	-1.04120879120879
			1.5521978021978	-1.04120879120879
			1.55494505494505	-1.04120879120879
			1.55769230769231	-1.04120879120879
			1.56043956043956	-1.04395604395604
			1.56318681318681	-1.04395604395604
			1.56593406593407	-1.04395604395604
			1.56868131868132	-1.04395604395604
			1.57142857142857	-1.0467032967033
			1.57417582417582	-1.0467032967033
			1.57692307692308	-1.0467032967033
			1.57967032967033	-1.04945054945055
			1.58241758241758	-1.04945054945055
			1.58516483516484	-1.04945054945055
			1.58791208791209	-1.04945054945055
			1.58791208791209	-1.0521978021978
			1.59065934065934	-1.0521978021978
			1.59340659340659	-1.0521978021978
			1.59615384615385	-1.0521978021978
			1.5989010989011	-1.05494505494505
			1.60164835164835	-1.05494505494505
			1.6043956043956	-1.05494505494505
			1.60714285714286	-1.05769230769231
			1.60989010989011	-1.05769230769231
			1.61263736263736	-1.05769230769231
			1.61538461538462	-1.06043956043956
			1.61813186813187	-1.06043956043956
			1.62087912087912	-1.06318681318681
			1.62362637362637	-1.06318681318681
			1.62637362637363	-1.06318681318681
			1.62912087912088	-1.06593406593407
			1.63186813186813	-1.06593406593407
			1.63461538461538	-1.06868131868132
			1.63736263736264	-1.06868131868132
			1.64010989010989	-1.06868131868132
			1.64285714285714	-1.07142857142857
			1.6456043956044	-1.07142857142857
			1.64835164835165	-1.07417582417582
			1.6510989010989	-1.07417582417582
			1.65384615384615	-1.07417582417582
			1.65659340659341	-1.07692307692308
			1.65934065934066	-1.07692307692308
			1.66208791208791	-1.07967032967033
			1.66483516483516	-1.07967032967033
			1.66758241758242	-1.08241758241758
			1.67032967032967	-1.08241758241758
			1.67307692307692	-1.08516483516484
			1.67582417582418	-1.08516483516484
			1.67857142857143	-1.08791208791209
			1.68131868131868	-1.08791208791209
			1.68406593406593	-1.09065934065934
			1.68681318681319	-1.09065934065934
			1.68956043956044	-1.09340659340659
			1.69230769230769	-1.09615384615385
			1.69505494505495	-1.09615384615385
			1.6978021978022	-1.09615384615385
			1.70054945054945	-1.0989010989011
			1.7032967032967	-1.10164835164835
			1.70604395604396	-1.1043956043956
			1.70879120879121	-1.1043956043956
			1.71153846153846	-1.10714285714286
			1.71428571428571	-1.10714285714286
			1.71703296703297	-1.10989010989011
			1.71978021978022	-1.10989010989011
			1.71978021978022	-1.11263736263736
			1.72252747252747	-1.11263736263736
			1.72527472527473	-1.11538461538462
			1.72802197802198	-1.11813186813187
			1.73076923076923	-1.11813186813187
			1.73351648351648	-1.12087912087912
			1.73626373626374	-1.12362637362637
			1.73901098901099	-1.12637362637363
			1.74175824175824	-1.12637362637363
			1.74450549450549	-1.12912087912088
			1.74725274725275	-1.13186813186813
			1.75	-1.13186813186813
			1.75274725274725	-1.13461538461538
			1.75274725274725	-1.13736263736264
			1.75549450549451	-1.14010989010989
			1.75824175824176	-1.14010989010989
			1.76098901098901	-1.14285714285714
			1.76373626373626	-1.1456043956044
			1.76648351648352	-1.14835164835165
			1.76923076923077	-1.1510989010989
			1.77197802197802	-1.15384615384615
			1.77472527472527	-1.15659340659341
			1.77747252747253	-1.15934065934066
			1.78021978021978	-1.16208791208791
			1.78296703296703	-1.16483516483516
			1.78571428571429	-1.16758241758242
			1.78846153846154	-1.17032967032967
			1.79120879120879	-1.17307692307692
			1.79120879120879	-1.17582417582418
			1.79395604395604	-1.17857142857143
			1.7967032967033	-1.18131868131868
			1.79945054945055	-1.18406593406593
			1.8021978021978	-1.18681318681319
			1.80494505494506	-1.18956043956044
			1.80494505494506	-1.19230769230769
			1.80769230769231	-1.19505494505495
			1.80769230769231	-1.1978021978022
			1.81043956043956	-1.1978021978022
			1.81043956043956	-1.20054945054945
			1.81318681318681	-1.2032967032967
			1.81593406593407	-1.20604395604396
			1.81593406593407	-1.20879120879121
			1.81868131868132	-1.21153846153846
			1.81868131868132	-1.21428571428571
			1.82142857142857	-1.21703296703297
			1.82142857142857	-1.21978021978022
			1.82417582417582	-1.22252747252747
			1.82417582417582	-1.22527472527473
			1.82417582417582	-1.22802197802198
			1.82692307692308	-1.23076923076923
			1.82692307692308	-1.23351648351648
			1.82692307692308	-1.23626373626374
			1.82692307692308	-1.23901098901099
			1.82692307692308	-1.24175824175824
			1.82967032967033	-1.24450549450549
			1.82967032967033	-1.24725274725275
			1.82967032967033	-1.25
			1.82967032967033	-1.25274725274725
			1.82967032967033	-1.25549450549451
			1.82967032967033	-1.25824175824176
			1.82967032967033	-1.26098901098901
			1.82967032967033	-1.26373626373626
			1.83241758241758	-1.26373626373626
			1.83241758241758	-1.26648351648352
			1.83241758241758	-1.26923076923077
			1.83241758241758	-1.27197802197802
			1.83241758241758	-1.27472527472527
			1.83241758241758	-1.27747252747253
			1.83241758241758	-1.28021978021978
			1.83241758241758	-1.28296703296703
			1.83241758241758	-1.28571428571429
			1.83241758241758	-1.28846153846154
			1.83241758241758	-1.29120879120879
			1.83241758241758	-1.29395604395604
			1.83241758241758	-1.2967032967033
			1.83241758241758	-1.29945054945055
			1.83241758241758	-1.3021978021978
			1.83241758241758	-1.30494505494505
			1.83241758241758	-1.30769230769231
			1.83241758241758	-1.31043956043956
			1.83241758241758	-1.31318681318681
			1.83241758241758	-1.31593406593407
			1.83241758241758	-1.31868131868132
			1.82967032967033	-1.32142857142857
			1.82967032967033	-1.32417582417582
			1.82967032967033	-1.32692307692308
			1.82967032967033	-1.32967032967033
			1.82967032967033	-1.33241758241758
			1.82967032967033	-1.33516483516484
			1.82967032967033	-1.33791208791209
			1.82967032967033	-1.34065934065934
			1.82967032967033	-1.34340659340659
			1.82692307692308	-1.34615384615385
			1.82692307692308	-1.3489010989011
			1.82692307692308	-1.35164835164835
			1.82692307692308	-1.3543956043956
			1.82692307692308	-1.35714285714286
			1.82692307692308	-1.35989010989011
			1.82417582417582	-1.36263736263736
			1.82417582417582	-1.36538461538462
			1.82417582417582	-1.36813186813187
			1.82417582417582	-1.37087912087912
			1.82417582417582	-1.37362637362637
			1.82417582417582	-1.37637362637363
			1.82142857142857	-1.37912087912088
			1.82142857142857	-1.38186813186813
			1.82142857142857	-1.38461538461538
			1.82142857142857	-1.38736263736264
			1.82142857142857	-1.39010989010989
			1.81868131868132	-1.39285714285714
			1.81868131868132	-1.3956043956044
			1.81868131868132	-1.39835164835165
			1.81868131868132	-1.4010989010989
			1.81593406593407	-1.40384615384615
			1.81593406593407	-1.40659340659341
			1.81593406593407	-1.40934065934066
			1.81593406593407	-1.41208791208791
			1.81318681318681	-1.41483516483516
			1.81318681318681	-1.41758241758242
			1.81318681318681	-1.42032967032967
			1.81318681318681	-1.42307692307692
			1.81043956043956	-1.42582417582418
			1.81043956043956	-1.42857142857143
			1.81043956043956	-1.43131868131868
			1.80769230769231	-1.43406593406593
			1.80769230769231	-1.43681318681319
			1.80769230769231	-1.43956043956044
			1.80769230769231	-1.44230769230769
			1.80494505494506	-1.44505494505495
			1.80494505494506	-1.4478021978022
			1.80494505494506	-1.45054945054945
			1.8021978021978	-1.4532967032967
			1.8021978021978	-1.45604395604396
			1.8021978021978	-1.45879120879121
			1.79945054945055	-1.46153846153846
			1.79945054945055	-1.46428571428571
			1.79945054945055	-1.46703296703297
			1.79945054945055	-1.46978021978022
			1.7967032967033	-1.46978021978022
			1.7967032967033	-1.47252747252747
			1.7967032967033	-1.47527472527473
			1.7967032967033	-1.47802197802198
			1.79395604395604	-1.48076923076923
			1.79395604395604	-1.48351648351648
			1.79395604395604	-1.48626373626374
			1.79120879120879	-1.48901098901099
			1.79120879120879	-1.49175824175824
			1.79120879120879	-1.49450549450549
			1.78846153846154	-1.49725274725275
			1.78846153846154	-1.5
			1.78571428571429	-1.50274725274725
			1.78571428571429	-1.50549450549451
			1.78571428571429	-1.50824175824176
			1.78296703296703	-1.51098901098901
			1.78296703296703	-1.51373626373626
			1.78296703296703	-1.51648351648352
			1.78021978021978	-1.51923076923077
			1.78021978021978	-1.52197802197802
			1.78021978021978	-1.52472527472527
			1.77747252747253	-1.52747252747253
			1.77747252747253	-1.53021978021978
			1.77472527472527	-1.53296703296703
			1.77472527472527	-1.53571428571429
			1.77472527472527	-1.53846153846154
			1.77197802197802	-1.54120879120879
			1.77197802197802	-1.54395604395604
			1.76923076923077	-1.5467032967033
			1.76923076923077	-1.54945054945055
			1.76648351648352	-1.5521978021978
			1.76648351648352	-1.55494505494505
			1.76648351648352	-1.55769230769231
			1.76373626373626	-1.56043956043956
			1.76373626373626	-1.56318681318681
			1.76373626373626	-1.56593406593407
			1.76098901098901	-1.56868131868132
			1.76098901098901	-1.57142857142857
			1.75824175824176	-1.57417582417582
			1.75824175824176	-1.57692307692308
			1.75549450549451	-1.57967032967033
			1.75549450549451	-1.58241758241758
			1.75549450549451	-1.58516483516484
			1.75274725274725	-1.58791208791209
			1.75274725274725	-1.59065934065934
			1.75	-1.59340659340659
			1.75	-1.59615384615385
			1.75	-1.5989010989011
			1.74725274725275	-1.60164835164835
			1.74725274725275	-1.6043956043956
			1.74450549450549	-1.60714285714286
			1.74450549450549	-1.60989010989011
			1.74175824175824	-1.61263736263736
			1.74175824175824	-1.61538461538462
			1.73901098901099	-1.61813186813187
			1.73901098901099	-1.62087912087912
			1.73901098901099	-1.62362637362637
			1.73626373626374	-1.62362637362637
			1.73626373626374	-1.62637362637363
			1.73626373626374	-1.62912087912088
			1.73351648351648	-1.62912087912088
			1.73351648351648	-1.63186813186813
			1.73351648351648	-1.63461538461538
			1.73076923076923	-1.63461538461538
			1.73076923076923	-1.63736263736264
			1.73076923076923	-1.64010989010989
			1.72802197802198	-1.64285714285714
			1.72802197802198	-1.6456043956044
			1.72527472527473	-1.64835164835165
			1.72527472527473	-1.6510989010989
			1.72527472527473	-1.65384615384615
			1.72252747252747	-1.65659340659341
			1.71978021978022	-1.65934065934066
			1.71978021978022	-1.66208791208791
			1.71703296703297	-1.66483516483516
			1.71703296703297	-1.66758241758242
			1.71428571428571	-1.67032967032967
			1.71428571428571	-1.67307692307692
			1.71428571428571	-1.67582417582418
			1.71153846153846	-1.67582417582418
			1.71153846153846	-1.67857142857143
			1.71153846153846	-1.68131868131868
			1.70879120879121	-1.68131868131868
			1.70879120879121	-1.68406593406593
			1.70879120879121	-1.68681318681319
			1.70604395604396	-1.68956043956044
			1.70604395604396	-1.69230769230769
			1.7032967032967	-1.69505494505495
			1.7032967032967	-1.6978021978022
			1.70054945054945	-1.70054945054945
			1.70054945054945	-1.7032967032967
			1.6978021978022	-1.70604395604396
			1.6978021978022	-1.70879120879121
			1.69505494505495	-1.71153846153846
			1.69505494505495	-1.71428571428571
			1.69230769230769	-1.71703296703297
			1.69230769230769	-1.71978021978022
			1.68956043956044	-1.72252747252747
			1.68956043956044	-1.72527472527473
			1.68681318681319	-1.72802197802198
			1.68681318681319	-1.73076923076923
			1.68406593406593	-1.73351648351648
			1.68406593406593	-1.73626373626374
			1.68131868131868	-1.73901098901099
			1.68131868131868	-1.74175824175824
			1.67857142857143	-1.74450549450549
			1.67857142857143	-1.74725274725275
			1.67582417582418	-1.75
			1.67307692307692	-1.75274725274725
			1.67307692307692	-1.75549450549451
			1.67032967032967	-1.75824175824176
			1.67032967032967	-1.76098901098901
			1.66758241758242	-1.76373626373626
			1.66758241758242	-1.76648351648352
			1.66483516483516	-1.76923076923077
			1.66483516483516	-1.77197802197802
			1.66208791208791	-1.77472527472527
			1.66208791208791	-1.77747252747253
			1.65934065934066	-1.78021978021978
			1.65934065934066	-1.78296703296703
			1.65659340659341	-1.78296703296703
			1.65659340659341	-1.78571428571429
			1.65384615384615	-1.78846153846154
			1.65384615384615	-1.79120879120879
			1.65384615384615	-1.79395604395604
			1.65384615384615	-1.7967032967033
			1.6510989010989	-1.79945054945055
			1.6510989010989	-1.8021978021978
			1.6510989010989	-1.80494505494506
			1.6510989010989	-1.80769230769231
			1.64835164835165	-1.81043956043956
			1.64835164835165	-1.81318681318681
			1.64835164835165	-1.81593406593407
			1.64835164835165	-1.81868131868132
			1.64835164835165	-1.82142857142857
			1.64835164835165	-1.82417582417582
			1.6456043956044	-1.82692307692308
			1.6456043956044	-1.82967032967033
			1.6456043956044	-1.83241758241758
			1.6456043956044	-1.83516483516484
			1.6456043956044	-1.83791208791209
			1.64285714285714	-1.84065934065934
			1.64285714285714	-1.84340659340659
			1.64285714285714	-1.84615384615385
			1.64285714285714	-1.8489010989011
			1.64285714285714	-1.85164835164835
			1.64010989010989	-1.8543956043956
			1.64010989010989	-1.85714285714286
			1.64010989010989	-1.85989010989011
			1.64010989010989	-1.86263736263736
			1.64010989010989	-1.86538461538462
			1.64010989010989	-1.86813186813187
			1.63736263736264	-1.87087912087912
			1.63736263736264	-1.87362637362637
			1.63736263736264	-1.87637362637363
			1.63736263736264	-1.87912087912088
			1.63736263736264	-1.88186813186813
			1.63736263736264	-1.88461538461538
			1.63461538461538	-1.88736263736264
			1.63461538461538	-1.89010989010989
			1.63461538461538	-1.89285714285714
			1.63461538461538	-1.8956043956044
			1.63461538461538	-1.89835164835165
			1.63461538461538	-1.9010989010989
			1.63186813186813	-1.90384615384615
			1.63186813186813	-1.90659340659341
			1.63186813186813	-1.90934065934066
			1.63186813186813	-1.91208791208791
			1.63186813186813	-1.91483516483516
			1.63186813186813	-1.91758241758242
			1.63186813186813	-1.92032967032967
			1.62912087912088	-1.92307692307692
			1.62912087912088	-1.92582417582418
			1.62912087912088	-1.92857142857143
			1.62912087912088	-1.93131868131868
			1.62912087912088	-1.93406593406593
			1.62912087912088	-1.93681318681319
			1.62912087912088	-1.93956043956044
			1.62912087912088	-1.94230769230769
			1.62912087912088	-1.94505494505495
			1.62912087912088	-1.9478021978022
			1.62637362637363	-1.9478021978022
			1.62637362637363	-1.95054945054945
			1.62637362637363	-1.9532967032967
			1.62637362637363	-1.95604395604396
			1.62637362637363	-1.95879120879121
			1.62637362637363	-1.96153846153846
			1.62637362637363	-1.96428571428571
			1.62637362637363	-1.96703296703297
			1.62637362637363	-1.96978021978022
			1.62637362637363	-1.97252747252747
			1.62637362637363	-1.97527472527473
			1.62637362637363	-1.97802197802198
			1.62637362637363	-1.98076923076923
			1.62637362637363	-1.98351648351648
			1.62637362637363	-1.98626373626374
			1.62637362637363	-1.98901098901099
			1.62637362637363	-1.99175824175824
			1.62637362637363	-1.99450549450549
			1.62912087912088	-1.99725274725275
			1.62912087912088	-2
			1.62912087912088	-2.00274725274725
		</glabella>
		<suture type=matrix rownames=FALSE colnames=FALSE nrow=662 ncol=2 as.numeric=TRUE >
			1.39285714285714	-1.01648351648352
			1.3956043956044	-1.01648351648352
			1.39835164835165	-1.01648351648352
			1.4010989010989	-1.01648351648352
			1.40384615384615	-1.01648351648352
			1.40659340659341	-1.01648351648352
			1.40934065934066	-1.01648351648352
			1.41208791208791	-1.01923076923077
			1.41483516483516	-1.01923076923077
			1.41758241758242	-1.01923076923077
			1.42032967032967	-1.01923076923077
			1.42307692307692	-1.01923076923077
			1.42582417582418	-1.01923076923077
			1.42857142857143	-1.01923076923077
			1.43131868131868	-1.01923076923077
			1.43406593406593	-1.01923076923077
			1.43681318681319	-1.01923076923077
			1.43956043956044	-1.01923076923077
			1.44230769230769	-1.01923076923077
			1.44505494505495	-1.02197802197802
			1.4478021978022	-1.02197802197802
			1.45054945054945	-1.02197802197802
			1.4532967032967	-1.02197802197802
			1.45604395604396	-1.02197802197802
			1.45879120879121	-1.02197802197802
			1.46153846153846	-1.02197802197802
			1.46428571428571	-1.02197802197802
			1.46703296703297	-1.02197802197802
			1.46978021978022	-1.02197802197802
			1.47252747252747	-1.02197802197802
			1.47252747252747	-1.02472527472527
			1.47527472527473	-1.02472527472527
			1.47802197802198	-1.02472527472527
			1.48076923076923	-1.02472527472527
			1.48351648351648	-1.02472527472527
			1.48626373626374	-1.02472527472527
			1.48901098901099	-1.02472527472527
			1.49175824175824	-1.02472527472527
			1.49450549450549	-1.02472527472527
			1.49725274725275	-1.02747252747253
			1.5	-1.02747252747253
			1.50274725274725	-1.02747252747253
			1.50549450549451	-1.02747252747253
			1.50824175824176	-1.02747252747253
			1.51098901098901	-1.02747252747253
			1.51373626373626	-1.02747252747253
			1.51648351648352	-1.03021978021978
			1.51923076923077	-1.03021978021978
			1.52197802197802	-1.03021978021978
			1.52472527472527	-1.03021978021978
			1.52747252747253	-1.03021978021978
			1.53021978021978	-1.03021978021978
			1.53296703296703	-1.03021978021978
			1.53571428571429	-1.03021978021978
			1.53571428571429	-1.03296703296703
			1.53846153846154	-1.03296703296703
			1.54120879120879	-1.03296703296703
			1.54395604395604	-1.03296703296703
			1.5467032967033	-1.03296703296703
			1.54945054945055	-1.03296703296703
			1.5521978021978	-1.03571428571429
			1.55494505494505	-1.03571428571429
			1.55769230769231	-1.03571428571429
			1.56043956043956	-1.03571428571429
			1.56318681318681	-1.03571428571429
			1.56593406593407	-1.03571428571429
			1.56868131868132	-1.03846153846154
			1.57142857142857	-1.03846153846154
			1.57417582417582	-1.03846153846154
			1.57692307692308	-1.03846153846154
			1.57967032967033	-1.03846153846154
			1.58241758241758	-1.03846153846154
			1.58516483516484	-1.04120879120879
			1.58791208791209	-1.04120879120879
			1.59065934065934	-1.04120879120879
			1.59340659340659	-1.04120879120879
			1.59615384615385	-1.04120879120879
			1.5989010989011	-1.04395604395604
			1.60164835164835	-1.04395604395604
			1.6043956043956	-1.04395604395604
			1.60714285714286	-1.04395604395604
			1.60989010989011	-1.0467032967033
			1.61263736263736	-1.0467032967033
			1.61538461538462	-1.0467032967033
			1.61813186813187	-1.0467032967033
			1.62087912087912	-1.04945054945055
			1.62362637362637	-1.04945054945055
			1.62637362637363	-1.04945054945055
			1.62912087912088	-1.04945054945055
			1.63186813186813	-1.04945054945055
			1.63461538461538	-1.0521978021978
			1.63736263736264	-1.0521978021978
			1.64010989010989	-1.0521978021978
			1.64285714285714	-1.0521978021978
			1.64285714285714	-1.05494505494505
			1.6456043956044	-1.05494505494505
			1.64835164835165	-1.05494505494505
			1.6510989010989	-1.05494505494505
			1.65384615384615	-1.05769230769231
			1.65659340659341	-1.05769230769231
			1.65934065934066	-1.05769230769231
			1.66208791208791	-1.06043956043956
			1.66483516483516	-1.06043956043956
			1.66758241758242	-1.06043956043956
			1.67032967032967	-1.06043956043956
			1.67307692307692	-1.06318681318681
			1.67582417582418	-1.06318681318681
			1.67857142857143	-1.06318681318681
			1.68131868131868	-1.06593406593407
			1.68406593406593	-1.06593406593407
			1.68681318681319	-1.06593406593407
			1.68956043956044	-1.06868131868132
			1.69230769230769	-1.06868131868132
			1.69505494505495	-1.07142857142857
			1.6978021978022	-1.07142857142857
			1.70054945054945	-1.07142857142857
			1.7032967032967	-1.07417582417582
			1.70604395604396	-1.07417582417582
			1.70879120879121	-1.07692307692308
			1.71153846153846	-1.07692307692308
			1.71428571428571	-1.07692307692308
			1.71703296703297	-1.07967032967033
			1.71978021978022	-1.07967032967033
			1.72252747252747	-1.08241758241758
			1.72527472527473	-1.08241758241758
			1.72802197802198	-1.08516483516484
			1.73076923076923	-1.08516483516484
			1.73351648351648	-1.08516483516484
			1.73351648351648	-1.08791208791209
			1.73626373626374	-1.08791208791209
			1.73901098901099	-1.09065934065934
			1.74175824175824	-1.09065934065934
			1.74450549450549	-1.09340659340659
			1.74725274725275	-1.09340659340659
			1.75	-1.09615384615385
			1.75274725274725	-1.09615384615385
			1.75549450549451	-1.0989010989011
			1.75824175824176	-1.10164835164835
			1.76098901098901	-1.10164835164835
			1.76373626373626	-1.1043956043956
			1.76648351648352	-1.10714285714286
			1.76923076923077	-1.10714285714286
			1.77197802197802	-1.10989010989011
			1.77472527472527	-1.10989010989011
			1.77472527472527	-1.11263736263736
			1.77747252747253	-1.11538461538462
			1.78021978021978	-1.11538461538462
			1.78296703296703	-1.11813186813187
			1.78571428571429	-1.12087912087912
			1.78846153846154	-1.12362637362637
			1.79120879120879	-1.12637362637363
			1.79395604395604	-1.12912087912088
			1.7967032967033	-1.13186813186813
			1.79945054945055	-1.13461538461538
			1.8021978021978	-1.13736263736264
			1.8021978021978	-1.14010989010989
			1.80494505494506	-1.14285714285714
			1.80494505494506	-1.1456043956044
			1.80769230769231	-1.1456043956044
			1.80769230769231	-1.14835164835165
			1.80769230769231	-1.1510989010989
			1.81043956043956	-1.15384615384615
			1.81043956043956	-1.15659340659341
			1.81318681318681	-1.15659340659341
			1.81318681318681	-1.15934065934066
			1.81318681318681	-1.16208791208791
			1.81593406593407	-1.16483516483516
			1.81593406593407	-1.16758241758242
			1.81593406593407	-1.17032967032967
			1.81868131868132	-1.17032967032967
			1.81868131868132	-1.17307692307692
			1.82142857142857	-1.17582417582418
			1.82142857142857	-1.17857142857143
			1.82142857142857	-1.18131868131868
			1.82417582417582	-1.18406593406593
			1.82417582417582	-1.18681318681319
			1.82692307692308	-1.18956043956044
			1.82692307692308	-1.19230769230769
			1.82692307692308	-1.19505494505495
			1.82692307692308	-1.1978021978022
			1.82967032967033	-1.20054945054945
			1.82967032967033	-1.2032967032967
			1.82967032967033	-1.20604395604396
			1.83241758241758	-1.20879120879121
			1.83241758241758	-1.21153846153846
			1.83241758241758	-1.21428571428571
			1.83241758241758	-1.21703296703297
			1.83516483516484	-1.21978021978022
			1.83516483516484	-1.22252747252747
			1.83516483516484	-1.22527472527473
			1.83516483516484	-1.22802197802198
			1.83791208791209	-1.23076923076923
			1.83791208791209	-1.23351648351648
			1.83791208791209	-1.23626373626374
			1.83791208791209	-1.23901098901099
			1.83791208791209	-1.24175824175824
			1.83791208791209	-1.24450549450549
			1.84065934065934	-1.24725274725275
			1.84065934065934	-1.25
			1.84065934065934	-1.25274725274725
			1.84065934065934	-1.25549450549451
			1.84065934065934	-1.25824175824176
			1.84065934065934	-1.26098901098901
			1.84065934065934	-1.26373626373626
			1.84340659340659	-1.26648351648352
			1.84340659340659	-1.26923076923077
			1.84340659340659	-1.27197802197802
			1.84340659340659	-1.27472527472527
			1.84340659340659	-1.27747252747253
			1.84340659340659	-1.28021978021978
			1.84340659340659	-1.28296703296703
			1.84340659340659	-1.28571428571429
			1.84340659340659	-1.28846153846154
			1.84340659340659	-1.29120879120879
			1.84340659340659	-1.29395604395604
			1.84615384615385	-1.2967032967033
			1.84615384615385	-1.29945054945055
			1.84615384615385	-1.3021978021978
			1.84615384615385	-1.30494505494505
			1.84615384615385	-1.30769230769231
			1.84615384615385	-1.31043956043956
			1.84615384615385	-1.31318681318681
			1.84615384615385	-1.31593406593407
			1.84615384615385	-1.31868131868132
			1.84615384615385	-1.32142857142857
			1.84615384615385	-1.32417582417582
			1.84615384615385	-1.32692307692308
			1.84615384615385	-1.32967032967033
			1.84615384615385	-1.33241758241758
			1.84615384615385	-1.33516483516484
			1.84615384615385	-1.33791208791209
			1.84615384615385	-1.34065934065934
			1.84615384615385	-1.34340659340659
			1.84615384615385	-1.34615384615385
			1.84615384615385	-1.3489010989011
			1.84615384615385	-1.35164835164835
			1.84615384615385	-1.3543956043956
			1.84615384615385	-1.35714285714286
			1.84615384615385	-1.35989010989011
			1.84615384615385	-1.36263736263736
			1.84615384615385	-1.36538461538462
			1.84615384615385	-1.36813186813187
			1.84340659340659	-1.37087912087912
			1.84340659340659	-1.37362637362637
			1.84340659340659	-1.37637362637363
			1.84340659340659	-1.37912087912088
			1.84340659340659	-1.38186813186813
			1.84340659340659	-1.38461538461538
			1.84340659340659	-1.38736263736264
			1.84340659340659	-1.39010989010989
			1.84340659340659	-1.39285714285714
			1.84340659340659	-1.3956043956044
			1.84340659340659	-1.39835164835165
			1.84340659340659	-1.4010989010989
			1.84340659340659	-1.40384615384615
			1.84065934065934	-1.40659340659341
			1.84065934065934	-1.40934065934066
			1.84065934065934	-1.41208791208791
			1.84065934065934	-1.41483516483516
			1.84065934065934	-1.41758241758242
			1.84065934065934	-1.42032967032967
			1.84065934065934	-1.42307692307692
			1.84065934065934	-1.42582417582418
			1.83791208791209	-1.42857142857143
			1.83791208791209	-1.43131868131868
			1.83791208791209	-1.43406593406593
			1.83791208791209	-1.43681318681319
			1.83791208791209	-1.43956043956044
			1.83791208791209	-1.44230769230769
			1.83791208791209	-1.44505494505495
			1.83791208791209	-1.4478021978022
			1.83516483516484	-1.45054945054945
			1.83516483516484	-1.4532967032967
			1.83516483516484	-1.45604395604396
			1.83516483516484	-1.45879120879121
			1.83516483516484	-1.46153846153846
			1.83516483516484	-1.46428571428571
			1.83516483516484	-1.46703296703297
			1.83241758241758	-1.46978021978022
			1.83241758241758	-1.47252747252747
			1.83241758241758	-1.47527472527473
			1.83241758241758	-1.47802197802198
			1.83241758241758	-1.48076923076923
			1.82967032967033	-1.48076923076923
			1.82967032967033	-1.48351648351648
			1.82967032967033	-1.48626373626374
			1.82967032967033	-1.48901098901099
			1.82692307692308	-1.49175824175824
			1.82692307692308	-1.49450549450549
			1.82692307692308	-1.49725274725275
			1.82417582417582	-1.5
			1.82417582417582	-1.50274725274725
			1.82417582417582	-1.50549450549451
			1.82417582417582	-1.50824175824176
			1.82142857142857	-1.51098901098901
			1.82142857142857	-1.51373626373626
			1.82142857142857	-1.51648351648352
			1.82142857142857	-1.51923076923077
			1.81868131868132	-1.52197802197802
			1.81868131868132	-1.52472527472527
			1.81868131868132	-1.52747252747253
			1.81593406593407	-1.53021978021978
			1.81593406593407	-1.53296703296703
			1.81593406593407	-1.53571428571429
			1.81318681318681	-1.53846153846154
			1.81318681318681	-1.54120879120879
			1.81318681318681	-1.54395604395604
			1.81043956043956	-1.5467032967033
			1.81043956043956	-1.54945054945055
			1.81043956043956	-1.5521978021978
			1.81043956043956	-1.55494505494505
			1.80769230769231	-1.55769230769231
			1.80769230769231	-1.56043956043956
			1.80769230769231	-1.56318681318681
			1.80494505494506	-1.56593406593407
			1.80494505494506	-1.56868131868132
			1.80494505494506	-1.57142857142857
			1.80494505494506	-1.57417582417582
			1.8021978021978	-1.57417582417582
			1.8021978021978	-1.57692307692308
			1.8021978021978	-1.57967032967033
			1.8021978021978	-1.58241758241758
			1.79945054945055	-1.58516483516484
			1.79945054945055	-1.58791208791209
			1.7967032967033	-1.59065934065934
			1.7967032967033	-1.59340659340659
			1.7967032967033	-1.59615384615385
			1.79395604395604	-1.5989010989011
			1.79395604395604	-1.60164835164835
			1.79395604395604	-1.6043956043956
			1.79120879120879	-1.60714285714286
			1.79120879120879	-1.60989010989011
			1.79120879120879	-1.61263736263736
			1.78846153846154	-1.61538461538462
			1.78846153846154	-1.61813186813187
			1.78846153846154	-1.62087912087912
			1.78571428571429	-1.62362637362637
			1.78846153846154	-1.62362637362637
			1.79120879120879	-1.62362637362637
			1.79395604395604	-1.62362637362637
			1.7967032967033	-1.62362637362637
			1.79945054945055	-1.62362637362637
			1.8021978021978	-1.62362637362637
			1.80494505494506	-1.62362637362637
			1.80769230769231	-1.62637362637363
			1.81043956043956	-1.62637362637363
			1.81318681318681	-1.62637362637363
			1.81593406593407	-1.62637362637363
			1.81868131868132	-1.62637362637363
			1.82142857142857	-1.62637362637363
			1.82417582417582	-1.62912087912088
			1.82692307692308	-1.62912087912088
			1.82967032967033	-1.62912087912088
			1.83241758241758	-1.62912087912088
			1.83516483516484	-1.63186813186813
			1.83791208791209	-1.63186813186813
			1.84065934065934	-1.63186813186813
			1.84340659340659	-1.63461538461538
			1.84615384615385	-1.63461538461538
			1.8489010989011	-1.63461538461538
			1.85164835164835	-1.63736263736264
			1.8543956043956	-1.63736263736264
			1.85714285714286	-1.64010989010989
			1.85989010989011	-1.64010989010989
			1.86263736263736	-1.64285714285714
			1.86538461538462	-1.64285714285714
			1.86813186813187	-1.6456043956044
			1.87087912087912	-1.64835164835165
			1.87362637362637	-1.64835164835165
			1.87637362637363	-1.6510989010989
			1.87912087912088	-1.65384615384615
			1.88186813186813	-1.65659340659341
			1.88461538461538	-1.65659340659341
			1.88736263736264	-1.65934065934066
			1.89010989010989	-1.66208791208791
			1.89285714285714	-1.66483516483516
			1.89285714285714	-1.66758241758242
			1.8956043956044	-1.67032967032967
			1.89835164835165	-1.67307692307692
			1.9010989010989	-1.67582417582418
			1.9010989010989	-1.67857142857143
			1.90384615384615	-1.68131868131868
			1.90659340659341	-1.68406593406593
			1.90934065934066	-1.68681318681319
			1.90934065934066	-1.68956043956044
			1.91208791208791	-1.69230769230769
			1.91208791208791	-1.69505494505495
			1.91483516483516	-1.6978021978022
			1.91758241758242	-1.70054945054945
			1.91758241758242	-1.7032967032967
			1.91758241758242	-1.70604395604396
			1.92032967032967	-1.70879120879121
			1.92032967032967	-1.71153846153846
			1.92307692307692	-1.71428571428571
			1.92307692307692	-1.71703296703297
			1.92307692307692	-1.71978021978022
			1.92582417582418	-1.72252747252747
			1.92582417582418	-1.72527472527473
			1.92582417582418	-1.72802197802198
			1.92582417582418	-1.73076923076923
			1.92857142857143	-1.73351648351648
			1.92857142857143	-1.73626373626374
			1.92857142857143	-1.73901098901099
			1.93131868131868	-1.74175824175824
			1.93131868131868	-1.74450549450549
			1.93131868131868	-1.74725274725275
			1.93406593406593	-1.75
			1.93406593406593	-1.75274725274725
			1.93406593406593	-1.75549450549451
			1.93406593406593	-1.75824175824176
			1.93406593406593	-1.76098901098901
			1.93406593406593	-1.76373626373626
			1.93681318681319	-1.76648351648352
			1.93681318681319	-1.76923076923077
			1.93681318681319	-1.77197802197802
			1.93681318681319	-1.77472527472527
			1.93406593406593	-1.77747252747253
			1.93406593406593	-1.78021978021978
			1.93406593406593	-1.78296703296703
			1.93406593406593	-1.78571428571429
			1.93406593406593	-1.78846153846154
			1.93406593406593	-1.79120879120879
			1.93131868131868	-1.79395604395604
			1.93131868131868	-1.7967032967033
			1.93131868131868	-1.79945054945055
			1.92857142857143	-1.8021978021978
			1.92857142857143	-1.80494505494506
			1.92857142857143	-1.80769230769231
			1.92582417582418	-1.81043956043956
			1.92582417582418	-1.81318681318681
			1.92307692307692	-1.81593406593407
			1.92307692307692	-1.81868131868132
			1.92032967032967	-1.82142857142857
			1.91758241758242	-1.82417582417582
			1.91758241758242	-1.82692307692308
			1.91483516483516	-1.82967032967033
			1.91208791208791	-1.82967032967033
			1.91208791208791	-1.83241758241758
			1.90934065934066	-1.83516483516484
			1.90659340659341	-1.83791208791209
			1.90384615384615	-1.84065934065934
			1.9010989010989	-1.84340659340659
			1.89835164835165	-1.84615384615385
			1.8956043956044	-1.8489010989011
			1.8956043956044	-1.85164835164835
			1.89285714285714	-1.8543956043956
			1.89010989010989	-1.8543956043956
			1.88736263736264	-1.85714285714286
			1.88461538461538	-1.85989010989011
			1.88186813186813	-1.86263736263736
			1.87912087912088	-1.86538461538462
			1.87637362637363	-1.86538461538462
			1.87362637362637	-1.86813186813187
			1.87087912087912	-1.86813186813187
			1.86813186813187	-1.87087912087912
			1.86538461538462	-1.87362637362637
			1.86263736263736	-1.87637362637363
			1.85989010989011	-1.87637362637363
			1.85714285714286	-1.87912087912088
			1.8543956043956	-1.87912087912088
			1.8543956043956	-1.88186813186813
			1.85164835164835	-1.88186813186813
			1.8489010989011	-1.88461538461538
			1.84615384615385	-1.88736263736264
			1.84340659340659	-1.88736263736264
			1.84065934065934	-1.89010989010989
			1.83791208791209	-1.89010989010989
			1.83516483516484	-1.89285714285714
			1.83241758241758	-1.89285714285714
			1.82967032967033	-1.8956043956044
			1.82692307692308	-1.8956043956044
			1.82417582417582	-1.89835164835165
			1.82142857142857	-1.89835164835165
			1.81868131868132	-1.9010989010989
			1.82142857142857	-1.90384615384615
			1.82417582417582	-1.90659340659341
			1.82692307692308	-1.90934065934066
			1.82692307692308	-1.91208791208791
			1.82967032967033	-1.91483516483516
			1.83241758241758	-1.91483516483516
			1.83516483516484	-1.91758241758242
			1.83791208791209	-1.91758241758242
			1.84065934065934	-1.92032967032967
			1.84340659340659	-1.92032967032967
			1.84615384615385	-1.92032967032967
			1.84615384615385	-1.92307692307692
			1.8489010989011	-1.92307692307692
			1.85164835164835	-1.92307692307692
			1.8543956043956	-1.92307692307692
			1.85714285714286	-1.92582417582418
			1.85989010989011	-1.92582417582418
			1.86263736263736	-1.92582417582418
			1.86538461538462	-1.92582417582418
			1.86813186813187	-1.92582417582418
			1.87087912087912	-1.92582417582418
			1.87362637362637	-1.92582417582418
			1.87637362637363	-1.92582417582418
			1.87912087912088	-1.92582417582418
			1.88186813186813	-1.92582417582418
			1.88461538461538	-1.92582417582418
			1.88736263736264	-1.92582417582418
			1.89010989010989	-1.92582417582418
			1.89285714285714	-1.92582417582418
			1.8956043956044	-1.92582417582418
			1.89835164835165	-1.92582417582418
			1.9010989010989	-1.92582417582418
			1.90384615384615	-1.92582417582418
			1.90659340659341	-1.92307692307692
			1.90934065934066	-1.92307692307692
			1.91208791208791	-1.92307692307692
			1.91483516483516	-1.92307692307692
			1.91758241758242	-1.92307692307692
			1.92032967032967	-1.92032967032967
			1.92307692307692	-1.92032967032967
			1.92582417582418	-1.92032967032967
			1.92857142857143	-1.92032967032967
			1.93131868131868	-1.92032967032967
			1.93406593406593	-1.91758241758242
			1.93681318681319	-1.91758241758242
			1.93956043956044	-1.91758241758242
			1.94230769230769	-1.91758241758242
			1.94505494505495	-1.91483516483516
			1.9478021978022	-1.91483516483516
			1.95054945054945	-1.91483516483516
			1.9532967032967	-1.91208791208791
			1.95604395604396	-1.91208791208791
			1.95879120879121	-1.91208791208791
			1.96153846153846	-1.91208791208791
			1.96428571428571	-1.90934065934066
			1.96703296703297	-1.90934065934066
			1.96978021978022	-1.90934065934066
			1.97252747252747	-1.90659340659341
			1.97527472527473	-1.90659340659341
			1.97802197802198	-1.90659340659341
			1.98076923076923	-1.90384615384615
			1.98351648351648	-1.90384615384615
			1.98626373626374	-1.90384615384615
			1.98901098901099	-1.9010989010989
			1.99175824175824	-1.9010989010989
			1.99450549450549	-1.89835164835165
			1.99725274725275	-1.89835164835165
			2	-1.89835164835165
			2.00274725274725	-1.89835164835165
			2.00549450549451	-1.8956043956044
			2.00824175824176	-1.8956043956044
			2.01098901098901	-1.89285714285714
			2.01373626373626	-1.89285714285714
			2.01648351648352	-1.89010989010989
			2.01923076923077	-1.89010989010989
			2.02197802197802	-1.89010989010989
			2.02472527472528	-1.88736263736264
			2.02747252747253	-1.88736263736264
			2.03021978021978	-1.88461538461538
			2.03296703296703	-1.88461538461538
			2.03571428571429	-1.88186813186813
			2.03846153846154	-1.88186813186813
			2.04120879120879	-1.87912087912088
			2.04395604395604	-1.87637362637363
			2.0467032967033	-1.87362637362637
			2.04945054945055	-1.87362637362637
			2.0521978021978	-1.87087912087912
			2.05494505494506	-1.86813186813187
			2.05769230769231	-1.86813186813187
			2.06043956043956	-1.86538461538462
			2.06318681318681	-1.86538461538462
			2.06318681318681	-1.86263736263736
			2.06593406593407	-1.86263736263736
			2.06868131868132	-1.85989010989011
			2.07142857142857	-1.85714285714286
			2.07417582417582	-1.85714285714286
			2.07692307692308	-1.8543956043956
			2.07967032967033	-1.85164835164835
			2.08241758241758	-1.85164835164835
			2.08516483516484	-1.8489010989011
			2.08791208791209	-1.8489010989011
			2.09065934065934	-1.84615384615385
			2.09340659340659	-1.84615384615385
			2.09615384615385	-1.84340659340659
			2.0989010989011	-1.84340659340659
			2.10164835164835	-1.84065934065934
			2.1043956043956	-1.84065934065934
			2.10714285714286	-1.83791208791209
			2.10989010989011	-1.83791208791209
			2.11263736263736	-1.83516483516484
			2.11538461538462	-1.83241758241758
			2.11813186813187	-1.83241758241758
			2.12087912087912	-1.82967032967033
			2.12362637362637	-1.82967032967033
			2.12637362637363	-1.82692307692308
			2.12912087912088	-1.82692307692308
			2.13186813186813	-1.82692307692308
			2.13461538461538	-1.82417582417582
			2.13736263736264	-1.82417582417582
			2.14010989010989	-1.82142857142857
			2.14285714285714	-1.82142857142857
			2.1456043956044	-1.82142857142857
			2.1456043956044	-1.81868131868132
			2.14835164835165	-1.81868131868132
			2.1510989010989	-1.81868131868132
			2.15384615384615	-1.81593406593407
			2.15659340659341	-1.81593406593407
			2.15934065934066	-1.81593406593407
			2.16208791208791	-1.81593406593407
			2.16483516483517	-1.81318681318681
			2.16758241758242	-1.81318681318681
			2.17032967032967	-1.81318681318681
			2.17307692307692	-1.81318681318681
			2.17582417582418	-1.81043956043956
			2.17857142857143	-1.81043956043956
			2.18131868131868	-1.81043956043956
			2.18406593406593	-1.81043956043956
			2.18681318681319	-1.81043956043956
			2.18956043956044	-1.81043956043956
			2.19230769230769	-1.81043956043956
			2.19505494505495	-1.81043956043956
			2.1978021978022	-1.80769230769231
			2.20054945054945	-1.80769230769231
			2.2032967032967	-1.81043956043956
			2.20604395604396	-1.81043956043956
			2.20879120879121	-1.81043956043956
			2.21153846153846	-1.81043956043956
			2.21428571428571	-1.81043956043956
			2.21703296703297	-1.81043956043956
			2.21978021978022	-1.81043956043956
			2.22252747252747	-1.81043956043956
			2.22527472527473	-1.81318681318681
			2.22802197802198	-1.81318681318681
			2.23076923076923	-1.81318681318681
			2.23351648351648	-1.81593406593407
			2.23626373626374	-1.81593406593407
			2.23901098901099	-1.81868131868132
			2.24175824175824	-1.81868131868132
			2.24450549450549	-1.82142857142857
			2.24725274725275	-1.82142857142857
			2.25	-1.82417582417582
			2.25	-1.82692307692308
			2.25274725274725	-1.82692307692308
			2.25549450549451	-1.82967032967033
			2.25824175824176	-1.83241758241758
			2.26098901098901	-1.83516483516484
			2.26373626373626	-1.83791208791209
			2.26648351648352	-1.84065934065934
			2.26923076923077	-1.84340659340659
			2.26923076923077	-1.84615384615385
			2.27197802197802	-1.8489010989011
			2.27197802197802	-1.85164835164835
			2.27472527472528	-1.85164835164835
			2.27472527472528	-1.8543956043956
			2.27472527472528	-1.85714285714286
			2.27747252747253	-1.85989010989011
			2.27747252747253	-1.86263736263736
			2.28021978021978	-1.86263736263736
			2.28021978021978	-1.86538461538462
			2.28021978021978	-1.86813186813187
			2.28296703296703	-1.87087912087912
			2.28296703296703	-1.87362637362637
			2.28296703296703	-1.87637362637363
			2.28571428571429	-1.87912087912088
			2.28571428571429	-1.88186813186813
			2.28571428571429	-1.88461538461538
			2.28846153846154	-1.88736263736264
			2.28846153846154	-1.89010989010989
		</suture>
		<anterior type=matrix rownames=FALSE colnames=FALSE nrow=569 ncol=2 as.numeric=TRUE >
			1.39285714285714	-0.884615384615385
			1.3956043956044	-0.884615384615385
			1.39835164835165	-0.884615384615385
			1.4010989010989	-0.884615384615385
			1.40384615384615	-0.887362637362637
			1.40659340659341	-0.887362637362637
			1.40934065934066	-0.887362637362637
			1.41208791208791	-0.887362637362637
			1.41483516483516	-0.887362637362637
			1.41758241758242	-0.887362637362637
			1.42032967032967	-0.887362637362637
			1.42307692307692	-0.887362637362637
			1.42582417582418	-0.89010989010989
			1.42857142857143	-0.89010989010989
			1.43131868131868	-0.89010989010989
			1.43406593406593	-0.89010989010989
			1.43681318681319	-0.89010989010989
			1.43956043956044	-0.89010989010989
			1.44230769230769	-0.89010989010989
			1.44505494505495	-0.892857142857143
			1.4478021978022	-0.892857142857143
			1.45054945054945	-0.892857142857143
			1.4532967032967	-0.892857142857143
			1.45604395604396	-0.892857142857143
			1.45879120879121	-0.895604395604396
			1.46153846153846	-0.895604395604396
			1.46428571428571	-0.895604395604396
			1.46703296703297	-0.895604395604396
			1.46978021978022	-0.895604395604396
			1.47252747252747	-0.895604395604396
			1.47527472527473	-0.895604395604396
			1.47527472527473	-0.898351648351648
			1.47802197802198	-0.898351648351648
			1.48076923076923	-0.898351648351648
			1.48351648351648	-0.898351648351648
			1.48626373626374	-0.898351648351648
			1.48901098901099	-0.901098901098901
			1.49175824175824	-0.901098901098901
			1.49450549450549	-0.901098901098901
			1.49725274725275	-0.901098901098901
			1.5	-0.901098901098901
			1.50274725274725	-0.901098901098901
			1.50549450549451	-0.903846153846154
			1.50824175824176	-0.903846153846154
			1.51098901098901	-0.903846153846154
			1.51373626373626	-0.903846153846154
			1.51648351648352	-0.906593406593407
			1.51923076923077	-0.906593406593407
			1.52197802197802	-0.906593406593407
			1.52472527472527	-0.906593406593407
			1.52747252747253	-0.906593406593407
			1.53021978021978	-0.909340659340659
			1.53296703296703	-0.909340659340659
			1.53571428571429	-0.909340659340659
			1.53846153846154	-0.909340659340659
			1.54120879120879	-0.912087912087912
			1.54395604395604	-0.912087912087912
			1.5467032967033	-0.912087912087912
			1.54945054945055	-0.912087912087912
			1.5521978021978	-0.912087912087912
			1.55494505494505	-0.914835164835165
			1.55769230769231	-0.914835164835165
			1.56043956043956	-0.914835164835165
			1.56318681318681	-0.917582417582418
			1.56593406593407	-0.917582417582418
			1.56868131868132	-0.917582417582418
			1.57142857142857	-0.917582417582418
			1.57417582417582	-0.92032967032967
			1.57692307692308	-0.92032967032967
			1.57967032967033	-0.92032967032967
			1.58241758241758	-0.92032967032967
			1.58516483516484	-0.923076923076923
			1.58791208791209	-0.923076923076923
			1.59065934065934	-0.923076923076923
			1.59340659340659	-0.923076923076923
			1.59615384615385	-0.925824175824176
			1.5989010989011	-0.925824175824176
			1.60164835164835	-0.925824175824176
			1.6043956043956	-0.925824175824176
			1.60714285714286	-0.928571428571429
			1.60989010989011	-0.928571428571429
			1.61263736263736	-0.931318681318681
			1.61538461538462	-0.931318681318681
			1.61813186813187	-0.931318681318681
			1.62087912087912	-0.931318681318681
			1.62362637362637	-0.934065934065934
			1.62637362637363	-0.934065934065934
			1.62912087912088	-0.934065934065934
			1.63186813186813	-0.936813186813187
			1.63461538461538	-0.936813186813187
			1.63736263736264	-0.936813186813187
			1.64010989010989	-0.93956043956044
			1.64285714285714	-0.93956043956044
			1.6456043956044	-0.93956043956044
			1.64835164835165	-0.942307692307692
			1.6510989010989	-0.942307692307692
			1.65384615384615	-0.942307692307692
			1.65659340659341	-0.942307692307692
			1.65659340659341	-0.945054945054945
			1.65934065934066	-0.945054945054945
			1.66208791208791	-0.945054945054945
			1.66483516483516	-0.947802197802198
			1.66758241758242	-0.947802197802198
			1.67032967032967	-0.947802197802198
			1.67307692307692	-0.950549450549451
			1.67582417582418	-0.950549450549451
			1.67857142857143	-0.950549450549451
			1.68131868131868	-0.953296703296703
			1.68406593406593	-0.953296703296703
			1.68681318681319	-0.956043956043956
			1.68956043956044	-0.956043956043956
			1.69230769230769	-0.958791208791209
			1.69505494505495	-0.958791208791209
			1.6978021978022	-0.958791208791209
			1.70054945054945	-0.961538461538462
			1.7032967032967	-0.961538461538462
			1.70604395604396	-0.961538461538462
			1.70879120879121	-0.964285714285714
			1.71153846153846	-0.964285714285714
			1.71428571428571	-0.967032967032967
			1.71703296703297	-0.967032967032967
			1.71978021978022	-0.967032967032967
			1.72252747252747	-0.96978021978022
			1.72527472527473	-0.96978021978022
			1.72802197802198	-0.96978021978022
			1.72802197802198	-0.972527472527473
			1.73076923076923	-0.972527472527473
			1.73351648351648	-0.975274725274725
			1.73626373626374	-0.975274725274725
			1.73901098901099	-0.975274725274725
			1.74175824175824	-0.978021978021978
			1.74450549450549	-0.978021978021978
			1.74725274725275	-0.980769230769231
			1.75	-0.980769230769231
			1.75274725274725	-0.983516483516484
			1.75549450549451	-0.983516483516484
			1.75824175824176	-0.986263736263736
			1.76098901098901	-0.986263736263736
			1.76373626373626	-0.989010989010989
			1.76648351648352	-0.989010989010989
			1.76923076923077	-0.989010989010989
			1.76923076923077	-0.991758241758242
			1.77197802197802	-0.991758241758242
			1.77472527472527	-0.991758241758242
			1.77472527472527	-0.994505494505495
			1.77747252747253	-0.994505494505495
			1.78021978021978	-0.997252747252747
			1.78296703296703	-0.997252747252747
			1.78571428571429	-1
			1.78846153846154	-1
			1.79120879120879	-1.00274725274725
			1.79395604395604	-1.00274725274725
			1.7967032967033	-1.00549450549451
			1.79945054945055	-1.00549450549451
			1.8021978021978	-1.00824175824176
			1.80494505494506	-1.00824175824176
			1.80769230769231	-1.01098901098901
			1.81043956043956	-1.01098901098901
			1.81318681318681	-1.01373626373626
			1.81593406593407	-1.01648351648352
			1.81868131868132	-1.01648351648352
			1.82142857142857	-1.01923076923077
			1.82417582417582	-1.01923076923077
			1.82692307692308	-1.02197802197802
			1.82967032967033	-1.02197802197802
			1.83241758241758	-1.02472527472527
			1.83516483516484	-1.02472527472527
			1.83791208791209	-1.02747252747253
			1.84065934065934	-1.03021978021978
			1.84340659340659	-1.03021978021978
			1.84615384615385	-1.03021978021978
			1.84615384615385	-1.03296703296703
			1.8489010989011	-1.03296703296703
			1.85164835164835	-1.03571428571429
			1.8543956043956	-1.03846153846154
			1.85714285714286	-1.03846153846154
			1.85989010989011	-1.04120879120879
			1.86263736263736	-1.04120879120879
			1.86263736263736	-1.04395604395604
			1.86538461538462	-1.04395604395604
			1.86813186813187	-1.0467032967033
			1.87087912087912	-1.0467032967033
			1.87362637362637	-1.04945054945055
			1.87637362637363	-1.0521978021978
			1.87912087912088	-1.0521978021978
			1.87912087912088	-1.05494505494505
			1.88186813186813	-1.05494505494505
			1.88461538461538	-1.05769230769231
			1.88736263736264	-1.05769230769231
			1.89010989010989	-1.06043956043956
			1.89010989010989	-1.06318681318681
			1.89285714285714	-1.06318681318681
			1.8956043956044	-1.06593406593407
			1.89835164835165	-1.06593406593407
			1.9010989010989	-1.06868131868132
			1.90384615384615	-1.06868131868132
			1.90384615384615	-1.07142857142857
			1.90659340659341	-1.07417582417582
			1.90934065934066	-1.07417582417582
			1.91208791208791	-1.07692307692308
			1.91483516483516	-1.07692307692308
			1.91483516483516	-1.07967032967033
			1.91758241758242	-1.08241758241758
			1.92032967032967	-1.08241758241758
			1.92307692307692	-1.08516483516484
			1.92582417582418	-1.08516483516484
			1.92582417582418	-1.08791208791209
			1.92857142857143	-1.09065934065934
			1.93131868131868	-1.09065934065934
			1.93406593406593	-1.09340659340659
			1.93681318681319	-1.09340659340659
			1.93681318681319	-1.09615384615385
			1.93956043956044	-1.0989010989011
			1.94230769230769	-1.0989010989011
			1.94505494505495	-1.10164835164835
			1.9478021978022	-1.1043956043956
			1.95054945054945	-1.10714285714286
			1.9532967032967	-1.10989010989011
			1.95604395604396	-1.10989010989011
			1.95879120879121	-1.11263736263736
			1.96153846153846	-1.11538461538462
			1.96428571428571	-1.11813186813187
			1.96703296703297	-1.12087912087912
			1.96978021978022	-1.12362637362637
			1.97252747252747	-1.12637362637363
			1.97527472527473	-1.12912087912088
			1.97802197802198	-1.13186813186813
			1.98076923076923	-1.13461538461538
			1.98351648351648	-1.13461538461538
			1.98351648351648	-1.13736263736264
			1.98626373626374	-1.13736263736264
			1.98901098901099	-1.14010989010989
			1.99175824175824	-1.14285714285714
			1.99450549450549	-1.1456043956044
			1.99725274725275	-1.14835164835165
			2	-1.1510989010989
			2.00274725274725	-1.15384615384615
			2.00549450549451	-1.15659340659341
			2.00824175824176	-1.15934065934066
			2.01098901098901	-1.16208791208791
			2.01373626373626	-1.16483516483516
			2.01648351648352	-1.16758241758242
			2.01923076923077	-1.16758241758242
			2.01923076923077	-1.17032967032967
			2.02197802197802	-1.17307692307692
			2.02472527472528	-1.17582417582418
			2.02747252747253	-1.17857142857143
			2.03021978021978	-1.18131868131868
			2.03296703296703	-1.18406593406593
			2.03296703296703	-1.18681318681319
			2.03571428571429	-1.18956043956044
			2.03846153846154	-1.19230769230769
			2.04120879120879	-1.19505494505495
			2.04395604395604	-1.19505494505495
			2.0467032967033	-1.1978021978022
			2.0467032967033	-1.20054945054945
			2.04945054945055	-1.2032967032967
			2.0521978021978	-1.20604395604396
			2.05494505494506	-1.20879120879121
			2.05769230769231	-1.21153846153846
			2.06043956043956	-1.21428571428571
			2.06043956043956	-1.21703296703297
			2.06318681318681	-1.21978021978022
			2.06593406593407	-1.22252747252747
			2.06868131868132	-1.22527472527473
			2.07142857142857	-1.22802197802198
			2.07142857142857	-1.23076923076923
			2.07417582417582	-1.23351648351648
			2.07692307692308	-1.23626373626374
			2.07967032967033	-1.23901098901099
			2.07967032967033	-1.24175824175824
			2.08241758241758	-1.24450549450549
			2.08516483516484	-1.24725274725275
			2.08791208791209	-1.25
			2.08791208791209	-1.25274725274725
			2.09065934065934	-1.25549450549451
			2.09340659340659	-1.25824175824176
			2.09615384615385	-1.26098901098901
			2.09615384615385	-1.26373626373626
			2.0989010989011	-1.26648351648352
			2.10164835164835	-1.26923076923077
			2.1043956043956	-1.27197802197802
			2.1043956043956	-1.27472527472527
			2.10714285714286	-1.27747252747253
			2.10989010989011	-1.28021978021978
			2.11263736263736	-1.28296703296703
			2.11263736263736	-1.28571428571429
			2.11538461538462	-1.28846153846154
			2.11813186813187	-1.29120879120879
			2.11813186813187	-1.29395604395604
			2.12087912087912	-1.2967032967033
			2.12362637362637	-1.29945054945055
			2.12637362637363	-1.3021978021978
			2.12637362637363	-1.30494505494505
			2.12912087912088	-1.30769230769231
			2.12912087912088	-1.31043956043956
			2.13186813186813	-1.31043956043956
			2.13186813186813	-1.31318681318681
			2.13186813186813	-1.31593406593407
			2.13461538461538	-1.31593406593407
			2.13461538461538	-1.31868131868132
			2.13736263736264	-1.32142857142857
			2.13736263736264	-1.32417582417582
			2.14010989010989	-1.32692307692308
			2.14285714285714	-1.32967032967033
			2.14285714285714	-1.33241758241758
			2.1456043956044	-1.33516483516484
			2.14835164835165	-1.33791208791209
			2.14835164835165	-1.34065934065934
			2.1510989010989	-1.34340659340659
			2.1510989010989	-1.34615384615385
			2.15384615384615	-1.3489010989011
			2.15384615384615	-1.35164835164835
			2.15659340659341	-1.3543956043956
			2.15934065934066	-1.35714285714286
			2.15934065934066	-1.35989010989011
			2.16208791208791	-1.36263736263736
			2.16208791208791	-1.36538461538462
			2.16483516483517	-1.36813186813187
			2.16483516483517	-1.37087912087912
			2.16758241758242	-1.37362637362637
			2.16758241758242	-1.37637362637363
			2.17032967032967	-1.37912087912088
			2.17032967032967	-1.38186813186813
			2.17307692307692	-1.38461538461538
			2.17582417582418	-1.38736263736264
			2.17582417582418	-1.39010989010989
			2.17857142857143	-1.39285714285714
			2.17857142857143	-1.3956043956044
			2.18131868131868	-1.39835164835165
			2.18131868131868	-1.4010989010989
			2.18406593406593	-1.40384615384615
			2.18406593406593	-1.40659340659341
			2.18681318681319	-1.40934065934066
			2.18681318681319	-1.41208791208791
			2.18956043956044	-1.41483516483516
			2.18956043956044	-1.41758241758242
			2.19230769230769	-1.42032967032967
			2.19230769230769	-1.42307692307692
			2.19505494505495	-1.42582417582418
			2.19505494505495	-1.42857142857143
			2.1978021978022	-1.43131868131868
			2.1978021978022	-1.43406593406593
			2.1978021978022	-1.43681318681319
			2.20054945054945	-1.43681318681319
			2.20054945054945	-1.43956043956044
			2.20054945054945	-1.44230769230769
			2.2032967032967	-1.44505494505495
			2.2032967032967	-1.4478021978022
			2.20604395604396	-1.45054945054945
			2.20604395604396	-1.4532967032967
			2.20879120879121	-1.45604395604396
			2.20879120879121	-1.45879120879121
			2.20879120879121	-1.46153846153846
			2.21153846153846	-1.46153846153846
			2.21153846153846	-1.46428571428571
			2.21153846153846	-1.46703296703297
			2.21428571428571	-1.46978021978022
			2.21428571428571	-1.47252747252747
			2.21703296703297	-1.47527472527473
			2.21703296703297	-1.47802197802198
			2.21703296703297	-1.48076923076923
			2.21978021978022	-1.48351648351648
			2.21978021978022	-1.48626373626374
			2.22252747252747	-1.48901098901099
			2.22252747252747	-1.49175824175824
			2.22252747252747	-1.49450549450549
			2.22527472527473	-1.49725274725275
			2.22527472527473	-1.5
			2.22527472527473	-1.50274725274725
			2.22802197802198	-1.50549450549451
			2.22802197802198	-1.50824175824176
			2.23076923076923	-1.51098901098901
			2.23076923076923	-1.51373626373626
			2.23076923076923	-1.51648351648352
			2.23351648351648	-1.51923076923077
			2.23351648351648	-1.52197802197802
			2.23626373626374	-1.52472527472527
			2.23626373626374	-1.52747252747253
			2.23626373626374	-1.53021978021978
			2.23626373626374	-1.53296703296703
			2.23901098901099	-1.53296703296703
			2.23901098901099	-1.53571428571429
			2.23901098901099	-1.53846153846154
			2.24175824175824	-1.54120879120879
			2.24175824175824	-1.54395604395604
			2.24175824175824	-1.5467032967033
			2.24450549450549	-1.54945054945055
			2.24450549450549	-1.5521978021978
			2.24725274725275	-1.55494505494505
			2.24725274725275	-1.55769230769231
			2.24725274725275	-1.56043956043956
			2.25	-1.56318681318681
			2.25	-1.56593406593407
			2.25	-1.56868131868132
			2.25	-1.57142857142857
			2.25274725274725	-1.57417582417582
			2.25274725274725	-1.57692307692308
			2.25274725274725	-1.57967032967033
			2.25549450549451	-1.58241758241758
			2.25549450549451	-1.58516483516484
			2.25549450549451	-1.58791208791209
			2.25824175824176	-1.59065934065934
			2.25824175824176	-1.59340659340659
			2.25824175824176	-1.59615384615385
			2.25824175824176	-1.5989010989011
			2.26098901098901	-1.60164835164835
			2.26098901098901	-1.6043956043956
			2.26098901098901	-1.60714285714286
			2.26373626373626	-1.60989010989011
			2.26373626373626	-1.61263736263736
			2.26373626373626	-1.61538461538462
			2.26648351648352	-1.61813186813187
			2.26648351648352	-1.62087912087912
			2.26648351648352	-1.62362637362637
			2.26648351648352	-1.62637362637363
			2.26923076923077	-1.62912087912088
			2.26923076923077	-1.63186813186813
			2.26923076923077	-1.63461538461538
			2.26923076923077	-1.63736263736264
			2.27197802197802	-1.64010989010989
			2.27197802197802	-1.64285714285714
			2.27197802197802	-1.6456043956044
			2.27472527472528	-1.64835164835165
			2.27472527472528	-1.6510989010989
			2.27472527472528	-1.65384615384615
			2.27472527472528	-1.65659340659341
			2.27747252747253	-1.65934065934066
			2.27747252747253	-1.66208791208791
			2.27747252747253	-1.66483516483516
			2.27747252747253	-1.66758241758242
			2.28021978021978	-1.67032967032967
			2.28021978021978	-1.67307692307692
			2.28021978021978	-1.67582417582418
			2.28021978021978	-1.67857142857143
			2.28296703296703	-1.68131868131868
			2.28296703296703	-1.68406593406593
			2.28296703296703	-1.68681318681319
			2.28296703296703	-1.68956043956044
			2.28296703296703	-1.69230769230769
			2.28571428571429	-1.69505494505495
			2.28571428571429	-1.6978021978022
			2.28571428571429	-1.70054945054945
			2.28571428571429	-1.7032967032967
			2.28846153846154	-1.70604395604396
			2.28846153846154	-1.70879120879121
			2.28846153846154	-1.71153846153846
			2.28846153846154	-1.71428571428571
			2.28846153846154	-1.71703296703297
			2.29120879120879	-1.71978021978022
			2.29120879120879	-1.72252747252747
			2.29120879120879	-1.72527472527473
			2.29120879120879	-1.72802197802198
			2.29395604395604	-1.73076923076923
			2.29395604395604	-1.73351648351648
			2.29395604395604	-1.73626373626374
			2.29395604395604	-1.73901098901099
			2.29395604395604	-1.74175824175824
			2.29395604395604	-1.74450549450549
			2.2967032967033	-1.74725274725275
			2.2967032967033	-1.75
			2.2967032967033	-1.75274725274725
			2.2967032967033	-1.75549450549451
			2.2967032967033	-1.75824175824176
			2.29945054945055	-1.76098901098901
			2.29945054945055	-1.76373626373626
			2.29945054945055	-1.76648351648352
			2.29945054945055	-1.76923076923077
			2.29945054945055	-1.77197802197802
			2.3021978021978	-1.77472527472527
			2.3021978021978	-1.77747252747253
			2.3021978021978	-1.78021978021978
			2.3021978021978	-1.78296703296703
			2.3021978021978	-1.78571428571429
			2.3021978021978	-1.78846153846154
			2.30494505494506	-1.79120879120879
			2.30494505494506	-1.79395604395604
			2.30494505494506	-1.7967032967033
			2.30494505494506	-1.79945054945055
			2.30494505494506	-1.8021978021978
			2.30494505494506	-1.80494505494506
			2.30494505494506	-1.80769230769231
			2.30769230769231	-1.81043956043956
			2.30769230769231	-1.81318681318681
			2.30769230769231	-1.81593406593407
			2.30769230769231	-1.81868131868132
			2.30769230769231	-1.82142857142857
			2.30769230769231	-1.82417582417582
			2.31043956043956	-1.82692307692308
			2.31043956043956	-1.82967032967033
			2.31043956043956	-1.83241758241758
			2.31043956043956	-1.83516483516484
			2.31043956043956	-1.83791208791209
			2.31043956043956	-1.84065934065934
			2.31043956043956	-1.84340659340659
			2.31318681318681	-1.84615384615385
			2.31318681318681	-1.8489010989011
			2.31318681318681	-1.85164835164835
			2.31318681318681	-1.8543956043956
			2.31318681318681	-1.85714285714286
			2.31318681318681	-1.85989010989011
			2.31318681318681	-1.86263736263736
			2.31318681318681	-1.86538461538462
			2.31593406593407	-1.86813186813187
			2.31593406593407	-1.87087912087912
			2.31593406593407	-1.87362637362637
			2.31593406593407	-1.87637362637363
			2.31593406593407	-1.87912087912088
			2.31593406593407	-1.88186813186813
			2.31593406593407	-1.88461538461538
			2.31593406593407	-1.88736263736264
			2.31868131868132	-1.89010989010989
			2.31868131868132	-1.89285714285714
			2.31868131868132	-1.8956043956044
			2.31868131868132	-1.89835164835165
			2.31868131868132	-1.9010989010989
			2.31868131868132	-1.90384615384615
			2.31868131868132	-1.90659340659341
			2.31868131868132	-1.90934065934066
			2.31868131868132	-1.91208791208791
			2.32142857142857	-1.91483516483516
			2.32142857142857	-1.91758241758242
			2.32142857142857	-1.92032967032967
			2.32142857142857	-1.92307692307692
			2.32142857142857	-1.92582417582418
			2.32142857142857	-1.92857142857143
			2.32142857142857	-1.93131868131868
			2.32142857142857	-1.93406593406593
			2.32142857142857	-1.93681318681319
			2.32142857142857	-1.93956043956044
			2.32142857142857	-1.94230769230769
			2.32417582417582	-1.94505494505495
			2.32417582417582	-1.9478021978022
			2.32417582417582	-1.95054945054945
			2.32417582417582	-1.9532967032967
			2.32417582417582	-1.95604395604396
			2.32417582417582	-1.95879120879121
			2.32417582417582	-1.96153846153846
			2.32417582417582	-1.96428571428571
			2.32417582417582	-1.96703296703297
			2.32417582417582	-1.96978021978022
			2.32417582417582	-1.97252747252747
			2.32417582417582	-1.97527472527473
			2.32692307692308	-1.97802197802198
			2.32692307692308	-1.98076923076923
			2.32692307692308	-1.98351648351648
			2.32692307692308	-1.98626373626374
			2.32692307692308	-1.98901098901099
			2.32692307692308	-1.99175824175824
			2.32692307692308	-1.99450549450549
			2.32692307692308	-1.99725274725275
			2.32692307692308	-2
			2.32692307692308	-2.00274725274725
			2.32692307692308	-2.00549450549451
			2.32692307692308	-2.00824175824176
			2.32692307692308	-2.01098901098901
			2.32692307692308	-2.01373626373626
			2.32692307692308	-2.01648351648352
			2.32967032967033	-2.01923076923077
			2.32967032967033	-2.02197802197802
			2.32967032967033	-2.02472527472528
			2.32967032967033	-2.02747252747253
			2.32967032967033	-2.03021978021978
			2.32967032967033	-2.03296703296703
			2.32967032967033	-2.03571428571429
			2.32967032967033	-2.03846153846154
			2.32967032967033	-2.04120879120879
			2.32967032967033	-2.04395604395604
			2.32967032967033	-2.0467032967033
		</anterior>
		<posterior type=matrix rownames=FALSE colnames=FALSE nrow=472 ncol=2 as.numeric=TRUE >
			1.39285714285714	-2.0467032967033
			1.3956043956044	-2.0467032967033
			1.39835164835165	-2.0467032967033
			1.4010989010989	-2.04945054945055
			1.40384615384615	-2.04945054945055
			1.40659340659341	-2.04945054945055
			1.40934065934066	-2.04945054945055
			1.41208791208791	-2.04945054945055
			1.41483516483516	-2.04945054945055
			1.41758241758242	-2.0521978021978
			1.42032967032967	-2.0521978021978
			1.42307692307692	-2.0521978021978
			1.42582417582418	-2.0521978021978
			1.42857142857143	-2.0521978021978
			1.43131868131868	-2.0521978021978
			1.43406593406593	-2.0521978021978
			1.43681318681319	-2.0521978021978
			1.43956043956044	-2.0521978021978
			1.44230769230769	-2.0521978021978
			1.44505494505495	-2.0521978021978
			1.4478021978022	-2.0521978021978
			1.45054945054945	-2.0521978021978
			1.4532967032967	-2.0521978021978
			1.45604395604396	-2.0521978021978
			1.45879120879121	-2.0521978021978
			1.46153846153846	-2.0521978021978
			1.46428571428571	-2.0521978021978
			1.46703296703297	-2.0521978021978
			1.46978021978022	-2.0521978021978
			1.47252747252747	-2.0521978021978
			1.47527472527473	-2.0521978021978
			1.47802197802198	-2.0521978021978
			1.48076923076923	-2.0521978021978
			1.48351648351648	-2.0521978021978
			1.48626373626374	-2.04945054945055
			1.48901098901099	-2.04945054945055
			1.49175824175824	-2.04945054945055
			1.49450549450549	-2.04945054945055
			1.49725274725275	-2.04945054945055
			1.5	-2.04945054945055
			1.50274725274725	-2.04945054945055
			1.50549450549451	-2.04945054945055
			1.50824175824176	-2.0467032967033
			1.51098901098901	-2.0467032967033
			1.51373626373626	-2.0467032967033
			1.51648351648352	-2.0467032967033
			1.51923076923077	-2.0467032967033
			1.52197802197802	-2.0467032967033
			1.52472527472527	-2.04395604395604
			1.52747252747253	-2.04395604395604
			1.53021978021978	-2.04395604395604
			1.53296703296703	-2.04395604395604
			1.53571428571429	-2.04395604395604
			1.53846153846154	-2.04120879120879
			1.54120879120879	-2.04120879120879
			1.54395604395604	-2.04120879120879
			1.5467032967033	-2.04120879120879
			1.54945054945055	-2.03846153846154
			1.5521978021978	-2.03846153846154
			1.55494505494505	-2.03846153846154
			1.55769230769231	-2.03846153846154
			1.56043956043956	-2.03846153846154
			1.56318681318681	-2.03571428571429
			1.56593406593407	-2.03571428571429
			1.56868131868132	-2.03571428571429
			1.57142857142857	-2.03571428571429
			1.57417582417582	-2.03296703296703
			1.57692307692308	-2.03296703296703
			1.57967032967033	-2.03296703296703
			1.58241758241758	-2.03021978021978
			1.58516483516484	-2.03021978021978
			1.58791208791209	-2.03021978021978
			1.59065934065934	-2.03021978021978
			1.59340659340659	-2.02747252747253
			1.59615384615385	-2.02747252747253
			1.5989010989011	-2.02747252747253
			1.60164835164835	-2.02472527472528
			1.6043956043956	-2.02472527472528
			1.60714285714286	-2.02472527472528
			1.60989010989011	-2.02197802197802
			1.61263736263736	-2.02197802197802
			1.61538461538462	-2.02197802197802
			1.61813186813187	-2.01923076923077
			1.62087912087912	-2.01923076923077
			1.62362637362637	-2.01923076923077
			1.62637362637363	-2.01648351648352
			1.62912087912088	-2.01648351648352
			1.63186813186813	-2.01648351648352
			1.63461538461538	-2.01373626373626
			1.63736263736264	-2.01373626373626
			1.64010989010989	-2.01373626373626
			1.64285714285714	-2.01098901098901
			1.6456043956044	-2.01098901098901
			1.64835164835165	-2.01098901098901
			1.6510989010989	-2.01098901098901
			1.65384615384615	-2.01373626373626
			1.65659340659341	-2.01373626373626
			1.65934065934066	-2.01373626373626
			1.66208791208791	-2.01373626373626
			1.66483516483516	-2.01648351648352
			1.66758241758242	-2.01648351648352
			1.67032967032967	-2.01648351648352
			1.67307692307692	-2.01648351648352
			1.67582417582418	-2.01648351648352
			1.67857142857143	-2.01923076923077
			1.68131868131868	-2.01923076923077
			1.68406593406593	-2.01923076923077
			1.68681318681319	-2.01923076923077
			1.68956043956044	-2.01923076923077
			1.69230769230769	-2.02197802197802
			1.69505494505495	-2.02197802197802
			1.6978021978022	-2.02197802197802
			1.70054945054945	-2.02197802197802
			1.7032967032967	-2.02197802197802
			1.70604395604396	-2.02197802197802
			1.70879120879121	-2.02472527472528
			1.71153846153846	-2.02472527472528
			1.71428571428571	-2.02472527472528
			1.71703296703297	-2.02472527472528
			1.71978021978022	-2.02472527472528
			1.72252747252747	-2.02747252747253
			1.72527472527473	-2.02747252747253
			1.72802197802198	-2.02747252747253
			1.73076923076923	-2.02747252747253
			1.73351648351648	-2.02747252747253
			1.73626373626374	-2.02747252747253
			1.73901098901099	-2.03021978021978
			1.74175824175824	-2.03021978021978
			1.74450549450549	-2.03021978021978
			1.74725274725275	-2.03021978021978
			1.75	-2.03021978021978
			1.75274725274725	-2.03021978021978
			1.75549450549451	-2.03296703296703
			1.75824175824176	-2.03296703296703
			1.76098901098901	-2.03296703296703
			1.76373626373626	-2.03296703296703
			1.76648351648352	-2.03296703296703
			1.76923076923077	-2.03296703296703
			1.77197802197802	-2.03571428571429
			1.77472527472527	-2.03571428571429
			1.77747252747253	-2.03571428571429
			1.78021978021978	-2.03571428571429
			1.78296703296703	-2.03571428571429
			1.78571428571429	-2.03571428571429
			1.78846153846154	-2.03571428571429
			1.79120879120879	-2.03846153846154
			1.79395604395604	-2.03846153846154
			1.7967032967033	-2.03846153846154
			1.79945054945055	-2.03846153846154
			1.8021978021978	-2.03846153846154
			1.80494505494506	-2.03846153846154
			1.80769230769231	-2.03846153846154
			1.81043956043956	-2.04120879120879
			1.81318681318681	-2.04120879120879
			1.81593406593407	-2.04120879120879
			1.81868131868132	-2.04120879120879
			1.82142857142857	-2.04120879120879
			1.82417582417582	-2.04120879120879
			1.82692307692308	-2.04120879120879
			1.82967032967033	-2.04120879120879
			1.83241758241758	-2.04395604395604
			1.83516483516484	-2.04395604395604
			1.83791208791209	-2.04395604395604
			1.84065934065934	-2.04395604395604
			1.84340659340659	-2.04395604395604
			1.84615384615385	-2.04395604395604
			1.8489010989011	-2.04395604395604
			1.85164835164835	-2.04395604395604
			1.8543956043956	-2.0467032967033
			1.85714285714286	-2.0467032967033
			1.85989010989011	-2.0467032967033
			1.86263736263736	-2.0467032967033
			1.86538461538462	-2.0467032967033
			1.86813186813187	-2.0467032967033
			1.87087912087912	-2.0467032967033
			1.87362637362637	-2.0467032967033
			1.87637362637363	-2.0467032967033
			1.87912087912088	-2.04945054945055
			1.88186813186813	-2.04945054945055
			1.88461538461538	-2.04945054945055
			1.88736263736264	-2.04945054945055
			1.89010989010989	-2.04945054945055
			1.89285714285714	-2.04945054945055
			1.8956043956044	-2.04945054945055
			1.89835164835165	-2.04945054945055
			1.9010989010989	-2.04945054945055
			1.90384615384615	-2.04945054945055
			1.90659340659341	-2.04945054945055
			1.90934065934066	-2.0521978021978
			1.91208791208791	-2.0521978021978
			1.91483516483516	-2.0521978021978
			1.91758241758242	-2.0521978021978
			1.92032967032967	-2.0521978021978
			1.92307692307692	-2.0521978021978
			1.92582417582418	-2.0521978021978
			1.92857142857143	-2.0521978021978
			1.93131868131868	-2.05494505494506
			1.93406593406593	-2.05494505494506
			1.93681318681319	-2.05494505494506
			1.93956043956044	-2.05769230769231
			1.94230769230769	-2.05769230769231
			1.94505494505495	-2.05769230769231
			1.9478021978022	-2.06043956043956
			1.95054945054945	-2.06043956043956
			1.9532967032967	-2.06043956043956
			1.95604395604396	-2.06043956043956
			1.95879120879121	-2.06318681318681
			1.96153846153846	-2.06318681318681
			1.96428571428571	-2.06593406593407
			1.96703296703297	-2.06593406593407
			1.96978021978022	-2.06593406593407
			1.97252747252747	-2.06868131868132
			1.97527472527473	-2.06868131868132
			1.97802197802198	-2.06868131868132
			1.98076923076923	-2.07142857142857
			1.98351648351648	-2.07142857142857
			1.98626373626374	-2.07142857142857
			1.98901098901099	-2.07417582417582
			1.99175824175824	-2.07417582417582
			1.99450549450549	-2.07417582417582
			1.99725274725275	-2.07692307692308
			2	-2.07692307692308
			2.00274725274725	-2.07967032967033
			2.00549450549451	-2.07967032967033
			2.00824175824176	-2.07967032967033
			2.01098901098901	-2.08241758241758
			2.01373626373626	-2.08241758241758
			2.01648351648352	-2.08241758241758
			2.01923076923077	-2.08516483516484
			2.02197802197802	-2.08516483516484
			2.02472527472528	-2.08516483516484
			2.02747252747253	-2.08791208791209
			2.03021978021978	-2.08791208791209
			2.03296703296703	-2.09065934065934
			2.03571428571429	-2.09065934065934
			2.03846153846154	-2.09065934065934
			2.04120879120879	-2.09340659340659
			2.04395604395604	-2.09340659340659
			2.0467032967033	-2.09340659340659
			2.04945054945055	-2.09615384615385
			2.0521978021978	-2.09615384615385
			2.05494505494506	-2.09615384615385
			2.05494505494506	-2.0989010989011
			2.05769230769231	-2.0989010989011
			2.06043956043956	-2.0989010989011
			2.06318681318681	-2.0989010989011
			2.06318681318681	-2.10164835164835
			2.06593406593407	-2.10164835164835
			2.06868131868132	-2.10164835164835
			2.07142857142857	-2.1043956043956
			2.07417582417582	-2.1043956043956
			2.07692307692308	-2.10714285714286
			2.07967032967033	-2.10714285714286
			2.08241758241758	-2.10714285714286
			2.08516483516484	-2.10989010989011
			2.08791208791209	-2.10989010989011
			2.09065934065934	-2.10989010989011
			2.09340659340659	-2.11263736263736
			2.09615384615385	-2.11263736263736
			2.0989010989011	-2.11263736263736
			2.0989010989011	-2.11538461538462
			2.10164835164835	-2.11538461538462
			2.1043956043956	-2.11538461538462
			2.10714285714286	-2.11813186813187
			2.10989010989011	-2.11813186813187
			2.11263736263736	-2.12087912087912
			2.11538461538462	-2.12087912087912
			2.11813186813187	-2.12087912087912
			2.12087912087912	-2.12362637362637
			2.12362637362637	-2.12362637362637
			2.12637362637363	-2.12362637362637
			2.12912087912088	-2.12637362637363
			2.13186813186813	-2.12637362637363
			2.13461538461538	-2.12912087912088
			2.13736263736264	-2.12912087912088
			2.14010989010989	-2.13186813186813
			2.14285714285714	-2.13186813186813
			2.1456043956044	-2.13186813186813
			2.1456043956044	-2.13461538461538
			2.14835164835165	-2.13461538461538
			2.1510989010989	-2.13461538461538
			2.15384615384615	-2.13461538461538
			2.15384615384615	-2.13736263736264
			2.15659340659341	-2.13736263736264
			2.15934065934066	-2.13736263736264
			2.15934065934066	-2.14010989010989
			2.16208791208791	-2.14010989010989
			2.16483516483517	-2.14010989010989
			2.16758241758242	-2.14285714285714
			2.17032967032967	-2.14285714285714
			2.17307692307692	-2.1456043956044
			2.17582417582418	-2.1456043956044
			2.17857142857143	-2.1456043956044
			2.18131868131868	-2.14835164835165
			2.18406593406593	-2.14835164835165
			2.18681318681319	-2.1510989010989
			2.18956043956044	-2.1510989010989
			2.19230769230769	-2.15384615384615
			2.19505494505495	-2.15384615384615
			2.1978021978022	-2.15384615384615
			2.20054945054945	-2.15659340659341
			2.2032967032967	-2.15659340659341
			2.20604395604396	-2.15934065934066
			2.20879120879121	-2.15934065934066
			2.21153846153846	-2.15934065934066
			2.21153846153846	-2.16208791208791
			2.21428571428571	-2.16208791208791
			2.21703296703297	-2.16483516483517
			2.21978021978022	-2.16758241758242
			2.22252747252747	-2.16758241758242
			2.22527472527473	-2.17032967032967
			2.22802197802198	-2.17307692307692
			2.23076923076923	-2.17307692307692
			2.23351648351648	-2.17582417582418
			2.23626373626374	-2.17857142857143
			2.23901098901099	-2.18131868131868
			2.24175824175824	-2.18406593406593
			2.24450549450549	-2.18681318681319
			2.24725274725275	-2.18681318681319
			2.25	-2.18956043956044
			2.25274725274725	-2.19230769230769
			2.25549450549451	-2.19505494505495
			2.25824175824176	-2.19505494505495
			2.25824175824176	-2.1978021978022
			2.26098901098901	-2.1978021978022
			2.26373626373626	-2.20054945054945
			2.26648351648352	-2.2032967032967
			2.26923076923077	-2.20604395604396
			2.27197802197802	-2.20879120879121
			2.27472527472528	-2.21153846153846
			2.27747252747253	-2.21428571428571
			2.28021978021978	-2.21703296703297
			2.28296703296703	-2.21978021978022
			2.28571428571429	-2.22252747252747
			2.28846153846154	-2.22527472527473
			2.29120879120879	-2.22802197802198
			2.29395604395604	-2.23076923076923
			2.2967032967033	-2.23351648351648
			2.29945054945055	-2.23626373626374
			2.29945054945055	-2.23901098901099
			2.3021978021978	-2.24175824175824
			2.30494505494506	-2.24450549450549
			2.30769230769231	-2.24725274725275
			2.31043956043956	-2.25
			2.31318681318681	-2.25274725274725
			2.31593406593407	-2.25549450549451
			2.31868131868132	-2.25824175824176
			2.32142857142857	-2.26098901098901
			2.32142857142857	-2.26373626373626
			2.32417582417582	-2.26648351648352
			2.32692307692308	-2.26923076923077
			2.32967032967033	-2.27197802197802
			2.33241758241758	-2.27472527472528
			2.33241758241758	-2.27747252747253
			2.33516483516484	-2.27747252747253
			2.33516483516484	-2.28021978021978
			2.33791208791209	-2.28296703296703
			2.33791208791209	-2.28571428571429
			2.34065934065934	-2.28571428571429
			2.34065934065934	-2.28846153846154
			2.34340659340659	-2.29120879120879
			2.34615384615385	-2.29395604395604
			2.3489010989011	-2.2967032967033
			2.35164835164835	-2.29945054945055
			2.35164835164835	-2.3021978021978
			2.3543956043956	-2.30494505494506
			2.35714285714286	-2.30769230769231
			2.35714285714286	-2.31043956043956
			2.35989010989011	-2.31318681318681
			2.35989010989011	-2.31593406593407
			2.36263736263736	-2.31868131868132
			2.36538461538462	-2.32142857142857
			2.36538461538462	-2.31868131868132
			2.36538461538462	-2.31593406593407
			2.36538461538462	-2.31318681318681
			2.36538461538462	-2.31043956043956
			2.36538461538462	-2.30769230769231
			2.36538461538462	-2.30494505494506
			2.36538461538462	-2.3021978021978
			2.36538461538462	-2.29945054945055
			2.36538461538462	-2.2967032967033
			2.36538461538462	-2.29395604395604
			2.36538461538462	-2.29120879120879
			2.36538461538462	-2.28846153846154
			2.36538461538462	-2.28571428571429
			2.36538461538462	-2.28296703296703
			2.36538461538462	-2.28021978021978
			2.36538461538462	-2.27747252747253
			2.36538461538462	-2.27472527472528
			2.36538461538462	-2.27197802197802
			2.36538461538462	-2.26923076923077
			2.36538461538462	-2.26648351648352
			2.36538461538462	-2.26373626373626
			2.36538461538462	-2.26098901098901
			2.36538461538462	-2.25824175824176
			2.36538461538462	-2.25549450549451
			2.36538461538462	-2.25274725274725
			2.36538461538462	-2.25
			2.36538461538462	-2.24725274725275
			2.36538461538462	-2.24450549450549
			2.36263736263736	-2.24175824175824
			2.36263736263736	-2.23901098901099
			2.36263736263736	-2.23626373626374
			2.36263736263736	-2.23351648351648
			2.36263736263736	-2.23076923076923
			2.36263736263736	-2.22802197802198
			2.36263736263736	-2.22527472527473
			2.36263736263736	-2.22252747252747
			2.36263736263736	-2.21978021978022
			2.36263736263736	-2.21703296703297
			2.36263736263736	-2.21428571428571
			2.35989010989011	-2.21153846153846
			2.35989010989011	-2.20879120879121
			2.35989010989011	-2.20604395604396
			2.35989010989011	-2.2032967032967
			2.35989010989011	-2.20054945054945
			2.35989010989011	-2.1978021978022
			2.35989010989011	-2.19505494505495
			2.35989010989011	-2.19230769230769
			2.35714285714286	-2.18956043956044
			2.35714285714286	-2.18681318681319
			2.35714285714286	-2.18406593406593
			2.35714285714286	-2.18131868131868
			2.35714285714286	-2.17857142857143
			2.35714285714286	-2.17582417582418
			2.3543956043956	-2.17307692307692
			2.3543956043956	-2.17032967032967
			2.3543956043956	-2.16758241758242
			2.3543956043956	-2.16483516483517
			2.3543956043956	-2.16208791208791
			2.3543956043956	-2.15934065934066
			2.35164835164835	-2.15659340659341
			2.35164835164835	-2.15384615384615
			2.35164835164835	-2.1510989010989
			2.35164835164835	-2.14835164835165
			2.35164835164835	-2.1456043956044
			2.35164835164835	-2.14285714285714
			2.3489010989011	-2.14010989010989
			2.3489010989011	-2.13736263736264
			2.3489010989011	-2.13461538461538
			2.3489010989011	-2.13186813186813
			2.3489010989011	-2.12912087912088
			2.34615384615385	-2.12637362637363
			2.34615384615385	-2.12362637362637
			2.34615384615385	-2.12087912087912
			2.34615384615385	-2.11813186813187
			2.34615384615385	-2.11538461538462
			2.34340659340659	-2.11263736263736
			2.34340659340659	-2.10989010989011
			2.34340659340659	-2.10714285714286
			2.34340659340659	-2.1043956043956
			2.34340659340659	-2.10164835164835
			2.34065934065934	-2.0989010989011
			2.34065934065934	-2.09615384615385
			2.34065934065934	-2.09340659340659
			2.34065934065934	-2.09065934065934
			2.34065934065934	-2.08791208791209
			2.33791208791209	-2.08516483516484
			2.33791208791209	-2.08241758241758
			2.33791208791209	-2.07967032967033
			2.33791208791209	-2.07692307692308
			2.33516483516484	-2.07417582417582
			2.33516483516484	-2.07142857142857
			2.33516483516484	-2.06868131868132
			2.33516483516484	-2.06593406593407
			2.33241758241758	-2.06318681318681
			2.33241758241758	-2.06043956043956
			2.33241758241758	-2.05769230769231
			2.33241758241758	-2.05494505494506
			2.32967032967033	-2.0521978021978
			2.32967032967033	-2.04945054945055
			2.32967032967033	-2.0467032967033
		</posterior>
	</curves.scaled>
	<ruler.points type=matrix rownames=TRUE colnames=FALSE nrow=2 ncol=2 as.numeric=TRUE >
		Ruler point 1	325	252
		Ruler point 2	689	252
	</ruler.points>
</shapes>

