<shapes type=list>
	<ruler.pixel type=vector names=FALSE length=1 as.numeric=TRUE >257</ruler.pixel>
	<ruler.interval type=vector names=FALSE length=1 as.numeric=TRUE >1</ruler.interval>
	<scaling.units type=vector names=FALSE length=1 as.numeric=FALSE >mm</scaling.units>
	<scaling type=vector names=FALSE length=1 as.numeric=TRUE >0.00389105058365759</scaling>
	<landmarks.pixel type=matrix rownames=TRUE colnames=FALSE nrow=7 ncol=2 as.numeric=TRUE >
		LM1	1490	1614
		LM2	1490	1882
		LM3	1490	1882
		LM4	1490	1955
		LM5	1618	1622
		LM6	2113	1613
		LM7	2177	1635
	</landmarks.pixel>
	<landmarks.scaled type=matrix rownames=TRUE colnames=FALSE nrow=7 ncol=2 as.numeric=TRUE >
		LM1	5.79766536964981	-6.28015564202335
		LM2	5.79766536964981	-7.32295719844358
		LM3	5.79766536964981	-7.32295719844358
		LM4	5.79766536964981	-7.60700389105058
		LM5	6.29571984435798	-6.31128404669261
		LM6	8.22178988326848	-6.27626459143969
		LM7	8.47081712062257	-6.36186770428016
	</landmarks.scaled>
	<curves.control type=list>
		<axis type=matrix rownames=FALSE colnames=FALSE nrow=5 ncol=2 as.numeric=TRUE >
			1490	1614
			1526	1607
			1620	1623
			1573	1827
			1490	1882
		</axis>
		<border type=matrix rownames=FALSE colnames=FALSE nrow=3 ncol=2 as.numeric=TRUE >
			1490	1882
			1890	1897
			2113	1613
		</border>
		<margin type=matrix rownames=FALSE colnames=FALSE nrow=7 ncol=2 as.numeric=TRUE >
			1490	1955
			1729	1946
			1926	1848
			2090	1756
			2179	1631
			2149	1578
			1618	1622
		</margin>
	</curves.control>
	<curves.pixel type=list>
		<axis type=matrix rownames=FALSE colnames=FALSE nrow=404 ncol=2 as.numeric=TRUE >
			1490	1614
			1491	1614
			1492	1614
			1493	1613
			1494	1613
			1495	1613
			1496	1613
			1497	1613
			1498	1613
			1499	1613
			1500	1613
			1501	1613
			1502	1612
			1503	1612
			1504	1612
			1505	1612
			1506	1612
			1507	1612
			1508	1612
			1509	1612
			1510	1612
			1511	1612
			1512	1612
			1513	1612
			1514	1612
			1515	1612
			1516	1612
			1517	1612
			1518	1612
			1519	1612
			1520	1612
			1521	1612
			1522	1612
			1523	1612
			1524	1612
			1525	1612
			1526	1612
			1527	1612
			1528	1612
			1529	1612
			1530	1612
			1531	1612
			1532	1612
			1533	1612
			1534	1612
			1535	1612
			1536	1612
			1537	1613
			1538	1613
			1539	1613
			1540	1613
			1541	1613
			1542	1613
			1543	1613
			1544	1613
			1545	1613
			1546	1613
			1547	1613
			1548	1613
			1549	1613
			1550	1614
			1551	1614
			1552	1614
			1553	1614
			1554	1614
			1555	1614
			1556	1614
			1557	1614
			1558	1614
			1559	1614
			1560	1615
			1561	1615
			1562	1615
			1563	1615
			1564	1615
			1565	1615
			1566	1615
			1567	1615
			1568	1615
			1569	1615
			1570	1616
			1571	1616
			1572	1616
			1573	1616
			1574	1616
			1575	1616
			1576	1616
			1577	1617
			1578	1617
			1579	1617
			1580	1617
			1581	1617
			1582	1617
			1583	1617
			1584	1617
			1585	1618
			1586	1618
			1587	1618
			1588	1618
			1589	1618
			1590	1618
			1591	1618
			1592	1619
			1593	1619
			1594	1619
			1595	1619
			1596	1619
			1597	1619
			1598	1619
			1599	1620
			1600	1620
			1601	1620
			1602	1620
			1603	1620
			1604	1620
			1605	1621
			1606	1621
			1607	1621
			1608	1621
			1609	1621
			1610	1621
			1611	1621
			1612	1622
			1613	1622
			1614	1622
			1615	1622
			1616	1622
			1617	1623
			1618	1623
			1619	1623
			1620	1624
			1620	1625
			1619	1626
			1619	1627
			1619	1628
			1619	1629
			1618	1630
			1618	1631
			1618	1632
			1618	1633
			1617	1634
			1617	1635
			1617	1636
			1617	1637
			1616	1638
			1616	1639
			1616	1640
			1616	1641
			1616	1642
			1615	1643
			1615	1644
			1615	1645
			1615	1646
			1614	1647
			1614	1648
			1614	1649
			1613	1650
			1613	1651
			1613	1652
			1613	1653
			1612	1654
			1612	1655
			1612	1656
			1612	1657
			1612	1658
			1611	1658
			1611	1659
			1611	1660
			1611	1661
			1610	1661
			1610	1662
			1610	1663
			1610	1664
			1610	1665
			1609	1665
			1609	1666
			1609	1667
			1609	1668
			1609	1669
			1608	1669
			1608	1670
			1608	1671
			1608	1672
			1607	1672
			1607	1673
			1607	1674
			1607	1675
			1607	1676
			1606	1676
			1606	1677
			1606	1678
			1606	1679
			1605	1680
			1605	1681
			1605	1682
			1604	1683
			1604	1684
			1604	1685
			1604	1686
			1603	1687
			1603	1688
			1603	1689
			1602	1690
			1602	1691
			1602	1692
			1601	1693
			1601	1694
			1601	1695
			1601	1696
			1600	1697
			1600	1698
			1600	1699
			1599	1700
			1599	1701
			1599	1702
			1598	1703
			1598	1704
			1598	1705
			1597	1706
			1597	1707
			1597	1708
			1597	1709
			1596	1709
			1596	1710
			1596	1711
			1595	1712
			1595	1713
			1595	1714
			1594	1715
			1594	1716
			1594	1717
			1593	1718
			1593	1719
			1593	1720
			1592	1721
			1592	1722
			1592	1723
			1592	1724
			1591	1724
			1591	1725
			1591	1726
			1590	1727
			1590	1728
			1590	1729
			1589	1730
			1589	1731
			1588	1732
			1588	1733
			1588	1734
			1587	1735
			1587	1736
			1587	1737
			1586	1738
			1586	1739
			1585	1740
			1585	1741
			1585	1742
			1584	1743
			1584	1744
			1584	1745
			1583	1746
			1583	1747
			1582	1748
			1582	1749
			1582	1750
			1581	1751
			1581	1752
			1580	1753
			1580	1754
			1580	1755
			1579	1756
			1579	1757
			1578	1758
			1578	1759
			1578	1760
			1577	1761
			1577	1762
			1576	1763
			1576	1764
			1576	1765
			1575	1766
			1574	1767
			1574	1768
			1574	1769
			1573	1770
			1573	1771
			1572	1772
			1572	1773
			1572	1774
			1571	1774
			1571	1775
			1571	1776
			1570	1777
			1570	1778
			1569	1779
			1569	1780
			1568	1781
			1568	1782
			1567	1783
			1567	1784
			1566	1785
			1566	1786
			1565	1787
			1565	1788
			1564	1789
			1564	1790
			1563	1791
			1563	1792
			1562	1793
			1562	1794
			1561	1795
			1561	1796
			1560	1797
			1560	1798
			1559	1799
			1558	1800
			1558	1801
			1557	1802
			1557	1803
			1556	1804
			1556	1805
			1555	1806
			1555	1807
			1554	1808
			1553	1809
			1553	1810
			1552	1811
			1552	1812
			1551	1813
			1551	1814
			1550	1815
			1549	1816
			1549	1817
			1548	1818
			1548	1819
			1547	1820
			1547	1821
			1546	1822
			1545	1823
			1545	1824
			1544	1825
			1543	1826
			1542	1827
			1542	1828
			1541	1829
			1540	1830
			1540	1831
			1539	1832
			1538	1833
			1537	1834
			1537	1835
			1536	1836
			1536	1837
			1535	1837
			1535	1838
			1534	1839
			1533	1840
			1532	1841
			1532	1842
			1531	1843
			1530	1844
			1530	1845
			1529	1846
			1528	1846
			1528	1847
			1527	1848
			1526	1849
			1525	1850
			1524	1851
			1524	1852
			1523	1853
			1522	1854
			1521	1855
			1520	1856
			1519	1857
			1518	1858
			1517	1859
			1516	1860
			1515	1861
			1514	1862
			1513	1863
			1512	1864
			1511	1865
			1510	1866
			1509	1867
			1508	1868
			1507	1869
			1506	1870
			1505	1870
			1504	1871
			1503	1872
			1502	1873
			1501	1874
			1500	1875
			1499	1875
			1498	1876
			1497	1877
			1496	1878
			1495	1879
			1494	1879
			1493	1880
			1492	1881
			1491	1881
			1490	1882
		</axis>
		<border type=matrix rownames=FALSE colnames=FALSE nrow=662 ncol=2 as.numeric=TRUE >
			1490	1882
			1491	1882
			1492	1882
			1493	1882
			1494	1882
			1495	1882
			1496	1882
			1497	1882
			1498	1882
			1499	1882
			1500	1882
			1501	1882
			1502	1882
			1503	1882
			1504	1882
			1505	1882
			1506	1882
			1507	1883
			1508	1883
			1509	1883
			1510	1883
			1511	1883
			1512	1883
			1513	1883
			1514	1883
			1515	1883
			1516	1883
			1517	1883
			1518	1883
			1519	1883
			1520	1883
			1521	1883
			1522	1883
			1523	1883
			1524	1883
			1525	1883
			1526	1883
			1527	1883
			1528	1883
			1529	1883
			1530	1883
			1531	1883
			1532	1883
			1533	1883
			1534	1883
			1535	1883
			1536	1883
			1537	1883
			1538	1883
			1539	1883
			1540	1883
			1541	1883
			1542	1883
			1543	1883
			1544	1883
			1545	1883
			1546	1883
			1547	1883
			1548	1883
			1549	1883
			1550	1883
			1551	1883
			1552	1883
			1553	1882
			1554	1882
			1555	1882
			1556	1882
			1557	1882
			1558	1882
			1559	1882
			1560	1882
			1561	1882
			1562	1882
			1563	1882
			1564	1882
			1565	1882
			1566	1882
			1567	1882
			1568	1882
			1569	1882
			1570	1882
			1571	1882
			1572	1882
			1573	1882
			1574	1882
			1575	1882
			1576	1882
			1577	1882
			1578	1882
			1579	1882
			1580	1881
			1581	1881
			1582	1881
			1583	1881
			1584	1881
			1585	1881
			1586	1881
			1587	1881
			1588	1881
			1589	1881
			1590	1881
			1591	1881
			1592	1881
			1593	1881
			1594	1881
			1595	1881
			1596	1881
			1597	1880
			1598	1880
			1599	1880
			1600	1880
			1601	1880
			1602	1880
			1603	1880
			1604	1880
			1605	1880
			1606	1880
			1607	1880
			1608	1880
			1609	1880
			1610	1879
			1611	1879
			1612	1879
			1613	1879
			1614	1879
			1615	1879
			1616	1879
			1617	1879
			1618	1879
			1619	1879
			1620	1879
			1621	1878
			1622	1878
			1623	1878
			1624	1878
			1625	1878
			1626	1878
			1627	1878
			1628	1878
			1629	1878
			1630	1878
			1631	1877
			1632	1877
			1633	1877
			1634	1877
			1635	1877
			1636	1877
			1637	1877
			1638	1877
			1639	1876
			1640	1876
			1641	1876
			1642	1876
			1643	1876
			1644	1876
			1645	1876
			1646	1876
			1647	1875
			1648	1875
			1649	1875
			1650	1875
			1651	1875
			1652	1875
			1653	1875
			1654	1875
			1655	1874
			1656	1874
			1657	1874
			1658	1874
			1659	1874
			1660	1874
			1661	1874
			1662	1873
			1663	1873
			1664	1873
			1665	1873
			1666	1873
			1667	1873
			1668	1873
			1669	1872
			1670	1872
			1671	1872
			1672	1872
			1673	1872
			1674	1872
			1675	1872
			1676	1871
			1677	1871
			1678	1871
			1679	1871
			1680	1871
			1681	1871
			1682	1870
			1683	1870
			1684	1870
			1685	1870
			1686	1870
			1687	1869
			1688	1869
			1689	1869
			1690	1869
			1691	1869
			1692	1869
			1693	1868
			1694	1868
			1695	1868
			1696	1868
			1697	1868
			1698	1867
			1699	1867
			1700	1867
			1701	1867
			1702	1867
			1703	1866
			1704	1866
			1705	1866
			1706	1866
			1707	1866
			1708	1865
			1709	1865
			1710	1865
			1711	1865
			1712	1865
			1713	1864
			1714	1864
			1715	1864
			1716	1864
			1717	1863
			1718	1863
			1719	1863
			1720	1863
			1721	1863
			1722	1862
			1723	1862
			1724	1862
			1725	1862
			1726	1861
			1727	1861
			1728	1861
			1729	1861
			1730	1861
			1731	1860
			1732	1860
			1733	1860
			1734	1859
			1735	1859
			1736	1859
			1737	1859
			1738	1859
			1739	1858
			1740	1858
			1741	1858
			1742	1858
			1743	1857
			1744	1857
			1745	1857
			1746	1856
			1747	1856
			1748	1856
			1749	1856
			1750	1855
			1751	1855
			1752	1855
			1753	1855
			1754	1854
			1755	1854
			1756	1854
			1757	1853
			1758	1853
			1759	1853
			1760	1853
			1761	1852
			1762	1852
			1763	1852
			1764	1852
			1765	1851
			1766	1851
			1767	1851
			1768	1850
			1769	1850
			1770	1850
			1771	1850
			1772	1849
			1773	1849
			1774	1849
			1775	1848
			1776	1848
			1777	1848
			1778	1847
			1779	1847
			1780	1847
			1781	1847
			1781	1846
			1782	1846
			1783	1846
			1784	1845
			1785	1845
			1786	1845
			1787	1844
			1788	1844
			1789	1844
			1790	1843
			1791	1843
			1792	1843
			1793	1842
			1794	1842
			1795	1842
			1796	1841
			1797	1841
			1798	1841
			1799	1840
			1800	1840
			1801	1840
			1802	1840
			1803	1839
			1804	1839
			1805	1838
			1806	1838
			1807	1838
			1808	1837
			1809	1837
			1810	1837
			1810	1836
			1811	1836
			1812	1836
			1813	1835
			1814	1835
			1815	1835
			1816	1834
			1817	1834
			1818	1833
			1819	1833
			1820	1833
			1821	1832
			1822	1832
			1823	1832
			1824	1831
			1825	1831
			1826	1830
			1827	1830
			1828	1830
			1829	1829
			1830	1829
			1831	1829
			1832	1828
			1833	1828
			1834	1827
			1835	1827
			1836	1827
			1836	1826
			1837	1826
			1838	1825
			1839	1825
			1840	1825
			1841	1824
			1842	1824
			1843	1823
			1844	1823
			1845	1823
			1846	1822
			1847	1822
			1848	1821
			1849	1821
			1850	1821
			1851	1820
			1852	1820
			1853	1819
			1854	1819
			1854	1818
			1855	1818
			1856	1818
			1857	1817
			1858	1817
			1859	1816
			1860	1816
			1861	1815
			1862	1815
			1863	1815
			1864	1814
			1865	1814
			1866	1813
			1867	1813
			1868	1812
			1869	1812
			1870	1811
			1871	1811
			1872	1810
			1873	1810
			1874	1809
			1875	1809
			1876	1808
			1877	1808
			1878	1807
			1879	1807
			1880	1806
			1881	1806
			1882	1805
			1883	1805
			1884	1804
			1885	1804
			1886	1803
			1887	1803
			1888	1802
			1889	1802
			1890	1801
			1891	1801
			1892	1800
			1893	1799
			1894	1799
			1895	1799
			1895	1798
			1896	1798
			1897	1798
			1897	1797
			1898	1797
			1899	1797
			1899	1796
			1900	1796
			1901	1795
			1902	1795
			1903	1794
			1904	1793
			1905	1793
			1906	1793
			1907	1792
			1908	1791
			1909	1791
			1910	1790
			1911	1790
			1912	1789
			1913	1789
			1914	1788
			1915	1787
			1916	1787
			1917	1786
			1918	1786
			1919	1785
			1920	1785
			1921	1784
			1922	1784
			1923	1783
			1923	1782
			1924	1782
			1925	1781
			1926	1781
			1927	1780
			1928	1780
			1929	1779
			1930	1778
			1931	1778
			1932	1777
			1933	1777
			1934	1776
			1935	1776
			1936	1775
			1937	1774
			1938	1773
			1939	1773
			1940	1772
			1941	1771
			1942	1771
			1943	1770
			1944	1770
			1945	1769
			1946	1769
			1946	1768
			1947	1767
			1948	1767
			1949	1766
			1950	1766
			1950	1765
			1951	1765
			1952	1764
			1953	1764
			1953	1763
			1954	1763
			1955	1762
			1956	1762
			1957	1761
			1958	1760
			1959	1759
			1960	1759
			1961	1758
			1962	1757
			1963	1757
			1964	1756
			1965	1755
			1966	1755
			1967	1754
			1968	1753
			1969	1752
			1970	1752
			1971	1751
			1972	1750
			1973	1749
			1974	1749
			1975	1748
			1976	1747
			1977	1747
			1977	1746
			1978	1746
			1979	1745
			1980	1744
			1981	1744
			1981	1743
			1982	1743
			1983	1742
			1984	1741
			1985	1741
			1985	1740
			1986	1740
			1987	1739
			1988	1738
			1989	1737
			1990	1737
			1991	1736
			1992	1735
			1993	1734
			1994	1734
			1995	1733
			1996	1732
			1997	1731
			1998	1731
			1999	1730
			1999	1729
			2000	1728
			2001	1728
			2002	1727
			2003	1726
			2004	1725
			2005	1725
			2006	1724
			2007	1723
			2008	1722
			2009	1721
			2010	1721
			2011	1720
			2011	1719
			2012	1718
			2013	1718
			2014	1717
			2015	1716
			2016	1715
			2017	1714
			2018	1714
			2019	1713
			2020	1712
			2021	1711
			2022	1710
			2023	1709
			2024	1708
			2025	1707
			2026	1707
			2026	1706
			2027	1705
			2028	1705
			2028	1704
			2029	1704
			2030	1703
			2031	1702
			2032	1701
			2033	1700
			2034	1699
			2035	1698
			2036	1697
			2037	1697
			2037	1696
			2038	1695
			2039	1695
			2040	1694
			2040	1693
			2041	1692
			2042	1692
			2043	1691
			2043	1690
			2044	1690
			2045	1689
			2046	1688
			2046	1687
			2047	1687
			2048	1686
			2049	1685
			2049	1684
			2050	1684
			2051	1683
			2052	1682
			2052	1681
			2053	1681
			2054	1680
			2055	1679
			2055	1678
			2056	1678
			2057	1677
			2058	1676
			2058	1675
			2059	1675
			2060	1674
			2061	1673
			2061	1672
			2062	1672
			2063	1671
			2063	1670
			2064	1669
			2065	1669
			2066	1668
			2066	1667
			2067	1666
			2068	1666
			2069	1665
			2069	1664
			2070	1663
			2071	1662
			2072	1661
			2073	1660
			2074	1659
			2075	1658
			2076	1657
			2077	1656
			2077	1655
			2078	1654
			2079	1653
			2080	1652
			2081	1651
			2082	1650
			2083	1649
			2083	1648
			2084	1648
			2085	1647
			2086	1646
			2087	1645
			2088	1644
			2089	1643
			2089	1642
			2090	1641
			2091	1640
			2092	1639
			2093	1638
			2094	1637
			2094	1636
			2095	1635
			2096	1634
			2097	1633
			2098	1632
			2099	1631
			2099	1630
			2100	1629
			2101	1628
			2102	1627
			2103	1626
			2104	1625
			2104	1624
			2105	1623
			2106	1622
			2107	1621
			2108	1620
			2108	1619
			2109	1618
			2110	1617
			2111	1616
			2112	1615
			2113	1614
			2113	1613
		</border>
		<margin type=matrix rownames=FALSE colnames=FALSE nrow=1299 ncol=2 as.numeric=TRUE >
			1490	1955
			1491	1955
			1492	1955
			1493	1955
			1494	1955
			1495	1955
			1496	1955
			1497	1955
			1498	1955
			1499	1955
			1500	1955
			1501	1955
			1502	1954
			1503	1954
			1504	1954
			1505	1954
			1506	1954
			1507	1954
			1508	1954
			1509	1954
			1510	1954
			1511	1954
			1512	1954
			1513	1954
			1514	1954
			1515	1954
			1516	1954
			1517	1954
			1518	1954
			1519	1954
			1520	1954
			1521	1953
			1522	1953
			1523	1953
			1524	1953
			1525	1953
			1526	1953
			1527	1953
			1528	1953
			1529	1953
			1530	1953
			1531	1953
			1532	1953
			1533	1953
			1534	1953
			1535	1952
			1536	1952
			1537	1952
			1538	1952
			1539	1952
			1540	1952
			1541	1952
			1542	1952
			1543	1952
			1544	1952
			1545	1952
			1546	1952
			1547	1952
			1548	1951
			1549	1951
			1550	1951
			1551	1951
			1552	1951
			1553	1951
			1554	1951
			1555	1951
			1556	1951
			1557	1951
			1558	1951
			1559	1951
			1559	1950
			1560	1950
			1561	1950
			1562	1950
			1563	1950
			1564	1950
			1565	1950
			1566	1950
			1567	1950
			1568	1950
			1569	1949
			1570	1949
			1571	1949
			1572	1949
			1573	1949
			1574	1949
			1575	1949
			1576	1949
			1577	1949
			1578	1949
			1579	1948
			1580	1948
			1581	1948
			1582	1948
			1583	1948
			1584	1948
			1585	1948
			1586	1948
			1587	1947
			1588	1947
			1589	1947
			1590	1947
			1591	1947
			1592	1947
			1593	1947
			1594	1947
			1595	1946
			1596	1946
			1597	1946
			1598	1946
			1599	1946
			1600	1946
			1601	1946
			1602	1946
			1603	1945
			1604	1945
			1605	1945
			1606	1945
			1607	1945
			1608	1945
			1609	1945
			1610	1945
			1611	1944
			1612	1944
			1613	1944
			1614	1944
			1615	1944
			1616	1944
			1617	1944
			1617	1943
			1618	1943
			1619	1943
			1620	1943
			1621	1943
			1622	1943
			1623	1943
			1624	1942
			1625	1942
			1626	1942
			1627	1942
			1628	1942
			1629	1942
			1630	1942
			1631	1941
			1632	1941
			1633	1941
			1634	1941
			1635	1941
			1636	1941
			1637	1940
			1638	1940
			1639	1940
			1640	1940
			1641	1940
			1642	1940
			1643	1939
			1644	1939
			1645	1939
			1646	1939
			1647	1939
			1648	1939
			1648	1938
			1649	1938
			1650	1938
			1651	1938
			1652	1938
			1653	1938
			1654	1937
			1655	1937
			1656	1937
			1657	1937
			1658	1937
			1659	1936
			1660	1936
			1661	1936
			1662	1936
			1663	1936
			1664	1936
			1665	1935
			1666	1935
			1667	1935
			1668	1935
			1669	1935
			1670	1934
			1671	1934
			1672	1934
			1673	1934
			1674	1934
			1675	1933
			1676	1933
			1677	1933
			1678	1933
			1679	1933
			1680	1932
			1681	1932
			1682	1932
			1683	1932
			1684	1932
			1685	1931
			1686	1931
			1687	1931
			1688	1931
			1689	1931
			1690	1930
			1691	1930
			1692	1930
			1693	1930
			1694	1930
			1695	1929
			1696	1929
			1697	1929
			1698	1928
			1699	1928
			1700	1928
			1701	1928
			1702	1928
			1703	1927
			1704	1927
			1705	1927
			1706	1927
			1707	1927
			1708	1926
			1709	1926
			1710	1926
			1711	1926
			1712	1925
			1713	1925
			1714	1925
			1715	1925
			1716	1924
			1717	1924
			1718	1924
			1719	1924
			1720	1923
			1721	1923
			1722	1923
			1723	1923
			1724	1922
			1725	1922
			1726	1922
			1727	1922
			1728	1921
			1729	1921
			1730	1921
			1731	1921
			1732	1920
			1733	1920
			1734	1920
			1735	1920
			1736	1919
			1737	1919
			1738	1919
			1739	1918
			1740	1918
			1741	1918
			1742	1918
			1743	1917
			1744	1917
			1745	1917
			1746	1917
			1747	1916
			1748	1916
			1749	1916
			1750	1916
			1751	1915
			1752	1915
			1753	1915
			1754	1914
			1755	1914
			1756	1914
			1757	1914
			1758	1913
			1759	1913
			1760	1913
			1761	1912
			1762	1912
			1763	1912
			1764	1912
			1765	1911
			1766	1911
			1767	1911
			1768	1910
			1769	1910
			1770	1910
			1771	1910
			1772	1909
			1773	1909
			1774	1908
			1775	1908
			1776	1908
			1777	1908
			1778	1907
			1779	1907
			1780	1907
			1781	1906
			1782	1906
			1783	1906
			1784	1905
			1785	1905
			1786	1905
			1787	1904
			1788	1904
			1789	1904
			1790	1903
			1791	1903
			1792	1903
			1793	1902
			1794	1902
			1795	1902
			1796	1901
			1797	1901
			1798	1901
			1799	1900
			1800	1900
			1801	1900
			1802	1899
			1803	1899
			1804	1899
			1805	1898
			1806	1898
			1807	1898
			1808	1897
			1809	1897
			1810	1897
			1811	1896
			1812	1896
			1813	1896
			1814	1895
			1815	1895
			1816	1895
			1817	1894
			1818	1894
			1819	1894
			1820	1893
			1821	1893
			1822	1892
			1823	1892
			1824	1892
			1825	1891
			1826	1891
			1827	1891
			1828	1890
			1829	1890
			1830	1890
			1831	1889
			1832	1889
			1833	1888
			1834	1888
			1835	1888
			1836	1887
			1837	1887
			1838	1887
			1839	1886
			1840	1886
			1841	1885
			1842	1885
			1843	1885
			1844	1884
			1845	1884
			1846	1884
			1847	1883
			1848	1883
			1849	1882
			1850	1882
			1851	1881
			1852	1881
			1853	1881
			1854	1880
			1855	1880
			1856	1879
			1857	1879
			1858	1879
			1859	1878
			1860	1878
			1861	1878
			1861	1877
			1862	1877
			1863	1877
			1864	1876
			1865	1876
			1866	1876
			1866	1875
			1867	1875
			1868	1875
			1869	1874
			1870	1874
			1871	1873
			1872	1873
			1873	1872
			1874	1872
			1875	1871
			1876	1871
			1877	1871
			1878	1870
			1879	1870
			1880	1869
			1881	1869
			1882	1868
			1883	1868
			1884	1868
			1885	1867
			1886	1867
			1887	1866
			1888	1866
			1889	1865
			1890	1865
			1891	1865
			1892	1864
			1893	1864
			1894	1863
			1895	1863
			1896	1862
			1897	1862
			1898	1861
			1899	1861
			1900	1860
			1901	1860
			1902	1860
			1903	1859
			1904	1859
			1905	1858
			1906	1858
			1907	1857
			1908	1857
			1909	1856
			1910	1856
			1911	1855
			1912	1855
			1913	1854
			1914	1854
			1915	1854
			1916	1853
			1917	1853
			1918	1852
			1919	1852
			1920	1851
			1921	1851
			1921	1850
			1922	1850
			1923	1849
			1924	1849
			1925	1848
			1926	1848
			1927	1847
			1928	1847
			1929	1846
			1930	1846
			1931	1845
			1932	1844
			1933	1844
			1934	1843
			1935	1843
			1936	1842
			1937	1842
			1938	1841
			1939	1841
			1940	1840
			1941	1840
			1942	1839
			1943	1838
			1944	1838
			1945	1837
			1946	1837
			1946	1836
			1947	1836
			1948	1835
			1949	1835
			1950	1834
			1951	1833
			1952	1833
			1953	1832
			1954	1832
			1955	1831
			1956	1831
			1957	1830
			1958	1829
			1959	1829
			1960	1828
			1961	1827
			1962	1827
			1963	1826
			1964	1826
			1964	1825
			1965	1825
			1966	1825
			1966	1824
			1967	1824
			1968	1823
			1969	1822
			1970	1822
			1971	1821
			1972	1821
			1973	1820
			1974	1819
			1975	1819
			1976	1818
			1977	1817
			1978	1817
			1979	1816
			1980	1816
			1981	1815
			1982	1814
			1983	1814
			1984	1813
			1985	1812
			1986	1811
			1987	1811
			1988	1810
			1989	1810
			1990	1809
			1991	1808
			1992	1808
			1993	1807
			1994	1807
			1994	1806
			1995	1806
			1996	1805
			1997	1804
			1998	1803
			1999	1803
			2000	1802
			2001	1802
			2002	1801
			2003	1800
			2004	1800
			2005	1799
			2006	1798
			2007	1798
			2007	1797
			2008	1796
			2009	1796
			2010	1795
			2011	1794
			2012	1794
			2013	1793
			2014	1793
			2015	1792
			2016	1791
			2017	1791
			2017	1790
			2018	1789
			2019	1789
			2020	1788
			2021	1787
			2022	1787
			2023	1786
			2024	1785
			2025	1785
			2025	1784
			2026	1783
			2027	1783
			2028	1782
			2029	1782
			2030	1781
			2031	1780
			2032	1780
			2033	1779
			2033	1778
			2034	1778
			2035	1777
			2036	1776
			2037	1776
			2038	1775
			2039	1774
			2040	1773
			2041	1772
			2042	1771
			2043	1771
			2044	1770
			2045	1769
			2046	1768
			2047	1767
			2048	1767
			2049	1766
			2050	1765
			2051	1764
			2052	1763
			2053	1763
			2054	1762
			2055	1762
			2055	1761
			2056	1761
			2057	1760
			2057	1759
			2058	1759
			2059	1758
			2060	1758
			2060	1757
			2061	1756
			2062	1756
			2062	1755
			2063	1755
			2064	1754
			2064	1753
			2065	1753
			2066	1752
			2067	1752
			2067	1751
			2068	1751
			2069	1750
			2069	1749
			2070	1749
			2071	1748
			2072	1747
			2073	1746
			2074	1746
			2075	1745
			2075	1744
			2076	1743
			2077	1743
			2078	1742
			2079	1741
			2080	1740
			2081	1739
			2082	1738
			2083	1737
			2084	1736
			2085	1736
			2086	1735
			2087	1734
			2088	1733
			2089	1732
			2090	1731
			2091	1730
			2092	1729
			2093	1729
			2094	1728
			2095	1727
			2096	1726
			2097	1725
			2097	1724
			2098	1723
			2099	1722
			2100	1721
			2101	1721
			2102	1720
			2103	1719
			2104	1718
			2105	1717
			2106	1716
			2107	1715
			2108	1714
			2109	1713
			2110	1712
			2111	1711
			2112	1710
			2113	1709
			2114	1708
			2115	1707
			2116	1706
			2117	1705
			2118	1704
			2119	1703
			2120	1702
			2121	1701
			2122	1700
			2123	1699
			2124	1698
			2125	1697
			2125	1696
			2126	1695
			2127	1694
			2128	1693
			2129	1692
			2130	1691
			2131	1690
			2132	1689
			2133	1688
			2134	1687
			2135	1686
			2136	1685
			2136	1684
			2137	1684
			2137	1683
			2138	1682
			2139	1682
			2139	1681
			2140	1680
			2141	1679
			2142	1678
			2143	1677
			2143	1676
			2144	1676
			2145	1675
			2145	1674
			2146	1673
			2147	1672
			2148	1671
			2148	1670
			2149	1670
			2150	1669
			2150	1668
			2151	1667
			2152	1666
			2153	1665
			2154	1664
			2155	1663
			2156	1662
			2157	1661
			2157	1660
			2158	1659
			2159	1658
			2159	1657
			2160	1657
			2160	1656
			2161	1655
			2162	1654
			2163	1653
			2164	1652
			2164	1651
			2165	1650
			2165	1649
			2166	1649
			2166	1648
			2167	1647
			2168	1646
			2169	1645
			2169	1644
			2170	1643
			2171	1642
			2171	1641
			2172	1640
			2173	1639
			2174	1639
			2174	1638
			2175	1637
			2176	1636
			2176	1635
			2177	1634
			2177	1633
			2178	1632
			2179	1631
			2179	1630
			2178	1630
			2178	1629
			2177	1628
			2176	1627
			2175	1627
			2175	1626
			2174	1625
			2173	1625
			2172	1624
			2171	1623
			2170	1623
			2169	1622
			2168	1621
			2167	1621
			2166	1620
			2165	1620
			2164	1619
			2163	1619
			2162	1618
			2161	1618
			2160	1618
			2159	1617
			2158	1617
			2157	1617
			2156	1616
			2155	1616
			2154	1616
			2153	1616
			2153	1615
			2152	1615
			2151	1615
			2150	1614
			2149	1614
			2148	1614
			2147	1614
			2146	1613
			2145	1613
			2144	1613
			2143	1613
			2142	1612
			2141	1612
			2140	1612
			2139	1612
			2138	1612
			2137	1611
			2136	1611
			2135	1611
			2134	1611
			2133	1611
			2132	1610
			2131	1610
			2130	1610
			2129	1610
			2128	1610
			2127	1610
			2126	1609
			2125	1609
			2124	1609
			2123	1609
			2122	1609
			2121	1609
			2120	1608
			2119	1608
			2118	1608
			2117	1608
			2116	1608
			2115	1608
			2114	1608
			2113	1608
			2112	1607
			2111	1607
			2110	1607
			2109	1607
			2108	1607
			2107	1607
			2106	1607
			2105	1607
			2104	1606
			2103	1606
			2102	1606
			2101	1606
			2100	1606
			2099	1606
			2098	1606
			2097	1606
			2096	1606
			2095	1606
			2094	1606
			2093	1605
			2092	1605
			2091	1605
			2090	1605
			2089	1605
			2088	1605
			2087	1605
			2086	1605
			2085	1605
			2084	1605
			2083	1605
			2082	1605
			2081	1605
			2081	1604
			2080	1604
			2079	1604
			2078	1604
			2077	1604
			2076	1604
			2075	1604
			2074	1604
			2073	1604
			2072	1604
			2071	1604
			2070	1604
			2069	1604
			2068	1604
			2067	1604
			2066	1604
			2065	1604
			2064	1604
			2063	1603
			2062	1603
			2061	1603
			2060	1603
			2059	1603
			2058	1603
			2057	1603
			2056	1603
			2055	1603
			2054	1603
			2053	1603
			2052	1603
			2051	1603
			2050	1603
			2049	1603
			2048	1603
			2047	1603
			2046	1603
			2045	1603
			2044	1603
			2043	1603
			2042	1603
			2041	1603
			2040	1603
			2039	1603
			2038	1603
			2037	1603
			2036	1603
			2035	1602
			2034	1602
			2033	1602
			2032	1602
			2031	1602
			2030	1602
			2029	1602
			2028	1602
			2027	1602
			2026	1602
			2025	1602
			2024	1602
			2023	1602
			2022	1602
			2021	1602
			2020	1602
			2019	1602
			2018	1602
			2017	1602
			2016	1602
			2015	1602
			2014	1602
			2013	1602
			2012	1602
			2011	1602
			2010	1602
			2009	1602
			2008	1602
			2007	1602
			2006	1602
			2005	1602
			2004	1602
			2003	1602
			2002	1602
			2001	1602
			2000	1602
			1999	1602
			1998	1602
			1997	1602
			1996	1602
			1995	1602
			1994	1602
			1993	1602
			1992	1602
			1991	1602
			1990	1602
			1989	1602
			1988	1602
			1987	1602
			1986	1602
			1985	1602
			1984	1602
			1983	1602
			1982	1602
			1981	1602
			1980	1602
			1979	1602
			1978	1602
			1977	1602
			1976	1602
			1975	1602
			1974	1602
			1973	1602
			1972	1602
			1971	1602
			1970	1602
			1969	1602
			1968	1602
			1967	1602
			1966	1602
			1965	1602
			1964	1602
			1963	1602
			1962	1602
			1961	1602
			1960	1602
			1959	1602
			1958	1602
			1957	1602
			1956	1602
			1955	1602
			1954	1602
			1953	1602
			1952	1603
			1951	1603
			1950	1603
			1949	1603
			1948	1603
			1947	1603
			1946	1603
			1945	1603
			1944	1603
			1943	1603
			1942	1603
			1941	1603
			1940	1603
			1939	1603
			1938	1603
			1937	1603
			1936	1603
			1935	1603
			1934	1603
			1933	1603
			1932	1603
			1931	1603
			1930	1603
			1929	1603
			1928	1603
			1927	1603
			1926	1603
			1925	1603
			1924	1603
			1923	1603
			1922	1603
			1921	1603
			1920	1603
			1919	1603
			1918	1603
			1917	1603
			1916	1603
			1915	1603
			1914	1604
			1913	1604
			1912	1604
			1911	1604
			1910	1604
			1909	1604
			1908	1604
			1907	1604
			1906	1604
			1905	1604
			1904	1604
			1903	1604
			1902	1604
			1901	1604
			1900	1604
			1899	1604
			1898	1604
			1897	1604
			1896	1604
			1895	1604
			1894	1604
			1893	1604
			1892	1604
			1891	1604
			1890	1604
			1889	1604
			1888	1604
			1887	1605
			1886	1605
			1885	1605
			1884	1605
			1883	1605
			1882	1605
			1881	1605
			1880	1605
			1879	1605
			1878	1605
			1877	1605
			1876	1605
			1875	1605
			1874	1605
			1873	1605
			1872	1605
			1871	1605
			1870	1605
			1869	1605
			1868	1605
			1867	1605
			1866	1605
			1865	1605
			1864	1606
			1863	1606
			1862	1606
			1861	1606
			1860	1606
			1859	1606
			1858	1606
			1857	1606
			1856	1606
			1855	1606
			1854	1606
			1853	1606
			1852	1606
			1851	1606
			1850	1606
			1849	1606
			1848	1606
			1847	1606
			1846	1606
			1845	1606
			1844	1606
			1843	1607
			1842	1607
			1841	1607
			1840	1607
			1839	1607
			1838	1607
			1837	1607
			1836	1607
			1835	1607
			1834	1607
			1833	1607
			1832	1607
			1831	1607
			1830	1607
			1829	1607
			1828	1607
			1827	1607
			1826	1607
			1825	1607
			1824	1608
			1823	1608
			1822	1608
			1821	1608
			1820	1608
			1819	1608
			1818	1608
			1817	1608
			1816	1608
			1815	1608
			1814	1608
			1813	1608
			1812	1608
			1811	1608
			1810	1608
			1809	1608
			1808	1608
			1807	1608
			1806	1609
			1805	1609
			1804	1609
			1803	1609
			1802	1609
			1801	1609
			1800	1609
			1799	1609
			1798	1609
			1797	1609
			1796	1609
			1795	1609
			1794	1609
			1793	1609
			1792	1609
			1791	1609
			1790	1609
			1789	1610
			1788	1610
			1787	1610
			1786	1610
			1785	1610
			1784	1610
			1783	1610
			1782	1610
			1781	1610
			1780	1610
			1779	1610
			1778	1610
			1777	1610
			1776	1610
			1775	1610
			1774	1610
			1773	1611
			1772	1611
			1771	1611
			1770	1611
			1769	1611
			1768	1611
			1767	1611
			1766	1611
			1765	1611
			1764	1611
			1763	1611
			1762	1611
			1761	1611
			1760	1611
			1759	1611
			1758	1612
			1757	1612
			1756	1612
			1755	1612
			1754	1612
			1753	1612
			1752	1612
			1751	1612
			1750	1612
			1749	1612
			1748	1612
			1747	1612
			1746	1612
			1745	1612
			1744	1612
			1743	1613
			1742	1613
			1741	1613
			1740	1613
			1739	1613
			1738	1613
			1737	1613
			1736	1613
			1735	1613
			1734	1613
			1733	1613
			1732	1613
			1731	1613
			1730	1613
			1729	1613
			1728	1614
			1727	1614
			1726	1614
			1725	1614
			1724	1614
			1723	1614
			1722	1614
			1721	1614
			1720	1614
			1719	1614
			1718	1614
			1717	1614
			1716	1614
			1715	1614
			1714	1615
			1713	1615
			1712	1615
			1711	1615
			1710	1615
			1709	1615
			1708	1615
			1707	1615
			1706	1615
			1705	1615
			1704	1615
			1703	1615
			1702	1615
			1701	1615
			1701	1616
			1700	1616
			1699	1616
			1698	1616
			1697	1616
			1696	1616
			1695	1616
			1694	1616
			1693	1616
			1692	1616
			1691	1616
			1690	1616
			1689	1616
			1688	1616
			1687	1617
			1686	1617
			1685	1617
			1684	1617
			1683	1617
			1682	1617
			1681	1617
			1680	1617
			1679	1617
			1678	1617
			1677	1617
			1676	1617
			1675	1617
			1674	1618
			1673	1618
			1672	1618
			1671	1618
			1670	1618
			1669	1618
			1668	1618
			1667	1618
			1666	1618
			1665	1618
			1664	1618
			1663	1618
			1662	1618
			1661	1619
			1660	1619
			1659	1619
			1658	1619
			1657	1619
			1656	1619
			1655	1619
			1654	1619
			1653	1619
			1652	1619
			1651	1619
			1650	1619
			1649	1619
			1648	1620
			1647	1620
			1646	1620
			1645	1620
			1644	1620
			1643	1620
			1642	1620
			1641	1620
			1640	1620
			1639	1620
			1638	1620
			1637	1620
			1636	1621
			1635	1621
			1634	1621
			1633	1621
			1632	1621
			1631	1621
			1630	1621
			1629	1621
			1628	1621
			1627	1621
			1626	1621
			1625	1621
			1624	1621
			1623	1622
			1622	1622
			1621	1622
			1620	1622
			1619	1622
			1618	1622
		</margin>
	</curves.pixel>
	<curves.scaled type=list>
		<axis type=matrix rownames=FALSE colnames=FALSE nrow=404 ncol=2 as.numeric=TRUE >
			5.79766536964981	-6.28015564202335
			5.80155642023346	-6.28015564202335
			5.80544747081712	-6.28015564202335
			5.80933852140078	-6.27626459143969
			5.81322957198444	-6.27626459143969
			5.81712062256809	-6.27626459143969
			5.82101167315175	-6.27626459143969
			5.82490272373541	-6.27626459143969
			5.82879377431907	-6.27626459143969
			5.83268482490272	-6.27626459143969
			5.83657587548638	-6.27626459143969
			5.84046692607004	-6.27626459143969
			5.8443579766537	-6.27237354085603
			5.84824902723735	-6.27237354085603
			5.85214007782101	-6.27237354085603
			5.85603112840467	-6.27237354085603
			5.85992217898833	-6.27237354085603
			5.86381322957198	-6.27237354085603
			5.86770428015564	-6.27237354085603
			5.8715953307393	-6.27237354085603
			5.87548638132296	-6.27237354085603
			5.87937743190662	-6.27237354085603
			5.88326848249027	-6.27237354085603
			5.88715953307393	-6.27237354085603
			5.89105058365759	-6.27237354085603
			5.89494163424125	-6.27237354085603
			5.8988326848249	-6.27237354085603
			5.90272373540856	-6.27237354085603
			5.90661478599222	-6.27237354085603
			5.91050583657588	-6.27237354085603
			5.91439688715953	-6.27237354085603
			5.91828793774319	-6.27237354085603
			5.92217898832685	-6.27237354085603
			5.92607003891051	-6.27237354085603
			5.92996108949416	-6.27237354085603
			5.93385214007782	-6.27237354085603
			5.93774319066148	-6.27237354085603
			5.94163424124514	-6.27237354085603
			5.94552529182879	-6.27237354085603
			5.94941634241245	-6.27237354085603
			5.95330739299611	-6.27237354085603
			5.95719844357977	-6.27237354085603
			5.96108949416342	-6.27237354085603
			5.96498054474708	-6.27237354085603
			5.96887159533074	-6.27237354085603
			5.9727626459144	-6.27237354085603
			5.97665369649805	-6.27237354085603
			5.98054474708171	-6.27626459143969
			5.98443579766537	-6.27626459143969
			5.98832684824903	-6.27626459143969
			5.99221789883268	-6.27626459143969
			5.99610894941634	-6.27626459143969
			6	-6.27626459143969
			6.00389105058366	-6.27626459143969
			6.00778210116732	-6.27626459143969
			6.01167315175097	-6.27626459143969
			6.01556420233463	-6.27626459143969
			6.01945525291829	-6.27626459143969
			6.02334630350195	-6.27626459143969
			6.0272373540856	-6.27626459143969
			6.03112840466926	-6.28015564202335
			6.03501945525292	-6.28015564202335
			6.03891050583658	-6.28015564202335
			6.04280155642023	-6.28015564202335
			6.04669260700389	-6.28015564202335
			6.05058365758755	-6.28015564202335
			6.05447470817121	-6.28015564202335
			6.05836575875486	-6.28015564202335
			6.06225680933852	-6.28015564202335
			6.06614785992218	-6.28015564202335
			6.07003891050584	-6.284046692607
			6.07392996108949	-6.284046692607
			6.07782101167315	-6.284046692607
			6.08171206225681	-6.284046692607
			6.08560311284047	-6.284046692607
			6.08949416342412	-6.284046692607
			6.09338521400778	-6.284046692607
			6.09727626459144	-6.284046692607
			6.1011673151751	-6.284046692607
			6.10505836575876	-6.284046692607
			6.10894941634241	-6.28793774319066
			6.11284046692607	-6.28793774319066
			6.11673151750973	-6.28793774319066
			6.12062256809339	-6.28793774319066
			6.12451361867704	-6.28793774319066
			6.1284046692607	-6.28793774319066
			6.13229571984436	-6.28793774319066
			6.13618677042802	-6.29182879377432
			6.14007782101167	-6.29182879377432
			6.14396887159533	-6.29182879377432
			6.14785992217899	-6.29182879377432
			6.15175097276265	-6.29182879377432
			6.1556420233463	-6.29182879377432
			6.15953307392996	-6.29182879377432
			6.16342412451362	-6.29182879377432
			6.16731517509728	-6.29571984435798
			6.17120622568093	-6.29571984435798
			6.17509727626459	-6.29571984435798
			6.17898832684825	-6.29571984435798
			6.18287937743191	-6.29571984435798
			6.18677042801556	-6.29571984435798
			6.19066147859922	-6.29571984435798
			6.19455252918288	-6.29961089494163
			6.19844357976654	-6.29961089494163
			6.20233463035019	-6.29961089494163
			6.20622568093385	-6.29961089494163
			6.21011673151751	-6.29961089494163
			6.21400778210117	-6.29961089494163
			6.21789883268483	-6.29961089494163
			6.22178988326848	-6.30350194552529
			6.22568093385214	-6.30350194552529
			6.2295719844358	-6.30350194552529
			6.23346303501946	-6.30350194552529
			6.23735408560311	-6.30350194552529
			6.24124513618677	-6.30350194552529
			6.24513618677043	-6.30739299610895
			6.24902723735409	-6.30739299610895
			6.25291828793774	-6.30739299610895
			6.2568093385214	-6.30739299610895
			6.26070038910506	-6.30739299610895
			6.26459143968872	-6.30739299610895
			6.26848249027237	-6.30739299610895
			6.27237354085603	-6.31128404669261
			6.27626459143969	-6.31128404669261
			6.28015564202335	-6.31128404669261
			6.284046692607	-6.31128404669261
			6.28793774319066	-6.31128404669261
			6.29182879377432	-6.31517509727626
			6.29571984435798	-6.31517509727626
			6.29961089494163	-6.31517509727626
			6.30350194552529	-6.31906614785992
			6.30350194552529	-6.32295719844358
			6.29961089494163	-6.32684824902724
			6.29961089494163	-6.33073929961089
			6.29961089494163	-6.33463035019455
			6.29961089494163	-6.33852140077821
			6.29571984435798	-6.34241245136187
			6.29571984435798	-6.34630350194552
			6.29571984435798	-6.35019455252918
			6.29571984435798	-6.35408560311284
			6.29182879377432	-6.3579766536965
			6.29182879377432	-6.36186770428016
			6.29182879377432	-6.36575875486381
			6.29182879377432	-6.36964980544747
			6.28793774319066	-6.37354085603113
			6.28793774319066	-6.37743190661479
			6.28793774319066	-6.38132295719844
			6.28793774319066	-6.3852140077821
			6.28793774319066	-6.38910505836576
			6.284046692607	-6.39299610894942
			6.284046692607	-6.39688715953307
			6.284046692607	-6.40077821011673
			6.284046692607	-6.40466926070039
			6.28015564202335	-6.40856031128405
			6.28015564202335	-6.4124513618677
			6.28015564202335	-6.41634241245136
			6.27626459143969	-6.42023346303502
			6.27626459143969	-6.42412451361868
			6.27626459143969	-6.42801556420233
			6.27626459143969	-6.43190661478599
			6.27237354085603	-6.43579766536965
			6.27237354085603	-6.43968871595331
			6.27237354085603	-6.44357976653697
			6.27237354085603	-6.44747081712062
			6.27237354085603	-6.45136186770428
			6.26848249027237	-6.45136186770428
			6.26848249027237	-6.45525291828794
			6.26848249027237	-6.4591439688716
			6.26848249027237	-6.46303501945525
			6.26459143968872	-6.46303501945525
			6.26459143968872	-6.46692607003891
			6.26459143968872	-6.47081712062257
			6.26459143968872	-6.47470817120623
			6.26459143968872	-6.47859922178988
			6.26070038910506	-6.47859922178988
			6.26070038910506	-6.48249027237354
			6.26070038910506	-6.4863813229572
			6.26070038910506	-6.49027237354086
			6.26070038910506	-6.49416342412451
			6.2568093385214	-6.49416342412451
			6.2568093385214	-6.49805447470817
			6.2568093385214	-6.50194552529183
			6.2568093385214	-6.50583657587549
			6.25291828793774	-6.50583657587549
			6.25291828793774	-6.50972762645914
			6.25291828793774	-6.5136186770428
			6.25291828793774	-6.51750972762646
			6.25291828793774	-6.52140077821012
			6.24902723735409	-6.52140077821012
			6.24902723735409	-6.52529182879377
			6.24902723735409	-6.52918287937743
			6.24902723735409	-6.53307392996109
			6.24513618677043	-6.53696498054475
			6.24513618677043	-6.5408560311284
			6.24513618677043	-6.54474708171206
			6.24124513618677	-6.54863813229572
			6.24124513618677	-6.55252918287938
			6.24124513618677	-6.55642023346303
			6.24124513618677	-6.56031128404669
			6.23735408560311	-6.56420233463035
			6.23735408560311	-6.56809338521401
			6.23735408560311	-6.57198443579767
			6.23346303501946	-6.57587548638132
			6.23346303501946	-6.57976653696498
			6.23346303501946	-6.58365758754864
			6.2295719844358	-6.5875486381323
			6.2295719844358	-6.59143968871595
			6.2295719844358	-6.59533073929961
			6.2295719844358	-6.59922178988327
			6.22568093385214	-6.60311284046693
			6.22568093385214	-6.60700389105058
			6.22568093385214	-6.61089494163424
			6.22178988326848	-6.6147859922179
			6.22178988326848	-6.61867704280156
			6.22178988326848	-6.62256809338521
			6.21789883268483	-6.62645914396887
			6.21789883268483	-6.63035019455253
			6.21789883268483	-6.63424124513619
			6.21400778210117	-6.63813229571984
			6.21400778210117	-6.6420233463035
			6.21400778210117	-6.64591439688716
			6.21400778210117	-6.64980544747082
			6.21011673151751	-6.64980544747082
			6.21011673151751	-6.65369649805448
			6.21011673151751	-6.65758754863813
			6.20622568093385	-6.66147859922179
			6.20622568093385	-6.66536964980545
			6.20622568093385	-6.66926070038911
			6.20233463035019	-6.67315175097276
			6.20233463035019	-6.67704280155642
			6.20233463035019	-6.68093385214008
			6.19844357976654	-6.68482490272374
			6.19844357976654	-6.68871595330739
			6.19844357976654	-6.69260700389105
			6.19455252918288	-6.69649805447471
			6.19455252918288	-6.70038910505837
			6.19455252918288	-6.70428015564202
			6.19455252918288	-6.70817120622568
			6.19066147859922	-6.70817120622568
			6.19066147859922	-6.71206225680934
			6.19066147859922	-6.715953307393
			6.18677042801556	-6.71984435797665
			6.18677042801556	-6.72373540856031
			6.18677042801556	-6.72762645914397
			6.18287937743191	-6.73151750972763
			6.18287937743191	-6.73540856031128
			6.17898832684825	-6.73929961089494
			6.17898832684825	-6.7431906614786
			6.17898832684825	-6.74708171206226
			6.17509727626459	-6.75097276264591
			6.17509727626459	-6.75486381322957
			6.17509727626459	-6.75875486381323
			6.17120622568093	-6.76264591439689
			6.17120622568093	-6.76653696498054
			6.16731517509728	-6.7704280155642
			6.16731517509728	-6.77431906614786
			6.16731517509728	-6.77821011673152
			6.16342412451362	-6.78210116731517
			6.16342412451362	-6.78599221789883
			6.16342412451362	-6.78988326848249
			6.15953307392996	-6.79377431906615
			6.15953307392996	-6.79766536964981
			6.1556420233463	-6.80155642023346
			6.1556420233463	-6.80544747081712
			6.1556420233463	-6.80933852140078
			6.15175097276265	-6.81322957198444
			6.15175097276265	-6.81712062256809
			6.14785992217899	-6.82101167315175
			6.14785992217899	-6.82490272373541
			6.14785992217899	-6.82879377431907
			6.14396887159533	-6.83268482490272
			6.14396887159533	-6.83657587548638
			6.14007782101167	-6.84046692607004
			6.14007782101167	-6.8443579766537
			6.14007782101167	-6.84824902723735
			6.13618677042802	-6.85214007782101
			6.13618677042802	-6.85603112840467
			6.13229571984436	-6.85992217898833
			6.13229571984436	-6.86381322957198
			6.13229571984436	-6.86770428015564
			6.1284046692607	-6.8715953307393
			6.12451361867704	-6.87548638132296
			6.12451361867704	-6.87937743190662
			6.12451361867704	-6.88326848249027
			6.12062256809339	-6.88715953307393
			6.12062256809339	-6.89105058365759
			6.11673151750973	-6.89494163424125
			6.11673151750973	-6.8988326848249
			6.11673151750973	-6.90272373540856
			6.11284046692607	-6.90272373540856
			6.11284046692607	-6.90661478599222
			6.11284046692607	-6.91050583657588
			6.10894941634241	-6.91439688715953
			6.10894941634241	-6.91828793774319
			6.10505836575876	-6.92217898832685
			6.10505836575876	-6.92607003891051
			6.1011673151751	-6.92996108949416
			6.1011673151751	-6.93385214007782
			6.09727626459144	-6.93774319066148
			6.09727626459144	-6.94163424124514
			6.09338521400778	-6.94552529182879
			6.09338521400778	-6.94941634241245
			6.08949416342412	-6.95330739299611
			6.08949416342412	-6.95719844357977
			6.08560311284047	-6.96108949416342
			6.08560311284047	-6.96498054474708
			6.08171206225681	-6.96887159533074
			6.08171206225681	-6.9727626459144
			6.07782101167315	-6.97665369649805
			6.07782101167315	-6.98054474708171
			6.07392996108949	-6.98443579766537
			6.07392996108949	-6.98832684824903
			6.07003891050584	-6.99221789883268
			6.07003891050584	-6.99610894941634
			6.06614785992218	-7
			6.06225680933852	-7.00389105058366
			6.06225680933852	-7.00778210116732
			6.05836575875486	-7.01167315175097
			6.05836575875486	-7.01556420233463
			6.05447470817121	-7.01945525291829
			6.05447470817121	-7.02334630350195
			6.05058365758755	-7.0272373540856
			6.05058365758755	-7.03112840466926
			6.04669260700389	-7.03501945525292
			6.04280155642023	-7.03891050583658
			6.04280155642023	-7.04280155642023
			6.03891050583658	-7.04669260700389
			6.03891050583658	-7.05058365758755
			6.03501945525292	-7.05447470817121
			6.03501945525292	-7.05836575875486
			6.03112840466926	-7.06225680933852
			6.0272373540856	-7.06614785992218
			6.0272373540856	-7.07003891050584
			6.02334630350195	-7.07392996108949
			6.02334630350195	-7.07782101167315
			6.01945525291829	-7.08171206225681
			6.01945525291829	-7.08560311284047
			6.01556420233463	-7.08949416342412
			6.01167315175097	-7.09338521400778
			6.01167315175097	-7.09727626459144
			6.00778210116732	-7.1011673151751
			6.00389105058366	-7.10505836575876
			6	-7.10894941634241
			6	-7.11284046692607
			5.99610894941634	-7.11673151750973
			5.99221789883268	-7.12062256809339
			5.99221789883268	-7.12451361867704
			5.98832684824903	-7.1284046692607
			5.98443579766537	-7.13229571984436
			5.98054474708171	-7.13618677042802
			5.98054474708171	-7.14007782101167
			5.97665369649805	-7.14396887159533
			5.97665369649805	-7.14785992217899
			5.9727626459144	-7.14785992217899
			5.9727626459144	-7.15175097276265
			5.96887159533074	-7.1556420233463
			5.96498054474708	-7.15953307392996
			5.96108949416342	-7.16342412451362
			5.96108949416342	-7.16731517509728
			5.95719844357977	-7.17120622568093
			5.95330739299611	-7.17509727626459
			5.95330739299611	-7.17898832684825
			5.94941634241245	-7.18287937743191
			5.94552529182879	-7.18287937743191
			5.94552529182879	-7.18677042801556
			5.94163424124514	-7.19066147859922
			5.93774319066148	-7.19455252918288
			5.93385214007782	-7.19844357976654
			5.92996108949416	-7.20233463035019
			5.92996108949416	-7.20622568093385
			5.92607003891051	-7.21011673151751
			5.92217898832685	-7.21400778210117
			5.91828793774319	-7.21789883268483
			5.91439688715953	-7.22178988326848
			5.91050583657588	-7.22568093385214
			5.90661478599222	-7.2295719844358
			5.90272373540856	-7.23346303501946
			5.8988326848249	-7.23735408560311
			5.89494163424125	-7.24124513618677
			5.89105058365759	-7.24513618677043
			5.88715953307393	-7.24902723735409
			5.88326848249027	-7.25291828793774
			5.87937743190662	-7.2568093385214
			5.87548638132296	-7.26070038910506
			5.8715953307393	-7.26459143968872
			5.86770428015564	-7.26848249027237
			5.86381322957198	-7.27237354085603
			5.85992217898833	-7.27626459143969
			5.85603112840467	-7.27626459143969
			5.85214007782101	-7.28015564202335
			5.84824902723735	-7.284046692607
			5.8443579766537	-7.28793774319066
			5.84046692607004	-7.29182879377432
			5.83657587548638	-7.29571984435798
			5.83268482490272	-7.29571984435798
			5.82879377431907	-7.29961089494163
			5.82490272373541	-7.30350194552529
			5.82101167315175	-7.30739299610895
			5.81712062256809	-7.31128404669261
			5.81322957198444	-7.31128404669261
			5.80933852140078	-7.31517509727626
			5.80544747081712	-7.31906614785992
			5.80155642023346	-7.31906614785992
			5.79766536964981	-7.32295719844358
		</axis>
		<border type=matrix rownames=FALSE colnames=FALSE nrow=662 ncol=2 as.numeric=TRUE >
			5.79766536964981	-7.32295719844358
			5.80155642023346	-7.32295719844358
			5.80544747081712	-7.32295719844358
			5.80933852140078	-7.32295719844358
			5.81322957198444	-7.32295719844358
			5.81712062256809	-7.32295719844358
			5.82101167315175	-7.32295719844358
			5.82490272373541	-7.32295719844358
			5.82879377431907	-7.32295719844358
			5.83268482490272	-7.32295719844358
			5.83657587548638	-7.32295719844358
			5.84046692607004	-7.32295719844358
			5.8443579766537	-7.32295719844358
			5.84824902723735	-7.32295719844358
			5.85214007782101	-7.32295719844358
			5.85603112840467	-7.32295719844358
			5.85992217898833	-7.32295719844358
			5.86381322957198	-7.32684824902724
			5.86770428015564	-7.32684824902724
			5.8715953307393	-7.32684824902724
			5.87548638132296	-7.32684824902724
			5.87937743190662	-7.32684824902724
			5.88326848249027	-7.32684824902724
			5.88715953307393	-7.32684824902724
			5.89105058365759	-7.32684824902724
			5.89494163424125	-7.32684824902724
			5.8988326848249	-7.32684824902724
			5.90272373540856	-7.32684824902724
			5.90661478599222	-7.32684824902724
			5.91050583657588	-7.32684824902724
			5.91439688715953	-7.32684824902724
			5.91828793774319	-7.32684824902724
			5.92217898832685	-7.32684824902724
			5.92607003891051	-7.32684824902724
			5.92996108949416	-7.32684824902724
			5.93385214007782	-7.32684824902724
			5.93774319066148	-7.32684824902724
			5.94163424124514	-7.32684824902724
			5.94552529182879	-7.32684824902724
			5.94941634241245	-7.32684824902724
			5.95330739299611	-7.32684824902724
			5.95719844357977	-7.32684824902724
			5.96108949416342	-7.32684824902724
			5.96498054474708	-7.32684824902724
			5.96887159533074	-7.32684824902724
			5.9727626459144	-7.32684824902724
			5.97665369649805	-7.32684824902724
			5.98054474708171	-7.32684824902724
			5.98443579766537	-7.32684824902724
			5.98832684824903	-7.32684824902724
			5.99221789883268	-7.32684824902724
			5.99610894941634	-7.32684824902724
			6	-7.32684824902724
			6.00389105058366	-7.32684824902724
			6.00778210116732	-7.32684824902724
			6.01167315175097	-7.32684824902724
			6.01556420233463	-7.32684824902724
			6.01945525291829	-7.32684824902724
			6.02334630350195	-7.32684824902724
			6.0272373540856	-7.32684824902724
			6.03112840466926	-7.32684824902724
			6.03501945525292	-7.32684824902724
			6.03891050583658	-7.32684824902724
			6.04280155642023	-7.32295719844358
			6.04669260700389	-7.32295719844358
			6.05058365758755	-7.32295719844358
			6.05447470817121	-7.32295719844358
			6.05836575875486	-7.32295719844358
			6.06225680933852	-7.32295719844358
			6.06614785992218	-7.32295719844358
			6.07003891050584	-7.32295719844358
			6.07392996108949	-7.32295719844358
			6.07782101167315	-7.32295719844358
			6.08171206225681	-7.32295719844358
			6.08560311284047	-7.32295719844358
			6.08949416342412	-7.32295719844358
			6.09338521400778	-7.32295719844358
			6.09727626459144	-7.32295719844358
			6.1011673151751	-7.32295719844358
			6.10505836575876	-7.32295719844358
			6.10894941634241	-7.32295719844358
			6.11284046692607	-7.32295719844358
			6.11673151750973	-7.32295719844358
			6.12062256809339	-7.32295719844358
			6.12451361867704	-7.32295719844358
			6.1284046692607	-7.32295719844358
			6.13229571984436	-7.32295719844358
			6.13618677042802	-7.32295719844358
			6.14007782101167	-7.32295719844358
			6.14396887159533	-7.32295719844358
			6.14785992217899	-7.31906614785992
			6.15175097276265	-7.31906614785992
			6.1556420233463	-7.31906614785992
			6.15953307392996	-7.31906614785992
			6.16342412451362	-7.31906614785992
			6.16731517509728	-7.31906614785992
			6.17120622568093	-7.31906614785992
			6.17509727626459	-7.31906614785992
			6.17898832684825	-7.31906614785992
			6.18287937743191	-7.31906614785992
			6.18677042801556	-7.31906614785992
			6.19066147859922	-7.31906614785992
			6.19455252918288	-7.31906614785992
			6.19844357976654	-7.31906614785992
			6.20233463035019	-7.31906614785992
			6.20622568093385	-7.31906614785992
			6.21011673151751	-7.31906614785992
			6.21400778210117	-7.31517509727626
			6.21789883268483	-7.31517509727626
			6.22178988326848	-7.31517509727626
			6.22568093385214	-7.31517509727626
			6.2295719844358	-7.31517509727626
			6.23346303501946	-7.31517509727626
			6.23735408560311	-7.31517509727626
			6.24124513618677	-7.31517509727626
			6.24513618677043	-7.31517509727626
			6.24902723735409	-7.31517509727626
			6.25291828793774	-7.31517509727626
			6.2568093385214	-7.31517509727626
			6.26070038910506	-7.31517509727626
			6.26459143968872	-7.31128404669261
			6.26848249027237	-7.31128404669261
			6.27237354085603	-7.31128404669261
			6.27626459143969	-7.31128404669261
			6.28015564202335	-7.31128404669261
			6.284046692607	-7.31128404669261
			6.28793774319066	-7.31128404669261
			6.29182879377432	-7.31128404669261
			6.29571984435798	-7.31128404669261
			6.29961089494163	-7.31128404669261
			6.30350194552529	-7.31128404669261
			6.30739299610895	-7.30739299610895
			6.31128404669261	-7.30739299610895
			6.31517509727626	-7.30739299610895
			6.31906614785992	-7.30739299610895
			6.32295719844358	-7.30739299610895
			6.32684824902724	-7.30739299610895
			6.33073929961089	-7.30739299610895
			6.33463035019455	-7.30739299610895
			6.33852140077821	-7.30739299610895
			6.34241245136187	-7.30739299610895
			6.34630350194552	-7.30350194552529
			6.35019455252918	-7.30350194552529
			6.35408560311284	-7.30350194552529
			6.3579766536965	-7.30350194552529
			6.36186770428016	-7.30350194552529
			6.36575875486381	-7.30350194552529
			6.36964980544747	-7.30350194552529
			6.37354085603113	-7.30350194552529
			6.37743190661479	-7.29961089494163
			6.38132295719844	-7.29961089494163
			6.3852140077821	-7.29961089494163
			6.38910505836576	-7.29961089494163
			6.39299610894942	-7.29961089494163
			6.39688715953307	-7.29961089494163
			6.40077821011673	-7.29961089494163
			6.40466926070039	-7.29961089494163
			6.40856031128405	-7.29571984435798
			6.4124513618677	-7.29571984435798
			6.41634241245136	-7.29571984435798
			6.42023346303502	-7.29571984435798
			6.42412451361868	-7.29571984435798
			6.42801556420233	-7.29571984435798
			6.43190661478599	-7.29571984435798
			6.43579766536965	-7.29571984435798
			6.43968871595331	-7.29182879377432
			6.44357976653697	-7.29182879377432
			6.44747081712062	-7.29182879377432
			6.45136186770428	-7.29182879377432
			6.45525291828794	-7.29182879377432
			6.4591439688716	-7.29182879377432
			6.46303501945525	-7.29182879377432
			6.46692607003891	-7.28793774319066
			6.47081712062257	-7.28793774319066
			6.47470817120623	-7.28793774319066
			6.47859922178988	-7.28793774319066
			6.48249027237354	-7.28793774319066
			6.4863813229572	-7.28793774319066
			6.49027237354086	-7.28793774319066
			6.49416342412451	-7.284046692607
			6.49805447470817	-7.284046692607
			6.50194552529183	-7.284046692607
			6.50583657587549	-7.284046692607
			6.50972762645914	-7.284046692607
			6.5136186770428	-7.284046692607
			6.51750972762646	-7.284046692607
			6.52140077821012	-7.28015564202335
			6.52529182879377	-7.28015564202335
			6.52918287937743	-7.28015564202335
			6.53307392996109	-7.28015564202335
			6.53696498054475	-7.28015564202335
			6.5408560311284	-7.28015564202335
			6.54474708171206	-7.27626459143969
			6.54863813229572	-7.27626459143969
			6.55252918287938	-7.27626459143969
			6.55642023346303	-7.27626459143969
			6.56031128404669	-7.27626459143969
			6.56420233463035	-7.27237354085603
			6.56809338521401	-7.27237354085603
			6.57198443579767	-7.27237354085603
			6.57587548638132	-7.27237354085603
			6.57976653696498	-7.27237354085603
			6.58365758754864	-7.27237354085603
			6.5875486381323	-7.26848249027237
			6.59143968871595	-7.26848249027237
			6.59533073929961	-7.26848249027237
			6.59922178988327	-7.26848249027237
			6.60311284046693	-7.26848249027237
			6.60700389105058	-7.26459143968872
			6.61089494163424	-7.26459143968872
			6.6147859922179	-7.26459143968872
			6.61867704280156	-7.26459143968872
			6.62256809338521	-7.26459143968872
			6.62645914396887	-7.26070038910506
			6.63035019455253	-7.26070038910506
			6.63424124513619	-7.26070038910506
			6.63813229571984	-7.26070038910506
			6.6420233463035	-7.26070038910506
			6.64591439688716	-7.2568093385214
			6.64980544747082	-7.2568093385214
			6.65369649805448	-7.2568093385214
			6.65758754863813	-7.2568093385214
			6.66147859922179	-7.2568093385214
			6.66536964980545	-7.25291828793774
			6.66926070038911	-7.25291828793774
			6.67315175097276	-7.25291828793774
			6.67704280155642	-7.25291828793774
			6.68093385214008	-7.24902723735409
			6.68482490272374	-7.24902723735409
			6.68871595330739	-7.24902723735409
			6.69260700389105	-7.24902723735409
			6.69649805447471	-7.24902723735409
			6.70038910505837	-7.24513618677043
			6.70428015564202	-7.24513618677043
			6.70817120622568	-7.24513618677043
			6.71206225680934	-7.24513618677043
			6.715953307393	-7.24124513618677
			6.71984435797665	-7.24124513618677
			6.72373540856031	-7.24124513618677
			6.72762645914397	-7.24124513618677
			6.73151750972763	-7.24124513618677
			6.73540856031128	-7.23735408560311
			6.73929961089494	-7.23735408560311
			6.7431906614786	-7.23735408560311
			6.74708171206226	-7.23346303501946
			6.75097276264591	-7.23346303501946
			6.75486381322957	-7.23346303501946
			6.75875486381323	-7.23346303501946
			6.76264591439689	-7.23346303501946
			6.76653696498054	-7.2295719844358
			6.7704280155642	-7.2295719844358
			6.77431906614786	-7.2295719844358
			6.77821011673152	-7.2295719844358
			6.78210116731517	-7.22568093385214
			6.78599221789883	-7.22568093385214
			6.78988326848249	-7.22568093385214
			6.79377431906615	-7.22178988326848
			6.79766536964981	-7.22178988326848
			6.80155642023346	-7.22178988326848
			6.80544747081712	-7.22178988326848
			6.80933852140078	-7.21789883268483
			6.81322957198444	-7.21789883268483
			6.81712062256809	-7.21789883268483
			6.82101167315175	-7.21789883268483
			6.82490272373541	-7.21400778210117
			6.82879377431907	-7.21400778210117
			6.83268482490272	-7.21400778210117
			6.83657587548638	-7.21011673151751
			6.84046692607004	-7.21011673151751
			6.8443579766537	-7.21011673151751
			6.84824902723735	-7.21011673151751
			6.85214007782101	-7.20622568093385
			6.85603112840467	-7.20622568093385
			6.85992217898833	-7.20622568093385
			6.86381322957198	-7.20622568093385
			6.86770428015564	-7.20233463035019
			6.8715953307393	-7.20233463035019
			6.87548638132296	-7.20233463035019
			6.87937743190662	-7.19844357976654
			6.88326848249027	-7.19844357976654
			6.88715953307393	-7.19844357976654
			6.89105058365759	-7.19844357976654
			6.89494163424125	-7.19455252918288
			6.8988326848249	-7.19455252918288
			6.90272373540856	-7.19455252918288
			6.90661478599222	-7.19066147859922
			6.91050583657588	-7.19066147859922
			6.91439688715953	-7.19066147859922
			6.91828793774319	-7.18677042801556
			6.92217898832685	-7.18677042801556
			6.92607003891051	-7.18677042801556
			6.92996108949416	-7.18677042801556
			6.92996108949416	-7.18287937743191
			6.93385214007782	-7.18287937743191
			6.93774319066148	-7.18287937743191
			6.94163424124514	-7.17898832684825
			6.94552529182879	-7.17898832684825
			6.94941634241245	-7.17898832684825
			6.95330739299611	-7.17509727626459
			6.95719844357977	-7.17509727626459
			6.96108949416342	-7.17509727626459
			6.96498054474708	-7.17120622568093
			6.96887159533074	-7.17120622568093
			6.9727626459144	-7.17120622568093
			6.97665369649805	-7.16731517509728
			6.98054474708171	-7.16731517509728
			6.98443579766537	-7.16731517509728
			6.98832684824903	-7.16342412451362
			6.99221789883268	-7.16342412451362
			6.99610894941634	-7.16342412451362
			7	-7.15953307392996
			7.00389105058366	-7.15953307392996
			7.00778210116732	-7.15953307392996
			7.01167315175097	-7.15953307392996
			7.01556420233463	-7.1556420233463
			7.01945525291829	-7.1556420233463
			7.02334630350195	-7.15175097276265
			7.0272373540856	-7.15175097276265
			7.03112840466926	-7.15175097276265
			7.03501945525292	-7.14785992217899
			7.03891050583658	-7.14785992217899
			7.04280155642023	-7.14785992217899
			7.04280155642023	-7.14396887159533
			7.04669260700389	-7.14396887159533
			7.05058365758755	-7.14396887159533
			7.05447470817121	-7.14007782101167
			7.05836575875486	-7.14007782101167
			7.06225680933852	-7.14007782101167
			7.06614785992218	-7.13618677042802
			7.07003891050584	-7.13618677042802
			7.07392996108949	-7.13229571984436
			7.07782101167315	-7.13229571984436
			7.08171206225681	-7.13229571984436
			7.08560311284047	-7.1284046692607
			7.08949416342412	-7.1284046692607
			7.09338521400778	-7.1284046692607
			7.09727626459144	-7.12451361867704
			7.1011673151751	-7.12451361867704
			7.10505836575876	-7.12062256809339
			7.10894941634241	-7.12062256809339
			7.11284046692607	-7.12062256809339
			7.11673151750973	-7.11673151750973
			7.12062256809339	-7.11673151750973
			7.12451361867704	-7.11673151750973
			7.1284046692607	-7.11284046692607
			7.13229571984436	-7.11284046692607
			7.13618677042802	-7.10894941634241
			7.14007782101167	-7.10894941634241
			7.14396887159533	-7.10894941634241
			7.14396887159533	-7.10505836575876
			7.14785992217899	-7.10505836575876
			7.15175097276265	-7.1011673151751
			7.1556420233463	-7.1011673151751
			7.15953307392996	-7.1011673151751
			7.16342412451362	-7.09727626459144
			7.16731517509728	-7.09727626459144
			7.17120622568093	-7.09338521400778
			7.17509727626459	-7.09338521400778
			7.17898832684825	-7.09338521400778
			7.18287937743191	-7.08949416342412
			7.18677042801556	-7.08949416342412
			7.19066147859922	-7.08560311284047
			7.19455252918288	-7.08560311284047
			7.19844357976654	-7.08560311284047
			7.20233463035019	-7.08171206225681
			7.20622568093385	-7.08171206225681
			7.21011673151751	-7.07782101167315
			7.21400778210117	-7.07782101167315
			7.21400778210117	-7.07392996108949
			7.21789883268483	-7.07392996108949
			7.22178988326848	-7.07392996108949
			7.22568093385214	-7.07003891050584
			7.2295719844358	-7.07003891050584
			7.23346303501946	-7.06614785992218
			7.23735408560311	-7.06614785992218
			7.24124513618677	-7.06225680933852
			7.24513618677043	-7.06225680933852
			7.24902723735409	-7.06225680933852
			7.25291828793774	-7.05836575875486
			7.2568093385214	-7.05836575875486
			7.26070038910506	-7.05447470817121
			7.26459143968872	-7.05447470817121
			7.26848249027237	-7.05058365758755
			7.27237354085603	-7.05058365758755
			7.27626459143969	-7.04669260700389
			7.28015564202335	-7.04669260700389
			7.284046692607	-7.04280155642023
			7.28793774319066	-7.04280155642023
			7.29182879377432	-7.03891050583658
			7.29571984435798	-7.03891050583658
			7.29961089494163	-7.03501945525292
			7.30350194552529	-7.03501945525292
			7.30739299610895	-7.03112840466926
			7.31128404669261	-7.03112840466926
			7.31517509727626	-7.0272373540856
			7.31906614785992	-7.0272373540856
			7.32295719844358	-7.02334630350195
			7.32684824902724	-7.02334630350195
			7.33073929961089	-7.01945525291829
			7.33463035019455	-7.01945525291829
			7.33852140077821	-7.01556420233463
			7.34241245136187	-7.01556420233463
			7.34630350194553	-7.01167315175097
			7.35019455252918	-7.01167315175097
			7.35408560311284	-7.00778210116732
			7.3579766536965	-7.00778210116732
			7.36186770428016	-7.00389105058366
			7.36575875486381	-7
			7.36964980544747	-7
			7.37354085603113	-7
			7.37354085603113	-6.99610894941634
			7.37743190661479	-6.99610894941634
			7.38132295719844	-6.99610894941634
			7.38132295719844	-6.99221789883268
			7.3852140077821	-6.99221789883268
			7.38910505836576	-6.99221789883268
			7.38910505836576	-6.98832684824903
			7.39299610894942	-6.98832684824903
			7.39688715953307	-6.98443579766537
			7.40077821011673	-6.98443579766537
			7.40466926070039	-6.98054474708171
			7.40856031128405	-6.97665369649805
			7.4124513618677	-6.97665369649805
			7.41634241245136	-6.97665369649805
			7.42023346303502	-6.9727626459144
			7.42412451361868	-6.96887159533074
			7.42801556420233	-6.96887159533074
			7.43190661478599	-6.96498054474708
			7.43579766536965	-6.96498054474708
			7.43968871595331	-6.96108949416342
			7.44357976653697	-6.96108949416342
			7.44747081712062	-6.95719844357977
			7.45136186770428	-6.95330739299611
			7.45525291828794	-6.95330739299611
			7.4591439688716	-6.94941634241245
			7.46303501945525	-6.94941634241245
			7.46692607003891	-6.94552529182879
			7.47081712062257	-6.94552529182879
			7.47470817120623	-6.94163424124514
			7.47859922178988	-6.94163424124514
			7.48249027237354	-6.93774319066148
			7.48249027237354	-6.93385214007782
			7.4863813229572	-6.93385214007782
			7.49027237354086	-6.92996108949416
			7.49416342412451	-6.92996108949416
			7.49805447470817	-6.92607003891051
			7.50194552529183	-6.92607003891051
			7.50583657587549	-6.92217898832685
			7.50972762645914	-6.91828793774319
			7.5136186770428	-6.91828793774319
			7.51750972762646	-6.91439688715953
			7.52140077821012	-6.91439688715953
			7.52529182879377	-6.91050583657588
			7.52918287937743	-6.91050583657588
			7.53307392996109	-6.90661478599222
			7.53696498054475	-6.90272373540856
			7.5408560311284	-6.8988326848249
			7.54474708171206	-6.8988326848249
			7.54863813229572	-6.89494163424125
			7.55252918287938	-6.89105058365759
			7.55642023346303	-6.89105058365759
			7.56031128404669	-6.88715953307393
			7.56420233463035	-6.88715953307393
			7.56809338521401	-6.88326848249027
			7.57198443579767	-6.88326848249027
			7.57198443579767	-6.87937743190662
			7.57587548638132	-6.87548638132296
			7.57976653696498	-6.87548638132296
			7.58365758754864	-6.8715953307393
			7.5875486381323	-6.8715953307393
			7.5875486381323	-6.86770428015564
			7.59143968871595	-6.86770428015564
			7.59533073929961	-6.86381322957198
			7.59922178988327	-6.86381322957198
			7.59922178988327	-6.85992217898833
			7.60311284046693	-6.85992217898833
			7.60700389105058	-6.85603112840467
			7.61089494163424	-6.85603112840467
			7.6147859922179	-6.85214007782101
			7.61867704280156	-6.84824902723735
			7.62256809338521	-6.8443579766537
			7.62645914396887	-6.8443579766537
			7.63035019455253	-6.84046692607004
			7.63424124513619	-6.83657587548638
			7.63813229571984	-6.83657587548638
			7.6420233463035	-6.83268482490272
			7.64591439688716	-6.82879377431907
			7.64980544747082	-6.82879377431907
			7.65369649805448	-6.82490272373541
			7.65758754863813	-6.82101167315175
			7.66147859922179	-6.81712062256809
			7.66536964980545	-6.81712062256809
			7.66926070038911	-6.81322957198444
			7.67315175097276	-6.80933852140078
			7.67704280155642	-6.80544747081712
			7.68093385214008	-6.80544747081712
			7.68482490272374	-6.80155642023346
			7.68871595330739	-6.79766536964981
			7.69260700389105	-6.79766536964981
			7.69260700389105	-6.79377431906615
			7.69649805447471	-6.79377431906615
			7.70038910505837	-6.78988326848249
			7.70428015564202	-6.78599221789883
			7.70817120622568	-6.78599221789883
			7.70817120622568	-6.78210116731517
			7.71206225680934	-6.78210116731517
			7.715953307393	-6.77821011673152
			7.71984435797665	-6.77431906614786
			7.72373540856031	-6.77431906614786
			7.72373540856031	-6.7704280155642
			7.72762645914397	-6.7704280155642
			7.73151750972763	-6.76653696498054
			7.73540856031128	-6.76264591439689
			7.73929961089494	-6.75875486381323
			7.7431906614786	-6.75875486381323
			7.74708171206226	-6.75486381322957
			7.75097276264591	-6.75097276264591
			7.75486381322957	-6.74708171206226
			7.75875486381323	-6.74708171206226
			7.76264591439689	-6.7431906614786
			7.76653696498054	-6.73929961089494
			7.7704280155642	-6.73540856031128
			7.77431906614786	-6.73540856031128
			7.77821011673152	-6.73151750972763
			7.77821011673152	-6.72762645914397
			7.78210116731517	-6.72373540856031
			7.78599221789883	-6.72373540856031
			7.78988326848249	-6.71984435797665
			7.79377431906615	-6.715953307393
			7.79766536964981	-6.71206225680934
			7.80155642023346	-6.71206225680934
			7.80544747081712	-6.70817120622568
			7.80933852140078	-6.70428015564202
			7.81322957198444	-6.70038910505837
			7.81712062256809	-6.69649805447471
			7.82101167315175	-6.69649805447471
			7.82490272373541	-6.69260700389105
			7.82490272373541	-6.68871595330739
			7.82879377431907	-6.68482490272374
			7.83268482490272	-6.68482490272374
			7.83657587548638	-6.68093385214008
			7.84046692607004	-6.67704280155642
			7.8443579766537	-6.67315175097276
			7.84824902723735	-6.66926070038911
			7.85214007782101	-6.66926070038911
			7.85603112840467	-6.66536964980545
			7.85992217898833	-6.66147859922179
			7.86381322957198	-6.65758754863813
			7.86770428015564	-6.65369649805448
			7.8715953307393	-6.64980544747082
			7.87548638132296	-6.64591439688716
			7.87937743190662	-6.6420233463035
			7.88326848249027	-6.6420233463035
			7.88326848249027	-6.63813229571984
			7.88715953307393	-6.63424124513619
			7.89105058365759	-6.63424124513619
			7.89105058365759	-6.63035019455253
			7.89494163424125	-6.63035019455253
			7.8988326848249	-6.62645914396887
			7.90272373540856	-6.62256809338521
			7.90661478599222	-6.61867704280156
			7.91050583657588	-6.6147859922179
			7.91439688715953	-6.61089494163424
			7.91828793774319	-6.60700389105058
			7.92217898832685	-6.60311284046693
			7.92607003891051	-6.60311284046693
			7.92607003891051	-6.59922178988327
			7.92996108949416	-6.59533073929961
			7.93385214007782	-6.59533073929961
			7.93774319066148	-6.59143968871595
			7.93774319066148	-6.5875486381323
			7.94163424124514	-6.58365758754864
			7.94552529182879	-6.58365758754864
			7.94941634241245	-6.57976653696498
			7.94941634241245	-6.57587548638132
			7.95330739299611	-6.57587548638132
			7.95719844357977	-6.57198443579767
			7.96108949416342	-6.56809338521401
			7.96108949416342	-6.56420233463035
			7.96498054474708	-6.56420233463035
			7.96887159533074	-6.56031128404669
			7.9727626459144	-6.55642023346303
			7.9727626459144	-6.55252918287938
			7.97665369649805	-6.55252918287938
			7.98054474708171	-6.54863813229572
			7.98443579766537	-6.54474708171206
			7.98443579766537	-6.5408560311284
			7.98832684824903	-6.5408560311284
			7.99221789883268	-6.53696498054475
			7.99610894941634	-6.53307392996109
			7.99610894941634	-6.52918287937743
			8	-6.52918287937743
			8.00389105058366	-6.52529182879377
			8.00778210116732	-6.52140077821012
			8.00778210116732	-6.51750972762646
			8.01167315175097	-6.51750972762646
			8.01556420233463	-6.5136186770428
			8.01945525291829	-6.50972762645914
			8.01945525291829	-6.50583657587549
			8.02334630350195	-6.50583657587549
			8.0272373540856	-6.50194552529183
			8.0272373540856	-6.49805447470817
			8.03112840466926	-6.49416342412451
			8.03501945525292	-6.49416342412451
			8.03891050583658	-6.49027237354086
			8.03891050583658	-6.4863813229572
			8.04280155642023	-6.48249027237354
			8.04669260700389	-6.48249027237354
			8.05058365758755	-6.47859922178988
			8.05058365758755	-6.47470817120623
			8.05447470817121	-6.47081712062257
			8.05836575875486	-6.46692607003891
			8.06225680933852	-6.46303501945525
			8.06614785992218	-6.4591439688716
			8.07003891050584	-6.45525291828794
			8.07392996108949	-6.45136186770428
			8.07782101167315	-6.44747081712062
			8.08171206225681	-6.44357976653697
			8.08171206225681	-6.43968871595331
			8.08560311284047	-6.43579766536965
			8.08949416342412	-6.43190661478599
			8.09338521400778	-6.42801556420233
			8.09727626459144	-6.42412451361868
			8.1011673151751	-6.42023346303502
			8.10505836575875	-6.41634241245136
			8.10505836575875	-6.4124513618677
			8.10894941634241	-6.4124513618677
			8.11284046692607	-6.40856031128405
			8.11673151750973	-6.40466926070039
			8.12062256809338	-6.40077821011673
			8.12451361867704	-6.39688715953307
			8.1284046692607	-6.39299610894942
			8.1284046692607	-6.38910505836576
			8.13229571984436	-6.3852140077821
			8.13618677042802	-6.38132295719844
			8.14007782101167	-6.37743190661479
			8.14396887159533	-6.37354085603113
			8.14785992217899	-6.36964980544747
			8.14785992217899	-6.36575875486381
			8.15175097276265	-6.36186770428016
			8.1556420233463	-6.3579766536965
			8.15953307392996	-6.35408560311284
			8.16342412451362	-6.35019455252918
			8.16731517509728	-6.34630350194552
			8.16731517509728	-6.34241245136187
			8.17120622568093	-6.33852140077821
			8.17509727626459	-6.33463035019455
			8.17898832684825	-6.33073929961089
			8.18287937743191	-6.32684824902724
			8.18677042801556	-6.32295719844358
			8.18677042801556	-6.31906614785992
			8.19066147859922	-6.31517509727626
			8.19455252918288	-6.31128404669261
			8.19844357976654	-6.30739299610895
			8.20233463035019	-6.30350194552529
			8.20233463035019	-6.29961089494163
			8.20622568093385	-6.29571984435798
			8.21011673151751	-6.29182879377432
			8.21400778210117	-6.28793774319066
			8.21789883268482	-6.284046692607
			8.22178988326848	-6.28015564202335
			8.22178988326848	-6.27626459143969
		</border>
		<margin type=matrix rownames=FALSE colnames=FALSE nrow=1299 ncol=2 as.numeric=TRUE >
			5.79766536964981	-7.60700389105058
			5.80155642023346	-7.60700389105058
			5.80544747081712	-7.60700389105058
			5.80933852140078	-7.60700389105058
			5.81322957198444	-7.60700389105058
			5.81712062256809	-7.60700389105058
			5.82101167315175	-7.60700389105058
			5.82490272373541	-7.60700389105058
			5.82879377431907	-7.60700389105058
			5.83268482490272	-7.60700389105058
			5.83657587548638	-7.60700389105058
			5.84046692607004	-7.60700389105058
			5.8443579766537	-7.60311284046693
			5.84824902723735	-7.60311284046693
			5.85214007782101	-7.60311284046693
			5.85603112840467	-7.60311284046693
			5.85992217898833	-7.60311284046693
			5.86381322957198	-7.60311284046693
			5.86770428015564	-7.60311284046693
			5.8715953307393	-7.60311284046693
			5.87548638132296	-7.60311284046693
			5.87937743190662	-7.60311284046693
			5.88326848249027	-7.60311284046693
			5.88715953307393	-7.60311284046693
			5.89105058365759	-7.60311284046693
			5.89494163424125	-7.60311284046693
			5.8988326848249	-7.60311284046693
			5.90272373540856	-7.60311284046693
			5.90661478599222	-7.60311284046693
			5.91050583657588	-7.60311284046693
			5.91439688715953	-7.60311284046693
			5.91828793774319	-7.59922178988327
			5.92217898832685	-7.59922178988327
			5.92607003891051	-7.59922178988327
			5.92996108949416	-7.59922178988327
			5.93385214007782	-7.59922178988327
			5.93774319066148	-7.59922178988327
			5.94163424124514	-7.59922178988327
			5.94552529182879	-7.59922178988327
			5.94941634241245	-7.59922178988327
			5.95330739299611	-7.59922178988327
			5.95719844357977	-7.59922178988327
			5.96108949416342	-7.59922178988327
			5.96498054474708	-7.59922178988327
			5.96887159533074	-7.59922178988327
			5.9727626459144	-7.59533073929961
			5.97665369649805	-7.59533073929961
			5.98054474708171	-7.59533073929961
			5.98443579766537	-7.59533073929961
			5.98832684824903	-7.59533073929961
			5.99221789883268	-7.59533073929961
			5.99610894941634	-7.59533073929961
			6	-7.59533073929961
			6.00389105058366	-7.59533073929961
			6.00778210116732	-7.59533073929961
			6.01167315175097	-7.59533073929961
			6.01556420233463	-7.59533073929961
			6.01945525291829	-7.59533073929961
			6.02334630350195	-7.59143968871595
			6.0272373540856	-7.59143968871595
			6.03112840466926	-7.59143968871595
			6.03501945525292	-7.59143968871595
			6.03891050583658	-7.59143968871595
			6.04280155642023	-7.59143968871595
			6.04669260700389	-7.59143968871595
			6.05058365758755	-7.59143968871595
			6.05447470817121	-7.59143968871595
			6.05836575875486	-7.59143968871595
			6.06225680933852	-7.59143968871595
			6.06614785992218	-7.59143968871595
			6.06614785992218	-7.5875486381323
			6.07003891050584	-7.5875486381323
			6.07392996108949	-7.5875486381323
			6.07782101167315	-7.5875486381323
			6.08171206225681	-7.5875486381323
			6.08560311284047	-7.5875486381323
			6.08949416342412	-7.5875486381323
			6.09338521400778	-7.5875486381323
			6.09727626459144	-7.5875486381323
			6.1011673151751	-7.5875486381323
			6.10505836575876	-7.58365758754864
			6.10894941634241	-7.58365758754864
			6.11284046692607	-7.58365758754864
			6.11673151750973	-7.58365758754864
			6.12062256809339	-7.58365758754864
			6.12451361867704	-7.58365758754864
			6.1284046692607	-7.58365758754864
			6.13229571984436	-7.58365758754864
			6.13618677042802	-7.58365758754864
			6.14007782101167	-7.58365758754864
			6.14396887159533	-7.57976653696498
			6.14785992217899	-7.57976653696498
			6.15175097276265	-7.57976653696498
			6.1556420233463	-7.57976653696498
			6.15953307392996	-7.57976653696498
			6.16342412451362	-7.57976653696498
			6.16731517509728	-7.57976653696498
			6.17120622568093	-7.57976653696498
			6.17509727626459	-7.57587548638132
			6.17898832684825	-7.57587548638132
			6.18287937743191	-7.57587548638132
			6.18677042801556	-7.57587548638132
			6.19066147859922	-7.57587548638132
			6.19455252918288	-7.57587548638132
			6.19844357976654	-7.57587548638132
			6.20233463035019	-7.57587548638132
			6.20622568093385	-7.57198443579767
			6.21011673151751	-7.57198443579767
			6.21400778210117	-7.57198443579767
			6.21789883268483	-7.57198443579767
			6.22178988326848	-7.57198443579767
			6.22568093385214	-7.57198443579767
			6.2295719844358	-7.57198443579767
			6.23346303501946	-7.57198443579767
			6.23735408560311	-7.56809338521401
			6.24124513618677	-7.56809338521401
			6.24513618677043	-7.56809338521401
			6.24902723735409	-7.56809338521401
			6.25291828793774	-7.56809338521401
			6.2568093385214	-7.56809338521401
			6.26070038910506	-7.56809338521401
			6.26459143968872	-7.56809338521401
			6.26848249027237	-7.56420233463035
			6.27237354085603	-7.56420233463035
			6.27626459143969	-7.56420233463035
			6.28015564202335	-7.56420233463035
			6.284046692607	-7.56420233463035
			6.28793774319066	-7.56420233463035
			6.29182879377432	-7.56420233463035
			6.29182879377432	-7.56031128404669
			6.29571984435798	-7.56031128404669
			6.29961089494163	-7.56031128404669
			6.30350194552529	-7.56031128404669
			6.30739299610895	-7.56031128404669
			6.31128404669261	-7.56031128404669
			6.31517509727626	-7.56031128404669
			6.31906614785992	-7.55642023346303
			6.32295719844358	-7.55642023346303
			6.32684824902724	-7.55642023346303
			6.33073929961089	-7.55642023346303
			6.33463035019455	-7.55642023346303
			6.33852140077821	-7.55642023346303
			6.34241245136187	-7.55642023346303
			6.34630350194552	-7.55252918287938
			6.35019455252918	-7.55252918287938
			6.35408560311284	-7.55252918287938
			6.3579766536965	-7.55252918287938
			6.36186770428016	-7.55252918287938
			6.36575875486381	-7.55252918287938
			6.36964980544747	-7.54863813229572
			6.37354085603113	-7.54863813229572
			6.37743190661479	-7.54863813229572
			6.38132295719844	-7.54863813229572
			6.3852140077821	-7.54863813229572
			6.38910505836576	-7.54863813229572
			6.39299610894942	-7.54474708171206
			6.39688715953307	-7.54474708171206
			6.40077821011673	-7.54474708171206
			6.40466926070039	-7.54474708171206
			6.40856031128405	-7.54474708171206
			6.4124513618677	-7.54474708171206
			6.4124513618677	-7.5408560311284
			6.41634241245136	-7.5408560311284
			6.42023346303502	-7.5408560311284
			6.42412451361868	-7.5408560311284
			6.42801556420233	-7.5408560311284
			6.43190661478599	-7.5408560311284
			6.43579766536965	-7.53696498054475
			6.43968871595331	-7.53696498054475
			6.44357976653697	-7.53696498054475
			6.44747081712062	-7.53696498054475
			6.45136186770428	-7.53696498054475
			6.45525291828794	-7.53307392996109
			6.4591439688716	-7.53307392996109
			6.46303501945525	-7.53307392996109
			6.46692607003891	-7.53307392996109
			6.47081712062257	-7.53307392996109
			6.47470817120623	-7.53307392996109
			6.47859922178988	-7.52918287937743
			6.48249027237354	-7.52918287937743
			6.4863813229572	-7.52918287937743
			6.49027237354086	-7.52918287937743
			6.49416342412451	-7.52918287937743
			6.49805447470817	-7.52529182879377
			6.50194552529183	-7.52529182879377
			6.50583657587549	-7.52529182879377
			6.50972762645914	-7.52529182879377
			6.5136186770428	-7.52529182879377
			6.51750972762646	-7.52140077821012
			6.52140077821012	-7.52140077821012
			6.52529182879377	-7.52140077821012
			6.52918287937743	-7.52140077821012
			6.53307392996109	-7.52140077821012
			6.53696498054475	-7.51750972762646
			6.5408560311284	-7.51750972762646
			6.54474708171206	-7.51750972762646
			6.54863813229572	-7.51750972762646
			6.55252918287938	-7.51750972762646
			6.55642023346303	-7.5136186770428
			6.56031128404669	-7.5136186770428
			6.56420233463035	-7.5136186770428
			6.56809338521401	-7.5136186770428
			6.57198443579767	-7.5136186770428
			6.57587548638132	-7.50972762645914
			6.57976653696498	-7.50972762645914
			6.58365758754864	-7.50972762645914
			6.5875486381323	-7.50972762645914
			6.59143968871595	-7.50972762645914
			6.59533073929961	-7.50583657587549
			6.59922178988327	-7.50583657587549
			6.60311284046693	-7.50583657587549
			6.60700389105058	-7.50194552529183
			6.61089494163424	-7.50194552529183
			6.6147859922179	-7.50194552529183
			6.61867704280156	-7.50194552529183
			6.62256809338521	-7.50194552529183
			6.62645914396887	-7.49805447470817
			6.63035019455253	-7.49805447470817
			6.63424124513619	-7.49805447470817
			6.63813229571984	-7.49805447470817
			6.6420233463035	-7.49805447470817
			6.64591439688716	-7.49416342412451
			6.64980544747082	-7.49416342412451
			6.65369649805448	-7.49416342412451
			6.65758754863813	-7.49416342412451
			6.66147859922179	-7.49027237354086
			6.66536964980545	-7.49027237354086
			6.66926070038911	-7.49027237354086
			6.67315175097276	-7.49027237354086
			6.67704280155642	-7.4863813229572
			6.68093385214008	-7.4863813229572
			6.68482490272374	-7.4863813229572
			6.68871595330739	-7.4863813229572
			6.69260700389105	-7.48249027237354
			6.69649805447471	-7.48249027237354
			6.70038910505837	-7.48249027237354
			6.70428015564202	-7.48249027237354
			6.70817120622568	-7.47859922178988
			6.71206225680934	-7.47859922178988
			6.715953307393	-7.47859922178988
			6.71984435797665	-7.47859922178988
			6.72373540856031	-7.47470817120623
			6.72762645914397	-7.47470817120623
			6.73151750972763	-7.47470817120623
			6.73540856031128	-7.47470817120623
			6.73929961089494	-7.47081712062257
			6.7431906614786	-7.47081712062257
			6.74708171206226	-7.47081712062257
			6.75097276264591	-7.47081712062257
			6.75486381322957	-7.46692607003891
			6.75875486381323	-7.46692607003891
			6.76264591439689	-7.46692607003891
			6.76653696498054	-7.46303501945525
			6.7704280155642	-7.46303501945525
			6.77431906614786	-7.46303501945525
			6.77821011673152	-7.46303501945525
			6.78210116731517	-7.4591439688716
			6.78599221789883	-7.4591439688716
			6.78988326848249	-7.4591439688716
			6.79377431906615	-7.4591439688716
			6.79766536964981	-7.45525291828794
			6.80155642023346	-7.45525291828794
			6.80544747081712	-7.45525291828794
			6.80933852140078	-7.45525291828794
			6.81322957198444	-7.45136186770428
			6.81712062256809	-7.45136186770428
			6.82101167315175	-7.45136186770428
			6.82490272373541	-7.44747081712062
			6.82879377431907	-7.44747081712062
			6.83268482490272	-7.44747081712062
			6.83657587548638	-7.44747081712062
			6.84046692607004	-7.44357976653697
			6.8443579766537	-7.44357976653697
			6.84824902723735	-7.44357976653697
			6.85214007782101	-7.43968871595331
			6.85603112840467	-7.43968871595331
			6.85992217898833	-7.43968871595331
			6.86381322957198	-7.43968871595331
			6.86770428015564	-7.43579766536965
			6.8715953307393	-7.43579766536965
			6.87548638132296	-7.43579766536965
			6.87937743190662	-7.43190661478599
			6.88326848249027	-7.43190661478599
			6.88715953307393	-7.43190661478599
			6.89105058365759	-7.43190661478599
			6.89494163424125	-7.42801556420233
			6.8988326848249	-7.42801556420233
			6.90272373540856	-7.42412451361868
			6.90661478599222	-7.42412451361868
			6.91050583657588	-7.42412451361868
			6.91439688715953	-7.42412451361868
			6.91828793774319	-7.42023346303502
			6.92217898832685	-7.42023346303502
			6.92607003891051	-7.42023346303502
			6.92996108949416	-7.41634241245136
			6.93385214007782	-7.41634241245136
			6.93774319066148	-7.41634241245136
			6.94163424124514	-7.4124513618677
			6.94552529182879	-7.4124513618677
			6.94941634241245	-7.4124513618677
			6.95330739299611	-7.40856031128405
			6.95719844357977	-7.40856031128405
			6.96108949416342	-7.40856031128405
			6.96498054474708	-7.40466926070039
			6.96887159533074	-7.40466926070039
			6.9727626459144	-7.40466926070039
			6.97665369649805	-7.40077821011673
			6.98054474708171	-7.40077821011673
			6.98443579766537	-7.40077821011673
			6.98832684824903	-7.39688715953307
			6.99221789883268	-7.39688715953307
			6.99610894941634	-7.39688715953307
			7	-7.39299610894942
			7.00389105058366	-7.39299610894942
			7.00778210116732	-7.39299610894942
			7.01167315175097	-7.38910505836576
			7.01556420233463	-7.38910505836576
			7.01945525291829	-7.38910505836576
			7.02334630350195	-7.3852140077821
			7.0272373540856	-7.3852140077821
			7.03112840466926	-7.3852140077821
			7.03501945525292	-7.38132295719844
			7.03891050583658	-7.38132295719844
			7.04280155642023	-7.38132295719844
			7.04669260700389	-7.37743190661479
			7.05058365758755	-7.37743190661479
			7.05447470817121	-7.37743190661479
			7.05836575875486	-7.37354085603113
			7.06225680933852	-7.37354085603113
			7.06614785992218	-7.37354085603113
			7.07003891050584	-7.36964980544747
			7.07392996108949	-7.36964980544747
			7.07782101167315	-7.36964980544747
			7.08171206225681	-7.36575875486381
			7.08560311284047	-7.36575875486381
			7.08949416342412	-7.36186770428016
			7.09338521400778	-7.36186770428016
			7.09727626459144	-7.36186770428016
			7.1011673151751	-7.3579766536965
			7.10505836575876	-7.3579766536965
			7.10894941634241	-7.3579766536965
			7.11284046692607	-7.35408560311284
			7.11673151750973	-7.35408560311284
			7.12062256809339	-7.35408560311284
			7.12451361867704	-7.35019455252918
			7.1284046692607	-7.35019455252918
			7.13229571984436	-7.34630350194553
			7.13618677042802	-7.34630350194553
			7.14007782101167	-7.34630350194553
			7.14396887159533	-7.34241245136187
			7.14785992217899	-7.34241245136187
			7.15175097276265	-7.34241245136187
			7.1556420233463	-7.33852140077821
			7.15953307392996	-7.33852140077821
			7.16342412451362	-7.33463035019455
			7.16731517509728	-7.33463035019455
			7.17120622568093	-7.33463035019455
			7.17509727626459	-7.33073929961089
			7.17898832684825	-7.33073929961089
			7.18287937743191	-7.33073929961089
			7.18677042801556	-7.32684824902724
			7.19066147859922	-7.32684824902724
			7.19455252918288	-7.32295719844358
			7.19844357976654	-7.32295719844358
			7.20233463035019	-7.31906614785992
			7.20622568093385	-7.31906614785992
			7.21011673151751	-7.31906614785992
			7.21400778210117	-7.31517509727626
			7.21789883268483	-7.31517509727626
			7.22178988326848	-7.31128404669261
			7.22568093385214	-7.31128404669261
			7.2295719844358	-7.31128404669261
			7.23346303501946	-7.30739299610895
			7.23735408560311	-7.30739299610895
			7.24124513618677	-7.30739299610895
			7.24124513618677	-7.30350194552529
			7.24513618677043	-7.30350194552529
			7.24902723735409	-7.30350194552529
			7.25291828793774	-7.29961089494163
			7.2568093385214	-7.29961089494163
			7.26070038910506	-7.29961089494163
			7.26070038910506	-7.29571984435798
			7.26459143968872	-7.29571984435798
			7.26848249027237	-7.29571984435798
			7.27237354085603	-7.29182879377432
			7.27626459143969	-7.29182879377432
			7.28015564202335	-7.28793774319066
			7.284046692607	-7.28793774319066
			7.28793774319066	-7.284046692607
			7.29182879377432	-7.284046692607
			7.29571984435798	-7.28015564202335
			7.29961089494163	-7.28015564202335
			7.30350194552529	-7.28015564202335
			7.30739299610895	-7.27626459143969
			7.31128404669261	-7.27626459143969
			7.31517509727626	-7.27237354085603
			7.31906614785992	-7.27237354085603
			7.32295719844358	-7.26848249027237
			7.32684824902724	-7.26848249027237
			7.33073929961089	-7.26848249027237
			7.33463035019455	-7.26459143968872
			7.33852140077821	-7.26459143968872
			7.34241245136187	-7.26070038910506
			7.34630350194553	-7.26070038910506
			7.35019455252918	-7.2568093385214
			7.35408560311284	-7.2568093385214
			7.3579766536965	-7.2568093385214
			7.36186770428016	-7.25291828793774
			7.36575875486381	-7.25291828793774
			7.36964980544747	-7.24902723735409
			7.37354085603113	-7.24902723735409
			7.37743190661479	-7.24513618677043
			7.38132295719844	-7.24513618677043
			7.3852140077821	-7.24124513618677
			7.38910505836576	-7.24124513618677
			7.39299610894942	-7.23735408560311
			7.39688715953307	-7.23735408560311
			7.40077821011673	-7.23735408560311
			7.40466926070039	-7.23346303501946
			7.40856031128405	-7.23346303501946
			7.4124513618677	-7.2295719844358
			7.41634241245136	-7.2295719844358
			7.42023346303502	-7.22568093385214
			7.42412451361868	-7.22568093385214
			7.42801556420233	-7.22178988326848
			7.43190661478599	-7.22178988326848
			7.43579766536965	-7.21789883268483
			7.43968871595331	-7.21789883268483
			7.44357976653697	-7.21400778210117
			7.44747081712062	-7.21400778210117
			7.45136186770428	-7.21400778210117
			7.45525291828794	-7.21011673151751
			7.4591439688716	-7.21011673151751
			7.46303501945525	-7.20622568093385
			7.46692607003891	-7.20622568093385
			7.47081712062257	-7.20233463035019
			7.47470817120623	-7.20233463035019
			7.47470817120623	-7.19844357976654
			7.47859922178988	-7.19844357976654
			7.48249027237354	-7.19455252918288
			7.4863813229572	-7.19455252918288
			7.49027237354086	-7.19066147859922
			7.49416342412451	-7.19066147859922
			7.49805447470817	-7.18677042801556
			7.50194552529183	-7.18677042801556
			7.50583657587549	-7.18287937743191
			7.50972762645914	-7.18287937743191
			7.5136186770428	-7.17898832684825
			7.51750972762646	-7.17509727626459
			7.52140077821012	-7.17509727626459
			7.52529182879377	-7.17120622568093
			7.52918287937743	-7.17120622568093
			7.53307392996109	-7.16731517509728
			7.53696498054475	-7.16731517509728
			7.5408560311284	-7.16342412451362
			7.54474708171206	-7.16342412451362
			7.54863813229572	-7.15953307392996
			7.55252918287938	-7.15953307392996
			7.55642023346303	-7.1556420233463
			7.56031128404669	-7.15175097276265
			7.56420233463035	-7.15175097276265
			7.56809338521401	-7.14785992217899
			7.57198443579767	-7.14785992217899
			7.57198443579767	-7.14396887159533
			7.57587548638132	-7.14396887159533
			7.57976653696498	-7.14007782101167
			7.58365758754864	-7.14007782101167
			7.5875486381323	-7.13618677042802
			7.59143968871595	-7.13229571984436
			7.59533073929961	-7.13229571984436
			7.59922178988327	-7.1284046692607
			7.60311284046693	-7.1284046692607
			7.60700389105058	-7.12451361867704
			7.61089494163424	-7.12451361867704
			7.6147859922179	-7.12062256809339
			7.61867704280156	-7.11673151750973
			7.62256809338521	-7.11673151750973
			7.62645914396887	-7.11284046692607
			7.63035019455253	-7.10894941634241
			7.63424124513619	-7.10894941634241
			7.63813229571984	-7.10505836575876
			7.6420233463035	-7.10505836575876
			7.6420233463035	-7.1011673151751
			7.64591439688716	-7.1011673151751
			7.64980544747082	-7.1011673151751
			7.64980544747082	-7.09727626459144
			7.65369649805448	-7.09727626459144
			7.65758754863813	-7.09338521400778
			7.66147859922179	-7.08949416342412
			7.66536964980545	-7.08949416342412
			7.66926070038911	-7.08560311284047
			7.67315175097276	-7.08560311284047
			7.67704280155642	-7.08171206225681
			7.68093385214008	-7.07782101167315
			7.68482490272374	-7.07782101167315
			7.68871595330739	-7.07392996108949
			7.69260700389105	-7.07003891050584
			7.69649805447471	-7.07003891050584
			7.70038910505837	-7.06614785992218
			7.70428015564202	-7.06614785992218
			7.70817120622568	-7.06225680933852
			7.71206225680934	-7.05836575875486
			7.715953307393	-7.05836575875486
			7.71984435797665	-7.05447470817121
			7.72373540856031	-7.05058365758755
			7.72762645914397	-7.04669260700389
			7.73151750972763	-7.04669260700389
			7.73540856031128	-7.04280155642023
			7.73929961089494	-7.04280155642023
			7.7431906614786	-7.03891050583658
			7.74708171206226	-7.03501945525292
			7.75097276264591	-7.03501945525292
			7.75486381322957	-7.03112840466926
			7.75875486381323	-7.03112840466926
			7.75875486381323	-7.0272373540856
			7.76264591439689	-7.0272373540856
			7.76653696498054	-7.02334630350195
			7.7704280155642	-7.01945525291829
			7.77431906614786	-7.01556420233463
			7.77821011673152	-7.01556420233463
			7.78210116731517	-7.01167315175097
			7.78599221789883	-7.01167315175097
			7.78988326848249	-7.00778210116732
			7.79377431906615	-7.00389105058366
			7.79766536964981	-7.00389105058366
			7.80155642023346	-7
			7.80544747081712	-6.99610894941634
			7.80933852140078	-6.99610894941634
			7.80933852140078	-6.99221789883268
			7.81322957198444	-6.98832684824903
			7.81712062256809	-6.98832684824903
			7.82101167315175	-6.98443579766537
			7.82490272373541	-6.98054474708171
			7.82879377431907	-6.98054474708171
			7.83268482490272	-6.97665369649805
			7.83657587548638	-6.97665369649805
			7.84046692607004	-6.9727626459144
			7.8443579766537	-6.96887159533074
			7.84824902723735	-6.96887159533074
			7.84824902723735	-6.96498054474708
			7.85214007782101	-6.96108949416342
			7.85603112840467	-6.96108949416342
			7.85992217898833	-6.95719844357977
			7.86381322957198	-6.95330739299611
			7.86770428015564	-6.95330739299611
			7.8715953307393	-6.94941634241245
			7.87548638132296	-6.94552529182879
			7.87937743190662	-6.94552529182879
			7.87937743190662	-6.94163424124514
			7.88326848249027	-6.93774319066148
			7.88715953307393	-6.93774319066148
			7.89105058365759	-6.93385214007782
			7.89494163424125	-6.93385214007782
			7.8988326848249	-6.92996108949416
			7.90272373540856	-6.92607003891051
			7.90661478599222	-6.92607003891051
			7.91050583657588	-6.92217898832685
			7.91050583657588	-6.91828793774319
			7.91439688715953	-6.91828793774319
			7.91828793774319	-6.91439688715953
			7.92217898832685	-6.91050583657588
			7.92607003891051	-6.91050583657588
			7.92996108949416	-6.90661478599222
			7.93385214007782	-6.90272373540856
			7.93774319066148	-6.8988326848249
			7.94163424124514	-6.89494163424125
			7.94552529182879	-6.89105058365759
			7.94941634241245	-6.89105058365759
			7.95330739299611	-6.88715953307393
			7.95719844357977	-6.88326848249027
			7.96108949416342	-6.87937743190662
			7.96498054474708	-6.87548638132296
			7.96887159533074	-6.87548638132296
			7.9727626459144	-6.8715953307393
			7.97665369649805	-6.86770428015564
			7.98054474708171	-6.86381322957198
			7.98443579766537	-6.85992217898833
			7.98832684824903	-6.85992217898833
			7.99221789883268	-6.85603112840467
			7.99610894941634	-6.85603112840467
			7.99610894941634	-6.85214007782101
			8	-6.85214007782101
			8.00389105058366	-6.84824902723735
			8.00389105058366	-6.8443579766537
			8.00778210116732	-6.8443579766537
			8.01167315175097	-6.84046692607004
			8.01556420233463	-6.84046692607004
			8.01556420233463	-6.83657587548638
			8.01945525291829	-6.83268482490272
			8.02334630350195	-6.83268482490272
			8.02334630350195	-6.82879377431907
			8.0272373540856	-6.82879377431907
			8.03112840466926	-6.82490272373541
			8.03112840466926	-6.82101167315175
			8.03501945525292	-6.82101167315175
			8.03891050583658	-6.81712062256809
			8.04280155642023	-6.81712062256809
			8.04280155642023	-6.81322957198444
			8.04669260700389	-6.81322957198444
			8.05058365758755	-6.80933852140078
			8.05058365758755	-6.80544747081712
			8.05447470817121	-6.80544747081712
			8.05836575875486	-6.80155642023346
			8.06225680933852	-6.79766536964981
			8.06614785992218	-6.79377431906615
			8.07003891050584	-6.79377431906615
			8.07392996108949	-6.78988326848249
			8.07392996108949	-6.78599221789883
			8.07782101167315	-6.78210116731517
			8.08171206225681	-6.78210116731517
			8.08560311284047	-6.77821011673152
			8.08949416342412	-6.77431906614786
			8.09338521400778	-6.7704280155642
			8.09727626459144	-6.76653696498054
			8.1011673151751	-6.76264591439689
			8.10505836575875	-6.75875486381323
			8.10894941634241	-6.75486381322957
			8.11284046692607	-6.75486381322957
			8.11673151750973	-6.75097276264591
			8.12062256809338	-6.74708171206226
			8.12451361867704	-6.7431906614786
			8.1284046692607	-6.73929961089494
			8.13229571984436	-6.73540856031128
			8.13618677042802	-6.73151750972763
			8.14007782101167	-6.72762645914397
			8.14396887159533	-6.72762645914397
			8.14785992217899	-6.72373540856031
			8.15175097276265	-6.71984435797665
			8.1556420233463	-6.715953307393
			8.15953307392996	-6.71206225680934
			8.15953307392996	-6.70817120622568
			8.16342412451362	-6.70428015564202
			8.16731517509728	-6.70038910505837
			8.17120622568093	-6.69649805447471
			8.17509727626459	-6.69649805447471
			8.17898832684825	-6.69260700389105
			8.18287937743191	-6.68871595330739
			8.18677042801556	-6.68482490272374
			8.19066147859922	-6.68093385214008
			8.19455252918288	-6.67704280155642
			8.19844357976654	-6.67315175097276
			8.20233463035019	-6.66926070038911
			8.20622568093385	-6.66536964980545
			8.21011673151751	-6.66147859922179
			8.21400778210117	-6.65758754863813
			8.21789883268482	-6.65369649805448
			8.22178988326848	-6.64980544747082
			8.22568093385214	-6.64591439688716
			8.2295719844358	-6.6420233463035
			8.23346303501946	-6.63813229571984
			8.23735408560311	-6.63424124513619
			8.24124513618677	-6.63035019455253
			8.24513618677043	-6.62645914396887
			8.24902723735409	-6.62256809338521
			8.25291828793774	-6.61867704280156
			8.2568093385214	-6.6147859922179
			8.26070038910506	-6.61089494163424
			8.26459143968872	-6.60700389105058
			8.26848249027237	-6.60311284046693
			8.26848249027237	-6.59922178988327
			8.27237354085603	-6.59533073929961
			8.27626459143969	-6.59143968871595
			8.28015564202335	-6.5875486381323
			8.284046692607	-6.58365758754864
			8.28793774319066	-6.57976653696498
			8.29182879377432	-6.57587548638132
			8.29571984435798	-6.57198443579767
			8.29961089494163	-6.56809338521401
			8.30350194552529	-6.56420233463035
			8.30739299610895	-6.56031128404669
			8.31128404669261	-6.55642023346303
			8.31128404669261	-6.55252918287938
			8.31517509727627	-6.55252918287938
			8.31517509727627	-6.54863813229572
			8.31906614785992	-6.54474708171206
			8.32295719844358	-6.54474708171206
			8.32295719844358	-6.5408560311284
			8.32684824902724	-6.53696498054475
			8.3307392996109	-6.53307392996109
			8.33463035019455	-6.52918287937743
			8.33852140077821	-6.52529182879377
			8.33852140077821	-6.52140077821012
			8.34241245136187	-6.52140077821012
			8.34630350194553	-6.51750972762646
			8.34630350194553	-6.5136186770428
			8.35019455252918	-6.50972762645914
			8.35408560311284	-6.50583657587549
			8.3579766536965	-6.50194552529183
			8.3579766536965	-6.49805447470817
			8.36186770428016	-6.49805447470817
			8.36575875486381	-6.49416342412451
			8.36575875486381	-6.49027237354086
			8.36964980544747	-6.4863813229572
			8.37354085603113	-6.48249027237354
			8.37743190661479	-6.47859922178988
			8.38132295719844	-6.47470817120623
			8.3852140077821	-6.47081712062257
			8.38910505836576	-6.46692607003891
			8.39299610894942	-6.46303501945525
			8.39299610894942	-6.4591439688716
			8.39688715953307	-6.45525291828794
			8.40077821011673	-6.45136186770428
			8.40077821011673	-6.44747081712062
			8.40466926070039	-6.44747081712062
			8.40466926070039	-6.44357976653697
			8.40856031128405	-6.43968871595331
			8.4124513618677	-6.43579766536965
			8.41634241245136	-6.43190661478599
			8.42023346303502	-6.42801556420233
			8.42023346303502	-6.42412451361868
			8.42412451361868	-6.42023346303502
			8.42412451361868	-6.41634241245136
			8.42801556420233	-6.41634241245136
			8.42801556420233	-6.4124513618677
			8.43190661478599	-6.40856031128405
			8.43579766536965	-6.40466926070039
			8.43968871595331	-6.40077821011673
			8.43968871595331	-6.39688715953307
			8.44357976653697	-6.39299610894942
			8.44747081712062	-6.38910505836576
			8.44747081712062	-6.3852140077821
			8.45136186770428	-6.38132295719844
			8.45525291828794	-6.37743190661479
			8.4591439688716	-6.37743190661479
			8.4591439688716	-6.37354085603113
			8.46303501945525	-6.36964980544747
			8.46692607003891	-6.36575875486381
			8.46692607003891	-6.36186770428016
			8.47081712062257	-6.3579766536965
			8.47081712062257	-6.35408560311284
			8.47470817120623	-6.35019455252918
			8.47859922178988	-6.34630350194552
			8.47859922178988	-6.34241245136187
			8.47470817120623	-6.34241245136187
			8.47470817120623	-6.33852140077821
			8.47081712062257	-6.33463035019455
			8.46692607003891	-6.33073929961089
			8.46303501945525	-6.33073929961089
			8.46303501945525	-6.32684824902724
			8.4591439688716	-6.32295719844358
			8.45525291828794	-6.32295719844358
			8.45136186770428	-6.31906614785992
			8.44747081712062	-6.31517509727626
			8.44357976653697	-6.31517509727626
			8.43968871595331	-6.31128404669261
			8.43579766536965	-6.30739299610895
			8.43190661478599	-6.30739299610895
			8.42801556420233	-6.30350194552529
			8.42412451361868	-6.30350194552529
			8.42023346303502	-6.29961089494163
			8.41634241245136	-6.29961089494163
			8.4124513618677	-6.29571984435798
			8.40856031128405	-6.29571984435798
			8.40466926070039	-6.29571984435798
			8.40077821011673	-6.29182879377432
			8.39688715953307	-6.29182879377432
			8.39299610894942	-6.29182879377432
			8.38910505836576	-6.28793774319066
			8.3852140077821	-6.28793774319066
			8.38132295719844	-6.28793774319066
			8.37743190661479	-6.28793774319066
			8.37743190661479	-6.284046692607
			8.37354085603113	-6.284046692607
			8.36964980544747	-6.284046692607
			8.36575875486381	-6.28015564202335
			8.36186770428016	-6.28015564202335
			8.3579766536965	-6.28015564202335
			8.35408560311284	-6.28015564202335
			8.35019455252918	-6.27626459143969
			8.34630350194553	-6.27626459143969
			8.34241245136187	-6.27626459143969
			8.33852140077821	-6.27626459143969
			8.33463035019455	-6.27237354085603
			8.3307392996109	-6.27237354085603
			8.32684824902724	-6.27237354085603
			8.32295719844358	-6.27237354085603
			8.31906614785992	-6.27237354085603
			8.31517509727627	-6.26848249027237
			8.31128404669261	-6.26848249027237
			8.30739299610895	-6.26848249027237
			8.30350194552529	-6.26848249027237
			8.29961089494163	-6.26848249027237
			8.29571984435798	-6.26459143968872
			8.29182879377432	-6.26459143968872
			8.28793774319066	-6.26459143968872
			8.284046692607	-6.26459143968872
			8.28015564202335	-6.26459143968872
			8.27626459143969	-6.26459143968872
			8.27237354085603	-6.26070038910506
			8.26848249027237	-6.26070038910506
			8.26459143968872	-6.26070038910506
			8.26070038910506	-6.26070038910506
			8.2568093385214	-6.26070038910506
			8.25291828793774	-6.26070038910506
			8.24902723735409	-6.2568093385214
			8.24513618677043	-6.2568093385214
			8.24124513618677	-6.2568093385214
			8.23735408560311	-6.2568093385214
			8.23346303501946	-6.2568093385214
			8.2295719844358	-6.2568093385214
			8.22568093385214	-6.2568093385214
			8.22178988326848	-6.2568093385214
			8.21789883268482	-6.25291828793774
			8.21400778210117	-6.25291828793774
			8.21011673151751	-6.25291828793774
			8.20622568093385	-6.25291828793774
			8.20233463035019	-6.25291828793774
			8.19844357976654	-6.25291828793774
			8.19455252918288	-6.25291828793774
			8.19066147859922	-6.25291828793774
			8.18677042801556	-6.24902723735409
			8.18287937743191	-6.24902723735409
			8.17898832684825	-6.24902723735409
			8.17509727626459	-6.24902723735409
			8.17120622568093	-6.24902723735409
			8.16731517509728	-6.24902723735409
			8.16342412451362	-6.24902723735409
			8.15953307392996	-6.24902723735409
			8.1556420233463	-6.24902723735409
			8.15175097276265	-6.24902723735409
			8.14785992217899	-6.24902723735409
			8.14396887159533	-6.24513618677043
			8.14007782101167	-6.24513618677043
			8.13618677042802	-6.24513618677043
			8.13229571984436	-6.24513618677043
			8.1284046692607	-6.24513618677043
			8.12451361867704	-6.24513618677043
			8.12062256809338	-6.24513618677043
			8.11673151750973	-6.24513618677043
			8.11284046692607	-6.24513618677043
			8.10894941634241	-6.24513618677043
			8.10505836575875	-6.24513618677043
			8.1011673151751	-6.24513618677043
			8.09727626459144	-6.24513618677043
			8.09727626459144	-6.24124513618677
			8.09338521400778	-6.24124513618677
			8.08949416342412	-6.24124513618677
			8.08560311284047	-6.24124513618677
			8.08171206225681	-6.24124513618677
			8.07782101167315	-6.24124513618677
			8.07392996108949	-6.24124513618677
			8.07003891050584	-6.24124513618677
			8.06614785992218	-6.24124513618677
			8.06225680933852	-6.24124513618677
			8.05836575875486	-6.24124513618677
			8.05447470817121	-6.24124513618677
			8.05058365758755	-6.24124513618677
			8.04669260700389	-6.24124513618677
			8.04280155642023	-6.24124513618677
			8.03891050583658	-6.24124513618677
			8.03501945525292	-6.24124513618677
			8.03112840466926	-6.24124513618677
			8.0272373540856	-6.23735408560311
			8.02334630350195	-6.23735408560311
			8.01945525291829	-6.23735408560311
			8.01556420233463	-6.23735408560311
			8.01167315175097	-6.23735408560311
			8.00778210116732	-6.23735408560311
			8.00389105058366	-6.23735408560311
			8	-6.23735408560311
			7.99610894941634	-6.23735408560311
			7.99221789883268	-6.23735408560311
			7.98832684824903	-6.23735408560311
			7.98443579766537	-6.23735408560311
			7.98054474708171	-6.23735408560311
			7.97665369649805	-6.23735408560311
			7.9727626459144	-6.23735408560311
			7.96887159533074	-6.23735408560311
			7.96498054474708	-6.23735408560311
			7.96108949416342	-6.23735408560311
			7.95719844357977	-6.23735408560311
			7.95330739299611	-6.23735408560311
			7.94941634241245	-6.23735408560311
			7.94552529182879	-6.23735408560311
			7.94163424124514	-6.23735408560311
			7.93774319066148	-6.23735408560311
			7.93385214007782	-6.23735408560311
			7.92996108949416	-6.23735408560311
			7.92607003891051	-6.23735408560311
			7.92217898832685	-6.23735408560311
			7.91828793774319	-6.23346303501946
			7.91439688715953	-6.23346303501946
			7.91050583657588	-6.23346303501946
			7.90661478599222	-6.23346303501946
			7.90272373540856	-6.23346303501946
			7.8988326848249	-6.23346303501946
			7.89494163424125	-6.23346303501946
			7.89105058365759	-6.23346303501946
			7.88715953307393	-6.23346303501946
			7.88326848249027	-6.23346303501946
			7.87937743190662	-6.23346303501946
			7.87548638132296	-6.23346303501946
			7.8715953307393	-6.23346303501946
			7.86770428015564	-6.23346303501946
			7.86381322957198	-6.23346303501946
			7.85992217898833	-6.23346303501946
			7.85603112840467	-6.23346303501946
			7.85214007782101	-6.23346303501946
			7.84824902723735	-6.23346303501946
			7.8443579766537	-6.23346303501946
			7.84046692607004	-6.23346303501946
			7.83657587548638	-6.23346303501946
			7.83268482490272	-6.23346303501946
			7.82879377431907	-6.23346303501946
			7.82490272373541	-6.23346303501946
			7.82101167315175	-6.23346303501946
			7.81712062256809	-6.23346303501946
			7.81322957198444	-6.23346303501946
			7.80933852140078	-6.23346303501946
			7.80544747081712	-6.23346303501946
			7.80155642023346	-6.23346303501946
			7.79766536964981	-6.23346303501946
			7.79377431906615	-6.23346303501946
			7.78988326848249	-6.23346303501946
			7.78599221789883	-6.23346303501946
			7.78210116731517	-6.23346303501946
			7.77821011673152	-6.23346303501946
			7.77431906614786	-6.23346303501946
			7.7704280155642	-6.23346303501946
			7.76653696498054	-6.23346303501946
			7.76264591439689	-6.23346303501946
			7.75875486381323	-6.23346303501946
			7.75486381322957	-6.23346303501946
			7.75097276264591	-6.23346303501946
			7.74708171206226	-6.23346303501946
			7.7431906614786	-6.23346303501946
			7.73929961089494	-6.23346303501946
			7.73540856031128	-6.23346303501946
			7.73151750972763	-6.23346303501946
			7.72762645914397	-6.23346303501946
			7.72373540856031	-6.23346303501946
			7.71984435797665	-6.23346303501946
			7.715953307393	-6.23346303501946
			7.71206225680934	-6.23346303501946
			7.70817120622568	-6.23346303501946
			7.70428015564202	-6.23346303501946
			7.70038910505837	-6.23346303501946
			7.69649805447471	-6.23346303501946
			7.69260700389105	-6.23346303501946
			7.68871595330739	-6.23346303501946
			7.68482490272374	-6.23346303501946
			7.68093385214008	-6.23346303501946
			7.67704280155642	-6.23346303501946
			7.67315175097276	-6.23346303501946
			7.66926070038911	-6.23346303501946
			7.66536964980545	-6.23346303501946
			7.66147859922179	-6.23346303501946
			7.65758754863813	-6.23346303501946
			7.65369649805448	-6.23346303501946
			7.64980544747082	-6.23346303501946
			7.64591439688716	-6.23346303501946
			7.6420233463035	-6.23346303501946
			7.63813229571984	-6.23346303501946
			7.63424124513619	-6.23346303501946
			7.63035019455253	-6.23346303501946
			7.62645914396887	-6.23346303501946
			7.62256809338521	-6.23346303501946
			7.61867704280156	-6.23346303501946
			7.6147859922179	-6.23346303501946
			7.61089494163424	-6.23346303501946
			7.60700389105058	-6.23346303501946
			7.60311284046693	-6.23346303501946
			7.59922178988327	-6.23346303501946
			7.59533073929961	-6.23735408560311
			7.59143968871595	-6.23735408560311
			7.5875486381323	-6.23735408560311
			7.58365758754864	-6.23735408560311
			7.57976653696498	-6.23735408560311
			7.57587548638132	-6.23735408560311
			7.57198443579767	-6.23735408560311
			7.56809338521401	-6.23735408560311
			7.56420233463035	-6.23735408560311
			7.56031128404669	-6.23735408560311
			7.55642023346303	-6.23735408560311
			7.55252918287938	-6.23735408560311
			7.54863813229572	-6.23735408560311
			7.54474708171206	-6.23735408560311
			7.5408560311284	-6.23735408560311
			7.53696498054475	-6.23735408560311
			7.53307392996109	-6.23735408560311
			7.52918287937743	-6.23735408560311
			7.52529182879377	-6.23735408560311
			7.52140077821012	-6.23735408560311
			7.51750972762646	-6.23735408560311
			7.5136186770428	-6.23735408560311
			7.50972762645914	-6.23735408560311
			7.50583657587549	-6.23735408560311
			7.50194552529183	-6.23735408560311
			7.49805447470817	-6.23735408560311
			7.49416342412451	-6.23735408560311
			7.49027237354086	-6.23735408560311
			7.4863813229572	-6.23735408560311
			7.48249027237354	-6.23735408560311
			7.47859922178988	-6.23735408560311
			7.47470817120623	-6.23735408560311
			7.47081712062257	-6.23735408560311
			7.46692607003891	-6.23735408560311
			7.46303501945525	-6.23735408560311
			7.4591439688716	-6.23735408560311
			7.45525291828794	-6.23735408560311
			7.45136186770428	-6.23735408560311
			7.44747081712062	-6.24124513618677
			7.44357976653697	-6.24124513618677
			7.43968871595331	-6.24124513618677
			7.43579766536965	-6.24124513618677
			7.43190661478599	-6.24124513618677
			7.42801556420233	-6.24124513618677
			7.42412451361868	-6.24124513618677
			7.42023346303502	-6.24124513618677
			7.41634241245136	-6.24124513618677
			7.4124513618677	-6.24124513618677
			7.40856031128405	-6.24124513618677
			7.40466926070039	-6.24124513618677
			7.40077821011673	-6.24124513618677
			7.39688715953307	-6.24124513618677
			7.39299610894942	-6.24124513618677
			7.38910505836576	-6.24124513618677
			7.3852140077821	-6.24124513618677
			7.38132295719844	-6.24124513618677
			7.37743190661479	-6.24124513618677
			7.37354085603113	-6.24124513618677
			7.36964980544747	-6.24124513618677
			7.36575875486381	-6.24124513618677
			7.36186770428016	-6.24124513618677
			7.3579766536965	-6.24124513618677
			7.35408560311284	-6.24124513618677
			7.35019455252918	-6.24124513618677
			7.34630350194553	-6.24124513618677
			7.34241245136187	-6.24513618677043
			7.33852140077821	-6.24513618677043
			7.33463035019455	-6.24513618677043
			7.33073929961089	-6.24513618677043
			7.32684824902724	-6.24513618677043
			7.32295719844358	-6.24513618677043
			7.31906614785992	-6.24513618677043
			7.31517509727626	-6.24513618677043
			7.31128404669261	-6.24513618677043
			7.30739299610895	-6.24513618677043
			7.30350194552529	-6.24513618677043
			7.29961089494163	-6.24513618677043
			7.29571984435798	-6.24513618677043
			7.29182879377432	-6.24513618677043
			7.28793774319066	-6.24513618677043
			7.284046692607	-6.24513618677043
			7.28015564202335	-6.24513618677043
			7.27626459143969	-6.24513618677043
			7.27237354085603	-6.24513618677043
			7.26848249027237	-6.24513618677043
			7.26459143968872	-6.24513618677043
			7.26070038910506	-6.24513618677043
			7.2568093385214	-6.24513618677043
			7.25291828793774	-6.24902723735409
			7.24902723735409	-6.24902723735409
			7.24513618677043	-6.24902723735409
			7.24124513618677	-6.24902723735409
			7.23735408560311	-6.24902723735409
			7.23346303501946	-6.24902723735409
			7.2295719844358	-6.24902723735409
			7.22568093385214	-6.24902723735409
			7.22178988326848	-6.24902723735409
			7.21789883268483	-6.24902723735409
			7.21400778210117	-6.24902723735409
			7.21011673151751	-6.24902723735409
			7.20622568093385	-6.24902723735409
			7.20233463035019	-6.24902723735409
			7.19844357976654	-6.24902723735409
			7.19455252918288	-6.24902723735409
			7.19066147859922	-6.24902723735409
			7.18677042801556	-6.24902723735409
			7.18287937743191	-6.24902723735409
			7.17898832684825	-6.24902723735409
			7.17509727626459	-6.24902723735409
			7.17120622568093	-6.25291828793774
			7.16731517509728	-6.25291828793774
			7.16342412451362	-6.25291828793774
			7.15953307392996	-6.25291828793774
			7.1556420233463	-6.25291828793774
			7.15175097276265	-6.25291828793774
			7.14785992217899	-6.25291828793774
			7.14396887159533	-6.25291828793774
			7.14007782101167	-6.25291828793774
			7.13618677042802	-6.25291828793774
			7.13229571984436	-6.25291828793774
			7.1284046692607	-6.25291828793774
			7.12451361867704	-6.25291828793774
			7.12062256809339	-6.25291828793774
			7.11673151750973	-6.25291828793774
			7.11284046692607	-6.25291828793774
			7.10894941634241	-6.25291828793774
			7.10505836575876	-6.25291828793774
			7.1011673151751	-6.25291828793774
			7.09727626459144	-6.2568093385214
			7.09338521400778	-6.2568093385214
			7.08949416342412	-6.2568093385214
			7.08560311284047	-6.2568093385214
			7.08171206225681	-6.2568093385214
			7.07782101167315	-6.2568093385214
			7.07392996108949	-6.2568093385214
			7.07003891050584	-6.2568093385214
			7.06614785992218	-6.2568093385214
			7.06225680933852	-6.2568093385214
			7.05836575875486	-6.2568093385214
			7.05447470817121	-6.2568093385214
			7.05058365758755	-6.2568093385214
			7.04669260700389	-6.2568093385214
			7.04280155642023	-6.2568093385214
			7.03891050583658	-6.2568093385214
			7.03501945525292	-6.2568093385214
			7.03112840466926	-6.2568093385214
			7.0272373540856	-6.26070038910506
			7.02334630350195	-6.26070038910506
			7.01945525291829	-6.26070038910506
			7.01556420233463	-6.26070038910506
			7.01167315175097	-6.26070038910506
			7.00778210116732	-6.26070038910506
			7.00389105058366	-6.26070038910506
			7	-6.26070038910506
			6.99610894941634	-6.26070038910506
			6.99221789883268	-6.26070038910506
			6.98832684824903	-6.26070038910506
			6.98443579766537	-6.26070038910506
			6.98054474708171	-6.26070038910506
			6.97665369649805	-6.26070038910506
			6.9727626459144	-6.26070038910506
			6.96887159533074	-6.26070038910506
			6.96498054474708	-6.26070038910506
			6.96108949416342	-6.26459143968872
			6.95719844357977	-6.26459143968872
			6.95330739299611	-6.26459143968872
			6.94941634241245	-6.26459143968872
			6.94552529182879	-6.26459143968872
			6.94163424124514	-6.26459143968872
			6.93774319066148	-6.26459143968872
			6.93385214007782	-6.26459143968872
			6.92996108949416	-6.26459143968872
			6.92607003891051	-6.26459143968872
			6.92217898832685	-6.26459143968872
			6.91828793774319	-6.26459143968872
			6.91439688715953	-6.26459143968872
			6.91050583657588	-6.26459143968872
			6.90661478599222	-6.26459143968872
			6.90272373540856	-6.26459143968872
			6.8988326848249	-6.26848249027237
			6.89494163424125	-6.26848249027237
			6.89105058365759	-6.26848249027237
			6.88715953307393	-6.26848249027237
			6.88326848249027	-6.26848249027237
			6.87937743190662	-6.26848249027237
			6.87548638132296	-6.26848249027237
			6.8715953307393	-6.26848249027237
			6.86770428015564	-6.26848249027237
			6.86381322957198	-6.26848249027237
			6.85992217898833	-6.26848249027237
			6.85603112840467	-6.26848249027237
			6.85214007782101	-6.26848249027237
			6.84824902723735	-6.26848249027237
			6.8443579766537	-6.26848249027237
			6.84046692607004	-6.27237354085603
			6.83657587548638	-6.27237354085603
			6.83268482490272	-6.27237354085603
			6.82879377431907	-6.27237354085603
			6.82490272373541	-6.27237354085603
			6.82101167315175	-6.27237354085603
			6.81712062256809	-6.27237354085603
			6.81322957198444	-6.27237354085603
			6.80933852140078	-6.27237354085603
			6.80544747081712	-6.27237354085603
			6.80155642023346	-6.27237354085603
			6.79766536964981	-6.27237354085603
			6.79377431906615	-6.27237354085603
			6.78988326848249	-6.27237354085603
			6.78599221789883	-6.27237354085603
			6.78210116731517	-6.27626459143969
			6.77821011673152	-6.27626459143969
			6.77431906614786	-6.27626459143969
			6.7704280155642	-6.27626459143969
			6.76653696498054	-6.27626459143969
			6.76264591439689	-6.27626459143969
			6.75875486381323	-6.27626459143969
			6.75486381322957	-6.27626459143969
			6.75097276264591	-6.27626459143969
			6.74708171206226	-6.27626459143969
			6.7431906614786	-6.27626459143969
			6.73929961089494	-6.27626459143969
			6.73540856031128	-6.27626459143969
			6.73151750972763	-6.27626459143969
			6.72762645914397	-6.27626459143969
			6.72373540856031	-6.28015564202335
			6.71984435797665	-6.28015564202335
			6.715953307393	-6.28015564202335
			6.71206225680934	-6.28015564202335
			6.70817120622568	-6.28015564202335
			6.70428015564202	-6.28015564202335
			6.70038910505837	-6.28015564202335
			6.69649805447471	-6.28015564202335
			6.69260700389105	-6.28015564202335
			6.68871595330739	-6.28015564202335
			6.68482490272374	-6.28015564202335
			6.68093385214008	-6.28015564202335
			6.67704280155642	-6.28015564202335
			6.67315175097276	-6.28015564202335
			6.66926070038911	-6.284046692607
			6.66536964980545	-6.284046692607
			6.66147859922179	-6.284046692607
			6.65758754863813	-6.284046692607
			6.65369649805448	-6.284046692607
			6.64980544747082	-6.284046692607
			6.64591439688716	-6.284046692607
			6.6420233463035	-6.284046692607
			6.63813229571984	-6.284046692607
			6.63424124513619	-6.284046692607
			6.63035019455253	-6.284046692607
			6.62645914396887	-6.284046692607
			6.62256809338521	-6.284046692607
			6.61867704280156	-6.284046692607
			6.61867704280156	-6.28793774319066
			6.6147859922179	-6.28793774319066
			6.61089494163424	-6.28793774319066
			6.60700389105058	-6.28793774319066
			6.60311284046693	-6.28793774319066
			6.59922178988327	-6.28793774319066
			6.59533073929961	-6.28793774319066
			6.59143968871595	-6.28793774319066
			6.5875486381323	-6.28793774319066
			6.58365758754864	-6.28793774319066
			6.57976653696498	-6.28793774319066
			6.57587548638132	-6.28793774319066
			6.57198443579767	-6.28793774319066
			6.56809338521401	-6.28793774319066
			6.56420233463035	-6.29182879377432
			6.56031128404669	-6.29182879377432
			6.55642023346303	-6.29182879377432
			6.55252918287938	-6.29182879377432
			6.54863813229572	-6.29182879377432
			6.54474708171206	-6.29182879377432
			6.5408560311284	-6.29182879377432
			6.53696498054475	-6.29182879377432
			6.53307392996109	-6.29182879377432
			6.52918287937743	-6.29182879377432
			6.52529182879377	-6.29182879377432
			6.52140077821012	-6.29182879377432
			6.51750972762646	-6.29182879377432
			6.5136186770428	-6.29571984435798
			6.50972762645914	-6.29571984435798
			6.50583657587549	-6.29571984435798
			6.50194552529183	-6.29571984435798
			6.49805447470817	-6.29571984435798
			6.49416342412451	-6.29571984435798
			6.49027237354086	-6.29571984435798
			6.4863813229572	-6.29571984435798
			6.48249027237354	-6.29571984435798
			6.47859922178988	-6.29571984435798
			6.47470817120623	-6.29571984435798
			6.47081712062257	-6.29571984435798
			6.46692607003891	-6.29571984435798
			6.46303501945525	-6.29961089494163
			6.4591439688716	-6.29961089494163
			6.45525291828794	-6.29961089494163
			6.45136186770428	-6.29961089494163
			6.44747081712062	-6.29961089494163
			6.44357976653697	-6.29961089494163
			6.43968871595331	-6.29961089494163
			6.43579766536965	-6.29961089494163
			6.43190661478599	-6.29961089494163
			6.42801556420233	-6.29961089494163
			6.42412451361868	-6.29961089494163
			6.42023346303502	-6.29961089494163
			6.41634241245136	-6.29961089494163
			6.4124513618677	-6.30350194552529
			6.40856031128405	-6.30350194552529
			6.40466926070039	-6.30350194552529
			6.40077821011673	-6.30350194552529
			6.39688715953307	-6.30350194552529
			6.39299610894942	-6.30350194552529
			6.38910505836576	-6.30350194552529
			6.3852140077821	-6.30350194552529
			6.38132295719844	-6.30350194552529
			6.37743190661479	-6.30350194552529
			6.37354085603113	-6.30350194552529
			6.36964980544747	-6.30350194552529
			6.36575875486381	-6.30739299610895
			6.36186770428016	-6.30739299610895
			6.3579766536965	-6.30739299610895
			6.35408560311284	-6.30739299610895
			6.35019455252918	-6.30739299610895
			6.34630350194552	-6.30739299610895
			6.34241245136187	-6.30739299610895
			6.33852140077821	-6.30739299610895
			6.33463035019455	-6.30739299610895
			6.33073929961089	-6.30739299610895
			6.32684824902724	-6.30739299610895
			6.32295719844358	-6.30739299610895
			6.31906614785992	-6.30739299610895
			6.31517509727626	-6.31128404669261
			6.31128404669261	-6.31128404669261
			6.30739299610895	-6.31128404669261
			6.30350194552529	-6.31128404669261
			6.29961089494163	-6.31128404669261
			6.29571984435798	-6.31128404669261
		</margin>
	</curves.scaled>
	<ruler.points type=matrix rownames=TRUE colnames=FALSE nrow=2 ncol=2 as.numeric=TRUE >
		Ruler point 1	144	139
		Ruler point 2	401	139
	</ruler.points>
</shapes>

