<shapes type=list>
	<ruler.pixel type=vector names=FALSE length=1 as.numeric=TRUE >388.001288657654</ruler.pixel>
	<ruler.interval type=vector names=FALSE length=1 as.numeric=TRUE >1</ruler.interval>
	<scaling.units type=vector names=FALSE length=1 as.numeric=FALSE >cm</scaling.units>
	<scaling type=vector names=FALSE length=1 as.numeric=TRUE >0.00257731102765056</scaling>
	<landmarks.pixel type=matrix rownames=TRUE colnames=FALSE nrow=7 ncol=2 as.numeric=TRUE >
		LM1	577	108
		LM2	577	793
		LM3	577	816
		LM4	577	850
		LM5	755	171
		LM6	961	423
		LM7	970	497
	</landmarks.pixel>
	<landmarks.scaled type=matrix rownames=TRUE colnames=FALSE nrow=7 ncol=2 as.numeric=TRUE >
		LM1	1.48710846295437	-0.278349590986261
		LM2	1.48710846295437	-2.0438076449269
		LM3	1.48710846295437	-2.10308579856286
		LM4	1.48710846295437	-2.19071437350298
		LM5	1.94586982587617	-0.440720185728246
		LM6	2.47679589757219	-1.09020256469619
		LM7	2.49999169682105	-1.28092358074233
	</landmarks.scaled>
	<curves.control type=list>
		<axis type=matrix rownames=FALSE colnames=FALSE nrow=9 ncol=2 as.numeric=TRUE >
			577	108
			662	133
			726	185
			746	288
			708	443
			692	557
			662	700
			609	811
			577	793
		</axis>
		<border type=matrix rownames=FALSE colnames=FALSE nrow=7 ncol=2 as.numeric=TRUE >
			577	816
			654	821
			762	767
			851	674
			889	614
			937	533
			961	423
		</border>
		<margin type=matrix rownames=FALSE colnames=FALSE nrow=11 ncol=2 as.numeric=TRUE >
			577	850
			690	847
			784	789
			869	716
			921	624
			980	521
			998	431
			963	366
			929	318
			903	227
			755	171
		</margin>
	</curves.control>
	<curves.pixel type=list>
		<axis type=matrix rownames=FALSE colnames=FALSE nrow=800 ncol=2 as.numeric=TRUE >
			577	108
			578	108
			579	108
			579	109
			580	109
			581	109
			582	109
			583	110
			584	110
			585	110
			586	111
			587	111
			588	111
			589	112
			590	112
			591	112
			592	113
			593	113
			594	113
			595	114
			596	114
			597	114
			598	115
			599	115
			600	115
			601	116
			602	116
			603	116
			603	117
			604	117
			605	117
			606	118
			607	118
			608	118
			609	119
			610	119
			611	119
			612	120
			613	120
			614	120
			615	121
			616	121
			617	122
			618	122
			619	123
			620	123
			621	123
			622	124
			623	124
			624	125
			625	125
			626	125
			627	126
			628	126
			629	127
			630	127
			631	128
			632	128
			633	128
			634	129
			635	129
			636	130
			637	130
			638	130
			638	131
			639	131
			640	132
			641	132
			642	133
			643	133
			644	133
			645	134
			646	134
			647	135
			648	135
			649	136
			650	137
			651	137
			652	137
			653	138
			654	138
			655	139
			656	139
			657	140
			658	140
			658	141
			659	141
			660	141
			661	142
			662	142
			662	143
			663	143
			664	144
			665	144
			666	145
			667	145
			668	146
			669	146
			670	147
			671	147
			672	148
			673	149
			674	149
			675	150
			676	150
			676	151
			677	151
			678	151
			678	152
			679	152
			680	153
			681	153
			682	154
			683	155
			684	155
			685	156
			686	156
			686	157
			687	157
			688	158
			689	158
			690	159
			691	160
			692	160
			693	161
			694	161
			695	162
			695	163
			696	163
			697	164
			698	164
			699	165
			700	166
			701	166
			702	167
			703	167
			703	168
			704	169
			705	169
			706	170
			707	170
			708	171
			709	172
			710	172
			710	173
			711	174
			712	174
			713	175
			714	175
			715	176
			716	177
			717	178
			718	179
			719	180
			720	180
			721	181
			722	182
			723	183
			724	184
			725	184
			726	185
			726	186
			726	187
			727	188
			727	189
			727	190
			727	191
			727	192
			727	193
			728	194
			728	195
			728	196
			728	197
			728	198
			728	199
			729	200
			729	201
			729	202
			729	203
			729	204
			729	205
			729	206
			730	207
			730	208
			730	209
			730	210
			730	211
			730	212
			730	213
			730	214
			731	215
			731	216
			731	217
			731	218
			731	219
			731	220
			731	221
			731	222
			731	223
			731	224
			731	225
			731	226
			732	227
			732	228
			732	229
			732	230
			732	231
			732	232
			732	233
			732	234
			732	235
			732	236
			732	237
			732	238
			732	239
			732	240
			732	241
			732	242
			733	243
			733	244
			733	245
			733	246
			733	247
			733	248
			733	249
			733	250
			733	251
			733	252
			733	253
			733	254
			733	255
			733	256
			733	257
			733	258
			733	259
			733	260
			733	261
			733	262
			733	263
			733	264
			733	265
			733	266
			733	267
			733	268
			733	269
			733	270
			733	271
			733	272
			733	273
			733	274
			733	275
			733	276
			733	277
			733	278
			733	279
			733	280
			733	281
			733	282
			732	283
			732	284
			732	285
			732	286
			732	287
			732	288
			732	289
			732	290
			732	291
			732	292
			732	293
			732	294
			732	295
			732	296
			732	297
			732	298
			732	299
			732	300
			732	301
			731	302
			731	303
			731	304
			731	305
			731	306
			731	307
			731	308
			731	309
			731	310
			731	311
			731	312
			731	313
			730	314
			730	315
			730	316
			730	317
			730	318
			730	319
			730	320
			730	321
			730	322
			730	323
			729	324
			729	325
			729	326
			729	327
			729	328
			729	329
			729	330
			729	331
			729	332
			728	333
			728	334
			728	335
			728	336
			728	337
			728	338
			728	339
			728	340
			727	341
			727	342
			727	343
			727	344
			727	345
			727	346
			727	347
			726	348
			726	349
			726	350
			726	351
			726	352
			726	353
			726	354
			726	355
			725	355
			725	356
			725	357
			725	358
			725	359
			725	360
			725	361
			724	362
			724	363
			724	364
			724	365
			724	366
			724	367
			724	368
			723	369
			723	370
			723	371
			723	372
			723	373
			722	374
			722	375
			722	376
			722	377
			722	378
			722	379
			721	380
			721	381
			721	382
			721	383
			721	384
			720	385
			720	386
			720	387
			720	388
			720	389
			720	390
			719	391
			719	392
			719	393
			719	394
			719	395
			718	396
			718	397
			718	398
			718	399
			718	400
			717	401
			717	402
			717	403
			717	404
			717	405
			716	406
			716	407
			716	408
			716	409
			716	410
			715	411
			715	412
			715	413
			715	414
			714	415
			714	416
			714	417
			714	418
			714	419
			713	420
			713	421
			713	422
			713	423
			712	424
			712	425
			712	426
			712	427
			712	428
			711	429
			711	430
			711	431
			711	432
			710	433
			710	434
			710	435
			710	436
			709	437
			709	438
			709	439
			709	440
			708	441
			708	442
			708	443
			708	444
			708	445
			708	446
			707	447
			707	448
			707	449
			707	450
			707	451
			707	452
			707	453
			706	454
			706	455
			706	456
			706	457
			706	458
			706	459
			706	460
			705	461
			705	462
			705	463
			705	464
			705	465
			705	466
			705	467
			704	468
			704	469
			704	470
			704	471
			704	472
			704	473
			703	474
			703	475
			703	476
			703	477
			703	478
			703	479
			703	480
			702	481
			702	482
			702	483
			702	484
			702	485
			702	486
			702	487
			701	488
			701	489
			701	490
			701	491
			701	492
			701	493
			700	494
			700	495
			700	496
			700	497
			700	498
			700	499
			699	500
			699	501
			699	502
			699	503
			699	504
			699	505
			698	506
			698	507
			698	508
			698	509
			698	510
			698	511
			697	512
			697	513
			697	514
			697	515
			697	516
			697	517
			696	518
			696	519
			696	520
			696	521
			696	522
			696	523
			695	524
			695	525
			695	526
			695	527
			695	528
			695	529
			694	530
			694	531
			694	532
			694	533
			694	534
			694	535
			693	536
			693	537
			693	538
			693	539
			693	540
			693	541
			692	542
			692	543
			692	544
			692	545
			692	546
			692	547
			691	548
			691	549
			691	550
			691	551
			691	552
			691	553
			690	554
			690	555
			690	556
			690	557
			690	558
			689	559
			689	560
			689	561
			689	562
			689	563
			689	564
			688	565
			688	566
			688	567
			688	568
			688	569
			688	570
			687	570
			687	571
			687	572
			687	573
			687	574
			686	575
			686	576
			686	577
			686	578
			686	579
			686	580
			685	581
			685	582
			685	583
			685	584
			685	585
			685	586
			684	587
			684	588
			684	589
			684	590
			684	591
			683	592
			683	593
			683	594
			683	595
			683	596
			683	597
			682	598
			682	599
			682	600
			682	601
			682	602
			681	603
			681	604
			681	605
			681	606
			681	607
			680	608
			680	609
			680	610
			680	611
			680	612
			680	613
			679	614
			679	615
			679	616
			679	617
			679	618
			678	619
			678	620
			678	621
			678	622
			678	623
			677	624
			677	625
			677	626
			677	627
			677	628
			676	629
			676	630
			676	631
			676	632
			676	633
			675	634
			675	635
			675	636
			675	637
			675	638
			674	639
			674	640
			674	641
			674	642
			674	643
			673	644
			673	645
			673	646
			673	647
			673	648
			672	649
			672	650
			672	651
			672	652
			672	653
			671	654
			671	655
			671	656
			671	657
			671	658
			670	659
			670	660
			670	661
			670	662
			670	663
			669	664
			669	665
			669	666
			669	667
			669	668
			668	669
			668	670
			668	671
			668	672
			668	673
			667	674
			667	675
			667	676
			667	677
			667	678
			666	679
			666	680
			666	681
			666	682
			666	683
			665	684
			665	685
			665	686
			665	687
			665	688
			664	689
			664	690
			664	691
			664	692
			663	693
			663	694
			663	695
			663	696
			663	697
			662	698
			662	699
			662	700
			662	701
			661	701
			661	702
			661	703
			660	704
			660	705
			659	706
			659	707
			658	707
			658	708
			658	709
			657	710
			657	711
			656	712
			655	713
			655	714
			655	715
			654	716
			654	717
			653	718
			652	719
			652	720
			651	721
			651	722
			650	723
			650	724
			649	725
			649	726
			648	727
			648	728
			647	729
			647	730
			646	731
			646	732
			645	732
			645	733
			644	734
			644	735
			643	736
			643	737
			642	738
			642	739
			641	740
			640	741
			640	742
			639	743
			639	744
			638	745
			638	746
			637	747
			636	748
			636	749
			635	750
			635	751
			634	752
			634	753
			633	754
			632	754
			632	755
			631	756
			631	757
			630	758
			630	759
			629	760
			628	761
			627	762
			627	763
			626	764
			625	765
			625	766
			624	767
			623	768
			622	769
			621	770
			621	771
			620	772
			619	773
			618	774
			618	775
			617	776
			616	777
			615	777
			615	778
			614	779
			613	780
			612	781
			611	782
			610	783
			609	784
			608	785
			607	786
			606	787
			605	788
			604	789
			603	789
			602	790
			601	791
			600	791
			599	792
			598	792
			597	793
			596	793
			595	794
			594	794
			593	794
			592	795
			591	795
			590	795
			589	795
			588	795
			587	796
			586	796
			586	795
			585	795
			584	795
			583	795
			582	795
			581	795
			580	794
			579	794
			578	794
			577	793
		</axis>
		<border type=matrix rownames=FALSE colnames=FALSE nrow=548 ncol=2 as.numeric=TRUE >
			577	816
			578	816
			579	816
			580	816
			581	816
			582	816
			583	816
			584	816
			585	816
			586	816
			587	816
			588	816
			589	816
			590	816
			591	816
			592	816
			593	816
			594	816
			595	816
			596	816
			597	816
			598	816
			599	816
			600	816
			601	816
			602	816
			603	816
			604	816
			605	816
			606	816
			607	816
			608	816
			609	816
			610	816
			611	815
			612	815
			613	815
			614	815
			615	815
			616	815
			617	815
			618	815
			619	815
			620	815
			621	814
			622	814
			623	814
			624	814
			625	814
			626	814
			627	814
			628	813
			629	813
			630	813
			631	813
			632	813
			633	813
			634	812
			635	812
			636	812
			637	812
			638	812
			639	811
			640	811
			641	811
			642	811
			643	811
			644	810
			645	810
			646	810
			647	810
			648	810
			649	809
			650	809
			651	809
			652	809
			653	808
			654	808
			655	808
			656	808
			657	807
			658	807
			659	807
			660	807
			661	806
			662	806
			663	806
			664	806
			665	805
			666	805
			667	805
			668	805
			668	804
			669	804
			670	804
			671	804
			672	803
			673	803
			674	803
			675	802
			676	802
			677	802
			678	802
			679	801
			680	801
			681	801
			681	800
			682	800
			683	800
			684	800
			685	799
			686	799
			687	799
			688	798
			689	798
			690	798
			691	797
			692	797
			693	797
			694	796
			695	796
			696	795
			697	795
			698	795
			699	794
			700	794
			701	794
			702	793
			703	793
			704	792
			705	792
			706	792
			707	791
			708	791
			709	791
			710	790
			711	790
			712	789
			713	789
			714	789
			715	788
			716	788
			717	787
			718	787
			719	787
			720	786
			721	786
			722	785
			723	785
			724	785
			725	784
			726	784
			727	783
			728	783
			729	782
			730	782
			731	782
			731	781
			732	781
			733	781
			734	780
			735	780
			736	779
			737	779
			738	779
			739	778
			740	778
			741	777
			742	777
			742	776
			743	776
			744	776
			745	775
			746	775
			747	774
			748	774
			749	773
			750	773
			751	773
			752	772
			753	772
			753	771
			754	771
			755	770
			756	770
			757	769
			758	769
			759	768
			760	768
			761	768
			762	767
			763	766
			764	765
			765	764
			766	763
			767	762
			768	761
			769	760
			770	759
			770	758
			771	757
			772	756
			773	755
			774	754
			775	753
			776	752
			777	751
			778	751
			778	750
			779	749
			780	748
			781	747
			782	746
			783	745
			784	744
			785	743
			785	742
			786	741
			787	740
			788	739
			789	739
			790	738
			790	737
			791	736
			792	735
			793	734
			794	733
			795	732
			795	731
			796	730
			797	729
			798	729
			799	728
			799	727
			800	726
			801	725
			802	724
			803	723
			803	722
			804	722
			805	721
			806	720
			807	719
			807	718
			808	717
			809	716
			810	715
			811	714
			812	713
			813	712
			814	711
			815	710
			816	709
			817	708
			817	707
			818	706
			819	705
			820	704
			821	703
			822	702
			822	701
			823	700
			824	699
			825	698
			826	697
			827	696
			827	695
			828	694
			829	693
			830	692
			831	691
			832	690
			833	689
			834	688
			834	687
			835	686
			836	685
			837	684
			838	683
			839	682
			839	681
			840	680
			841	679
			842	678
			843	677
			843	676
			844	675
			845	674
			846	673
			847	672
			847	671
			848	670
			849	669
			850	668
			850	667
			851	666
			852	665
			853	664
			854	663
			855	662
			855	661
			856	661
			856	660
			857	659
			858	658
			859	657
			859	656
			860	655
			861	654
			861	653
			862	653
			862	652
			863	651
			864	650
			865	649
			865	648
			866	647
			867	646
			868	645
			868	644
			869	643
			870	642
			870	641
			871	641
			871	640
			872	639
			873	638
			873	637
			874	636
			875	635
			875	634
			876	634
			877	633
			877	632
			878	631
			878	630
			879	629
			880	628
			880	627
			881	627
			881	626
			882	625
			882	624
			883	623
			884	622
			885	621
			885	620
			886	619
			887	618
			887	617
			888	616
			888	615
			889	614
			890	613
			890	612
			891	611
			891	610
			892	609
			893	608
			893	607
			894	606
			894	605
			895	604
			895	603
			896	602
			896	601
			897	600
			897	599
			898	598
			899	597
			899	596
			900	595
			900	594
			901	593
			901	592
			902	591
			902	590
			903	589
			903	588
			904	587
			904	586
			905	585
			905	584
			906	583
			906	582
			907	581
			907	580
			908	579
			908	578
			909	577
			909	576
			910	575
			910	574
			911	573
			911	572
			912	571
			912	570
			913	569
			913	568
			914	567
			914	566
			915	565
			915	564
			916	563
			916	562
			916	561
			917	560
			917	559
			918	558
			918	557
			919	556
			919	555
			920	554
			920	553
			921	552
			921	551
			921	550
			922	549
			922	548
			923	547
			923	546
			923	545
			924	545
			924	544
			924	543
			924	542
			925	542
			925	541
			925	540
			926	539
			926	538
			927	537
			927	536
			927	535
			928	534
			928	533
			929	532
			929	531
			929	530
			930	529
			930	528
			930	527
			931	526
			931	525
			932	524
			932	523
			932	522
			933	521
			933	520
			934	519
			934	518
			934	517
			935	516
			935	515
			935	514
			936	513
			936	512
			936	511
			937	510
			937	509
			938	508
			938	507
			938	506
			939	505
			939	504
			939	503
			939	502
			940	502
			940	501
			940	500
			940	499
			941	498
			941	497
			941	496
			942	495
			942	494
			942	493
			943	492
			943	491
			943	490
			944	489
			944	488
			944	487
			945	486
			945	485
			945	484
			945	483
			946	482
			946	481
			946	480
			947	479
			947	478
			947	477
			948	476
			948	475
			948	474
			948	473
			949	472
			949	471
			949	470
			950	469
			950	468
			950	467
			950	466
			951	465
			951	464
			951	463
			951	462
			952	461
			952	460
			952	459
			952	458
			953	458
			953	457
			953	456
			953	455
			954	454
			954	453
			954	452
			954	451
			955	450
			955	449
			955	448
			955	447
			956	446
			956	445
			956	444
			956	443
			957	442
			957	441
			957	440
			957	439
			958	438
			958	437
			958	436
			958	435
			959	434
			959	433
			959	432
			959	431
			960	430
			960	429
			960	428
			960	427
			960	426
			961	425
			961	424
			961	423
		</border>
		<margin type=matrix rownames=FALSE colnames=FALSE nrow=913 ncol=2 as.numeric=TRUE >
			577	850
			578	850
			579	850
			580	850
			581	850
			582	850
			583	850
			584	850
			585	850
			586	850
			587	850
			588	850
			589	850
			589	849
			590	849
			591	849
			592	849
			593	849
			594	849
			595	849
			596	849
			597	849
			598	849
			599	849
			600	849
			601	849
			602	849
			603	849
			604	848
			605	848
			606	848
			607	848
			608	848
			609	848
			610	848
			611	848
			612	848
			613	848
			614	847
			615	847
			616	847
			617	847
			618	847
			619	847
			620	847
			621	847
			622	847
			623	846
			624	846
			625	846
			626	846
			627	846
			628	846
			629	846
			630	845
			631	845
			632	845
			633	845
			634	845
			635	845
			636	844
			637	844
			638	844
			639	844
			640	844
			641	844
			642	843
			643	843
			644	843
			645	843
			646	843
			647	842
			648	842
			649	842
			650	842
			651	842
			652	842
			653	841
			654	841
			655	841
			656	841
			657	840
			658	840
			659	840
			660	840
			661	840
			662	839
			663	839
			664	839
			665	839
			666	838
			667	838
			668	838
			669	838
			670	838
			671	837
			672	837
			673	837
			674	836
			675	836
			676	836
			677	836
			678	835
			679	835
			680	835
			681	835
			681	834
			682	834
			683	834
			684	834
			685	833
			686	833
			687	833
			688	832
			689	832
			690	832
			691	831
			692	831
			693	831
			694	831
			695	830
			696	830
			697	830
			698	829
			699	829
			700	829
			701	828
			702	828
			703	828
			704	827
			705	827
			706	827
			707	826
			708	826
			709	826
			710	825
			711	825
			712	824
			713	824
			714	824
			715	823
			716	823
			717	822
			718	822
			719	822
			720	821
			721	821
			722	820
			723	820
			724	820
			725	819
			726	819
			727	818
			728	818
			729	817
			730	817
			731	817
			732	816
			733	816
			734	815
			735	815
			736	814
			737	814
			738	814
			739	813
			740	813
			741	812
			742	812
			743	811
			744	811
			745	810
			746	810
			747	810
			748	809
			749	809
			750	808
			751	807
			752	807
			753	806
			754	806
			755	805
			756	805
			757	804
			758	804
			759	803
			760	803
			761	802
			762	802
			763	801
			764	801
			765	800
			766	799
			767	799
			768	798
			769	798
			770	797
			771	797
			772	796
			773	796
			774	795
			775	794
			776	794
			777	793
			778	793
			779	792
			780	792
			781	791
			782	790
			783	790
			784	789
			785	789
			785	788
			786	787
			787	786
			788	786
			789	785
			790	784
			791	783
			792	782
			793	781
			794	780
			795	779
			796	778
			797	777
			798	776
			799	775
			800	774
			801	774
			802	773
			803	772
			804	771
			805	770
			806	769
			807	768
			808	767
			809	766
			810	765
			811	764
			812	763
			813	762
			814	761
			815	761
			816	760
			817	759
			818	758
			819	757
			820	756
			821	755
			822	754
			823	753
			824	752
			825	751
			826	750
			827	749
			828	748
			828	747
			829	746
			830	745
			831	744
			832	743
			833	742
			834	741
			835	740
			836	739
			837	738
			838	737
			839	737
			839	736
			840	735
			841	734
			842	733
			843	732
			844	731
			845	730
			846	729
			847	728
			848	727
			848	726
			849	725
			850	724
			851	723
			852	722
			853	721
			854	720
			854	719
			855	718
			856	717
			857	716
			858	715
			859	714
			860	713
			860	712
			861	711
			862	710
			863	709
			864	708
			865	707
			865	706
			866	705
			867	704
			867	703
			868	703
			868	702
			869	701
			870	700
			871	699
			872	698
			872	697
			873	696
			874	695
			875	694
			875	693
			876	692
			877	691
			877	690
			878	689
			879	688
			880	687
			881	686
			881	685
			882	684
			883	683
			884	682
			884	681
			885	680
			886	679
			886	678
			887	678
			887	677
			888	676
			888	675
			889	675
			890	674
			890	673
			891	672
			891	671
			892	671
			892	670
			893	669
			893	668
			894	667
			895	666
			896	665
			896	664
			897	663
			898	662
			898	661
			899	660
			900	659
			900	658
			901	657
			902	656
			902	655
			903	654
			903	653
			904	652
			905	651
			905	650
			906	649
			907	648
			907	647
			908	646
			908	645
			909	644
			910	643
			910	642
			911	641
			911	640
			912	639
			913	638
			913	637
			914	636
			914	635
			915	634
			916	633
			916	632
			917	631
			917	630
			918	629
			919	628
			919	627
			920	626
			920	625
			921	624
			921	623
			922	622
			923	621
			923	620
			924	619
			924	618
			925	617
			926	616
			926	615
			927	614
			927	613
			928	612
			928	611
			929	610
			929	609
			930	608
			931	607
			931	606
			932	605
			932	604
			933	603
			933	602
			934	601
			934	600
			935	599
			935	598
			936	597
			936	596
			937	595
			937	594
			938	593
			938	592
			939	592
			939	591
			940	590
			940	589
			941	588
			941	587
			942	586
			942	585
			943	584
			943	583
			944	582
			944	581
			945	580
			945	579
			946	578
			946	577
			947	576
			947	575
			947	574
			948	573
			948	572
			949	571
			950	570
			950	569
			950	568
			951	568
			951	567
			951	566
			952	566
			952	565
			952	564
			953	563
			953	562
			954	561
			954	560
			955	559
			955	558
			956	557
			956	556
			957	555
			957	554
			958	553
			958	552
			958	551
			959	550
			959	549
			960	548
			960	547
			961	546
			961	545
			961	544
			962	543
			962	542
			963	541
			963	540
			964	539
			964	538
			964	537
			965	536
			965	535
			966	535
			966	534
			966	533
			967	532
			967	531
			968	530
			968	529
			968	528
			969	527
			969	526
			969	525
			970	524
			970	523
			971	522
			971	521
			971	520
			972	519
			972	518
			972	517
			973	516
			973	515
			974	515
			974	514
			974	513
			975	512
			975	511
			975	510
			976	509
			976	508
			976	507
			977	506
			977	505
			977	504
			978	503
			978	502
			978	501
			979	500
			979	499
			980	498
			980	497
			980	496
			981	495
			981	494
			981	493
			982	492
			982	491
			982	490
			982	489
			983	489
			983	488
			983	487
			984	486
			984	485
			984	484
			985	483
			985	482
			985	481
			985	480
			986	479
			986	478
			986	477
			987	476
			987	475
			987	474
			987	473
			988	472
			988	471
			988	470
			989	470
			989	469
			989	468
			989	467
			990	466
			990	465
			990	464
			990	463
			991	462
			991	461
			991	460
			991	459
			992	458
			992	457
			992	456
			992	455
			993	454
			993	453
			993	452
			994	451
			994	450
			994	449
			994	448
			995	447
			995	446
			995	445
			995	444
			995	443
			996	442
			996	441
			996	440
			996	439
			997	438
			997	437
			997	436
			997	435
			997	434
			998	433
			998	432
			998	431
			997	430
			997	429
			996	428
			996	427
			995	426
			995	425
			994	424
			994	423
			993	422
			992	421
			992	420
			991	419
			991	418
			990	417
			990	416
			989	415
			989	414
			988	413
			988	412
			987	411
			987	410
			986	409
			986	408
			985	407
			984	406
			983	405
			983	404
			983	403
			982	403
			982	402
			982	401
			981	401
			981	400
			980	399
			980	398
			979	397
			978	396
			978	395
			977	394
			977	393
			976	392
			976	391
			975	390
			974	389
			974	388
			973	387
			973	386
			972	385
			972	384
			971	383
			971	382
			970	382
			970	381
			969	380
			968	379
			968	378
			967	377
			967	376
			966	375
			966	374
			965	373
			965	372
			964	372
			964	371
			963	370
			962	369
			962	368
			961	367
			961	366
			960	365
			960	364
			959	364
			959	363
			958	362
			958	361
			957	360
			956	359
			956	358
			955	357
			954	356
			954	355
			953	354
			952	353
			952	352
			951	351
			950	350
			950	349
			949	348
			948	347
			948	346
			947	345
			946	344
			946	343
			945	342
			944	341
			944	340
			943	339
			943	338
			942	337
			941	336
			941	335
			940	334
			939	333
			939	332
			938	331
			937	330
			937	329
			936	328
			935	327
			935	326
			934	325
			933	324
			933	323
			932	323
			932	322
			931	321
			930	320
			930	319
			929	318
			929	317
			928	316
			928	315
			928	314
			927	313
			927	312
			927	311
			926	310
			926	309
			926	308
			925	307
			925	306
			924	305
			924	304
			924	303
			923	302
			923	301
			922	300
			922	299
			921	298
			921	297
			920	296
			920	295
			920	294
			919	293
			919	292
			918	291
			918	290
			917	289
			916	288
			916	287
			915	286
			915	285
			914	284
			914	283
			913	282
			913	281
			912	280
			911	279
			911	278
			910	277
			909	276
			909	275
			908	274
			907	273
			906	272
			906	271
			905	271
			905	270
			904	269
			903	268
			902	267
			902	266
			901	265
			901	264
			900	263
			899	263
			899	262
			898	261
			897	260
			896	259
			895	258
			894	257
			894	256
			893	255
			892	254
			891	253
			890	252
			889	251
			888	250
			887	250
			887	249
			886	248
			885	247
			884	246
			883	245
			882	244
			881	243
			880	242
			879	242
			878	241
			877	240
			876	239
			875	238
			874	237
			873	236
			872	235
			871	235
			870	234
			869	233
			868	232
			867	231
			866	230
			865	229
			864	229
			863	228
			862	228
			862	227
			861	226
			860	226
			860	225
			859	225
			858	224
			857	224
			857	223
			856	223
			855	222
			854	221
			853	220
			852	220
			851	219
			850	219
			849	218
			848	218
			847	217
			847	216
			846	216
			845	215
			844	215
			843	214
			842	213
			841	213
			840	212
			839	212
			838	211
			837	210
			836	210
			835	209
			834	208
			833	208
			832	207
			831	207
			830	206
			829	206
			828	205
			827	204
			826	204
			825	203
			824	202
			823	202
			822	201
			821	201
			820	200
			819	200
			818	199
			817	199
			816	198
			815	198
			814	197
			813	197
			812	196
			811	196
			810	195
			809	195
			808	194
			807	194
			806	193
			805	193
			804	192
			803	192
			802	191
			801	191
			800	190
			799	190
			798	189
			797	189
			796	189
			796	188
			795	188
			794	187
			793	187
			792	186
			791	186
			790	185
			789	185
			788	185
			787	184
			786	184
			785	183
			784	183
			783	183
			783	182
			782	182
			781	182
			780	181
			779	181
			778	180
			777	180
			776	179
			775	179
			774	179
			773	178
			772	178
			771	177
			770	177
			769	176
			768	176
			767	176
			766	175
			765	175
			764	174
			763	174
			762	174
			761	173
			760	173
			759	172
			758	172
			757	172
			756	171
			755	171
		</margin>
	</curves.pixel>
	<curves.scaled type=list>
		<axis type=matrix rownames=FALSE colnames=FALSE nrow=800 ncol=2 as.numeric=TRUE >
			1.48710846295437	-0.278349590986261
			1.48968577398202	-0.278349590986261
			1.49226308500968	-0.278349590986261
			1.49226308500968	-0.280926902013911
			1.49484039603733	-0.280926902013911
			1.49741770706498	-0.280926902013911
			1.49999501809263	-0.280926902013911
			1.50257232912028	-0.283504213041562
			1.50514964014793	-0.283504213041562
			1.50772695117558	-0.283504213041562
			1.51030426220323	-0.286081524069212
			1.51288157323088	-0.286081524069212
			1.51545888425853	-0.286081524069212
			1.51803619528618	-0.288658835096863
			1.52061350631383	-0.288658835096863
			1.52319081734148	-0.288658835096863
			1.52576812836913	-0.291236146124514
			1.52834543939678	-0.291236146124514
			1.53092275042443	-0.291236146124514
			1.53350006145208	-0.293813457152164
			1.53607737247973	-0.293813457152164
			1.53865468350739	-0.293813457152164
			1.54123199453504	-0.296390768179815
			1.54380930556269	-0.296390768179815
			1.54638661659034	-0.296390768179815
			1.54896392761799	-0.298968079207465
			1.55154123864564	-0.298968079207465
			1.55411854967329	-0.298968079207465
			1.55411854967329	-0.301545390235116
			1.55669586070094	-0.301545390235116
			1.55927317172859	-0.301545390235116
			1.56185048275624	-0.304122701262766
			1.56442779378389	-0.304122701262766
			1.56700510481154	-0.304122701262766
			1.56958241583919	-0.306700012290417
			1.57215972686684	-0.306700012290417
			1.57473703789449	-0.306700012290417
			1.57731434892214	-0.309277323318067
			1.57989165994979	-0.309277323318067
			1.58246897097745	-0.309277323318067
			1.5850462820051	-0.311854634345718
			1.58762359303275	-0.311854634345718
			1.5902009040604	-0.314431945373369
			1.59277821508805	-0.314431945373369
			1.5953555261157	-0.317009256401019
			1.59793283714335	-0.317009256401019
			1.600510148171	-0.317009256401019
			1.60308745919865	-0.31958656742867
			1.6056647702263	-0.31958656742867
			1.60824208125395	-0.32216387845632
			1.6108193922816	-0.32216387845632
			1.61339670330925	-0.32216387845632
			1.6159740143369	-0.324741189483971
			1.61855132536455	-0.324741189483971
			1.6211286363922	-0.327318500511621
			1.62370594741985	-0.327318500511621
			1.6262832584475	-0.329895811539272
			1.62886056947516	-0.329895811539272
			1.63143788050281	-0.329895811539272
			1.63401519153046	-0.332473122566923
			1.63659250255811	-0.332473122566923
			1.63916981358576	-0.335050433594573
			1.64174712461341	-0.335050433594573
			1.64432443564106	-0.335050433594573
			1.64432443564106	-0.337627744622224
			1.64690174666871	-0.337627744622224
			1.64947905769636	-0.340205055649874
			1.65205636872401	-0.340205055649874
			1.65463367975166	-0.342782366677525
			1.65721099077931	-0.342782366677525
			1.65978830180696	-0.342782366677525
			1.66236561283461	-0.345359677705175
			1.66494292386226	-0.345359677705175
			1.66752023488991	-0.347936988732826
			1.67009754591756	-0.347936988732826
			1.67267485694521	-0.350514299760476
			1.67525216797287	-0.353091610788127
			1.67782947900052	-0.353091610788127
			1.68040679002817	-0.353091610788127
			1.68298410105582	-0.355668921815778
			1.68556141208347	-0.355668921815778
			1.68813872311112	-0.358246232843428
			1.69071603413877	-0.358246232843428
			1.69329334516642	-0.360823543871079
			1.69587065619407	-0.360823543871079
			1.69587065619407	-0.363400854898729
			1.69844796722172	-0.363400854898729
			1.70102527824937	-0.363400854898729
			1.70360258927702	-0.36597816592638
			1.70617990030467	-0.36597816592638
			1.70617990030467	-0.36855547695403
			1.70875721133232	-0.36855547695403
			1.71133452235997	-0.371132787981681
			1.71391183338762	-0.371132787981681
			1.71648914441527	-0.373710099009331
			1.71906645544292	-0.373710099009331
			1.72164376647058	-0.376287410036982
			1.72422107749823	-0.376287410036982
			1.72679838852588	-0.378864721064633
			1.72937569955353	-0.378864721064633
			1.73195301058118	-0.381442032092283
			1.73453032160883	-0.384019343119934
			1.73710763263648	-0.384019343119934
			1.73968494366413	-0.386596654147584
			1.74226225469178	-0.386596654147584
			1.74226225469178	-0.389173965175235
			1.74483956571943	-0.389173965175235
			1.74741687674708	-0.389173965175235
			1.74741687674708	-0.391751276202885
			1.74999418777473	-0.391751276202885
			1.75257149880238	-0.394328587230536
			1.75514880983003	-0.394328587230536
			1.75772612085768	-0.396905898258187
			1.76030343188533	-0.399483209285837
			1.76288074291298	-0.399483209285837
			1.76545805394064	-0.402060520313488
			1.76803536496829	-0.402060520313488
			1.76803536496829	-0.404637831341138
			1.77061267599594	-0.404637831341138
			1.77318998702359	-0.407215142368789
			1.77576729805124	-0.407215142368789
			1.77834460907889	-0.409792453396439
			1.78092192010654	-0.41236976442409
			1.78349923113419	-0.41236976442409
			1.78607654216184	-0.41494707545174
			1.78865385318949	-0.41494707545174
			1.79123116421714	-0.417524386479391
			1.79123116421714	-0.420101697507042
			1.79380847524479	-0.420101697507042
			1.79638578627244	-0.422679008534692
			1.79896309730009	-0.422679008534692
			1.80154040832774	-0.425256319562343
			1.80411771935539	-0.427833630589993
			1.80669503038304	-0.427833630589993
			1.80927234141069	-0.430410941617644
			1.81184965243835	-0.430410941617644
			1.81184965243835	-0.432988252645294
			1.814426963466	-0.435565563672945
			1.81700427449365	-0.435565563672945
			1.8195815855213	-0.438142874700596
			1.82215889654895	-0.438142874700596
			1.8247362075766	-0.440720185728246
			1.82731351860425	-0.443297496755897
			1.8298908296319	-0.443297496755897
			1.8298908296319	-0.445874807783547
			1.83246814065955	-0.448452118811198
			1.8350454516872	-0.448452118811198
			1.83762276271485	-0.451029429838848
			1.8402000737425	-0.451029429838848
			1.84277738477015	-0.453606740866499
			1.8453546957978	-0.45618405189415
			1.84793200682545	-0.4587613629218
			1.8505093178531	-0.461338673949451
			1.85308662888075	-0.463915984977101
			1.8556639399084	-0.463915984977101
			1.85824125093606	-0.466493296004752
			1.86081856196371	-0.469070607032402
			1.86339587299136	-0.471647918060053
			1.86597318401901	-0.474225229087703
			1.86855049504666	-0.474225229087703
			1.87112780607431	-0.476802540115354
			1.87112780607431	-0.479379851143005
			1.87112780607431	-0.481957162170655
			1.87370511710196	-0.484534473198306
			1.87370511710196	-0.487111784225956
			1.87370511710196	-0.489689095253607
			1.87370511710196	-0.492266406281257
			1.87370511710196	-0.494843717308908
			1.87370511710196	-0.497421028336558
			1.87628242812961	-0.499998339364209
			1.87628242812961	-0.50257565039186
			1.87628242812961	-0.50515296141951
			1.87628242812961	-0.507730272447161
			1.87628242812961	-0.510307583474811
			1.87628242812961	-0.512884894502462
			1.87885973915726	-0.515462205530112
			1.87885973915726	-0.518039516557763
			1.87885973915726	-0.520616827585413
			1.87885973915726	-0.523194138613064
			1.87885973915726	-0.525771449640715
			1.87885973915726	-0.528348760668365
			1.87885973915726	-0.530926071696016
			1.88143705018491	-0.533503382723666
			1.88143705018491	-0.536080693751317
			1.88143705018491	-0.538658004778968
			1.88143705018491	-0.541235315806618
			1.88143705018491	-0.543812626834269
			1.88143705018491	-0.546389937861919
			1.88143705018491	-0.54896724888957
			1.88143705018491	-0.55154455991722
			1.88401436121256	-0.554121870944871
			1.88401436121256	-0.556699181972521
			1.88401436121256	-0.559276493000172
			1.88401436121256	-0.561853804027822
			1.88401436121256	-0.564431115055473
			1.88401436121256	-0.567008426083124
			1.88401436121256	-0.569585737110774
			1.88401436121256	-0.572163048138425
			1.88401436121256	-0.574740359166075
			1.88401436121256	-0.577317670193726
			1.88401436121256	-0.579894981221377
			1.88401436121256	-0.582472292249027
			1.88659167224021	-0.585049603276678
			1.88659167224021	-0.587626914304328
			1.88659167224021	-0.590204225331979
			1.88659167224021	-0.592781536359629
			1.88659167224021	-0.59535884738728
			1.88659167224021	-0.59793615841493
			1.88659167224021	-0.600513469442581
			1.88659167224021	-0.603090780470232
			1.88659167224021	-0.605668091497882
			1.88659167224021	-0.608245402525533
			1.88659167224021	-0.610822713553183
			1.88659167224021	-0.613400024580834
			1.88659167224021	-0.615977335608484
			1.88659167224021	-0.618554646636135
			1.88659167224021	-0.621131957663785
			1.88659167224021	-0.623709268691436
			1.88916898326786	-0.626286579719087
			1.88916898326786	-0.628863890746737
			1.88916898326786	-0.631441201774388
			1.88916898326786	-0.634018512802038
			1.88916898326786	-0.636595823829689
			1.88916898326786	-0.639173134857339
			1.88916898326786	-0.64175044588499
			1.88916898326786	-0.644327756912641
			1.88916898326786	-0.646905067940291
			1.88916898326786	-0.649482378967942
			1.88916898326786	-0.652059689995592
			1.88916898326786	-0.654637001023243
			1.88916898326786	-0.657214312050893
			1.88916898326786	-0.659791623078544
			1.88916898326786	-0.662368934106194
			1.88916898326786	-0.664946245133845
			1.88916898326786	-0.667523556161496
			1.88916898326786	-0.670100867189146
			1.88916898326786	-0.672678178216797
			1.88916898326786	-0.675255489244447
			1.88916898326786	-0.677832800272098
			1.88916898326786	-0.680410111299748
			1.88916898326786	-0.682987422327399
			1.88916898326786	-0.68556473335505
			1.88916898326786	-0.6881420443827
			1.88916898326786	-0.690719355410351
			1.88916898326786	-0.693296666438001
			1.88916898326786	-0.695873977465652
			1.88916898326786	-0.698451288493302
			1.88916898326786	-0.701028599520953
			1.88916898326786	-0.703605910548603
			1.88916898326786	-0.706183221576254
			1.88916898326786	-0.708760532603905
			1.88916898326786	-0.711337843631555
			1.88916898326786	-0.713915154659206
			1.88916898326786	-0.716492465686856
			1.88916898326786	-0.719069776714507
			1.88916898326786	-0.721647087742157
			1.88916898326786	-0.724224398769808
			1.88916898326786	-0.726801709797459
			1.88659167224021	-0.729379020825109
			1.88659167224021	-0.73195633185276
			1.88659167224021	-0.73453364288041
			1.88659167224021	-0.737110953908061
			1.88659167224021	-0.739688264935711
			1.88659167224021	-0.742265575963362
			1.88659167224021	-0.744842886991012
			1.88659167224021	-0.747420198018663
			1.88659167224021	-0.749997509046314
			1.88659167224021	-0.752574820073964
			1.88659167224021	-0.755152131101615
			1.88659167224021	-0.757729442129265
			1.88659167224021	-0.760306753156916
			1.88659167224021	-0.762884064184566
			1.88659167224021	-0.765461375212217
			1.88659167224021	-0.768038686239867
			1.88659167224021	-0.770615997267518
			1.88659167224021	-0.773193308295169
			1.88659167224021	-0.775770619322819
			1.88401436121256	-0.77834793035047
			1.88401436121256	-0.78092524137812
			1.88401436121256	-0.783502552405771
			1.88401436121256	-0.786079863433421
			1.88401436121256	-0.788657174461072
			1.88401436121256	-0.791234485488723
			1.88401436121256	-0.793811796516373
			1.88401436121256	-0.796389107544024
			1.88401436121256	-0.798966418571674
			1.88401436121256	-0.801543729599325
			1.88401436121256	-0.804121040626975
			1.88401436121256	-0.806698351654626
			1.88143705018491	-0.809275662682276
			1.88143705018491	-0.811852973709927
			1.88143705018491	-0.814430284737578
			1.88143705018491	-0.817007595765228
			1.88143705018491	-0.819584906792879
			1.88143705018491	-0.822162217820529
			1.88143705018491	-0.82473952884818
			1.88143705018491	-0.82731683987583
			1.88143705018491	-0.829894150903481
			1.88143705018491	-0.832471461931132
			1.87885973915726	-0.835048772958782
			1.87885973915726	-0.837626083986433
			1.87885973915726	-0.840203395014083
			1.87885973915726	-0.842780706041734
			1.87885973915726	-0.845358017069384
			1.87885973915726	-0.847935328097035
			1.87885973915726	-0.850512639124685
			1.87885973915726	-0.853089950152336
			1.87885973915726	-0.855667261179987
			1.87628242812961	-0.858244572207637
			1.87628242812961	-0.860821883235288
			1.87628242812961	-0.863399194262938
			1.87628242812961	-0.865976505290589
			1.87628242812961	-0.868553816318239
			1.87628242812961	-0.87113112734589
			1.87628242812961	-0.873708438373541
			1.87628242812961	-0.876285749401191
			1.87370511710196	-0.878863060428842
			1.87370511710196	-0.881440371456492
			1.87370511710196	-0.884017682484143
			1.87370511710196	-0.886594993511793
			1.87370511710196	-0.889172304539444
			1.87370511710196	-0.891749615567094
			1.87370511710196	-0.894326926594745
			1.87112780607431	-0.896904237622396
			1.87112780607431	-0.899481548650046
			1.87112780607431	-0.902058859677697
			1.87112780607431	-0.904636170705347
			1.87112780607431	-0.907213481732998
			1.87112780607431	-0.909790792760648
			1.87112780607431	-0.912368103788299
			1.87112780607431	-0.914945414815949
			1.86855049504666	-0.914945414815949
			1.86855049504666	-0.9175227258436
			1.86855049504666	-0.920100036871251
			1.86855049504666	-0.922677347898901
			1.86855049504666	-0.925254658926552
			1.86855049504666	-0.927831969954202
			1.86855049504666	-0.930409280981853
			1.86597318401901	-0.932986592009504
			1.86597318401901	-0.935563903037154
			1.86597318401901	-0.938141214064805
			1.86597318401901	-0.940718525092455
			1.86597318401901	-0.943295836120106
			1.86597318401901	-0.945873147147756
			1.86597318401901	-0.948450458175407
			1.86339587299136	-0.951027769203057
			1.86339587299136	-0.953605080230708
			1.86339587299136	-0.956182391258359
			1.86339587299136	-0.958759702286009
			1.86339587299136	-0.96133701331366
			1.86081856196371	-0.96391432434131
			1.86081856196371	-0.966491635368961
			1.86081856196371	-0.969068946396611
			1.86081856196371	-0.971646257424262
			1.86081856196371	-0.974223568451912
			1.86081856196371	-0.976800879479563
			1.85824125093606	-0.979378190507214
			1.85824125093606	-0.981955501534864
			1.85824125093606	-0.984532812562515
			1.85824125093606	-0.987110123590165
			1.85824125093606	-0.989687434617816
			1.8556639399084	-0.992264745645466
			1.8556639399084	-0.994842056673117
			1.8556639399084	-0.997419367700768
			1.8556639399084	-0.999996678728418
			1.8556639399084	-1.00257398975607
			1.8556639399084	-1.00515130078372
			1.85308662888075	-1.00772861181137
			1.85308662888075	-1.01030592283902
			1.85308662888075	-1.01288323386667
			1.85308662888075	-1.01546054489432
			1.85308662888075	-1.01803785592197
			1.8505093178531	-1.02061516694962
			1.8505093178531	-1.02319247797727
			1.8505093178531	-1.02576978900492
			1.8505093178531	-1.02834710003257
			1.8505093178531	-1.03092441106022
			1.84793200682545	-1.03350172208788
			1.84793200682545	-1.03607903311553
			1.84793200682545	-1.03865634414318
			1.84793200682545	-1.04123365517083
			1.84793200682545	-1.04381096619848
			1.8453546957978	-1.04638827722613
			1.8453546957978	-1.04896558825378
			1.8453546957978	-1.05154289928143
			1.8453546957978	-1.05412021030908
			1.8453546957978	-1.05669752133673
			1.84277738477015	-1.05927483236438
			1.84277738477015	-1.06185214339203
			1.84277738477015	-1.06442945441968
			1.84277738477015	-1.06700676544733
			1.8402000737425	-1.06958407647498
			1.8402000737425	-1.07216138750263
			1.8402000737425	-1.07473869853028
			1.8402000737425	-1.07731600955794
			1.8402000737425	-1.07989332058559
			1.83762276271485	-1.08247063161324
			1.83762276271485	-1.08504794264089
			1.83762276271485	-1.08762525366854
			1.83762276271485	-1.09020256469619
			1.8350454516872	-1.09277987572384
			1.8350454516872	-1.09535718675149
			1.8350454516872	-1.09793449777914
			1.8350454516872	-1.10051180880679
			1.8350454516872	-1.10308911983444
			1.83246814065955	-1.10566643086209
			1.83246814065955	-1.10824374188974
			1.83246814065955	-1.11082105291739
			1.83246814065955	-1.11339836394504
			1.8298908296319	-1.11597567497269
			1.8298908296319	-1.11855298600034
			1.8298908296319	-1.12113029702799
			1.8298908296319	-1.12370760805564
			1.82731351860425	-1.1262849190833
			1.82731351860425	-1.12886223011095
			1.82731351860425	-1.1314395411386
			1.82731351860425	-1.13401685216625
			1.8247362075766	-1.1365941631939
			1.8247362075766	-1.13917147422155
			1.8247362075766	-1.1417487852492
			1.8247362075766	-1.14432609627685
			1.8247362075766	-1.1469034073045
			1.8247362075766	-1.14948071833215
			1.82215889654895	-1.1520580293598
			1.82215889654895	-1.15463534038745
			1.82215889654895	-1.1572126514151
			1.82215889654895	-1.15978996244275
			1.82215889654895	-1.1623672734704
			1.82215889654895	-1.16494458449805
			1.82215889654895	-1.1675218955257
			1.8195815855213	-1.17009920655336
			1.8195815855213	-1.17267651758101
			1.8195815855213	-1.17525382860866
			1.8195815855213	-1.17783113963631
			1.8195815855213	-1.18040845066396
			1.8195815855213	-1.18298576169161
			1.8195815855213	-1.18556307271926
			1.81700427449365	-1.18814038374691
			1.81700427449365	-1.19071769477456
			1.81700427449365	-1.19329500580221
			1.81700427449365	-1.19587231682986
			1.81700427449365	-1.19844962785751
			1.81700427449365	-1.20102693888516
			1.81700427449365	-1.20360424991281
			1.814426963466	-1.20618156094046
			1.814426963466	-1.20875887196811
			1.814426963466	-1.21133618299576
			1.814426963466	-1.21391349402341
			1.814426963466	-1.21649080505107
			1.814426963466	-1.21906811607872
			1.81184965243835	-1.22164542710637
			1.81184965243835	-1.22422273813402
			1.81184965243835	-1.22680004916167
			1.81184965243835	-1.22937736018932
			1.81184965243835	-1.23195467121697
			1.81184965243835	-1.23453198224462
			1.81184965243835	-1.23710929327227
			1.80927234141069	-1.23968660429992
			1.80927234141069	-1.24226391532757
			1.80927234141069	-1.24484122635522
			1.80927234141069	-1.24741853738287
			1.80927234141069	-1.24999584841052
			1.80927234141069	-1.25257315943817
			1.80927234141069	-1.25515047046582
			1.80669503038304	-1.25772778149347
			1.80669503038304	-1.26030509252112
			1.80669503038304	-1.26288240354878
			1.80669503038304	-1.26545971457643
			1.80669503038304	-1.26803702560408
			1.80669503038304	-1.27061433663173
			1.80411771935539	-1.27319164765938
			1.80411771935539	-1.27576895868703
			1.80411771935539	-1.27834626971468
			1.80411771935539	-1.28092358074233
			1.80411771935539	-1.28350089176998
			1.80411771935539	-1.28607820279763
			1.80154040832774	-1.28865551382528
			1.80154040832774	-1.29123282485293
			1.80154040832774	-1.29381013588058
			1.80154040832774	-1.29638744690823
			1.80154040832774	-1.29896475793588
			1.80154040832774	-1.30154206896353
			1.79896309730009	-1.30411937999118
			1.79896309730009	-1.30669669101883
			1.79896309730009	-1.30927400204649
			1.79896309730009	-1.31185131307414
			1.79896309730009	-1.31442862410179
			1.79896309730009	-1.31700593512944
			1.79638578627244	-1.31958324615709
			1.79638578627244	-1.32216055718474
			1.79638578627244	-1.32473786821239
			1.79638578627244	-1.32731517924004
			1.79638578627244	-1.32989249026769
			1.79638578627244	-1.33246980129534
			1.79380847524479	-1.33504711232299
			1.79380847524479	-1.33762442335064
			1.79380847524479	-1.34020173437829
			1.79380847524479	-1.34277904540594
			1.79380847524479	-1.34535635643359
			1.79380847524479	-1.34793366746124
			1.79123116421714	-1.35051097848889
			1.79123116421714	-1.35308828951655
			1.79123116421714	-1.3556656005442
			1.79123116421714	-1.35824291157185
			1.79123116421714	-1.3608202225995
			1.79123116421714	-1.36339753362715
			1.78865385318949	-1.3659748446548
			1.78865385318949	-1.36855215568245
			1.78865385318949	-1.3711294667101
			1.78865385318949	-1.37370677773775
			1.78865385318949	-1.3762840887654
			1.78865385318949	-1.37886139979305
			1.78607654216184	-1.3814387108207
			1.78607654216184	-1.38401602184835
			1.78607654216184	-1.386593332876
			1.78607654216184	-1.38917064390365
			1.78607654216184	-1.3917479549313
			1.78607654216184	-1.39432526595895
			1.78349923113419	-1.3969025769866
			1.78349923113419	-1.39947988801426
			1.78349923113419	-1.40205719904191
			1.78349923113419	-1.40463451006956
			1.78349923113419	-1.40721182109721
			1.78349923113419	-1.40978913212486
			1.78092192010654	-1.41236644315251
			1.78092192010654	-1.41494375418016
			1.78092192010654	-1.41752106520781
			1.78092192010654	-1.42009837623546
			1.78092192010654	-1.42267568726311
			1.78092192010654	-1.42525299829076
			1.77834460907889	-1.42783030931841
			1.77834460907889	-1.43040762034606
			1.77834460907889	-1.43298493137371
			1.77834460907889	-1.43556224240136
			1.77834460907889	-1.43813955342901
			1.77576729805124	-1.44071686445666
			1.77576729805124	-1.44329417548431
			1.77576729805124	-1.44587148651197
			1.77576729805124	-1.44844879753962
			1.77576729805124	-1.45102610856727
			1.77576729805124	-1.45360341959492
			1.77318998702359	-1.45618073062257
			1.77318998702359	-1.45875804165022
			1.77318998702359	-1.46133535267787
			1.77318998702359	-1.46391266370552
			1.77318998702359	-1.46648997473317
			1.77318998702359	-1.46906728576082
			1.77061267599594	-1.46906728576082
			1.77061267599594	-1.47164459678847
			1.77061267599594	-1.47422190781612
			1.77061267599594	-1.47679921884377
			1.77061267599594	-1.47937652987142
			1.76803536496829	-1.48195384089907
			1.76803536496829	-1.48453115192672
			1.76803536496829	-1.48710846295437
			1.76803536496829	-1.48968577398202
			1.76803536496829	-1.49226308500968
			1.76803536496829	-1.49484039603733
			1.76545805394064	-1.49741770706498
			1.76545805394064	-1.49999501809263
			1.76545805394064	-1.50257232912028
			1.76545805394064	-1.50514964014793
			1.76545805394064	-1.50772695117558
			1.76545805394064	-1.51030426220323
			1.76288074291298	-1.51288157323088
			1.76288074291298	-1.51545888425853
			1.76288074291298	-1.51803619528618
			1.76288074291298	-1.52061350631383
			1.76288074291298	-1.52319081734148
			1.76030343188533	-1.52576812836913
			1.76030343188533	-1.52834543939678
			1.76030343188533	-1.53092275042443
			1.76030343188533	-1.53350006145208
			1.76030343188533	-1.53607737247973
			1.76030343188533	-1.53865468350739
			1.75772612085768	-1.54123199453504
			1.75772612085768	-1.54380930556269
			1.75772612085768	-1.54638661659034
			1.75772612085768	-1.54896392761799
			1.75772612085768	-1.55154123864564
			1.75514880983003	-1.55411854967329
			1.75514880983003	-1.55669586070094
			1.75514880983003	-1.55927317172859
			1.75514880983003	-1.56185048275624
			1.75514880983003	-1.56442779378389
			1.75257149880238	-1.56700510481154
			1.75257149880238	-1.56958241583919
			1.75257149880238	-1.57215972686684
			1.75257149880238	-1.57473703789449
			1.75257149880238	-1.57731434892214
			1.75257149880238	-1.57989165994979
			1.74999418777473	-1.58246897097745
			1.74999418777473	-1.5850462820051
			1.74999418777473	-1.58762359303275
			1.74999418777473	-1.5902009040604
			1.74999418777473	-1.59277821508805
			1.74741687674708	-1.5953555261157
			1.74741687674708	-1.59793283714335
			1.74741687674708	-1.600510148171
			1.74741687674708	-1.60308745919865
			1.74741687674708	-1.6056647702263
			1.74483956571943	-1.60824208125395
			1.74483956571943	-1.6108193922816
			1.74483956571943	-1.61339670330925
			1.74483956571943	-1.6159740143369
			1.74483956571943	-1.61855132536455
			1.74226225469178	-1.6211286363922
			1.74226225469178	-1.62370594741985
			1.74226225469178	-1.6262832584475
			1.74226225469178	-1.62886056947516
			1.74226225469178	-1.63143788050281
			1.73968494366413	-1.63401519153046
			1.73968494366413	-1.63659250255811
			1.73968494366413	-1.63916981358576
			1.73968494366413	-1.64174712461341
			1.73968494366413	-1.64432443564106
			1.73710763263648	-1.64690174666871
			1.73710763263648	-1.64947905769636
			1.73710763263648	-1.65205636872401
			1.73710763263648	-1.65463367975166
			1.73710763263648	-1.65721099077931
			1.73453032160883	-1.65978830180696
			1.73453032160883	-1.66236561283461
			1.73453032160883	-1.66494292386226
			1.73453032160883	-1.66752023488991
			1.73453032160883	-1.67009754591756
			1.73195301058118	-1.67267485694521
			1.73195301058118	-1.67525216797287
			1.73195301058118	-1.67782947900052
			1.73195301058118	-1.68040679002817
			1.73195301058118	-1.68298410105582
			1.72937569955353	-1.68556141208347
			1.72937569955353	-1.68813872311112
			1.72937569955353	-1.69071603413877
			1.72937569955353	-1.69329334516642
			1.72937569955353	-1.69587065619407
			1.72679838852588	-1.69844796722172
			1.72679838852588	-1.70102527824937
			1.72679838852588	-1.70360258927702
			1.72679838852588	-1.70617990030467
			1.72679838852588	-1.70875721133232
			1.72422107749823	-1.71133452235997
			1.72422107749823	-1.71391183338762
			1.72422107749823	-1.71648914441527
			1.72422107749823	-1.71906645544292
			1.72422107749823	-1.72164376647058
			1.72164376647058	-1.72422107749823
			1.72164376647058	-1.72679838852588
			1.72164376647058	-1.72937569955353
			1.72164376647058	-1.73195301058118
			1.72164376647058	-1.73453032160883
			1.71906645544292	-1.73710763263648
			1.71906645544292	-1.73968494366413
			1.71906645544292	-1.74226225469178
			1.71906645544292	-1.74483956571943
			1.71906645544292	-1.74741687674708
			1.71648914441527	-1.74999418777473
			1.71648914441527	-1.75257149880238
			1.71648914441527	-1.75514880983003
			1.71648914441527	-1.75772612085768
			1.71648914441527	-1.76030343188533
			1.71391183338762	-1.76288074291298
			1.71391183338762	-1.76545805394064
			1.71391183338762	-1.76803536496829
			1.71391183338762	-1.77061267599594
			1.71391183338762	-1.77318998702359
			1.71133452235997	-1.77576729805124
			1.71133452235997	-1.77834460907889
			1.71133452235997	-1.78092192010654
			1.71133452235997	-1.78349923113419
			1.70875721133232	-1.78607654216184
			1.70875721133232	-1.78865385318949
			1.70875721133232	-1.79123116421714
			1.70875721133232	-1.79380847524479
			1.70875721133232	-1.79638578627244
			1.70617990030467	-1.79896309730009
			1.70617990030467	-1.80154040832774
			1.70617990030467	-1.80411771935539
			1.70617990030467	-1.80669503038304
			1.70360258927702	-1.80669503038304
			1.70360258927702	-1.80927234141069
			1.70360258927702	-1.81184965243835
			1.70102527824937	-1.814426963466
			1.70102527824937	-1.81700427449365
			1.69844796722172	-1.8195815855213
			1.69844796722172	-1.82215889654895
			1.69587065619407	-1.82215889654895
			1.69587065619407	-1.8247362075766
			1.69587065619407	-1.82731351860425
			1.69329334516642	-1.8298908296319
			1.69329334516642	-1.83246814065955
			1.69071603413877	-1.8350454516872
			1.68813872311112	-1.83762276271485
			1.68813872311112	-1.8402000737425
			1.68813872311112	-1.84277738477015
			1.68556141208347	-1.8453546957978
			1.68556141208347	-1.84793200682545
			1.68298410105582	-1.8505093178531
			1.68040679002817	-1.85308662888075
			1.68040679002817	-1.8556639399084
			1.67782947900052	-1.85824125093606
			1.67782947900052	-1.86081856196371
			1.67525216797287	-1.86339587299136
			1.67525216797287	-1.86597318401901
			1.67267485694521	-1.86855049504666
			1.67267485694521	-1.87112780607431
			1.67009754591756	-1.87370511710196
			1.67009754591756	-1.87628242812961
			1.66752023488991	-1.87885973915726
			1.66752023488991	-1.88143705018491
			1.66494292386226	-1.88401436121256
			1.66494292386226	-1.88659167224021
			1.66236561283461	-1.88659167224021
			1.66236561283461	-1.88916898326786
			1.65978830180696	-1.89174629429551
			1.65978830180696	-1.89432360532316
			1.65721099077931	-1.89690091635081
			1.65721099077931	-1.89947822737846
			1.65463367975166	-1.90205553840611
			1.65463367975166	-1.90463284943377
			1.65205636872401	-1.90721016046142
			1.64947905769636	-1.90978747148907
			1.64947905769636	-1.91236478251672
			1.64690174666871	-1.91494209354437
			1.64690174666871	-1.91751940457202
			1.64432443564106	-1.92009671559967
			1.64432443564106	-1.92267402662732
			1.64174712461341	-1.92525133765497
			1.63916981358576	-1.92782864868262
			1.63916981358576	-1.93040595971027
			1.63659250255811	-1.93298327073792
			1.63659250255811	-1.93556058176557
			1.63401519153046	-1.93813789279322
			1.63401519153046	-1.94071520382087
			1.63143788050281	-1.94329251484852
			1.62886056947516	-1.94329251484852
			1.62886056947516	-1.94586982587617
			1.6262832584475	-1.94844713690382
			1.6262832584475	-1.95102444793148
			1.62370594741985	-1.95360175895913
			1.62370594741985	-1.95617906998678
			1.6211286363922	-1.95875638101443
			1.61855132536455	-1.96133369204208
			1.6159740143369	-1.96391100306973
			1.6159740143369	-1.96648831409738
			1.61339670330925	-1.96906562512503
			1.6108193922816	-1.97164293615268
			1.6108193922816	-1.97422024718033
			1.60824208125395	-1.97679755820798
			1.6056647702263	-1.97937486923563
			1.60308745919865	-1.98195218026328
			1.600510148171	-1.98452949129093
			1.600510148171	-1.98710680231858
			1.59793283714335	-1.98968411334623
			1.5953555261157	-1.99226142437388
			1.59277821508805	-1.99483873540154
			1.59277821508805	-1.99741604642919
			1.5902009040604	-1.99999335745684
			1.58762359303275	-2.00257066848449
			1.5850462820051	-2.00257066848449
			1.5850462820051	-2.00514797951214
			1.58246897097745	-2.00772529053979
			1.57989165994979	-2.01030260156744
			1.57731434892214	-2.01287991259509
			1.57473703789449	-2.01545722362274
			1.57215972686684	-2.01803453465039
			1.56958241583919	-2.02061184567804
			1.56700510481154	-2.02318915670569
			1.56442779378389	-2.02576646773334
			1.56185048275624	-2.02834377876099
			1.55927317172859	-2.03092108978864
			1.55669586070094	-2.03349840081629
			1.55411854967329	-2.03349840081629
			1.55154123864564	-2.03607571184394
			1.54896392761799	-2.03865302287159
			1.54638661659034	-2.03865302287159
			1.54380930556269	-2.04123033389925
			1.54123199453504	-2.04123033389925
			1.53865468350739	-2.0438076449269
			1.53607737247973	-2.0438076449269
			1.53350006145208	-2.04638495595455
			1.53092275042443	-2.04638495595455
			1.52834543939678	-2.04638495595455
			1.52576812836913	-2.0489622669822
			1.52319081734148	-2.0489622669822
			1.52061350631383	-2.0489622669822
			1.51803619528618	-2.0489622669822
			1.51545888425853	-2.0489622669822
			1.51288157323088	-2.05153957800985
			1.51030426220323	-2.05153957800985
			1.51030426220323	-2.0489622669822
			1.50772695117558	-2.0489622669822
			1.50514964014793	-2.0489622669822
			1.50257232912028	-2.0489622669822
			1.49999501809263	-2.0489622669822
			1.49741770706498	-2.0489622669822
			1.49484039603733	-2.04638495595455
			1.49226308500968	-2.04638495595455
			1.48968577398202	-2.04638495595455
			1.48710846295437	-2.0438076449269
		</axis>
		<border type=matrix rownames=FALSE colnames=FALSE nrow=548 ncol=2 as.numeric=TRUE >
			1.48710846295437	-2.10308579856286
			1.48968577398202	-2.10308579856286
			1.49226308500968	-2.10308579856286
			1.49484039603733	-2.10308579856286
			1.49741770706498	-2.10308579856286
			1.49999501809263	-2.10308579856286
			1.50257232912028	-2.10308579856286
			1.50514964014793	-2.10308579856286
			1.50772695117558	-2.10308579856286
			1.51030426220323	-2.10308579856286
			1.51288157323088	-2.10308579856286
			1.51545888425853	-2.10308579856286
			1.51803619528618	-2.10308579856286
			1.52061350631383	-2.10308579856286
			1.52319081734148	-2.10308579856286
			1.52576812836913	-2.10308579856286
			1.52834543939678	-2.10308579856286
			1.53092275042443	-2.10308579856286
			1.53350006145208	-2.10308579856286
			1.53607737247973	-2.10308579856286
			1.53865468350739	-2.10308579856286
			1.54123199453504	-2.10308579856286
			1.54380930556269	-2.10308579856286
			1.54638661659034	-2.10308579856286
			1.54896392761799	-2.10308579856286
			1.55154123864564	-2.10308579856286
			1.55411854967329	-2.10308579856286
			1.55669586070094	-2.10308579856286
			1.55927317172859	-2.10308579856286
			1.56185048275624	-2.10308579856286
			1.56442779378389	-2.10308579856286
			1.56700510481154	-2.10308579856286
			1.56958241583919	-2.10308579856286
			1.57215972686684	-2.10308579856286
			1.57473703789449	-2.10050848753521
			1.57731434892214	-2.10050848753521
			1.57989165994979	-2.10050848753521
			1.58246897097745	-2.10050848753521
			1.5850462820051	-2.10050848753521
			1.58762359303275	-2.10050848753521
			1.5902009040604	-2.10050848753521
			1.59277821508805	-2.10050848753521
			1.5953555261157	-2.10050848753521
			1.59793283714335	-2.10050848753521
			1.600510148171	-2.09793117650756
			1.60308745919865	-2.09793117650756
			1.6056647702263	-2.09793117650756
			1.60824208125395	-2.09793117650756
			1.6108193922816	-2.09793117650756
			1.61339670330925	-2.09793117650756
			1.6159740143369	-2.09793117650756
			1.61855132536455	-2.09535386547991
			1.6211286363922	-2.09535386547991
			1.62370594741985	-2.09535386547991
			1.6262832584475	-2.09535386547991
			1.62886056947516	-2.09535386547991
			1.63143788050281	-2.09535386547991
			1.63401519153046	-2.09277655445226
			1.63659250255811	-2.09277655445226
			1.63916981358576	-2.09277655445226
			1.64174712461341	-2.09277655445226
			1.64432443564106	-2.09277655445226
			1.64690174666871	-2.09019924342461
			1.64947905769636	-2.09019924342461
			1.65205636872401	-2.09019924342461
			1.65463367975166	-2.09019924342461
			1.65721099077931	-2.09019924342461
			1.65978830180696	-2.08762193239696
			1.66236561283461	-2.08762193239696
			1.66494292386226	-2.08762193239696
			1.66752023488991	-2.08762193239696
			1.67009754591756	-2.08762193239696
			1.67267485694521	-2.0850446213693
			1.67525216797287	-2.0850446213693
			1.67782947900052	-2.0850446213693
			1.68040679002817	-2.0850446213693
			1.68298410105582	-2.08246731034165
			1.68556141208347	-2.08246731034165
			1.68813872311112	-2.08246731034165
			1.69071603413877	-2.08246731034165
			1.69329334516642	-2.079889999314
			1.69587065619407	-2.079889999314
			1.69844796722172	-2.079889999314
			1.70102527824937	-2.079889999314
			1.70360258927702	-2.07731268828635
			1.70617990030467	-2.07731268828635
			1.70875721133232	-2.07731268828635
			1.71133452235997	-2.07731268828635
			1.71391183338762	-2.0747353772587
			1.71648914441527	-2.0747353772587
			1.71906645544292	-2.0747353772587
			1.72164376647058	-2.0747353772587
			1.72164376647058	-2.07215806623105
			1.72422107749823	-2.07215806623105
			1.72679838852588	-2.07215806623105
			1.72937569955353	-2.07215806623105
			1.73195301058118	-2.0695807552034
			1.73453032160883	-2.0695807552034
			1.73710763263648	-2.0695807552034
			1.73968494366413	-2.06700344417575
			1.74226225469178	-2.06700344417575
			1.74483956571943	-2.06700344417575
			1.74741687674708	-2.06700344417575
			1.74999418777473	-2.0644261331481
			1.75257149880238	-2.0644261331481
			1.75514880983003	-2.0644261331481
			1.75514880983003	-2.06184882212045
			1.75772612085768	-2.06184882212045
			1.76030343188533	-2.06184882212045
			1.76288074291298	-2.06184882212045
			1.76545805394064	-2.0592715110928
			1.76803536496829	-2.0592715110928
			1.77061267599594	-2.0592715110928
			1.77318998702359	-2.05669420006515
			1.77576729805124	-2.05669420006515
			1.77834460907889	-2.05669420006515
			1.78092192010654	-2.0541168890375
			1.78349923113419	-2.0541168890375
			1.78607654216184	-2.0541168890375
			1.78865385318949	-2.05153957800985
			1.79123116421714	-2.05153957800985
			1.79380847524479	-2.0489622669822
			1.79638578627244	-2.0489622669822
			1.79896309730009	-2.0489622669822
			1.80154040832774	-2.04638495595455
			1.80411771935539	-2.04638495595455
			1.80669503038304	-2.04638495595455
			1.80927234141069	-2.0438076449269
			1.81184965243835	-2.0438076449269
			1.814426963466	-2.04123033389925
			1.81700427449365	-2.04123033389925
			1.8195815855213	-2.04123033389925
			1.82215889654895	-2.03865302287159
			1.8247362075766	-2.03865302287159
			1.82731351860425	-2.03865302287159
			1.8298908296319	-2.03607571184394
			1.83246814065955	-2.03607571184394
			1.8350454516872	-2.03349840081629
			1.83762276271485	-2.03349840081629
			1.8402000737425	-2.03349840081629
			1.84277738477015	-2.03092108978864
			1.8453546957978	-2.03092108978864
			1.84793200682545	-2.02834377876099
			1.8505093178531	-2.02834377876099
			1.85308662888075	-2.02834377876099
			1.8556639399084	-2.02576646773334
			1.85824125093606	-2.02576646773334
			1.86081856196371	-2.02318915670569
			1.86339587299136	-2.02318915670569
			1.86597318401901	-2.02318915670569
			1.86855049504666	-2.02061184567804
			1.87112780607431	-2.02061184567804
			1.87370511710196	-2.01803453465039
			1.87628242812961	-2.01803453465039
			1.87885973915726	-2.01545722362274
			1.88143705018491	-2.01545722362274
			1.88401436121256	-2.01545722362274
			1.88401436121256	-2.01287991259509
			1.88659167224021	-2.01287991259509
			1.88916898326786	-2.01287991259509
			1.89174629429551	-2.01030260156744
			1.89432360532316	-2.01030260156744
			1.89690091635081	-2.00772529053979
			1.89947822737846	-2.00772529053979
			1.90205553840611	-2.00772529053979
			1.90463284943377	-2.00514797951214
			1.90721016046142	-2.00514797951214
			1.90978747148907	-2.00257066848449
			1.91236478251672	-2.00257066848449
			1.91236478251672	-1.99999335745684
			1.91494209354437	-1.99999335745684
			1.91751940457202	-1.99999335745684
			1.92009671559967	-1.99741604642919
			1.92267402662732	-1.99741604642919
			1.92525133765497	-1.99483873540154
			1.92782864868262	-1.99483873540154
			1.93040595971027	-1.99226142437388
			1.93298327073792	-1.99226142437388
			1.93556058176557	-1.99226142437388
			1.93813789279322	-1.98968411334623
			1.94071520382087	-1.98968411334623
			1.94071520382087	-1.98710680231858
			1.94329251484852	-1.98710680231858
			1.94586982587617	-1.98452949129093
			1.94844713690382	-1.98452949129093
			1.95102444793148	-1.98195218026328
			1.95360175895913	-1.98195218026328
			1.95617906998678	-1.97937486923563
			1.95875638101443	-1.97937486923563
			1.96133369204208	-1.97937486923563
			1.96391100306973	-1.97679755820798
			1.96648831409738	-1.97422024718033
			1.96906562512503	-1.97164293615268
			1.97164293615268	-1.96906562512503
			1.97422024718033	-1.96648831409738
			1.97679755820798	-1.96391100306973
			1.97937486923563	-1.96133369204208
			1.98195218026328	-1.95875638101443
			1.98452949129093	-1.95617906998678
			1.98452949129093	-1.95360175895913
			1.98710680231858	-1.95102444793148
			1.98968411334623	-1.94844713690382
			1.99226142437388	-1.94586982587617
			1.99483873540154	-1.94329251484852
			1.99741604642919	-1.94071520382087
			1.99999335745684	-1.93813789279322
			2.00257066848449	-1.93556058176557
			2.00514797951214	-1.93556058176557
			2.00514797951214	-1.93298327073792
			2.00772529053979	-1.93040595971027
			2.01030260156744	-1.92782864868262
			2.01287991259509	-1.92525133765497
			2.01545722362274	-1.92267402662732
			2.01803453465039	-1.92009671559967
			2.02061184567804	-1.91751940457202
			2.02318915670569	-1.91494209354437
			2.02318915670569	-1.91236478251672
			2.02576646773334	-1.90978747148907
			2.02834377876099	-1.90721016046142
			2.03092108978864	-1.90463284943377
			2.03349840081629	-1.90463284943377
			2.03607571184394	-1.90205553840611
			2.03607571184394	-1.89947822737846
			2.03865302287159	-1.89690091635081
			2.04123033389925	-1.89432360532316
			2.0438076449269	-1.89174629429551
			2.04638495595455	-1.88916898326786
			2.0489622669822	-1.88659167224021
			2.0489622669822	-1.88401436121256
			2.05153957800985	-1.88143705018491
			2.0541168890375	-1.87885973915726
			2.05669420006515	-1.87885973915726
			2.0592715110928	-1.87628242812961
			2.0592715110928	-1.87370511710196
			2.06184882212045	-1.87112780607431
			2.0644261331481	-1.86855049504666
			2.06700344417575	-1.86597318401901
			2.0695807552034	-1.86339587299136
			2.0695807552034	-1.86081856196371
			2.07215806623105	-1.86081856196371
			2.0747353772587	-1.85824125093606
			2.07731268828635	-1.8556639399084
			2.079889999314	-1.85308662888075
			2.079889999314	-1.8505093178531
			2.08246731034165	-1.84793200682545
			2.0850446213693	-1.8453546957978
			2.08762193239696	-1.84277738477015
			2.09019924342461	-1.8402000737425
			2.09277655445226	-1.83762276271485
			2.09535386547991	-1.8350454516872
			2.09793117650756	-1.83246814065955
			2.10050848753521	-1.8298908296319
			2.10308579856286	-1.82731351860425
			2.10566310959051	-1.8247362075766
			2.10566310959051	-1.82215889654895
			2.10824042061816	-1.8195815855213
			2.11081773164581	-1.81700427449365
			2.11339504267346	-1.814426963466
			2.11597235370111	-1.81184965243835
			2.11854966472876	-1.80927234141069
			2.11854966472876	-1.80669503038304
			2.12112697575641	-1.80411771935539
			2.12370428678406	-1.80154040832774
			2.12628159781171	-1.79896309730009
			2.12885890883936	-1.79638578627244
			2.13143621986701	-1.79380847524479
			2.13143621986701	-1.79123116421714
			2.13401353089467	-1.78865385318949
			2.13659084192232	-1.78607654216184
			2.13916815294997	-1.78349923113419
			2.14174546397762	-1.78092192010654
			2.14432277500527	-1.77834460907889
			2.14690008603292	-1.77576729805124
			2.14947739706057	-1.77318998702359
			2.14947739706057	-1.77061267599594
			2.15205470808822	-1.76803536496829
			2.15463201911587	-1.76545805394064
			2.15720933014352	-1.76288074291298
			2.15978664117117	-1.76030343188533
			2.16236395219882	-1.75772612085768
			2.16236395219882	-1.75514880983003
			2.16494126322647	-1.75257149880238
			2.16751857425412	-1.74999418777473
			2.17009588528177	-1.74741687674708
			2.17267319630942	-1.74483956571943
			2.17267319630942	-1.74226225469178
			2.17525050733707	-1.73968494366413
			2.17782781836473	-1.73710763263648
			2.18040512939238	-1.73453032160883
			2.18298244042003	-1.73195301058118
			2.18298244042003	-1.72937569955353
			2.18555975144768	-1.72679838852588
			2.18813706247533	-1.72422107749823
			2.19071437350298	-1.72164376647058
			2.19071437350298	-1.71906645544292
			2.19329168453063	-1.71648914441527
			2.19586899555828	-1.71391183338762
			2.19844630658593	-1.71133452235997
			2.20102361761358	-1.70875721133232
			2.20360092864123	-1.70617990030467
			2.20360092864123	-1.70360258927702
			2.20617823966888	-1.70360258927702
			2.20617823966888	-1.70102527824937
			2.20875555069653	-1.69844796722172
			2.21133286172418	-1.69587065619407
			2.21391017275183	-1.69329334516642
			2.21391017275183	-1.69071603413877
			2.21648748377948	-1.68813872311112
			2.21906479480713	-1.68556141208347
			2.21906479480713	-1.68298410105582
			2.22164210583478	-1.68298410105582
			2.22164210583478	-1.68040679002817
			2.22421941686243	-1.67782947900052
			2.22679672789009	-1.67525216797287
			2.22937403891774	-1.67267485694521
			2.22937403891774	-1.67009754591756
			2.23195134994539	-1.66752023488991
			2.23452866097304	-1.66494292386226
			2.23710597200069	-1.66236561283461
			2.23710597200069	-1.65978830180696
			2.23968328302834	-1.65721099077931
			2.24226059405599	-1.65463367975166
			2.24226059405599	-1.65205636872401
			2.24483790508364	-1.65205636872401
			2.24483790508364	-1.64947905769636
			2.24741521611129	-1.64690174666871
			2.24999252713894	-1.64432443564106
			2.24999252713894	-1.64174712461341
			2.25256983816659	-1.63916981358576
			2.25514714919424	-1.63659250255811
			2.25514714919424	-1.63401519153046
			2.25772446022189	-1.63401519153046
			2.26030177124954	-1.63143788050281
			2.26030177124954	-1.62886056947516
			2.26287908227719	-1.6262832584475
			2.26287908227719	-1.62370594741985
			2.26545639330484	-1.6211286363922
			2.26803370433249	-1.61855132536455
			2.26803370433249	-1.6159740143369
			2.27061101536015	-1.6159740143369
			2.27061101536015	-1.61339670330925
			2.2731883263878	-1.6108193922816
			2.2731883263878	-1.60824208125395
			2.27576563741545	-1.6056647702263
			2.2783429484431	-1.60308745919865
			2.28092025947075	-1.600510148171
			2.28092025947075	-1.59793283714335
			2.2834975704984	-1.5953555261157
			2.28607488152605	-1.59277821508805
			2.28607488152605	-1.5902009040604
			2.2886521925537	-1.58762359303275
			2.2886521925537	-1.5850462820051
			2.29122950358135	-1.58246897097745
			2.293806814609	-1.57989165994979
			2.293806814609	-1.57731434892214
			2.29638412563665	-1.57473703789449
			2.29638412563665	-1.57215972686684
			2.2989614366643	-1.56958241583919
			2.30153874769195	-1.56700510481154
			2.30153874769195	-1.56442779378389
			2.3041160587196	-1.56185048275624
			2.3041160587196	-1.55927317172859
			2.30669336974725	-1.55669586070094
			2.30669336974725	-1.55411854967329
			2.3092706807749	-1.55154123864564
			2.3092706807749	-1.54896392761799
			2.31184799180255	-1.54638661659034
			2.31184799180255	-1.54380930556269
			2.3144253028302	-1.54123199453504
			2.31700261385786	-1.53865468350739
			2.31700261385786	-1.53607737247973
			2.31957992488551	-1.53350006145208
			2.31957992488551	-1.53092275042443
			2.32215723591316	-1.52834543939678
			2.32215723591316	-1.52576812836913
			2.32473454694081	-1.52319081734148
			2.32473454694081	-1.52061350631383
			2.32731185796846	-1.51803619528618
			2.32731185796846	-1.51545888425853
			2.32988916899611	-1.51288157323088
			2.32988916899611	-1.51030426220323
			2.33246648002376	-1.50772695117558
			2.33246648002376	-1.50514964014793
			2.33504379105141	-1.50257232912028
			2.33504379105141	-1.49999501809263
			2.33762110207906	-1.49741770706498
			2.33762110207906	-1.49484039603733
			2.34019841310671	-1.49226308500968
			2.34019841310671	-1.48968577398202
			2.34277572413436	-1.48710846295437
			2.34277572413436	-1.48453115192672
			2.34535303516201	-1.48195384089907
			2.34535303516201	-1.47937652987142
			2.34793034618966	-1.47679921884377
			2.34793034618966	-1.47422190781612
			2.35050765721731	-1.47164459678847
			2.35050765721731	-1.46906728576082
			2.35308496824496	-1.46648997473317
			2.35308496824496	-1.46391266370552
			2.35566227927261	-1.46133535267787
			2.35566227927261	-1.45875804165022
			2.35823959030026	-1.45618073062257
			2.35823959030026	-1.45360341959492
			2.36081690132791	-1.45102610856727
			2.36081690132791	-1.44844879753962
			2.36081690132791	-1.44587148651197
			2.36339421235557	-1.44329417548431
			2.36339421235557	-1.44071686445666
			2.36597152338322	-1.43813955342901
			2.36597152338322	-1.43556224240136
			2.36854883441087	-1.43298493137371
			2.36854883441087	-1.43040762034606
			2.37112614543852	-1.42783030931841
			2.37112614543852	-1.42525299829076
			2.37370345646617	-1.42267568726311
			2.37370345646617	-1.42009837623546
			2.37370345646617	-1.41752106520781
			2.37628076749382	-1.41494375418016
			2.37628076749382	-1.41236644315251
			2.37885807852147	-1.40978913212486
			2.37885807852147	-1.40721182109721
			2.37885807852147	-1.40463451006956
			2.38143538954912	-1.40463451006956
			2.38143538954912	-1.40205719904191
			2.38143538954912	-1.39947988801426
			2.38143538954912	-1.3969025769866
			2.38401270057677	-1.3969025769866
			2.38401270057677	-1.39432526595895
			2.38401270057677	-1.3917479549313
			2.38659001160442	-1.38917064390365
			2.38659001160442	-1.386593332876
			2.38916732263207	-1.38401602184835
			2.38916732263207	-1.3814387108207
			2.38916732263207	-1.37886139979305
			2.39174463365972	-1.3762840887654
			2.39174463365972	-1.37370677773775
			2.39432194468737	-1.3711294667101
			2.39432194468737	-1.36855215568245
			2.39432194468737	-1.3659748446548
			2.39689925571502	-1.36339753362715
			2.39689925571502	-1.3608202225995
			2.39689925571502	-1.35824291157185
			2.39947656674267	-1.3556656005442
			2.39947656674267	-1.35308828951655
			2.40205387777032	-1.35051097848889
			2.40205387777032	-1.34793366746124
			2.40205387777032	-1.34535635643359
			2.40463118879797	-1.34277904540594
			2.40463118879797	-1.34020173437829
			2.40720849982563	-1.33762442335064
			2.40720849982563	-1.33504711232299
			2.40720849982563	-1.33246980129534
			2.40978581085328	-1.32989249026769
			2.40978581085328	-1.32731517924004
			2.40978581085328	-1.32473786821239
			2.41236312188093	-1.32216055718474
			2.41236312188093	-1.31958324615709
			2.41236312188093	-1.31700593512944
			2.41494043290858	-1.31442862410179
			2.41494043290858	-1.31185131307414
			2.41751774393623	-1.30927400204649
			2.41751774393623	-1.30669669101883
			2.41751774393623	-1.30411937999118
			2.42009505496388	-1.30154206896353
			2.42009505496388	-1.29896475793588
			2.42009505496388	-1.29638744690823
			2.42009505496388	-1.29381013588058
			2.42267236599153	-1.29381013588058
			2.42267236599153	-1.29123282485293
			2.42267236599153	-1.28865551382528
			2.42267236599153	-1.28607820279763
			2.42524967701918	-1.28350089176998
			2.42524967701918	-1.28092358074233
			2.42524967701918	-1.27834626971468
			2.42782698804683	-1.27576895868703
			2.42782698804683	-1.27319164765938
			2.42782698804683	-1.27061433663173
			2.43040429907448	-1.26803702560408
			2.43040429907448	-1.26545971457643
			2.43040429907448	-1.26288240354878
			2.43298161010213	-1.26030509252112
			2.43298161010213	-1.25772778149347
			2.43298161010213	-1.25515047046582
			2.43555892112978	-1.25257315943817
			2.43555892112978	-1.24999584841052
			2.43555892112978	-1.24741853738287
			2.43555892112978	-1.24484122635522
			2.43813623215743	-1.24226391532757
			2.43813623215743	-1.23968660429992
			2.43813623215743	-1.23710929327227
			2.44071354318508	-1.23453198224462
			2.44071354318508	-1.23195467121697
			2.44071354318508	-1.22937736018932
			2.44329085421273	-1.22680004916167
			2.44329085421273	-1.22422273813402
			2.44329085421273	-1.22164542710637
			2.44329085421273	-1.21906811607872
			2.44586816524038	-1.21649080505107
			2.44586816524038	-1.21391349402341
			2.44586816524038	-1.21133618299576
			2.44844547626803	-1.20875887196811
			2.44844547626803	-1.20618156094046
			2.44844547626803	-1.20360424991281
			2.44844547626803	-1.20102693888516
			2.45102278729568	-1.19844962785751
			2.45102278729568	-1.19587231682986
			2.45102278729568	-1.19329500580221
			2.45102278729568	-1.19071769477456
			2.45360009832334	-1.18814038374691
			2.45360009832334	-1.18556307271926
			2.45360009832334	-1.18298576169161
			2.45360009832334	-1.18040845066396
			2.45617740935099	-1.18040845066396
			2.45617740935099	-1.17783113963631
			2.45617740935099	-1.17525382860866
			2.45617740935099	-1.17267651758101
			2.45875472037864	-1.17009920655336
			2.45875472037864	-1.1675218955257
			2.45875472037864	-1.16494458449805
			2.45875472037864	-1.1623672734704
			2.46133203140629	-1.15978996244275
			2.46133203140629	-1.1572126514151
			2.46133203140629	-1.15463534038745
			2.46133203140629	-1.1520580293598
			2.46390934243394	-1.14948071833215
			2.46390934243394	-1.1469034073045
			2.46390934243394	-1.14432609627685
			2.46390934243394	-1.1417487852492
			2.46648665346159	-1.13917147422155
			2.46648665346159	-1.1365941631939
			2.46648665346159	-1.13401685216625
			2.46648665346159	-1.1314395411386
			2.46906396448924	-1.12886223011095
			2.46906396448924	-1.1262849190833
			2.46906396448924	-1.12370760805564
			2.46906396448924	-1.12113029702799
			2.47164127551689	-1.11855298600034
			2.47164127551689	-1.11597567497269
			2.47164127551689	-1.11339836394504
			2.47164127551689	-1.11082105291739
			2.47421858654454	-1.10824374188974
			2.47421858654454	-1.10566643086209
			2.47421858654454	-1.10308911983444
			2.47421858654454	-1.10051180880679
			2.47421858654454	-1.09793449777914
			2.47679589757219	-1.09535718675149
			2.47679589757219	-1.09277987572384
			2.47679589757219	-1.09020256469619
		</border>
		<margin type=matrix rownames=FALSE colnames=FALSE nrow=913 ncol=2 as.numeric=TRUE >
			1.48710846295437	-2.19071437350298
			1.48968577398202	-2.19071437350298
			1.49226308500968	-2.19071437350298
			1.49484039603733	-2.19071437350298
			1.49741770706498	-2.19071437350298
			1.49999501809263	-2.19071437350298
			1.50257232912028	-2.19071437350298
			1.50514964014793	-2.19071437350298
			1.50772695117558	-2.19071437350298
			1.51030426220323	-2.19071437350298
			1.51288157323088	-2.19071437350298
			1.51545888425853	-2.19071437350298
			1.51803619528618	-2.19071437350298
			1.51803619528618	-2.18813706247533
			1.52061350631383	-2.18813706247533
			1.52319081734148	-2.18813706247533
			1.52576812836913	-2.18813706247533
			1.52834543939678	-2.18813706247533
			1.53092275042443	-2.18813706247533
			1.53350006145208	-2.18813706247533
			1.53607737247973	-2.18813706247533
			1.53865468350739	-2.18813706247533
			1.54123199453504	-2.18813706247533
			1.54380930556269	-2.18813706247533
			1.54638661659034	-2.18813706247533
			1.54896392761799	-2.18813706247533
			1.55154123864564	-2.18813706247533
			1.55411854967329	-2.18813706247533
			1.55669586070094	-2.18555975144768
			1.55927317172859	-2.18555975144768
			1.56185048275624	-2.18555975144768
			1.56442779378389	-2.18555975144768
			1.56700510481154	-2.18555975144768
			1.56958241583919	-2.18555975144768
			1.57215972686684	-2.18555975144768
			1.57473703789449	-2.18555975144768
			1.57731434892214	-2.18555975144768
			1.57989165994979	-2.18555975144768
			1.58246897097745	-2.18298244042003
			1.5850462820051	-2.18298244042003
			1.58762359303275	-2.18298244042003
			1.5902009040604	-2.18298244042003
			1.59277821508805	-2.18298244042003
			1.5953555261157	-2.18298244042003
			1.59793283714335	-2.18298244042003
			1.600510148171	-2.18298244042003
			1.60308745919865	-2.18298244042003
			1.6056647702263	-2.18040512939238
			1.60824208125395	-2.18040512939238
			1.6108193922816	-2.18040512939238
			1.61339670330925	-2.18040512939238
			1.6159740143369	-2.18040512939238
			1.61855132536455	-2.18040512939238
			1.6211286363922	-2.18040512939238
			1.62370594741985	-2.17782781836473
			1.6262832584475	-2.17782781836473
			1.62886056947516	-2.17782781836473
			1.63143788050281	-2.17782781836473
			1.63401519153046	-2.17782781836473
			1.63659250255811	-2.17782781836473
			1.63916981358576	-2.17525050733707
			1.64174712461341	-2.17525050733707
			1.64432443564106	-2.17525050733707
			1.64690174666871	-2.17525050733707
			1.64947905769636	-2.17525050733707
			1.65205636872401	-2.17525050733707
			1.65463367975166	-2.17267319630942
			1.65721099077931	-2.17267319630942
			1.65978830180696	-2.17267319630942
			1.66236561283461	-2.17267319630942
			1.66494292386226	-2.17267319630942
			1.66752023488991	-2.17009588528177
			1.67009754591756	-2.17009588528177
			1.67267485694521	-2.17009588528177
			1.67525216797287	-2.17009588528177
			1.67782947900052	-2.17009588528177
			1.68040679002817	-2.17009588528177
			1.68298410105582	-2.16751857425412
			1.68556141208347	-2.16751857425412
			1.68813872311112	-2.16751857425412
			1.69071603413877	-2.16751857425412
			1.69329334516642	-2.16494126322647
			1.69587065619407	-2.16494126322647
			1.69844796722172	-2.16494126322647
			1.70102527824937	-2.16494126322647
			1.70360258927702	-2.16494126322647
			1.70617990030467	-2.16236395219882
			1.70875721133232	-2.16236395219882
			1.71133452235997	-2.16236395219882
			1.71391183338762	-2.16236395219882
			1.71648914441527	-2.15978664117117
			1.71906645544292	-2.15978664117117
			1.72164376647058	-2.15978664117117
			1.72422107749823	-2.15978664117117
			1.72679838852588	-2.15978664117117
			1.72937569955353	-2.15720933014352
			1.73195301058118	-2.15720933014352
			1.73453032160883	-2.15720933014352
			1.73710763263648	-2.15463201911587
			1.73968494366413	-2.15463201911587
			1.74226225469178	-2.15463201911587
			1.74483956571943	-2.15463201911587
			1.74741687674708	-2.15205470808822
			1.74999418777473	-2.15205470808822
			1.75257149880238	-2.15205470808822
			1.75514880983003	-2.15205470808822
			1.75514880983003	-2.14947739706057
			1.75772612085768	-2.14947739706057
			1.76030343188533	-2.14947739706057
			1.76288074291298	-2.14947739706057
			1.76545805394064	-2.14690008603292
			1.76803536496829	-2.14690008603292
			1.77061267599594	-2.14690008603292
			1.77318998702359	-2.14432277500527
			1.77576729805124	-2.14432277500527
			1.77834460907889	-2.14432277500527
			1.78092192010654	-2.14174546397762
			1.78349923113419	-2.14174546397762
			1.78607654216184	-2.14174546397762
			1.78865385318949	-2.14174546397762
			1.79123116421714	-2.13916815294997
			1.79380847524479	-2.13916815294997
			1.79638578627244	-2.13916815294997
			1.79896309730009	-2.13659084192232
			1.80154040832774	-2.13659084192232
			1.80411771935539	-2.13659084192232
			1.80669503038304	-2.13401353089467
			1.80927234141069	-2.13401353089467
			1.81184965243835	-2.13401353089467
			1.814426963466	-2.13143621986701
			1.81700427449365	-2.13143621986701
			1.8195815855213	-2.13143621986701
			1.82215889654895	-2.12885890883936
			1.8247362075766	-2.12885890883936
			1.82731351860425	-2.12885890883936
			1.8298908296319	-2.12628159781171
			1.83246814065955	-2.12628159781171
			1.8350454516872	-2.12370428678406
			1.83762276271485	-2.12370428678406
			1.8402000737425	-2.12370428678406
			1.84277738477015	-2.12112697575641
			1.8453546957978	-2.12112697575641
			1.84793200682545	-2.11854966472876
			1.8505093178531	-2.11854966472876
			1.85308662888075	-2.11854966472876
			1.8556639399084	-2.11597235370111
			1.85824125093606	-2.11597235370111
			1.86081856196371	-2.11339504267346
			1.86339587299136	-2.11339504267346
			1.86597318401901	-2.11339504267346
			1.86855049504666	-2.11081773164581
			1.87112780607431	-2.11081773164581
			1.87370511710196	-2.10824042061816
			1.87628242812961	-2.10824042061816
			1.87885973915726	-2.10566310959051
			1.88143705018491	-2.10566310959051
			1.88401436121256	-2.10566310959051
			1.88659167224021	-2.10308579856286
			1.88916898326786	-2.10308579856286
			1.89174629429551	-2.10050848753521
			1.89432360532316	-2.10050848753521
			1.89690091635081	-2.09793117650756
			1.89947822737846	-2.09793117650756
			1.90205553840611	-2.09793117650756
			1.90463284943377	-2.09535386547991
			1.90721016046142	-2.09535386547991
			1.90978747148907	-2.09277655445226
			1.91236478251672	-2.09277655445226
			1.91494209354437	-2.09019924342461
			1.91751940457202	-2.09019924342461
			1.92009671559967	-2.08762193239696
			1.92267402662732	-2.08762193239696
			1.92525133765497	-2.08762193239696
			1.92782864868262	-2.0850446213693
			1.93040595971027	-2.0850446213693
			1.93298327073792	-2.08246731034165
			1.93556058176557	-2.079889999314
			1.93813789279322	-2.079889999314
			1.94071520382087	-2.07731268828635
			1.94329251484852	-2.07731268828635
			1.94586982587617	-2.0747353772587
			1.94844713690382	-2.0747353772587
			1.95102444793148	-2.07215806623105
			1.95360175895913	-2.07215806623105
			1.95617906998678	-2.0695807552034
			1.95875638101443	-2.0695807552034
			1.96133369204208	-2.06700344417575
			1.96391100306973	-2.06700344417575
			1.96648831409738	-2.0644261331481
			1.96906562512503	-2.0644261331481
			1.97164293615268	-2.06184882212045
			1.97422024718033	-2.0592715110928
			1.97679755820798	-2.0592715110928
			1.97937486923563	-2.05669420006515
			1.98195218026328	-2.05669420006515
			1.98452949129093	-2.0541168890375
			1.98710680231858	-2.0541168890375
			1.98968411334623	-2.05153957800985
			1.99226142437388	-2.05153957800985
			1.99483873540154	-2.0489622669822
			1.99741604642919	-2.04638495595455
			1.99999335745684	-2.04638495595455
			2.00257066848449	-2.0438076449269
			2.00514797951214	-2.0438076449269
			2.00772529053979	-2.04123033389925
			2.01030260156744	-2.04123033389925
			2.01287991259509	-2.03865302287159
			2.01545722362274	-2.03607571184394
			2.01803453465039	-2.03607571184394
			2.02061184567804	-2.03349840081629
			2.02318915670569	-2.03349840081629
			2.02318915670569	-2.03092108978864
			2.02576646773334	-2.02834377876099
			2.02834377876099	-2.02576646773334
			2.03092108978864	-2.02576646773334
			2.03349840081629	-2.02318915670569
			2.03607571184394	-2.02061184567804
			2.03865302287159	-2.01803453465039
			2.04123033389925	-2.01545722362274
			2.0438076449269	-2.01287991259509
			2.04638495595455	-2.01030260156744
			2.0489622669822	-2.00772529053979
			2.05153957800985	-2.00514797951214
			2.0541168890375	-2.00257066848449
			2.05669420006515	-1.99999335745684
			2.0592715110928	-1.99741604642919
			2.06184882212045	-1.99483873540154
			2.0644261331481	-1.99483873540154
			2.06700344417575	-1.99226142437388
			2.0695807552034	-1.98968411334623
			2.07215806623105	-1.98710680231858
			2.0747353772587	-1.98452949129093
			2.07731268828635	-1.98195218026328
			2.079889999314	-1.97937486923563
			2.08246731034165	-1.97679755820798
			2.0850446213693	-1.97422024718033
			2.08762193239696	-1.97164293615268
			2.09019924342461	-1.96906562512503
			2.09277655445226	-1.96648831409738
			2.09535386547991	-1.96391100306973
			2.09793117650756	-1.96133369204208
			2.10050848753521	-1.96133369204208
			2.10308579856286	-1.95875638101443
			2.10566310959051	-1.95617906998678
			2.10824042061816	-1.95360175895913
			2.11081773164581	-1.95102444793148
			2.11339504267346	-1.94844713690382
			2.11597235370111	-1.94586982587617
			2.11854966472876	-1.94329251484852
			2.12112697575641	-1.94071520382087
			2.12370428678406	-1.93813789279322
			2.12628159781171	-1.93556058176557
			2.12885890883936	-1.93298327073792
			2.13143621986701	-1.93040595971027
			2.13401353089467	-1.92782864868262
			2.13401353089467	-1.92525133765497
			2.13659084192232	-1.92267402662732
			2.13916815294997	-1.92009671559967
			2.14174546397762	-1.91751940457202
			2.14432277500527	-1.91494209354437
			2.14690008603292	-1.91236478251672
			2.14947739706057	-1.90978747148907
			2.15205470808822	-1.90721016046142
			2.15463201911587	-1.90463284943377
			2.15720933014352	-1.90205553840611
			2.15978664117117	-1.89947822737846
			2.16236395219882	-1.89947822737846
			2.16236395219882	-1.89690091635081
			2.16494126322647	-1.89432360532316
			2.16751857425412	-1.89174629429551
			2.17009588528177	-1.88916898326786
			2.17267319630942	-1.88659167224021
			2.17525050733707	-1.88401436121256
			2.17782781836473	-1.88143705018491
			2.18040512939238	-1.87885973915726
			2.18298244042003	-1.87628242812961
			2.18555975144768	-1.87370511710196
			2.18555975144768	-1.87112780607431
			2.18813706247533	-1.86855049504666
			2.19071437350298	-1.86597318401901
			2.19329168453063	-1.86339587299136
			2.19586899555828	-1.86081856196371
			2.19844630658593	-1.85824125093606
			2.20102361761358	-1.8556639399084
			2.20102361761358	-1.85308662888075
			2.20360092864123	-1.8505093178531
			2.20617823966888	-1.84793200682545
			2.20875555069653	-1.8453546957978
			2.21133286172418	-1.84277738477015
			2.21391017275183	-1.8402000737425
			2.21648748377948	-1.83762276271485
			2.21648748377948	-1.8350454516872
			2.21906479480713	-1.83246814065955
			2.22164210583478	-1.8298908296319
			2.22421941686243	-1.82731351860425
			2.22679672789009	-1.8247362075766
			2.22937403891774	-1.82215889654895
			2.22937403891774	-1.8195815855213
			2.23195134994539	-1.81700427449365
			2.23452866097304	-1.814426963466
			2.23452866097304	-1.81184965243835
			2.23710597200069	-1.81184965243835
			2.23710597200069	-1.80927234141069
			2.23968328302834	-1.80669503038304
			2.24226059405599	-1.80411771935539
			2.24483790508364	-1.80154040832774
			2.24741521611129	-1.79896309730009
			2.24741521611129	-1.79638578627244
			2.24999252713894	-1.79380847524479
			2.25256983816659	-1.79123116421714
			2.25514714919424	-1.78865385318949
			2.25514714919424	-1.78607654216184
			2.25772446022189	-1.78349923113419
			2.26030177124954	-1.78092192010654
			2.26030177124954	-1.77834460907889
			2.26287908227719	-1.77576729805124
			2.26545639330484	-1.77318998702359
			2.26803370433249	-1.77061267599594
			2.27061101536015	-1.76803536496829
			2.27061101536015	-1.76545805394064
			2.2731883263878	-1.76288074291298
			2.27576563741545	-1.76030343188533
			2.2783429484431	-1.75772612085768
			2.2783429484431	-1.75514880983003
			2.28092025947075	-1.75257149880238
			2.2834975704984	-1.74999418777473
			2.2834975704984	-1.74741687674708
			2.28607488152605	-1.74741687674708
			2.28607488152605	-1.74483956571943
			2.2886521925537	-1.74226225469178
			2.2886521925537	-1.73968494366413
			2.29122950358135	-1.73968494366413
			2.293806814609	-1.73710763263648
			2.293806814609	-1.73453032160883
			2.29638412563665	-1.73195301058118
			2.29638412563665	-1.72937569955353
			2.2989614366643	-1.72937569955353
			2.2989614366643	-1.72679838852588
			2.30153874769195	-1.72422107749823
			2.30153874769195	-1.72164376647058
			2.3041160587196	-1.71906645544292
			2.30669336974725	-1.71648914441527
			2.3092706807749	-1.71391183338762
			2.3092706807749	-1.71133452235997
			2.31184799180255	-1.70875721133232
			2.3144253028302	-1.70617990030467
			2.3144253028302	-1.70360258927702
			2.31700261385786	-1.70102527824937
			2.31957992488551	-1.69844796722172
			2.31957992488551	-1.69587065619407
			2.32215723591316	-1.69329334516642
			2.32473454694081	-1.69071603413877
			2.32473454694081	-1.68813872311112
			2.32731185796846	-1.68556141208347
			2.32731185796846	-1.68298410105582
			2.32988916899611	-1.68040679002817
			2.33246648002376	-1.67782947900052
			2.33246648002376	-1.67525216797287
			2.33504379105141	-1.67267485694521
			2.33762110207906	-1.67009754591756
			2.33762110207906	-1.66752023488991
			2.34019841310671	-1.66494292386226
			2.34019841310671	-1.66236561283461
			2.34277572413436	-1.65978830180696
			2.34535303516201	-1.65721099077931
			2.34535303516201	-1.65463367975166
			2.34793034618966	-1.65205636872401
			2.34793034618966	-1.64947905769636
			2.35050765721731	-1.64690174666871
			2.35308496824496	-1.64432443564106
			2.35308496824496	-1.64174712461341
			2.35566227927261	-1.63916981358576
			2.35566227927261	-1.63659250255811
			2.35823959030026	-1.63401519153046
			2.36081690132791	-1.63143788050281
			2.36081690132791	-1.62886056947516
			2.36339421235557	-1.6262832584475
			2.36339421235557	-1.62370594741985
			2.36597152338322	-1.6211286363922
			2.36854883441087	-1.61855132536455
			2.36854883441087	-1.6159740143369
			2.37112614543852	-1.61339670330925
			2.37112614543852	-1.6108193922816
			2.37370345646617	-1.60824208125395
			2.37370345646617	-1.6056647702263
			2.37628076749382	-1.60308745919865
			2.37885807852147	-1.600510148171
			2.37885807852147	-1.59793283714335
			2.38143538954912	-1.5953555261157
			2.38143538954912	-1.59277821508805
			2.38401270057677	-1.5902009040604
			2.38659001160442	-1.58762359303275
			2.38659001160442	-1.5850462820051
			2.38916732263207	-1.58246897097745
			2.38916732263207	-1.57989165994979
			2.39174463365972	-1.57731434892214
			2.39174463365972	-1.57473703789449
			2.39432194468737	-1.57215972686684
			2.39432194468737	-1.56958241583919
			2.39689925571502	-1.56700510481154
			2.39947656674267	-1.56442779378389
			2.39947656674267	-1.56185048275624
			2.40205387777032	-1.55927317172859
			2.40205387777032	-1.55669586070094
			2.40463118879797	-1.55411854967329
			2.40463118879797	-1.55154123864564
			2.40720849982563	-1.54896392761799
			2.40720849982563	-1.54638661659034
			2.40978581085328	-1.54380930556269
			2.40978581085328	-1.54123199453504
			2.41236312188093	-1.53865468350739
			2.41236312188093	-1.53607737247973
			2.41494043290858	-1.53350006145208
			2.41494043290858	-1.53092275042443
			2.41751774393623	-1.52834543939678
			2.41751774393623	-1.52576812836913
			2.42009505496388	-1.52576812836913
			2.42009505496388	-1.52319081734148
			2.42267236599153	-1.52061350631383
			2.42267236599153	-1.51803619528618
			2.42524967701918	-1.51545888425853
			2.42524967701918	-1.51288157323088
			2.42782698804683	-1.51030426220323
			2.42782698804683	-1.50772695117558
			2.43040429907448	-1.50514964014793
			2.43040429907448	-1.50257232912028
			2.43298161010213	-1.49999501809263
			2.43298161010213	-1.49741770706498
			2.43555892112978	-1.49484039603733
			2.43555892112978	-1.49226308500968
			2.43813623215743	-1.48968577398202
			2.43813623215743	-1.48710846295437
			2.44071354318508	-1.48453115192672
			2.44071354318508	-1.48195384089907
			2.44071354318508	-1.47937652987142
			2.44329085421273	-1.47679921884377
			2.44329085421273	-1.47422190781612
			2.44586816524038	-1.47164459678847
			2.44844547626803	-1.46906728576082
			2.44844547626803	-1.46648997473317
			2.44844547626803	-1.46391266370552
			2.45102278729568	-1.46391266370552
			2.45102278729568	-1.46133535267787
			2.45102278729568	-1.45875804165022
			2.45360009832334	-1.45875804165022
			2.45360009832334	-1.45618073062257
			2.45360009832334	-1.45360341959492
			2.45617740935099	-1.45102610856727
			2.45617740935099	-1.44844879753962
			2.45875472037864	-1.44587148651197
			2.45875472037864	-1.44329417548431
			2.46133203140629	-1.44071686445666
			2.46133203140629	-1.43813955342901
			2.46390934243394	-1.43556224240136
			2.46390934243394	-1.43298493137371
			2.46648665346159	-1.43040762034606
			2.46648665346159	-1.42783030931841
			2.46906396448924	-1.42525299829076
			2.46906396448924	-1.42267568726311
			2.46906396448924	-1.42009837623546
			2.47164127551689	-1.41752106520781
			2.47164127551689	-1.41494375418016
			2.47421858654454	-1.41236644315251
			2.47421858654454	-1.40978913212486
			2.47679589757219	-1.40721182109721
			2.47679589757219	-1.40463451006956
			2.47679589757219	-1.40205719904191
			2.47937320859984	-1.39947988801426
			2.47937320859984	-1.3969025769866
			2.48195051962749	-1.39432526595895
			2.48195051962749	-1.3917479549313
			2.48452783065514	-1.38917064390365
			2.48452783065514	-1.386593332876
			2.48452783065514	-1.38401602184835
			2.48710514168279	-1.3814387108207
			2.48710514168279	-1.37886139979305
			2.48968245271044	-1.37886139979305
			2.48968245271044	-1.3762840887654
			2.48968245271044	-1.37370677773775
			2.49225976373809	-1.3711294667101
			2.49225976373809	-1.36855215568245
			2.49483707476574	-1.3659748446548
			2.49483707476574	-1.36339753362715
			2.49483707476574	-1.3608202225995
			2.49741438579339	-1.35824291157185
			2.49741438579339	-1.3556656005442
			2.49741438579339	-1.35308828951655
			2.49999169682105	-1.35051097848889
			2.49999169682105	-1.34793366746124
			2.5025690078487	-1.34535635643359
			2.5025690078487	-1.34277904540594
			2.5025690078487	-1.34020173437829
			2.50514631887635	-1.33762442335064
			2.50514631887635	-1.33504711232299
			2.50514631887635	-1.33246980129534
			2.507723629904	-1.32989249026769
			2.507723629904	-1.32731517924004
			2.51030094093165	-1.32731517924004
			2.51030094093165	-1.32473786821239
			2.51030094093165	-1.32216055718474
			2.5128782519593	-1.31958324615709
			2.5128782519593	-1.31700593512944
			2.5128782519593	-1.31442862410179
			2.51545556298695	-1.31185131307414
			2.51545556298695	-1.30927400204649
			2.51545556298695	-1.30669669101883
			2.5180328740146	-1.30411937999118
			2.5180328740146	-1.30154206896353
			2.5180328740146	-1.29896475793588
			2.52061018504225	-1.29638744690823
			2.52061018504225	-1.29381013588058
			2.52061018504225	-1.29123282485293
			2.5231874960699	-1.28865551382528
			2.5231874960699	-1.28607820279763
			2.52576480709755	-1.28350089176998
			2.52576480709755	-1.28092358074233
			2.52576480709755	-1.27834626971468
			2.5283421181252	-1.27576895868703
			2.5283421181252	-1.27319164765938
			2.5283421181252	-1.27061433663173
			2.53091942915285	-1.26803702560408
			2.53091942915285	-1.26545971457643
			2.53091942915285	-1.26288240354878
			2.53091942915285	-1.26030509252112
			2.5334967401805	-1.26030509252112
			2.5334967401805	-1.25772778149347
			2.5334967401805	-1.25515047046582
			2.53607405120815	-1.25257315943817
			2.53607405120815	-1.24999584841052
			2.53607405120815	-1.24741853738287
			2.5386513622358	-1.24484122635522
			2.5386513622358	-1.24226391532757
			2.5386513622358	-1.23968660429992
			2.5386513622358	-1.23710929327227
			2.54122867326345	-1.23453198224462
			2.54122867326345	-1.23195467121697
			2.54122867326345	-1.22937736018932
			2.5438059842911	-1.22680004916167
			2.5438059842911	-1.22422273813402
			2.5438059842911	-1.22164542710637
			2.5438059842911	-1.21906811607872
			2.54638329531876	-1.21649080505107
			2.54638329531876	-1.21391349402341
			2.54638329531876	-1.21133618299576
			2.54896060634641	-1.21133618299576
			2.54896060634641	-1.20875887196811
			2.54896060634641	-1.20618156094046
			2.54896060634641	-1.20360424991281
			2.55153791737406	-1.20102693888516
			2.55153791737406	-1.19844962785751
			2.55153791737406	-1.19587231682986
			2.55153791737406	-1.19329500580221
			2.55411522840171	-1.19071769477456
			2.55411522840171	-1.18814038374691
			2.55411522840171	-1.18556307271926
			2.55411522840171	-1.18298576169161
			2.55669253942936	-1.18040845066396
			2.55669253942936	-1.17783113963631
			2.55669253942936	-1.17525382860866
			2.55669253942936	-1.17267651758101
			2.55926985045701	-1.17009920655336
			2.55926985045701	-1.1675218955257
			2.55926985045701	-1.16494458449805
			2.56184716148466	-1.1623672734704
			2.56184716148466	-1.15978996244275
			2.56184716148466	-1.1572126514151
			2.56184716148466	-1.15463534038745
			2.56442447251231	-1.1520580293598
			2.56442447251231	-1.14948071833215
			2.56442447251231	-1.1469034073045
			2.56442447251231	-1.14432609627685
			2.56442447251231	-1.1417487852492
			2.56700178353996	-1.13917147422155
			2.56700178353996	-1.1365941631939
			2.56700178353996	-1.13401685216625
			2.56700178353996	-1.1314395411386
			2.56957909456761	-1.12886223011095
			2.56957909456761	-1.1262849190833
			2.56957909456761	-1.12370760805564
			2.56957909456761	-1.12113029702799
			2.56957909456761	-1.11855298600034
			2.57215640559526	-1.11597567497269
			2.57215640559526	-1.11339836394504
			2.57215640559526	-1.11082105291739
			2.56957909456761	-1.10824374188974
			2.56957909456761	-1.10566643086209
			2.56700178353996	-1.10308911983444
			2.56700178353996	-1.10051180880679
			2.56442447251231	-1.09793449777914
			2.56442447251231	-1.09535718675149
			2.56184716148466	-1.09277987572384
			2.56184716148466	-1.09020256469619
			2.55926985045701	-1.08762525366854
			2.55669253942936	-1.08504794264089
			2.55669253942936	-1.08247063161324
			2.55411522840171	-1.07989332058559
			2.55411522840171	-1.07731600955794
			2.55153791737406	-1.07473869853028
			2.55153791737406	-1.07216138750263
			2.54896060634641	-1.06958407647498
			2.54896060634641	-1.06700676544733
			2.54638329531876	-1.06442945441968
			2.54638329531876	-1.06185214339203
			2.5438059842911	-1.05927483236438
			2.5438059842911	-1.05669752133673
			2.54122867326345	-1.05412021030908
			2.54122867326345	-1.05154289928143
			2.5386513622358	-1.04896558825378
			2.53607405120815	-1.04638827722613
			2.5334967401805	-1.04381096619848
			2.5334967401805	-1.04123365517083
			2.5334967401805	-1.03865634414318
			2.53091942915285	-1.03865634414318
			2.53091942915285	-1.03607903311553
			2.53091942915285	-1.03350172208788
			2.5283421181252	-1.03350172208788
			2.5283421181252	-1.03092441106022
			2.52576480709755	-1.02834710003257
			2.52576480709755	-1.02576978900492
			2.5231874960699	-1.02319247797727
			2.52061018504225	-1.02061516694962
			2.52061018504225	-1.01803785592197
			2.5180328740146	-1.01546054489432
			2.5180328740146	-1.01288323386667
			2.51545556298695	-1.01030592283902
			2.51545556298695	-1.00772861181137
			2.5128782519593	-1.00515130078372
			2.51030094093165	-1.00257398975607
			2.51030094093165	-0.999996678728418
			2.507723629904	-0.997419367700768
			2.507723629904	-0.994842056673117
			2.50514631887635	-0.992264745645466
			2.50514631887635	-0.989687434617816
			2.5025690078487	-0.987110123590165
			2.5025690078487	-0.984532812562515
			2.49999169682105	-0.984532812562515
			2.49999169682105	-0.981955501534864
			2.49741438579339	-0.979378190507214
			2.49483707476574	-0.976800879479563
			2.49483707476574	-0.974223568451912
			2.49225976373809	-0.971646257424262
			2.49225976373809	-0.969068946396611
			2.48968245271044	-0.966491635368961
			2.48968245271044	-0.96391432434131
			2.48710514168279	-0.96133701331366
			2.48710514168279	-0.958759702286009
			2.48452783065514	-0.958759702286009
			2.48452783065514	-0.956182391258359
			2.48195051962749	-0.953605080230708
			2.47937320859984	-0.951027769203057
			2.47937320859984	-0.948450458175407
			2.47679589757219	-0.945873147147756
			2.47679589757219	-0.943295836120106
			2.47421858654454	-0.940718525092455
			2.47421858654454	-0.938141214064805
			2.47164127551689	-0.938141214064805
			2.47164127551689	-0.935563903037154
			2.46906396448924	-0.932986592009504
			2.46906396448924	-0.930409280981853
			2.46648665346159	-0.927831969954202
			2.46390934243394	-0.925254658926552
			2.46390934243394	-0.922677347898901
			2.46133203140629	-0.920100036871251
			2.45875472037864	-0.9175227258436
			2.45875472037864	-0.914945414815949
			2.45617740935099	-0.912368103788299
			2.45360009832334	-0.909790792760648
			2.45360009832334	-0.907213481732998
			2.45102278729568	-0.904636170705347
			2.44844547626803	-0.902058859677697
			2.44844547626803	-0.899481548650046
			2.44586816524038	-0.896904237622396
			2.44329085421273	-0.894326926594745
			2.44329085421273	-0.891749615567094
			2.44071354318508	-0.889172304539444
			2.43813623215743	-0.886594993511793
			2.43813623215743	-0.884017682484143
			2.43555892112978	-0.881440371456492
			2.43298161010213	-0.878863060428842
			2.43298161010213	-0.876285749401191
			2.43040429907448	-0.873708438373541
			2.43040429907448	-0.87113112734589
			2.42782698804683	-0.868553816318239
			2.42524967701918	-0.865976505290589
			2.42524967701918	-0.863399194262938
			2.42267236599153	-0.860821883235288
			2.42009505496388	-0.858244572207637
			2.42009505496388	-0.855667261179987
			2.41751774393623	-0.853089950152336
			2.41494043290858	-0.850512639124685
			2.41494043290858	-0.847935328097035
			2.41236312188093	-0.845358017069384
			2.40978581085328	-0.842780706041734
			2.40978581085328	-0.840203395014083
			2.40720849982563	-0.837626083986433
			2.40463118879797	-0.835048772958782
			2.40463118879797	-0.832471461931132
			2.40205387777032	-0.832471461931132
			2.40205387777032	-0.829894150903481
			2.39947656674267	-0.82731683987583
			2.39689925571502	-0.82473952884818
			2.39689925571502	-0.822162217820529
			2.39432194468737	-0.819584906792879
			2.39432194468737	-0.817007595765228
			2.39174463365972	-0.814430284737578
			2.39174463365972	-0.811852973709927
			2.39174463365972	-0.809275662682276
			2.38916732263207	-0.806698351654626
			2.38916732263207	-0.804121040626975
			2.38916732263207	-0.801543729599325
			2.38659001160442	-0.798966418571674
			2.38659001160442	-0.796389107544024
			2.38659001160442	-0.793811796516373
			2.38401270057677	-0.791234485488723
			2.38401270057677	-0.788657174461072
			2.38143538954912	-0.786079863433421
			2.38143538954912	-0.783502552405771
			2.38143538954912	-0.78092524137812
			2.37885807852147	-0.77834793035047
			2.37885807852147	-0.775770619322819
			2.37628076749382	-0.773193308295169
			2.37628076749382	-0.770615997267518
			2.37370345646617	-0.768038686239867
			2.37370345646617	-0.765461375212217
			2.37112614543852	-0.762884064184566
			2.37112614543852	-0.760306753156916
			2.37112614543852	-0.757729442129265
			2.36854883441087	-0.755152131101615
			2.36854883441087	-0.752574820073964
			2.36597152338322	-0.749997509046314
			2.36597152338322	-0.747420198018663
			2.36339421235557	-0.744842886991012
			2.36081690132791	-0.742265575963362
			2.36081690132791	-0.739688264935711
			2.35823959030026	-0.737110953908061
			2.35823959030026	-0.73453364288041
			2.35566227927261	-0.73195633185276
			2.35566227927261	-0.729379020825109
			2.35308496824496	-0.726801709797459
			2.35308496824496	-0.724224398769808
			2.35050765721731	-0.721647087742157
			2.34793034618966	-0.719069776714507
			2.34793034618966	-0.716492465686856
			2.34535303516201	-0.713915154659206
			2.34277572413436	-0.711337843631555
			2.34277572413436	-0.708760532603905
			2.34019841310671	-0.706183221576254
			2.33762110207906	-0.703605910548603
			2.33504379105141	-0.701028599520953
			2.33504379105141	-0.698451288493302
			2.33246648002376	-0.698451288493302
			2.33246648002376	-0.695873977465652
			2.32988916899611	-0.693296666438001
			2.32731185796846	-0.690719355410351
			2.32473454694081	-0.6881420443827
			2.32473454694081	-0.68556473335505
			2.32215723591316	-0.682987422327399
			2.32215723591316	-0.680410111299748
			2.31957992488551	-0.677832800272098
			2.31700261385786	-0.677832800272098
			2.31700261385786	-0.675255489244447
			2.3144253028302	-0.672678178216797
			2.31184799180255	-0.670100867189146
			2.3092706807749	-0.667523556161496
			2.30669336974725	-0.664946245133845
			2.3041160587196	-0.662368934106194
			2.3041160587196	-0.659791623078544
			2.30153874769195	-0.657214312050893
			2.2989614366643	-0.654637001023243
			2.29638412563665	-0.652059689995592
			2.293806814609	-0.649482378967942
			2.29122950358135	-0.646905067940291
			2.2886521925537	-0.644327756912641
			2.28607488152605	-0.644327756912641
			2.28607488152605	-0.64175044588499
			2.2834975704984	-0.639173134857339
			2.28092025947075	-0.636595823829689
			2.2783429484431	-0.634018512802038
			2.27576563741545	-0.631441201774388
			2.2731883263878	-0.628863890746737
			2.27061101536015	-0.626286579719087
			2.26803370433249	-0.623709268691436
			2.26545639330484	-0.623709268691436
			2.26287908227719	-0.621131957663785
			2.26030177124954	-0.618554646636135
			2.25772446022189	-0.615977335608484
			2.25514714919424	-0.613400024580834
			2.25256983816659	-0.610822713553183
			2.24999252713894	-0.608245402525533
			2.24741521611129	-0.605668091497882
			2.24483790508364	-0.605668091497882
			2.24226059405599	-0.603090780470232
			2.23968328302834	-0.600513469442581
			2.23710597200069	-0.59793615841493
			2.23452866097304	-0.59535884738728
			2.23195134994539	-0.592781536359629
			2.22937403891774	-0.590204225331979
			2.22679672789009	-0.590204225331979
			2.22421941686243	-0.587626914304328
			2.22164210583478	-0.587626914304328
			2.22164210583478	-0.585049603276678
			2.21906479480713	-0.582472292249027
			2.21648748377948	-0.582472292249027
			2.21648748377948	-0.579894981221377
			2.21391017275183	-0.579894981221377
			2.21133286172418	-0.577317670193726
			2.20875555069653	-0.577317670193726
			2.20875555069653	-0.574740359166075
			2.20617823966888	-0.574740359166075
			2.20360092864123	-0.572163048138425
			2.20102361761358	-0.569585737110774
			2.19844630658593	-0.567008426083124
			2.19586899555828	-0.567008426083124
			2.19329168453063	-0.564431115055473
			2.19071437350298	-0.564431115055473
			2.18813706247533	-0.561853804027822
			2.18555975144768	-0.561853804027822
			2.18298244042003	-0.559276493000172
			2.18298244042003	-0.556699181972521
			2.18040512939238	-0.556699181972521
			2.17782781836473	-0.554121870944871
			2.17525050733707	-0.554121870944871
			2.17267319630942	-0.55154455991722
			2.17009588528177	-0.54896724888957
			2.16751857425412	-0.54896724888957
			2.16494126322647	-0.546389937861919
			2.16236395219882	-0.546389937861919
			2.15978664117117	-0.543812626834269
			2.15720933014352	-0.541235315806618
			2.15463201911587	-0.541235315806618
			2.15205470808822	-0.538658004778968
			2.14947739706057	-0.536080693751317
			2.14690008603292	-0.536080693751317
			2.14432277500527	-0.533503382723666
			2.14174546397762	-0.533503382723666
			2.13916815294997	-0.530926071696016
			2.13659084192232	-0.530926071696016
			2.13401353089467	-0.528348760668365
			2.13143621986701	-0.525771449640715
			2.12885890883936	-0.525771449640715
			2.12628159781171	-0.523194138613064
			2.12370428678406	-0.520616827585413
			2.12112697575641	-0.520616827585413
			2.11854966472876	-0.518039516557763
			2.11597235370111	-0.518039516557763
			2.11339504267346	-0.515462205530112
			2.11081773164581	-0.515462205530112
			2.10824042061816	-0.512884894502462
			2.10566310959051	-0.512884894502462
			2.10308579856286	-0.510307583474811
			2.10050848753521	-0.510307583474811
			2.09793117650756	-0.507730272447161
			2.09535386547991	-0.507730272447161
			2.09277655445226	-0.50515296141951
			2.09019924342461	-0.50515296141951
			2.08762193239696	-0.50257565039186
			2.0850446213693	-0.50257565039186
			2.08246731034165	-0.499998339364209
			2.079889999314	-0.499998339364209
			2.07731268828635	-0.497421028336558
			2.0747353772587	-0.497421028336558
			2.07215806623105	-0.494843717308908
			2.0695807552034	-0.494843717308908
			2.06700344417575	-0.492266406281257
			2.0644261331481	-0.492266406281257
			2.06184882212045	-0.489689095253607
			2.0592715110928	-0.489689095253607
			2.05669420006515	-0.487111784225956
			2.0541168890375	-0.487111784225956
			2.05153957800985	-0.487111784225956
			2.05153957800985	-0.484534473198306
			2.0489622669822	-0.484534473198306
			2.04638495595455	-0.481957162170655
			2.0438076449269	-0.481957162170655
			2.04123033389925	-0.479379851143005
			2.03865302287159	-0.479379851143005
			2.03607571184394	-0.476802540115354
			2.03349840081629	-0.476802540115354
			2.03092108978864	-0.476802540115354
			2.02834377876099	-0.474225229087703
			2.02576646773334	-0.474225229087703
			2.02318915670569	-0.471647918060053
			2.02061184567804	-0.471647918060053
			2.01803453465039	-0.471647918060053
			2.01803453465039	-0.469070607032402
			2.01545722362274	-0.469070607032402
			2.01287991259509	-0.469070607032402
			2.01030260156744	-0.466493296004752
			2.00772529053979	-0.466493296004752
			2.00514797951214	-0.463915984977101
			2.00257066848449	-0.463915984977101
			1.99999335745684	-0.461338673949451
			1.99741604642919	-0.461338673949451
			1.99483873540154	-0.461338673949451
			1.99226142437388	-0.4587613629218
			1.98968411334623	-0.4587613629218
			1.98710680231858	-0.45618405189415
			1.98452949129093	-0.45618405189415
			1.98195218026328	-0.453606740866499
			1.97937486923563	-0.453606740866499
			1.97679755820798	-0.453606740866499
			1.97422024718033	-0.451029429838848
			1.97164293615268	-0.451029429838848
			1.96906562512503	-0.448452118811198
			1.96648831409738	-0.448452118811198
			1.96391100306973	-0.448452118811198
			1.96133369204208	-0.445874807783547
			1.95875638101443	-0.445874807783547
			1.95617906998678	-0.443297496755897
			1.95360175895913	-0.443297496755897
			1.95102444793148	-0.443297496755897
			1.94844713690382	-0.440720185728246
			1.94586982587617	-0.440720185728246
		</margin>
	</curves.scaled>
	<ruler.points type=matrix rownames=TRUE colnames=FALSE nrow=2 ncol=2 as.numeric=TRUE >
		Ruler point 1	56	904
		Ruler point 2	444	905
	</ruler.points>
</shapes>

