<shapes type=list>
	<ruler.pixel type=vector names=FALSE length=1 as.numeric=TRUE >306</ruler.pixel>
	<ruler.interval type=vector names=FALSE length=1 as.numeric=TRUE >1</ruler.interval>
	<scaling.units type=vector names=FALSE length=1 as.numeric=FALSE >cm</scaling.units>
	<scaling type=vector names=FALSE length=1 as.numeric=TRUE >0.00326797385620915</scaling>
	<landmarks.pixel type=matrix rownames=TRUE colnames=FALSE nrow=6 ncol=2 as.numeric=TRUE >
		LM1	375	27
		LM2	385	390
		LM4	378	682
		LM5	518	98
		LM6	682	111
		LM7	769	113
	</landmarks.pixel>
	<landmarks.scaled type=matrix rownames=TRUE colnames=FALSE nrow=6 ncol=2 as.numeric=TRUE >
		LM1	1.22549019607843	-0.0882352941176471
		LM2	1.25816993464052	-1.27450980392157
		LM4	1.23529411764706	-2.22875816993464
		LM5	1.69281045751634	-0.320261437908497
		LM6	2.22875816993464	-0.362745098039216
		LM7	2.51307189542484	-0.369281045751634
	</landmarks.scaled>
	<curves.control type=list>
		<axis type=matrix rownames=FALSE colnames=FALSE nrow=13 ncol=2 as.numeric=TRUE >
			375	27
			418	21
			452	52
			475	69
			519	75
			507	147
			469	249
			454	319
			427	346
			411	371
			405	387
			391	390
			385	390
		</axis>
		<margin type=matrix rownames=FALSE colnames=FALSE nrow=45 ncol=2 as.numeric=TRUE >
			378	682
			429	679
			443	564
			450	481
			437	434
			468	423
			482	459
			520	504
			526	572
			537	609
			555	626
			577	631
			616	609
			635	549
			634	484
			623	411
			591	386
			581	357
			582	352
			594	350
			633	381
			652	409
			667	454
			673	485
			691	537
			727	574
			776	557
			831	408
			775	310
			733	259
			695	238
			687	218
			714	224
			742	244
			802	263
			845	297
			872	325
			961	353
			926	276
			901	165
			782	118
			762	103
			708	111
			643	92
			518	98
		</margin>
	</curves.control>
	<curves.pixel type=list>
		<axis type=matrix rownames=FALSE colnames=FALSE nrow=506 ncol=2 as.numeric=TRUE >
			375	27
			376	27
			377	27
			378	27
			379	27
			380	26
			381	26
			382	26
			383	26
			384	26
			385	26
			386	26
			387	26
			388	26
			389	26
			390	26
			391	26
			392	26
			393	26
			394	26
			395	26
			396	26
			397	26
			398	26
			399	27
			400	27
			401	27
			402	27
			403	27
			404	27
			405	27
			406	28
			407	28
			408	28
			409	28
			410	29
			411	29
			412	29
			413	29
			414	30
			415	30
			416	30
			417	31
			418	31
			419	31
			419	32
			420	32
			421	32
			422	33
			423	33
			424	33
			425	34
			426	34
			427	35
			428	35
			429	36
			430	36
			430	37
			431	37
			432	38
			433	38
			434	39
			435	39
			436	40
			437	40
			437	41
			438	41
			439	42
			440	42
			441	43
			442	44
			443	44
			444	45
			444	46
			445	46
			446	47
			447	48
			448	48
			449	49
			449	50
			450	50
			451	51
			452	52
			453	52
			453	53
			454	53
			454	54
			455	54
			456	55
			457	56
			458	56
			459	56
			460	57
			461	58
			462	58
			463	59
			464	59
			465	60
			466	60
			467	61
			468	61
			469	62
			470	62
			471	63
			472	63
			473	64
			474	64
			475	64
			476	65
			477	65
			478	66
			479	66
			480	66
			481	67
			482	67
			483	67
			484	67
			484	68
			485	68
			486	68
			487	68
			488	69
			489	69
			490	69
			491	69
			492	70
			493	70
			494	70
			495	70
			496	71
			497	71
			498	71
			499	71
			500	72
			501	72
			502	72
			503	72
			504	73
			505	73
			506	73
			507	73
			508	73
			509	73
			510	74
			511	74
			512	74
			513	74
			514	74
			515	74
			516	75
			517	75
			518	75
			519	75
			519	76
			519	77
			519	78
			518	79
			518	80
			518	81
			518	82
			518	83
			517	84
			517	85
			517	86
			517	87
			517	88
			516	89
			516	90
			516	91
			516	92
			516	93
			515	94
			515	95
			515	96
			515	97
			515	98
			514	99
			514	100
			514	101
			514	102
			514	103
			513	104
			513	105
			513	106
			513	107
			513	108
			512	109
			512	110
			512	111
			512	112
			511	113
			511	114
			511	115
			511	116
			510	117
			510	118
			510	119
			510	120
			509	121
			509	122
			509	123
			509	124
			508	125
			508	126
			508	127
			508	128
			507	129
			507	130
			507	131
			507	132
			506	133
			506	134
			506	135
			506	136
			505	137
			505	138
			505	139
			504	140
			504	141
			504	142
			504	143
			503	144
			503	145
			503	146
			503	147
			502	148
			502	149
			502	150
			501	151
			501	152
			501	153
			501	154
			500	155
			500	156
			500	157
			500	158
			499	159
			499	160
			498	161
			498	162
			498	163
			498	164
			497	165
			497	166
			497	167
			497	168
			496	169
			496	170
			496	171
			495	172
			495	173
			495	174
			494	175
			494	176
			494	177
			493	178
			493	179
			493	180
			492	181
			492	182
			492	183
			492	184
			491	185
			491	186
			491	187
			490	188
			490	189
			490	190
			489	191
			489	192
			489	193
			488	194
			488	195
			488	196
			487	197
			487	198
			487	199
			486	200
			486	201
			486	202
			485	203
			485	204
			485	205
			484	206
			484	207
			484	208
			483	209
			483	210
			483	211
			482	212
			482	213
			482	214
			481	215
			481	216
			481	217
			480	218
			480	219
			479	220
			479	221
			479	222
			479	223
			478	223
			478	224
			478	225
			477	226
			477	227
			477	228
			476	229
			476	230
			476	231
			475	231
			475	232
			475	233
			475	234
			474	235
			474	236
			473	237
			473	238
			473	239
			472	240
			472	241
			472	242
			471	243
			471	244
			470	245
			470	246
			470	247
			469	248
			469	249
			469	250
			469	251
			468	252
			468	253
			468	254
			468	255
			468	256
			467	256
			467	257
			467	258
			467	259
			467	260
			466	260
			466	261
			466	262
			466	263
			465	264
			465	265
			465	266
			465	267
			465	268
			464	269
			464	270
			464	271
			463	272
			463	273
			463	274
			463	275
			462	275
			462	276
			462	277
			462	278
			461	279
			461	280
			461	281
			460	282
			460	283
			460	284
			460	285
			459	286
			459	287
			459	288
			458	289
			458	290
			458	291
			457	292
			457	293
			457	294
			456	295
			456	296
			456	297
			455	298
			455	299
			454	300
			454	301
			453	302
			453	303
			453	304
			452	305
			452	306
			452	307
			451	308
			450	309
			450	310
			450	311
			450	312
			449	312
			449	313
			449	314
			448	314
			448	315
			448	316
			447	316
			447	317
			447	318
			446	318
			446	319
			446	320
			445	320
			445	321
			445	322
			444	322
			444	323
			443	324
			443	325
			442	326
			441	327
			441	328
			440	329
			440	330
			439	330
			439	331
			438	332
			438	333
			437	334
			436	335
			436	336
			435	337
			434	337
			434	338
			433	339
			432	340
			432	341
			431	342
			430	343
			429	344
			428	345
			427	346
			427	347
			426	347
			426	348
			425	349
			425	350
			424	350
			424	351
			423	352
			423	353
			422	353
			422	354
			421	355
			421	356
			420	357
			420	358
			419	359
			419	360
			418	360
			418	361
			417	362
			417	363
			416	364
			416	365
			415	365
			415	366
			414	367
			414	368
			414	369
			413	369
			413	370
			412	371
			412	372
			411	373
			411	374
			410	375
			410	376
			410	377
			409	377
			409	378
			408	379
			408	380
			408	381
			407	381
			407	382
			407	383
			406	384
			406	385
			405	386
			405	387
			404	387
			403	387
			402	388
			401	388
			400	388
			399	388
			398	388
			397	389
			396	389
			395	389
			394	389
			393	389
			392	389
			391	390
			390	390
			389	390
			388	390
			387	390
			386	390
			385	390
		</axis>
		<margin type=matrix rownames=FALSE colnames=FALSE nrow=2269 ncol=2 as.numeric=TRUE >
			378	682
			379	682
			380	682
			381	682
			382	682
			383	681
			384	681
			385	681
			386	681
			387	680
			388	680
			389	680
			390	679
			391	679
			392	679
			393	678
			394	678
			395	677
			396	677
			397	676
			398	676
			398	675
			399	675
			400	674
			401	674
			402	673
			403	672
			404	671
			405	670
			406	669
			407	669
			408	668
			409	667
			410	666
			410	665
			411	664
			412	663
			413	662
			413	661
			414	660
			415	659
			416	658
			416	657
			417	656
			417	655
			418	654
			418	653
			419	653
			419	652
			420	651
			421	650
			421	649
			422	648
			422	647
			422	646
			423	646
			423	645
			423	644
			424	643
			424	642
			425	641
			425	640
			425	639
			426	638
			426	637
			427	636
			427	635
			428	634
			428	633
			428	632
			429	631
			429	630
			429	629
			430	628
			430	627
			430	626
			431	625
			431	624
			431	623
			432	622
			432	621
			432	620
			433	619
			433	618
			433	617
			433	616
			434	615
			434	614
			434	613
			434	612
			435	611
			435	610
			435	609
			435	608
			436	607
			436	606
			436	605
			436	604
			437	603
			437	602
			437	601
			437	600
			437	599
			438	598
			438	597
			438	596
			438	595
			438	594
			439	593
			439	592
			439	591
			439	590
			439	589
			439	588
			440	587
			440	586
			440	585
			440	584
			440	583
			440	582
			441	581
			441	580
			441	579
			441	578
			441	577
			441	576
			442	575
			442	574
			442	573
			442	572
			442	571
			442	570
			442	569
			443	568
			443	567
			443	566
			443	565
			443	564
			443	563
			443	562
			443	561
			443	560
			443	559
			443	558
			444	557
			444	556
			444	555
			444	554
			444	553
			444	552
			444	551
			444	550
			444	549
			444	548
			444	547
			444	546
			444	545
			444	544
			444	543
			445	542
			445	541
			445	540
			445	539
			445	538
			445	537
			445	536
			445	535
			445	534
			445	533
			445	532
			445	531
			445	530
			445	529
			445	528
			445	527
			445	526
			445	525
			445	524
			445	523
			445	522
			445	521
			445	520
			445	519
			445	518
			445	517
			445	516
			445	515
			445	514
			445	513
			445	512
			445	511
			445	510
			445	509
			445	508
			445	507
			445	506
			445	505
			445	504
			445	503
			445	502
			445	501
			445	500
			445	499
			445	498
			445	497
			445	496
			445	495
			445	494
			445	493
			445	492
			445	491
			445	490
			445	489
			445	488
			445	487
			445	486
			445	485
			445	484
			445	483
			445	482
			444	481
			444	480
			444	479
			444	478
			444	477
			444	476
			444	475
			444	474
			444	473
			444	472
			444	471
			444	470
			443	470
			443	469
			443	468
			443	467
			443	466
			443	465
			443	464
			443	463
			443	462
			442	461
			442	460
			442	459
			442	458
			442	457
			442	456
			441	455
			441	454
			441	453
			441	452
			441	451
			441	450
			440	449
			440	448
			440	447
			440	446
			440	445
			439	444
			439	443
			439	442
			439	441
			439	440
			438	439
			438	438
			438	437
			437	436
			437	435
			437	434
			438	434
			439	433
			440	433
			441	433
			442	432
			443	432
			444	432
			445	432
			446	432
			447	432
			448	432
			449	431
			450	431
			451	431
			452	431
			453	432
			454	432
			455	432
			456	432
			457	432
			458	432
			459	433
			460	433
			461	433
			462	434
			463	434
			464	435
			465	435
			465	436
			466	436
			467	437
			468	438
			469	438
			469	439
			470	440
			471	440
			472	441
			472	442
			473	443
			474	444
			475	445
			475	446
			476	447
			477	448
			477	449
			478	450
			478	451
			479	452
			479	453
			480	454
			480	455
			481	456
			481	457
			482	458
			482	459
			483	460
			484	461
			484	462
			485	463
			486	463
			486	464
			487	465
			487	466
			488	466
			489	467
			489	468
			490	469
			490	470
			491	470
			491	471
			492	472
			492	473
			493	474
			494	474
			494	475
			495	476
			495	477
			496	478
			497	479
			497	480
			498	481
			499	482
			499	483
			500	484
			500	485
			501	486
			502	487
			502	488
			503	489
			503	490
			504	491
			504	492
			505	493
			505	494
			506	495
			506	496
			506	497
			507	497
			507	498
			507	499
			508	500
			508	501
			509	502
			509	503
			510	504
			510	505
			510	506
			511	507
			511	508
			512	509
			512	510
			512	511
			513	512
			513	513
			514	514
			514	515
			514	516
			515	517
			515	518
			515	519
			516	520
			516	521
			516	522
			517	523
			517	524
			517	525
			517	526
			518	527
			518	528
			518	529
			519	530
			519	531
			519	532
			519	533
			520	534
			520	535
			520	536
			521	537
			521	538
			521	539
			521	540
			521	541
			522	542
			522	543
			522	544
			522	545
			522	546
			523	547
			523	548
			523	549
			523	550
			523	551
			523	552
			524	553
			524	554
			524	555
			524	556
			524	557
			524	558
			524	559
			525	560
			525	561
			525	562
			525	563
			525	564
			525	565
			525	566
			525	567
			526	568
			526	569
			526	570
			526	571
			526	572
			526	573
			527	574
			527	575
			527	576
			528	577
			528	578
			528	579
			529	580
			529	581
			529	582
			530	583
			530	584
			530	585
			531	586
			531	587
			532	588
			532	589
			532	590
			533	591
			533	592
			533	593
			534	594
			534	595
			535	596
			535	597
			536	598
			536	599
			537	600
			537	601
			538	602
			538	603
			539	604
			539	605
			540	606
			540	607
			541	608
			542	609
			542	610
			543	611
			543	612
			544	612
			544	613
			545	614
			545	615
			546	616
			547	616
			547	617
			548	618
			548	619
			549	620
			550	620
			550	621
			551	622
			552	623
			553	624
			554	625
			555	626
			556	626
			557	626
			558	626
			559	627
			560	627
			561	627
			562	627
			563	627
			564	627
			565	627
			566	627
			567	627
			568	627
			569	627
			570	627
			571	626
			572	626
			573	626
			574	626
			575	626
			576	625
			577	625
			578	625
			579	625
			580	625
			581	624
			582	624
			583	624
			584	624
			585	623
			586	623
			587	623
			588	622
			589	622
			590	622
			591	621
			592	621
			593	620
			594	620
			595	620
			596	619
			597	619
			598	618
			599	618
			600	617
			601	617
			602	616
			603	616
			604	615
			605	615
			606	614
			607	614
			608	613
			609	613
			610	612
			611	612
			612	611
			613	611
			614	610
			615	609
			616	609
			616	608
			617	607
			617	606
			617	605
			618	604
			618	603
			618	602
			618	601
			619	600
			619	599
			619	598
			620	597
			620	596
			620	595
			620	594
			621	593
			621	592
			621	591
			621	590
			622	589
			622	588
			622	587
			622	586
			623	585
			623	584
			623	583
			623	582
			624	581
			624	580
			624	579
			624	578
			625	578
			625	577
			625	576
			625	575
			625	574
			626	573
			626	572
			626	571
			626	570
			626	569
			627	568
			627	567
			627	566
			627	565
			627	564
			628	563
			628	562
			628	561
			628	560
			628	559
			628	558
			629	557
			629	556
			629	555
			629	554
			629	553
			629	552
			630	551
			630	550
			630	549
			630	548
			630	547
			630	546
			630	545
			631	544
			631	543
			631	542
			631	541
			631	540
			631	539
			631	538
			631	537
			632	536
			632	535
			632	534
			632	533
			632	532
			632	531
			632	530
			632	529
			632	528
			632	527
			633	526
			633	525
			633	524
			633	523
			633	522
			633	521
			633	520
			633	519
			633	518
			633	517
			633	516
			633	515
			633	514
			633	513
			633	512
			634	511
			634	510
			634	509
			634	508
			634	507
			634	506
			634	505
			634	504
			634	503
			634	502
			634	501
			634	500
			634	499
			634	498
			634	497
			634	496
			634	495
			634	494
			634	493
			634	492
			634	491
			634	490
			634	489
			634	488
			634	487
			634	486
			634	485
			634	484
			634	483
			634	482
			634	481
			633	480
			633	479
			633	478
			633	477
			633	476
			633	475
			632	474
			632	473
			632	472
			632	471
			632	470
			631	469
			631	468
			631	467
			631	466
			631	465
			630	464
			630	463
			630	462
			630	461
			630	460
			629	460
			629	459
			629	458
			629	457
			629	456
			628	455
			628	454
			628	453
			628	452
			627	451
			627	450
			627	449
			626	448
			626	447
			626	446
			626	445
			625	444
			625	443
			625	442
			624	441
			624	440
			624	439
			623	438
			623	437
			623	436
			622	435
			622	434
			622	433
			621	432
			621	431
			621	430
			620	429
			620	428
			619	427
			619	426
			618	425
			618	424
			618	423
			617	422
			617	421
			616	420
			616	419
			615	418
			615	417
			614	416
			614	415
			613	414
			613	413
			612	412
			612	411
			611	410
			610	409
			610	408
			609	407
			609	406
			608	405
			607	404
			607	403
			606	402
			605	401
			605	400
			604	399
			603	398
			603	397
			602	397
			601	396
			600	395
			600	394
			599	393
			598	393
			598	392
			597	391
			596	390
			595	390
			595	389
			594	388
			593	388
			592	387
			591	386
			591	385
			590	384
			590	383
			590	382
			589	381
			589	380
			589	379
			588	378
			588	377
			588	376
			587	375
			587	374
			587	373
			586	372
			586	371
			586	370
			585	369
			585	368
			585	367
			585	366
			584	366
			584	365
			584	364
			584	363
			583	362
			583	361
			583	360
			583	359
			583	358
			582	358
			582	357
			582	356
			582	355
			582	354
			582	353
			582	352
			583	352
			584	352
			585	352
			586	352
			587	352
			588	352
			588	353
			589	353
			590	353
			591	353
			592	354
			593	354
			593	355
			594	355
			595	355
			596	356
			597	356
			598	357
			599	357
			600	358
			601	359
			602	359
			603	360
			604	360
			605	361
			606	361
			607	362
			608	362
			608	363
			609	364
			610	364
			611	365
			612	366
			613	366
			614	367
			615	368
			616	368
			617	369
			618	370
			619	370
			620	371
			621	372
			622	373
			623	373
			624	374
			625	375
			626	375
			627	376
			627	377
			628	377
			629	378
			630	379
			631	379
			632	380
			633	381
			634	382
			635	383
			635	384
			636	385
			636	386
			637	387
			638	388
			638	389
			639	390
			639	391
			640	392
			641	393
			641	394
			642	395
			642	396
			643	397
			643	398
			644	398
			644	399
			644	400
			645	400
			645	401
			645	402
			646	402
			646	403
			646	404
			647	404
			647	405
			647	406
			648	406
			648	407
			648	408
			649	409
			649	410
			650	411
			651	412
			651	413
			651	414
			652	415
			652	416
			653	417
			653	418
			654	419
			654	420
			655	421
			655	422
			655	423
			656	424
			656	425
			657	426
			657	427
			657	428
			658	428
			658	429
			658	430
			659	431
			659	432
			659	433
			660	433
			660	434
			660	435
			661	436
			661	437
			661	438
			662	439
			662	440
			663	441
			663	442
			663	443
			664	444
			664	445
			664	446
			665	447
			665	448
			665	449
			666	450
			666	451
			666	452
			667	453
			667	454
			667	455
			667	456
			668	457
			668	458
			668	459
			668	460
			668	461
			669	462
			669	463
			669	464
			669	465
			670	466
			670	467
			670	468
			670	469
			671	470
			671	471
			671	472
			671	473
			672	474
			672	475
			672	476
			672	477
			673	478
			673	479
			673	480
			673	481
			674	482
			674	483
			674	484
			675	485
			675	486
			675	487
			675	488
			676	489
			676	490
			676	491
			676	492
			677	492
			677	493
			677	494
			677	495
			678	496
			678	497
			678	498
			679	499
			679	500
			679	501
			680	502
			680	503
			680	504
			681	505
			681	506
			681	507
			682	508
			682	509
			682	510
			682	511
			683	512
			683	513
			683	514
			684	515
			684	516
			684	517
			685	518
			685	519
			685	520
			686	521
			686	522
			686	523
			687	524
			687	525
			687	526
			688	527
			688	528
			688	529
			689	530
			689	531
			689	532
			690	533
			690	534
			690	535
			691	536
			691	537
			692	538
			693	539
			694	540
			695	541
			696	542
			697	542
			698	543
			698	544
			699	545
			700	545
			701	546
			702	547
			703	548
			704	548
			705	549
			706	549
			707	550
			708	551
			709	552
			710	553
			711	553
			712	553
			713	554
			714	554
			715	555
			716	555
			717	556
			718	556
			719	557
			720	557
			721	558
			722	558
			723	558
			724	559
			725	559
			726	559
			727	560
			728	560
			729	560
			730	560
			730	561
			731	561
			732	561
			733	561
			734	561
			735	562
			736	562
			737	562
			738	562
			739	562
			740	562
			741	562
			742	562
			743	562
			744	562
			745	562
			746	562
			747	562
			748	562
			749	562
			750	562
			751	562
			752	562
			753	562
			754	562
			755	562
			756	562
			757	562
			758	561
			759	561
			760	561
			761	561
			762	561
			763	561
			764	560
			765	560
			766	560
			767	560
			768	559
			769	559
			770	559
			771	559
			772	558
			773	558
			774	558
			775	557
			776	557
			776	556
			777	555
			777	554
			778	553
			778	552
			778	551
			778	550
			779	549
			779	548
			780	547
			780	546
			780	545
			781	544
			781	543
			781	542
			782	541
			782	540
			782	539
			783	538
			783	537
			783	536
			784	535
			784	534
			784	533
			785	532
			785	531
			785	530
			786	529
			786	528
			786	527
			786	526
			787	525
			787	524
			787	523
			788	522
			788	521
			788	520
			788	519
			789	518
			789	517
			789	516
			790	515
			790	514
			790	513
			790	512
			791	511
			791	510
			791	509
			791	508
			792	507
			792	506
			792	505
			792	504
			793	503
			793	502
			793	501
			794	500
			794	499
			794	498
			794	497
			794	496
			795	495
			795	494
			795	493
			795	492
			796	491
			796	490
			796	489
			796	488
			796	487
			797	486
			797	485
			797	484
			797	483
			797	482
			797	481
			798	480
			798	479
			798	478
			798	477
			798	476
			798	475
			799	474
			799	473
			799	472
			799	471
			799	470
			800	469
			800	468
			800	467
			800	466
			800	465
			800	464
			800	463
			801	462
			801	461
			801	460
			801	459
			801	458
			801	457
			801	456
			801	455
			801	454
			802	453
			802	452
			802	451
			802	450
			802	449
			802	448
			802	447
			802	446
			802	445
			802	444
			802	443
			803	442
			803	441
			803	440
			803	439
			803	438
			803	437
			803	436
			803	435
			803	434
			803	433
			803	432
			803	431
			803	430
			803	429
			803	428
			803	427
			803	426
			803	425
			803	424
			803	423
			803	422
			803	421
			803	420
			803	419
			803	418
			803	417
			803	416
			803	415
			803	414
			803	413
			803	412
			803	411
			803	410
			803	409
			803	408
			803	407
			803	406
			803	405
			803	404
			803	403
			803	402
			802	401
			802	400
			802	399
			802	398
			802	397
			802	396
			802	395
			802	394
			802	393
			802	392
			801	391
			801	390
			801	389
			801	388
			801	387
			801	386
			801	385
			800	384
			800	383
			800	382
			800	381
			800	380
			800	379
			800	378
			799	377
			799	376
			799	375
			799	374
			798	373
			798	372
			798	371
			798	370
			798	369
			797	368
			797	367
			797	366
			797	365
			796	364
			796	363
			796	362
			796	361
			796	360
			795	359
			795	358
			795	357
			794	356
			794	355
			794	354
			793	353
			793	352
			793	351
			793	350
			792	349
			792	348
			792	347
			791	346
			791	345
			791	344
			790	343
			790	342
			789	341
			789	340
			789	339
			788	338
			788	337
			788	336
			787	335
			787	334
			786	333
			786	332
			786	331
			785	331
			785	330
			785	329
			784	329
			784	328
			784	327
			783	326
			783	325
			782	324
			782	323
			782	322
			781	322
			781	321
			780	320
			780	319
			780	318
			779	318
			779	317
			778	316
			778	315
			777	314
			777	313
			776	312
			776	311
			775	310
			774	309
			774	308
			773	307
			772	306
			771	306
			771	305
			770	304
			769	303
			768	302
			767	301
			767	300
			766	299
			765	298
			764	298
			764	297
			763	296
			762	295
			761	294
			761	293
			760	292
			759	292
			758	291
			758	290
			757	289
			756	288
			755	288
			755	287
			754	286
			753	285
			752	284
			751	283
			750	282
			749	281
			748	280
			747	279
			746	278
			745	277
			745	276
			744	276
			743	275
			742	274
			741	273
			740	272
			739	271
			738	270
			737	270
			737	269
			736	268
			735	267
			734	266
			733	266
			732	265
			731	264
			730	263
			729	262
			728	261
			727	260
			726	259
			725	259
			725	258
			724	258
			723	257
			722	256
			721	255
			720	254
			719	254
			718	253
			717	253
			717	252
			716	252
			715	251
			714	251
			714	250
			713	249
			712	249
			711	248
			710	247
			709	246
			708	246
			707	245
			706	245
			705	244
			704	243
			703	243
			702	242
			701	242
			701	241
			700	241
			699	240
			698	240
			697	239
			696	239
			695	238
			695	237
			694	236
			694	235
			694	234
			693	233
			693	232
			693	231
			693	230
			693	229
			694	228
			694	227
			694	226
			695	226
			695	225
			696	225
			696	224
			697	224
			698	223
			699	223
			700	223
			701	223
			702	223
			703	223
			704	223
			705	223
			706	223
			707	223
			708	223
			709	223
			710	223
			711	223
			712	224
			713	224
			714	224
			715	225
			716	225
			717	226
			718	227
			719	227
			720	228
			721	229
			722	230
			723	230
			724	231
			725	231
			726	231
			726	232
			727	232
			728	233
			729	233
			730	234
			731	234
			732	235
			733	235
			734	236
			735	236
			735	237
			736	237
			737	238
			738	238
			739	239
			740	239
			741	240
			742	240
			743	241
			744	241
			745	242
			746	242
			747	243
			748	243
			749	243
			750	244
			751	244
			752	245
			753	245
			754	245
			754	246
			755	246
			756	246
			757	247
			758	247
			759	247
			759	248
			760	248
			761	248
			762	249
			763	249
			764	249
			765	250
			766	250
			767	251
			768	251
			769	252
			770	252
			771	252
			772	253
			773	253
			774	253
			775	254
			776	254
			777	254
			777	255
			778	255
			779	255
			780	256
			781	256
			782	256
			783	257
			784	257
			785	257
			786	258
			787	258
			788	259
			789	259
			790	259
			791	260
			792	260
			793	260
			794	260
			795	261
			796	261
			797	261
			798	262
			799	262
			800	262
			801	263
			802	263
			803	264
			804	265
			805	266
			806	266
			807	267
			808	268
			809	268
			809	269
			810	270
			811	270
			812	271
			813	271
			813	272
			814	273
			815	273
			816	274
			816	275
			817	275
			818	276
			819	276
			819	277
			820	278
			821	278
			822	279
			822	280
			823	280
			824	281
			825	281
			825	282
			826	283
			827	283
			827	284
			828	284
			829	285
			830	286
			831	287
			832	288
			833	289
			834	290
			835	290
			836	291
			837	292
			838	293
			839	294
			840	295
			841	296
			842	296
			843	297
			844	298
			845	299
			846	300
			847	301
			848	302
			849	302
			850	303
			850	304
			851	305
			852	306
			853	306
			854	307
			855	308
			856	309
			857	310
			857	311
			858	311
			859	312
			860	313
			861	314
			862	315
			863	316
			864	317
			865	318
			866	319
			867	320
			868	321
			869	322
			870	323
			871	324
			872	325
			873	325
			874	326
			875	326
			876	326
			877	327
			878	327
			879	327
			880	327
			880	328
			881	328
			882	328
			883	328
			884	328
			885	329
			886	329
			887	329
			888	329
			889	330
			890	330
			891	330
			892	330
			893	330
			894	331
			895	331
			896	331
			897	331
			898	331
			899	332
			900	332
			901	332
			902	332
			903	332
			904	332
			905	332
			906	332
			907	332
			908	332
			909	332
			910	332
			911	332
			912	332
			913	332
			914	332
			915	332
			916	332
			917	332
			918	332
			919	332
			920	332
			921	331
			922	331
			923	331
			924	330
			925	330
			926	329
			927	329
			928	328
			929	328
			929	327
			930	327
			931	326
			931	325
			932	325
			932	324
			933	323
			933	322
			934	321
			935	320
			935	319
			935	318
			935	317
			935	316
			936	316
			936	315
			936	314
			936	313
			936	312
			936	311
			936	310
			936	309
			936	308
			936	307
			936	306
			935	305
			935	304
			935	303
			935	302
			935	301
			935	300
			934	299
			934	298
			934	297
			934	296
			933	296
			933	295
			933	294
			933	293
			932	292
			932	291
			932	290
			931	289
			931	288
			931	287
			930	286
			930	285
			929	284
			929	283
			929	282
			928	281
			928	280
			927	279
			927	278
			926	277
			926	276
			926	275
			926	274
			925	273
			925	272
			925	271
			924	270
			924	269
			924	268
			924	267
			924	266
			923	265
			923	264
			923	263
			923	262
			922	262
			922	261
			922	260
			922	259
			921	259
			921	258
			921	257
			921	256
			920	256
			920	255
			920	254
			920	253
			919	253
			919	252
			919	251
			919	250
			918	250
			918	249
			918	248
			917	247
			917	246
			917	245
			916	244
			916	243
			915	242
			915	241
			915	240
			914	239
			914	238
			913	237
			913	236
			912	235
			912	234
			912	233
			911	232
			911	231
			910	230
			910	229
			909	228
			909	227
			908	226
			908	225
			907	224
			907	223
			906	222
			906	221
			905	220
			905	219
			904	218
			904	217
			903	216
			903	215
			902	214
			901	213
			901	212
			900	211
			899	210
			899	209
			898	208
			898	207
			897	207
			897	206
			896	205
			896	204
			895	203
			894	202
			894	201
			893	200
			892	199
			891	198
			891	197
			890	196
			889	195
			889	194
			888	193
			887	193
			887	192
			886	191
			885	190
			885	189
			884	188
			883	187
			882	187
			882	186
			881	185
			880	184
			879	183
			879	182
			878	181
			877	181
			876	180
			876	179
			875	178
			874	177
			873	176
			872	176
			872	175
			871	174
			870	173
			869	172
			868	172
			868	171
			867	170
			866	169
			865	169
			864	168
			863	167
			863	166
			862	165
			861	165
			860	164
			859	163
			858	162
			857	162
			856	161
			856	160
			855	159
			854	159
			853	158
			852	157
			851	156
			850	156
			849	155
			848	154
			847	154
			846	153
			845	152
			844	152
			843	151
			842	150
			841	149
			840	149
			839	148
			838	147
			837	147
			836	146
			835	145
			834	145
			833	144
			832	143
			831	143
			830	142
			829	141
			828	141
			827	140
			826	140
			825	139
			824	138
			823	138
			822	137
			821	136
			820	136
			819	135
			818	135
			817	134
			816	134
			815	133
			814	132
			813	132
			812	132
			811	131
			810	131
			809	130
			808	130
			807	129
			806	129
			805	128
			804	128
			803	127
			802	127
			801	126
			800	126
			799	125
			798	125
			797	124
			796	124
			795	123
			794	123
			793	122
			792	122
			791	122
			790	121
			789	121
			788	120
			787	120
			786	120
			786	119
			785	119
			784	119
			783	119
			783	118
			782	118
			781	118
			781	117
			780	117
			780	116
			779	116
			778	115
			777	115
			776	114
			775	114
			774	114
			774	113
			773	113
			772	113
			771	112
			770	112
			769	112
			768	111
			767	111
			766	111
			765	111
			764	110
			763	110
			762	110
			761	110
			760	110
			759	109
			758	109
			757	109
			756	109
			755	109
			754	109
			753	109
			752	109
			751	109
			750	108
			749	108
			748	108
			747	108
			746	108
			745	108
			744	108
			743	108
			742	108
			741	108
			740	108
			739	108
			738	108
			737	108
			736	108
			735	108
			734	108
			733	108
			732	108
			731	109
			730	109
			729	109
			728	109
			727	109
			726	109
			725	109
			724	109
			723	109
			722	109
			721	109
			720	109
			719	110
			718	110
			717	110
			716	110
			715	110
			714	110
			713	110
			712	110
			711	111
			710	111
			709	111
			708	111
			707	111
			706	111
			705	110
			704	110
			703	110
			702	109
			701	109
			700	109
			699	108
			698	108
			697	108
			696	108
			695	108
			694	107
			693	107
			692	107
			691	107
			690	107
			690	106
			689	106
			688	106
			687	106
			686	106
			685	105
			684	105
			683	105
			682	105
			681	105
			680	104
			679	104
			678	104
			677	104
			676	104
			675	104
			674	103
			673	103
			672	103
			671	103
			670	103
			669	103
			668	102
			667	102
			666	102
			665	102
			664	102
			663	102
			662	102
			661	101
			660	101
			659	101
			658	101
			657	101
			656	101
			655	101
			654	101
			653	101
			652	100
			651	100
			650	100
			649	100
			648	100
			647	100
			646	100
			645	100
			644	100
			643	99
			642	99
			641	99
			640	99
			639	99
			638	99
			637	99
			636	99
			635	99
			634	99
			633	99
			632	99
			631	98
			630	98
			629	98
			628	98
			627	98
			626	98
			625	98
			624	98
			623	98
			622	98
			621	98
			620	98
			619	98
			618	98
			617	98
			616	98
			615	97
			614	97
			613	97
			612	97
			611	97
			610	97
			609	97
			608	97
			607	97
			606	97
			605	97
			604	97
			603	97
			602	97
			601	97
			600	97
			599	97
			598	97
			597	97
			596	97
			595	97
			594	97
			593	97
			592	97
			591	97
			590	97
			589	97
			588	97
			587	97
			586	97
			585	97
			584	97
			583	97
			582	97
			581	97
			580	97
			579	97
			578	97
			577	97
			576	97
			575	97
			574	97
			573	97
			572	97
			571	97
			570	97
			569	97
			568	97
			567	97
			566	97
			565	97
			564	97
			563	97
			562	97
			561	97
			560	97
			559	97
			558	97
			557	97
			556	97
			555	97
			554	97
			553	97
			552	97
			551	97
			550	97
			549	97
			548	97
			547	97
			546	97
			545	97
			544	97
			543	97
			542	97
			541	97
			540	97
			539	97
			538	97
			537	97
			536	97
			535	97
			534	97
			533	97
			532	97
			531	97
			530	97
			529	98
			528	98
			527	98
			526	98
			525	98
			524	98
			523	98
			522	98
			521	98
			520	98
			519	98
			518	98
		</margin>
	</curves.pixel>
	<curves.scaled type=list>
		<axis type=matrix rownames=FALSE colnames=FALSE nrow=506 ncol=2 as.numeric=TRUE >
			1.22549019607843	-0.0882352941176471
			1.22875816993464	-0.0882352941176471
			1.23202614379085	-0.0882352941176471
			1.23529411764706	-0.0882352941176471
			1.23856209150327	-0.0882352941176471
			1.24183006535948	-0.0849673202614379
			1.24509803921569	-0.0849673202614379
			1.2483660130719	-0.0849673202614379
			1.2516339869281	-0.0849673202614379
			1.25490196078431	-0.0849673202614379
			1.25816993464052	-0.0849673202614379
			1.26143790849673	-0.0849673202614379
			1.26470588235294	-0.0849673202614379
			1.26797385620915	-0.0849673202614379
			1.27124183006536	-0.0849673202614379
			1.27450980392157	-0.0849673202614379
			1.27777777777778	-0.0849673202614379
			1.28104575163399	-0.0849673202614379
			1.2843137254902	-0.0849673202614379
			1.28758169934641	-0.0849673202614379
			1.29084967320261	-0.0849673202614379
			1.29411764705882	-0.0849673202614379
			1.29738562091503	-0.0849673202614379
			1.30065359477124	-0.0849673202614379
			1.30392156862745	-0.0882352941176471
			1.30718954248366	-0.0882352941176471
			1.31045751633987	-0.0882352941176471
			1.31372549019608	-0.0882352941176471
			1.31699346405229	-0.0882352941176471
			1.3202614379085	-0.0882352941176471
			1.32352941176471	-0.0882352941176471
			1.32679738562091	-0.0915032679738562
			1.33006535947712	-0.0915032679738562
			1.33333333333333	-0.0915032679738562
			1.33660130718954	-0.0915032679738562
			1.33986928104575	-0.0947712418300654
			1.34313725490196	-0.0947712418300654
			1.34640522875817	-0.0947712418300654
			1.34967320261438	-0.0947712418300654
			1.35294117647059	-0.0980392156862745
			1.3562091503268	-0.0980392156862745
			1.35947712418301	-0.0980392156862745
			1.36274509803922	-0.101307189542484
			1.36601307189542	-0.101307189542484
			1.36928104575163	-0.101307189542484
			1.36928104575163	-0.104575163398693
			1.37254901960784	-0.104575163398693
			1.37581699346405	-0.104575163398693
			1.37908496732026	-0.107843137254902
			1.38235294117647	-0.107843137254902
			1.38562091503268	-0.107843137254902
			1.38888888888889	-0.111111111111111
			1.3921568627451	-0.111111111111111
			1.39542483660131	-0.11437908496732
			1.39869281045752	-0.11437908496732
			1.40196078431373	-0.117647058823529
			1.40522875816993	-0.117647058823529
			1.40522875816993	-0.120915032679739
			1.40849673202614	-0.120915032679739
			1.41176470588235	-0.124183006535948
			1.41503267973856	-0.124183006535948
			1.41830065359477	-0.127450980392157
			1.42156862745098	-0.127450980392157
			1.42483660130719	-0.130718954248366
			1.4281045751634	-0.130718954248366
			1.4281045751634	-0.133986928104575
			1.43137254901961	-0.133986928104575
			1.43464052287582	-0.137254901960784
			1.43790849673203	-0.137254901960784
			1.44117647058824	-0.140522875816993
			1.44444444444444	-0.143790849673203
			1.44771241830065	-0.143790849673203
			1.45098039215686	-0.147058823529412
			1.45098039215686	-0.150326797385621
			1.45424836601307	-0.150326797385621
			1.45751633986928	-0.15359477124183
			1.46078431372549	-0.156862745098039
			1.4640522875817	-0.156862745098039
			1.46732026143791	-0.160130718954248
			1.46732026143791	-0.163398692810458
			1.47058823529412	-0.163398692810458
			1.47385620915033	-0.166666666666667
			1.47712418300654	-0.169934640522876
			1.48039215686275	-0.169934640522876
			1.48039215686275	-0.173202614379085
			1.48366013071895	-0.173202614379085
			1.48366013071895	-0.176470588235294
			1.48692810457516	-0.176470588235294
			1.49019607843137	-0.179738562091503
			1.49346405228758	-0.183006535947712
			1.49673202614379	-0.183006535947712
			1.5	-0.183006535947712
			1.50326797385621	-0.186274509803922
			1.50653594771242	-0.189542483660131
			1.50980392156863	-0.189542483660131
			1.51307189542484	-0.19281045751634
			1.51633986928105	-0.19281045751634
			1.51960784313726	-0.196078431372549
			1.52287581699346	-0.196078431372549
			1.52614379084967	-0.199346405228758
			1.52941176470588	-0.199346405228758
			1.53267973856209	-0.202614379084967
			1.5359477124183	-0.202614379084967
			1.53921568627451	-0.205882352941176
			1.54248366013072	-0.205882352941176
			1.54575163398693	-0.209150326797386
			1.54901960784314	-0.209150326797386
			1.55228758169935	-0.209150326797386
			1.55555555555556	-0.212418300653595
			1.55882352941176	-0.212418300653595
			1.56209150326797	-0.215686274509804
			1.56535947712418	-0.215686274509804
			1.56862745098039	-0.215686274509804
			1.5718954248366	-0.218954248366013
			1.57516339869281	-0.218954248366013
			1.57843137254902	-0.218954248366013
			1.58169934640523	-0.218954248366013
			1.58169934640523	-0.222222222222222
			1.58496732026144	-0.222222222222222
			1.58823529411765	-0.222222222222222
			1.59150326797386	-0.222222222222222
			1.59477124183007	-0.225490196078431
			1.59803921568627	-0.225490196078431
			1.60130718954248	-0.225490196078431
			1.60457516339869	-0.225490196078431
			1.6078431372549	-0.228758169934641
			1.61111111111111	-0.228758169934641
			1.61437908496732	-0.228758169934641
			1.61764705882353	-0.228758169934641
			1.62091503267974	-0.23202614379085
			1.62418300653595	-0.23202614379085
			1.62745098039216	-0.23202614379085
			1.63071895424837	-0.23202614379085
			1.63398692810458	-0.235294117647059
			1.63725490196078	-0.235294117647059
			1.64052287581699	-0.235294117647059
			1.6437908496732	-0.235294117647059
			1.64705882352941	-0.238562091503268
			1.65032679738562	-0.238562091503268
			1.65359477124183	-0.238562091503268
			1.65686274509804	-0.238562091503268
			1.66013071895425	-0.238562091503268
			1.66339869281046	-0.238562091503268
			1.66666666666667	-0.241830065359477
			1.66993464052288	-0.241830065359477
			1.67320261437909	-0.241830065359477
			1.67647058823529	-0.241830065359477
			1.6797385620915	-0.241830065359477
			1.68300653594771	-0.241830065359477
			1.68627450980392	-0.245098039215686
			1.68954248366013	-0.245098039215686
			1.69281045751634	-0.245098039215686
			1.69607843137255	-0.245098039215686
			1.69607843137255	-0.248366013071895
			1.69607843137255	-0.251633986928105
			1.69607843137255	-0.254901960784314
			1.69281045751634	-0.258169934640523
			1.69281045751634	-0.261437908496732
			1.69281045751634	-0.264705882352941
			1.69281045751634	-0.26797385620915
			1.69281045751634	-0.27124183006536
			1.68954248366013	-0.274509803921569
			1.68954248366013	-0.277777777777778
			1.68954248366013	-0.281045751633987
			1.68954248366013	-0.284313725490196
			1.68954248366013	-0.287581699346405
			1.68627450980392	-0.290849673202614
			1.68627450980392	-0.294117647058824
			1.68627450980392	-0.297385620915033
			1.68627450980392	-0.300653594771242
			1.68627450980392	-0.303921568627451
			1.68300653594771	-0.30718954248366
			1.68300653594771	-0.310457516339869
			1.68300653594771	-0.313725490196078
			1.68300653594771	-0.316993464052288
			1.68300653594771	-0.320261437908497
			1.6797385620915	-0.323529411764706
			1.6797385620915	-0.326797385620915
			1.6797385620915	-0.330065359477124
			1.6797385620915	-0.333333333333333
			1.6797385620915	-0.336601307189543
			1.67647058823529	-0.339869281045752
			1.67647058823529	-0.343137254901961
			1.67647058823529	-0.34640522875817
			1.67647058823529	-0.349673202614379
			1.67647058823529	-0.352941176470588
			1.67320261437909	-0.356209150326797
			1.67320261437909	-0.359477124183007
			1.67320261437909	-0.362745098039216
			1.67320261437909	-0.366013071895425
			1.66993464052288	-0.369281045751634
			1.66993464052288	-0.372549019607843
			1.66993464052288	-0.375816993464052
			1.66993464052288	-0.379084967320261
			1.66666666666667	-0.382352941176471
			1.66666666666667	-0.38562091503268
			1.66666666666667	-0.388888888888889
			1.66666666666667	-0.392156862745098
			1.66339869281046	-0.395424836601307
			1.66339869281046	-0.398692810457516
			1.66339869281046	-0.401960784313726
			1.66339869281046	-0.405228758169935
			1.66013071895425	-0.408496732026144
			1.66013071895425	-0.411764705882353
			1.66013071895425	-0.415032679738562
			1.66013071895425	-0.418300653594771
			1.65686274509804	-0.42156862745098
			1.65686274509804	-0.42483660130719
			1.65686274509804	-0.428104575163399
			1.65686274509804	-0.431372549019608
			1.65359477124183	-0.434640522875817
			1.65359477124183	-0.437908496732026
			1.65359477124183	-0.441176470588235
			1.65359477124183	-0.444444444444444
			1.65032679738562	-0.447712418300654
			1.65032679738562	-0.450980392156863
			1.65032679738562	-0.454248366013072
			1.64705882352941	-0.457516339869281
			1.64705882352941	-0.46078431372549
			1.64705882352941	-0.464052287581699
			1.64705882352941	-0.467320261437909
			1.6437908496732	-0.470588235294118
			1.6437908496732	-0.473856209150327
			1.6437908496732	-0.477124183006536
			1.6437908496732	-0.480392156862745
			1.64052287581699	-0.483660130718954
			1.64052287581699	-0.486928104575163
			1.64052287581699	-0.490196078431373
			1.63725490196078	-0.493464052287582
			1.63725490196078	-0.496732026143791
			1.63725490196078	-0.5
			1.63725490196078	-0.503267973856209
			1.63398692810458	-0.506535947712418
			1.63398692810458	-0.509803921568627
			1.63398692810458	-0.513071895424837
			1.63398692810458	-0.516339869281046
			1.63071895424837	-0.519607843137255
			1.63071895424837	-0.522875816993464
			1.62745098039216	-0.526143790849673
			1.62745098039216	-0.529411764705882
			1.62745098039216	-0.532679738562091
			1.62745098039216	-0.535947712418301
			1.62418300653595	-0.53921568627451
			1.62418300653595	-0.542483660130719
			1.62418300653595	-0.545751633986928
			1.62418300653595	-0.549019607843137
			1.62091503267974	-0.552287581699346
			1.62091503267974	-0.555555555555556
			1.62091503267974	-0.558823529411765
			1.61764705882353	-0.562091503267974
			1.61764705882353	-0.565359477124183
			1.61764705882353	-0.568627450980392
			1.61437908496732	-0.571895424836601
			1.61437908496732	-0.575163398692811
			1.61437908496732	-0.57843137254902
			1.61111111111111	-0.581699346405229
			1.61111111111111	-0.584967320261438
			1.61111111111111	-0.588235294117647
			1.6078431372549	-0.591503267973856
			1.6078431372549	-0.594771241830065
			1.6078431372549	-0.598039215686274
			1.6078431372549	-0.601307189542484
			1.60457516339869	-0.604575163398693
			1.60457516339869	-0.607843137254902
			1.60457516339869	-0.611111111111111
			1.60130718954248	-0.61437908496732
			1.60130718954248	-0.617647058823529
			1.60130718954248	-0.620915032679739
			1.59803921568627	-0.624183006535948
			1.59803921568627	-0.627450980392157
			1.59803921568627	-0.630718954248366
			1.59477124183007	-0.633986928104575
			1.59477124183007	-0.637254901960784
			1.59477124183007	-0.640522875816994
			1.59150326797386	-0.643790849673203
			1.59150326797386	-0.647058823529412
			1.59150326797386	-0.650326797385621
			1.58823529411765	-0.65359477124183
			1.58823529411765	-0.656862745098039
			1.58823529411765	-0.660130718954248
			1.58496732026144	-0.663398692810457
			1.58496732026144	-0.666666666666667
			1.58496732026144	-0.669934640522876
			1.58169934640523	-0.673202614379085
			1.58169934640523	-0.676470588235294
			1.58169934640523	-0.679738562091503
			1.57843137254902	-0.683006535947712
			1.57843137254902	-0.686274509803922
			1.57843137254902	-0.689542483660131
			1.57516339869281	-0.69281045751634
			1.57516339869281	-0.696078431372549
			1.57516339869281	-0.699346405228758
			1.5718954248366	-0.702614379084967
			1.5718954248366	-0.705882352941177
			1.5718954248366	-0.709150326797386
			1.56862745098039	-0.712418300653595
			1.56862745098039	-0.715686274509804
			1.56535947712418	-0.718954248366013
			1.56535947712418	-0.722222222222222
			1.56535947712418	-0.725490196078431
			1.56535947712418	-0.728758169934641
			1.56209150326797	-0.728758169934641
			1.56209150326797	-0.73202614379085
			1.56209150326797	-0.735294117647059
			1.55882352941176	-0.738562091503268
			1.55882352941176	-0.741830065359477
			1.55882352941176	-0.745098039215686
			1.55555555555556	-0.748366013071895
			1.55555555555556	-0.751633986928105
			1.55555555555556	-0.754901960784314
			1.55228758169935	-0.754901960784314
			1.55228758169935	-0.758169934640523
			1.55228758169935	-0.761437908496732
			1.55228758169935	-0.764705882352941
			1.54901960784314	-0.76797385620915
			1.54901960784314	-0.77124183006536
			1.54575163398693	-0.774509803921569
			1.54575163398693	-0.777777777777778
			1.54575163398693	-0.781045751633987
			1.54248366013072	-0.784313725490196
			1.54248366013072	-0.787581699346405
			1.54248366013072	-0.790849673202614
			1.53921568627451	-0.794117647058824
			1.53921568627451	-0.797385620915033
			1.5359477124183	-0.800653594771242
			1.5359477124183	-0.803921568627451
			1.5359477124183	-0.80718954248366
			1.53267973856209	-0.810457516339869
			1.53267973856209	-0.813725490196078
			1.53267973856209	-0.816993464052288
			1.53267973856209	-0.820261437908497
			1.52941176470588	-0.823529411764706
			1.52941176470588	-0.826797385620915
			1.52941176470588	-0.830065359477124
			1.52941176470588	-0.833333333333333
			1.52941176470588	-0.836601307189543
			1.52614379084967	-0.836601307189543
			1.52614379084967	-0.839869281045752
			1.52614379084967	-0.843137254901961
			1.52614379084967	-0.84640522875817
			1.52614379084967	-0.849673202614379
			1.52287581699346	-0.849673202614379
			1.52287581699346	-0.852941176470588
			1.52287581699346	-0.856209150326797
			1.52287581699346	-0.859477124183007
			1.51960784313726	-0.862745098039216
			1.51960784313726	-0.866013071895425
			1.51960784313726	-0.869281045751634
			1.51960784313726	-0.872549019607843
			1.51960784313726	-0.875816993464052
			1.51633986928105	-0.879084967320261
			1.51633986928105	-0.882352941176471
			1.51633986928105	-0.88562091503268
			1.51307189542484	-0.888888888888889
			1.51307189542484	-0.892156862745098
			1.51307189542484	-0.895424836601307
			1.51307189542484	-0.898692810457516
			1.50980392156863	-0.898692810457516
			1.50980392156863	-0.901960784313726
			1.50980392156863	-0.905228758169935
			1.50980392156863	-0.908496732026144
			1.50653594771242	-0.911764705882353
			1.50653594771242	-0.915032679738562
			1.50653594771242	-0.918300653594771
			1.50326797385621	-0.92156862745098
			1.50326797385621	-0.92483660130719
			1.50326797385621	-0.928104575163399
			1.50326797385621	-0.931372549019608
			1.5	-0.934640522875817
			1.5	-0.937908496732026
			1.5	-0.941176470588235
			1.49673202614379	-0.944444444444444
			1.49673202614379	-0.947712418300654
			1.49673202614379	-0.950980392156863
			1.49346405228758	-0.954248366013072
			1.49346405228758	-0.957516339869281
			1.49346405228758	-0.96078431372549
			1.49019607843137	-0.964052287581699
			1.49019607843137	-0.967320261437909
			1.49019607843137	-0.970588235294118
			1.48692810457516	-0.973856209150327
			1.48692810457516	-0.977124183006536
			1.48366013071895	-0.980392156862745
			1.48366013071895	-0.983660130718954
			1.48039215686275	-0.986928104575163
			1.48039215686275	-0.990196078431373
			1.48039215686275	-0.993464052287582
			1.47712418300654	-0.996732026143791
			1.47712418300654	-1
			1.47712418300654	-1.00326797385621
			1.47385620915033	-1.00653594771242
			1.47058823529412	-1.00980392156863
			1.47058823529412	-1.01307189542484
			1.47058823529412	-1.01633986928105
			1.47058823529412	-1.01960784313725
			1.46732026143791	-1.01960784313725
			1.46732026143791	-1.02287581699346
			1.46732026143791	-1.02614379084967
			1.4640522875817	-1.02614379084967
			1.4640522875817	-1.02941176470588
			1.4640522875817	-1.03267973856209
			1.46078431372549	-1.03267973856209
			1.46078431372549	-1.0359477124183
			1.46078431372549	-1.03921568627451
			1.45751633986928	-1.03921568627451
			1.45751633986928	-1.04248366013072
			1.45751633986928	-1.04575163398693
			1.45424836601307	-1.04575163398693
			1.45424836601307	-1.04901960784314
			1.45424836601307	-1.05228758169935
			1.45098039215686	-1.05228758169935
			1.45098039215686	-1.05555555555556
			1.44771241830065	-1.05882352941176
			1.44771241830065	-1.06209150326797
			1.44444444444444	-1.06535947712418
			1.44117647058824	-1.06862745098039
			1.44117647058824	-1.0718954248366
			1.43790849673203	-1.07516339869281
			1.43790849673203	-1.07843137254902
			1.43464052287582	-1.07843137254902
			1.43464052287582	-1.08169934640523
			1.43137254901961	-1.08496732026144
			1.43137254901961	-1.08823529411765
			1.4281045751634	-1.09150326797386
			1.42483660130719	-1.09477124183007
			1.42483660130719	-1.09803921568627
			1.42156862745098	-1.10130718954248
			1.41830065359477	-1.10130718954248
			1.41830065359477	-1.10457516339869
			1.41503267973856	-1.1078431372549
			1.41176470588235	-1.11111111111111
			1.41176470588235	-1.11437908496732
			1.40849673202614	-1.11764705882353
			1.40522875816993	-1.12091503267974
			1.40196078431373	-1.12418300653595
			1.39869281045752	-1.12745098039216
			1.39542483660131	-1.13071895424837
			1.39542483660131	-1.13398692810458
			1.3921568627451	-1.13398692810458
			1.3921568627451	-1.13725490196078
			1.38888888888889	-1.14052287581699
			1.38888888888889	-1.1437908496732
			1.38562091503268	-1.1437908496732
			1.38562091503268	-1.14705882352941
			1.38235294117647	-1.15032679738562
			1.38235294117647	-1.15359477124183
			1.37908496732026	-1.15359477124183
			1.37908496732026	-1.15686274509804
			1.37581699346405	-1.16013071895425
			1.37581699346405	-1.16339869281046
			1.37254901960784	-1.16666666666667
			1.37254901960784	-1.16993464052288
			1.36928104575163	-1.17320261437909
			1.36928104575163	-1.17647058823529
			1.36601307189542	-1.17647058823529
			1.36601307189542	-1.1797385620915
			1.36274509803922	-1.18300653594771
			1.36274509803922	-1.18627450980392
			1.35947712418301	-1.18954248366013
			1.35947712418301	-1.19281045751634
			1.3562091503268	-1.19281045751634
			1.3562091503268	-1.19607843137255
			1.35294117647059	-1.19934640522876
			1.35294117647059	-1.20261437908497
			1.35294117647059	-1.20588235294118
			1.34967320261438	-1.20588235294118
			1.34967320261438	-1.20915032679739
			1.34640522875817	-1.21241830065359
			1.34640522875817	-1.2156862745098
			1.34313725490196	-1.21895424836601
			1.34313725490196	-1.22222222222222
			1.33986928104575	-1.22549019607843
			1.33986928104575	-1.22875816993464
			1.33986928104575	-1.23202614379085
			1.33660130718954	-1.23202614379085
			1.33660130718954	-1.23529411764706
			1.33333333333333	-1.23856209150327
			1.33333333333333	-1.24183006535948
			1.33333333333333	-1.24509803921569
			1.33006535947712	-1.24509803921569
			1.33006535947712	-1.2483660130719
			1.33006535947712	-1.2516339869281
			1.32679738562091	-1.25490196078431
			1.32679738562091	-1.25816993464052
			1.32352941176471	-1.26143790849673
			1.32352941176471	-1.26470588235294
			1.3202614379085	-1.26470588235294
			1.31699346405229	-1.26470588235294
			1.31372549019608	-1.26797385620915
			1.31045751633987	-1.26797385620915
			1.30718954248366	-1.26797385620915
			1.30392156862745	-1.26797385620915
			1.30065359477124	-1.26797385620915
			1.29738562091503	-1.27124183006536
			1.29411764705882	-1.27124183006536
			1.29084967320261	-1.27124183006536
			1.28758169934641	-1.27124183006536
			1.2843137254902	-1.27124183006536
			1.28104575163399	-1.27124183006536
			1.27777777777778	-1.27450980392157
			1.27450980392157	-1.27450980392157
			1.27124183006536	-1.27450980392157
			1.26797385620915	-1.27450980392157
			1.26470588235294	-1.27450980392157
			1.26143790849673	-1.27450980392157
			1.25816993464052	-1.27450980392157
		</axis>
		<margin type=matrix rownames=FALSE colnames=FALSE nrow=2269 ncol=2 as.numeric=TRUE >
			1.23529411764706	-2.22875816993464
			1.23856209150327	-2.22875816993464
			1.24183006535948	-2.22875816993464
			1.24509803921569	-2.22875816993464
			1.2483660130719	-2.22875816993464
			1.2516339869281	-2.22549019607843
			1.25490196078431	-2.22549019607843
			1.25816993464052	-2.22549019607843
			1.26143790849673	-2.22549019607843
			1.26470588235294	-2.22222222222222
			1.26797385620915	-2.22222222222222
			1.27124183006536	-2.22222222222222
			1.27450980392157	-2.21895424836601
			1.27777777777778	-2.21895424836601
			1.28104575163399	-2.21895424836601
			1.2843137254902	-2.2156862745098
			1.28758169934641	-2.2156862745098
			1.29084967320261	-2.21241830065359
			1.29411764705882	-2.21241830065359
			1.29738562091503	-2.20915032679739
			1.30065359477124	-2.20915032679739
			1.30065359477124	-2.20588235294118
			1.30392156862745	-2.20588235294118
			1.30718954248366	-2.20261437908497
			1.31045751633987	-2.20261437908497
			1.31372549019608	-2.19934640522876
			1.31699346405229	-2.19607843137255
			1.3202614379085	-2.19281045751634
			1.32352941176471	-2.18954248366013
			1.32679738562091	-2.18627450980392
			1.33006535947712	-2.18627450980392
			1.33333333333333	-2.18300653594771
			1.33660130718954	-2.1797385620915
			1.33986928104575	-2.17647058823529
			1.33986928104575	-2.17320261437909
			1.34313725490196	-2.16993464052288
			1.34640522875817	-2.16666666666667
			1.34967320261438	-2.16339869281046
			1.34967320261438	-2.16013071895425
			1.35294117647059	-2.15686274509804
			1.3562091503268	-2.15359477124183
			1.35947712418301	-2.15032679738562
			1.35947712418301	-2.14705882352941
			1.36274509803922	-2.1437908496732
			1.36274509803922	-2.14052287581699
			1.36601307189542	-2.13725490196078
			1.36601307189542	-2.13398692810458
			1.36928104575163	-2.13398692810458
			1.36928104575163	-2.13071895424837
			1.37254901960784	-2.12745098039216
			1.37581699346405	-2.12418300653595
			1.37581699346405	-2.12091503267974
			1.37908496732026	-2.11764705882353
			1.37908496732026	-2.11437908496732
			1.37908496732026	-2.11111111111111
			1.38235294117647	-2.11111111111111
			1.38235294117647	-2.1078431372549
			1.38235294117647	-2.10457516339869
			1.38562091503268	-2.10130718954248
			1.38562091503268	-2.09803921568627
			1.38888888888889	-2.09477124183007
			1.38888888888889	-2.09150326797386
			1.38888888888889	-2.08823529411765
			1.3921568627451	-2.08496732026144
			1.3921568627451	-2.08169934640523
			1.39542483660131	-2.07843137254902
			1.39542483660131	-2.07516339869281
			1.39869281045752	-2.0718954248366
			1.39869281045752	-2.06862745098039
			1.39869281045752	-2.06535947712418
			1.40196078431373	-2.06209150326797
			1.40196078431373	-2.05882352941176
			1.40196078431373	-2.05555555555556
			1.40522875816993	-2.05228758169935
			1.40522875816993	-2.04901960784314
			1.40522875816993	-2.04575163398693
			1.40849673202614	-2.04248366013072
			1.40849673202614	-2.03921568627451
			1.40849673202614	-2.0359477124183
			1.41176470588235	-2.03267973856209
			1.41176470588235	-2.02941176470588
			1.41176470588235	-2.02614379084967
			1.41503267973856	-2.02287581699346
			1.41503267973856	-2.01960784313725
			1.41503267973856	-2.01633986928105
			1.41503267973856	-2.01307189542484
			1.41830065359477	-2.00980392156863
			1.41830065359477	-2.00653594771242
			1.41830065359477	-2.00326797385621
			1.41830065359477	-2
			1.42156862745098	-1.99673202614379
			1.42156862745098	-1.99346405228758
			1.42156862745098	-1.99019607843137
			1.42156862745098	-1.98692810457516
			1.42483660130719	-1.98366013071895
			1.42483660130719	-1.98039215686275
			1.42483660130719	-1.97712418300654
			1.42483660130719	-1.97385620915033
			1.4281045751634	-1.97058823529412
			1.4281045751634	-1.96732026143791
			1.4281045751634	-1.9640522875817
			1.4281045751634	-1.96078431372549
			1.4281045751634	-1.95751633986928
			1.43137254901961	-1.95424836601307
			1.43137254901961	-1.95098039215686
			1.43137254901961	-1.94771241830065
			1.43137254901961	-1.94444444444444
			1.43137254901961	-1.94117647058824
			1.43464052287582	-1.93790849673203
			1.43464052287582	-1.93464052287582
			1.43464052287582	-1.93137254901961
			1.43464052287582	-1.9281045751634
			1.43464052287582	-1.92483660130719
			1.43464052287582	-1.92156862745098
			1.43790849673203	-1.91830065359477
			1.43790849673203	-1.91503267973856
			1.43790849673203	-1.91176470588235
			1.43790849673203	-1.90849673202614
			1.43790849673203	-1.90522875816993
			1.43790849673203	-1.90196078431373
			1.44117647058824	-1.89869281045752
			1.44117647058824	-1.89542483660131
			1.44117647058824	-1.8921568627451
			1.44117647058824	-1.88888888888889
			1.44117647058824	-1.88562091503268
			1.44117647058824	-1.88235294117647
			1.44444444444444	-1.87908496732026
			1.44444444444444	-1.87581699346405
			1.44444444444444	-1.87254901960784
			1.44444444444444	-1.86928104575163
			1.44444444444444	-1.86601307189542
			1.44444444444444	-1.86274509803922
			1.44444444444444	-1.85947712418301
			1.44771241830065	-1.8562091503268
			1.44771241830065	-1.85294117647059
			1.44771241830065	-1.84967320261438
			1.44771241830065	-1.84640522875817
			1.44771241830065	-1.84313725490196
			1.44771241830065	-1.83986928104575
			1.44771241830065	-1.83660130718954
			1.44771241830065	-1.83333333333333
			1.44771241830065	-1.83006535947712
			1.44771241830065	-1.82679738562091
			1.44771241830065	-1.82352941176471
			1.45098039215686	-1.8202614379085
			1.45098039215686	-1.81699346405229
			1.45098039215686	-1.81372549019608
			1.45098039215686	-1.81045751633987
			1.45098039215686	-1.80718954248366
			1.45098039215686	-1.80392156862745
			1.45098039215686	-1.80065359477124
			1.45098039215686	-1.79738562091503
			1.45098039215686	-1.79411764705882
			1.45098039215686	-1.79084967320261
			1.45098039215686	-1.78758169934641
			1.45098039215686	-1.7843137254902
			1.45098039215686	-1.78104575163399
			1.45098039215686	-1.77777777777778
			1.45098039215686	-1.77450980392157
			1.45424836601307	-1.77124183006536
			1.45424836601307	-1.76797385620915
			1.45424836601307	-1.76470588235294
			1.45424836601307	-1.76143790849673
			1.45424836601307	-1.75816993464052
			1.45424836601307	-1.75490196078431
			1.45424836601307	-1.7516339869281
			1.45424836601307	-1.7483660130719
			1.45424836601307	-1.74509803921569
			1.45424836601307	-1.74183006535948
			1.45424836601307	-1.73856209150327
			1.45424836601307	-1.73529411764706
			1.45424836601307	-1.73202614379085
			1.45424836601307	-1.72875816993464
			1.45424836601307	-1.72549019607843
			1.45424836601307	-1.72222222222222
			1.45424836601307	-1.71895424836601
			1.45424836601307	-1.7156862745098
			1.45424836601307	-1.71241830065359
			1.45424836601307	-1.70915032679739
			1.45424836601307	-1.70588235294118
			1.45424836601307	-1.70261437908497
			1.45424836601307	-1.69934640522876
			1.45424836601307	-1.69607843137255
			1.45424836601307	-1.69281045751634
			1.45424836601307	-1.68954248366013
			1.45424836601307	-1.68627450980392
			1.45424836601307	-1.68300653594771
			1.45424836601307	-1.6797385620915
			1.45424836601307	-1.67647058823529
			1.45424836601307	-1.67320261437909
			1.45424836601307	-1.66993464052288
			1.45424836601307	-1.66666666666667
			1.45424836601307	-1.66339869281046
			1.45424836601307	-1.66013071895425
			1.45424836601307	-1.65686274509804
			1.45424836601307	-1.65359477124183
			1.45424836601307	-1.65032679738562
			1.45424836601307	-1.64705882352941
			1.45424836601307	-1.6437908496732
			1.45424836601307	-1.64052287581699
			1.45424836601307	-1.63725490196078
			1.45424836601307	-1.63398692810458
			1.45424836601307	-1.63071895424837
			1.45424836601307	-1.62745098039216
			1.45424836601307	-1.62418300653595
			1.45424836601307	-1.62091503267974
			1.45424836601307	-1.61764705882353
			1.45424836601307	-1.61437908496732
			1.45424836601307	-1.61111111111111
			1.45424836601307	-1.6078431372549
			1.45424836601307	-1.60457516339869
			1.45424836601307	-1.60130718954248
			1.45424836601307	-1.59803921568627
			1.45424836601307	-1.59477124183007
			1.45424836601307	-1.59150326797386
			1.45424836601307	-1.58823529411765
			1.45424836601307	-1.58496732026144
			1.45424836601307	-1.58169934640523
			1.45424836601307	-1.57843137254902
			1.45424836601307	-1.57516339869281
			1.45098039215686	-1.5718954248366
			1.45098039215686	-1.56862745098039
			1.45098039215686	-1.56535947712418
			1.45098039215686	-1.56209150326797
			1.45098039215686	-1.55882352941176
			1.45098039215686	-1.55555555555556
			1.45098039215686	-1.55228758169935
			1.45098039215686	-1.54901960784314
			1.45098039215686	-1.54575163398693
			1.45098039215686	-1.54248366013072
			1.45098039215686	-1.53921568627451
			1.45098039215686	-1.5359477124183
			1.44771241830065	-1.5359477124183
			1.44771241830065	-1.53267973856209
			1.44771241830065	-1.52941176470588
			1.44771241830065	-1.52614379084967
			1.44771241830065	-1.52287581699346
			1.44771241830065	-1.51960784313726
			1.44771241830065	-1.51633986928105
			1.44771241830065	-1.51307189542484
			1.44771241830065	-1.50980392156863
			1.44444444444444	-1.50653594771242
			1.44444444444444	-1.50326797385621
			1.44444444444444	-1.5
			1.44444444444444	-1.49673202614379
			1.44444444444444	-1.49346405228758
			1.44444444444444	-1.49019607843137
			1.44117647058824	-1.48692810457516
			1.44117647058824	-1.48366013071895
			1.44117647058824	-1.48039215686275
			1.44117647058824	-1.47712418300654
			1.44117647058824	-1.47385620915033
			1.44117647058824	-1.47058823529412
			1.43790849673203	-1.46732026143791
			1.43790849673203	-1.4640522875817
			1.43790849673203	-1.46078431372549
			1.43790849673203	-1.45751633986928
			1.43790849673203	-1.45424836601307
			1.43464052287582	-1.45098039215686
			1.43464052287582	-1.44771241830065
			1.43464052287582	-1.44444444444444
			1.43464052287582	-1.44117647058824
			1.43464052287582	-1.43790849673203
			1.43137254901961	-1.43464052287582
			1.43137254901961	-1.43137254901961
			1.43137254901961	-1.4281045751634
			1.4281045751634	-1.42483660130719
			1.4281045751634	-1.42156862745098
			1.4281045751634	-1.41830065359477
			1.43137254901961	-1.41830065359477
			1.43464052287582	-1.41503267973856
			1.43790849673203	-1.41503267973856
			1.44117647058824	-1.41503267973856
			1.44444444444444	-1.41176470588235
			1.44771241830065	-1.41176470588235
			1.45098039215686	-1.41176470588235
			1.45424836601307	-1.41176470588235
			1.45751633986928	-1.41176470588235
			1.46078431372549	-1.41176470588235
			1.4640522875817	-1.41176470588235
			1.46732026143791	-1.40849673202614
			1.47058823529412	-1.40849673202614
			1.47385620915033	-1.40849673202614
			1.47712418300654	-1.40849673202614
			1.48039215686275	-1.41176470588235
			1.48366013071895	-1.41176470588235
			1.48692810457516	-1.41176470588235
			1.49019607843137	-1.41176470588235
			1.49346405228758	-1.41176470588235
			1.49673202614379	-1.41176470588235
			1.5	-1.41503267973856
			1.50326797385621	-1.41503267973856
			1.50653594771242	-1.41503267973856
			1.50980392156863	-1.41830065359477
			1.51307189542484	-1.41830065359477
			1.51633986928105	-1.42156862745098
			1.51960784313726	-1.42156862745098
			1.51960784313726	-1.42483660130719
			1.52287581699346	-1.42483660130719
			1.52614379084967	-1.4281045751634
			1.52941176470588	-1.43137254901961
			1.53267973856209	-1.43137254901961
			1.53267973856209	-1.43464052287582
			1.5359477124183	-1.43790849673203
			1.53921568627451	-1.43790849673203
			1.54248366013072	-1.44117647058824
			1.54248366013072	-1.44444444444444
			1.54575163398693	-1.44771241830065
			1.54901960784314	-1.45098039215686
			1.55228758169935	-1.45424836601307
			1.55228758169935	-1.45751633986928
			1.55555555555556	-1.46078431372549
			1.55882352941176	-1.4640522875817
			1.55882352941176	-1.46732026143791
			1.56209150326797	-1.47058823529412
			1.56209150326797	-1.47385620915033
			1.56535947712418	-1.47712418300654
			1.56535947712418	-1.48039215686275
			1.56862745098039	-1.48366013071895
			1.56862745098039	-1.48692810457516
			1.5718954248366	-1.49019607843137
			1.5718954248366	-1.49346405228758
			1.57516339869281	-1.49673202614379
			1.57516339869281	-1.5
			1.57843137254902	-1.50326797385621
			1.58169934640523	-1.50653594771242
			1.58169934640523	-1.50980392156863
			1.58496732026144	-1.51307189542484
			1.58823529411765	-1.51307189542484
			1.58823529411765	-1.51633986928105
			1.59150326797386	-1.51960784313726
			1.59150326797386	-1.52287581699346
			1.59477124183007	-1.52287581699346
			1.59803921568627	-1.52614379084967
			1.59803921568627	-1.52941176470588
			1.60130718954248	-1.53267973856209
			1.60130718954248	-1.5359477124183
			1.60457516339869	-1.5359477124183
			1.60457516339869	-1.53921568627451
			1.6078431372549	-1.54248366013072
			1.6078431372549	-1.54575163398693
			1.61111111111111	-1.54901960784314
			1.61437908496732	-1.54901960784314
			1.61437908496732	-1.55228758169935
			1.61764705882353	-1.55555555555556
			1.61764705882353	-1.55882352941176
			1.62091503267974	-1.56209150326797
			1.62418300653595	-1.56535947712418
			1.62418300653595	-1.56862745098039
			1.62745098039216	-1.5718954248366
			1.63071895424837	-1.57516339869281
			1.63071895424837	-1.57843137254902
			1.63398692810458	-1.58169934640523
			1.63398692810458	-1.58496732026144
			1.63725490196078	-1.58823529411765
			1.64052287581699	-1.59150326797386
			1.64052287581699	-1.59477124183007
			1.6437908496732	-1.59803921568627
			1.6437908496732	-1.60130718954248
			1.64705882352941	-1.60457516339869
			1.64705882352941	-1.6078431372549
			1.65032679738562	-1.61111111111111
			1.65032679738562	-1.61437908496732
			1.65359477124183	-1.61764705882353
			1.65359477124183	-1.62091503267974
			1.65359477124183	-1.62418300653595
			1.65686274509804	-1.62418300653595
			1.65686274509804	-1.62745098039216
			1.65686274509804	-1.63071895424837
			1.66013071895425	-1.63398692810458
			1.66013071895425	-1.63725490196078
			1.66339869281046	-1.64052287581699
			1.66339869281046	-1.6437908496732
			1.66666666666667	-1.64705882352941
			1.66666666666667	-1.65032679738562
			1.66666666666667	-1.65359477124183
			1.66993464052288	-1.65686274509804
			1.66993464052288	-1.66013071895425
			1.67320261437909	-1.66339869281046
			1.67320261437909	-1.66666666666667
			1.67320261437909	-1.66993464052288
			1.67647058823529	-1.67320261437909
			1.67647058823529	-1.67647058823529
			1.6797385620915	-1.6797385620915
			1.6797385620915	-1.68300653594771
			1.6797385620915	-1.68627450980392
			1.68300653594771	-1.68954248366013
			1.68300653594771	-1.69281045751634
			1.68300653594771	-1.69607843137255
			1.68627450980392	-1.69934640522876
			1.68627450980392	-1.70261437908497
			1.68627450980392	-1.70588235294118
			1.68954248366013	-1.70915032679739
			1.68954248366013	-1.71241830065359
			1.68954248366013	-1.7156862745098
			1.68954248366013	-1.71895424836601
			1.69281045751634	-1.72222222222222
			1.69281045751634	-1.72549019607843
			1.69281045751634	-1.72875816993464
			1.69607843137255	-1.73202614379085
			1.69607843137255	-1.73529411764706
			1.69607843137255	-1.73856209150327
			1.69607843137255	-1.74183006535948
			1.69934640522876	-1.74509803921569
			1.69934640522876	-1.7483660130719
			1.69934640522876	-1.7516339869281
			1.70261437908497	-1.75490196078431
			1.70261437908497	-1.75816993464052
			1.70261437908497	-1.76143790849673
			1.70261437908497	-1.76470588235294
			1.70261437908497	-1.76797385620915
			1.70588235294118	-1.77124183006536
			1.70588235294118	-1.77450980392157
			1.70588235294118	-1.77777777777778
			1.70588235294118	-1.78104575163399
			1.70588235294118	-1.7843137254902
			1.70915032679739	-1.78758169934641
			1.70915032679739	-1.79084967320261
			1.70915032679739	-1.79411764705882
			1.70915032679739	-1.79738562091503
			1.70915032679739	-1.80065359477124
			1.70915032679739	-1.80392156862745
			1.71241830065359	-1.80718954248366
			1.71241830065359	-1.81045751633987
			1.71241830065359	-1.81372549019608
			1.71241830065359	-1.81699346405229
			1.71241830065359	-1.8202614379085
			1.71241830065359	-1.82352941176471
			1.71241830065359	-1.82679738562091
			1.7156862745098	-1.83006535947712
			1.7156862745098	-1.83333333333333
			1.7156862745098	-1.83660130718954
			1.7156862745098	-1.83986928104575
			1.7156862745098	-1.84313725490196
			1.7156862745098	-1.84640522875817
			1.7156862745098	-1.84967320261438
			1.7156862745098	-1.85294117647059
			1.71895424836601	-1.8562091503268
			1.71895424836601	-1.85947712418301
			1.71895424836601	-1.86274509803922
			1.71895424836601	-1.86601307189542
			1.71895424836601	-1.86928104575163
			1.71895424836601	-1.87254901960784
			1.72222222222222	-1.87581699346405
			1.72222222222222	-1.87908496732026
			1.72222222222222	-1.88235294117647
			1.72549019607843	-1.88562091503268
			1.72549019607843	-1.88888888888889
			1.72549019607843	-1.8921568627451
			1.72875816993464	-1.89542483660131
			1.72875816993464	-1.89869281045752
			1.72875816993464	-1.90196078431373
			1.73202614379085	-1.90522875816993
			1.73202614379085	-1.90849673202614
			1.73202614379085	-1.91176470588235
			1.73529411764706	-1.91503267973856
			1.73529411764706	-1.91830065359477
			1.73856209150327	-1.92156862745098
			1.73856209150327	-1.92483660130719
			1.73856209150327	-1.9281045751634
			1.74183006535948	-1.93137254901961
			1.74183006535948	-1.93464052287582
			1.74183006535948	-1.93790849673203
			1.74509803921569	-1.94117647058824
			1.74509803921569	-1.94444444444444
			1.7483660130719	-1.94771241830065
			1.7483660130719	-1.95098039215686
			1.7516339869281	-1.95424836601307
			1.7516339869281	-1.95751633986928
			1.75490196078431	-1.96078431372549
			1.75490196078431	-1.9640522875817
			1.75816993464052	-1.96732026143791
			1.75816993464052	-1.97058823529412
			1.76143790849673	-1.97385620915033
			1.76143790849673	-1.97712418300654
			1.76470588235294	-1.98039215686275
			1.76470588235294	-1.98366013071895
			1.76797385620915	-1.98692810457516
			1.77124183006536	-1.99019607843137
			1.77124183006536	-1.99346405228758
			1.77450980392157	-1.99673202614379
			1.77450980392157	-2
			1.77777777777778	-2
			1.77777777777778	-2.00326797385621
			1.78104575163399	-2.00653594771242
			1.78104575163399	-2.00980392156863
			1.7843137254902	-2.01307189542484
			1.78758169934641	-2.01307189542484
			1.78758169934641	-2.01633986928105
			1.79084967320261	-2.01960784313725
			1.79084967320261	-2.02287581699346
			1.79411764705882	-2.02614379084967
			1.79738562091503	-2.02614379084967
			1.79738562091503	-2.02941176470588
			1.80065359477124	-2.03267973856209
			1.80392156862745	-2.0359477124183
			1.80718954248366	-2.03921568627451
			1.81045751633987	-2.04248366013072
			1.81372549019608	-2.04575163398693
			1.81699346405229	-2.04575163398693
			1.8202614379085	-2.04575163398693
			1.82352941176471	-2.04575163398693
			1.82679738562091	-2.04901960784314
			1.83006535947712	-2.04901960784314
			1.83333333333333	-2.04901960784314
			1.83660130718954	-2.04901960784314
			1.83986928104575	-2.04901960784314
			1.84313725490196	-2.04901960784314
			1.84640522875817	-2.04901960784314
			1.84967320261438	-2.04901960784314
			1.85294117647059	-2.04901960784314
			1.8562091503268	-2.04901960784314
			1.85947712418301	-2.04901960784314
			1.86274509803922	-2.04901960784314
			1.86601307189542	-2.04575163398693
			1.86928104575163	-2.04575163398693
			1.87254901960784	-2.04575163398693
			1.87581699346405	-2.04575163398693
			1.87908496732026	-2.04575163398693
			1.88235294117647	-2.04248366013072
			1.88562091503268	-2.04248366013072
			1.88888888888889	-2.04248366013072
			1.8921568627451	-2.04248366013072
			1.89542483660131	-2.04248366013072
			1.89869281045752	-2.03921568627451
			1.90196078431373	-2.03921568627451
			1.90522875816993	-2.03921568627451
			1.90849673202614	-2.03921568627451
			1.91176470588235	-2.0359477124183
			1.91503267973856	-2.0359477124183
			1.91830065359477	-2.0359477124183
			1.92156862745098	-2.03267973856209
			1.92483660130719	-2.03267973856209
			1.9281045751634	-2.03267973856209
			1.93137254901961	-2.02941176470588
			1.93464052287582	-2.02941176470588
			1.93790849673203	-2.02614379084967
			1.94117647058824	-2.02614379084967
			1.94444444444444	-2.02614379084967
			1.94771241830065	-2.02287581699346
			1.95098039215686	-2.02287581699346
			1.95424836601307	-2.01960784313725
			1.95751633986928	-2.01960784313725
			1.96078431372549	-2.01633986928105
			1.9640522875817	-2.01633986928105
			1.96732026143791	-2.01307189542484
			1.97058823529412	-2.01307189542484
			1.97385620915033	-2.00980392156863
			1.97712418300654	-2.00980392156863
			1.98039215686275	-2.00653594771242
			1.98366013071895	-2.00653594771242
			1.98692810457516	-2.00326797385621
			1.99019607843137	-2.00326797385621
			1.99346405228758	-2
			1.99673202614379	-2
			2	-1.99673202614379
			2.00326797385621	-1.99673202614379
			2.00653594771242	-1.99346405228758
			2.00980392156863	-1.99019607843137
			2.01307189542484	-1.99019607843137
			2.01307189542484	-1.98692810457516
			2.01633986928105	-1.98366013071895
			2.01633986928105	-1.98039215686275
			2.01633986928105	-1.97712418300654
			2.01960784313725	-1.97385620915033
			2.01960784313725	-1.97058823529412
			2.01960784313725	-1.96732026143791
			2.01960784313725	-1.9640522875817
			2.02287581699346	-1.96078431372549
			2.02287581699346	-1.95751633986928
			2.02287581699346	-1.95424836601307
			2.02614379084967	-1.95098039215686
			2.02614379084967	-1.94771241830065
			2.02614379084967	-1.94444444444444
			2.02614379084967	-1.94117647058824
			2.02941176470588	-1.93790849673203
			2.02941176470588	-1.93464052287582
			2.02941176470588	-1.93137254901961
			2.02941176470588	-1.9281045751634
			2.03267973856209	-1.92483660130719
			2.03267973856209	-1.92156862745098
			2.03267973856209	-1.91830065359477
			2.03267973856209	-1.91503267973856
			2.0359477124183	-1.91176470588235
			2.0359477124183	-1.90849673202614
			2.0359477124183	-1.90522875816993
			2.0359477124183	-1.90196078431373
			2.03921568627451	-1.89869281045752
			2.03921568627451	-1.89542483660131
			2.03921568627451	-1.8921568627451
			2.03921568627451	-1.88888888888889
			2.04248366013072	-1.88888888888889
			2.04248366013072	-1.88562091503268
			2.04248366013072	-1.88235294117647
			2.04248366013072	-1.87908496732026
			2.04248366013072	-1.87581699346405
			2.04575163398693	-1.87254901960784
			2.04575163398693	-1.86928104575163
			2.04575163398693	-1.86601307189542
			2.04575163398693	-1.86274509803922
			2.04575163398693	-1.85947712418301
			2.04901960784314	-1.8562091503268
			2.04901960784314	-1.85294117647059
			2.04901960784314	-1.84967320261438
			2.04901960784314	-1.84640522875817
			2.04901960784314	-1.84313725490196
			2.05228758169935	-1.83986928104575
			2.05228758169935	-1.83660130718954
			2.05228758169935	-1.83333333333333
			2.05228758169935	-1.83006535947712
			2.05228758169935	-1.82679738562091
			2.05228758169935	-1.82352941176471
			2.05555555555556	-1.8202614379085
			2.05555555555556	-1.81699346405229
			2.05555555555556	-1.81372549019608
			2.05555555555556	-1.81045751633987
			2.05555555555556	-1.80718954248366
			2.05555555555556	-1.80392156862745
			2.05882352941176	-1.80065359477124
			2.05882352941176	-1.79738562091503
			2.05882352941176	-1.79411764705882
			2.05882352941176	-1.79084967320261
			2.05882352941176	-1.78758169934641
			2.05882352941176	-1.7843137254902
			2.05882352941176	-1.78104575163399
			2.06209150326797	-1.77777777777778
			2.06209150326797	-1.77450980392157
			2.06209150326797	-1.77124183006536
			2.06209150326797	-1.76797385620915
			2.06209150326797	-1.76470588235294
			2.06209150326797	-1.76143790849673
			2.06209150326797	-1.75816993464052
			2.06209150326797	-1.75490196078431
			2.06535947712418	-1.7516339869281
			2.06535947712418	-1.7483660130719
			2.06535947712418	-1.74509803921569
			2.06535947712418	-1.74183006535948
			2.06535947712418	-1.73856209150327
			2.06535947712418	-1.73529411764706
			2.06535947712418	-1.73202614379085
			2.06535947712418	-1.72875816993464
			2.06535947712418	-1.72549019607843
			2.06535947712418	-1.72222222222222
			2.06862745098039	-1.71895424836601
			2.06862745098039	-1.7156862745098
			2.06862745098039	-1.71241830065359
			2.06862745098039	-1.70915032679739
			2.06862745098039	-1.70588235294118
			2.06862745098039	-1.70261437908497
			2.06862745098039	-1.69934640522876
			2.06862745098039	-1.69607843137255
			2.06862745098039	-1.69281045751634
			2.06862745098039	-1.68954248366013
			2.06862745098039	-1.68627450980392
			2.06862745098039	-1.68300653594771
			2.06862745098039	-1.6797385620915
			2.06862745098039	-1.67647058823529
			2.06862745098039	-1.67320261437909
			2.0718954248366	-1.66993464052288
			2.0718954248366	-1.66666666666667
			2.0718954248366	-1.66339869281046
			2.0718954248366	-1.66013071895425
			2.0718954248366	-1.65686274509804
			2.0718954248366	-1.65359477124183
			2.0718954248366	-1.65032679738562
			2.0718954248366	-1.64705882352941
			2.0718954248366	-1.6437908496732
			2.0718954248366	-1.64052287581699
			2.0718954248366	-1.63725490196078
			2.0718954248366	-1.63398692810458
			2.0718954248366	-1.63071895424837
			2.0718954248366	-1.62745098039216
			2.0718954248366	-1.62418300653595
			2.0718954248366	-1.62091503267974
			2.0718954248366	-1.61764705882353
			2.0718954248366	-1.61437908496732
			2.0718954248366	-1.61111111111111
			2.0718954248366	-1.6078431372549
			2.0718954248366	-1.60457516339869
			2.0718954248366	-1.60130718954248
			2.0718954248366	-1.59803921568627
			2.0718954248366	-1.59477124183007
			2.0718954248366	-1.59150326797386
			2.0718954248366	-1.58823529411765
			2.0718954248366	-1.58496732026144
			2.0718954248366	-1.58169934640523
			2.0718954248366	-1.57843137254902
			2.0718954248366	-1.57516339869281
			2.0718954248366	-1.5718954248366
			2.06862745098039	-1.56862745098039
			2.06862745098039	-1.56535947712418
			2.06862745098039	-1.56209150326797
			2.06862745098039	-1.55882352941176
			2.06862745098039	-1.55555555555556
			2.06862745098039	-1.55228758169935
			2.06535947712418	-1.54901960784314
			2.06535947712418	-1.54575163398693
			2.06535947712418	-1.54248366013072
			2.06535947712418	-1.53921568627451
			2.06535947712418	-1.5359477124183
			2.06209150326797	-1.53267973856209
			2.06209150326797	-1.52941176470588
			2.06209150326797	-1.52614379084967
			2.06209150326797	-1.52287581699346
			2.06209150326797	-1.51960784313726
			2.05882352941176	-1.51633986928105
			2.05882352941176	-1.51307189542484
			2.05882352941176	-1.50980392156863
			2.05882352941176	-1.50653594771242
			2.05882352941176	-1.50326797385621
			2.05555555555556	-1.50326797385621
			2.05555555555556	-1.5
			2.05555555555556	-1.49673202614379
			2.05555555555556	-1.49346405228758
			2.05555555555556	-1.49019607843137
			2.05228758169935	-1.48692810457516
			2.05228758169935	-1.48366013071895
			2.05228758169935	-1.48039215686275
			2.05228758169935	-1.47712418300654
			2.04901960784314	-1.47385620915033
			2.04901960784314	-1.47058823529412
			2.04901960784314	-1.46732026143791
			2.04575163398693	-1.4640522875817
			2.04575163398693	-1.46078431372549
			2.04575163398693	-1.45751633986928
			2.04575163398693	-1.45424836601307
			2.04248366013072	-1.45098039215686
			2.04248366013072	-1.44771241830065
			2.04248366013072	-1.44444444444444
			2.03921568627451	-1.44117647058824
			2.03921568627451	-1.43790849673203
			2.03921568627451	-1.43464052287582
			2.0359477124183	-1.43137254901961
			2.0359477124183	-1.4281045751634
			2.0359477124183	-1.42483660130719
			2.03267973856209	-1.42156862745098
			2.03267973856209	-1.41830065359477
			2.03267973856209	-1.41503267973856
			2.02941176470588	-1.41176470588235
			2.02941176470588	-1.40849673202614
			2.02941176470588	-1.40522875816993
			2.02614379084967	-1.40196078431373
			2.02614379084967	-1.39869281045752
			2.02287581699346	-1.39542483660131
			2.02287581699346	-1.3921568627451
			2.01960784313725	-1.38888888888889
			2.01960784313725	-1.38562091503268
			2.01960784313725	-1.38235294117647
			2.01633986928105	-1.37908496732026
			2.01633986928105	-1.37581699346405
			2.01307189542484	-1.37254901960784
			2.01307189542484	-1.36928104575163
			2.00980392156863	-1.36601307189542
			2.00980392156863	-1.36274509803922
			2.00653594771242	-1.35947712418301
			2.00653594771242	-1.3562091503268
			2.00326797385621	-1.35294117647059
			2.00326797385621	-1.34967320261438
			2	-1.34640522875817
			2	-1.34313725490196
			1.99673202614379	-1.33986928104575
			1.99346405228758	-1.33660130718954
			1.99346405228758	-1.33333333333333
			1.99019607843137	-1.33006535947712
			1.99019607843137	-1.32679738562091
			1.98692810457516	-1.32352941176471
			1.98366013071895	-1.3202614379085
			1.98366013071895	-1.31699346405229
			1.98039215686275	-1.31372549019608
			1.97712418300654	-1.31045751633987
			1.97712418300654	-1.30718954248366
			1.97385620915033	-1.30392156862745
			1.97058823529412	-1.30065359477124
			1.97058823529412	-1.29738562091503
			1.96732026143791	-1.29738562091503
			1.9640522875817	-1.29411764705882
			1.96078431372549	-1.29084967320261
			1.96078431372549	-1.28758169934641
			1.95751633986928	-1.2843137254902
			1.95424836601307	-1.2843137254902
			1.95424836601307	-1.28104575163399
			1.95098039215686	-1.27777777777778
			1.94771241830065	-1.27450980392157
			1.94444444444444	-1.27450980392157
			1.94444444444444	-1.27124183006536
			1.94117647058824	-1.26797385620915
			1.93790849673203	-1.26797385620915
			1.93464052287582	-1.26470588235294
			1.93137254901961	-1.26143790849673
			1.93137254901961	-1.25816993464052
			1.9281045751634	-1.25490196078431
			1.9281045751634	-1.2516339869281
			1.9281045751634	-1.2483660130719
			1.92483660130719	-1.24509803921569
			1.92483660130719	-1.24183006535948
			1.92483660130719	-1.23856209150327
			1.92156862745098	-1.23529411764706
			1.92156862745098	-1.23202614379085
			1.92156862745098	-1.22875816993464
			1.91830065359477	-1.22549019607843
			1.91830065359477	-1.22222222222222
			1.91830065359477	-1.21895424836601
			1.91503267973856	-1.2156862745098
			1.91503267973856	-1.21241830065359
			1.91503267973856	-1.20915032679739
			1.91176470588235	-1.20588235294118
			1.91176470588235	-1.20261437908497
			1.91176470588235	-1.19934640522876
			1.91176470588235	-1.19607843137255
			1.90849673202614	-1.19607843137255
			1.90849673202614	-1.19281045751634
			1.90849673202614	-1.18954248366013
			1.90849673202614	-1.18627450980392
			1.90522875816993	-1.18300653594771
			1.90522875816993	-1.1797385620915
			1.90522875816993	-1.17647058823529
			1.90522875816993	-1.17320261437909
			1.90522875816993	-1.16993464052288
			1.90196078431373	-1.16993464052288
			1.90196078431373	-1.16666666666667
			1.90196078431373	-1.16339869281046
			1.90196078431373	-1.16013071895425
			1.90196078431373	-1.15686274509804
			1.90196078431373	-1.15359477124183
			1.90196078431373	-1.15032679738562
			1.90522875816993	-1.15032679738562
			1.90849673202614	-1.15032679738562
			1.91176470588235	-1.15032679738562
			1.91503267973856	-1.15032679738562
			1.91830065359477	-1.15032679738562
			1.92156862745098	-1.15032679738562
			1.92156862745098	-1.15359477124183
			1.92483660130719	-1.15359477124183
			1.9281045751634	-1.15359477124183
			1.93137254901961	-1.15359477124183
			1.93464052287582	-1.15686274509804
			1.93790849673203	-1.15686274509804
			1.93790849673203	-1.16013071895425
			1.94117647058824	-1.16013071895425
			1.94444444444444	-1.16013071895425
			1.94771241830065	-1.16339869281046
			1.95098039215686	-1.16339869281046
			1.95424836601307	-1.16666666666667
			1.95751633986928	-1.16666666666667
			1.96078431372549	-1.16993464052288
			1.9640522875817	-1.17320261437909
			1.96732026143791	-1.17320261437909
			1.97058823529412	-1.17647058823529
			1.97385620915033	-1.17647058823529
			1.97712418300654	-1.1797385620915
			1.98039215686275	-1.1797385620915
			1.98366013071895	-1.18300653594771
			1.98692810457516	-1.18300653594771
			1.98692810457516	-1.18627450980392
			1.99019607843137	-1.18954248366013
			1.99346405228758	-1.18954248366013
			1.99673202614379	-1.19281045751634
			2	-1.19607843137255
			2.00326797385621	-1.19607843137255
			2.00653594771242	-1.19934640522876
			2.00980392156863	-1.20261437908497
			2.01307189542484	-1.20261437908497
			2.01633986928105	-1.20588235294118
			2.01960784313725	-1.20915032679739
			2.02287581699346	-1.20915032679739
			2.02614379084967	-1.21241830065359
			2.02941176470588	-1.2156862745098
			2.03267973856209	-1.21895424836601
			2.0359477124183	-1.21895424836601
			2.03921568627451	-1.22222222222222
			2.04248366013072	-1.22549019607843
			2.04575163398693	-1.22549019607843
			2.04901960784314	-1.22875816993464
			2.04901960784314	-1.23202614379085
			2.05228758169935	-1.23202614379085
			2.05555555555556	-1.23529411764706
			2.05882352941176	-1.23856209150327
			2.06209150326797	-1.23856209150327
			2.06535947712418	-1.24183006535948
			2.06862745098039	-1.24509803921569
			2.0718954248366	-1.2483660130719
			2.07516339869281	-1.2516339869281
			2.07516339869281	-1.25490196078431
			2.07843137254902	-1.25816993464052
			2.07843137254902	-1.26143790849673
			2.08169934640523	-1.26470588235294
			2.08496732026144	-1.26797385620915
			2.08496732026144	-1.27124183006536
			2.08823529411765	-1.27450980392157
			2.08823529411765	-1.27777777777778
			2.09150326797386	-1.28104575163399
			2.09477124183007	-1.2843137254902
			2.09477124183007	-1.28758169934641
			2.09803921568627	-1.29084967320261
			2.09803921568627	-1.29411764705882
			2.10130718954248	-1.29738562091503
			2.10130718954248	-1.30065359477124
			2.10457516339869	-1.30065359477124
			2.10457516339869	-1.30392156862745
			2.10457516339869	-1.30718954248366
			2.1078431372549	-1.30718954248366
			2.1078431372549	-1.31045751633987
			2.1078431372549	-1.31372549019608
			2.11111111111111	-1.31372549019608
			2.11111111111111	-1.31699346405229
			2.11111111111111	-1.3202614379085
			2.11437908496732	-1.3202614379085
			2.11437908496732	-1.32352941176471
			2.11437908496732	-1.32679738562091
			2.11764705882353	-1.32679738562091
			2.11764705882353	-1.33006535947712
			2.11764705882353	-1.33333333333333
			2.12091503267974	-1.33660130718954
			2.12091503267974	-1.33986928104575
			2.12418300653595	-1.34313725490196
			2.12745098039216	-1.34640522875817
			2.12745098039216	-1.34967320261438
			2.12745098039216	-1.35294117647059
			2.13071895424837	-1.3562091503268
			2.13071895424837	-1.35947712418301
			2.13398692810458	-1.36274509803922
			2.13398692810458	-1.36601307189542
			2.13725490196078	-1.36928104575163
			2.13725490196078	-1.37254901960784
			2.14052287581699	-1.37581699346405
			2.14052287581699	-1.37908496732026
			2.14052287581699	-1.38235294117647
			2.1437908496732	-1.38562091503268
			2.1437908496732	-1.38888888888889
			2.14705882352941	-1.3921568627451
			2.14705882352941	-1.39542483660131
			2.14705882352941	-1.39869281045752
			2.15032679738562	-1.39869281045752
			2.15032679738562	-1.40196078431373
			2.15032679738562	-1.40522875816993
			2.15359477124183	-1.40849673202614
			2.15359477124183	-1.41176470588235
			2.15359477124183	-1.41503267973856
			2.15686274509804	-1.41503267973856
			2.15686274509804	-1.41830065359477
			2.15686274509804	-1.42156862745098
			2.16013071895425	-1.42483660130719
			2.16013071895425	-1.4281045751634
			2.16013071895425	-1.43137254901961
			2.16339869281046	-1.43464052287582
			2.16339869281046	-1.43790849673203
			2.16666666666667	-1.44117647058824
			2.16666666666667	-1.44444444444444
			2.16666666666667	-1.44771241830065
			2.16993464052288	-1.45098039215686
			2.16993464052288	-1.45424836601307
			2.16993464052288	-1.45751633986928
			2.17320261437909	-1.46078431372549
			2.17320261437909	-1.4640522875817
			2.17320261437909	-1.46732026143791
			2.17647058823529	-1.47058823529412
			2.17647058823529	-1.47385620915033
			2.17647058823529	-1.47712418300654
			2.1797385620915	-1.48039215686275
			2.1797385620915	-1.48366013071895
			2.1797385620915	-1.48692810457516
			2.1797385620915	-1.49019607843137
			2.18300653594771	-1.49346405228758
			2.18300653594771	-1.49673202614379
			2.18300653594771	-1.5
			2.18300653594771	-1.50326797385621
			2.18300653594771	-1.50653594771242
			2.18627450980392	-1.50980392156863
			2.18627450980392	-1.51307189542484
			2.18627450980392	-1.51633986928105
			2.18627450980392	-1.51960784313726
			2.18954248366013	-1.52287581699346
			2.18954248366013	-1.52614379084967
			2.18954248366013	-1.52941176470588
			2.18954248366013	-1.53267973856209
			2.19281045751634	-1.5359477124183
			2.19281045751634	-1.53921568627451
			2.19281045751634	-1.54248366013072
			2.19281045751634	-1.54575163398693
			2.19607843137255	-1.54901960784314
			2.19607843137255	-1.55228758169935
			2.19607843137255	-1.55555555555556
			2.19607843137255	-1.55882352941176
			2.19934640522876	-1.56209150326797
			2.19934640522876	-1.56535947712418
			2.19934640522876	-1.56862745098039
			2.19934640522876	-1.5718954248366
			2.20261437908497	-1.57516339869281
			2.20261437908497	-1.57843137254902
			2.20261437908497	-1.58169934640523
			2.20588235294118	-1.58496732026144
			2.20588235294118	-1.58823529411765
			2.20588235294118	-1.59150326797386
			2.20588235294118	-1.59477124183007
			2.20915032679739	-1.59803921568627
			2.20915032679739	-1.60130718954248
			2.20915032679739	-1.60457516339869
			2.20915032679739	-1.6078431372549
			2.21241830065359	-1.6078431372549
			2.21241830065359	-1.61111111111111
			2.21241830065359	-1.61437908496732
			2.21241830065359	-1.61764705882353
			2.2156862745098	-1.62091503267974
			2.2156862745098	-1.62418300653595
			2.2156862745098	-1.62745098039216
			2.21895424836601	-1.63071895424837
			2.21895424836601	-1.63398692810458
			2.21895424836601	-1.63725490196078
			2.22222222222222	-1.64052287581699
			2.22222222222222	-1.6437908496732
			2.22222222222222	-1.64705882352941
			2.22549019607843	-1.65032679738562
			2.22549019607843	-1.65359477124183
			2.22549019607843	-1.65686274509804
			2.22875816993464	-1.66013071895425
			2.22875816993464	-1.66339869281046
			2.22875816993464	-1.66666666666667
			2.22875816993464	-1.66993464052288
			2.23202614379085	-1.67320261437909
			2.23202614379085	-1.67647058823529
			2.23202614379085	-1.6797385620915
			2.23529411764706	-1.68300653594771
			2.23529411764706	-1.68627450980392
			2.23529411764706	-1.68954248366013
			2.23856209150327	-1.69281045751634
			2.23856209150327	-1.69607843137255
			2.23856209150327	-1.69934640522876
			2.24183006535948	-1.70261437908497
			2.24183006535948	-1.70588235294118
			2.24183006535948	-1.70915032679739
			2.24509803921569	-1.71241830065359
			2.24509803921569	-1.7156862745098
			2.24509803921569	-1.71895424836601
			2.2483660130719	-1.72222222222222
			2.2483660130719	-1.72549019607843
			2.2483660130719	-1.72875816993464
			2.2516339869281	-1.73202614379085
			2.2516339869281	-1.73529411764706
			2.2516339869281	-1.73856209150327
			2.25490196078431	-1.74183006535948
			2.25490196078431	-1.74509803921569
			2.25490196078431	-1.7483660130719
			2.25816993464052	-1.7516339869281
			2.25816993464052	-1.75490196078431
			2.26143790849673	-1.75816993464052
			2.26470588235294	-1.76143790849673
			2.26797385620915	-1.76470588235294
			2.27124183006536	-1.76797385620915
			2.27450980392157	-1.77124183006536
			2.27777777777778	-1.77124183006536
			2.28104575163399	-1.77450980392157
			2.28104575163399	-1.77777777777778
			2.2843137254902	-1.78104575163399
			2.28758169934641	-1.78104575163399
			2.29084967320261	-1.7843137254902
			2.29411764705882	-1.78758169934641
			2.29738562091503	-1.79084967320261
			2.30065359477124	-1.79084967320261
			2.30392156862745	-1.79411764705882
			2.30718954248366	-1.79411764705882
			2.31045751633987	-1.79738562091503
			2.31372549019608	-1.80065359477124
			2.31699346405229	-1.80392156862745
			2.3202614379085	-1.80718954248366
			2.32352941176471	-1.80718954248366
			2.32679738562092	-1.80718954248366
			2.33006535947712	-1.81045751633987
			2.33333333333333	-1.81045751633987
			2.33660130718954	-1.81372549019608
			2.33986928104575	-1.81372549019608
			2.34313725490196	-1.81699346405229
			2.34640522875817	-1.81699346405229
			2.34967320261438	-1.8202614379085
			2.35294117647059	-1.8202614379085
			2.3562091503268	-1.82352941176471
			2.35947712418301	-1.82352941176471
			2.36274509803922	-1.82352941176471
			2.36601307189542	-1.82679738562091
			2.36928104575163	-1.82679738562091
			2.37254901960784	-1.82679738562091
			2.37581699346405	-1.83006535947712
			2.37908496732026	-1.83006535947712
			2.38235294117647	-1.83006535947712
			2.38562091503268	-1.83006535947712
			2.38562091503268	-1.83333333333333
			2.38888888888889	-1.83333333333333
			2.3921568627451	-1.83333333333333
			2.39542483660131	-1.83333333333333
			2.39869281045752	-1.83333333333333
			2.40196078431373	-1.83660130718954
			2.40522875816993	-1.83660130718954
			2.40849673202614	-1.83660130718954
			2.41176470588235	-1.83660130718954
			2.41503267973856	-1.83660130718954
			2.41830065359477	-1.83660130718954
			2.42156862745098	-1.83660130718954
			2.42483660130719	-1.83660130718954
			2.4281045751634	-1.83660130718954
			2.43137254901961	-1.83660130718954
			2.43464052287582	-1.83660130718954
			2.43790849673203	-1.83660130718954
			2.44117647058824	-1.83660130718954
			2.44444444444444	-1.83660130718954
			2.44771241830065	-1.83660130718954
			2.45098039215686	-1.83660130718954
			2.45424836601307	-1.83660130718954
			2.45751633986928	-1.83660130718954
			2.46078431372549	-1.83660130718954
			2.4640522875817	-1.83660130718954
			2.46732026143791	-1.83660130718954
			2.47058823529412	-1.83660130718954
			2.47385620915033	-1.83660130718954
			2.47712418300654	-1.83333333333333
			2.48039215686275	-1.83333333333333
			2.48366013071895	-1.83333333333333
			2.48692810457516	-1.83333333333333
			2.49019607843137	-1.83333333333333
			2.49346405228758	-1.83333333333333
			2.49673202614379	-1.83006535947712
			2.5	-1.83006535947712
			2.50326797385621	-1.83006535947712
			2.50653594771242	-1.83006535947712
			2.50980392156863	-1.82679738562091
			2.51307189542484	-1.82679738562091
			2.51633986928105	-1.82679738562091
			2.51960784313725	-1.82679738562091
			2.52287581699346	-1.82352941176471
			2.52614379084967	-1.82352941176471
			2.52941176470588	-1.82352941176471
			2.53267973856209	-1.8202614379085
			2.5359477124183	-1.8202614379085
			2.5359477124183	-1.81699346405229
			2.53921568627451	-1.81372549019608
			2.53921568627451	-1.81045751633987
			2.54248366013072	-1.80718954248366
			2.54248366013072	-1.80392156862745
			2.54248366013072	-1.80065359477124
			2.54248366013072	-1.79738562091503
			2.54575163398693	-1.79411764705882
			2.54575163398693	-1.79084967320261
			2.54901960784314	-1.78758169934641
			2.54901960784314	-1.7843137254902
			2.54901960784314	-1.78104575163399
			2.55228758169935	-1.77777777777778
			2.55228758169935	-1.77450980392157
			2.55228758169935	-1.77124183006536
			2.55555555555556	-1.76797385620915
			2.55555555555556	-1.76470588235294
			2.55555555555556	-1.76143790849673
			2.55882352941176	-1.75816993464052
			2.55882352941176	-1.75490196078431
			2.55882352941176	-1.7516339869281
			2.56209150326797	-1.7483660130719
			2.56209150326797	-1.74509803921569
			2.56209150326797	-1.74183006535948
			2.56535947712418	-1.73856209150327
			2.56535947712418	-1.73529411764706
			2.56535947712418	-1.73202614379085
			2.56862745098039	-1.72875816993464
			2.56862745098039	-1.72549019607843
			2.56862745098039	-1.72222222222222
			2.56862745098039	-1.71895424836601
			2.5718954248366	-1.7156862745098
			2.5718954248366	-1.71241830065359
			2.5718954248366	-1.70915032679739
			2.57516339869281	-1.70588235294118
			2.57516339869281	-1.70261437908497
			2.57516339869281	-1.69934640522876
			2.57516339869281	-1.69607843137255
			2.57843137254902	-1.69281045751634
			2.57843137254902	-1.68954248366013
			2.57843137254902	-1.68627450980392
			2.58169934640523	-1.68300653594771
			2.58169934640523	-1.6797385620915
			2.58169934640523	-1.67647058823529
			2.58169934640523	-1.67320261437909
			2.58496732026144	-1.66993464052288
			2.58496732026144	-1.66666666666667
			2.58496732026144	-1.66339869281046
			2.58496732026144	-1.66013071895425
			2.58823529411765	-1.65686274509804
			2.58823529411765	-1.65359477124183
			2.58823529411765	-1.65032679738562
			2.58823529411765	-1.64705882352941
			2.59150326797386	-1.6437908496732
			2.59150326797386	-1.64052287581699
			2.59150326797386	-1.63725490196078
			2.59477124183007	-1.63398692810458
			2.59477124183007	-1.63071895424837
			2.59477124183007	-1.62745098039216
			2.59477124183007	-1.62418300653595
			2.59477124183007	-1.62091503267974
			2.59803921568627	-1.61764705882353
			2.59803921568627	-1.61437908496732
			2.59803921568627	-1.61111111111111
			2.59803921568627	-1.6078431372549
			2.60130718954248	-1.60457516339869
			2.60130718954248	-1.60130718954248
			2.60130718954248	-1.59803921568627
			2.60130718954248	-1.59477124183007
			2.60130718954248	-1.59150326797386
			2.60457516339869	-1.58823529411765
			2.60457516339869	-1.58496732026144
			2.60457516339869	-1.58169934640523
			2.60457516339869	-1.57843137254902
			2.60457516339869	-1.57516339869281
			2.60457516339869	-1.5718954248366
			2.6078431372549	-1.56862745098039
			2.6078431372549	-1.56535947712418
			2.6078431372549	-1.56209150326797
			2.6078431372549	-1.55882352941176
			2.6078431372549	-1.55555555555556
			2.6078431372549	-1.55228758169935
			2.61111111111111	-1.54901960784314
			2.61111111111111	-1.54575163398693
			2.61111111111111	-1.54248366013072
			2.61111111111111	-1.53921568627451
			2.61111111111111	-1.5359477124183
			2.61437908496732	-1.53267973856209
			2.61437908496732	-1.52941176470588
			2.61437908496732	-1.52614379084967
			2.61437908496732	-1.52287581699346
			2.61437908496732	-1.51960784313726
			2.61437908496732	-1.51633986928105
			2.61437908496732	-1.51307189542484
			2.61764705882353	-1.50980392156863
			2.61764705882353	-1.50653594771242
			2.61764705882353	-1.50326797385621
			2.61764705882353	-1.5
			2.61764705882353	-1.49673202614379
			2.61764705882353	-1.49346405228758
			2.61764705882353	-1.49019607843137
			2.61764705882353	-1.48692810457516
			2.61764705882353	-1.48366013071895
			2.62091503267974	-1.48039215686275
			2.62091503267974	-1.47712418300654
			2.62091503267974	-1.47385620915033
			2.62091503267974	-1.47058823529412
			2.62091503267974	-1.46732026143791
			2.62091503267974	-1.4640522875817
			2.62091503267974	-1.46078431372549
			2.62091503267974	-1.45751633986928
			2.62091503267974	-1.45424836601307
			2.62091503267974	-1.45098039215686
			2.62091503267974	-1.44771241830065
			2.62418300653595	-1.44444444444444
			2.62418300653595	-1.44117647058824
			2.62418300653595	-1.43790849673203
			2.62418300653595	-1.43464052287582
			2.62418300653595	-1.43137254901961
			2.62418300653595	-1.4281045751634
			2.62418300653595	-1.42483660130719
			2.62418300653595	-1.42156862745098
			2.62418300653595	-1.41830065359477
			2.62418300653595	-1.41503267973856
			2.62418300653595	-1.41176470588235
			2.62418300653595	-1.40849673202614
			2.62418300653595	-1.40522875816993
			2.62418300653595	-1.40196078431373
			2.62418300653595	-1.39869281045752
			2.62418300653595	-1.39542483660131
			2.62418300653595	-1.3921568627451
			2.62418300653595	-1.38888888888889
			2.62418300653595	-1.38562091503268
			2.62418300653595	-1.38235294117647
			2.62418300653595	-1.37908496732026
			2.62418300653595	-1.37581699346405
			2.62418300653595	-1.37254901960784
			2.62418300653595	-1.36928104575163
			2.62418300653595	-1.36601307189542
			2.62418300653595	-1.36274509803922
			2.62418300653595	-1.35947712418301
			2.62418300653595	-1.3562091503268
			2.62418300653595	-1.35294117647059
			2.62418300653595	-1.34967320261438
			2.62418300653595	-1.34640522875817
			2.62418300653595	-1.34313725490196
			2.62418300653595	-1.33986928104575
			2.62418300653595	-1.33660130718954
			2.62418300653595	-1.33333333333333
			2.62418300653595	-1.33006535947712
			2.62418300653595	-1.32679738562091
			2.62418300653595	-1.32352941176471
			2.62418300653595	-1.3202614379085
			2.62418300653595	-1.31699346405229
			2.62418300653595	-1.31372549019608
			2.62091503267974	-1.31045751633987
			2.62091503267974	-1.30718954248366
			2.62091503267974	-1.30392156862745
			2.62091503267974	-1.30065359477124
			2.62091503267974	-1.29738562091503
			2.62091503267974	-1.29411764705882
			2.62091503267974	-1.29084967320261
			2.62091503267974	-1.28758169934641
			2.62091503267974	-1.2843137254902
			2.62091503267974	-1.28104575163399
			2.61764705882353	-1.27777777777778
			2.61764705882353	-1.27450980392157
			2.61764705882353	-1.27124183006536
			2.61764705882353	-1.26797385620915
			2.61764705882353	-1.26470588235294
			2.61764705882353	-1.26143790849673
			2.61764705882353	-1.25816993464052
			2.61437908496732	-1.25490196078431
			2.61437908496732	-1.2516339869281
			2.61437908496732	-1.2483660130719
			2.61437908496732	-1.24509803921569
			2.61437908496732	-1.24183006535948
			2.61437908496732	-1.23856209150327
			2.61437908496732	-1.23529411764706
			2.61111111111111	-1.23202614379085
			2.61111111111111	-1.22875816993464
			2.61111111111111	-1.22549019607843
			2.61111111111111	-1.22222222222222
			2.6078431372549	-1.21895424836601
			2.6078431372549	-1.2156862745098
			2.6078431372549	-1.21241830065359
			2.6078431372549	-1.20915032679739
			2.6078431372549	-1.20588235294118
			2.60457516339869	-1.20261437908497
			2.60457516339869	-1.19934640522876
			2.60457516339869	-1.19607843137255
			2.60457516339869	-1.19281045751634
			2.60130718954248	-1.18954248366013
			2.60130718954248	-1.18627450980392
			2.60130718954248	-1.18300653594771
			2.60130718954248	-1.1797385620915
			2.60130718954248	-1.17647058823529
			2.59803921568627	-1.17320261437909
			2.59803921568627	-1.16993464052288
			2.59803921568627	-1.16666666666667
			2.59477124183007	-1.16339869281046
			2.59477124183007	-1.16013071895425
			2.59477124183007	-1.15686274509804
			2.59150326797386	-1.15359477124183
			2.59150326797386	-1.15032679738562
			2.59150326797386	-1.14705882352941
			2.59150326797386	-1.1437908496732
			2.58823529411765	-1.14052287581699
			2.58823529411765	-1.13725490196078
			2.58823529411765	-1.13398692810458
			2.58496732026144	-1.13071895424837
			2.58496732026144	-1.12745098039216
			2.58496732026144	-1.12418300653595
			2.58169934640523	-1.12091503267974
			2.58169934640523	-1.11764705882353
			2.57843137254902	-1.11437908496732
			2.57843137254902	-1.11111111111111
			2.57843137254902	-1.1078431372549
			2.57516339869281	-1.10457516339869
			2.57516339869281	-1.10130718954248
			2.57516339869281	-1.09803921568627
			2.5718954248366	-1.09477124183007
			2.5718954248366	-1.09150326797386
			2.56862745098039	-1.08823529411765
			2.56862745098039	-1.08496732026144
			2.56862745098039	-1.08169934640523
			2.56535947712418	-1.08169934640523
			2.56535947712418	-1.07843137254902
			2.56535947712418	-1.07516339869281
			2.56209150326797	-1.07516339869281
			2.56209150326797	-1.0718954248366
			2.56209150326797	-1.06862745098039
			2.55882352941176	-1.06535947712418
			2.55882352941176	-1.06209150326797
			2.55555555555556	-1.05882352941176
			2.55555555555556	-1.05555555555556
			2.55555555555556	-1.05228758169935
			2.55228758169935	-1.05228758169935
			2.55228758169935	-1.04901960784314
			2.54901960784314	-1.04575163398693
			2.54901960784314	-1.04248366013072
			2.54901960784314	-1.03921568627451
			2.54575163398693	-1.03921568627451
			2.54575163398693	-1.0359477124183
			2.54248366013072	-1.03267973856209
			2.54248366013072	-1.02941176470588
			2.53921568627451	-1.02614379084967
			2.53921568627451	-1.02287581699346
			2.5359477124183	-1.01960784313725
			2.5359477124183	-1.01633986928105
			2.53267973856209	-1.01307189542484
			2.52941176470588	-1.00980392156863
			2.52941176470588	-1.00653594771242
			2.52614379084967	-1.00326797385621
			2.52287581699346	-1
			2.51960784313725	-1
			2.51960784313725	-0.996732026143791
			2.51633986928105	-0.993464052287582
			2.51307189542484	-0.990196078431373
			2.50980392156863	-0.986928104575163
			2.50653594771242	-0.983660130718954
			2.50653594771242	-0.980392156862745
			2.50326797385621	-0.977124183006536
			2.5	-0.973856209150327
			2.49673202614379	-0.973856209150327
			2.49673202614379	-0.970588235294118
			2.49346405228758	-0.967320261437909
			2.49019607843137	-0.964052287581699
			2.48692810457516	-0.96078431372549
			2.48692810457516	-0.957516339869281
			2.48366013071895	-0.954248366013072
			2.48039215686275	-0.954248366013072
			2.47712418300654	-0.950980392156863
			2.47712418300654	-0.947712418300654
			2.47385620915033	-0.944444444444444
			2.47058823529412	-0.941176470588235
			2.46732026143791	-0.941176470588235
			2.46732026143791	-0.937908496732026
			2.4640522875817	-0.934640522875817
			2.46078431372549	-0.931372549019608
			2.45751633986928	-0.928104575163399
			2.45424836601307	-0.92483660130719
			2.45098039215686	-0.92156862745098
			2.44771241830065	-0.918300653594771
			2.44444444444444	-0.915032679738562
			2.44117647058824	-0.911764705882353
			2.43790849673203	-0.908496732026144
			2.43464052287582	-0.905228758169935
			2.43464052287582	-0.901960784313726
			2.43137254901961	-0.901960784313726
			2.4281045751634	-0.898692810457516
			2.42483660130719	-0.895424836601307
			2.42156862745098	-0.892156862745098
			2.41830065359477	-0.888888888888889
			2.41503267973856	-0.88562091503268
			2.41176470588235	-0.882352941176471
			2.40849673202614	-0.882352941176471
			2.40849673202614	-0.879084967320261
			2.40522875816993	-0.875816993464052
			2.40196078431373	-0.872549019607843
			2.39869281045752	-0.869281045751634
			2.39542483660131	-0.869281045751634
			2.3921568627451	-0.866013071895425
			2.38888888888889	-0.862745098039216
			2.38562091503268	-0.859477124183007
			2.38235294117647	-0.856209150326797
			2.37908496732026	-0.852941176470588
			2.37581699346405	-0.849673202614379
			2.37254901960784	-0.84640522875817
			2.36928104575163	-0.84640522875817
			2.36928104575163	-0.843137254901961
			2.36601307189542	-0.843137254901961
			2.36274509803922	-0.839869281045752
			2.35947712418301	-0.836601307189543
			2.3562091503268	-0.833333333333333
			2.35294117647059	-0.830065359477124
			2.34967320261438	-0.830065359477124
			2.34640522875817	-0.826797385620915
			2.34313725490196	-0.826797385620915
			2.34313725490196	-0.823529411764706
			2.33986928104575	-0.823529411764706
			2.33660130718954	-0.820261437908497
			2.33333333333333	-0.820261437908497
			2.33333333333333	-0.816993464052288
			2.33006535947712	-0.813725490196078
			2.32679738562092	-0.813725490196078
			2.32352941176471	-0.810457516339869
			2.3202614379085	-0.80718954248366
			2.31699346405229	-0.803921568627451
			2.31372549019608	-0.803921568627451
			2.31045751633987	-0.800653594771242
			2.30718954248366	-0.800653594771242
			2.30392156862745	-0.797385620915033
			2.30065359477124	-0.794117647058824
			2.29738562091503	-0.794117647058824
			2.29411764705882	-0.790849673202614
			2.29084967320261	-0.790849673202614
			2.29084967320261	-0.787581699346405
			2.28758169934641	-0.787581699346405
			2.2843137254902	-0.784313725490196
			2.28104575163399	-0.784313725490196
			2.27777777777778	-0.781045751633987
			2.27450980392157	-0.781045751633987
			2.27124183006536	-0.777777777777778
			2.27124183006536	-0.774509803921569
			2.26797385620915	-0.77124183006536
			2.26797385620915	-0.76797385620915
			2.26797385620915	-0.764705882352941
			2.26470588235294	-0.761437908496732
			2.26470588235294	-0.758169934640523
			2.26470588235294	-0.754901960784314
			2.26470588235294	-0.751633986928105
			2.26470588235294	-0.748366013071895
			2.26797385620915	-0.745098039215686
			2.26797385620915	-0.741830065359477
			2.26797385620915	-0.738562091503268
			2.27124183006536	-0.738562091503268
			2.27124183006536	-0.735294117647059
			2.27450980392157	-0.735294117647059
			2.27450980392157	-0.73202614379085
			2.27777777777778	-0.73202614379085
			2.28104575163399	-0.728758169934641
			2.2843137254902	-0.728758169934641
			2.28758169934641	-0.728758169934641
			2.29084967320261	-0.728758169934641
			2.29411764705882	-0.728758169934641
			2.29738562091503	-0.728758169934641
			2.30065359477124	-0.728758169934641
			2.30392156862745	-0.728758169934641
			2.30718954248366	-0.728758169934641
			2.31045751633987	-0.728758169934641
			2.31372549019608	-0.728758169934641
			2.31699346405229	-0.728758169934641
			2.3202614379085	-0.728758169934641
			2.32352941176471	-0.728758169934641
			2.32679738562092	-0.73202614379085
			2.33006535947712	-0.73202614379085
			2.33333333333333	-0.73202614379085
			2.33660130718954	-0.735294117647059
			2.33986928104575	-0.735294117647059
			2.34313725490196	-0.738562091503268
			2.34640522875817	-0.741830065359477
			2.34967320261438	-0.741830065359477
			2.35294117647059	-0.745098039215686
			2.3562091503268	-0.748366013071895
			2.35947712418301	-0.751633986928105
			2.36274509803922	-0.751633986928105
			2.36601307189542	-0.754901960784314
			2.36928104575163	-0.754901960784314
			2.37254901960784	-0.754901960784314
			2.37254901960784	-0.758169934640523
			2.37581699346405	-0.758169934640523
			2.37908496732026	-0.761437908496732
			2.38235294117647	-0.761437908496732
			2.38562091503268	-0.764705882352941
			2.38888888888889	-0.764705882352941
			2.3921568627451	-0.76797385620915
			2.39542483660131	-0.76797385620915
			2.39869281045752	-0.77124183006536
			2.40196078431373	-0.77124183006536
			2.40196078431373	-0.774509803921569
			2.40522875816993	-0.774509803921569
			2.40849673202614	-0.777777777777778
			2.41176470588235	-0.777777777777778
			2.41503267973856	-0.781045751633987
			2.41830065359477	-0.781045751633987
			2.42156862745098	-0.784313725490196
			2.42483660130719	-0.784313725490196
			2.4281045751634	-0.787581699346405
			2.43137254901961	-0.787581699346405
			2.43464052287582	-0.790849673202614
			2.43790849673203	-0.790849673202614
			2.44117647058824	-0.794117647058824
			2.44444444444444	-0.794117647058824
			2.44771241830065	-0.794117647058824
			2.45098039215686	-0.797385620915033
			2.45424836601307	-0.797385620915033
			2.45751633986928	-0.800653594771242
			2.46078431372549	-0.800653594771242
			2.4640522875817	-0.800653594771242
			2.4640522875817	-0.803921568627451
			2.46732026143791	-0.803921568627451
			2.47058823529412	-0.803921568627451
			2.47385620915033	-0.80718954248366
			2.47712418300654	-0.80718954248366
			2.48039215686275	-0.80718954248366
			2.48039215686275	-0.810457516339869
			2.48366013071895	-0.810457516339869
			2.48692810457516	-0.810457516339869
			2.49019607843137	-0.813725490196078
			2.49346405228758	-0.813725490196078
			2.49673202614379	-0.813725490196078
			2.5	-0.816993464052288
			2.50326797385621	-0.816993464052288
			2.50653594771242	-0.820261437908497
			2.50980392156863	-0.820261437908497
			2.51307189542484	-0.823529411764706
			2.51633986928105	-0.823529411764706
			2.51960784313725	-0.823529411764706
			2.52287581699346	-0.826797385620915
			2.52614379084967	-0.826797385620915
			2.52941176470588	-0.826797385620915
			2.53267973856209	-0.830065359477124
			2.5359477124183	-0.830065359477124
			2.53921568627451	-0.830065359477124
			2.53921568627451	-0.833333333333333
			2.54248366013072	-0.833333333333333
			2.54575163398693	-0.833333333333333
			2.54901960784314	-0.836601307189543
			2.55228758169935	-0.836601307189543
			2.55555555555556	-0.836601307189543
			2.55882352941176	-0.839869281045752
			2.56209150326797	-0.839869281045752
			2.56535947712418	-0.839869281045752
			2.56862745098039	-0.843137254901961
			2.5718954248366	-0.843137254901961
			2.57516339869281	-0.84640522875817
			2.57843137254902	-0.84640522875817
			2.58169934640523	-0.84640522875817
			2.58496732026144	-0.849673202614379
			2.58823529411765	-0.849673202614379
			2.59150326797386	-0.849673202614379
			2.59477124183007	-0.849673202614379
			2.59803921568627	-0.852941176470588
			2.60130718954248	-0.852941176470588
			2.60457516339869	-0.852941176470588
			2.6078431372549	-0.856209150326797
			2.61111111111111	-0.856209150326797
			2.61437908496732	-0.856209150326797
			2.61764705882353	-0.859477124183007
			2.62091503267974	-0.859477124183007
			2.62418300653595	-0.862745098039216
			2.62745098039216	-0.866013071895425
			2.63071895424837	-0.869281045751634
			2.63398692810458	-0.869281045751634
			2.63725490196078	-0.872549019607843
			2.64052287581699	-0.875816993464052
			2.6437908496732	-0.875816993464052
			2.6437908496732	-0.879084967320261
			2.64705882352941	-0.882352941176471
			2.65032679738562	-0.882352941176471
			2.65359477124183	-0.88562091503268
			2.65686274509804	-0.88562091503268
			2.65686274509804	-0.888888888888889
			2.66013071895425	-0.892156862745098
			2.66339869281046	-0.892156862745098
			2.66666666666667	-0.895424836601307
			2.66666666666667	-0.898692810457516
			2.66993464052288	-0.898692810457516
			2.67320261437909	-0.901960784313726
			2.67647058823529	-0.901960784313726
			2.67647058823529	-0.905228758169935
			2.6797385620915	-0.908496732026144
			2.68300653594771	-0.908496732026144
			2.68627450980392	-0.911764705882353
			2.68627450980392	-0.915032679738562
			2.68954248366013	-0.915032679738562
			2.69281045751634	-0.918300653594771
			2.69607843137255	-0.918300653594771
			2.69607843137255	-0.92156862745098
			2.69934640522876	-0.92483660130719
			2.70261437908497	-0.92483660130719
			2.70261437908497	-0.928104575163399
			2.70588235294118	-0.928104575163399
			2.70915032679739	-0.931372549019608
			2.71241830065359	-0.934640522875817
			2.7156862745098	-0.937908496732026
			2.71895424836601	-0.941176470588235
			2.72222222222222	-0.944444444444444
			2.72549019607843	-0.947712418300654
			2.72875816993464	-0.947712418300654
			2.73202614379085	-0.950980392156863
			2.73529411764706	-0.954248366013072
			2.73856209150327	-0.957516339869281
			2.74183006535948	-0.96078431372549
			2.74509803921569	-0.964052287581699
			2.7483660130719	-0.967320261437909
			2.7516339869281	-0.967320261437909
			2.75490196078431	-0.970588235294118
			2.75816993464052	-0.973856209150327
			2.76143790849673	-0.977124183006536
			2.76470588235294	-0.980392156862745
			2.76797385620915	-0.983660130718954
			2.77124183006536	-0.986928104575163
			2.77450980392157	-0.986928104575163
			2.77777777777778	-0.990196078431373
			2.77777777777778	-0.993464052287582
			2.78104575163399	-0.996732026143791
			2.7843137254902	-1
			2.78758169934641	-1
			2.79084967320261	-1.00326797385621
			2.79411764705882	-1.00653594771242
			2.79738562091503	-1.00980392156863
			2.80065359477124	-1.01307189542484
			2.80065359477124	-1.01633986928105
			2.80392156862745	-1.01633986928105
			2.80718954248366	-1.01960784313725
			2.81045751633987	-1.02287581699346
			2.81372549019608	-1.02614379084967
			2.81699346405229	-1.02941176470588
			2.8202614379085	-1.03267973856209
			2.82352941176471	-1.0359477124183
			2.82679738562092	-1.03921568627451
			2.83006535947712	-1.04248366013072
			2.83333333333333	-1.04575163398693
			2.83660130718954	-1.04901960784314
			2.83986928104575	-1.05228758169935
			2.84313725490196	-1.05555555555556
			2.84640522875817	-1.05882352941176
			2.84967320261438	-1.06209150326797
			2.85294117647059	-1.06209150326797
			2.8562091503268	-1.06535947712418
			2.85947712418301	-1.06535947712418
			2.86274509803922	-1.06535947712418
			2.86601307189542	-1.06862745098039
			2.86928104575163	-1.06862745098039
			2.87254901960784	-1.06862745098039
			2.87581699346405	-1.06862745098039
			2.87581699346405	-1.0718954248366
			2.87908496732026	-1.0718954248366
			2.88235294117647	-1.0718954248366
			2.88562091503268	-1.0718954248366
			2.88888888888889	-1.0718954248366
			2.8921568627451	-1.07516339869281
			2.89542483660131	-1.07516339869281
			2.89869281045752	-1.07516339869281
			2.90196078431373	-1.07516339869281
			2.90522875816993	-1.07843137254902
			2.90849673202614	-1.07843137254902
			2.91176470588235	-1.07843137254902
			2.91503267973856	-1.07843137254902
			2.91830065359477	-1.07843137254902
			2.92156862745098	-1.08169934640523
			2.92483660130719	-1.08169934640523
			2.9281045751634	-1.08169934640523
			2.93137254901961	-1.08169934640523
			2.93464052287582	-1.08169934640523
			2.93790849673203	-1.08496732026144
			2.94117647058824	-1.08496732026144
			2.94444444444444	-1.08496732026144
			2.94771241830065	-1.08496732026144
			2.95098039215686	-1.08496732026144
			2.95424836601307	-1.08496732026144
			2.95751633986928	-1.08496732026144
			2.96078431372549	-1.08496732026144
			2.9640522875817	-1.08496732026144
			2.96732026143791	-1.08496732026144
			2.97058823529412	-1.08496732026144
			2.97385620915033	-1.08496732026144
			2.97712418300654	-1.08496732026144
			2.98039215686275	-1.08496732026144
			2.98366013071895	-1.08496732026144
			2.98692810457516	-1.08496732026144
			2.99019607843137	-1.08496732026144
			2.99346405228758	-1.08496732026144
			2.99673202614379	-1.08496732026144
			3	-1.08496732026144
			3.00326797385621	-1.08496732026144
			3.00653594771242	-1.08496732026144
			3.00980392156863	-1.08169934640523
			3.01307189542484	-1.08169934640523
			3.01633986928105	-1.08169934640523
			3.01960784313725	-1.07843137254902
			3.02287581699346	-1.07843137254902
			3.02614379084967	-1.07516339869281
			3.02941176470588	-1.07516339869281
			3.03267973856209	-1.0718954248366
			3.0359477124183	-1.0718954248366
			3.0359477124183	-1.06862745098039
			3.03921568627451	-1.06862745098039
			3.04248366013072	-1.06535947712418
			3.04248366013072	-1.06209150326797
			3.04575163398693	-1.06209150326797
			3.04575163398693	-1.05882352941176
			3.04901960784314	-1.05555555555556
			3.04901960784314	-1.05228758169935
			3.05228758169935	-1.04901960784314
			3.05555555555556	-1.04575163398693
			3.05555555555556	-1.04248366013072
			3.05555555555556	-1.03921568627451
			3.05555555555556	-1.0359477124183
			3.05555555555556	-1.03267973856209
			3.05882352941176	-1.03267973856209
			3.05882352941176	-1.02941176470588
			3.05882352941176	-1.02614379084967
			3.05882352941176	-1.02287581699346
			3.05882352941176	-1.01960784313725
			3.05882352941176	-1.01633986928105
			3.05882352941176	-1.01307189542484
			3.05882352941176	-1.00980392156863
			3.05882352941176	-1.00653594771242
			3.05882352941176	-1.00326797385621
			3.05882352941176	-1
			3.05555555555556	-0.996732026143791
			3.05555555555556	-0.993464052287582
			3.05555555555556	-0.990196078431373
			3.05555555555556	-0.986928104575163
			3.05555555555556	-0.983660130718954
			3.05555555555556	-0.980392156862745
			3.05228758169935	-0.977124183006536
			3.05228758169935	-0.973856209150327
			3.05228758169935	-0.970588235294118
			3.05228758169935	-0.967320261437909
			3.04901960784314	-0.967320261437909
			3.04901960784314	-0.964052287581699
			3.04901960784314	-0.96078431372549
			3.04901960784314	-0.957516339869281
			3.04575163398693	-0.954248366013072
			3.04575163398693	-0.950980392156863
			3.04575163398693	-0.947712418300654
			3.04248366013072	-0.944444444444444
			3.04248366013072	-0.941176470588235
			3.04248366013072	-0.937908496732026
			3.03921568627451	-0.934640522875817
			3.03921568627451	-0.931372549019608
			3.0359477124183	-0.928104575163399
			3.0359477124183	-0.92483660130719
			3.0359477124183	-0.92156862745098
			3.03267973856209	-0.918300653594771
			3.03267973856209	-0.915032679738562
			3.02941176470588	-0.911764705882353
			3.02941176470588	-0.908496732026144
			3.02614379084967	-0.905228758169935
			3.02614379084967	-0.901960784313726
			3.02614379084967	-0.898692810457516
			3.02614379084967	-0.895424836601307
			3.02287581699346	-0.892156862745098
			3.02287581699346	-0.888888888888889
			3.02287581699346	-0.88562091503268
			3.01960784313725	-0.882352941176471
			3.01960784313725	-0.879084967320261
			3.01960784313725	-0.875816993464052
			3.01960784313725	-0.872549019607843
			3.01960784313725	-0.869281045751634
			3.01633986928105	-0.866013071895425
			3.01633986928105	-0.862745098039216
			3.01633986928105	-0.859477124183007
			3.01633986928105	-0.856209150326797
			3.01307189542484	-0.856209150326797
			3.01307189542484	-0.852941176470588
			3.01307189542484	-0.849673202614379
			3.01307189542484	-0.84640522875817
			3.00980392156863	-0.84640522875817
			3.00980392156863	-0.843137254901961
			3.00980392156863	-0.839869281045752
			3.00980392156863	-0.836601307189543
			3.00653594771242	-0.836601307189543
			3.00653594771242	-0.833333333333333
			3.00653594771242	-0.830065359477124
			3.00653594771242	-0.826797385620915
			3.00326797385621	-0.826797385620915
			3.00326797385621	-0.823529411764706
			3.00326797385621	-0.820261437908497
			3.00326797385621	-0.816993464052288
			3	-0.816993464052288
			3	-0.813725490196078
			3	-0.810457516339869
			2.99673202614379	-0.80718954248366
			2.99673202614379	-0.803921568627451
			2.99673202614379	-0.800653594771242
			2.99346405228758	-0.797385620915033
			2.99346405228758	-0.794117647058824
			2.99019607843137	-0.790849673202614
			2.99019607843137	-0.787581699346405
			2.99019607843137	-0.784313725490196
			2.98692810457516	-0.781045751633987
			2.98692810457516	-0.777777777777778
			2.98366013071895	-0.774509803921569
			2.98366013071895	-0.77124183006536
			2.98039215686275	-0.76797385620915
			2.98039215686275	-0.764705882352941
			2.98039215686275	-0.761437908496732
			2.97712418300654	-0.758169934640523
			2.97712418300654	-0.754901960784314
			2.97385620915033	-0.751633986928105
			2.97385620915033	-0.748366013071895
			2.97058823529412	-0.745098039215686
			2.97058823529412	-0.741830065359477
			2.96732026143791	-0.738562091503268
			2.96732026143791	-0.735294117647059
			2.9640522875817	-0.73202614379085
			2.9640522875817	-0.728758169934641
			2.96078431372549	-0.725490196078431
			2.96078431372549	-0.722222222222222
			2.95751633986928	-0.718954248366013
			2.95751633986928	-0.715686274509804
			2.95424836601307	-0.712418300653595
			2.95424836601307	-0.709150326797386
			2.95098039215686	-0.705882352941177
			2.95098039215686	-0.702614379084967
			2.94771241830065	-0.699346405228758
			2.94444444444444	-0.696078431372549
			2.94444444444444	-0.69281045751634
			2.94117647058824	-0.689542483660131
			2.93790849673203	-0.686274509803922
			2.93790849673203	-0.683006535947712
			2.93464052287582	-0.679738562091503
			2.93464052287582	-0.676470588235294
			2.93137254901961	-0.676470588235294
			2.93137254901961	-0.673202614379085
			2.9281045751634	-0.669934640522876
			2.9281045751634	-0.666666666666667
			2.92483660130719	-0.663398692810457
			2.92156862745098	-0.660130718954248
			2.92156862745098	-0.656862745098039
			2.91830065359477	-0.65359477124183
			2.91503267973856	-0.650326797385621
			2.91176470588235	-0.647058823529412
			2.91176470588235	-0.643790849673203
			2.90849673202614	-0.640522875816994
			2.90522875816993	-0.637254901960784
			2.90522875816993	-0.633986928104575
			2.90196078431373	-0.630718954248366
			2.89869281045752	-0.630718954248366
			2.89869281045752	-0.627450980392157
			2.89542483660131	-0.624183006535948
			2.8921568627451	-0.620915032679739
			2.8921568627451	-0.617647058823529
			2.88888888888889	-0.61437908496732
			2.88562091503268	-0.611111111111111
			2.88235294117647	-0.611111111111111
			2.88235294117647	-0.607843137254902
			2.87908496732026	-0.604575163398693
			2.87581699346405	-0.601307189542484
			2.87254901960784	-0.598039215686274
			2.87254901960784	-0.594771241830065
			2.86928104575163	-0.591503267973856
			2.86601307189542	-0.591503267973856
			2.86274509803922	-0.588235294117647
			2.86274509803922	-0.584967320261438
			2.85947712418301	-0.581699346405229
			2.8562091503268	-0.57843137254902
			2.85294117647059	-0.575163398692811
			2.84967320261438	-0.575163398692811
			2.84967320261438	-0.571895424836601
			2.84640522875817	-0.568627450980392
			2.84313725490196	-0.565359477124183
			2.83986928104575	-0.562091503267974
			2.83660130718954	-0.562091503267974
			2.83660130718954	-0.558823529411765
			2.83333333333333	-0.555555555555556
			2.83006535947712	-0.552287581699346
			2.82679738562092	-0.552287581699346
			2.82352941176471	-0.549019607843137
			2.8202614379085	-0.545751633986928
			2.8202614379085	-0.542483660130719
			2.81699346405229	-0.53921568627451
			2.81372549019608	-0.53921568627451
			2.81045751633987	-0.535947712418301
			2.80718954248366	-0.532679738562091
			2.80392156862745	-0.529411764705882
			2.80065359477124	-0.529411764705882
			2.79738562091503	-0.526143790849673
			2.79738562091503	-0.522875816993464
			2.79411764705882	-0.519607843137255
			2.79084967320261	-0.519607843137255
			2.78758169934641	-0.516339869281046
			2.7843137254902	-0.513071895424837
			2.78104575163399	-0.509803921568627
			2.77777777777778	-0.509803921568627
			2.77450980392157	-0.506535947712418
			2.77124183006536	-0.503267973856209
			2.76797385620915	-0.503267973856209
			2.76470588235294	-0.5
			2.76143790849673	-0.496732026143791
			2.75816993464052	-0.496732026143791
			2.75490196078431	-0.493464052287582
			2.7516339869281	-0.490196078431373
			2.7483660130719	-0.486928104575163
			2.74509803921569	-0.486928104575163
			2.74183006535948	-0.483660130718954
			2.73856209150327	-0.480392156862745
			2.73529411764706	-0.480392156862745
			2.73202614379085	-0.477124183006536
			2.72875816993464	-0.473856209150327
			2.72549019607843	-0.473856209150327
			2.72222222222222	-0.470588235294118
			2.71895424836601	-0.467320261437909
			2.7156862745098	-0.467320261437909
			2.71241830065359	-0.464052287581699
			2.70915032679739	-0.46078431372549
			2.70588235294118	-0.46078431372549
			2.70261437908497	-0.457516339869281
			2.69934640522876	-0.457516339869281
			2.69607843137255	-0.454248366013072
			2.69281045751634	-0.450980392156863
			2.68954248366013	-0.450980392156863
			2.68627450980392	-0.447712418300654
			2.68300653594771	-0.444444444444444
			2.6797385620915	-0.444444444444444
			2.67647058823529	-0.441176470588235
			2.67320261437909	-0.441176470588235
			2.66993464052288	-0.437908496732026
			2.66666666666667	-0.437908496732026
			2.66339869281046	-0.434640522875817
			2.66013071895425	-0.431372549019608
			2.65686274509804	-0.431372549019608
			2.65359477124183	-0.431372549019608
			2.65032679738562	-0.428104575163399
			2.64705882352941	-0.428104575163399
			2.6437908496732	-0.42483660130719
			2.64052287581699	-0.42483660130719
			2.63725490196078	-0.42156862745098
			2.63398692810458	-0.42156862745098
			2.63071895424837	-0.418300653594771
			2.62745098039216	-0.418300653594771
			2.62418300653595	-0.415032679738562
			2.62091503267974	-0.415032679738562
			2.61764705882353	-0.411764705882353
			2.61437908496732	-0.411764705882353
			2.61111111111111	-0.408496732026144
			2.6078431372549	-0.408496732026144
			2.60457516339869	-0.405228758169935
			2.60130718954248	-0.405228758169935
			2.59803921568627	-0.401960784313726
			2.59477124183007	-0.401960784313726
			2.59150326797386	-0.398692810457516
			2.58823529411765	-0.398692810457516
			2.58496732026144	-0.398692810457516
			2.58169934640523	-0.395424836601307
			2.57843137254902	-0.395424836601307
			2.57516339869281	-0.392156862745098
			2.5718954248366	-0.392156862745098
			2.56862745098039	-0.392156862745098
			2.56862745098039	-0.388888888888889
			2.56535947712418	-0.388888888888889
			2.56209150326797	-0.388888888888889
			2.55882352941176	-0.388888888888889
			2.55882352941176	-0.38562091503268
			2.55555555555556	-0.38562091503268
			2.55228758169935	-0.38562091503268
			2.55228758169935	-0.382352941176471
			2.54901960784314	-0.382352941176471
			2.54901960784314	-0.379084967320261
			2.54575163398693	-0.379084967320261
			2.54248366013072	-0.375816993464052
			2.53921568627451	-0.375816993464052
			2.5359477124183	-0.372549019607843
			2.53267973856209	-0.372549019607843
			2.52941176470588	-0.372549019607843
			2.52941176470588	-0.369281045751634
			2.52614379084967	-0.369281045751634
			2.52287581699346	-0.369281045751634
			2.51960784313725	-0.366013071895425
			2.51633986928105	-0.366013071895425
			2.51307189542484	-0.366013071895425
			2.50980392156863	-0.362745098039216
			2.50653594771242	-0.362745098039216
			2.50326797385621	-0.362745098039216
			2.5	-0.362745098039216
			2.49673202614379	-0.359477124183007
			2.49346405228758	-0.359477124183007
			2.49019607843137	-0.359477124183007
			2.48692810457516	-0.359477124183007
			2.48366013071895	-0.359477124183007
			2.48039215686275	-0.356209150326797
			2.47712418300654	-0.356209150326797
			2.47385620915033	-0.356209150326797
			2.47058823529412	-0.356209150326797
			2.46732026143791	-0.356209150326797
			2.4640522875817	-0.356209150326797
			2.46078431372549	-0.356209150326797
			2.45751633986928	-0.356209150326797
			2.45424836601307	-0.356209150326797
			2.45098039215686	-0.352941176470588
			2.44771241830065	-0.352941176470588
			2.44444444444444	-0.352941176470588
			2.44117647058824	-0.352941176470588
			2.43790849673203	-0.352941176470588
			2.43464052287582	-0.352941176470588
			2.43137254901961	-0.352941176470588
			2.4281045751634	-0.352941176470588
			2.42483660130719	-0.352941176470588
			2.42156862745098	-0.352941176470588
			2.41830065359477	-0.352941176470588
			2.41503267973856	-0.352941176470588
			2.41176470588235	-0.352941176470588
			2.40849673202614	-0.352941176470588
			2.40522875816993	-0.352941176470588
			2.40196078431373	-0.352941176470588
			2.39869281045752	-0.352941176470588
			2.39542483660131	-0.352941176470588
			2.3921568627451	-0.352941176470588
			2.38888888888889	-0.356209150326797
			2.38562091503268	-0.356209150326797
			2.38235294117647	-0.356209150326797
			2.37908496732026	-0.356209150326797
			2.37581699346405	-0.356209150326797
			2.37254901960784	-0.356209150326797
			2.36928104575163	-0.356209150326797
			2.36601307189542	-0.356209150326797
			2.36274509803922	-0.356209150326797
			2.35947712418301	-0.356209150326797
			2.3562091503268	-0.356209150326797
			2.35294117647059	-0.356209150326797
			2.34967320261438	-0.359477124183007
			2.34640522875817	-0.359477124183007
			2.34313725490196	-0.359477124183007
			2.33986928104575	-0.359477124183007
			2.33660130718954	-0.359477124183007
			2.33333333333333	-0.359477124183007
			2.33006535947712	-0.359477124183007
			2.32679738562092	-0.359477124183007
			2.32352941176471	-0.362745098039216
			2.3202614379085	-0.362745098039216
			2.31699346405229	-0.362745098039216
			2.31372549019608	-0.362745098039216
			2.31045751633987	-0.362745098039216
			2.30718954248366	-0.362745098039216
			2.30392156862745	-0.359477124183007
			2.30065359477124	-0.359477124183007
			2.29738562091503	-0.359477124183007
			2.29411764705882	-0.356209150326797
			2.29084967320261	-0.356209150326797
			2.28758169934641	-0.356209150326797
			2.2843137254902	-0.352941176470588
			2.28104575163399	-0.352941176470588
			2.27777777777778	-0.352941176470588
			2.27450980392157	-0.352941176470588
			2.27124183006536	-0.352941176470588
			2.26797385620915	-0.349673202614379
			2.26470588235294	-0.349673202614379
			2.26143790849673	-0.349673202614379
			2.25816993464052	-0.349673202614379
			2.25490196078431	-0.349673202614379
			2.25490196078431	-0.34640522875817
			2.2516339869281	-0.34640522875817
			2.2483660130719	-0.34640522875817
			2.24509803921569	-0.34640522875817
			2.24183006535948	-0.34640522875817
			2.23856209150327	-0.343137254901961
			2.23529411764706	-0.343137254901961
			2.23202614379085	-0.343137254901961
			2.22875816993464	-0.343137254901961
			2.22549019607843	-0.343137254901961
			2.22222222222222	-0.339869281045752
			2.21895424836601	-0.339869281045752
			2.2156862745098	-0.339869281045752
			2.21241830065359	-0.339869281045752
			2.20915032679739	-0.339869281045752
			2.20588235294118	-0.339869281045752
			2.20261437908497	-0.336601307189543
			2.19934640522876	-0.336601307189543
			2.19607843137255	-0.336601307189543
			2.19281045751634	-0.336601307189543
			2.18954248366013	-0.336601307189543
			2.18627450980392	-0.336601307189543
			2.18300653594771	-0.333333333333333
			2.1797385620915	-0.333333333333333
			2.17647058823529	-0.333333333333333
			2.17320261437909	-0.333333333333333
			2.16993464052288	-0.333333333333333
			2.16666666666667	-0.333333333333333
			2.16339869281046	-0.333333333333333
			2.16013071895425	-0.330065359477124
			2.15686274509804	-0.330065359477124
			2.15359477124183	-0.330065359477124
			2.15032679738562	-0.330065359477124
			2.14705882352941	-0.330065359477124
			2.1437908496732	-0.330065359477124
			2.14052287581699	-0.330065359477124
			2.13725490196078	-0.330065359477124
			2.13398692810458	-0.330065359477124
			2.13071895424837	-0.326797385620915
			2.12745098039216	-0.326797385620915
			2.12418300653595	-0.326797385620915
			2.12091503267974	-0.326797385620915
			2.11764705882353	-0.326797385620915
			2.11437908496732	-0.326797385620915
			2.11111111111111	-0.326797385620915
			2.1078431372549	-0.326797385620915
			2.10457516339869	-0.326797385620915
			2.10130718954248	-0.323529411764706
			2.09803921568627	-0.323529411764706
			2.09477124183007	-0.323529411764706
			2.09150326797386	-0.323529411764706
			2.08823529411765	-0.323529411764706
			2.08496732026144	-0.323529411764706
			2.08169934640523	-0.323529411764706
			2.07843137254902	-0.323529411764706
			2.07516339869281	-0.323529411764706
			2.0718954248366	-0.323529411764706
			2.06862745098039	-0.323529411764706
			2.06535947712418	-0.323529411764706
			2.06209150326797	-0.320261437908497
			2.05882352941176	-0.320261437908497
			2.05555555555556	-0.320261437908497
			2.05228758169935	-0.320261437908497
			2.04901960784314	-0.320261437908497
			2.04575163398693	-0.320261437908497
			2.04248366013072	-0.320261437908497
			2.03921568627451	-0.320261437908497
			2.0359477124183	-0.320261437908497
			2.03267973856209	-0.320261437908497
			2.02941176470588	-0.320261437908497
			2.02614379084967	-0.320261437908497
			2.02287581699346	-0.320261437908497
			2.01960784313725	-0.320261437908497
			2.01633986928105	-0.320261437908497
			2.01307189542484	-0.320261437908497
			2.00980392156863	-0.316993464052288
			2.00653594771242	-0.316993464052288
			2.00326797385621	-0.316993464052288
			2	-0.316993464052288
			1.99673202614379	-0.316993464052288
			1.99346405228758	-0.316993464052288
			1.99019607843137	-0.316993464052288
			1.98692810457516	-0.316993464052288
			1.98366013071895	-0.316993464052288
			1.98039215686275	-0.316993464052288
			1.97712418300654	-0.316993464052288
			1.97385620915033	-0.316993464052288
			1.97058823529412	-0.316993464052288
			1.96732026143791	-0.316993464052288
			1.9640522875817	-0.316993464052288
			1.96078431372549	-0.316993464052288
			1.95751633986928	-0.316993464052288
			1.95424836601307	-0.316993464052288
			1.95098039215686	-0.316993464052288
			1.94771241830065	-0.316993464052288
			1.94444444444444	-0.316993464052288
			1.94117647058824	-0.316993464052288
			1.93790849673203	-0.316993464052288
			1.93464052287582	-0.316993464052288
			1.93137254901961	-0.316993464052288
			1.9281045751634	-0.316993464052288
			1.92483660130719	-0.316993464052288
			1.92156862745098	-0.316993464052288
			1.91830065359477	-0.316993464052288
			1.91503267973856	-0.316993464052288
			1.91176470588235	-0.316993464052288
			1.90849673202614	-0.316993464052288
			1.90522875816993	-0.316993464052288
			1.90196078431373	-0.316993464052288
			1.89869281045752	-0.316993464052288
			1.89542483660131	-0.316993464052288
			1.8921568627451	-0.316993464052288
			1.88888888888889	-0.316993464052288
			1.88562091503268	-0.316993464052288
			1.88235294117647	-0.316993464052288
			1.87908496732026	-0.316993464052288
			1.87581699346405	-0.316993464052288
			1.87254901960784	-0.316993464052288
			1.86928104575163	-0.316993464052288
			1.86601307189542	-0.316993464052288
			1.86274509803922	-0.316993464052288
			1.85947712418301	-0.316993464052288
			1.8562091503268	-0.316993464052288
			1.85294117647059	-0.316993464052288
			1.84967320261438	-0.316993464052288
			1.84640522875817	-0.316993464052288
			1.84313725490196	-0.316993464052288
			1.83986928104575	-0.316993464052288
			1.83660130718954	-0.316993464052288
			1.83333333333333	-0.316993464052288
			1.83006535947712	-0.316993464052288
			1.82679738562091	-0.316993464052288
			1.82352941176471	-0.316993464052288
			1.8202614379085	-0.316993464052288
			1.81699346405229	-0.316993464052288
			1.81372549019608	-0.316993464052288
			1.81045751633987	-0.316993464052288
			1.80718954248366	-0.316993464052288
			1.80392156862745	-0.316993464052288
			1.80065359477124	-0.316993464052288
			1.79738562091503	-0.316993464052288
			1.79411764705882	-0.316993464052288
			1.79084967320261	-0.316993464052288
			1.78758169934641	-0.316993464052288
			1.7843137254902	-0.316993464052288
			1.78104575163399	-0.316993464052288
			1.77777777777778	-0.316993464052288
			1.77450980392157	-0.316993464052288
			1.77124183006536	-0.316993464052288
			1.76797385620915	-0.316993464052288
			1.76470588235294	-0.316993464052288
			1.76143790849673	-0.316993464052288
			1.75816993464052	-0.316993464052288
			1.75490196078431	-0.316993464052288
			1.7516339869281	-0.316993464052288
			1.7483660130719	-0.316993464052288
			1.74509803921569	-0.316993464052288
			1.74183006535948	-0.316993464052288
			1.73856209150327	-0.316993464052288
			1.73529411764706	-0.316993464052288
			1.73202614379085	-0.316993464052288
			1.72875816993464	-0.320261437908497
			1.72549019607843	-0.320261437908497
			1.72222222222222	-0.320261437908497
			1.71895424836601	-0.320261437908497
			1.7156862745098	-0.320261437908497
			1.71241830065359	-0.320261437908497
			1.70915032679739	-0.320261437908497
			1.70588235294118	-0.320261437908497
			1.70261437908497	-0.320261437908497
			1.69934640522876	-0.320261437908497
			1.69607843137255	-0.320261437908497
			1.69281045751634	-0.320261437908497
		</margin>
	</curves.scaled>
	<ruler.points type=matrix rownames=TRUE colnames=FALSE nrow=2 ncol=2 as.numeric=TRUE >
		Ruler point 1	36	397
		Ruler point 2	36	703
	</ruler.points>
</shapes>

