<shapes type=list>
	<ruler.pixel type=vector names=FALSE length=1 as.numeric=TRUE >708</ruler.pixel>
	<ruler.interval type=vector names=FALSE length=1 as.numeric=TRUE >5</ruler.interval>
	<scaling.units type=vector names=FALSE length=1 as.numeric=FALSE >mm</scaling.units>
	<scaling type=vector names=FALSE length=1 as.numeric=TRUE >0.00706214689265537</scaling>
	<landmarks.pixel type=matrix rownames=TRUE colnames=FALSE nrow=7 ncol=2 as.numeric=TRUE >
		LM1	385	51
		LM2	386	207
		LM3	386	207
		LM4	386	242
		LM5	448	62
		LM6	708	92
		LM7	728	107
	</landmarks.pixel>
	<landmarks.scaled type=matrix rownames=TRUE colnames=FALSE nrow=7 ncol=2 as.numeric=TRUE >
		LM1	2.71892655367232	-0.360169491525424
		LM2	2.72598870056497	-1.46186440677966
		LM3	2.72598870056497	-1.46186440677966
		LM4	2.72598870056497	-1.7090395480226
		LM5	3.1638418079096	-0.437853107344633
		LM6	5	-0.649717514124294
		LM7	5.14124293785311	-0.755649717514124
	</landmarks.scaled>
	<curves.control type=list>
		<axis type=matrix rownames=FALSE colnames=FALSE nrow=5 ncol=2 as.numeric=TRUE >
			385	51
			414	44
			453	56
			436	217
			386	207
		</axis>
		<border type=matrix rownames=FALSE colnames=FALSE nrow=5 ncol=2 as.numeric=TRUE >
			386	207
			408	222
			519	207
			667	175
			708	92
		</border>
		<margin type=matrix rownames=FALSE colnames=FALSE nrow=39 ncol=2 as.numeric=TRUE >
			386	242
			394	263
			417	362
			430	385
			436	365
			445	319
			460	264
			479	276
			489	316
			494	359
			509	388
			518	353
			531	297
			537	275
			554	270
			566	288
			578	343
			584	406
			596	473
			607	518
			613	504
			620	462
			625	388
			629	306
			629	254
			642	225
			658	220
			667	252
			676	285
			690	290
			697	231
			700	168
			709	139
			726	127
			732	106
			717	85
			673	68
			601	57
			448	62
		</margin>
	</curves.control>
	<curves.pixel type=list>
		<axis type=matrix rownames=FALSE colnames=FALSE nrow=249 ncol=2 as.numeric=TRUE >
			385	51
			386	51
			387	51
			388	50
			389	50
			390	50
			391	50
			392	50
			393	50
			394	49
			395	49
			396	49
			397	49
			398	49
			399	49
			400	49
			401	49
			402	49
			403	49
			404	48
			405	48
			406	48
			407	48
			408	48
			409	48
			410	48
			411	48
			412	49
			413	49
			414	49
			415	49
			416	49
			417	49
			418	49
			419	49
			420	49
			421	49
			422	49
			423	49
			424	50
			425	50
			426	50
			427	50
			428	50
			429	50
			430	50
			431	51
			432	51
			433	51
			434	51
			435	51
			436	52
			437	52
			438	52
			439	52
			440	53
			441	53
			442	53
			443	53
			444	53
			444	54
			445	54
			446	54
			447	54
			448	55
			449	55
			450	55
			451	55
			452	56
			453	56
			453	57
			453	58
			453	59
			453	60
			452	61
			452	62
			452	63
			452	64
			452	65
			452	66
			452	67
			452	68
			452	69
			451	70
			451	71
			451	72
			451	73
			451	74
			451	75
			451	76
			451	77
			450	78
			450	79
			450	80
			450	81
			450	82
			450	83
			450	84
			449	85
			449	86
			449	87
			449	88
			449	89
			449	90
			449	91
			448	92
			448	93
			448	94
			448	95
			448	96
			448	97
			447	98
			447	99
			447	100
			447	101
			447	102
			447	103
			447	104
			446	105
			446	106
			446	107
			446	108
			446	109
			446	110
			445	111
			445	112
			445	113
			445	114
			445	115
			444	116
			444	117
			444	118
			444	119
			444	120
			443	121
			443	122
			443	123
			443	124
			443	125
			442	126
			442	127
			442	128
			442	129
			442	130
			441	131
			441	132
			441	133
			441	134
			440	135
			440	136
			440	137
			440	138
			439	139
			439	140
			439	141
			439	142
			438	142
			438	143
			438	144
			438	145
			438	146
			437	147
			437	148
			437	149
			436	150
			436	151
			436	152
			435	153
			435	154
			435	155
			435	156
			434	157
			434	158
			434	159
			433	160
			433	161
			433	162
			432	162
			432	163
			432	164
			431	165
			431	166
			431	167
			431	168
			430	168
			430	169
			430	170
			429	171
			429	172
			428	173
			428	174
			427	175
			427	176
			427	177
			426	178
			426	179
			425	179
			425	180
			425	181
			424	182
			424	183
			423	183
			423	184
			422	185
			422	186
			421	187
			420	188
			420	189
			419	190
			419	191
			418	192
			417	192
			417	193
			416	194
			416	195
			415	195
			415	196
			414	196
			414	197
			413	198
			412	198
			412	199
			411	199
			411	200
			410	200
			409	201
			408	202
			407	203
			406	204
			405	204
			404	205
			403	205
			402	205
			401	206
			400	206
			399	207
			398	207
			397	207
			396	207
			395	207
			394	207
			393	208
			392	208
			391	208
			390	208
			389	207
			388	207
			387	207
			386	207
		</axis>
		<border type=matrix rownames=FALSE colnames=FALSE nrow=348 ncol=2 as.numeric=TRUE >
			386	207
			387	208
			388	208
			389	209
			390	209
			391	210
			392	210
			393	210
			394	211
			395	211
			396	211
			397	211
			397	212
			398	212
			399	212
			400	212
			401	212
			402	213
			403	213
			404	213
			405	213
			406	213
			407	213
			408	213
			409	213
			409	214
			410	214
			411	214
			412	214
			413	214
			414	214
			415	214
			416	214
			417	214
			418	214
			419	214
			420	214
			421	214
			422	214
			423	214
			424	214
			425	214
			426	214
			427	214
			428	214
			429	214
			430	214
			431	214
			432	214
			433	214
			434	214
			435	214
			436	214
			437	214
			438	214
			439	214
			440	214
			441	214
			442	214
			443	214
			444	214
			445	214
			446	214
			447	214
			448	214
			449	214
			450	214
			451	214
			452	214
			453	214
			454	214
			455	214
			456	214
			457	214
			458	213
			459	213
			460	213
			461	213
			462	213
			463	213
			464	213
			465	213
			466	213
			467	213
			468	213
			469	213
			470	213
			471	212
			472	212
			473	212
			474	212
			475	212
			476	212
			477	212
			478	212
			479	212
			480	212
			481	212
			482	211
			483	211
			484	211
			485	211
			486	211
			487	211
			488	211
			489	211
			490	211
			491	210
			492	210
			493	210
			494	210
			495	210
			496	210
			497	210
			498	210
			499	210
			499	209
			500	209
			501	209
			502	209
			503	209
			504	209
			505	209
			506	209
			507	209
			508	208
			509	208
			510	208
			511	208
			512	208
			513	208
			514	208
			515	208
			516	207
			517	207
			518	207
			519	207
			520	207
			521	207
			522	206
			523	206
			524	206
			525	206
			526	205
			527	205
			528	205
			529	205
			530	205
			531	204
			532	204
			533	204
			534	204
			535	203
			536	203
			537	203
			538	203
			538	202
			539	202
			540	202
			541	202
			542	202
			543	201
			544	201
			545	201
			546	201
			547	200
			548	200
			549	200
			550	199
			551	199
			552	199
			553	199
			553	198
			554	198
			555	198
			556	198
			557	197
			558	197
			559	197
			560	197
			561	196
			562	196
			563	196
			564	195
			565	195
			566	195
			567	194
			568	194
			569	194
			570	193
			571	193
			572	193
			573	192
			574	192
			575	192
			576	191
			577	191
			578	191
			579	190
			580	190
			581	190
			582	189
			583	189
			584	189
			585	188
			586	188
			587	187
			588	187
			589	187
			590	186
			591	186
			592	185
			593	185
			594	185
			595	184
			596	184
			597	184
			598	183
			599	183
			600	182
			601	182
			602	181
			603	181
			604	181
			605	180
			606	180
			607	179
			608	179
			609	179
			610	178
			611	178
			612	177
			613	177
			614	176
			615	176
			616	176
			616	175
			617	175
			618	174
			619	174
			620	173
			621	173
			622	172
			623	172
			624	172
			625	171
			626	170
			627	170
			628	169
			629	169
			630	168
			631	167
			632	167
			633	166
			634	166
			635	165
			636	165
			637	164
			638	163
			639	163
			640	162
			641	162
			642	161
			643	160
			644	160
			645	159
			646	159
			647	158
			648	157
			649	157
			650	156
			651	156
			651	155
			652	154
			653	154
			654	153
			655	152
			656	152
			657	151
			658	151
			658	150
			659	149
			660	149
			661	148
			662	147
			663	147
			663	146
			664	145
			665	145
			666	144
			667	143
			668	143
			668	142
			669	141
			670	141
			671	140
			671	139
			672	139
			673	138
			674	137
			675	136
			676	135
			677	134
			678	133
			679	133
			679	132
			680	131
			681	130
			682	129
			683	128
			684	127
			684	126
			685	126
			686	125
			687	124
			688	123
			688	122
			689	121
			690	120
			690	119
			691	118
			692	118
			693	117
			693	116
			694	115
			695	114
			695	113
			696	112
			697	111
			697	110
			698	109
			699	108
			699	107
			700	106
			701	105
			701	104
			702	103
			702	102
			703	101
			703	100
			704	99
			705	98
			705	97
			706	96
			706	95
			707	94
			707	93
			708	92
		</border>
		<margin type=matrix rownames=FALSE colnames=FALSE nrow=1595 ncol=2 as.numeric=TRUE >
			386	242
			386	243
			387	244
			387	245
			387	246
			388	247
			388	248
			388	249
			389	249
			389	250
			389	251
			389	252
			390	253
			390	254
			390	255
			391	256
			391	257
			391	258
			391	259
			392	260
			392	261
			392	262
			392	263
			393	264
			393	265
			393	266
			394	267
			394	268
			394	269
			394	270
			395	271
			395	272
			395	273
			395	274
			396	275
			396	276
			396	277
			397	278
			397	279
			397	280
			397	281
			398	282
			398	283
			398	284
			398	285
			399	286
			399	287
			399	288
			400	289
			400	290
			400	291
			400	292
			400	293
			401	294
			401	295
			401	296
			401	297
			402	298
			402	299
			402	300
			402	301
			403	301
			403	302
			403	303
			403	304
			403	305
			404	306
			404	307
			404	308
			404	309
			405	310
			405	311
			405	312
			405	313
			405	314
			406	314
			406	315
			406	316
			406	317
			407	318
			407	319
			407	320
			407	321
			408	322
			408	323
			408	324
			408	325
			409	326
			409	327
			409	328
			409	329
			409	330
			410	331
			410	332
			410	333
			410	334
			411	335
			411	336
			411	337
			411	338
			412	339
			412	340
			412	341
			412	342
			412	343
			413	344
			413	345
			413	346
			413	347
			414	348
			414	349
			414	350
			414	351
			415	352
			415	353
			415	354
			415	355
			416	356
			416	357
			416	358
			416	359
			417	360
			417	361
			417	362
			417	363
			418	363
			418	364
			419	365
			419	366
			420	367
			421	368
			422	369
			422	370
			423	371
			424	371
			424	372
			425	372
			425	373
			426	373
			426	374
			427	374
			428	374
			429	374
			430	374
			431	374
			432	373
			432	372
			433	371
			434	370
			435	369
			435	368
			435	367
			436	366
			436	365
			436	364
			436	363
			437	362
			437	361
			437	360
			437	359
			437	358
			438	357
			438	356
			438	355
			438	354
			438	353
			439	352
			439	351
			439	350
			439	349
			439	348
			440	347
			440	346
			440	345
			440	344
			441	343
			441	342
			441	341
			441	340
			442	339
			442	338
			442	337
			442	336
			442	335
			442	334
			443	334
			443	333
			443	332
			443	331
			443	330
			444	330
			444	329
			444	328
			444	327
			444	326
			444	325
			445	325
			445	324
			445	323
			445	322
			445	321
			446	320
			446	319
			446	318
			447	317
			447	316
			447	315
			447	314
			447	313
			448	312
			448	311
			448	310
			448	309
			449	308
			449	307
			449	306
			449	305
			450	304
			450	303
			450	302
			450	301
			451	300
			451	299
			451	298
			451	297
			452	296
			452	295
			452	294
			452	293
			453	292
			453	291
			453	290
			453	289
			454	288
			454	287
			454	286
			454	285
			455	284
			455	283
			455	282
			455	281
			456	280
			456	279
			456	278
			457	277
			457	276
			457	275
			457	274
			458	273
			458	272
			458	271
			458	270
			459	269
			459	268
			459	267
			459	266
			460	265
			460	264
			461	264
			461	265
			462	265
			463	266
			464	267
			465	268
			466	269
			467	270
			468	271
			469	271
			469	272
			470	273
			471	274
			472	275
			472	276
			473	277
			474	278
			474	279
			475	280
			476	281
			476	282
			477	283
			477	284
			478	285
			478	286
			479	287
			479	288
			480	289
			480	290
			481	291
			481	292
			481	293
			482	294
			482	295
			483	296
			483	297
			483	298
			484	299
			484	300
			485	301
			485	302
			485	303
			486	304
			486	305
			486	306
			487	307
			487	308
			487	309
			487	310
			488	311
			488	312
			488	313
			489	314
			489	315
			489	316
			489	317
			489	318
			489	319
			489	320
			490	321
			490	322
			490	323
			490	324
			490	325
			490	326
			490	327
			491	327
			491	328
			491	329
			491	330
			491	331
			491	332
			491	333
			492	334
			492	335
			492	336
			492	337
			492	338
			493	339
			493	340
			493	341
			493	342
			493	343
			494	344
			494	345
			494	346
			494	347
			495	348
			495	349
			495	350
			495	351
			496	352
			496	353
			496	354
			496	355
			497	356
			497	357
			497	358
			498	359
			498	360
			498	361
			499	362
			499	363
			499	364
			499	365
			500	366
			500	367
			501	368
			501	369
			501	370
			502	371
			502	372
			502	373
			503	374
			503	375
			503	376
			504	377
			504	378
			505	378
			505	379
			505	380
			506	381
			506	382
			506	383
			507	384
			507	385
			508	386
			509	387
			510	386
			510	385
			510	384
			510	383
			511	382
			511	381
			511	380
			511	379
			512	378
			512	377
			512	376
			512	375
			513	374
			513	373
			513	372
			513	371
			514	370
			514	369
			514	368
			514	367
			515	366
			515	365
			515	364
			515	363
			516	362
			516	361
			516	360
			516	359
			517	358
			517	357
			517	356
			517	355
			518	354
			518	353
			518	352
			518	351
			518	350
			519	349
			519	348
			519	347
			519	346
			520	345
			520	344
			520	343
			520	342
			521	341
			521	340
			521	339
			521	338
			522	337
			522	336
			522	335
			522	334
			522	333
			523	333
			523	332
			523	331
			523	330
			523	329
			524	329
			524	328
			524	327
			524	326
			524	325
			525	325
			525	324
			525	323
			525	322
			525	321
			526	320
			526	319
			526	318
			526	317
			527	316
			527	315
			527	314
			527	313
			528	312
			528	311
			528	310
			528	309
			529	308
			529	307
			529	306
			529	305
			529	304
			530	303
			530	302
			530	301
			530	300
			531	299
			531	298
			531	297
			531	296
			532	295
			532	294
			532	293
			532	292
			533	292
			533	291
			533	290
			534	289
			534	288
			535	287
			535	286
			536	285
			536	284
			537	284
			537	283
			538	282
			538	281
			539	281
			539	280
			540	279
			541	278
			542	277
			543	276
			544	275
			545	274
			546	274
			547	273
			548	273
			549	272
			550	271
			551	271
			552	271
			553	270
			554	270
			555	271
			555	272
			556	273
			557	274
			557	275
			558	276
			558	277
			558	278
			559	279
			560	280
			560	281
			560	282
			561	283
			561	284
			562	285
			562	286
			563	287
			563	288
			563	289
			564	290
			564	291
			564	292
			564	293
			565	294
			565	295
			566	296
			566	297
			566	298
			567	299
			567	300
			567	301
			567	302
			568	303
			568	304
			569	305
			569	306
			569	307
			569	308
			570	309
			570	310
			570	311
			570	312
			571	312
			571	313
			571	314
			571	315
			571	316
			572	317
			572	318
			572	319
			573	320
			573	321
			573	322
			573	323
			574	324
			574	325
			574	326
			574	327
			574	328
			575	329
			575	330
			575	331
			576	332
			576	333
			576	334
			576	335
			577	336
			577	337
			577	338
			577	339
			577	340
			578	341
			578	342
			578	343
			578	344
			578	345
			578	346
			578	347
			578	348
			579	349
			579	350
			579	351
			579	352
			579	353
			579	354
			579	355
			579	356
			579	357
			580	358
			580	359
			580	360
			580	361
			580	362
			580	363
			580	364
			580	365
			580	366
			580	367
			581	368
			581	369
			581	370
			581	371
			581	372
			581	373
			581	374
			581	375
			582	376
			582	377
			582	378
			582	379
			582	380
			582	381
			582	382
			582	383
			583	384
			583	385
			583	386
			583	387
			583	388
			583	389
			583	390
			583	391
			584	392
			584	393
			584	394
			584	395
			584	396
			584	397
			584	398
			584	399
			585	400
			585	401
			585	402
			585	403
			585	404
			585	405
			585	406
			586	407
			586	408
			586	409
			586	410
			586	411
			586	412
			586	413
			587	414
			587	415
			587	416
			587	417
			587	418
			587	419
			587	420
			588	421
			588	422
			588	423
			588	424
			588	425
			588	426
			588	427
			589	428
			589	429
			589	430
			589	431
			589	432
			589	433
			589	434
			590	435
			590	436
			590	437
			590	438
			590	439
			590	440
			591	441
			591	442
			591	443
			591	444
			591	445
			591	446
			592	447
			592	448
			592	449
			592	450
			592	451
			592	452
			593	453
			593	454
			593	455
			593	456
			593	457
			593	458
			594	459
			594	460
			594	461
			594	462
			594	463
			594	464
			595	465
			595	466
			595	467
			595	468
			595	469
			596	470
			596	471
			596	472
			596	473
			596	474
			596	475
			597	476
			597	477
			597	478
			598	479
			598	480
			598	481
			598	482
			599	483
			599	484
			599	485
			599	486
			600	487
			600	488
			600	489
			601	490
			601	491
			601	492
			601	493
			602	494
			602	495
			603	496
			603	497
			603	498
			604	499
			604	500
			605	501
			605	502
			606	503
			606	504
			607	505
			607	506
			608	506
			609	507
			610	507
			611	507
			612	506
			613	505
			613	504
			613	503
			613	502
			613	501
			614	500
			614	499
			614	498
			614	497
			614	496
			614	495
			615	494
			615	493
			615	492
			615	491
			615	490
			615	489
			615	488
			616	487
			616	486
			616	485
			616	484
			616	483
			616	482
			616	481
			617	480
			617	479
			617	478
			617	477
			617	476
			617	475
			617	474
			617	473
			617	472
			618	471
			618	470
			618	469
			618	468
			618	467
			618	466
			618	465
			618	464
			619	463
			619	462
			619	461
			619	460
			619	459
			619	458
			619	457
			619	456
			619	455
			619	454
			620	453
			620	452
			620	451
			620	450
			620	449
			620	448
			620	447
			620	446
			620	445
			620	444
			621	443
			621	442
			621	441
			621	440
			621	439
			621	438
			621	437
			621	436
			621	435
			621	434
			622	433
			622	432
			622	431
			622	430
			622	429
			622	428
			622	427
			622	426
			622	425
			622	424
			622	423
			622	422
			623	421
			623	420
			623	419
			623	418
			623	417
			623	416
			623	415
			623	414
			623	413
			623	412
			623	411
			623	410
			623	409
			624	408
			624	407
			624	406
			624	405
			624	404
			624	403
			624	402
			624	401
			624	400
			624	399
			624	398
			624	397
			624	396
			625	395
			625	394
			625	393
			625	392
			625	391
			625	390
			625	389
			625	388
			625	387
			625	386
			625	385
			625	384
			625	383
			625	382
			625	381
			625	380
			625	379
			625	378
			626	377
			626	376
			626	375
			626	374
			626	373
			626	372
			626	371
			626	370
			626	369
			626	368
			626	367
			626	366
			626	365
			626	364
			626	363
			626	362
			626	361
			626	360
			626	359
			626	358
			626	357
			626	356
			626	355
			627	355
			627	354
			627	353
			627	352
			627	351
			627	350
			627	349
			627	348
			627	347
			627	346
			627	345
			627	344
			627	343
			627	342
			627	341
			627	340
			627	339
			627	338
			627	337
			627	336
			627	335
			627	334
			627	333
			627	332
			627	331
			627	330
			627	329
			628	328
			628	327
			628	326
			628	325
			628	324
			628	323
			628	322
			628	321
			628	320
			628	319
			628	318
			628	317
			628	316
			628	315
			628	314
			628	313
			628	312
			628	311
			628	310
			628	309
			628	308
			628	307
			628	306
			628	305
			628	304
			628	303
			628	302
			628	301
			628	300
			628	299
			628	298
			628	297
			628	296
			628	295
			629	294
			629	293
			629	292
			629	291
			629	290
			629	289
			629	288
			629	287
			629	286
			629	285
			629	284
			629	283
			629	282
			629	281
			629	280
			629	279
			629	278
			629	277
			629	276
			629	275
			629	274
			629	273
			629	272
			629	271
			629	270
			629	269
			629	268
			629	267
			629	266
			629	265
			629	264
			629	263
			629	262
			629	261
			629	260
			629	259
			629	258
			629	257
			629	256
			629	255
			629	254
			629	253
			630	252
			630	251
			631	250
			631	249
			632	248
			632	247
			633	247
			633	246
			634	245
			634	244
			634	243
			635	242
			635	241
			636	241
			636	240
			637	239
			637	238
			638	238
			638	237
			639	236
			640	235
			641	234
			641	233
			642	232
			642	231
			643	231
			644	230
			644	229
			645	229
			645	228
			646	227
			647	227
			647	226
			648	226
			649	225
			650	224
			651	223
			652	223
			653	222
			654	222
			655	221
			656	221
			657	220
			658	220
			658	221
			659	222
			659	223
			659	224
			660	225
			660	226
			660	227
			660	228
			660	229
			661	230
			661	231
			661	232
			662	233
			662	234
			662	235
			663	236
			663	237
			663	238
			663	239
			664	240
			664	241
			664	242
			664	243
			665	244
			665	245
			665	246
			666	247
			666	248
			666	249
			666	250
			667	251
			667	252
			667	253
			668	254
			668	255
			668	256
			668	257
			669	258
			669	259
			669	260
			669	261
			670	262
			670	263
			670	264
			671	265
			671	266
			671	267
			671	268
			672	269
			672	270
			672	271
			673	272
			673	273
			673	274
			673	275
			674	276
			674	277
			674	278
			674	279
			675	280
			675	281
			675	282
			676	283
			676	284
			676	285
			677	285
			678	285
			679	285
			680	285
			681	285
			682	284
			683	283
			684	282
			685	281
			686	280
			686	279
			687	278
			687	277
			688	276
			688	275
			688	274
			689	273
			689	272
			689	271
			690	270
			690	269
			690	268
			691	267
			691	266
			691	265
			691	264
			692	263
			692	262
			692	261
			692	260
			692	259
			693	258
			693	257
			693	256
			693	255
			694	254
			694	253
			694	252
			694	251
			694	250
			694	249
			695	248
			695	247
			695	246
			695	245
			695	244
			695	243
			696	242
			696	241
			696	240
			696	239
			696	238
			696	237
			696	236
			696	235
			697	235
			697	234
			697	233
			697	232
			697	231
			697	230
			697	229
			697	228
			697	227
			697	226
			697	225
			697	224
			697	223
			697	222
			698	221
			698	220
			698	219
			698	218
			698	217
			698	216
			698	215
			698	214
			698	213
			698	212
			698	211
			698	210
			698	209
			698	208
			698	207
			699	206
			699	205
			699	204
			699	203
			699	202
			699	201
			699	200
			699	199
			699	198
			699	197
			699	196
			699	195
			700	194
			700	193
			700	192
			700	191
			700	190
			700	189
			700	188
			700	187
			700	186
			700	185
			701	184
			701	183
			701	182
			701	181
			701	180
			701	179
			701	178
			701	177
			702	176
			702	175
			702	174
			702	173
			702	172
			702	171
			702	170
			703	169
			703	168
			703	167
			703	166
			703	165
			703	164
			704	163
			704	162
			704	161
			704	160
			704	159
			704	158
			705	157
			705	156
			705	155
			705	154
			705	153
			706	152
			706	151
			706	150
			706	149
			706	148
			707	147
			707	146
			707	145
			708	144
			708	143
			708	142
			708	141
			709	140
			709	139
			710	138
			711	138
			712	137
			713	136
			714	135
			715	134
			716	133
			717	133
			717	132
			718	131
			719	130
			720	129
			721	128
			722	127
			722	126
			723	125
			724	124
			724	123
			725	122
			726	121
			726	120
			727	119
			727	118
			728	117
			728	116
			729	115
			729	114
			730	113
			730	112
			730	111
			731	111
			731	110
			731	109
			731	108
			732	107
			732	106
			731	105
			731	104
			730	103
			729	102
			728	101
			727	100
			726	99
			725	98
			724	97
			723	96
			722	95
			721	94
			720	94
			719	93
			718	92
			717	91
			716	91
			715	90
			714	89
			713	88
			712	88
			711	87
			710	86
			709	86
			708	85
			707	84
			706	83
			705	83
			704	83
			703	82
			702	81
			701	81
			700	80
			699	80
			698	79
			697	79
			696	78
			695	78
			694	77
			693	77
			692	76
			691	76
			690	75
			689	75
			688	74
			687	74
			686	73
			685	73
			684	72
			683	72
			682	72
			682	71
			681	71
			680	71
			679	70
			678	70
			677	70
			676	69
			675	69
			674	68
			673	68
			672	68
			671	68
			670	68
			669	67
			668	67
			667	67
			666	67
			665	67
			664	67
			663	67
			662	67
			662	66
			661	66
			660	66
			659	66
			658	66
			657	66
			656	66
			655	66
			654	66
			653	65
			652	65
			651	65
			650	65
			649	65
			648	65
			647	65
			646	65
			645	65
			644	65
			644	64
			643	64
			642	64
			641	64
			640	64
			639	64
			638	64
			637	64
			636	64
			635	64
			634	64
			633	64
			632	63
			631	63
			630	63
			629	63
			628	63
			627	63
			626	63
			625	63
			624	63
			623	63
			622	63
			621	63
			620	63
			619	63
			618	63
			617	62
			616	62
			615	62
			614	62
			613	62
			612	62
			611	62
			610	62
			609	62
			608	62
			607	62
			606	62
			605	62
			604	62
			603	62
			602	62
			601	62
			600	62
			599	62
			598	62
			597	62
			596	62
			595	61
			594	61
			593	61
			592	61
			591	61
			590	61
			589	61
			588	61
			587	61
			586	61
			585	61
			584	61
			583	61
			582	61
			581	61
			580	61
			579	61
			578	61
			577	61
			576	61
			575	61
			574	61
			573	61
			572	61
			571	61
			570	61
			569	61
			568	61
			567	61
			566	61
			565	61
			564	61
			563	61
			562	61
			561	61
			560	61
			559	61
			558	61
			557	61
			556	61
			555	61
			554	61
			553	61
			552	61
			551	60
			550	60
			549	60
			548	60
			547	60
			546	60
			545	60
			544	60
			543	60
			542	60
			541	60
			540	60
			539	60
			538	60
			537	60
			536	60
			535	60
			534	60
			533	60
			532	60
			531	60
			530	60
			529	60
			528	60
			527	60
			526	60
			525	60
			524	60
			523	60
			522	60
			521	60
			520	60
			519	61
			518	61
			517	61
			516	61
			515	61
			514	61
			513	61
			512	61
			511	61
			510	61
			509	61
			508	61
			507	61
			506	61
			505	61
			504	61
			503	61
			502	61
			501	61
			500	61
			499	61
			498	61
			497	61
			496	61
			495	61
			494	61
			493	61
			492	61
			491	61
			490	61
			489	61
			488	61
			487	61
			486	61
			485	61
			484	61
			483	61
			482	61
			481	61
			480	61
			479	61
			478	61
			477	61
			476	61
			475	61
			474	61
			473	61
			472	61
			471	61
			470	61
			469	61
			468	61
			467	61
			466	61
			465	61
			464	62
			463	62
			462	62
			461	62
			460	62
			459	62
			458	62
			457	62
			456	62
			455	62
			454	62
			453	62
			452	62
			451	62
			450	62
			449	62
			448	62
		</margin>
	</curves.pixel>
	<curves.scaled type=list>
		<axis type=matrix rownames=FALSE colnames=FALSE nrow=249 ncol=2 as.numeric=TRUE >
			2.71892655367232	-0.360169491525424
			2.72598870056497	-0.360169491525424
			2.73305084745763	-0.360169491525424
			2.74011299435028	-0.353107344632768
			2.74717514124294	-0.353107344632768
			2.75423728813559	-0.353107344632768
			2.76129943502825	-0.353107344632768
			2.7683615819209	-0.353107344632768
			2.77542372881356	-0.353107344632768
			2.78248587570621	-0.346045197740113
			2.78954802259887	-0.346045197740113
			2.79661016949153	-0.346045197740113
			2.80367231638418	-0.346045197740113
			2.81073446327684	-0.346045197740113
			2.81779661016949	-0.346045197740113
			2.82485875706215	-0.346045197740113
			2.8319209039548	-0.346045197740113
			2.83898305084746	-0.346045197740113
			2.84604519774011	-0.346045197740113
			2.85310734463277	-0.338983050847458
			2.86016949152542	-0.338983050847458
			2.86723163841808	-0.338983050847458
			2.87429378531073	-0.338983050847458
			2.88135593220339	-0.338983050847458
			2.88841807909604	-0.338983050847458
			2.8954802259887	-0.338983050847458
			2.90254237288136	-0.338983050847458
			2.90960451977401	-0.346045197740113
			2.91666666666667	-0.346045197740113
			2.92372881355932	-0.346045197740113
			2.93079096045198	-0.346045197740113
			2.93785310734463	-0.346045197740113
			2.94491525423729	-0.346045197740113
			2.95197740112994	-0.346045197740113
			2.9590395480226	-0.346045197740113
			2.96610169491525	-0.346045197740113
			2.97316384180791	-0.346045197740113
			2.98022598870056	-0.346045197740113
			2.98728813559322	-0.346045197740113
			2.99435028248588	-0.353107344632768
			3.00141242937853	-0.353107344632768
			3.00847457627119	-0.353107344632768
			3.01553672316384	-0.353107344632768
			3.0225988700565	-0.353107344632768
			3.02966101694915	-0.353107344632768
			3.03672316384181	-0.353107344632768
			3.04378531073446	-0.360169491525424
			3.05084745762712	-0.360169491525424
			3.05790960451977	-0.360169491525424
			3.06497175141243	-0.360169491525424
			3.07203389830508	-0.360169491525424
			3.07909604519774	-0.367231638418079
			3.0861581920904	-0.367231638418079
			3.09322033898305	-0.367231638418079
			3.10028248587571	-0.367231638418079
			3.10734463276836	-0.374293785310734
			3.11440677966102	-0.374293785310734
			3.12146892655367	-0.374293785310734
			3.12853107344633	-0.374293785310734
			3.13559322033898	-0.374293785310734
			3.13559322033898	-0.38135593220339
			3.14265536723164	-0.38135593220339
			3.14971751412429	-0.38135593220339
			3.15677966101695	-0.38135593220339
			3.1638418079096	-0.388418079096045
			3.17090395480226	-0.388418079096045
			3.17796610169492	-0.388418079096045
			3.18502824858757	-0.388418079096045
			3.19209039548023	-0.395480225988701
			3.19915254237288	-0.395480225988701
			3.19915254237288	-0.402542372881356
			3.19915254237288	-0.409604519774011
			3.19915254237288	-0.416666666666667
			3.19915254237288	-0.423728813559322
			3.19209039548023	-0.430790960451977
			3.19209039548023	-0.437853107344633
			3.19209039548023	-0.444915254237288
			3.19209039548023	-0.451977401129944
			3.19209039548023	-0.459039548022599
			3.19209039548023	-0.466101694915254
			3.19209039548023	-0.47316384180791
			3.19209039548023	-0.480225988700565
			3.19209039548023	-0.48728813559322
			3.18502824858757	-0.494350282485876
			3.18502824858757	-0.501412429378531
			3.18502824858757	-0.508474576271186
			3.18502824858757	-0.515536723163842
			3.18502824858757	-0.522598870056497
			3.18502824858757	-0.529661016949153
			3.18502824858757	-0.536723163841808
			3.18502824858757	-0.543785310734463
			3.17796610169492	-0.550847457627119
			3.17796610169492	-0.557909604519774
			3.17796610169492	-0.564971751412429
			3.17796610169492	-0.572033898305085
			3.17796610169492	-0.57909604519774
			3.17796610169492	-0.586158192090395
			3.17796610169492	-0.593220338983051
			3.17090395480226	-0.600282485875706
			3.17090395480226	-0.607344632768362
			3.17090395480226	-0.614406779661017
			3.17090395480226	-0.621468926553672
			3.17090395480226	-0.628531073446328
			3.17090395480226	-0.635593220338983
			3.17090395480226	-0.642655367231638
			3.1638418079096	-0.649717514124294
			3.1638418079096	-0.656779661016949
			3.1638418079096	-0.663841807909605
			3.1638418079096	-0.67090395480226
			3.1638418079096	-0.677966101694915
			3.1638418079096	-0.685028248587571
			3.15677966101695	-0.692090395480226
			3.15677966101695	-0.699152542372881
			3.15677966101695	-0.706214689265537
			3.15677966101695	-0.713276836158192
			3.15677966101695	-0.720338983050847
			3.15677966101695	-0.727401129943503
			3.15677966101695	-0.734463276836158
			3.14971751412429	-0.741525423728814
			3.14971751412429	-0.748587570621469
			3.14971751412429	-0.755649717514124
			3.14971751412429	-0.76271186440678
			3.14971751412429	-0.769774011299435
			3.14971751412429	-0.77683615819209
			3.14265536723164	-0.783898305084746
			3.14265536723164	-0.790960451977401
			3.14265536723164	-0.798022598870056
			3.14265536723164	-0.805084745762712
			3.14265536723164	-0.812146892655367
			3.13559322033898	-0.819209039548023
			3.13559322033898	-0.826271186440678
			3.13559322033898	-0.833333333333333
			3.13559322033898	-0.840395480225989
			3.13559322033898	-0.847457627118644
			3.12853107344633	-0.854519774011299
			3.12853107344633	-0.861581920903955
			3.12853107344633	-0.86864406779661
			3.12853107344633	-0.875706214689266
			3.12853107344633	-0.882768361581921
			3.12146892655367	-0.889830508474576
			3.12146892655367	-0.896892655367232
			3.12146892655367	-0.903954802259887
			3.12146892655367	-0.911016949152542
			3.12146892655367	-0.918079096045198
			3.11440677966102	-0.925141242937853
			3.11440677966102	-0.932203389830508
			3.11440677966102	-0.939265536723164
			3.11440677966102	-0.946327683615819
			3.10734463276836	-0.953389830508475
			3.10734463276836	-0.96045197740113
			3.10734463276836	-0.967514124293785
			3.10734463276836	-0.974576271186441
			3.10028248587571	-0.981638418079096
			3.10028248587571	-0.988700564971751
			3.10028248587571	-0.995762711864407
			3.10028248587571	-1.00282485875706
			3.09322033898305	-1.00282485875706
			3.09322033898305	-1.00988700564972
			3.09322033898305	-1.01694915254237
			3.09322033898305	-1.02401129943503
			3.09322033898305	-1.03107344632768
			3.0861581920904	-1.03813559322034
			3.0861581920904	-1.04519774011299
			3.0861581920904	-1.05225988700565
			3.07909604519774	-1.05932203389831
			3.07909604519774	-1.06638418079096
			3.07909604519774	-1.07344632768362
			3.07203389830508	-1.08050847457627
			3.07203389830508	-1.08757062146893
			3.07203389830508	-1.09463276836158
			3.07203389830508	-1.10169491525424
			3.06497175141243	-1.10875706214689
			3.06497175141243	-1.11581920903955
			3.06497175141243	-1.1228813559322
			3.05790960451977	-1.12994350282486
			3.05790960451977	-1.13700564971751
			3.05790960451977	-1.14406779661017
			3.05084745762712	-1.14406779661017
			3.05084745762712	-1.15112994350282
			3.05084745762712	-1.15819209039548
			3.04378531073446	-1.16525423728814
			3.04378531073446	-1.17231638418079
			3.04378531073446	-1.17937853107345
			3.04378531073446	-1.1864406779661
			3.03672316384181	-1.1864406779661
			3.03672316384181	-1.19350282485876
			3.03672316384181	-1.20056497175141
			3.02966101694915	-1.20762711864407
			3.02966101694915	-1.21468926553672
			3.0225988700565	-1.22175141242938
			3.0225988700565	-1.22881355932203
			3.01553672316384	-1.23587570621469
			3.01553672316384	-1.24293785310734
			3.01553672316384	-1.25
			3.00847457627119	-1.25706214689266
			3.00847457627119	-1.26412429378531
			3.00141242937853	-1.26412429378531
			3.00141242937853	-1.27118644067797
			3.00141242937853	-1.27824858757062
			2.99435028248588	-1.28531073446328
			2.99435028248588	-1.29237288135593
			2.98728813559322	-1.29237288135593
			2.98728813559322	-1.29943502824859
			2.98022598870056	-1.30649717514124
			2.98022598870056	-1.3135593220339
			2.97316384180791	-1.32062146892655
			2.96610169491525	-1.32768361581921
			2.96610169491525	-1.33474576271186
			2.9590395480226	-1.34180790960452
			2.9590395480226	-1.34887005649718
			2.95197740112994	-1.35593220338983
			2.94491525423729	-1.35593220338983
			2.94491525423729	-1.36299435028249
			2.93785310734463	-1.37005649717514
			2.93785310734463	-1.3771186440678
			2.93079096045198	-1.3771186440678
			2.93079096045198	-1.38418079096045
			2.92372881355932	-1.38418079096045
			2.92372881355932	-1.39124293785311
			2.91666666666667	-1.39830508474576
			2.90960451977401	-1.39830508474576
			2.90960451977401	-1.40536723163842
			2.90254237288136	-1.40536723163842
			2.90254237288136	-1.41242937853107
			2.8954802259887	-1.41242937853107
			2.88841807909604	-1.41949152542373
			2.88135593220339	-1.42655367231638
			2.87429378531073	-1.43361581920904
			2.86723163841808	-1.44067796610169
			2.86016949152542	-1.44067796610169
			2.85310734463277	-1.44774011299435
			2.84604519774011	-1.44774011299435
			2.83898305084746	-1.44774011299435
			2.8319209039548	-1.45480225988701
			2.82485875706215	-1.45480225988701
			2.81779661016949	-1.46186440677966
			2.81073446327684	-1.46186440677966
			2.80367231638418	-1.46186440677966
			2.79661016949153	-1.46186440677966
			2.78954802259887	-1.46186440677966
			2.78248587570621	-1.46186440677966
			2.77542372881356	-1.46892655367232
			2.7683615819209	-1.46892655367232
			2.76129943502825	-1.46892655367232
			2.75423728813559	-1.46892655367232
			2.74717514124294	-1.46186440677966
			2.74011299435028	-1.46186440677966
			2.73305084745763	-1.46186440677966
			2.72598870056497	-1.46186440677966
		</axis>
		<border type=matrix rownames=FALSE colnames=FALSE nrow=348 ncol=2 as.numeric=TRUE >
			2.72598870056497	-1.46186440677966
			2.73305084745763	-1.46892655367232
			2.74011299435028	-1.46892655367232
			2.74717514124294	-1.47598870056497
			2.75423728813559	-1.47598870056497
			2.76129943502825	-1.48305084745763
			2.7683615819209	-1.48305084745763
			2.77542372881356	-1.48305084745763
			2.78248587570621	-1.49011299435028
			2.78954802259887	-1.49011299435028
			2.79661016949153	-1.49011299435028
			2.80367231638418	-1.49011299435028
			2.80367231638418	-1.49717514124294
			2.81073446327684	-1.49717514124294
			2.81779661016949	-1.49717514124294
			2.82485875706215	-1.49717514124294
			2.8319209039548	-1.49717514124294
			2.83898305084746	-1.50423728813559
			2.84604519774011	-1.50423728813559
			2.85310734463277	-1.50423728813559
			2.86016949152542	-1.50423728813559
			2.86723163841808	-1.50423728813559
			2.87429378531073	-1.50423728813559
			2.88135593220339	-1.50423728813559
			2.88841807909604	-1.50423728813559
			2.88841807909604	-1.51129943502825
			2.8954802259887	-1.51129943502825
			2.90254237288136	-1.51129943502825
			2.90960451977401	-1.51129943502825
			2.91666666666667	-1.51129943502825
			2.92372881355932	-1.51129943502825
			2.93079096045198	-1.51129943502825
			2.93785310734463	-1.51129943502825
			2.94491525423729	-1.51129943502825
			2.95197740112994	-1.51129943502825
			2.9590395480226	-1.51129943502825
			2.96610169491525	-1.51129943502825
			2.97316384180791	-1.51129943502825
			2.98022598870056	-1.51129943502825
			2.98728813559322	-1.51129943502825
			2.99435028248588	-1.51129943502825
			3.00141242937853	-1.51129943502825
			3.00847457627119	-1.51129943502825
			3.01553672316384	-1.51129943502825
			3.0225988700565	-1.51129943502825
			3.02966101694915	-1.51129943502825
			3.03672316384181	-1.51129943502825
			3.04378531073446	-1.51129943502825
			3.05084745762712	-1.51129943502825
			3.05790960451977	-1.51129943502825
			3.06497175141243	-1.51129943502825
			3.07203389830508	-1.51129943502825
			3.07909604519774	-1.51129943502825
			3.0861581920904	-1.51129943502825
			3.09322033898305	-1.51129943502825
			3.10028248587571	-1.51129943502825
			3.10734463276836	-1.51129943502825
			3.11440677966102	-1.51129943502825
			3.12146892655367	-1.51129943502825
			3.12853107344633	-1.51129943502825
			3.13559322033898	-1.51129943502825
			3.14265536723164	-1.51129943502825
			3.14971751412429	-1.51129943502825
			3.15677966101695	-1.51129943502825
			3.1638418079096	-1.51129943502825
			3.17090395480226	-1.51129943502825
			3.17796610169492	-1.51129943502825
			3.18502824858757	-1.51129943502825
			3.19209039548023	-1.51129943502825
			3.19915254237288	-1.51129943502825
			3.20621468926554	-1.51129943502825
			3.21327683615819	-1.51129943502825
			3.22033898305085	-1.51129943502825
			3.2274011299435	-1.51129943502825
			3.23446327683616	-1.50423728813559
			3.24152542372881	-1.50423728813559
			3.24858757062147	-1.50423728813559
			3.25564971751412	-1.50423728813559
			3.26271186440678	-1.50423728813559
			3.26977401129944	-1.50423728813559
			3.27683615819209	-1.50423728813559
			3.28389830508475	-1.50423728813559
			3.2909604519774	-1.50423728813559
			3.29802259887006	-1.50423728813559
			3.30508474576271	-1.50423728813559
			3.31214689265537	-1.50423728813559
			3.31920903954802	-1.50423728813559
			3.32627118644068	-1.49717514124294
			3.33333333333333	-1.49717514124294
			3.34039548022599	-1.49717514124294
			3.34745762711864	-1.49717514124294
			3.3545197740113	-1.49717514124294
			3.36158192090395	-1.49717514124294
			3.36864406779661	-1.49717514124294
			3.37570621468927	-1.49717514124294
			3.38276836158192	-1.49717514124294
			3.38983050847458	-1.49717514124294
			3.39689265536723	-1.49717514124294
			3.40395480225989	-1.49011299435028
			3.41101694915254	-1.49011299435028
			3.4180790960452	-1.49011299435028
			3.42514124293785	-1.49011299435028
			3.43220338983051	-1.49011299435028
			3.43926553672316	-1.49011299435028
			3.44632768361582	-1.49011299435028
			3.45338983050847	-1.49011299435028
			3.46045197740113	-1.49011299435028
			3.46751412429379	-1.48305084745763
			3.47457627118644	-1.48305084745763
			3.4816384180791	-1.48305084745763
			3.48870056497175	-1.48305084745763
			3.49576271186441	-1.48305084745763
			3.50282485875706	-1.48305084745763
			3.50988700564972	-1.48305084745763
			3.51694915254237	-1.48305084745763
			3.52401129943503	-1.48305084745763
			3.52401129943503	-1.47598870056497
			3.53107344632768	-1.47598870056497
			3.53813559322034	-1.47598870056497
			3.54519774011299	-1.47598870056497
			3.55225988700565	-1.47598870056497
			3.5593220338983	-1.47598870056497
			3.56638418079096	-1.47598870056497
			3.57344632768362	-1.47598870056497
			3.58050847457627	-1.47598870056497
			3.58757062146893	-1.46892655367232
			3.59463276836158	-1.46892655367232
			3.60169491525424	-1.46892655367232
			3.60875706214689	-1.46892655367232
			3.61581920903955	-1.46892655367232
			3.6228813559322	-1.46892655367232
			3.62994350282486	-1.46892655367232
			3.63700564971751	-1.46892655367232
			3.64406779661017	-1.46186440677966
			3.65112994350282	-1.46186440677966
			3.65819209039548	-1.46186440677966
			3.66525423728814	-1.46186440677966
			3.67231638418079	-1.46186440677966
			3.67937853107345	-1.46186440677966
			3.6864406779661	-1.45480225988701
			3.69350282485876	-1.45480225988701
			3.70056497175141	-1.45480225988701
			3.70762711864407	-1.45480225988701
			3.71468926553672	-1.44774011299435
			3.72175141242938	-1.44774011299435
			3.72881355932203	-1.44774011299435
			3.73587570621469	-1.44774011299435
			3.74293785310734	-1.44774011299435
			3.75	-1.44067796610169
			3.75706214689266	-1.44067796610169
			3.76412429378531	-1.44067796610169
			3.77118644067797	-1.44067796610169
			3.77824858757062	-1.43361581920904
			3.78531073446328	-1.43361581920904
			3.79237288135593	-1.43361581920904
			3.79943502824859	-1.43361581920904
			3.79943502824859	-1.42655367231638
			3.80649717514124	-1.42655367231638
			3.8135593220339	-1.42655367231638
			3.82062146892655	-1.42655367231638
			3.82768361581921	-1.42655367231638
			3.83474576271186	-1.41949152542373
			3.84180790960452	-1.41949152542373
			3.84887005649718	-1.41949152542373
			3.85593220338983	-1.41949152542373
			3.86299435028249	-1.41242937853107
			3.87005649717514	-1.41242937853107
			3.8771186440678	-1.41242937853107
			3.88418079096045	-1.40536723163842
			3.89124293785311	-1.40536723163842
			3.89830508474576	-1.40536723163842
			3.90536723163842	-1.40536723163842
			3.90536723163842	-1.39830508474576
			3.91242937853107	-1.39830508474576
			3.91949152542373	-1.39830508474576
			3.92655367231638	-1.39830508474576
			3.93361581920904	-1.39124293785311
			3.9406779661017	-1.39124293785311
			3.94774011299435	-1.39124293785311
			3.95480225988701	-1.39124293785311
			3.96186440677966	-1.38418079096045
			3.96892655367232	-1.38418079096045
			3.97598870056497	-1.38418079096045
			3.98305084745763	-1.3771186440678
			3.99011299435028	-1.3771186440678
			3.99717514124294	-1.3771186440678
			4.00423728813559	-1.37005649717514
			4.01129943502825	-1.37005649717514
			4.0183615819209	-1.37005649717514
			4.02542372881356	-1.36299435028249
			4.03248587570621	-1.36299435028249
			4.03954802259887	-1.36299435028249
			4.04661016949153	-1.35593220338983
			4.05367231638418	-1.35593220338983
			4.06073446327684	-1.35593220338983
			4.06779661016949	-1.34887005649718
			4.07485875706215	-1.34887005649718
			4.0819209039548	-1.34887005649718
			4.08898305084746	-1.34180790960452
			4.09604519774011	-1.34180790960452
			4.10310734463277	-1.34180790960452
			4.11016949152542	-1.33474576271186
			4.11723163841808	-1.33474576271186
			4.12429378531073	-1.33474576271186
			4.13135593220339	-1.32768361581921
			4.13841807909604	-1.32768361581921
			4.1454802259887	-1.32062146892655
			4.15254237288136	-1.32062146892655
			4.15960451977401	-1.32062146892655
			4.16666666666667	-1.3135593220339
			4.17372881355932	-1.3135593220339
			4.18079096045198	-1.30649717514124
			4.18785310734463	-1.30649717514124
			4.19491525423729	-1.30649717514124
			4.20197740112994	-1.29943502824859
			4.2090395480226	-1.29943502824859
			4.21610169491525	-1.29943502824859
			4.22316384180791	-1.29237288135593
			4.23022598870056	-1.29237288135593
			4.23728813559322	-1.28531073446328
			4.24435028248588	-1.28531073446328
			4.25141242937853	-1.27824858757062
			4.25847457627119	-1.27824858757062
			4.26553672316384	-1.27824858757062
			4.2725988700565	-1.27118644067797
			4.27966101694915	-1.27118644067797
			4.28672316384181	-1.26412429378531
			4.29378531073446	-1.26412429378531
			4.30084745762712	-1.26412429378531
			4.30790960451977	-1.25706214689266
			4.31497175141243	-1.25706214689266
			4.32203389830508	-1.25
			4.32909604519774	-1.25
			4.3361581920904	-1.24293785310734
			4.34322033898305	-1.24293785310734
			4.35028248587571	-1.24293785310734
			4.35028248587571	-1.23587570621469
			4.35734463276836	-1.23587570621469
			4.36440677966102	-1.22881355932203
			4.37146892655367	-1.22881355932203
			4.37853107344633	-1.22175141242938
			4.38559322033898	-1.22175141242938
			4.39265536723164	-1.21468926553672
			4.39971751412429	-1.21468926553672
			4.40677966101695	-1.21468926553672
			4.4138418079096	-1.20762711864407
			4.42090395480226	-1.20056497175141
			4.42796610169492	-1.20056497175141
			4.43502824858757	-1.19350282485876
			4.44209039548023	-1.19350282485876
			4.44915254237288	-1.1864406779661
			4.45621468926554	-1.17937853107345
			4.46327683615819	-1.17937853107345
			4.47033898305085	-1.17231638418079
			4.4774011299435	-1.17231638418079
			4.48446327683616	-1.16525423728814
			4.49152542372881	-1.16525423728814
			4.49858757062147	-1.15819209039548
			4.50564971751412	-1.15112994350282
			4.51271186440678	-1.15112994350282
			4.51977401129944	-1.14406779661017
			4.52683615819209	-1.14406779661017
			4.53389830508475	-1.13700564971751
			4.5409604519774	-1.12994350282486
			4.54802259887006	-1.12994350282486
			4.55508474576271	-1.1228813559322
			4.56214689265537	-1.1228813559322
			4.56920903954802	-1.11581920903955
			4.57627118644068	-1.10875706214689
			4.58333333333333	-1.10875706214689
			4.59039548022599	-1.10169491525424
			4.59745762711864	-1.10169491525424
			4.59745762711864	-1.09463276836158
			4.6045197740113	-1.08757062146893
			4.61158192090396	-1.08757062146893
			4.61864406779661	-1.08050847457627
			4.62570621468927	-1.07344632768362
			4.63276836158192	-1.07344632768362
			4.63983050847458	-1.06638418079096
			4.64689265536723	-1.06638418079096
			4.64689265536723	-1.05932203389831
			4.65395480225989	-1.05225988700565
			4.66101694915254	-1.05225988700565
			4.6680790960452	-1.04519774011299
			4.67514124293785	-1.03813559322034
			4.68220338983051	-1.03813559322034
			4.68220338983051	-1.03107344632768
			4.68926553672316	-1.02401129943503
			4.69632768361582	-1.02401129943503
			4.70338983050847	-1.01694915254237
			4.71045197740113	-1.00988700564972
			4.71751412429379	-1.00988700564972
			4.71751412429379	-1.00282485875706
			4.72457627118644	-0.995762711864407
			4.7316384180791	-0.995762711864407
			4.73870056497175	-0.988700564971751
			4.73870056497175	-0.981638418079096
			4.74576271186441	-0.981638418079096
			4.75282485875706	-0.974576271186441
			4.75988700564972	-0.967514124293785
			4.76694915254237	-0.96045197740113
			4.77401129943503	-0.953389830508475
			4.78107344632768	-0.946327683615819
			4.78813559322034	-0.939265536723164
			4.79519774011299	-0.939265536723164
			4.79519774011299	-0.932203389830508
			4.80225988700565	-0.925141242937853
			4.80932203389831	-0.918079096045198
			4.81638418079096	-0.911016949152542
			4.82344632768362	-0.903954802259887
			4.83050847457627	-0.896892655367232
			4.83050847457627	-0.889830508474576
			4.83757062146893	-0.889830508474576
			4.84463276836158	-0.882768361581921
			4.85169491525424	-0.875706214689266
			4.85875706214689	-0.86864406779661
			4.85875706214689	-0.861581920903955
			4.86581920903955	-0.854519774011299
			4.8728813559322	-0.847457627118644
			4.8728813559322	-0.840395480225989
			4.87994350282486	-0.833333333333333
			4.88700564971751	-0.833333333333333
			4.89406779661017	-0.826271186440678
			4.89406779661017	-0.819209039548023
			4.90112994350283	-0.812146892655367
			4.90819209039548	-0.805084745762712
			4.90819209039548	-0.798022598870056
			4.91525423728814	-0.790960451977401
			4.92231638418079	-0.783898305084746
			4.92231638418079	-0.77683615819209
			4.92937853107345	-0.769774011299435
			4.9364406779661	-0.76271186440678
			4.9364406779661	-0.755649717514124
			4.94350282485876	-0.748587570621469
			4.95056497175141	-0.741525423728814
			4.95056497175141	-0.734463276836158
			4.95762711864407	-0.727401129943503
			4.95762711864407	-0.720338983050847
			4.96468926553672	-0.713276836158192
			4.96468926553672	-0.706214689265537
			4.97175141242938	-0.699152542372881
			4.97881355932203	-0.692090395480226
			4.97881355932203	-0.685028248587571
			4.98587570621469	-0.677966101694915
			4.98587570621469	-0.67090395480226
			4.99293785310734	-0.663841807909605
			4.99293785310734	-0.656779661016949
			5	-0.649717514124294
		</border>
		<margin type=matrix rownames=FALSE colnames=FALSE nrow=1595 ncol=2 as.numeric=TRUE >
			2.72598870056497	-1.7090395480226
			2.72598870056497	-1.71610169491525
			2.73305084745763	-1.72316384180791
			2.73305084745763	-1.73022598870056
			2.73305084745763	-1.73728813559322
			2.74011299435028	-1.74435028248588
			2.74011299435028	-1.75141242937853
			2.74011299435028	-1.75847457627119
			2.74717514124294	-1.75847457627119
			2.74717514124294	-1.76553672316384
			2.74717514124294	-1.7725988700565
			2.74717514124294	-1.77966101694915
			2.75423728813559	-1.78672316384181
			2.75423728813559	-1.79378531073446
			2.75423728813559	-1.80084745762712
			2.76129943502825	-1.80790960451977
			2.76129943502825	-1.81497175141243
			2.76129943502825	-1.82203389830508
			2.76129943502825	-1.82909604519774
			2.7683615819209	-1.8361581920904
			2.7683615819209	-1.84322033898305
			2.7683615819209	-1.85028248587571
			2.7683615819209	-1.85734463276836
			2.77542372881356	-1.86440677966102
			2.77542372881356	-1.87146892655367
			2.77542372881356	-1.87853107344633
			2.78248587570621	-1.88559322033898
			2.78248587570621	-1.89265536723164
			2.78248587570621	-1.89971751412429
			2.78248587570621	-1.90677966101695
			2.78954802259887	-1.9138418079096
			2.78954802259887	-1.92090395480226
			2.78954802259887	-1.92796610169492
			2.78954802259887	-1.93502824858757
			2.79661016949153	-1.94209039548023
			2.79661016949153	-1.94915254237288
			2.79661016949153	-1.95621468926554
			2.80367231638418	-1.96327683615819
			2.80367231638418	-1.97033898305085
			2.80367231638418	-1.9774011299435
			2.80367231638418	-1.98446327683616
			2.81073446327684	-1.99152542372881
			2.81073446327684	-1.99858757062147
			2.81073446327684	-2.00564971751412
			2.81073446327684	-2.01271186440678
			2.81779661016949	-2.01977401129944
			2.81779661016949	-2.02683615819209
			2.81779661016949	-2.03389830508475
			2.82485875706215	-2.0409604519774
			2.82485875706215	-2.04802259887006
			2.82485875706215	-2.05508474576271
			2.82485875706215	-2.06214689265537
			2.82485875706215	-2.06920903954802
			2.8319209039548	-2.07627118644068
			2.8319209039548	-2.08333333333333
			2.8319209039548	-2.09039548022599
			2.8319209039548	-2.09745762711864
			2.83898305084746	-2.1045197740113
			2.83898305084746	-2.11158192090395
			2.83898305084746	-2.11864406779661
			2.83898305084746	-2.12570621468927
			2.84604519774011	-2.12570621468927
			2.84604519774011	-2.13276836158192
			2.84604519774011	-2.13983050847458
			2.84604519774011	-2.14689265536723
			2.84604519774011	-2.15395480225989
			2.85310734463277	-2.16101694915254
			2.85310734463277	-2.1680790960452
			2.85310734463277	-2.17514124293785
			2.85310734463277	-2.18220338983051
			2.86016949152542	-2.18926553672316
			2.86016949152542	-2.19632768361582
			2.86016949152542	-2.20338983050847
			2.86016949152542	-2.21045197740113
			2.86016949152542	-2.21751412429379
			2.86723163841808	-2.21751412429379
			2.86723163841808	-2.22457627118644
			2.86723163841808	-2.2316384180791
			2.86723163841808	-2.23870056497175
			2.87429378531073	-2.24576271186441
			2.87429378531073	-2.25282485875706
			2.87429378531073	-2.25988700564972
			2.87429378531073	-2.26694915254237
			2.88135593220339	-2.27401129943503
			2.88135593220339	-2.28107344632768
			2.88135593220339	-2.28813559322034
			2.88135593220339	-2.29519774011299
			2.88841807909604	-2.30225988700565
			2.88841807909604	-2.3093220338983
			2.88841807909604	-2.31638418079096
			2.88841807909604	-2.32344632768362
			2.88841807909604	-2.33050847457627
			2.8954802259887	-2.33757062146893
			2.8954802259887	-2.34463276836158
			2.8954802259887	-2.35169491525424
			2.8954802259887	-2.35875706214689
			2.90254237288136	-2.36581920903955
			2.90254237288136	-2.3728813559322
			2.90254237288136	-2.37994350282486
			2.90254237288136	-2.38700564971751
			2.90960451977401	-2.39406779661017
			2.90960451977401	-2.40112994350282
			2.90960451977401	-2.40819209039548
			2.90960451977401	-2.41525423728814
			2.90960451977401	-2.42231638418079
			2.91666666666667	-2.42937853107345
			2.91666666666667	-2.4364406779661
			2.91666666666667	-2.44350282485876
			2.91666666666667	-2.45056497175141
			2.92372881355932	-2.45762711864407
			2.92372881355932	-2.46468926553672
			2.92372881355932	-2.47175141242938
			2.92372881355932	-2.47881355932203
			2.93079096045198	-2.48587570621469
			2.93079096045198	-2.49293785310734
			2.93079096045198	-2.5
			2.93079096045198	-2.50706214689266
			2.93785310734463	-2.51412429378531
			2.93785310734463	-2.52118644067797
			2.93785310734463	-2.52824858757062
			2.93785310734463	-2.53531073446328
			2.94491525423729	-2.54237288135593
			2.94491525423729	-2.54943502824859
			2.94491525423729	-2.55649717514124
			2.94491525423729	-2.5635593220339
			2.95197740112994	-2.5635593220339
			2.95197740112994	-2.57062146892655
			2.9590395480226	-2.57768361581921
			2.9590395480226	-2.58474576271186
			2.96610169491525	-2.59180790960452
			2.97316384180791	-2.59887005649718
			2.98022598870056	-2.60593220338983
			2.98022598870056	-2.61299435028249
			2.98728813559322	-2.62005649717514
			2.99435028248588	-2.62005649717514
			2.99435028248588	-2.6271186440678
			3.00141242937853	-2.6271186440678
			3.00141242937853	-2.63418079096045
			3.00847457627119	-2.63418079096045
			3.00847457627119	-2.64124293785311
			3.01553672316384	-2.64124293785311
			3.0225988700565	-2.64124293785311
			3.02966101694915	-2.64124293785311
			3.03672316384181	-2.64124293785311
			3.04378531073446	-2.64124293785311
			3.05084745762712	-2.63418079096045
			3.05084745762712	-2.6271186440678
			3.05790960451977	-2.62005649717514
			3.06497175141243	-2.61299435028249
			3.07203389830508	-2.60593220338983
			3.07203389830508	-2.59887005649718
			3.07203389830508	-2.59180790960452
			3.07909604519774	-2.58474576271186
			3.07909604519774	-2.57768361581921
			3.07909604519774	-2.57062146892655
			3.07909604519774	-2.5635593220339
			3.0861581920904	-2.55649717514124
			3.0861581920904	-2.54943502824859
			3.0861581920904	-2.54237288135593
			3.0861581920904	-2.53531073446328
			3.0861581920904	-2.52824858757062
			3.09322033898305	-2.52118644067797
			3.09322033898305	-2.51412429378531
			3.09322033898305	-2.50706214689266
			3.09322033898305	-2.5
			3.09322033898305	-2.49293785310734
			3.10028248587571	-2.48587570621469
			3.10028248587571	-2.47881355932203
			3.10028248587571	-2.47175141242938
			3.10028248587571	-2.46468926553672
			3.10028248587571	-2.45762711864407
			3.10734463276836	-2.45056497175141
			3.10734463276836	-2.44350282485876
			3.10734463276836	-2.4364406779661
			3.10734463276836	-2.42937853107345
			3.11440677966102	-2.42231638418079
			3.11440677966102	-2.41525423728814
			3.11440677966102	-2.40819209039548
			3.11440677966102	-2.40112994350282
			3.12146892655367	-2.39406779661017
			3.12146892655367	-2.38700564971751
			3.12146892655367	-2.37994350282486
			3.12146892655367	-2.3728813559322
			3.12146892655367	-2.36581920903955
			3.12146892655367	-2.35875706214689
			3.12853107344633	-2.35875706214689
			3.12853107344633	-2.35169491525424
			3.12853107344633	-2.34463276836158
			3.12853107344633	-2.33757062146893
			3.12853107344633	-2.33050847457627
			3.13559322033898	-2.33050847457627
			3.13559322033898	-2.32344632768362
			3.13559322033898	-2.31638418079096
			3.13559322033898	-2.3093220338983
			3.13559322033898	-2.30225988700565
			3.13559322033898	-2.29519774011299
			3.14265536723164	-2.29519774011299
			3.14265536723164	-2.28813559322034
			3.14265536723164	-2.28107344632768
			3.14265536723164	-2.27401129943503
			3.14265536723164	-2.26694915254237
			3.14971751412429	-2.25988700564972
			3.14971751412429	-2.25282485875706
			3.14971751412429	-2.24576271186441
			3.15677966101695	-2.23870056497175
			3.15677966101695	-2.2316384180791
			3.15677966101695	-2.22457627118644
			3.15677966101695	-2.21751412429379
			3.15677966101695	-2.21045197740113
			3.1638418079096	-2.20338983050847
			3.1638418079096	-2.19632768361582
			3.1638418079096	-2.18926553672316
			3.1638418079096	-2.18220338983051
			3.17090395480226	-2.17514124293785
			3.17090395480226	-2.1680790960452
			3.17090395480226	-2.16101694915254
			3.17090395480226	-2.15395480225989
			3.17796610169492	-2.14689265536723
			3.17796610169492	-2.13983050847458
			3.17796610169492	-2.13276836158192
			3.17796610169492	-2.12570621468927
			3.18502824858757	-2.11864406779661
			3.18502824858757	-2.11158192090395
			3.18502824858757	-2.1045197740113
			3.18502824858757	-2.09745762711864
			3.19209039548023	-2.09039548022599
			3.19209039548023	-2.08333333333333
			3.19209039548023	-2.07627118644068
			3.19209039548023	-2.06920903954802
			3.19915254237288	-2.06214689265537
			3.19915254237288	-2.05508474576271
			3.19915254237288	-2.04802259887006
			3.19915254237288	-2.0409604519774
			3.20621468926554	-2.03389830508475
			3.20621468926554	-2.02683615819209
			3.20621468926554	-2.01977401129944
			3.20621468926554	-2.01271186440678
			3.21327683615819	-2.00564971751412
			3.21327683615819	-1.99858757062147
			3.21327683615819	-1.99152542372881
			3.21327683615819	-1.98446327683616
			3.22033898305085	-1.9774011299435
			3.22033898305085	-1.97033898305085
			3.22033898305085	-1.96327683615819
			3.2274011299435	-1.95621468926554
			3.2274011299435	-1.94915254237288
			3.2274011299435	-1.94209039548023
			3.2274011299435	-1.93502824858757
			3.23446327683616	-1.92796610169492
			3.23446327683616	-1.92090395480226
			3.23446327683616	-1.9138418079096
			3.23446327683616	-1.90677966101695
			3.24152542372881	-1.89971751412429
			3.24152542372881	-1.89265536723164
			3.24152542372881	-1.88559322033898
			3.24152542372881	-1.87853107344633
			3.24858757062147	-1.87146892655367
			3.24858757062147	-1.86440677966102
			3.25564971751412	-1.86440677966102
			3.25564971751412	-1.87146892655367
			3.26271186440678	-1.87146892655367
			3.26977401129944	-1.87853107344633
			3.27683615819209	-1.88559322033898
			3.28389830508475	-1.89265536723164
			3.2909604519774	-1.89971751412429
			3.29802259887006	-1.90677966101695
			3.30508474576271	-1.9138418079096
			3.31214689265537	-1.9138418079096
			3.31214689265537	-1.92090395480226
			3.31920903954802	-1.92796610169492
			3.32627118644068	-1.93502824858757
			3.33333333333333	-1.94209039548023
			3.33333333333333	-1.94915254237288
			3.34039548022599	-1.95621468926554
			3.34745762711864	-1.96327683615819
			3.34745762711864	-1.97033898305085
			3.3545197740113	-1.9774011299435
			3.36158192090395	-1.98446327683616
			3.36158192090395	-1.99152542372881
			3.36864406779661	-1.99858757062147
			3.36864406779661	-2.00564971751412
			3.37570621468927	-2.01271186440678
			3.37570621468927	-2.01977401129944
			3.38276836158192	-2.02683615819209
			3.38276836158192	-2.03389830508475
			3.38983050847458	-2.0409604519774
			3.38983050847458	-2.04802259887006
			3.39689265536723	-2.05508474576271
			3.39689265536723	-2.06214689265537
			3.39689265536723	-2.06920903954802
			3.40395480225989	-2.07627118644068
			3.40395480225989	-2.08333333333333
			3.41101694915254	-2.09039548022599
			3.41101694915254	-2.09745762711864
			3.41101694915254	-2.1045197740113
			3.4180790960452	-2.11158192090395
			3.4180790960452	-2.11864406779661
			3.42514124293785	-2.12570621468927
			3.42514124293785	-2.13276836158192
			3.42514124293785	-2.13983050847458
			3.43220338983051	-2.14689265536723
			3.43220338983051	-2.15395480225989
			3.43220338983051	-2.16101694915254
			3.43926553672316	-2.1680790960452
			3.43926553672316	-2.17514124293785
			3.43926553672316	-2.18220338983051
			3.43926553672316	-2.18926553672316
			3.44632768361582	-2.19632768361582
			3.44632768361582	-2.20338983050847
			3.44632768361582	-2.21045197740113
			3.45338983050847	-2.21751412429379
			3.45338983050847	-2.22457627118644
			3.45338983050847	-2.2316384180791
			3.45338983050847	-2.23870056497175
			3.45338983050847	-2.24576271186441
			3.45338983050847	-2.25282485875706
			3.45338983050847	-2.25988700564972
			3.46045197740113	-2.26694915254237
			3.46045197740113	-2.27401129943503
			3.46045197740113	-2.28107344632768
			3.46045197740113	-2.28813559322034
			3.46045197740113	-2.29519774011299
			3.46045197740113	-2.30225988700565
			3.46045197740113	-2.3093220338983
			3.46751412429379	-2.3093220338983
			3.46751412429379	-2.31638418079096
			3.46751412429379	-2.32344632768362
			3.46751412429379	-2.33050847457627
			3.46751412429379	-2.33757062146893
			3.46751412429379	-2.34463276836158
			3.46751412429379	-2.35169491525424
			3.47457627118644	-2.35875706214689
			3.47457627118644	-2.36581920903955
			3.47457627118644	-2.3728813559322
			3.47457627118644	-2.37994350282486
			3.47457627118644	-2.38700564971751
			3.4816384180791	-2.39406779661017
			3.4816384180791	-2.40112994350282
			3.4816384180791	-2.40819209039548
			3.4816384180791	-2.41525423728814
			3.4816384180791	-2.42231638418079
			3.48870056497175	-2.42937853107345
			3.48870056497175	-2.4364406779661
			3.48870056497175	-2.44350282485876
			3.48870056497175	-2.45056497175141
			3.49576271186441	-2.45762711864407
			3.49576271186441	-2.46468926553672
			3.49576271186441	-2.47175141242938
			3.49576271186441	-2.47881355932203
			3.50282485875706	-2.48587570621469
			3.50282485875706	-2.49293785310734
			3.50282485875706	-2.5
			3.50282485875706	-2.50706214689266
			3.50988700564972	-2.51412429378531
			3.50988700564972	-2.52118644067797
			3.50988700564972	-2.52824858757062
			3.51694915254237	-2.53531073446328
			3.51694915254237	-2.54237288135593
			3.51694915254237	-2.54943502824859
			3.52401129943503	-2.55649717514124
			3.52401129943503	-2.5635593220339
			3.52401129943503	-2.57062146892655
			3.52401129943503	-2.57768361581921
			3.53107344632768	-2.58474576271186
			3.53107344632768	-2.59180790960452
			3.53813559322034	-2.59887005649718
			3.53813559322034	-2.60593220338983
			3.53813559322034	-2.61299435028249
			3.54519774011299	-2.62005649717514
			3.54519774011299	-2.6271186440678
			3.54519774011299	-2.63418079096045
			3.55225988700565	-2.64124293785311
			3.55225988700565	-2.64830508474576
			3.55225988700565	-2.65536723163842
			3.5593220338983	-2.66242937853107
			3.5593220338983	-2.66949152542373
			3.56638418079096	-2.66949152542373
			3.56638418079096	-2.67655367231638
			3.56638418079096	-2.68361581920904
			3.57344632768362	-2.6906779661017
			3.57344632768362	-2.69774011299435
			3.57344632768362	-2.70480225988701
			3.58050847457627	-2.71186440677966
			3.58050847457627	-2.71892655367232
			3.58757062146893	-2.72598870056497
			3.59463276836158	-2.73305084745763
			3.60169491525424	-2.72598870056497
			3.60169491525424	-2.71892655367232
			3.60169491525424	-2.71186440677966
			3.60169491525424	-2.70480225988701
			3.60875706214689	-2.69774011299435
			3.60875706214689	-2.6906779661017
			3.60875706214689	-2.68361581920904
			3.60875706214689	-2.67655367231638
			3.61581920903955	-2.66949152542373
			3.61581920903955	-2.66242937853107
			3.61581920903955	-2.65536723163842
			3.61581920903955	-2.64830508474576
			3.6228813559322	-2.64124293785311
			3.6228813559322	-2.63418079096045
			3.6228813559322	-2.6271186440678
			3.6228813559322	-2.62005649717514
			3.62994350282486	-2.61299435028249
			3.62994350282486	-2.60593220338983
			3.62994350282486	-2.59887005649718
			3.62994350282486	-2.59180790960452
			3.63700564971751	-2.58474576271186
			3.63700564971751	-2.57768361581921
			3.63700564971751	-2.57062146892655
			3.63700564971751	-2.5635593220339
			3.64406779661017	-2.55649717514124
			3.64406779661017	-2.54943502824859
			3.64406779661017	-2.54237288135593
			3.64406779661017	-2.53531073446328
			3.65112994350282	-2.52824858757062
			3.65112994350282	-2.52118644067797
			3.65112994350282	-2.51412429378531
			3.65112994350282	-2.50706214689266
			3.65819209039548	-2.5
			3.65819209039548	-2.49293785310734
			3.65819209039548	-2.48587570621469
			3.65819209039548	-2.47881355932203
			3.65819209039548	-2.47175141242938
			3.66525423728814	-2.46468926553672
			3.66525423728814	-2.45762711864407
			3.66525423728814	-2.45056497175141
			3.66525423728814	-2.44350282485876
			3.67231638418079	-2.4364406779661
			3.67231638418079	-2.42937853107345
			3.67231638418079	-2.42231638418079
			3.67231638418079	-2.41525423728814
			3.67937853107345	-2.40819209039548
			3.67937853107345	-2.40112994350282
			3.67937853107345	-2.39406779661017
			3.67937853107345	-2.38700564971751
			3.6864406779661	-2.37994350282486
			3.6864406779661	-2.3728813559322
			3.6864406779661	-2.36581920903955
			3.6864406779661	-2.35875706214689
			3.6864406779661	-2.35169491525424
			3.69350282485876	-2.35169491525424
			3.69350282485876	-2.34463276836158
			3.69350282485876	-2.33757062146893
			3.69350282485876	-2.33050847457627
			3.69350282485876	-2.32344632768362
			3.70056497175141	-2.32344632768362
			3.70056497175141	-2.31638418079096
			3.70056497175141	-2.3093220338983
			3.70056497175141	-2.30225988700565
			3.70056497175141	-2.29519774011299
			3.70762711864407	-2.29519774011299
			3.70762711864407	-2.28813559322034
			3.70762711864407	-2.28107344632768
			3.70762711864407	-2.27401129943503
			3.70762711864407	-2.26694915254237
			3.71468926553672	-2.25988700564972
			3.71468926553672	-2.25282485875706
			3.71468926553672	-2.24576271186441
			3.71468926553672	-2.23870056497175
			3.72175141242938	-2.2316384180791
			3.72175141242938	-2.22457627118644
			3.72175141242938	-2.21751412429379
			3.72175141242938	-2.21045197740113
			3.72881355932203	-2.20338983050847
			3.72881355932203	-2.19632768361582
			3.72881355932203	-2.18926553672316
			3.72881355932203	-2.18220338983051
			3.73587570621469	-2.17514124293785
			3.73587570621469	-2.1680790960452
			3.73587570621469	-2.16101694915254
			3.73587570621469	-2.15395480225989
			3.73587570621469	-2.14689265536723
			3.74293785310734	-2.13983050847458
			3.74293785310734	-2.13276836158192
			3.74293785310734	-2.12570621468927
			3.74293785310734	-2.11864406779661
			3.75	-2.11158192090395
			3.75	-2.1045197740113
			3.75	-2.09745762711864
			3.75	-2.09039548022599
			3.75706214689266	-2.08333333333333
			3.75706214689266	-2.07627118644068
			3.75706214689266	-2.06920903954802
			3.75706214689266	-2.06214689265537
			3.76412429378531	-2.06214689265537
			3.76412429378531	-2.05508474576271
			3.76412429378531	-2.04802259887006
			3.77118644067797	-2.0409604519774
			3.77118644067797	-2.03389830508475
			3.77824858757062	-2.02683615819209
			3.77824858757062	-2.01977401129944
			3.78531073446328	-2.01271186440678
			3.78531073446328	-2.00564971751412
			3.79237288135593	-2.00564971751412
			3.79237288135593	-1.99858757062147
			3.79943502824859	-1.99152542372881
			3.79943502824859	-1.98446327683616
			3.80649717514124	-1.98446327683616
			3.80649717514124	-1.9774011299435
			3.8135593220339	-1.97033898305085
			3.82062146892655	-1.96327683615819
			3.82768361581921	-1.95621468926554
			3.83474576271186	-1.94915254237288
			3.84180790960452	-1.94209039548023
			3.84887005649718	-1.93502824858757
			3.85593220338983	-1.93502824858757
			3.86299435028249	-1.92796610169492
			3.87005649717514	-1.92796610169492
			3.8771186440678	-1.92090395480226
			3.88418079096045	-1.9138418079096
			3.89124293785311	-1.9138418079096
			3.89830508474576	-1.9138418079096
			3.90536723163842	-1.90677966101695
			3.91242937853107	-1.90677966101695
			3.91949152542373	-1.9138418079096
			3.91949152542373	-1.92090395480226
			3.92655367231638	-1.92796610169492
			3.93361581920904	-1.93502824858757
			3.93361581920904	-1.94209039548023
			3.9406779661017	-1.94915254237288
			3.9406779661017	-1.95621468926554
			3.9406779661017	-1.96327683615819
			3.94774011299435	-1.97033898305085
			3.95480225988701	-1.9774011299435
			3.95480225988701	-1.98446327683616
			3.95480225988701	-1.99152542372881
			3.96186440677966	-1.99858757062147
			3.96186440677966	-2.00564971751412
			3.96892655367232	-2.01271186440678
			3.96892655367232	-2.01977401129944
			3.97598870056497	-2.02683615819209
			3.97598870056497	-2.03389830508475
			3.97598870056497	-2.0409604519774
			3.98305084745763	-2.04802259887006
			3.98305084745763	-2.05508474576271
			3.98305084745763	-2.06214689265537
			3.98305084745763	-2.06920903954802
			3.99011299435028	-2.07627118644068
			3.99011299435028	-2.08333333333333
			3.99717514124294	-2.09039548022599
			3.99717514124294	-2.09745762711864
			3.99717514124294	-2.1045197740113
			4.00423728813559	-2.11158192090395
			4.00423728813559	-2.11864406779661
			4.00423728813559	-2.12570621468927
			4.00423728813559	-2.13276836158192
			4.01129943502825	-2.13983050847458
			4.01129943502825	-2.14689265536723
			4.0183615819209	-2.15395480225989
			4.0183615819209	-2.16101694915254
			4.0183615819209	-2.1680790960452
			4.0183615819209	-2.17514124293785
			4.02542372881356	-2.18220338983051
			4.02542372881356	-2.18926553672316
			4.02542372881356	-2.19632768361582
			4.02542372881356	-2.20338983050847
			4.03248587570621	-2.20338983050847
			4.03248587570621	-2.21045197740113
			4.03248587570621	-2.21751412429379
			4.03248587570621	-2.22457627118644
			4.03248587570621	-2.2316384180791
			4.03954802259887	-2.23870056497175
			4.03954802259887	-2.24576271186441
			4.03954802259887	-2.25282485875706
			4.04661016949153	-2.25988700564972
			4.04661016949153	-2.26694915254237
			4.04661016949153	-2.27401129943503
			4.04661016949153	-2.28107344632768
			4.05367231638418	-2.28813559322034
			4.05367231638418	-2.29519774011299
			4.05367231638418	-2.30225988700565
			4.05367231638418	-2.3093220338983
			4.05367231638418	-2.31638418079096
			4.06073446327684	-2.32344632768362
			4.06073446327684	-2.33050847457627
			4.06073446327684	-2.33757062146893
			4.06779661016949	-2.34463276836158
			4.06779661016949	-2.35169491525424
			4.06779661016949	-2.35875706214689
			4.06779661016949	-2.36581920903955
			4.07485875706215	-2.3728813559322
			4.07485875706215	-2.37994350282486
			4.07485875706215	-2.38700564971751
			4.07485875706215	-2.39406779661017
			4.07485875706215	-2.40112994350282
			4.0819209039548	-2.40819209039548
			4.0819209039548	-2.41525423728814
			4.0819209039548	-2.42231638418079
			4.0819209039548	-2.42937853107345
			4.0819209039548	-2.4364406779661
			4.0819209039548	-2.44350282485876
			4.0819209039548	-2.45056497175141
			4.0819209039548	-2.45762711864407
			4.08898305084746	-2.46468926553672
			4.08898305084746	-2.47175141242938
			4.08898305084746	-2.47881355932203
			4.08898305084746	-2.48587570621469
			4.08898305084746	-2.49293785310734
			4.08898305084746	-2.5
			4.08898305084746	-2.50706214689266
			4.08898305084746	-2.51412429378531
			4.08898305084746	-2.52118644067797
			4.09604519774011	-2.52824858757062
			4.09604519774011	-2.53531073446328
			4.09604519774011	-2.54237288135593
			4.09604519774011	-2.54943502824859
			4.09604519774011	-2.55649717514124
			4.09604519774011	-2.5635593220339
			4.09604519774011	-2.57062146892655
			4.09604519774011	-2.57768361581921
			4.09604519774011	-2.58474576271186
			4.09604519774011	-2.59180790960452
			4.10310734463277	-2.59887005649718
			4.10310734463277	-2.60593220338983
			4.10310734463277	-2.61299435028249
			4.10310734463277	-2.62005649717514
			4.10310734463277	-2.6271186440678
			4.10310734463277	-2.63418079096045
			4.10310734463277	-2.64124293785311
			4.10310734463277	-2.64830508474576
			4.11016949152542	-2.65536723163842
			4.11016949152542	-2.66242937853107
			4.11016949152542	-2.66949152542373
			4.11016949152542	-2.67655367231638
			4.11016949152542	-2.68361581920904
			4.11016949152542	-2.6906779661017
			4.11016949152542	-2.69774011299435
			4.11016949152542	-2.70480225988701
			4.11723163841808	-2.71186440677966
			4.11723163841808	-2.71892655367232
			4.11723163841808	-2.72598870056497
			4.11723163841808	-2.73305084745763
			4.11723163841808	-2.74011299435028
			4.11723163841808	-2.74717514124294
			4.11723163841808	-2.75423728813559
			4.11723163841808	-2.76129943502825
			4.12429378531073	-2.7683615819209
			4.12429378531073	-2.77542372881356
			4.12429378531073	-2.78248587570621
			4.12429378531073	-2.78954802259887
			4.12429378531073	-2.79661016949153
			4.12429378531073	-2.80367231638418
			4.12429378531073	-2.81073446327684
			4.12429378531073	-2.81779661016949
			4.13135593220339	-2.82485875706215
			4.13135593220339	-2.8319209039548
			4.13135593220339	-2.83898305084746
			4.13135593220339	-2.84604519774011
			4.13135593220339	-2.85310734463277
			4.13135593220339	-2.86016949152542
			4.13135593220339	-2.86723163841808
			4.13841807909604	-2.87429378531073
			4.13841807909604	-2.88135593220339
			4.13841807909604	-2.88841807909604
			4.13841807909604	-2.8954802259887
			4.13841807909604	-2.90254237288136
			4.13841807909604	-2.90960451977401
			4.13841807909604	-2.91666666666667
			4.1454802259887	-2.92372881355932
			4.1454802259887	-2.93079096045198
			4.1454802259887	-2.93785310734463
			4.1454802259887	-2.94491525423729
			4.1454802259887	-2.95197740112994
			4.1454802259887	-2.9590395480226
			4.1454802259887	-2.96610169491525
			4.15254237288136	-2.97316384180791
			4.15254237288136	-2.98022598870056
			4.15254237288136	-2.98728813559322
			4.15254237288136	-2.99435028248588
			4.15254237288136	-3.00141242937853
			4.15254237288136	-3.00847457627119
			4.15254237288136	-3.01553672316384
			4.15960451977401	-3.0225988700565
			4.15960451977401	-3.02966101694915
			4.15960451977401	-3.03672316384181
			4.15960451977401	-3.04378531073446
			4.15960451977401	-3.05084745762712
			4.15960451977401	-3.05790960451977
			4.15960451977401	-3.06497175141243
			4.16666666666667	-3.07203389830508
			4.16666666666667	-3.07909604519774
			4.16666666666667	-3.0861581920904
			4.16666666666667	-3.09322033898305
			4.16666666666667	-3.10028248587571
			4.16666666666667	-3.10734463276836
			4.17372881355932	-3.11440677966102
			4.17372881355932	-3.12146892655367
			4.17372881355932	-3.12853107344633
			4.17372881355932	-3.13559322033898
			4.17372881355932	-3.14265536723164
			4.17372881355932	-3.14971751412429
			4.18079096045198	-3.15677966101695
			4.18079096045198	-3.1638418079096
			4.18079096045198	-3.17090395480226
			4.18079096045198	-3.17796610169492
			4.18079096045198	-3.18502824858757
			4.18079096045198	-3.19209039548023
			4.18785310734463	-3.19915254237288
			4.18785310734463	-3.20621468926554
			4.18785310734463	-3.21327683615819
			4.18785310734463	-3.22033898305085
			4.18785310734463	-3.2274011299435
			4.18785310734463	-3.23446327683616
			4.19491525423729	-3.24152542372881
			4.19491525423729	-3.24858757062147
			4.19491525423729	-3.25564971751412
			4.19491525423729	-3.26271186440678
			4.19491525423729	-3.26977401129944
			4.19491525423729	-3.27683615819209
			4.20197740112994	-3.28389830508475
			4.20197740112994	-3.2909604519774
			4.20197740112994	-3.29802259887006
			4.20197740112994	-3.30508474576271
			4.20197740112994	-3.31214689265537
			4.2090395480226	-3.31920903954802
			4.2090395480226	-3.32627118644068
			4.2090395480226	-3.33333333333333
			4.2090395480226	-3.34039548022599
			4.2090395480226	-3.34745762711864
			4.2090395480226	-3.3545197740113
			4.21610169491525	-3.36158192090395
			4.21610169491525	-3.36864406779661
			4.21610169491525	-3.37570621468927
			4.22316384180791	-3.38276836158192
			4.22316384180791	-3.38983050847458
			4.22316384180791	-3.39689265536723
			4.22316384180791	-3.40395480225989
			4.23022598870056	-3.41101694915254
			4.23022598870056	-3.4180790960452
			4.23022598870056	-3.42514124293785
			4.23022598870056	-3.43220338983051
			4.23728813559322	-3.43926553672316
			4.23728813559322	-3.44632768361582
			4.23728813559322	-3.45338983050847
			4.24435028248588	-3.46045197740113
			4.24435028248588	-3.46751412429379
			4.24435028248588	-3.47457627118644
			4.24435028248588	-3.4816384180791
			4.25141242937853	-3.48870056497175
			4.25141242937853	-3.49576271186441
			4.25847457627119	-3.50282485875706
			4.25847457627119	-3.50988700564972
			4.25847457627119	-3.51694915254237
			4.26553672316384	-3.52401129943503
			4.26553672316384	-3.53107344632768
			4.2725988700565	-3.53813559322034
			4.2725988700565	-3.54519774011299
			4.27966101694915	-3.55225988700565
			4.27966101694915	-3.5593220338983
			4.28672316384181	-3.56638418079096
			4.28672316384181	-3.57344632768362
			4.29378531073446	-3.57344632768362
			4.30084745762712	-3.58050847457627
			4.30790960451977	-3.58050847457627
			4.31497175141243	-3.58050847457627
			4.32203389830508	-3.57344632768362
			4.32909604519774	-3.56638418079096
			4.32909604519774	-3.5593220338983
			4.32909604519774	-3.55225988700565
			4.32909604519774	-3.54519774011299
			4.32909604519774	-3.53813559322034
			4.3361581920904	-3.53107344632768
			4.3361581920904	-3.52401129943503
			4.3361581920904	-3.51694915254237
			4.3361581920904	-3.50988700564972
			4.3361581920904	-3.50282485875706
			4.3361581920904	-3.49576271186441
			4.34322033898305	-3.48870056497175
			4.34322033898305	-3.4816384180791
			4.34322033898305	-3.47457627118644
			4.34322033898305	-3.46751412429379
			4.34322033898305	-3.46045197740113
			4.34322033898305	-3.45338983050847
			4.34322033898305	-3.44632768361582
			4.35028248587571	-3.43926553672316
			4.35028248587571	-3.43220338983051
			4.35028248587571	-3.42514124293785
			4.35028248587571	-3.4180790960452
			4.35028248587571	-3.41101694915254
			4.35028248587571	-3.40395480225989
			4.35028248587571	-3.39689265536723
			4.35734463276836	-3.38983050847458
			4.35734463276836	-3.38276836158192
			4.35734463276836	-3.37570621468927
			4.35734463276836	-3.36864406779661
			4.35734463276836	-3.36158192090395
			4.35734463276836	-3.3545197740113
			4.35734463276836	-3.34745762711864
			4.35734463276836	-3.34039548022599
			4.35734463276836	-3.33333333333333
			4.36440677966102	-3.32627118644068
			4.36440677966102	-3.31920903954802
			4.36440677966102	-3.31214689265537
			4.36440677966102	-3.30508474576271
			4.36440677966102	-3.29802259887006
			4.36440677966102	-3.2909604519774
			4.36440677966102	-3.28389830508475
			4.36440677966102	-3.27683615819209
			4.37146892655367	-3.26977401129944
			4.37146892655367	-3.26271186440678
			4.37146892655367	-3.25564971751412
			4.37146892655367	-3.24858757062147
			4.37146892655367	-3.24152542372881
			4.37146892655367	-3.23446327683616
			4.37146892655367	-3.2274011299435
			4.37146892655367	-3.22033898305085
			4.37146892655367	-3.21327683615819
			4.37146892655367	-3.20621468926554
			4.37853107344633	-3.19915254237288
			4.37853107344633	-3.19209039548023
			4.37853107344633	-3.18502824858757
			4.37853107344633	-3.17796610169492
			4.37853107344633	-3.17090395480226
			4.37853107344633	-3.1638418079096
			4.37853107344633	-3.15677966101695
			4.37853107344633	-3.14971751412429
			4.37853107344633	-3.14265536723164
			4.37853107344633	-3.13559322033898
			4.38559322033898	-3.12853107344633
			4.38559322033898	-3.12146892655367
			4.38559322033898	-3.11440677966102
			4.38559322033898	-3.10734463276836
			4.38559322033898	-3.10028248587571
			4.38559322033898	-3.09322033898305
			4.38559322033898	-3.0861581920904
			4.38559322033898	-3.07909604519774
			4.38559322033898	-3.07203389830508
			4.38559322033898	-3.06497175141243
			4.39265536723164	-3.05790960451977
			4.39265536723164	-3.05084745762712
			4.39265536723164	-3.04378531073446
			4.39265536723164	-3.03672316384181
			4.39265536723164	-3.02966101694915
			4.39265536723164	-3.0225988700565
			4.39265536723164	-3.01553672316384
			4.39265536723164	-3.00847457627119
			4.39265536723164	-3.00141242937853
			4.39265536723164	-2.99435028248588
			4.39265536723164	-2.98728813559322
			4.39265536723164	-2.98022598870056
			4.39971751412429	-2.97316384180791
			4.39971751412429	-2.96610169491525
			4.39971751412429	-2.9590395480226
			4.39971751412429	-2.95197740112994
			4.39971751412429	-2.94491525423729
			4.39971751412429	-2.93785310734463
			4.39971751412429	-2.93079096045198
			4.39971751412429	-2.92372881355932
			4.39971751412429	-2.91666666666667
			4.39971751412429	-2.90960451977401
			4.39971751412429	-2.90254237288136
			4.39971751412429	-2.8954802259887
			4.39971751412429	-2.88841807909604
			4.40677966101695	-2.88135593220339
			4.40677966101695	-2.87429378531073
			4.40677966101695	-2.86723163841808
			4.40677966101695	-2.86016949152542
			4.40677966101695	-2.85310734463277
			4.40677966101695	-2.84604519774011
			4.40677966101695	-2.83898305084746
			4.40677966101695	-2.8319209039548
			4.40677966101695	-2.82485875706215
			4.40677966101695	-2.81779661016949
			4.40677966101695	-2.81073446327684
			4.40677966101695	-2.80367231638418
			4.40677966101695	-2.79661016949153
			4.4138418079096	-2.78954802259887
			4.4138418079096	-2.78248587570621
			4.4138418079096	-2.77542372881356
			4.4138418079096	-2.7683615819209
			4.4138418079096	-2.76129943502825
			4.4138418079096	-2.75423728813559
			4.4138418079096	-2.74717514124294
			4.4138418079096	-2.74011299435028
			4.4138418079096	-2.73305084745763
			4.4138418079096	-2.72598870056497
			4.4138418079096	-2.71892655367232
			4.4138418079096	-2.71186440677966
			4.4138418079096	-2.70480225988701
			4.4138418079096	-2.69774011299435
			4.4138418079096	-2.6906779661017
			4.4138418079096	-2.68361581920904
			4.4138418079096	-2.67655367231638
			4.4138418079096	-2.66949152542373
			4.42090395480226	-2.66242937853107
			4.42090395480226	-2.65536723163842
			4.42090395480226	-2.64830508474576
			4.42090395480226	-2.64124293785311
			4.42090395480226	-2.63418079096045
			4.42090395480226	-2.6271186440678
			4.42090395480226	-2.62005649717514
			4.42090395480226	-2.61299435028249
			4.42090395480226	-2.60593220338983
			4.42090395480226	-2.59887005649718
			4.42090395480226	-2.59180790960452
			4.42090395480226	-2.58474576271186
			4.42090395480226	-2.57768361581921
			4.42090395480226	-2.57062146892655
			4.42090395480226	-2.5635593220339
			4.42090395480226	-2.55649717514124
			4.42090395480226	-2.54943502824859
			4.42090395480226	-2.54237288135593
			4.42090395480226	-2.53531073446328
			4.42090395480226	-2.52824858757062
			4.42090395480226	-2.52118644067797
			4.42090395480226	-2.51412429378531
			4.42090395480226	-2.50706214689266
			4.42796610169492	-2.50706214689266
			4.42796610169492	-2.5
			4.42796610169492	-2.49293785310734
			4.42796610169492	-2.48587570621469
			4.42796610169492	-2.47881355932203
			4.42796610169492	-2.47175141242938
			4.42796610169492	-2.46468926553672
			4.42796610169492	-2.45762711864407
			4.42796610169492	-2.45056497175141
			4.42796610169492	-2.44350282485876
			4.42796610169492	-2.4364406779661
			4.42796610169492	-2.42937853107345
			4.42796610169492	-2.42231638418079
			4.42796610169492	-2.41525423728814
			4.42796610169492	-2.40819209039548
			4.42796610169492	-2.40112994350282
			4.42796610169492	-2.39406779661017
			4.42796610169492	-2.38700564971751
			4.42796610169492	-2.37994350282486
			4.42796610169492	-2.3728813559322
			4.42796610169492	-2.36581920903955
			4.42796610169492	-2.35875706214689
			4.42796610169492	-2.35169491525424
			4.42796610169492	-2.34463276836158
			4.42796610169492	-2.33757062146893
			4.42796610169492	-2.33050847457627
			4.42796610169492	-2.32344632768362
			4.43502824858757	-2.31638418079096
			4.43502824858757	-2.3093220338983
			4.43502824858757	-2.30225988700565
			4.43502824858757	-2.29519774011299
			4.43502824858757	-2.28813559322034
			4.43502824858757	-2.28107344632768
			4.43502824858757	-2.27401129943503
			4.43502824858757	-2.26694915254237
			4.43502824858757	-2.25988700564972
			4.43502824858757	-2.25282485875706
			4.43502824858757	-2.24576271186441
			4.43502824858757	-2.23870056497175
			4.43502824858757	-2.2316384180791
			4.43502824858757	-2.22457627118644
			4.43502824858757	-2.21751412429379
			4.43502824858757	-2.21045197740113
			4.43502824858757	-2.20338983050847
			4.43502824858757	-2.19632768361582
			4.43502824858757	-2.18926553672316
			4.43502824858757	-2.18220338983051
			4.43502824858757	-2.17514124293785
			4.43502824858757	-2.1680790960452
			4.43502824858757	-2.16101694915254
			4.43502824858757	-2.15395480225989
			4.43502824858757	-2.14689265536723
			4.43502824858757	-2.13983050847458
			4.43502824858757	-2.13276836158192
			4.43502824858757	-2.12570621468927
			4.43502824858757	-2.11864406779661
			4.43502824858757	-2.11158192090395
			4.43502824858757	-2.1045197740113
			4.43502824858757	-2.09745762711864
			4.43502824858757	-2.09039548022599
			4.43502824858757	-2.08333333333333
			4.44209039548023	-2.07627118644068
			4.44209039548023	-2.06920903954802
			4.44209039548023	-2.06214689265537
			4.44209039548023	-2.05508474576271
			4.44209039548023	-2.04802259887006
			4.44209039548023	-2.0409604519774
			4.44209039548023	-2.03389830508475
			4.44209039548023	-2.02683615819209
			4.44209039548023	-2.01977401129944
			4.44209039548023	-2.01271186440678
			4.44209039548023	-2.00564971751412
			4.44209039548023	-1.99858757062147
			4.44209039548023	-1.99152542372881
			4.44209039548023	-1.98446327683616
			4.44209039548023	-1.9774011299435
			4.44209039548023	-1.97033898305085
			4.44209039548023	-1.96327683615819
			4.44209039548023	-1.95621468926554
			4.44209039548023	-1.94915254237288
			4.44209039548023	-1.94209039548023
			4.44209039548023	-1.93502824858757
			4.44209039548023	-1.92796610169492
			4.44209039548023	-1.92090395480226
			4.44209039548023	-1.9138418079096
			4.44209039548023	-1.90677966101695
			4.44209039548023	-1.89971751412429
			4.44209039548023	-1.89265536723164
			4.44209039548023	-1.88559322033898
			4.44209039548023	-1.87853107344633
			4.44209039548023	-1.87146892655367
			4.44209039548023	-1.86440677966102
			4.44209039548023	-1.85734463276836
			4.44209039548023	-1.85028248587571
			4.44209039548023	-1.84322033898305
			4.44209039548023	-1.8361581920904
			4.44209039548023	-1.82909604519774
			4.44209039548023	-1.82203389830508
			4.44209039548023	-1.81497175141243
			4.44209039548023	-1.80790960451977
			4.44209039548023	-1.80084745762712
			4.44209039548023	-1.79378531073446
			4.44209039548023	-1.78672316384181
			4.44915254237288	-1.77966101694915
			4.44915254237288	-1.7725988700565
			4.45621468926554	-1.76553672316384
			4.45621468926554	-1.75847457627119
			4.46327683615819	-1.75141242937853
			4.46327683615819	-1.74435028248588
			4.47033898305085	-1.74435028248588
			4.47033898305085	-1.73728813559322
			4.4774011299435	-1.73022598870056
			4.4774011299435	-1.72316384180791
			4.4774011299435	-1.71610169491525
			4.48446327683616	-1.7090395480226
			4.48446327683616	-1.70197740112994
			4.49152542372881	-1.70197740112994
			4.49152542372881	-1.69491525423729
			4.49858757062147	-1.68785310734463
			4.49858757062147	-1.68079096045198
			4.50564971751412	-1.68079096045198
			4.50564971751412	-1.67372881355932
			4.51271186440678	-1.66666666666667
			4.51977401129944	-1.65960451977401
			4.52683615819209	-1.65254237288136
			4.52683615819209	-1.6454802259887
			4.53389830508475	-1.63841807909605
			4.53389830508475	-1.63135593220339
			4.5409604519774	-1.63135593220339
			4.54802259887006	-1.62429378531073
			4.54802259887006	-1.61723163841808
			4.55508474576271	-1.61723163841808
			4.55508474576271	-1.61016949152542
			4.56214689265537	-1.60310734463277
			4.56920903954802	-1.60310734463277
			4.56920903954802	-1.59604519774011
			4.57627118644068	-1.59604519774011
			4.58333333333333	-1.58898305084746
			4.59039548022599	-1.5819209039548
			4.59745762711864	-1.57485875706215
			4.6045197740113	-1.57485875706215
			4.61158192090396	-1.56779661016949
			4.61864406779661	-1.56779661016949
			4.62570621468927	-1.56073446327684
			4.63276836158192	-1.56073446327684
			4.63983050847458	-1.55367231638418
			4.64689265536723	-1.55367231638418
			4.64689265536723	-1.56073446327684
			4.65395480225989	-1.56779661016949
			4.65395480225989	-1.57485875706215
			4.65395480225989	-1.5819209039548
			4.66101694915254	-1.58898305084746
			4.66101694915254	-1.59604519774011
			4.66101694915254	-1.60310734463277
			4.66101694915254	-1.61016949152542
			4.66101694915254	-1.61723163841808
			4.6680790960452	-1.62429378531073
			4.6680790960452	-1.63135593220339
			4.6680790960452	-1.63841807909605
			4.67514124293785	-1.6454802259887
			4.67514124293785	-1.65254237288136
			4.67514124293785	-1.65960451977401
			4.68220338983051	-1.66666666666667
			4.68220338983051	-1.67372881355932
			4.68220338983051	-1.68079096045198
			4.68220338983051	-1.68785310734463
			4.68926553672316	-1.69491525423729
			4.68926553672316	-1.70197740112994
			4.68926553672316	-1.7090395480226
			4.68926553672316	-1.71610169491525
			4.69632768361582	-1.72316384180791
			4.69632768361582	-1.73022598870056
			4.69632768361582	-1.73728813559322
			4.70338983050847	-1.74435028248588
			4.70338983050847	-1.75141242937853
			4.70338983050847	-1.75847457627119
			4.70338983050847	-1.76553672316384
			4.71045197740113	-1.7725988700565
			4.71045197740113	-1.77966101694915
			4.71045197740113	-1.78672316384181
			4.71751412429379	-1.79378531073446
			4.71751412429379	-1.80084745762712
			4.71751412429379	-1.80790960451977
			4.71751412429379	-1.81497175141243
			4.72457627118644	-1.82203389830508
			4.72457627118644	-1.82909604519774
			4.72457627118644	-1.8361581920904
			4.72457627118644	-1.84322033898305
			4.7316384180791	-1.85028248587571
			4.7316384180791	-1.85734463276836
			4.7316384180791	-1.86440677966102
			4.73870056497175	-1.87146892655367
			4.73870056497175	-1.87853107344633
			4.73870056497175	-1.88559322033898
			4.73870056497175	-1.89265536723164
			4.74576271186441	-1.89971751412429
			4.74576271186441	-1.90677966101695
			4.74576271186441	-1.9138418079096
			4.75282485875706	-1.92090395480226
			4.75282485875706	-1.92796610169492
			4.75282485875706	-1.93502824858757
			4.75282485875706	-1.94209039548023
			4.75988700564972	-1.94915254237288
			4.75988700564972	-1.95621468926554
			4.75988700564972	-1.96327683615819
			4.75988700564972	-1.97033898305085
			4.76694915254237	-1.9774011299435
			4.76694915254237	-1.98446327683616
			4.76694915254237	-1.99152542372881
			4.77401129943503	-1.99858757062147
			4.77401129943503	-2.00564971751412
			4.77401129943503	-2.01271186440678
			4.78107344632768	-2.01271186440678
			4.78813559322034	-2.01271186440678
			4.79519774011299	-2.01271186440678
			4.80225988700565	-2.01271186440678
			4.80932203389831	-2.01271186440678
			4.81638418079096	-2.00564971751412
			4.82344632768362	-1.99858757062147
			4.83050847457627	-1.99152542372881
			4.83757062146893	-1.98446327683616
			4.84463276836158	-1.9774011299435
			4.84463276836158	-1.97033898305085
			4.85169491525424	-1.96327683615819
			4.85169491525424	-1.95621468926554
			4.85875706214689	-1.94915254237288
			4.85875706214689	-1.94209039548023
			4.85875706214689	-1.93502824858757
			4.86581920903955	-1.92796610169492
			4.86581920903955	-1.92090395480226
			4.86581920903955	-1.9138418079096
			4.8728813559322	-1.90677966101695
			4.8728813559322	-1.89971751412429
			4.8728813559322	-1.89265536723164
			4.87994350282486	-1.88559322033898
			4.87994350282486	-1.87853107344633
			4.87994350282486	-1.87146892655367
			4.87994350282486	-1.86440677966102
			4.88700564971751	-1.85734463276836
			4.88700564971751	-1.85028248587571
			4.88700564971751	-1.84322033898305
			4.88700564971751	-1.8361581920904
			4.88700564971751	-1.82909604519774
			4.89406779661017	-1.82203389830508
			4.89406779661017	-1.81497175141243
			4.89406779661017	-1.80790960451977
			4.89406779661017	-1.80084745762712
			4.90112994350283	-1.79378531073446
			4.90112994350283	-1.78672316384181
			4.90112994350283	-1.77966101694915
			4.90112994350283	-1.7725988700565
			4.90112994350283	-1.76553672316384
			4.90112994350283	-1.75847457627119
			4.90819209039548	-1.75141242937853
			4.90819209039548	-1.74435028248588
			4.90819209039548	-1.73728813559322
			4.90819209039548	-1.73022598870056
			4.90819209039548	-1.72316384180791
			4.90819209039548	-1.71610169491525
			4.91525423728814	-1.7090395480226
			4.91525423728814	-1.70197740112994
			4.91525423728814	-1.69491525423729
			4.91525423728814	-1.68785310734463
			4.91525423728814	-1.68079096045198
			4.91525423728814	-1.67372881355932
			4.91525423728814	-1.66666666666667
			4.91525423728814	-1.65960451977401
			4.92231638418079	-1.65960451977401
			4.92231638418079	-1.65254237288136
			4.92231638418079	-1.6454802259887
			4.92231638418079	-1.63841807909605
			4.92231638418079	-1.63135593220339
			4.92231638418079	-1.62429378531073
			4.92231638418079	-1.61723163841808
			4.92231638418079	-1.61016949152542
			4.92231638418079	-1.60310734463277
			4.92231638418079	-1.59604519774011
			4.92231638418079	-1.58898305084746
			4.92231638418079	-1.5819209039548
			4.92231638418079	-1.57485875706215
			4.92231638418079	-1.56779661016949
			4.92937853107345	-1.56073446327684
			4.92937853107345	-1.55367231638418
			4.92937853107345	-1.54661016949153
			4.92937853107345	-1.53954802259887
			4.92937853107345	-1.53248587570621
			4.92937853107345	-1.52542372881356
			4.92937853107345	-1.5183615819209
			4.92937853107345	-1.51129943502825
			4.92937853107345	-1.50423728813559
			4.92937853107345	-1.49717514124294
			4.92937853107345	-1.49011299435028
			4.92937853107345	-1.48305084745763
			4.92937853107345	-1.47598870056497
			4.92937853107345	-1.46892655367232
			4.92937853107345	-1.46186440677966
			4.9364406779661	-1.45480225988701
			4.9364406779661	-1.44774011299435
			4.9364406779661	-1.44067796610169
			4.9364406779661	-1.43361581920904
			4.9364406779661	-1.42655367231638
			4.9364406779661	-1.41949152542373
			4.9364406779661	-1.41242937853107
			4.9364406779661	-1.40536723163842
			4.9364406779661	-1.39830508474576
			4.9364406779661	-1.39124293785311
			4.9364406779661	-1.38418079096045
			4.9364406779661	-1.3771186440678
			4.94350282485876	-1.37005649717514
			4.94350282485876	-1.36299435028249
			4.94350282485876	-1.35593220338983
			4.94350282485876	-1.34887005649718
			4.94350282485876	-1.34180790960452
			4.94350282485876	-1.33474576271186
			4.94350282485876	-1.32768361581921
			4.94350282485876	-1.32062146892655
			4.94350282485876	-1.3135593220339
			4.94350282485876	-1.30649717514124
			4.95056497175141	-1.29943502824859
			4.95056497175141	-1.29237288135593
			4.95056497175141	-1.28531073446328
			4.95056497175141	-1.27824858757062
			4.95056497175141	-1.27118644067797
			4.95056497175141	-1.26412429378531
			4.95056497175141	-1.25706214689266
			4.95056497175141	-1.25
			4.95762711864407	-1.24293785310734
			4.95762711864407	-1.23587570621469
			4.95762711864407	-1.22881355932203
			4.95762711864407	-1.22175141242938
			4.95762711864407	-1.21468926553672
			4.95762711864407	-1.20762711864407
			4.95762711864407	-1.20056497175141
			4.96468926553672	-1.19350282485876
			4.96468926553672	-1.1864406779661
			4.96468926553672	-1.17937853107345
			4.96468926553672	-1.17231638418079
			4.96468926553672	-1.16525423728814
			4.96468926553672	-1.15819209039548
			4.97175141242938	-1.15112994350282
			4.97175141242938	-1.14406779661017
			4.97175141242938	-1.13700564971751
			4.97175141242938	-1.12994350282486
			4.97175141242938	-1.1228813559322
			4.97175141242938	-1.11581920903955
			4.97881355932203	-1.10875706214689
			4.97881355932203	-1.10169491525424
			4.97881355932203	-1.09463276836158
			4.97881355932203	-1.08757062146893
			4.97881355932203	-1.08050847457627
			4.98587570621469	-1.07344632768362
			4.98587570621469	-1.06638418079096
			4.98587570621469	-1.05932203389831
			4.98587570621469	-1.05225988700565
			4.98587570621469	-1.04519774011299
			4.99293785310734	-1.03813559322034
			4.99293785310734	-1.03107344632768
			4.99293785310734	-1.02401129943503
			5	-1.01694915254237
			5	-1.00988700564972
			5	-1.00282485875706
			5	-0.995762711864407
			5.00706214689266	-0.988700564971751
			5.00706214689266	-0.981638418079096
			5.01412429378531	-0.974576271186441
			5.02118644067797	-0.974576271186441
			5.02824858757062	-0.967514124293785
			5.03531073446328	-0.96045197740113
			5.04237288135593	-0.953389830508475
			5.04943502824859	-0.946327683615819
			5.05649717514124	-0.939265536723164
			5.0635593220339	-0.939265536723164
			5.0635593220339	-0.932203389830508
			5.07062146892655	-0.925141242937853
			5.07768361581921	-0.918079096045198
			5.08474576271186	-0.911016949152542
			5.09180790960452	-0.903954802259887
			5.09887005649717	-0.896892655367232
			5.09887005649717	-0.889830508474576
			5.10593220338983	-0.882768361581921
			5.11299435028249	-0.875706214689266
			5.11299435028249	-0.86864406779661
			5.12005649717514	-0.861581920903955
			5.1271186440678	-0.854519774011299
			5.1271186440678	-0.847457627118644
			5.13418079096045	-0.840395480225989
			5.13418079096045	-0.833333333333333
			5.14124293785311	-0.826271186440678
			5.14124293785311	-0.819209039548023
			5.14830508474576	-0.812146892655367
			5.14830508474576	-0.805084745762712
			5.15536723163842	-0.798022598870056
			5.15536723163842	-0.790960451977401
			5.15536723163842	-0.783898305084746
			5.16242937853107	-0.783898305084746
			5.16242937853107	-0.77683615819209
			5.16242937853107	-0.769774011299435
			5.16242937853107	-0.76271186440678
			5.16949152542373	-0.755649717514124
			5.16949152542373	-0.748587570621469
			5.16242937853107	-0.741525423728814
			5.16242937853107	-0.734463276836158
			5.15536723163842	-0.727401129943503
			5.14830508474576	-0.720338983050847
			5.14124293785311	-0.713276836158192
			5.13418079096045	-0.706214689265537
			5.1271186440678	-0.699152542372881
			5.12005649717514	-0.692090395480226
			5.11299435028249	-0.685028248587571
			5.10593220338983	-0.677966101694915
			5.09887005649717	-0.67090395480226
			5.09180790960452	-0.663841807909605
			5.08474576271186	-0.663841807909605
			5.07768361581921	-0.656779661016949
			5.07062146892655	-0.649717514124294
			5.0635593220339	-0.642655367231638
			5.05649717514124	-0.642655367231638
			5.04943502824859	-0.635593220338983
			5.04237288135593	-0.628531073446328
			5.03531073446328	-0.621468926553672
			5.02824858757062	-0.621468926553672
			5.02118644067797	-0.614406779661017
			5.01412429378531	-0.607344632768362
			5.00706214689266	-0.607344632768362
			5	-0.600282485875706
			4.99293785310734	-0.593220338983051
			4.98587570621469	-0.586158192090395
			4.97881355932203	-0.586158192090395
			4.97175141242938	-0.586158192090395
			4.96468926553672	-0.57909604519774
			4.95762711864407	-0.572033898305085
			4.95056497175141	-0.572033898305085
			4.94350282485876	-0.564971751412429
			4.9364406779661	-0.564971751412429
			4.92937853107345	-0.557909604519774
			4.92231638418079	-0.557909604519774
			4.91525423728814	-0.550847457627119
			4.90819209039548	-0.550847457627119
			4.90112994350283	-0.543785310734463
			4.89406779661017	-0.543785310734463
			4.88700564971751	-0.536723163841808
			4.87994350282486	-0.536723163841808
			4.8728813559322	-0.529661016949153
			4.86581920903955	-0.529661016949153
			4.85875706214689	-0.522598870056497
			4.85169491525424	-0.522598870056497
			4.84463276836158	-0.515536723163842
			4.83757062146893	-0.515536723163842
			4.83050847457627	-0.508474576271186
			4.82344632768362	-0.508474576271186
			4.81638418079096	-0.508474576271186
			4.81638418079096	-0.501412429378531
			4.80932203389831	-0.501412429378531
			4.80225988700565	-0.501412429378531
			4.79519774011299	-0.494350282485876
			4.78813559322034	-0.494350282485876
			4.78107344632768	-0.494350282485876
			4.77401129943503	-0.48728813559322
			4.76694915254237	-0.48728813559322
			4.75988700564972	-0.480225988700565
			4.75282485875706	-0.480225988700565
			4.74576271186441	-0.480225988700565
			4.73870056497175	-0.480225988700565
			4.7316384180791	-0.480225988700565
			4.72457627118644	-0.47316384180791
			4.71751412429379	-0.47316384180791
			4.71045197740113	-0.47316384180791
			4.70338983050847	-0.47316384180791
			4.69632768361582	-0.47316384180791
			4.68926553672316	-0.47316384180791
			4.68220338983051	-0.47316384180791
			4.67514124293785	-0.47316384180791
			4.67514124293785	-0.466101694915254
			4.6680790960452	-0.466101694915254
			4.66101694915254	-0.466101694915254
			4.65395480225989	-0.466101694915254
			4.64689265536723	-0.466101694915254
			4.63983050847458	-0.466101694915254
			4.63276836158192	-0.466101694915254
			4.62570621468927	-0.466101694915254
			4.61864406779661	-0.466101694915254
			4.61158192090396	-0.459039548022599
			4.6045197740113	-0.459039548022599
			4.59745762711864	-0.459039548022599
			4.59039548022599	-0.459039548022599
			4.58333333333333	-0.459039548022599
			4.57627118644068	-0.459039548022599
			4.56920903954802	-0.459039548022599
			4.56214689265537	-0.459039548022599
			4.55508474576271	-0.459039548022599
			4.54802259887006	-0.459039548022599
			4.54802259887006	-0.451977401129944
			4.5409604519774	-0.451977401129944
			4.53389830508475	-0.451977401129944
			4.52683615819209	-0.451977401129944
			4.51977401129944	-0.451977401129944
			4.51271186440678	-0.451977401129944
			4.50564971751412	-0.451977401129944
			4.49858757062147	-0.451977401129944
			4.49152542372881	-0.451977401129944
			4.48446327683616	-0.451977401129944
			4.4774011299435	-0.451977401129944
			4.47033898305085	-0.451977401129944
			4.46327683615819	-0.444915254237288
			4.45621468926554	-0.444915254237288
			4.44915254237288	-0.444915254237288
			4.44209039548023	-0.444915254237288
			4.43502824858757	-0.444915254237288
			4.42796610169492	-0.444915254237288
			4.42090395480226	-0.444915254237288
			4.4138418079096	-0.444915254237288
			4.40677966101695	-0.444915254237288
			4.39971751412429	-0.444915254237288
			4.39265536723164	-0.444915254237288
			4.38559322033898	-0.444915254237288
			4.37853107344633	-0.444915254237288
			4.37146892655367	-0.444915254237288
			4.36440677966102	-0.444915254237288
			4.35734463276836	-0.437853107344633
			4.35028248587571	-0.437853107344633
			4.34322033898305	-0.437853107344633
			4.3361581920904	-0.437853107344633
			4.32909604519774	-0.437853107344633
			4.32203389830508	-0.437853107344633
			4.31497175141243	-0.437853107344633
			4.30790960451977	-0.437853107344633
			4.30084745762712	-0.437853107344633
			4.29378531073446	-0.437853107344633
			4.28672316384181	-0.437853107344633
			4.27966101694915	-0.437853107344633
			4.2725988700565	-0.437853107344633
			4.26553672316384	-0.437853107344633
			4.25847457627119	-0.437853107344633
			4.25141242937853	-0.437853107344633
			4.24435028248588	-0.437853107344633
			4.23728813559322	-0.437853107344633
			4.23022598870056	-0.437853107344633
			4.22316384180791	-0.437853107344633
			4.21610169491525	-0.437853107344633
			4.2090395480226	-0.437853107344633
			4.20197740112994	-0.430790960451977
			4.19491525423729	-0.430790960451977
			4.18785310734463	-0.430790960451977
			4.18079096045198	-0.430790960451977
			4.17372881355932	-0.430790960451977
			4.16666666666667	-0.430790960451977
			4.15960451977401	-0.430790960451977
			4.15254237288136	-0.430790960451977
			4.1454802259887	-0.430790960451977
			4.13841807909604	-0.430790960451977
			4.13135593220339	-0.430790960451977
			4.12429378531073	-0.430790960451977
			4.11723163841808	-0.430790960451977
			4.11016949152542	-0.430790960451977
			4.10310734463277	-0.430790960451977
			4.09604519774011	-0.430790960451977
			4.08898305084746	-0.430790960451977
			4.0819209039548	-0.430790960451977
			4.07485875706215	-0.430790960451977
			4.06779661016949	-0.430790960451977
			4.06073446327684	-0.430790960451977
			4.05367231638418	-0.430790960451977
			4.04661016949153	-0.430790960451977
			4.03954802259887	-0.430790960451977
			4.03248587570621	-0.430790960451977
			4.02542372881356	-0.430790960451977
			4.0183615819209	-0.430790960451977
			4.01129943502825	-0.430790960451977
			4.00423728813559	-0.430790960451977
			3.99717514124294	-0.430790960451977
			3.99011299435028	-0.430790960451977
			3.98305084745763	-0.430790960451977
			3.97598870056497	-0.430790960451977
			3.96892655367232	-0.430790960451977
			3.96186440677966	-0.430790960451977
			3.95480225988701	-0.430790960451977
			3.94774011299435	-0.430790960451977
			3.9406779661017	-0.430790960451977
			3.93361581920904	-0.430790960451977
			3.92655367231638	-0.430790960451977
			3.91949152542373	-0.430790960451977
			3.91242937853107	-0.430790960451977
			3.90536723163842	-0.430790960451977
			3.89830508474576	-0.430790960451977
			3.89124293785311	-0.423728813559322
			3.88418079096045	-0.423728813559322
			3.8771186440678	-0.423728813559322
			3.87005649717514	-0.423728813559322
			3.86299435028249	-0.423728813559322
			3.85593220338983	-0.423728813559322
			3.84887005649718	-0.423728813559322
			3.84180790960452	-0.423728813559322
			3.83474576271186	-0.423728813559322
			3.82768361581921	-0.423728813559322
			3.82062146892655	-0.423728813559322
			3.8135593220339	-0.423728813559322
			3.80649717514124	-0.423728813559322
			3.79943502824859	-0.423728813559322
			3.79237288135593	-0.423728813559322
			3.78531073446328	-0.423728813559322
			3.77824858757062	-0.423728813559322
			3.77118644067797	-0.423728813559322
			3.76412429378531	-0.423728813559322
			3.75706214689266	-0.423728813559322
			3.75	-0.423728813559322
			3.74293785310734	-0.423728813559322
			3.73587570621469	-0.423728813559322
			3.72881355932203	-0.423728813559322
			3.72175141242938	-0.423728813559322
			3.71468926553672	-0.423728813559322
			3.70762711864407	-0.423728813559322
			3.70056497175141	-0.423728813559322
			3.69350282485876	-0.423728813559322
			3.6864406779661	-0.423728813559322
			3.67937853107345	-0.423728813559322
			3.67231638418079	-0.423728813559322
			3.66525423728814	-0.430790960451977
			3.65819209039548	-0.430790960451977
			3.65112994350282	-0.430790960451977
			3.64406779661017	-0.430790960451977
			3.63700564971751	-0.430790960451977
			3.62994350282486	-0.430790960451977
			3.6228813559322	-0.430790960451977
			3.61581920903955	-0.430790960451977
			3.60875706214689	-0.430790960451977
			3.60169491525424	-0.430790960451977
			3.59463276836158	-0.430790960451977
			3.58757062146893	-0.430790960451977
			3.58050847457627	-0.430790960451977
			3.57344632768362	-0.430790960451977
			3.56638418079096	-0.430790960451977
			3.5593220338983	-0.430790960451977
			3.55225988700565	-0.430790960451977
			3.54519774011299	-0.430790960451977
			3.53813559322034	-0.430790960451977
			3.53107344632768	-0.430790960451977
			3.52401129943503	-0.430790960451977
			3.51694915254237	-0.430790960451977
			3.50988700564972	-0.430790960451977
			3.50282485875706	-0.430790960451977
			3.49576271186441	-0.430790960451977
			3.48870056497175	-0.430790960451977
			3.4816384180791	-0.430790960451977
			3.47457627118644	-0.430790960451977
			3.46751412429379	-0.430790960451977
			3.46045197740113	-0.430790960451977
			3.45338983050847	-0.430790960451977
			3.44632768361582	-0.430790960451977
			3.43926553672316	-0.430790960451977
			3.43220338983051	-0.430790960451977
			3.42514124293785	-0.430790960451977
			3.4180790960452	-0.430790960451977
			3.41101694915254	-0.430790960451977
			3.40395480225989	-0.430790960451977
			3.39689265536723	-0.430790960451977
			3.38983050847458	-0.430790960451977
			3.38276836158192	-0.430790960451977
			3.37570621468927	-0.430790960451977
			3.36864406779661	-0.430790960451977
			3.36158192090395	-0.430790960451977
			3.3545197740113	-0.430790960451977
			3.34745762711864	-0.430790960451977
			3.34039548022599	-0.430790960451977
			3.33333333333333	-0.430790960451977
			3.32627118644068	-0.430790960451977
			3.31920903954802	-0.430790960451977
			3.31214689265537	-0.430790960451977
			3.30508474576271	-0.430790960451977
			3.29802259887006	-0.430790960451977
			3.2909604519774	-0.430790960451977
			3.28389830508475	-0.430790960451977
			3.27683615819209	-0.437853107344633
			3.26977401129944	-0.437853107344633
			3.26271186440678	-0.437853107344633
			3.25564971751412	-0.437853107344633
			3.24858757062147	-0.437853107344633
			3.24152542372881	-0.437853107344633
			3.23446327683616	-0.437853107344633
			3.2274011299435	-0.437853107344633
			3.22033898305085	-0.437853107344633
			3.21327683615819	-0.437853107344633
			3.20621468926554	-0.437853107344633
			3.19915254237288	-0.437853107344633
			3.19209039548023	-0.437853107344633
			3.18502824858757	-0.437853107344633
			3.17796610169492	-0.437853107344633
			3.17090395480226	-0.437853107344633
			3.1638418079096	-0.437853107344633
		</margin>
	</curves.scaled>
	<ruler.points type=matrix rownames=TRUE colnames=FALSE nrow=2 ncol=2 as.numeric=TRUE >
		Ruler point 1	21	524
		Ruler point 2	729	524
	</ruler.points>
</shapes>

