<shapes type=list>
	<ruler.pixel type=vector names=FALSE length=1 as.numeric=TRUE >265</ruler.pixel>
	<ruler.interval type=vector names=FALSE length=1 as.numeric=TRUE >1</ruler.interval>
	<scaling.units type=vector names=FALSE length=1 as.numeric=FALSE >mm</scaling.units>
	<scaling type=vector names=FALSE length=1 as.numeric=TRUE >0.00377358490566038</scaling>
	<landmarks.pixel type=matrix rownames=TRUE colnames=FALSE nrow=5 ncol=2 as.numeric=TRUE >
		LM1	704	46
		LM2	701	491
		LM4	697	602
		LM5	898	137
		LM7	1026	124
	</landmarks.pixel>
	<landmarks.scaled type=matrix rownames=TRUE colnames=FALSE nrow=5 ncol=2 as.numeric=TRUE >
		LM1	2.65660377358491	-0.173584905660377
		LM2	2.64528301886792	-1.85283018867925
		LM4	2.63018867924528	-2.27169811320755
		LM5	3.38867924528302	-0.516981132075472
		LM7	3.87169811320755	-0.467924528301887
	</landmarks.scaled>
	<curves.control type=list>
		<axis type=matrix rownames=FALSE colnames=FALSE nrow=15 ncol=2 as.numeric=TRUE >
			704	46
			741	36
			807	83
			840	102
			847	111
			844	125
			860	131
			870	136
			899	134
			893	186
			880	254
			838	378
			803	469
			781	507
			701	491
		</axis>
		<margin type=matrix rownames=FALSE colnames=FALSE nrow=35 ncol=2 as.numeric=TRUE >
			697	602
			794	576
			925	794
			982	907
			1049	1024
			1094	986
			1142	885
			1081	732
			947	573
			909	482
			911	441
			942	408
			991	395
			1095	417
			1256	589
			1321	704
			1365	773
			1393	662
			1391	614
			1398	498
			1149	337
			999	275
			979	233
			948	189
			991	183
			1019	181
			1033	152
			1040	115
			1008	126
			990	134
			955	137
			918	144
			918	130
			899	117
			898	137
		</margin>
	</curves.control>
	<curves.pixel type=list>
		<axis type=matrix rownames=FALSE colnames=FALSE nrow=667 ncol=2 as.numeric=TRUE >
			704	46
			705	46
			706	46
			706	45
			707	45
			708	45
			709	45
			710	45
			711	45
			712	45
			713	44
			714	44
			715	44
			716	44
			717	44
			718	44
			719	44
			720	44
			721	44
			722	44
			723	44
			724	45
			725	45
			726	45
			727	45
			728	45
			729	45
			730	45
			731	45
			732	46
			733	46
			734	46
			735	46
			736	47
			737	47
			738	47
			739	47
			740	48
			741	48
			742	48
			743	48
			743	49
			744	49
			745	49
			746	49
			747	50
			748	50
			749	50
			750	51
			751	51
			752	52
			753	52
			754	52
			755	53
			756	53
			757	54
			758	54
			759	55
			760	55
			761	55
			762	56
			763	56
			764	57
			765	57
			766	58
			767	58
			768	59
			769	59
			770	60
			771	61
			772	61
			773	62
			774	62
			775	63
			776	63
			777	64
			778	64
			778	65
			779	65
			780	65
			780	66
			781	66
			782	66
			782	67
			783	67
			784	68
			785	68
			786	69
			787	70
			788	70
			789	71
			790	71
			790	72
			791	72
			792	73
			793	73
			794	74
			795	75
			796	76
			797	76
			798	77
			799	78
			800	78
			801	79
			802	80
			803	80
			804	81
			805	82
			806	83
			807	83
			808	83
			808	84
			809	84
			810	85
			811	85
			812	86
			813	86
			814	87
			815	87
			816	88
			817	89
			818	90
			819	90
			820	91
			821	92
			822	92
			823	93
			824	93
			825	94
			826	95
			827	95
			828	96
			829	96
			830	97
			831	97
			831	98
			832	99
			833	99
			834	100
			835	101
			836	101
			837	102
			838	102
			838	103
			839	104
			840	104
			841	105
			842	106
			843	107
			844	108
			845	109
			846	110
			847	111
			847	112
			847	113
			847	114
			847	115
			847	116
			847	117
			847	118
			847	119
			847	120
			848	121
			848	122
			849	123
			850	124
			851	125
			852	126
			853	127
			854	128
			855	129
			856	129
			857	130
			858	130
			859	131
			860	131
			861	131
			861	132
			862	132
			863	132
			864	132
			865	133
			866	133
			867	133
			868	133
			869	134
			870	134
			871	134
			872	134
			873	134
			874	134
			875	134
			876	134
			877	134
			878	134
			879	134
			880	135
			881	135
			882	135
			883	135
			884	135
			885	135
			886	135
			887	135
			888	135
			889	135
			890	134
			891	134
			892	134
			893	134
			894	134
			895	134
			896	134
			897	134
			898	134
			899	135
			899	136
			899	137
			899	138
			898	139
			898	140
			898	141
			898	142
			898	143
			898	144
			898	145
			898	146
			897	147
			897	148
			897	149
			897	150
			897	151
			897	152
			897	153
			897	154
			896	154
			896	155
			896	156
			896	157
			896	158
			896	159
			896	160
			896	161
			895	162
			895	163
			895	164
			895	165
			895	166
			895	167
			895	168
			894	169
			894	170
			894	171
			894	172
			894	173
			894	174
			894	175
			893	176
			893	177
			893	178
			893	179
			893	180
			893	181
			892	182
			892	183
			892	184
			892	185
			892	186
			892	187
			892	188
			891	189
			891	190
			891	191
			891	192
			891	193
			891	194
			890	195
			890	196
			890	197
			890	198
			890	199
			890	200
			889	201
			889	202
			889	203
			889	204
			889	205
			889	206
			888	207
			888	208
			888	209
			888	210
			888	211
			888	212
			887	213
			887	214
			887	215
			887	216
			887	217
			887	218
			886	219
			886	220
			886	221
			886	222
			886	223
			885	224
			885	225
			885	226
			885	227
			885	228
			885	229
			884	230
			884	231
			884	232
			884	233
			884	234
			884	235
			883	235
			883	236
			883	237
			883	238
			883	239
			883	240
			882	241
			882	242
			882	243
			882	244
			882	245
			882	246
			881	247
			881	248
			881	249
			881	250
			880	251
			880	252
			880	253
			880	254
			880	255
			879	256
			879	257
			878	258
			878	259
			878	260
			878	261
			877	261
			877	262
			877	263
			877	264
			876	265
			876	266
			875	267
			875	268
			875	269
			875	270
			874	271
			874	272
			873	273
			873	274
			873	275
			872	276
			872	277
			872	278
			871	279
			871	280
			871	281
			870	282
			870	283
			870	284
			869	285
			869	286
			869	287
			869	288
			868	288
			868	289
			868	290
			867	291
			867	292
			867	293
			866	294
			866	295
			866	296
			865	296
			865	297
			865	298
			865	299
			864	299
			864	300
			864	301
			864	302
			863	303
			863	304
			862	305
			862	306
			862	307
			862	308
			861	309
			861	310
			860	311
			860	312
			860	313
			859	314
			859	315
			859	316
			858	317
			858	318
			858	319
			857	320
			857	321
			856	322
			856	323
			856	324
			855	325
			855	326
			855	327
			854	328
			854	329
			854	330
			853	331
			853	332
			853	333
			852	334
			852	335
			852	336
			851	337
			851	338
			851	339
			850	340
			850	341
			850	342
			849	343
			849	344
			848	345
			848	346
			848	347
			847	348
			847	349
			847	350
			846	351
			846	352
			846	353
			845	354
			845	355
			845	356
			844	357
			844	358
			844	359
			843	360
			843	361
			843	362
			842	362
			842	363
			842	364
			841	365
			841	366
			841	367
			840	368
			840	369
			840	370
			839	371
			839	372
			839	373
			838	374
			838	375
			838	376
			837	377
			837	378
			836	379
			836	380
			836	381
			835	382
			835	383
			834	384
			834	385
			834	386
			834	387
			833	388
			833	389
			832	390
			832	391
			832	392
			831	393
			831	394
			831	395
			830	396
			830	397
			830	398
			829	399
			829	400
			829	401
			828	401
			828	402
			828	403
			827	404
			827	405
			827	406
			826	407
			826	408
			826	409
			825	410
			825	411
			825	412
			824	413
			824	414
			823	415
			823	416
			823	417
			822	417
			822	418
			822	419
			821	420
			821	421
			821	422
			820	423
			820	424
			820	425
			819	426
			819	427
			819	428
			818	429
			818	430
			817	431
			817	432
			817	433
			816	433
			816	434
			816	435
			815	436
			815	437
			815	438
			814	439
			814	440
			814	441
			813	442
			813	443
			812	444
			812	445
			812	446
			811	447
			811	448
			811	449
			810	450
			810	451
			810	452
			809	453
			809	454
			808	455
			808	456
			808	457
			807	458
			807	459
			807	460
			806	461
			806	462
			805	463
			805	464
			804	465
			804	466
			804	467
			803	468
			803	469
			803	470
			802	470
			802	471
			801	472
			801	473
			800	474
			799	475
			798	476
			798	477
			797	478
			796	478
			795	479
			794	480
			793	481
			792	482
			791	482
			790	483
			789	484
			788	485
			787	485
			786	486
			785	487
			784	487
			783	488
			782	488
			781	489
			780	489
			779	490
			778	490
			777	490
			777	491
			776	491
			775	491
			774	491
			773	492
			772	492
			771	492
			770	493
			769	493
			768	493
			767	493
			766	494
			765	494
			764	494
			763	494
			762	494
			761	495
			760	495
			759	495
			758	495
			757	495
			756	495
			755	495
			754	495
			753	495
			752	495
			751	496
			750	496
			749	496
			748	496
			747	496
			746	496
			745	496
			744	496
			743	496
			742	496
			741	496
			740	496
			739	496
			738	496
			737	496
			736	496
			735	496
			734	495
			733	495
			732	495
			731	495
			730	495
			729	495
			728	495
			727	495
			726	495
			725	495
			724	495
			723	494
			722	494
			721	494
			720	494
			719	494
			718	494
			717	494
			716	494
			715	493
			714	493
			713	493
			712	493
			711	493
			710	493
			709	492
			708	492
			707	492
			706	492
			705	492
			704	492
			703	491
			702	491
			701	491
		</axis>
		<margin type=matrix rownames=FALSE colnames=FALSE nrow=2676 ncol=2 as.numeric=TRUE >
			697	602
			698	602
			699	601
			700	601
			701	601
			702	601
			703	601
			704	600
			705	600
			706	600
			707	600
			708	600
			709	600
			710	600
			711	600
			712	599
			713	599
			714	599
			715	599
			716	599
			717	599
			718	599
			719	599
			720	599
			721	599
			722	599
			723	599
			724	599
			725	600
			726	600
			727	600
			728	600
			729	600
			730	600
			731	600
			732	600
			733	601
			734	601
			735	601
			736	601
			737	601
			738	602
			739	602
			740	602
			741	602
			742	603
			743	603
			744	603
			745	603
			746	604
			747	604
			748	604
			748	605
			749	605
			750	605
			751	606
			752	606
			753	606
			754	607
			755	607
			756	607
			757	608
			758	608
			759	609
			760	609
			761	610
			762	610
			763	610
			763	611
			764	611
			765	611
			765	612
			766	612
			767	612
			767	613
			768	613
			769	614
			770	614
			771	615
			772	615
			773	616
			774	617
			775	617
			776	618
			777	618
			778	619
			779	620
			780	620
			781	621
			782	622
			783	622
			784	623
			785	624
			786	624
			787	625
			788	626
			789	627
			790	627
			791	628
			792	629
			793	630
			794	630
			795	631
			796	632
			797	633
			798	633
			799	634
			800	635
			801	636
			802	637
			803	638
			804	639
			805	639
			806	640
			807	641
			808	642
			809	643
			810	644
			811	644
			811	645
			812	645
			813	646
			814	647
			815	648
			816	649
			817	650
			818	651
			819	652
			820	653
			821	654
			822	655
			823	656
			824	657
			825	658
			826	659
			827	660
			828	661
			829	662
			830	663
			831	664
			832	665
			832	666
			833	667
			834	667
			835	668
			836	669
			836	670
			837	671
			838	672
			839	673
			839	674
			840	674
			841	675
			842	676
			843	677
			843	678
			844	679
			845	680
			846	681
			847	682
			848	683
			848	684
			849	685
			850	686
			851	687
			852	688
			852	689
			853	690
			854	691
			855	692
			856	693
			856	694
			857	695
			858	696
			859	697
			860	698
			861	699
			861	700
			862	701
			863	702
			864	703
			865	704
			865	705
			866	706
			867	707
			868	708
			868	709
			869	710
			870	711
			871	712
			871	713
			872	714
			873	715
			873	716
			874	716
			874	717
			875	718
			876	719
			876	720
			877	721
			878	722
			879	723
			880	724
			880	725
			881	726
			882	727
			882	728
			883	729
			884	730
			885	731
			885	732
			886	733
			886	734
			887	735
			888	736
			889	737
			889	738
			890	739
			890	740
			891	740
			891	741
			892	742
			892	743
			893	743
			893	744
			894	745
			894	746
			895	747
			896	747
			896	748
			897	749
			897	750
			898	751
			899	752
			899	753
			900	754
			901	755
			901	756
			902	757
			903	758
			903	759
			904	760
			904	761
			905	762
			906	763
			906	764
			907	765
			908	766
			908	767
			909	768
			910	769
			910	770
			911	771
			912	772
			912	773
			913	774
			913	775
			914	776
			915	777
			915	778
			916	779
			917	780
			917	781
			918	782
			918	783
			919	784
			920	785
			920	786
			921	787
			921	788
			922	789
			923	790
			923	791
			924	792
			924	793
			925	794
			925	795
			926	796
			926	797
			927	798
			927	799
			928	800
			928	801
			929	802
			929	803
			930	804
			930	805
			931	806
			931	807
			932	808
			932	809
			933	810
			933	811
			934	812
			934	813
			935	813
			935	814
			936	815
			936	816
			937	817
			937	818
			938	819
			938	820
			939	821
			939	822
			940	823
			940	824
			941	825
			941	826
			942	827
			942	828
			943	829
			943	830
			944	831
			944	832
			945	833
			945	834
			946	835
			946	836
			947	837
			947	838
			948	839
			949	840
			949	841
			950	842
			950	843
			951	844
			951	845
			952	846
			952	847
			953	848
			953	849
			954	850
			954	851
			955	852
			955	853
			956	854
			956	855
			957	856
			957	857
			958	858
			958	859
			959	860
			959	861
			960	862
			960	863
			961	864
			961	865
			962	866
			962	867
			963	868
			964	869
			964	870
			965	871
			965	872
			966	873
			967	874
			967	875
			967	876
			968	877
			968	878
			969	879
			969	880
			970	880
			970	881
			971	882
			971	883
			972	884
			972	885
			972	886
			973	886
			973	887
			974	888
			974	889
			975	890
			975	891
			976	892
			977	893
			977	894
			978	895
			978	896
			979	897
			979	898
			980	899
			980	900
			981	901
			982	902
			982	903
			982	904
			983	904
			983	905
			983	906
			984	906
			984	907
			985	908
			985	909
			986	910
			986	911
			986	912
			987	912
			987	913
			988	914
			988	915
			989	916
			989	917
			990	918
			990	919
			991	920
			991	921
			992	921
			992	922
			993	923
			993	924
			994	925
			994	926
			995	927
			995	928
			996	929
			997	930
			997	931
			998	932
			998	933
			999	934
			999	935
			1000	936
			1000	937
			1001	938
			1001	939
			1002	940
			1002	941
			1003	942
			1003	943
			1004	944
			1004	945
			1005	946
			1006	947
			1007	948
			1007	949
			1007	950
			1008	950
			1008	951
			1008	952
			1009	952
			1009	953
			1009	954
			1010	954
			1010	955
			1011	956
			1011	957
			1012	958
			1013	959
			1013	960
			1013	961
			1014	962
			1015	963
			1015	964
			1016	965
			1016	966
			1017	967
			1017	968
			1018	969
			1018	970
			1019	971
			1020	972
			1020	973
			1021	974
			1021	975
			1022	976
			1022	977
			1023	978
			1023	979
			1024	980
			1024	981
			1025	982
			1026	983
			1026	984
			1027	984
			1027	985
			1028	986
			1028	987
			1029	988
			1029	989
			1030	990
			1030	991
			1031	992
			1031	993
			1032	994
			1033	995
			1033	996
			1034	997
			1034	998
			1035	999
			1035	1000
			1036	1001
			1036	1002
			1037	1003
			1038	1004
			1038	1005
			1039	1006
			1039	1007
			1040	1008
			1040	1009
			1041	1010
			1041	1011
			1042	1012
			1042	1013
			1043	1014
			1044	1015
			1045	1016
			1045	1017
			1045	1018
			1046	1019
			1047	1020
			1047	1021
			1048	1022
			1048	1023
			1049	1024
			1050	1023
			1051	1022
			1052	1021
			1053	1020
			1054	1019
			1055	1019
			1056	1018
			1057	1017
			1057	1016
			1058	1016
			1059	1015
			1060	1014
			1061	1013
			1062	1012
			1063	1011
			1064	1010
			1065	1009
			1066	1008
			1067	1007
			1068	1006
			1069	1005
			1069	1004
			1070	1003
			1071	1002
			1072	1001
			1073	1000
			1073	999
			1074	998
			1075	997
			1076	996
			1077	995
			1078	994
			1079	993
			1079	992
			1080	991
			1080	990
			1081	990
			1081	989
			1082	988
			1083	987
			1084	986
			1084	985
			1085	984
			1086	983
			1086	982
			1087	982
			1087	981
			1088	980
			1089	979
			1089	978
			1090	977
			1091	976
			1092	975
			1092	974
			1093	973
			1094	972
			1094	971
			1095	970
			1096	969
			1096	968
			1097	967
			1098	966
			1098	965
			1099	964
			1100	963
			1100	962
			1101	961
			1101	960
			1102	959
			1103	958
			1103	957
			1104	956
			1105	955
			1105	954
			1106	953
			1106	952
			1107	951
			1108	950
			1108	949
			1109	948
			1110	947
			1110	946
			1111	945
			1111	944
			1112	943
			1112	942
			1113	941
			1113	940
			1114	939
			1115	938
			1115	937
			1116	936
			1116	935
			1117	934
			1117	933
			1118	932
			1119	931
			1119	930
			1120	929
			1120	928
			1121	927
			1121	926
			1122	925
			1122	924
			1123	923
			1123	922
			1124	921
			1125	920
			1125	919
			1126	918
			1126	917
			1127	916
			1127	915
			1128	914
			1128	913
			1129	912
			1129	911
			1130	910
			1130	909
			1131	908
			1131	907
			1132	906
			1132	905
			1133	904
			1133	903
			1134	902
			1134	901
			1135	900
			1135	899
			1136	898
			1136	897
			1137	896
			1137	895
			1138	894
			1138	893
			1139	892
			1139	891
			1139	890
			1140	889
			1140	888
			1141	887
			1141	886
			1142	885
			1142	884
			1141	883
			1141	882
			1140	881
			1140	880
			1140	879
			1139	878
			1139	877
			1138	876
			1138	875
			1138	874
			1137	874
			1137	873
			1137	872
			1136	871
			1136	870
			1135	869
			1135	868
			1135	867
			1134	866
			1134	865
			1133	864
			1133	863
			1132	862
			1132	861
			1132	860
			1131	859
			1131	858
			1130	857
			1130	856
			1130	855
			1129	854
			1129	853
			1128	853
			1128	852
			1127	851
			1127	850
			1127	849
			1126	848
			1126	847
			1125	846
			1125	845
			1124	844
			1124	843
			1123	842
			1123	841
			1123	840
			1122	839
			1122	838
			1121	837
			1121	836
			1120	835
			1120	834
			1119	833
			1119	832
			1118	831
			1118	830
			1117	829
			1117	828
			1116	827
			1116	826
			1116	825
			1115	825
			1115	824
			1114	823
			1114	822
			1114	821
			1113	820
			1112	819
			1112	818
			1111	817
			1111	816
			1110	815
			1110	814
			1109	813
			1109	812
			1108	811
			1108	810
			1107	809
			1107	808
			1106	807
			1106	806
			1105	805
			1105	804
			1104	803
			1104	802
			1103	801
			1103	800
			1102	799
			1102	798
			1101	797
			1101	796
			1100	795
			1100	794
			1099	793
			1098	792
			1098	791
			1097	790
			1097	789
			1096	788
			1096	787
			1095	786
			1095	785
			1094	784
			1094	783
			1093	782
			1093	781
			1092	780
			1091	779
			1091	778
			1090	777
			1090	776
			1089	775
			1089	774
			1088	773
			1087	772
			1087	771
			1086	770
			1086	769
			1085	768
			1085	767
			1084	766
			1084	765
			1083	764
			1082	763
			1082	762
			1081	761
			1081	760
			1080	759
			1079	758
			1079	757
			1078	756
			1078	755
			1077	754
			1077	753
			1076	752
			1075	751
			1075	750
			1074	749
			1074	748
			1073	747
			1072	746
			1072	745
			1071	744
			1071	743
			1070	742
			1069	741
			1069	740
			1068	739
			1067	738
			1067	737
			1066	736
			1066	735
			1065	734
			1064	733
			1064	732
			1063	731
			1062	730
			1062	729
			1061	728
			1061	727
			1060	726
			1059	725
			1059	724
			1058	723
			1057	722
			1057	721
			1056	720
			1056	719
			1055	718
			1054	717
			1054	716
			1053	715
			1052	714
			1052	713
			1051	712
			1050	711
			1050	710
			1049	709
			1048	708
			1048	707
			1047	706
			1046	705
			1046	704
			1045	703
			1044	702
			1044	701
			1043	700
			1042	699
			1042	698
			1041	697
			1040	696
			1040	695
			1039	694
			1038	693
			1038	692
			1037	691
			1036	690
			1036	689
			1035	688
			1034	687
			1033	686
			1033	685
			1032	684
			1031	683
			1031	682
			1030	681
			1029	680
			1029	679
			1028	678
			1027	677
			1026	676
			1026	675
			1025	674
			1024	673
			1024	672
			1023	671
			1022	670
			1021	669
			1021	668
			1020	667
			1019	666
			1019	665
			1018	664
			1017	663
			1016	662
			1016	661
			1015	660
			1014	659
			1013	658
			1013	657
			1012	656
			1011	655
			1011	654
			1010	653
			1009	652
			1008	651
			1008	650
			1007	649
			1006	648
			1005	647
			1005	646
			1004	645
			1004	644
			1003	644
			1003	643
			1002	642
			1001	641
			1000	640
			1000	639
			999	638
			998	637
			998	636
			997	635
			996	635
			996	634
			995	633
			994	632
			994	631
			993	630
			992	629
			992	628
			991	627
			990	627
			989	626
			989	625
			988	624
			987	623
			987	622
			986	621
			985	620
			985	619
			984	619
			983	618
			983	617
			982	616
			981	615
			981	614
			980	613
			979	612
			978	611
			977	610
			976	609
			975	608
			974	607
			974	606
			973	605
			972	604
			971	603
			971	602
			970	601
			970	600
			969	600
			968	599
			968	598
			967	597
			966	596
			965	595
			964	594
			964	593
			963	592
			962	591
			961	590
			961	589
			960	589
			959	588
			958	587
			958	586
			957	585
			956	584
			955	583
			955	582
			954	581
			953	580
			952	579
			951	578
			950	577
			949	576
			949	575
			948	575
			948	574
			947	573
			947	572
			946	572
			946	571
			946	570
			945	569
			945	568
			945	567
			944	566
			944	565
			943	564
			943	563
			942	562
			942	561
			942	560
			941	559
			941	558
			940	557
			940	556
			940	555
			939	554
			939	553
			938	552
			938	551
			938	550
			938	549
			937	549
			937	548
			937	547
			936	547
			936	546
			936	545
			936	544
			935	544
			935	543
			935	542
			934	541
			934	540
			934	539
			933	538
			933	537
			932	536
			932	535
			932	534
			931	533
			931	532
			931	531
			930	530
			930	529
			930	528
			929	527
			929	526
			929	525
			928	524
			928	523
			928	522
			927	521
			927	520
			927	519
			926	519
			926	518
			926	517
			925	516
			925	515
			925	514
			925	513
			924	512
			924	511
			924	510
			923	509
			923	508
			923	507
			922	506
			922	505
			922	504
			921	503
			921	502
			921	501
			921	500
			920	500
			920	499
			920	498
			920	497
			919	496
			919	495
			919	494
			918	493
			918	492
			918	491
			918	490
			918	489
			917	488
			917	487
			917	486
			917	485
			916	485
			916	484
			916	483
			916	482
			916	481
			915	480
			915	479
			915	478
			915	477
			915	476
			914	475
			914	474
			914	473
			914	472
			914	471
			913	470
			913	469
			913	468
			913	467
			913	466
			912	465
			912	464
			912	463
			912	462
			912	461
			912	460
			912	459
			912	458
			912	457
			911	456
			911	455
			911	454
			911	453
			911	452
			911	451
			911	450
			911	449
			911	448
			911	447
			911	446
			911	445
			911	444
			911	443
			911	442
			911	441
			912	440
			913	439
			914	438
			915	437
			916	436
			916	435
			917	435
			918	434
			919	433
			920	432
			921	431
			922	431
			923	430
			924	429
			924	428
			925	428
			926	427
			927	426
			928	425
			929	425
			930	424
			931	423
			932	422
			933	422
			934	421
			935	420
			936	420
			937	419
			938	418
			939	418
			940	417
			941	416
			942	416
			943	415
			944	414
			945	414
			946	413
			947	412
			948	412
			949	412
			950	411
			951	410
			952	410
			953	409
			954	409
			955	409
			956	408
			957	407
			958	407
			959	406
			960	406
			961	406
			962	405
			963	405
			964	404
			965	404
			966	403
			967	403
			968	403
			969	402
			970	402
			971	401
			972	401
			973	401
			974	400
			975	400
			976	400
			977	399
			978	399
			979	398
			980	398
			981	398
			982	398
			982	397
			983	397
			984	397
			985	397
			986	397
			986	396
			987	396
			988	396
			989	396
			990	395
			991	395
			992	395
			993	395
			994	396
			995	396
			996	396
			997	396
			998	397
			999	397
			1000	397
			1001	397
			1001	398
			1002	398
			1003	398
			1004	398
			1005	399
			1006	399
			1007	399
			1008	399
			1009	400
			1010	400
			1011	400
			1012	401
			1013	401
			1014	401
			1015	402
			1016	402
			1017	403
			1018	403
			1019	403
			1020	404
			1021	404
			1022	404
			1022	405
			1023	405
			1024	405
			1025	406
			1026	406
			1027	406
			1027	407
			1028	407
			1029	407
			1030	408
			1031	408
			1032	408
			1033	409
			1034	410
			1035	410
			1036	410
			1037	411
			1038	411
			1039	412
			1040	412
			1041	413
			1042	413
			1043	413
			1043	414
			1044	414
			1045	414
			1045	415
			1046	415
			1047	415
			1047	416
			1048	416
			1049	417
			1050	417
			1051	418
			1052	418
			1053	418
			1053	419
			1054	419
			1055	420
			1056	420
			1056	421
			1057	421
			1058	421
			1059	422
			1060	422
			1060	423
			1061	423
			1062	424
			1063	424
			1064	425
			1065	425
			1066	426
			1067	427
			1068	427
			1069	428
			1070	428
			1071	429
			1072	429
			1073	430
			1074	431
			1075	431
			1076	432
			1077	432
			1078	433
			1079	434
			1080	435
			1081	435
			1082	436
			1083	436
			1083	437
			1084	437
			1085	437
			1085	438
			1086	438
			1087	439
			1088	440
			1089	440
			1090	441
			1091	441
			1092	442
			1092	443
			1093	443
			1094	444
			1095	444
			1096	445
			1097	446
			1098	446
			1098	447
			1099	447
			1100	448
			1101	449
			1102	449
			1103	450
			1104	450
			1105	451
			1105	452
			1106	452
			1107	453
			1108	454
			1109	454
			1110	455
			1111	456
			1112	456
			1112	457
			1113	458
			1114	458
			1115	459
			1116	460
			1117	460
			1118	461
			1119	462
			1120	462
			1120	463
			1121	464
			1122	464
			1123	465
			1124	466
			1125	466
			1126	467
			1127	468
			1128	468
			1129	469
			1129	470
			1130	471
			1131	471
			1132	472
			1133	473
			1134	474
			1135	474
			1136	475
			1137	476
			1138	477
			1139	477
			1140	478
			1140	479
			1141	480
			1142	480
			1143	481
			1144	482
			1145	483
			1146	483
			1147	484
			1148	485
			1149	486
			1150	487
			1151	487
			1152	488
			1153	489
			1153	490
			1154	491
			1155	491
			1156	492
			1157	493
			1158	494
			1159	495
			1160	495
			1161	496
			1162	497
			1163	498
			1164	499
			1165	500
			1166	500
			1167	501
			1168	502
			1169	503
			1170	504
			1171	505
			1172	506
			1173	506
			1174	507
			1174	508
			1175	509
			1176	510
			1177	511
			1178	512
			1179	513
			1180	514
			1181	514
			1182	515
			1183	516
			1184	517
			1185	518
			1186	519
			1187	520
			1188	521
			1189	522
			1190	523
			1191	524
			1192	525
			1193	525
			1194	526
			1195	527
			1196	528
			1197	529
			1198	530
			1199	531
			1200	532
			1201	533
			1202	534
			1203	535
			1204	536
			1205	537
			1206	538
			1207	539
			1208	540
			1209	541
			1210	542
			1211	543
			1212	544
			1213	545
			1214	546
			1215	547
			1216	548
			1217	549
			1218	550
			1219	551
			1220	552
			1221	553
			1222	554
			1223	555
			1224	556
			1225	557
			1226	558
			1227	558
			1227	559
			1228	560
			1229	560
			1229	561
			1230	562
			1231	563
			1232	564
			1233	565
			1234	566
			1235	567
			1236	568
			1237	569
			1238	570
			1239	571
			1240	572
			1241	573
			1241	574
			1242	575
			1243	576
			1244	577
			1245	577
			1246	578
			1247	579
			1248	580
			1249	581
			1250	582
			1251	583
			1252	584
			1252	585
			1253	586
			1254	587
			1255	588
			1256	589
			1256	590
			1257	590
			1257	591
			1258	592
			1258	593
			1259	594
			1259	595
			1260	596
			1260	597
			1261	597
			1261	598
			1262	599
			1262	600
			1263	601
			1263	602
			1264	603
			1264	604
			1265	605
			1266	606
			1266	607
			1267	608
			1267	609
			1268	610
			1269	611
			1269	612
			1270	613
			1270	614
			1271	615
			1272	616
			1272	617
			1272	618
			1273	619
			1274	620
			1274	621
			1275	622
			1275	623
			1276	624
			1276	625
			1277	626
			1277	627
			1278	628
			1279	629
			1280	630
			1280	631
			1281	632
			1281	633
			1282	634
			1282	635
			1283	636
			1283	637
			1284	638
			1285	639
			1285	640
			1286	641
			1286	642
			1287	643
			1287	644
			1288	645
			1288	646
			1289	647
			1289	648
			1290	648
			1290	649
			1291	650
			1292	651
			1292	652
			1293	653
			1293	654
			1294	655
			1294	656
			1295	657
			1296	658
			1296	659
			1297	660
			1298	661
			1298	662
			1298	663
			1299	663
			1299	664
			1299	665
			1300	665
			1300	666
			1300	667
			1301	667
			1301	668
			1302	668
			1302	669
			1302	670
			1303	670
			1303	671
			1303	672
			1304	672
			1304	673
			1305	673
			1305	674
			1305	675
			1306	675
			1306	676
			1307	677
			1307	678
			1308	679
			1308	680
			1309	681
			1310	682
			1310	683
			1311	684
			1311	685
			1312	686
			1312	687
			1313	688
			1313	689
			1314	689
			1314	690
			1315	691
			1315	692
			1316	693
			1316	694
			1317	695
			1318	696
			1319	697
			1319	698
			1320	699
			1320	700
			1321	701
			1322	702
			1322	703
			1323	704
			1323	705
			1324	706
			1324	707
			1325	708
			1326	709
			1326	710
			1327	711
			1327	712
			1328	713
			1328	714
			1329	715
			1330	716
			1330	717
			1331	718
			1331	719
			1332	720
			1333	721
			1333	722
			1334	723
			1335	724
			1335	725
			1336	726
			1336	727
			1337	728
			1337	729
			1338	729
			1338	730
			1339	731
			1339	732
			1340	732
			1340	733
			1341	734
			1341	735
			1342	736
			1343	737
			1343	738
			1344	739
			1344	740
			1345	741
			1345	742
			1346	743
			1347	744
			1348	745
			1348	746
			1349	747
			1349	748
			1350	748
			1350	749
			1350	750
			1351	750
			1351	751
			1351	752
			1352	752
			1352	753
			1353	753
			1353	754
			1353	755
			1354	755
			1354	756
			1355	756
			1355	757
			1355	758
			1356	758
			1356	759
			1356	760
			1357	760
			1357	761
			1358	761
			1358	762
			1358	763
			1359	763
			1359	764
			1360	765
			1361	766
			1361	767
			1362	768
			1363	769
			1363	770
			1364	771
			1364	772
			1365	773
			1365	772
			1366	771
			1366	770
			1366	769
			1366	768
			1367	767
			1367	766
			1367	765
			1367	764
			1367	763
			1368	762
			1368	761
			1368	760
			1368	759
			1369	758
			1369	757
			1369	756
			1369	755
			1370	754
			1370	753
			1370	752
			1370	751
			1371	750
			1371	749
			1371	748
			1371	747
			1372	746
			1372	745
			1372	744
			1372	743
			1372	742
			1373	741
			1373	740
			1373	739
			1373	738
			1374	737
			1374	736
			1374	735
			1374	734
			1375	733
			1375	732
			1375	731
			1375	730
			1375	729
			1376	728
			1376	727
			1376	726
			1376	725
			1377	724
			1377	723
			1377	722
			1377	721
			1377	720
			1378	720
			1378	719
			1378	718
			1378	717
			1378	716
			1379	715
			1379	714
			1379	713
			1379	712
			1379	711
			1380	710
			1380	709
			1380	708
			1380	707
			1380	706
			1380	705
			1381	704
			1381	703
			1381	702
			1381	701
			1382	700
			1382	699
			1382	698
			1382	697
			1382	696
			1383	695
			1383	694
			1383	693
			1383	692
			1383	691
			1383	690
			1384	689
			1384	688
			1384	687
			1384	686
			1384	685
			1384	684
			1385	683
			1385	682
			1385	681
			1385	680
			1385	679
			1385	678
			1386	677
			1386	676
			1386	675
			1386	674
			1386	673
			1386	672
			1387	671
			1387	670
			1387	669
			1387	668
			1387	667
			1387	666
			1387	665
			1388	665
			1388	664
			1388	663
			1388	662
			1388	661
			1388	660
			1388	659
			1388	658
			1389	657
			1389	656
			1389	655
			1389	654
			1389	653
			1389	652
			1389	651
			1389	650
			1389	649
			1390	648
			1390	647
			1390	646
			1390	645
			1390	644
			1390	643
			1390	642
			1390	641
			1390	640
			1390	639
			1390	638
			1391	637
			1391	636
			1391	635
			1391	634
			1391	633
			1391	632
			1391	631
			1391	630
			1391	629
			1391	628
			1391	627
			1391	626
			1391	625
			1391	624
			1391	623
			1391	622
			1391	621
			1391	620
			1391	619
			1391	618
			1391	617
			1391	616
			1391	615
			1391	614
			1391	613
			1391	612
			1391	611
			1391	610
			1391	609
			1391	608
			1391	607
			1391	606
			1391	605
			1391	604
			1391	603
			1391	602
			1391	601
			1391	600
			1391	599
			1391	598
			1391	597
			1391	596
			1390	595
			1390	594
			1390	593
			1390	592
			1390	591
			1390	590
			1390	589
			1389	588
			1389	587
			1389	586
			1389	585
			1389	584
			1389	583
			1388	582
			1388	581
			1388	580
			1388	579
			1387	578
			1387	577
			1387	576
			1386	575
			1386	574
			1386	573
			1386	572
			1385	571
			1385	570
			1385	569
			1384	568
			1384	567
			1383	566
			1383	565
			1383	564
			1382	563
			1382	562
			1382	561
			1381	560
			1381	559
			1380	558
			1380	557
			1380	556
			1379	555
			1379	554
			1378	553
			1378	552
			1378	551
			1377	550
			1377	549
			1376	548
			1376	547
			1375	547
			1375	546
			1374	545
			1374	544
			1374	543
			1373	542
			1373	541
			1372	540
			1372	539
			1371	538
			1371	537
			1370	536
			1369	536
			1369	535
			1368	534
			1368	533
			1367	532
			1367	531
			1366	530
			1366	529
			1365	528
			1364	527
			1364	526
			1363	525
			1363	524
			1362	523
			1361	522
			1360	521
			1360	520
			1359	519
			1358	518
			1358	517
			1357	516
			1357	515
			1356	515
			1355	514
			1355	513
			1354	512
			1354	511
			1353	510
			1352	510
			1352	509
			1351	508
			1351	507
			1350	506
			1349	505
			1348	504
			1347	503
			1347	502
			1346	501
			1345	500
			1344	499
			1343	498
			1342	497
			1342	496
			1341	495
			1340	494
			1339	493
			1338	492
			1337	491
			1337	490
			1336	489
			1335	488
			1334	487
			1333	486
			1332	485
			1331	484
			1330	483
			1329	482
			1328	481
			1328	480
			1327	479
			1326	478
			1325	477
			1324	476
			1323	475
			1322	474
			1322	473
			1321	473
			1320	472
			1320	471
			1319	470
			1318	470
			1317	469
			1317	468
			1316	467
			1315	467
			1315	466
			1314	465
			1313	464
			1312	464
			1312	463
			1311	462
			1310	461
			1309	461
			1308	460
			1308	459
			1307	458
			1306	458
			1305	457
			1305	456
			1304	455
			1303	455
			1302	454
			1301	453
			1301	452
			1300	451
			1299	451
			1298	450
			1297	449
			1297	448
			1296	448
			1295	447
			1294	446
			1293	445
			1292	445
			1292	444
			1291	443
			1290	442
			1289	441
			1288	441
			1287	440
			1286	439
			1285	438
			1284	437
			1283	436
			1282	435
			1281	434
			1280	433
			1279	433
			1279	432
			1278	432
			1277	431
			1276	430
			1275	429
			1274	428
			1273	428
			1272	427
			1272	426
			1271	426
			1270	425
			1269	424
			1268	424
			1267	423
			1267	422
			1266	422
			1265	421
			1264	420
			1263	419
			1262	418
			1261	417
			1260	416
			1259	416
			1258	415
			1257	414
			1256	413
			1255	412
			1254	412
			1253	411
			1252	410
			1251	409
			1250	409
			1250	408
			1249	408
			1248	407
			1247	406
			1246	405
			1245	404
			1244	404
			1243	403
			1242	403
			1241	402
			1241	401
			1240	401
			1239	400
			1238	400
			1238	399
			1237	398
			1236	398
			1235	397
			1234	397
			1234	396
			1233	395
			1232	395
			1231	394
			1230	394
			1230	393
			1229	392
			1228	392
			1227	391
			1226	391
			1226	390
			1225	389
			1224	389
			1223	388
			1222	388
			1222	387
			1221	386
			1220	386
			1219	385
			1218	384
			1217	384
			1217	383
			1216	383
			1215	382
			1214	381
			1213	381
			1212	380
			1211	380
			1211	379
			1210	378
			1209	378
			1208	377
			1207	377
			1206	376
			1205	375
			1204	374
			1203	373
			1202	373
			1201	372
			1200	371
			1199	370
			1198	370
			1197	369
			1196	369
			1195	368
			1194	367
			1193	367
			1192	366
			1191	365
			1190	364
			1189	364
			1188	363
			1187	362
			1186	362
			1185	361
			1184	360
			1183	360
			1182	359
			1181	359
			1180	358
			1180	357
			1179	357
			1178	356
			1177	355
			1176	355
			1175	354
			1174	353
			1173	353
			1172	352
			1171	351
			1170	351
			1169	350
			1168	349
			1167	349
			1166	348
			1165	347
			1164	347
			1163	346
			1162	345
			1161	345
			1160	344
			1159	344
			1158	343
			1157	342
			1156	342
			1155	341
			1154	340
			1153	340
			1152	339
			1151	338
			1150	338
			1149	337
			1148	337
			1148	336
			1147	336
			1146	336
			1145	335
			1144	335
			1143	334
			1142	334
			1141	334
			1140	333
			1139	333
			1138	332
			1137	332
			1136	331
			1135	331
			1134	331
			1133	330
			1132	330
			1131	329
			1130	329
			1129	328
			1128	328
			1127	328
			1126	327
			1125	327
			1124	326
			1123	326
			1122	325
			1121	325
			1120	325
			1119	324
			1118	324
			1117	323
			1116	323
			1115	322
			1114	322
			1113	322
			1112	321
			1111	321
			1110	320
			1109	320
			1108	320
			1108	319
			1107	319
			1106	318
			1105	318
			1104	317
			1103	317
			1102	317
			1101	316
			1100	316
			1099	315
			1098	315
			1097	314
			1096	314
			1095	313
			1094	313
			1093	313
			1093	312
			1092	312
			1091	312
			1091	311
			1090	311
			1089	311
			1089	310
			1088	310
			1087	310
			1086	309
			1085	308
			1084	308
			1083	308
			1082	307
			1081	307
			1080	306
			1079	306
			1078	305
			1077	305
			1076	304
			1075	304
			1074	304
			1074	303
			1073	303
			1072	302
			1071	302
			1070	301
			1069	301
			1068	300
			1067	300
			1066	299
			1065	299
			1064	298
			1063	298
			1062	297
			1061	297
			1060	296
			1059	296
			1058	295
			1057	294
			1056	294
			1055	293
			1054	293
			1053	292
			1052	292
			1051	291
			1050	291
			1049	290
			1048	290
			1047	289
			1046	289
			1045	288
			1044	288
			1044	287
			1043	287
			1042	286
			1041	286
			1040	285
			1039	285
			1039	284
			1038	284
			1037	283
			1036	283
			1035	282
			1034	282
			1034	281
			1033	281
			1032	280
			1031	280
			1031	279
			1030	279
			1029	278
			1028	278
			1027	277
			1026	277
			1025	276
			1024	275
			1023	275
			1022	274
			1021	273
			1020	272
			1019	272
			1018	271
			1017	270
			1016	270
			1015	269
			1014	269
			1013	268
			1012	267
			1011	267
			1010	266
			1009	265
			1008	264
			1007	263
			1006	262
			1005	262
			1004	261
			1003	260
			1002	259
			1001	259
			1000	258
			999	257
			998	256
			997	255
			996	254
			995	253
			994	252
			993	251
			992	251
			991	250
			990	249
			990	248
			989	247
			988	246
			987	245
			987	244
			986	244
			985	243
			985	242
			984	241
			983	240
			983	239
			982	239
			982	238
			981	237
			981	236
			980	235
			979	234
			979	233
			978	232
			978	231
			977	230
			976	229
			976	228
			975	227
			974	226
			974	225
			973	224
			973	223
			972	222
			971	221
			971	220
			970	219
			970	218
			969	217
			969	216
			969	215
			968	214
			968	213
			968	212
			967	211
			967	210
			967	209
			967	208
			966	207
			966	206
			966	205
			966	204
			966	203
			966	202
			966	201
			966	200
			966	199
			967	198
			967	197
			967	196
			968	195
			968	194
			969	193
			969	192
			970	192
			971	191
			972	190
			973	189
			974	188
			975	188
			976	187
			977	187
			978	186
			979	186
			980	185
			981	185
			982	185
			983	185
			984	184
			985	184
			986	184
			987	184
			988	184
			989	183
			990	183
			991	183
			992	183
			993	183
			994	183
			995	183
			996	182
			997	182
			998	182
			999	182
			1000	182
			1001	181
			1002	181
			1003	181
			1004	181
			1004	180
			1005	180
			1006	180
			1007	179
			1008	179
			1009	178
			1010	178
			1011	177
			1012	177
			1013	176
			1014	175
			1015	175
			1016	174
			1017	173
			1018	173
			1018	172
			1019	171
			1020	170
			1021	170
			1022	169
			1022	168
			1023	167
			1024	166
			1025	165
			1025	164
			1026	163
			1027	162
			1028	161
			1028	160
			1029	159
			1030	158
			1030	157
			1031	156
			1032	155
			1032	154
			1033	153
			1033	152
			1033	151
			1033	150
			1033	149
			1034	149
			1034	148
			1034	147
			1034	146
			1034	145
			1034	144
			1034	143
			1034	142
			1034	141
			1034	140
			1034	139
			1034	138
			1034	137
			1034	136
			1034	135
			1034	134
			1034	133
			1033	133
			1033	132
			1033	131
			1033	130
			1032	130
			1032	129
			1031	128
			1030	127
			1029	126
			1028	125
			1027	125
			1026	124
			1025	124
			1024	124
			1023	124
			1022	124
			1021	123
			1020	123
			1019	124
			1018	124
			1017	124
			1016	124
			1015	124
			1014	124
			1013	125
			1012	125
			1011	125
			1010	125
			1009	126
			1008	126
			1007	126
			1007	127
			1006	127
			1005	127
			1004	128
			1003	128
			1002	128
			1001	129
			1000	129
			999	129
			998	130
			997	130
			996	130
			995	131
			994	131
			993	131
			992	131
			991	132
			990	132
			989	132
			988	132
			987	132
			986	133
			985	133
			984	133
			983	133
			982	134
			981	134
			980	134
			979	134
			978	134
			977	134
			976	134
			976	135
			975	135
			974	135
			973	135
			972	135
			971	135
			970	135
			969	136
			968	136
			967	136
			966	136
			965	136
			964	136
			963	136
			962	136
			961	136
			960	137
			959	137
			958	137
			957	137
			956	137
			955	137
			954	137
			953	137
			952	138
			951	138
			950	138
			949	138
			948	138
			947	138
			946	139
			945	139
			944	139
			943	139
			942	139
			941	139
			940	139
			939	139
			938	139
			937	139
			936	139
			935	139
			934	139
			933	139
			932	139
			931	139
			930	139
			929	139
			928	139
			927	139
			926	138
			925	138
			924	138
			923	137
			922	137
			921	136
			920	136
			919	135
			919	134
			918	133
			918	132
			918	131
			918	130
			917	129
			916	129
			915	128
			914	128
			913	127
			912	127
			911	126
			910	126
			909	125
			908	125
			907	125
			906	125
			905	125
			904	125
			903	126
			902	126
			901	127
			900	128
			899	129
			899	130
			899	131
			899	132
			898	133
			898	134
			898	135
			898	136
			898	137
		</margin>
	</curves.pixel>
	<curves.scaled type=list>
		<axis type=matrix rownames=FALSE colnames=FALSE nrow=667 ncol=2 as.numeric=TRUE >
			2.65660377358491	-0.173584905660377
			2.66037735849057	-0.173584905660377
			2.66415094339623	-0.173584905660377
			2.66415094339623	-0.169811320754717
			2.66792452830189	-0.169811320754717
			2.67169811320755	-0.169811320754717
			2.67547169811321	-0.169811320754717
			2.67924528301887	-0.169811320754717
			2.68301886792453	-0.169811320754717
			2.68679245283019	-0.169811320754717
			2.69056603773585	-0.166037735849057
			2.69433962264151	-0.166037735849057
			2.69811320754717	-0.166037735849057
			2.70188679245283	-0.166037735849057
			2.70566037735849	-0.166037735849057
			2.70943396226415	-0.166037735849057
			2.71320754716981	-0.166037735849057
			2.71698113207547	-0.166037735849057
			2.72075471698113	-0.166037735849057
			2.72452830188679	-0.166037735849057
			2.72830188679245	-0.166037735849057
			2.73207547169811	-0.169811320754717
			2.73584905660377	-0.169811320754717
			2.73962264150943	-0.169811320754717
			2.74339622641509	-0.169811320754717
			2.74716981132075	-0.169811320754717
			2.75094339622642	-0.169811320754717
			2.75471698113208	-0.169811320754717
			2.75849056603774	-0.169811320754717
			2.7622641509434	-0.173584905660377
			2.76603773584906	-0.173584905660377
			2.76981132075472	-0.173584905660377
			2.77358490566038	-0.173584905660377
			2.77735849056604	-0.177358490566038
			2.7811320754717	-0.177358490566038
			2.78490566037736	-0.177358490566038
			2.78867924528302	-0.177358490566038
			2.79245283018868	-0.181132075471698
			2.79622641509434	-0.181132075471698
			2.8	-0.181132075471698
			2.80377358490566	-0.181132075471698
			2.80377358490566	-0.184905660377359
			2.80754716981132	-0.184905660377359
			2.81132075471698	-0.184905660377359
			2.81509433962264	-0.184905660377359
			2.8188679245283	-0.188679245283019
			2.82264150943396	-0.188679245283019
			2.82641509433962	-0.188679245283019
			2.83018867924528	-0.192452830188679
			2.83396226415094	-0.192452830188679
			2.8377358490566	-0.19622641509434
			2.84150943396226	-0.19622641509434
			2.84528301886792	-0.19622641509434
			2.84905660377358	-0.2
			2.85283018867925	-0.2
			2.85660377358491	-0.20377358490566
			2.86037735849057	-0.20377358490566
			2.86415094339623	-0.207547169811321
			2.86792452830189	-0.207547169811321
			2.87169811320755	-0.207547169811321
			2.87547169811321	-0.211320754716981
			2.87924528301887	-0.211320754716981
			2.88301886792453	-0.215094339622642
			2.88679245283019	-0.215094339622642
			2.89056603773585	-0.218867924528302
			2.89433962264151	-0.218867924528302
			2.89811320754717	-0.222641509433962
			2.90188679245283	-0.222641509433962
			2.90566037735849	-0.226415094339623
			2.90943396226415	-0.230188679245283
			2.91320754716981	-0.230188679245283
			2.91698113207547	-0.233962264150943
			2.92075471698113	-0.233962264150943
			2.92452830188679	-0.237735849056604
			2.92830188679245	-0.237735849056604
			2.93207547169811	-0.241509433962264
			2.93584905660377	-0.241509433962264
			2.93584905660377	-0.245283018867925
			2.93962264150943	-0.245283018867925
			2.94339622641509	-0.245283018867925
			2.94339622641509	-0.249056603773585
			2.94716981132075	-0.249056603773585
			2.95094339622642	-0.249056603773585
			2.95094339622642	-0.252830188679245
			2.95471698113208	-0.252830188679245
			2.95849056603774	-0.256603773584906
			2.9622641509434	-0.256603773584906
			2.96603773584906	-0.260377358490566
			2.96981132075472	-0.264150943396226
			2.97358490566038	-0.264150943396226
			2.97735849056604	-0.267924528301887
			2.9811320754717	-0.267924528301887
			2.9811320754717	-0.271698113207547
			2.98490566037736	-0.271698113207547
			2.98867924528302	-0.275471698113208
			2.99245283018868	-0.275471698113208
			2.99622641509434	-0.279245283018868
			3	-0.283018867924528
			3.00377358490566	-0.286792452830189
			3.00754716981132	-0.286792452830189
			3.01132075471698	-0.290566037735849
			3.01509433962264	-0.294339622641509
			3.0188679245283	-0.294339622641509
			3.02264150943396	-0.29811320754717
			3.02641509433962	-0.30188679245283
			3.03018867924528	-0.30188679245283
			3.03396226415094	-0.305660377358491
			3.0377358490566	-0.309433962264151
			3.04150943396226	-0.313207547169811
			3.04528301886792	-0.313207547169811
			3.04905660377359	-0.313207547169811
			3.04905660377359	-0.316981132075472
			3.05283018867925	-0.316981132075472
			3.05660377358491	-0.320754716981132
			3.06037735849057	-0.320754716981132
			3.06415094339623	-0.324528301886792
			3.06792452830189	-0.324528301886792
			3.07169811320755	-0.328301886792453
			3.07547169811321	-0.328301886792453
			3.07924528301887	-0.332075471698113
			3.08301886792453	-0.335849056603774
			3.08679245283019	-0.339622641509434
			3.09056603773585	-0.339622641509434
			3.09433962264151	-0.343396226415094
			3.09811320754717	-0.347169811320755
			3.10188679245283	-0.347169811320755
			3.10566037735849	-0.350943396226415
			3.10943396226415	-0.350943396226415
			3.11320754716981	-0.354716981132075
			3.11698113207547	-0.358490566037736
			3.12075471698113	-0.358490566037736
			3.12452830188679	-0.362264150943396
			3.12830188679245	-0.362264150943396
			3.13207547169811	-0.366037735849057
			3.13584905660377	-0.366037735849057
			3.13584905660377	-0.369811320754717
			3.13962264150943	-0.373584905660377
			3.14339622641509	-0.373584905660377
			3.14716981132075	-0.377358490566038
			3.15094339622642	-0.381132075471698
			3.15471698113208	-0.381132075471698
			3.15849056603774	-0.384905660377359
			3.1622641509434	-0.384905660377359
			3.1622641509434	-0.388679245283019
			3.16603773584906	-0.392452830188679
			3.16981132075472	-0.392452830188679
			3.17358490566038	-0.39622641509434
			3.17735849056604	-0.4
			3.1811320754717	-0.40377358490566
			3.18490566037736	-0.407547169811321
			3.18867924528302	-0.411320754716981
			3.19245283018868	-0.415094339622642
			3.19622641509434	-0.418867924528302
			3.19622641509434	-0.422641509433962
			3.19622641509434	-0.426415094339623
			3.19622641509434	-0.430188679245283
			3.19622641509434	-0.433962264150943
			3.19622641509434	-0.437735849056604
			3.19622641509434	-0.441509433962264
			3.19622641509434	-0.445283018867925
			3.19622641509434	-0.449056603773585
			3.19622641509434	-0.452830188679245
			3.2	-0.456603773584906
			3.2	-0.460377358490566
			3.20377358490566	-0.464150943396226
			3.20754716981132	-0.467924528301887
			3.21132075471698	-0.471698113207547
			3.21509433962264	-0.475471698113208
			3.2188679245283	-0.479245283018868
			3.22264150943396	-0.483018867924528
			3.22641509433962	-0.486792452830189
			3.23018867924528	-0.486792452830189
			3.23396226415094	-0.490566037735849
			3.2377358490566	-0.490566037735849
			3.24150943396226	-0.494339622641509
			3.24528301886792	-0.494339622641509
			3.24905660377358	-0.494339622641509
			3.24905660377358	-0.49811320754717
			3.25283018867925	-0.49811320754717
			3.25660377358491	-0.49811320754717
			3.26037735849057	-0.49811320754717
			3.26415094339623	-0.50188679245283
			3.26792452830189	-0.50188679245283
			3.27169811320755	-0.50188679245283
			3.27547169811321	-0.50188679245283
			3.27924528301887	-0.505660377358491
			3.28301886792453	-0.505660377358491
			3.28679245283019	-0.505660377358491
			3.29056603773585	-0.505660377358491
			3.29433962264151	-0.505660377358491
			3.29811320754717	-0.505660377358491
			3.30188679245283	-0.505660377358491
			3.30566037735849	-0.505660377358491
			3.30943396226415	-0.505660377358491
			3.31320754716981	-0.505660377358491
			3.31698113207547	-0.505660377358491
			3.32075471698113	-0.509433962264151
			3.32452830188679	-0.509433962264151
			3.32830188679245	-0.509433962264151
			3.33207547169811	-0.509433962264151
			3.33584905660377	-0.509433962264151
			3.33962264150943	-0.509433962264151
			3.34339622641509	-0.509433962264151
			3.34716981132075	-0.509433962264151
			3.35094339622642	-0.509433962264151
			3.35471698113208	-0.509433962264151
			3.35849056603774	-0.505660377358491
			3.3622641509434	-0.505660377358491
			3.36603773584906	-0.505660377358491
			3.36981132075472	-0.505660377358491
			3.37358490566038	-0.505660377358491
			3.37735849056604	-0.505660377358491
			3.3811320754717	-0.505660377358491
			3.38490566037736	-0.505660377358491
			3.38867924528302	-0.505660377358491
			3.39245283018868	-0.509433962264151
			3.39245283018868	-0.513207547169811
			3.39245283018868	-0.516981132075472
			3.39245283018868	-0.520754716981132
			3.38867924528302	-0.524528301886792
			3.38867924528302	-0.528301886792453
			3.38867924528302	-0.532075471698113
			3.38867924528302	-0.535849056603774
			3.38867924528302	-0.539622641509434
			3.38867924528302	-0.543396226415094
			3.38867924528302	-0.547169811320755
			3.38867924528302	-0.550943396226415
			3.38490566037736	-0.554716981132075
			3.38490566037736	-0.558490566037736
			3.38490566037736	-0.562264150943396
			3.38490566037736	-0.566037735849057
			3.38490566037736	-0.569811320754717
			3.38490566037736	-0.573584905660377
			3.38490566037736	-0.577358490566038
			3.38490566037736	-0.581132075471698
			3.3811320754717	-0.581132075471698
			3.3811320754717	-0.584905660377358
			3.3811320754717	-0.588679245283019
			3.3811320754717	-0.592452830188679
			3.3811320754717	-0.59622641509434
			3.3811320754717	-0.6
			3.3811320754717	-0.60377358490566
			3.3811320754717	-0.607547169811321
			3.37735849056604	-0.611320754716981
			3.37735849056604	-0.615094339622641
			3.37735849056604	-0.618867924528302
			3.37735849056604	-0.622641509433962
			3.37735849056604	-0.626415094339623
			3.37735849056604	-0.630188679245283
			3.37735849056604	-0.633962264150943
			3.37358490566038	-0.637735849056604
			3.37358490566038	-0.641509433962264
			3.37358490566038	-0.645283018867924
			3.37358490566038	-0.649056603773585
			3.37358490566038	-0.652830188679245
			3.37358490566038	-0.656603773584906
			3.37358490566038	-0.660377358490566
			3.36981132075472	-0.664150943396226
			3.36981132075472	-0.667924528301887
			3.36981132075472	-0.671698113207547
			3.36981132075472	-0.675471698113208
			3.36981132075472	-0.679245283018868
			3.36981132075472	-0.683018867924528
			3.36603773584906	-0.686792452830189
			3.36603773584906	-0.690566037735849
			3.36603773584906	-0.694339622641509
			3.36603773584906	-0.69811320754717
			3.36603773584906	-0.70188679245283
			3.36603773584906	-0.705660377358491
			3.36603773584906	-0.709433962264151
			3.3622641509434	-0.713207547169811
			3.3622641509434	-0.716981132075472
			3.3622641509434	-0.720754716981132
			3.3622641509434	-0.724528301886793
			3.3622641509434	-0.728301886792453
			3.3622641509434	-0.732075471698113
			3.35849056603774	-0.735849056603774
			3.35849056603774	-0.739622641509434
			3.35849056603774	-0.743396226415094
			3.35849056603774	-0.747169811320755
			3.35849056603774	-0.750943396226415
			3.35849056603774	-0.754716981132076
			3.35471698113208	-0.758490566037736
			3.35471698113208	-0.762264150943396
			3.35471698113208	-0.766037735849057
			3.35471698113208	-0.769811320754717
			3.35471698113208	-0.773584905660377
			3.35471698113208	-0.777358490566038
			3.35094339622642	-0.781132075471698
			3.35094339622642	-0.784905660377359
			3.35094339622642	-0.788679245283019
			3.35094339622642	-0.792452830188679
			3.35094339622642	-0.79622641509434
			3.35094339622642	-0.8
			3.34716981132075	-0.80377358490566
			3.34716981132075	-0.807547169811321
			3.34716981132075	-0.811320754716981
			3.34716981132075	-0.815094339622642
			3.34716981132075	-0.818867924528302
			3.34716981132075	-0.822641509433962
			3.34339622641509	-0.826415094339623
			3.34339622641509	-0.830188679245283
			3.34339622641509	-0.833962264150943
			3.34339622641509	-0.837735849056604
			3.34339622641509	-0.841509433962264
			3.33962264150943	-0.845283018867925
			3.33962264150943	-0.849056603773585
			3.33962264150943	-0.852830188679245
			3.33962264150943	-0.856603773584906
			3.33962264150943	-0.860377358490566
			3.33962264150943	-0.864150943396226
			3.33584905660377	-0.867924528301887
			3.33584905660377	-0.871698113207547
			3.33584905660377	-0.875471698113208
			3.33584905660377	-0.879245283018868
			3.33584905660377	-0.883018867924528
			3.33584905660377	-0.886792452830189
			3.33207547169811	-0.886792452830189
			3.33207547169811	-0.890566037735849
			3.33207547169811	-0.894339622641509
			3.33207547169811	-0.89811320754717
			3.33207547169811	-0.90188679245283
			3.33207547169811	-0.905660377358491
			3.32830188679245	-0.909433962264151
			3.32830188679245	-0.913207547169811
			3.32830188679245	-0.916981132075472
			3.32830188679245	-0.920754716981132
			3.32830188679245	-0.924528301886792
			3.32830188679245	-0.928301886792453
			3.32452830188679	-0.932075471698113
			3.32452830188679	-0.935849056603774
			3.32452830188679	-0.939622641509434
			3.32452830188679	-0.943396226415094
			3.32075471698113	-0.947169811320755
			3.32075471698113	-0.950943396226415
			3.32075471698113	-0.954716981132075
			3.32075471698113	-0.958490566037736
			3.32075471698113	-0.962264150943396
			3.31698113207547	-0.966037735849057
			3.31698113207547	-0.969811320754717
			3.31320754716981	-0.973584905660377
			3.31320754716981	-0.977358490566038
			3.31320754716981	-0.981132075471698
			3.31320754716981	-0.984905660377358
			3.30943396226415	-0.984905660377358
			3.30943396226415	-0.988679245283019
			3.30943396226415	-0.992452830188679
			3.30943396226415	-0.99622641509434
			3.30566037735849	-1
			3.30566037735849	-1.00377358490566
			3.30188679245283	-1.00754716981132
			3.30188679245283	-1.01132075471698
			3.30188679245283	-1.01509433962264
			3.30188679245283	-1.0188679245283
			3.29811320754717	-1.02264150943396
			3.29811320754717	-1.02641509433962
			3.29433962264151	-1.03018867924528
			3.29433962264151	-1.03396226415094
			3.29433962264151	-1.0377358490566
			3.29056603773585	-1.04150943396226
			3.29056603773585	-1.04528301886792
			3.29056603773585	-1.04905660377358
			3.28679245283019	-1.05283018867925
			3.28679245283019	-1.05660377358491
			3.28679245283019	-1.06037735849057
			3.28301886792453	-1.06415094339623
			3.28301886792453	-1.06792452830189
			3.28301886792453	-1.07169811320755
			3.27924528301887	-1.07547169811321
			3.27924528301887	-1.07924528301887
			3.27924528301887	-1.08301886792453
			3.27924528301887	-1.08679245283019
			3.27547169811321	-1.08679245283019
			3.27547169811321	-1.09056603773585
			3.27547169811321	-1.09433962264151
			3.27169811320755	-1.09811320754717
			3.27169811320755	-1.10188679245283
			3.27169811320755	-1.10566037735849
			3.26792452830189	-1.10943396226415
			3.26792452830189	-1.11320754716981
			3.26792452830189	-1.11698113207547
			3.26415094339623	-1.11698113207547
			3.26415094339623	-1.12075471698113
			3.26415094339623	-1.12452830188679
			3.26415094339623	-1.12830188679245
			3.26037735849057	-1.12830188679245
			3.26037735849057	-1.13207547169811
			3.26037735849057	-1.13584905660377
			3.26037735849057	-1.13962264150943
			3.25660377358491	-1.14339622641509
			3.25660377358491	-1.14716981132075
			3.25283018867925	-1.15094339622642
			3.25283018867925	-1.15471698113208
			3.25283018867925	-1.15849056603774
			3.25283018867925	-1.1622641509434
			3.24905660377358	-1.16603773584906
			3.24905660377358	-1.16981132075472
			3.24528301886792	-1.17358490566038
			3.24528301886792	-1.17735849056604
			3.24528301886792	-1.1811320754717
			3.24150943396226	-1.18490566037736
			3.24150943396226	-1.18867924528302
			3.24150943396226	-1.19245283018868
			3.2377358490566	-1.19622641509434
			3.2377358490566	-1.2
			3.2377358490566	-1.20377358490566
			3.23396226415094	-1.20754716981132
			3.23396226415094	-1.21132075471698
			3.23018867924528	-1.21509433962264
			3.23018867924528	-1.2188679245283
			3.23018867924528	-1.22264150943396
			3.22641509433962	-1.22641509433962
			3.22641509433962	-1.23018867924528
			3.22641509433962	-1.23396226415094
			3.22264150943396	-1.2377358490566
			3.22264150943396	-1.24150943396226
			3.22264150943396	-1.24528301886792
			3.2188679245283	-1.24905660377358
			3.2188679245283	-1.25283018867925
			3.2188679245283	-1.25660377358491
			3.21509433962264	-1.26037735849057
			3.21509433962264	-1.26415094339623
			3.21509433962264	-1.26792452830189
			3.21132075471698	-1.27169811320755
			3.21132075471698	-1.27547169811321
			3.21132075471698	-1.27924528301887
			3.20754716981132	-1.28301886792453
			3.20754716981132	-1.28679245283019
			3.20754716981132	-1.29056603773585
			3.20377358490566	-1.29433962264151
			3.20377358490566	-1.29811320754717
			3.2	-1.30188679245283
			3.2	-1.30566037735849
			3.2	-1.30943396226415
			3.19622641509434	-1.31320754716981
			3.19622641509434	-1.31698113207547
			3.19622641509434	-1.32075471698113
			3.19245283018868	-1.32452830188679
			3.19245283018868	-1.32830188679245
			3.19245283018868	-1.33207547169811
			3.18867924528302	-1.33584905660377
			3.18867924528302	-1.33962264150943
			3.18867924528302	-1.34339622641509
			3.18490566037736	-1.34716981132075
			3.18490566037736	-1.35094339622642
			3.18490566037736	-1.35471698113208
			3.1811320754717	-1.35849056603774
			3.1811320754717	-1.3622641509434
			3.1811320754717	-1.36603773584906
			3.17735849056604	-1.36603773584906
			3.17735849056604	-1.36981132075472
			3.17735849056604	-1.37358490566038
			3.17358490566038	-1.37735849056604
			3.17358490566038	-1.3811320754717
			3.17358490566038	-1.38490566037736
			3.16981132075472	-1.38867924528302
			3.16981132075472	-1.39245283018868
			3.16981132075472	-1.39622641509434
			3.16603773584906	-1.4
			3.16603773584906	-1.40377358490566
			3.16603773584906	-1.40754716981132
			3.1622641509434	-1.41132075471698
			3.1622641509434	-1.41509433962264
			3.1622641509434	-1.4188679245283
			3.15849056603774	-1.42264150943396
			3.15849056603774	-1.42641509433962
			3.15471698113208	-1.43018867924528
			3.15471698113208	-1.43396226415094
			3.15471698113208	-1.4377358490566
			3.15094339622642	-1.44150943396226
			3.15094339622642	-1.44528301886792
			3.14716981132075	-1.44905660377359
			3.14716981132075	-1.45283018867925
			3.14716981132075	-1.45660377358491
			3.14716981132075	-1.46037735849057
			3.14339622641509	-1.46415094339623
			3.14339622641509	-1.46792452830189
			3.13962264150943	-1.47169811320755
			3.13962264150943	-1.47547169811321
			3.13962264150943	-1.47924528301887
			3.13584905660377	-1.48301886792453
			3.13584905660377	-1.48679245283019
			3.13584905660377	-1.49056603773585
			3.13207547169811	-1.49433962264151
			3.13207547169811	-1.49811320754717
			3.13207547169811	-1.50188679245283
			3.12830188679245	-1.50566037735849
			3.12830188679245	-1.50943396226415
			3.12830188679245	-1.51320754716981
			3.12452830188679	-1.51320754716981
			3.12452830188679	-1.51698113207547
			3.12452830188679	-1.52075471698113
			3.12075471698113	-1.52452830188679
			3.12075471698113	-1.52830188679245
			3.12075471698113	-1.53207547169811
			3.11698113207547	-1.53584905660377
			3.11698113207547	-1.53962264150943
			3.11698113207547	-1.54339622641509
			3.11320754716981	-1.54716981132075
			3.11320754716981	-1.55094339622642
			3.11320754716981	-1.55471698113208
			3.10943396226415	-1.55849056603774
			3.10943396226415	-1.5622641509434
			3.10566037735849	-1.56603773584906
			3.10566037735849	-1.56981132075472
			3.10566037735849	-1.57358490566038
			3.10188679245283	-1.57358490566038
			3.10188679245283	-1.57735849056604
			3.10188679245283	-1.5811320754717
			3.09811320754717	-1.58490566037736
			3.09811320754717	-1.58867924528302
			3.09811320754717	-1.59245283018868
			3.09433962264151	-1.59622641509434
			3.09433962264151	-1.6
			3.09433962264151	-1.60377358490566
			3.09056603773585	-1.60754716981132
			3.09056603773585	-1.61132075471698
			3.09056603773585	-1.61509433962264
			3.08679245283019	-1.6188679245283
			3.08679245283019	-1.62264150943396
			3.08301886792453	-1.62641509433962
			3.08301886792453	-1.63018867924528
			3.08301886792453	-1.63396226415094
			3.07924528301887	-1.63396226415094
			3.07924528301887	-1.6377358490566
			3.07924528301887	-1.64150943396226
			3.07547169811321	-1.64528301886792
			3.07547169811321	-1.64905660377358
			3.07547169811321	-1.65283018867925
			3.07169811320755	-1.65660377358491
			3.07169811320755	-1.66037735849057
			3.07169811320755	-1.66415094339623
			3.06792452830189	-1.66792452830189
			3.06792452830189	-1.67169811320755
			3.06415094339623	-1.67547169811321
			3.06415094339623	-1.67924528301887
			3.06415094339623	-1.68301886792453
			3.06037735849057	-1.68679245283019
			3.06037735849057	-1.69056603773585
			3.06037735849057	-1.69433962264151
			3.05660377358491	-1.69811320754717
			3.05660377358491	-1.70188679245283
			3.05660377358491	-1.70566037735849
			3.05283018867925	-1.70943396226415
			3.05283018867925	-1.71320754716981
			3.04905660377359	-1.71698113207547
			3.04905660377359	-1.72075471698113
			3.04905660377359	-1.72452830188679
			3.04528301886792	-1.72830188679245
			3.04528301886792	-1.73207547169811
			3.04528301886792	-1.73584905660377
			3.04150943396226	-1.73962264150943
			3.04150943396226	-1.74339622641509
			3.0377358490566	-1.74716981132075
			3.0377358490566	-1.75094339622642
			3.03396226415094	-1.75471698113208
			3.03396226415094	-1.75849056603774
			3.03396226415094	-1.7622641509434
			3.03018867924528	-1.76603773584906
			3.03018867924528	-1.76981132075472
			3.03018867924528	-1.77358490566038
			3.02641509433962	-1.77358490566038
			3.02641509433962	-1.77735849056604
			3.02264150943396	-1.7811320754717
			3.02264150943396	-1.78490566037736
			3.0188679245283	-1.78867924528302
			3.01509433962264	-1.79245283018868
			3.01132075471698	-1.79622641509434
			3.01132075471698	-1.8
			3.00754716981132	-1.80377358490566
			3.00377358490566	-1.80377358490566
			3	-1.80754716981132
			2.99622641509434	-1.81132075471698
			2.99245283018868	-1.81509433962264
			2.98867924528302	-1.8188679245283
			2.98490566037736	-1.8188679245283
			2.9811320754717	-1.82264150943396
			2.97735849056604	-1.82641509433962
			2.97358490566038	-1.83018867924528
			2.96981132075472	-1.83018867924528
			2.96603773584906	-1.83396226415094
			2.9622641509434	-1.8377358490566
			2.95849056603774	-1.8377358490566
			2.95471698113208	-1.84150943396226
			2.95094339622642	-1.84150943396226
			2.94716981132075	-1.84528301886792
			2.94339622641509	-1.84528301886792
			2.93962264150943	-1.84905660377358
			2.93584905660377	-1.84905660377358
			2.93207547169811	-1.84905660377358
			2.93207547169811	-1.85283018867925
			2.92830188679245	-1.85283018867925
			2.92452830188679	-1.85283018867925
			2.92075471698113	-1.85283018867925
			2.91698113207547	-1.85660377358491
			2.91320754716981	-1.85660377358491
			2.90943396226415	-1.85660377358491
			2.90566037735849	-1.86037735849057
			2.90188679245283	-1.86037735849057
			2.89811320754717	-1.86037735849057
			2.89433962264151	-1.86037735849057
			2.89056603773585	-1.86415094339623
			2.88679245283019	-1.86415094339623
			2.88301886792453	-1.86415094339623
			2.87924528301887	-1.86415094339623
			2.87547169811321	-1.86415094339623
			2.87169811320755	-1.86792452830189
			2.86792452830189	-1.86792452830189
			2.86415094339623	-1.86792452830189
			2.86037735849057	-1.86792452830189
			2.85660377358491	-1.86792452830189
			2.85283018867925	-1.86792452830189
			2.84905660377358	-1.86792452830189
			2.84528301886792	-1.86792452830189
			2.84150943396226	-1.86792452830189
			2.8377358490566	-1.86792452830189
			2.83396226415094	-1.87169811320755
			2.83018867924528	-1.87169811320755
			2.82641509433962	-1.87169811320755
			2.82264150943396	-1.87169811320755
			2.8188679245283	-1.87169811320755
			2.81509433962264	-1.87169811320755
			2.81132075471698	-1.87169811320755
			2.80754716981132	-1.87169811320755
			2.80377358490566	-1.87169811320755
			2.8	-1.87169811320755
			2.79622641509434	-1.87169811320755
			2.79245283018868	-1.87169811320755
			2.78867924528302	-1.87169811320755
			2.78490566037736	-1.87169811320755
			2.7811320754717	-1.87169811320755
			2.77735849056604	-1.87169811320755
			2.77358490566038	-1.87169811320755
			2.76981132075472	-1.86792452830189
			2.76603773584906	-1.86792452830189
			2.7622641509434	-1.86792452830189
			2.75849056603774	-1.86792452830189
			2.75471698113208	-1.86792452830189
			2.75094339622642	-1.86792452830189
			2.74716981132075	-1.86792452830189
			2.74339622641509	-1.86792452830189
			2.73962264150943	-1.86792452830189
			2.73584905660377	-1.86792452830189
			2.73207547169811	-1.86792452830189
			2.72830188679245	-1.86415094339623
			2.72452830188679	-1.86415094339623
			2.72075471698113	-1.86415094339623
			2.71698113207547	-1.86415094339623
			2.71320754716981	-1.86415094339623
			2.70943396226415	-1.86415094339623
			2.70566037735849	-1.86415094339623
			2.70188679245283	-1.86415094339623
			2.69811320754717	-1.86037735849057
			2.69433962264151	-1.86037735849057
			2.69056603773585	-1.86037735849057
			2.68679245283019	-1.86037735849057
			2.68301886792453	-1.86037735849057
			2.67924528301887	-1.86037735849057
			2.67547169811321	-1.85660377358491
			2.67169811320755	-1.85660377358491
			2.66792452830189	-1.85660377358491
			2.66415094339623	-1.85660377358491
			2.66037735849057	-1.85660377358491
			2.65660377358491	-1.85660377358491
			2.65283018867925	-1.85283018867925
			2.64905660377358	-1.85283018867925
			2.64528301886792	-1.85283018867925
		</axis>
		<margin type=matrix rownames=FALSE colnames=FALSE nrow=2676 ncol=2 as.numeric=TRUE >
			2.63018867924528	-2.27169811320755
			2.63396226415094	-2.27169811320755
			2.6377358490566	-2.26792452830189
			2.64150943396226	-2.26792452830189
			2.64528301886792	-2.26792452830189
			2.64905660377358	-2.26792452830189
			2.65283018867925	-2.26792452830189
			2.65660377358491	-2.26415094339623
			2.66037735849057	-2.26415094339623
			2.66415094339623	-2.26415094339623
			2.66792452830189	-2.26415094339623
			2.67169811320755	-2.26415094339623
			2.67547169811321	-2.26415094339623
			2.67924528301887	-2.26415094339623
			2.68301886792453	-2.26415094339623
			2.68679245283019	-2.26037735849057
			2.69056603773585	-2.26037735849057
			2.69433962264151	-2.26037735849057
			2.69811320754717	-2.26037735849057
			2.70188679245283	-2.26037735849057
			2.70566037735849	-2.26037735849057
			2.70943396226415	-2.26037735849057
			2.71320754716981	-2.26037735849057
			2.71698113207547	-2.26037735849057
			2.72075471698113	-2.26037735849057
			2.72452830188679	-2.26037735849057
			2.72830188679245	-2.26037735849057
			2.73207547169811	-2.26037735849057
			2.73584905660377	-2.26415094339623
			2.73962264150943	-2.26415094339623
			2.74339622641509	-2.26415094339623
			2.74716981132075	-2.26415094339623
			2.75094339622642	-2.26415094339623
			2.75471698113208	-2.26415094339623
			2.75849056603774	-2.26415094339623
			2.7622641509434	-2.26415094339623
			2.76603773584906	-2.26792452830189
			2.76981132075472	-2.26792452830189
			2.77358490566038	-2.26792452830189
			2.77735849056604	-2.26792452830189
			2.7811320754717	-2.26792452830189
			2.78490566037736	-2.27169811320755
			2.78867924528302	-2.27169811320755
			2.79245283018868	-2.27169811320755
			2.79622641509434	-2.27169811320755
			2.8	-2.27547169811321
			2.80377358490566	-2.27547169811321
			2.80754716981132	-2.27547169811321
			2.81132075471698	-2.27547169811321
			2.81509433962264	-2.27924528301887
			2.8188679245283	-2.27924528301887
			2.82264150943396	-2.27924528301887
			2.82264150943396	-2.28301886792453
			2.82641509433962	-2.28301886792453
			2.83018867924528	-2.28301886792453
			2.83396226415094	-2.28679245283019
			2.8377358490566	-2.28679245283019
			2.84150943396226	-2.28679245283019
			2.84528301886792	-2.29056603773585
			2.84905660377358	-2.29056603773585
			2.85283018867925	-2.29056603773585
			2.85660377358491	-2.29433962264151
			2.86037735849057	-2.29433962264151
			2.86415094339623	-2.29811320754717
			2.86792452830189	-2.29811320754717
			2.87169811320755	-2.30188679245283
			2.87547169811321	-2.30188679245283
			2.87924528301887	-2.30188679245283
			2.87924528301887	-2.30566037735849
			2.88301886792453	-2.30566037735849
			2.88679245283019	-2.30566037735849
			2.88679245283019	-2.30943396226415
			2.89056603773585	-2.30943396226415
			2.89433962264151	-2.30943396226415
			2.89433962264151	-2.31320754716981
			2.89811320754717	-2.31320754716981
			2.90188679245283	-2.31698113207547
			2.90566037735849	-2.31698113207547
			2.90943396226415	-2.32075471698113
			2.91320754716981	-2.32075471698113
			2.91698113207547	-2.32452830188679
			2.92075471698113	-2.32830188679245
			2.92452830188679	-2.32830188679245
			2.92830188679245	-2.33207547169811
			2.93207547169811	-2.33207547169811
			2.93584905660377	-2.33584905660377
			2.93962264150943	-2.33962264150943
			2.94339622641509	-2.33962264150943
			2.94716981132075	-2.34339622641509
			2.95094339622642	-2.34716981132075
			2.95471698113208	-2.34716981132075
			2.95849056603774	-2.35094339622642
			2.9622641509434	-2.35471698113208
			2.96603773584906	-2.35471698113208
			2.96981132075472	-2.35849056603774
			2.97358490566038	-2.3622641509434
			2.97735849056604	-2.36603773584906
			2.9811320754717	-2.36603773584906
			2.98490566037736	-2.36981132075472
			2.98867924528302	-2.37358490566038
			2.99245283018868	-2.37735849056604
			2.99622641509434	-2.37735849056604
			3	-2.3811320754717
			3.00377358490566	-2.38490566037736
			3.00754716981132	-2.38867924528302
			3.01132075471698	-2.38867924528302
			3.01509433962264	-2.39245283018868
			3.0188679245283	-2.39622641509434
			3.02264150943396	-2.4
			3.02641509433962	-2.40377358490566
			3.03018867924528	-2.40754716981132
			3.03396226415094	-2.41132075471698
			3.0377358490566	-2.41132075471698
			3.04150943396226	-2.41509433962264
			3.04528301886792	-2.4188679245283
			3.04905660377359	-2.42264150943396
			3.05283018867925	-2.42641509433962
			3.05660377358491	-2.43018867924528
			3.06037735849057	-2.43018867924528
			3.06037735849057	-2.43396226415094
			3.06415094339623	-2.43396226415094
			3.06792452830189	-2.4377358490566
			3.07169811320755	-2.44150943396226
			3.07547169811321	-2.44528301886792
			3.07924528301887	-2.44905660377359
			3.08301886792453	-2.45283018867925
			3.08679245283019	-2.45660377358491
			3.09056603773585	-2.46037735849057
			3.09433962264151	-2.46415094339623
			3.09811320754717	-2.46792452830189
			3.10188679245283	-2.47169811320755
			3.10566037735849	-2.47547169811321
			3.10943396226415	-2.47924528301887
			3.11320754716981	-2.48301886792453
			3.11698113207547	-2.48679245283019
			3.12075471698113	-2.49056603773585
			3.12452830188679	-2.49433962264151
			3.12830188679245	-2.49811320754717
			3.13207547169811	-2.50188679245283
			3.13584905660377	-2.50566037735849
			3.13962264150943	-2.50943396226415
			3.13962264150943	-2.51320754716981
			3.14339622641509	-2.51698113207547
			3.14716981132075	-2.51698113207547
			3.15094339622642	-2.52075471698113
			3.15471698113208	-2.52452830188679
			3.15471698113208	-2.52830188679245
			3.15849056603774	-2.53207547169811
			3.1622641509434	-2.53584905660377
			3.16603773584906	-2.53962264150943
			3.16603773584906	-2.54339622641509
			3.16981132075472	-2.54339622641509
			3.17358490566038	-2.54716981132075
			3.17735849056604	-2.55094339622641
			3.1811320754717	-2.55471698113208
			3.1811320754717	-2.55849056603774
			3.18490566037736	-2.5622641509434
			3.18867924528302	-2.56603773584906
			3.19245283018868	-2.56981132075472
			3.19622641509434	-2.57358490566038
			3.2	-2.57735849056604
			3.2	-2.5811320754717
			3.20377358490566	-2.58490566037736
			3.20754716981132	-2.58867924528302
			3.21132075471698	-2.59245283018868
			3.21509433962264	-2.59622641509434
			3.21509433962264	-2.6
			3.2188679245283	-2.60377358490566
			3.22264150943396	-2.60754716981132
			3.22641509433962	-2.61132075471698
			3.23018867924528	-2.61509433962264
			3.23018867924528	-2.6188679245283
			3.23396226415094	-2.62264150943396
			3.2377358490566	-2.62641509433962
			3.24150943396226	-2.63018867924528
			3.24528301886792	-2.63396226415094
			3.24905660377358	-2.6377358490566
			3.24905660377358	-2.64150943396226
			3.25283018867925	-2.64528301886792
			3.25660377358491	-2.64905660377358
			3.26037735849057	-2.65283018867925
			3.26415094339623	-2.65660377358491
			3.26415094339623	-2.66037735849057
			3.26792452830189	-2.66415094339623
			3.27169811320755	-2.66792452830189
			3.27547169811321	-2.67169811320755
			3.27547169811321	-2.67547169811321
			3.27924528301887	-2.67924528301887
			3.28301886792453	-2.68301886792453
			3.28679245283019	-2.68679245283019
			3.28679245283019	-2.69056603773585
			3.29056603773585	-2.69433962264151
			3.29433962264151	-2.69811320754717
			3.29433962264151	-2.70188679245283
			3.29811320754717	-2.70188679245283
			3.29811320754717	-2.70566037735849
			3.30188679245283	-2.70943396226415
			3.30566037735849	-2.71320754716981
			3.30566037735849	-2.71698113207547
			3.30943396226415	-2.72075471698113
			3.31320754716981	-2.72452830188679
			3.31698113207547	-2.72830188679245
			3.32075471698113	-2.73207547169811
			3.32075471698113	-2.73584905660377
			3.32452830188679	-2.73962264150943
			3.32830188679245	-2.74339622641509
			3.32830188679245	-2.74716981132075
			3.33207547169811	-2.75094339622642
			3.33584905660377	-2.75471698113208
			3.33962264150943	-2.75849056603774
			3.33962264150943	-2.7622641509434
			3.34339622641509	-2.76603773584906
			3.34339622641509	-2.76981132075472
			3.34716981132075	-2.77358490566038
			3.35094339622642	-2.77735849056604
			3.35471698113208	-2.7811320754717
			3.35471698113208	-2.78490566037736
			3.35849056603774	-2.78867924528302
			3.35849056603774	-2.79245283018868
			3.3622641509434	-2.79245283018868
			3.3622641509434	-2.79622641509434
			3.36603773584906	-2.8
			3.36603773584906	-2.80377358490566
			3.36981132075472	-2.80377358490566
			3.36981132075472	-2.80754716981132
			3.37358490566038	-2.81132075471698
			3.37358490566038	-2.81509433962264
			3.37735849056604	-2.8188679245283
			3.3811320754717	-2.8188679245283
			3.3811320754717	-2.82264150943396
			3.38490566037736	-2.82641509433962
			3.38490566037736	-2.83018867924528
			3.38867924528302	-2.83396226415094
			3.39245283018868	-2.8377358490566
			3.39245283018868	-2.84150943396226
			3.39622641509434	-2.84528301886792
			3.4	-2.84905660377358
			3.4	-2.85283018867925
			3.40377358490566	-2.85660377358491
			3.40754716981132	-2.86037735849057
			3.40754716981132	-2.86415094339623
			3.41132075471698	-2.86792452830189
			3.41132075471698	-2.87169811320755
			3.41509433962264	-2.87547169811321
			3.4188679245283	-2.87924528301887
			3.4188679245283	-2.88301886792453
			3.42264150943396	-2.88679245283019
			3.42641509433962	-2.89056603773585
			3.42641509433962	-2.89433962264151
			3.43018867924528	-2.89811320754717
			3.43396226415094	-2.90188679245283
			3.43396226415094	-2.90566037735849
			3.4377358490566	-2.90943396226415
			3.44150943396226	-2.91320754716981
			3.44150943396226	-2.91698113207547
			3.44528301886792	-2.92075471698113
			3.44528301886792	-2.92452830188679
			3.44905660377359	-2.92830188679245
			3.45283018867925	-2.93207547169811
			3.45283018867925	-2.93584905660377
			3.45660377358491	-2.93962264150943
			3.46037735849057	-2.94339622641509
			3.46037735849057	-2.94716981132075
			3.46415094339623	-2.95094339622642
			3.46415094339623	-2.95471698113208
			3.46792452830189	-2.95849056603774
			3.47169811320755	-2.9622641509434
			3.47169811320755	-2.96603773584906
			3.47547169811321	-2.96981132075472
			3.47547169811321	-2.97358490566038
			3.47924528301887	-2.97735849056604
			3.48301886792453	-2.9811320754717
			3.48301886792453	-2.98490566037736
			3.48679245283019	-2.98867924528302
			3.48679245283019	-2.99245283018868
			3.49056603773585	-2.99622641509434
			3.49056603773585	-3
			3.49433962264151	-3.00377358490566
			3.49433962264151	-3.00754716981132
			3.49811320754717	-3.01132075471698
			3.49811320754717	-3.01509433962264
			3.50188679245283	-3.0188679245283
			3.50188679245283	-3.02264150943396
			3.50566037735849	-3.02641509433962
			3.50566037735849	-3.03018867924528
			3.50943396226415	-3.03396226415094
			3.50943396226415	-3.0377358490566
			3.51320754716981	-3.04150943396226
			3.51320754716981	-3.04528301886792
			3.51698113207547	-3.04905660377359
			3.51698113207547	-3.05283018867925
			3.52075471698113	-3.05660377358491
			3.52075471698113	-3.06037735849057
			3.52452830188679	-3.06415094339623
			3.52452830188679	-3.06792452830189
			3.52830188679245	-3.06792452830189
			3.52830188679245	-3.07169811320755
			3.53207547169811	-3.07547169811321
			3.53207547169811	-3.07924528301887
			3.53584905660377	-3.08301886792453
			3.53584905660377	-3.08679245283019
			3.53962264150943	-3.09056603773585
			3.53962264150943	-3.09433962264151
			3.54339622641509	-3.09811320754717
			3.54339622641509	-3.10188679245283
			3.54716981132075	-3.10566037735849
			3.54716981132075	-3.10943396226415
			3.55094339622641	-3.11320754716981
			3.55094339622641	-3.11698113207547
			3.55471698113208	-3.12075471698113
			3.55471698113208	-3.12452830188679
			3.55849056603774	-3.12830188679245
			3.55849056603774	-3.13207547169811
			3.5622641509434	-3.13584905660377
			3.5622641509434	-3.13962264150943
			3.56603773584906	-3.14339622641509
			3.56603773584906	-3.14716981132075
			3.56981132075472	-3.15094339622642
			3.56981132075472	-3.15471698113208
			3.57358490566038	-3.15849056603774
			3.57358490566038	-3.1622641509434
			3.57735849056604	-3.16603773584906
			3.5811320754717	-3.16981132075472
			3.5811320754717	-3.17358490566038
			3.58490566037736	-3.17735849056604
			3.58490566037736	-3.1811320754717
			3.58867924528302	-3.18490566037736
			3.58867924528302	-3.18867924528302
			3.59245283018868	-3.19245283018868
			3.59245283018868	-3.19622641509434
			3.59622641509434	-3.2
			3.59622641509434	-3.20377358490566
			3.6	-3.20754716981132
			3.6	-3.21132075471698
			3.60377358490566	-3.21509433962264
			3.60377358490566	-3.2188679245283
			3.60754716981132	-3.22264150943396
			3.60754716981132	-3.22641509433962
			3.61132075471698	-3.23018867924528
			3.61132075471698	-3.23396226415094
			3.61509433962264	-3.2377358490566
			3.61509433962264	-3.24150943396226
			3.6188679245283	-3.24528301886792
			3.6188679245283	-3.24905660377358
			3.62264150943396	-3.25283018867925
			3.62264150943396	-3.25660377358491
			3.62641509433962	-3.26037735849057
			3.62641509433962	-3.26415094339623
			3.63018867924528	-3.26792452830189
			3.63018867924528	-3.27169811320755
			3.63396226415094	-3.27547169811321
			3.6377358490566	-3.27924528301887
			3.6377358490566	-3.28301886792453
			3.64150943396226	-3.28679245283019
			3.64150943396226	-3.29056603773585
			3.64528301886792	-3.29433962264151
			3.64905660377358	-3.29811320754717
			3.64905660377358	-3.30188679245283
			3.64905660377358	-3.30566037735849
			3.65283018867925	-3.30943396226415
			3.65283018867925	-3.31320754716981
			3.65660377358491	-3.31698113207547
			3.65660377358491	-3.32075471698113
			3.66037735849057	-3.32075471698113
			3.66037735849057	-3.32452830188679
			3.66415094339623	-3.32830188679245
			3.66415094339623	-3.33207547169811
			3.66792452830189	-3.33584905660377
			3.66792452830189	-3.33962264150943
			3.66792452830189	-3.34339622641509
			3.67169811320755	-3.34339622641509
			3.67169811320755	-3.34716981132075
			3.67547169811321	-3.35094339622642
			3.67547169811321	-3.35471698113208
			3.67924528301887	-3.35849056603774
			3.67924528301887	-3.3622641509434
			3.68301886792453	-3.36603773584906
			3.68679245283019	-3.36981132075472
			3.68679245283019	-3.37358490566038
			3.69056603773585	-3.37735849056604
			3.69056603773585	-3.3811320754717
			3.69433962264151	-3.38490566037736
			3.69433962264151	-3.38867924528302
			3.69811320754717	-3.39245283018868
			3.69811320754717	-3.39622641509434
			3.70188679245283	-3.4
			3.70566037735849	-3.40377358490566
			3.70566037735849	-3.40754716981132
			3.70566037735849	-3.41132075471698
			3.70943396226415	-3.41132075471698
			3.70943396226415	-3.41509433962264
			3.70943396226415	-3.4188679245283
			3.71320754716981	-3.4188679245283
			3.71320754716981	-3.42264150943396
			3.71698113207547	-3.42641509433962
			3.71698113207547	-3.43018867924528
			3.72075471698113	-3.43396226415094
			3.72075471698113	-3.4377358490566
			3.72075471698113	-3.44150943396226
			3.72452830188679	-3.44150943396226
			3.72452830188679	-3.44528301886792
			3.72830188679245	-3.44905660377359
			3.72830188679245	-3.45283018867925
			3.73207547169811	-3.45660377358491
			3.73207547169811	-3.46037735849057
			3.73584905660377	-3.46415094339623
			3.73584905660377	-3.46792452830189
			3.73962264150943	-3.47169811320755
			3.73962264150943	-3.47547169811321
			3.74339622641509	-3.47547169811321
			3.74339622641509	-3.47924528301887
			3.74716981132075	-3.48301886792453
			3.74716981132075	-3.48679245283019
			3.75094339622642	-3.49056603773585
			3.75094339622642	-3.49433962264151
			3.75471698113208	-3.49811320754717
			3.75471698113208	-3.50188679245283
			3.75849056603774	-3.50566037735849
			3.7622641509434	-3.50943396226415
			3.7622641509434	-3.51320754716981
			3.76603773584906	-3.51698113207547
			3.76603773584906	-3.52075471698113
			3.76981132075472	-3.52452830188679
			3.76981132075472	-3.52830188679245
			3.77358490566038	-3.53207547169811
			3.77358490566038	-3.53584905660377
			3.77735849056604	-3.53962264150943
			3.77735849056604	-3.54339622641509
			3.7811320754717	-3.54716981132075
			3.7811320754717	-3.55094339622641
			3.78490566037736	-3.55471698113208
			3.78490566037736	-3.55849056603774
			3.78867924528302	-3.5622641509434
			3.78867924528302	-3.56603773584906
			3.79245283018868	-3.56981132075472
			3.79622641509434	-3.57358490566038
			3.8	-3.57735849056604
			3.8	-3.5811320754717
			3.8	-3.58490566037736
			3.80377358490566	-3.58490566037736
			3.80377358490566	-3.58867924528302
			3.80377358490566	-3.59245283018868
			3.80754716981132	-3.59245283018868
			3.80754716981132	-3.59622641509434
			3.80754716981132	-3.6
			3.81132075471698	-3.6
			3.81132075471698	-3.60377358490566
			3.81509433962264	-3.60754716981132
			3.81509433962264	-3.61132075471698
			3.8188679245283	-3.61509433962264
			3.82264150943396	-3.6188679245283
			3.82264150943396	-3.62264150943396
			3.82264150943396	-3.62641509433962
			3.82641509433962	-3.63018867924528
			3.83018867924528	-3.63396226415094
			3.83018867924528	-3.6377358490566
			3.83396226415094	-3.64150943396226
			3.83396226415094	-3.64528301886792
			3.8377358490566	-3.64905660377358
			3.8377358490566	-3.65283018867925
			3.84150943396226	-3.65660377358491
			3.84150943396226	-3.66037735849057
			3.84528301886792	-3.66415094339623
			3.84905660377358	-3.66792452830189
			3.84905660377358	-3.67169811320755
			3.85283018867925	-3.67547169811321
			3.85283018867925	-3.67924528301887
			3.85660377358491	-3.68301886792453
			3.85660377358491	-3.68679245283019
			3.86037735849057	-3.69056603773585
			3.86037735849057	-3.69433962264151
			3.86415094339623	-3.69811320754717
			3.86415094339623	-3.70188679245283
			3.86792452830189	-3.70566037735849
			3.87169811320755	-3.70943396226415
			3.87169811320755	-3.71320754716981
			3.87547169811321	-3.71320754716981
			3.87547169811321	-3.71698113207547
			3.87924528301887	-3.72075471698113
			3.87924528301887	-3.72452830188679
			3.88301886792453	-3.72830188679245
			3.88301886792453	-3.73207547169811
			3.88679245283019	-3.73584905660377
			3.88679245283019	-3.73962264150943
			3.89056603773585	-3.74339622641509
			3.89056603773585	-3.74716981132075
			3.89433962264151	-3.75094339622642
			3.89811320754717	-3.75471698113208
			3.89811320754717	-3.75849056603774
			3.90188679245283	-3.7622641509434
			3.90188679245283	-3.76603773584906
			3.90566037735849	-3.76981132075472
			3.90566037735849	-3.77358490566038
			3.90943396226415	-3.77735849056604
			3.90943396226415	-3.7811320754717
			3.91320754716981	-3.78490566037736
			3.91698113207547	-3.78867924528302
			3.91698113207547	-3.79245283018868
			3.92075471698113	-3.79622641509434
			3.92075471698113	-3.8
			3.92452830188679	-3.80377358490566
			3.92452830188679	-3.80754716981132
			3.92830188679245	-3.81132075471698
			3.92830188679245	-3.81509433962264
			3.93207547169811	-3.8188679245283
			3.93207547169811	-3.82264150943396
			3.93584905660377	-3.82641509433962
			3.93962264150943	-3.83018867924528
			3.94339622641509	-3.83396226415094
			3.94339622641509	-3.8377358490566
			3.94339622641509	-3.84150943396226
			3.94716981132075	-3.84528301886792
			3.95094339622642	-3.84905660377358
			3.95094339622642	-3.85283018867925
			3.95471698113208	-3.85660377358491
			3.95471698113208	-3.86037735849057
			3.95849056603774	-3.86415094339623
			3.9622641509434	-3.86037735849057
			3.96603773584906	-3.85660377358491
			3.96981132075472	-3.85283018867925
			3.97358490566038	-3.84905660377358
			3.97735849056604	-3.84528301886792
			3.9811320754717	-3.84528301886792
			3.98490566037736	-3.84150943396226
			3.98867924528302	-3.8377358490566
			3.98867924528302	-3.83396226415094
			3.99245283018868	-3.83396226415094
			3.99622641509434	-3.83018867924528
			4	-3.82641509433962
			4.00377358490566	-3.82264150943396
			4.00754716981132	-3.8188679245283
			4.01132075471698	-3.81509433962264
			4.01509433962264	-3.81132075471698
			4.0188679245283	-3.80754716981132
			4.02264150943396	-3.80377358490566
			4.02641509433962	-3.8
			4.03018867924528	-3.79622641509434
			4.03396226415094	-3.79245283018868
			4.03396226415094	-3.78867924528302
			4.0377358490566	-3.78490566037736
			4.04150943396226	-3.7811320754717
			4.04528301886792	-3.77735849056604
			4.04905660377359	-3.77358490566038
			4.04905660377359	-3.76981132075472
			4.05283018867925	-3.76603773584906
			4.05660377358491	-3.7622641509434
			4.06037735849057	-3.75849056603774
			4.06415094339623	-3.75471698113208
			4.06792452830189	-3.75094339622642
			4.07169811320755	-3.74716981132075
			4.07169811320755	-3.74339622641509
			4.07547169811321	-3.73962264150943
			4.07547169811321	-3.73584905660377
			4.07924528301887	-3.73584905660377
			4.07924528301887	-3.73207547169811
			4.08301886792453	-3.72830188679245
			4.08679245283019	-3.72452830188679
			4.09056603773585	-3.72075471698113
			4.09056603773585	-3.71698113207547
			4.09433962264151	-3.71320754716981
			4.09811320754717	-3.70943396226415
			4.09811320754717	-3.70566037735849
			4.10188679245283	-3.70566037735849
			4.10188679245283	-3.70188679245283
			4.10566037735849	-3.69811320754717
			4.10943396226415	-3.69433962264151
			4.10943396226415	-3.69056603773585
			4.11320754716981	-3.68679245283019
			4.11698113207547	-3.68301886792453
			4.12075471698113	-3.67924528301887
			4.12075471698113	-3.67547169811321
			4.12452830188679	-3.67169811320755
			4.12830188679245	-3.66792452830189
			4.12830188679245	-3.66415094339623
			4.13207547169811	-3.66037735849057
			4.13584905660377	-3.65660377358491
			4.13584905660377	-3.65283018867925
			4.13962264150943	-3.64905660377358
			4.14339622641509	-3.64528301886792
			4.14339622641509	-3.64150943396226
			4.14716981132075	-3.6377358490566
			4.15094339622642	-3.63396226415094
			4.15094339622642	-3.63018867924528
			4.15471698113208	-3.62641509433962
			4.15471698113208	-3.62264150943396
			4.15849056603774	-3.6188679245283
			4.1622641509434	-3.61509433962264
			4.1622641509434	-3.61132075471698
			4.16603773584906	-3.60754716981132
			4.16981132075472	-3.60377358490566
			4.16981132075472	-3.6
			4.17358490566038	-3.59622641509434
			4.17358490566038	-3.59245283018868
			4.17735849056604	-3.58867924528302
			4.1811320754717	-3.58490566037736
			4.1811320754717	-3.5811320754717
			4.18490566037736	-3.57735849056604
			4.18867924528302	-3.57358490566038
			4.18867924528302	-3.56981132075472
			4.19245283018868	-3.56603773584906
			4.19245283018868	-3.5622641509434
			4.19622641509434	-3.55849056603774
			4.19622641509434	-3.55471698113208
			4.2	-3.55094339622641
			4.2	-3.54716981132075
			4.20377358490566	-3.54339622641509
			4.20754716981132	-3.53962264150943
			4.20754716981132	-3.53584905660377
			4.21132075471698	-3.53207547169811
			4.21132075471698	-3.52830188679245
			4.21509433962264	-3.52452830188679
			4.21509433962264	-3.52075471698113
			4.2188679245283	-3.51698113207547
			4.22264150943396	-3.51320754716981
			4.22264150943396	-3.50943396226415
			4.22641509433962	-3.50566037735849
			4.22641509433962	-3.50188679245283
			4.23018867924528	-3.49811320754717
			4.23018867924528	-3.49433962264151
			4.23396226415094	-3.49056603773585
			4.23396226415094	-3.48679245283019
			4.2377358490566	-3.48301886792453
			4.2377358490566	-3.47924528301887
			4.24150943396226	-3.47547169811321
			4.24528301886792	-3.47169811320755
			4.24528301886792	-3.46792452830189
			4.24905660377359	-3.46415094339623
			4.24905660377359	-3.46037735849057
			4.25283018867925	-3.45660377358491
			4.25283018867925	-3.45283018867925
			4.25660377358491	-3.44905660377359
			4.25660377358491	-3.44528301886792
			4.26037735849057	-3.44150943396226
			4.26037735849057	-3.4377358490566
			4.26415094339623	-3.43396226415094
			4.26415094339623	-3.43018867924528
			4.26792452830189	-3.42641509433962
			4.26792452830189	-3.42264150943396
			4.27169811320755	-3.4188679245283
			4.27169811320755	-3.41509433962264
			4.27547169811321	-3.41132075471698
			4.27547169811321	-3.40754716981132
			4.27924528301887	-3.40377358490566
			4.27924528301887	-3.4
			4.28301886792453	-3.39622641509434
			4.28301886792453	-3.39245283018868
			4.28679245283019	-3.38867924528302
			4.28679245283019	-3.38490566037736
			4.29056603773585	-3.3811320754717
			4.29056603773585	-3.37735849056604
			4.29433962264151	-3.37358490566038
			4.29433962264151	-3.36981132075472
			4.29811320754717	-3.36603773584906
			4.29811320754717	-3.3622641509434
			4.29811320754717	-3.35849056603774
			4.30188679245283	-3.35471698113208
			4.30188679245283	-3.35094339622642
			4.30566037735849	-3.34716981132075
			4.30566037735849	-3.34339622641509
			4.30943396226415	-3.33962264150943
			4.30943396226415	-3.33584905660377
			4.30566037735849	-3.33207547169811
			4.30566037735849	-3.32830188679245
			4.30188679245283	-3.32452830188679
			4.30188679245283	-3.32075471698113
			4.30188679245283	-3.31698113207547
			4.29811320754717	-3.31320754716981
			4.29811320754717	-3.30943396226415
			4.29433962264151	-3.30566037735849
			4.29433962264151	-3.30188679245283
			4.29433962264151	-3.29811320754717
			4.29056603773585	-3.29811320754717
			4.29056603773585	-3.29433962264151
			4.29056603773585	-3.29056603773585
			4.28679245283019	-3.28679245283019
			4.28679245283019	-3.28301886792453
			4.28301886792453	-3.27924528301887
			4.28301886792453	-3.27547169811321
			4.28301886792453	-3.27169811320755
			4.27924528301887	-3.26792452830189
			4.27924528301887	-3.26415094339623
			4.27547169811321	-3.26037735849057
			4.27547169811321	-3.25660377358491
			4.27169811320755	-3.25283018867925
			4.27169811320755	-3.24905660377358
			4.27169811320755	-3.24528301886792
			4.26792452830189	-3.24150943396226
			4.26792452830189	-3.2377358490566
			4.26415094339623	-3.23396226415094
			4.26415094339623	-3.23018867924528
			4.26415094339623	-3.22641509433962
			4.26037735849057	-3.22264150943396
			4.26037735849057	-3.2188679245283
			4.25660377358491	-3.2188679245283
			4.25660377358491	-3.21509433962264
			4.25283018867925	-3.21132075471698
			4.25283018867925	-3.20754716981132
			4.25283018867925	-3.20377358490566
			4.24905660377359	-3.2
			4.24905660377359	-3.19622641509434
			4.24528301886792	-3.19245283018868
			4.24528301886792	-3.18867924528302
			4.24150943396226	-3.18490566037736
			4.24150943396226	-3.1811320754717
			4.2377358490566	-3.17735849056604
			4.2377358490566	-3.17358490566038
			4.2377358490566	-3.16981132075472
			4.23396226415094	-3.16603773584906
			4.23396226415094	-3.1622641509434
			4.23018867924528	-3.15849056603774
			4.23018867924528	-3.15471698113208
			4.22641509433962	-3.15094339622642
			4.22641509433962	-3.14716981132075
			4.22264150943396	-3.14339622641509
			4.22264150943396	-3.13962264150943
			4.2188679245283	-3.13584905660377
			4.2188679245283	-3.13207547169811
			4.21509433962264	-3.12830188679245
			4.21509433962264	-3.12452830188679
			4.21132075471698	-3.12075471698113
			4.21132075471698	-3.11698113207547
			4.21132075471698	-3.11320754716981
			4.20754716981132	-3.11320754716981
			4.20754716981132	-3.10943396226415
			4.20377358490566	-3.10566037735849
			4.20377358490566	-3.10188679245283
			4.20377358490566	-3.09811320754717
			4.2	-3.09433962264151
			4.19622641509434	-3.09056603773585
			4.19622641509434	-3.08679245283019
			4.19245283018868	-3.08301886792453
			4.19245283018868	-3.07924528301887
			4.18867924528302	-3.07547169811321
			4.18867924528302	-3.07169811320755
			4.18490566037736	-3.06792452830189
			4.18490566037736	-3.06415094339623
			4.1811320754717	-3.06037735849057
			4.1811320754717	-3.05660377358491
			4.17735849056604	-3.05283018867925
			4.17735849056604	-3.04905660377359
			4.17358490566038	-3.04528301886792
			4.17358490566038	-3.04150943396226
			4.16981132075472	-3.0377358490566
			4.16981132075472	-3.03396226415094
			4.16603773584906	-3.03018867924528
			4.16603773584906	-3.02641509433962
			4.1622641509434	-3.02264150943396
			4.1622641509434	-3.0188679245283
			4.15849056603774	-3.01509433962264
			4.15849056603774	-3.01132075471698
			4.15471698113208	-3.00754716981132
			4.15471698113208	-3.00377358490566
			4.15094339622642	-3
			4.15094339622642	-2.99622641509434
			4.14716981132075	-2.99245283018868
			4.14339622641509	-2.98867924528302
			4.14339622641509	-2.98490566037736
			4.13962264150943	-2.9811320754717
			4.13962264150943	-2.97735849056604
			4.13584905660377	-2.97358490566038
			4.13584905660377	-2.96981132075472
			4.13207547169811	-2.96603773584906
			4.13207547169811	-2.9622641509434
			4.12830188679245	-2.95849056603774
			4.12830188679245	-2.95471698113208
			4.12452830188679	-2.95094339622642
			4.12452830188679	-2.94716981132075
			4.12075471698113	-2.94339622641509
			4.11698113207547	-2.93962264150943
			4.11698113207547	-2.93584905660377
			4.11320754716981	-2.93207547169811
			4.11320754716981	-2.92830188679245
			4.10943396226415	-2.92452830188679
			4.10943396226415	-2.92075471698113
			4.10566037735849	-2.91698113207547
			4.10188679245283	-2.91320754716981
			4.10188679245283	-2.90943396226415
			4.09811320754717	-2.90566037735849
			4.09811320754717	-2.90188679245283
			4.09433962264151	-2.89811320754717
			4.09433962264151	-2.89433962264151
			4.09056603773585	-2.89056603773585
			4.09056603773585	-2.88679245283019
			4.08679245283019	-2.88301886792453
			4.08301886792453	-2.87924528301887
			4.08301886792453	-2.87547169811321
			4.07924528301887	-2.87169811320755
			4.07924528301887	-2.86792452830189
			4.07547169811321	-2.86415094339623
			4.07169811320755	-2.86037735849057
			4.07169811320755	-2.85660377358491
			4.06792452830189	-2.85283018867925
			4.06792452830189	-2.84905660377358
			4.06415094339623	-2.84528301886792
			4.06415094339623	-2.84150943396226
			4.06037735849057	-2.8377358490566
			4.05660377358491	-2.83396226415094
			4.05660377358491	-2.83018867924528
			4.05283018867925	-2.82641509433962
			4.05283018867925	-2.82264150943396
			4.04905660377359	-2.8188679245283
			4.04528301886792	-2.81509433962264
			4.04528301886792	-2.81132075471698
			4.04150943396226	-2.80754716981132
			4.04150943396226	-2.80377358490566
			4.0377358490566	-2.8
			4.03396226415094	-2.79622641509434
			4.03396226415094	-2.79245283018868
			4.03018867924528	-2.78867924528302
			4.02641509433962	-2.78490566037736
			4.02641509433962	-2.7811320754717
			4.02264150943396	-2.77735849056604
			4.02264150943396	-2.77358490566038
			4.0188679245283	-2.76981132075472
			4.01509433962264	-2.76603773584906
			4.01509433962264	-2.7622641509434
			4.01132075471698	-2.75849056603774
			4.00754716981132	-2.75471698113208
			4.00754716981132	-2.75094339622642
			4.00377358490566	-2.74716981132075
			4.00377358490566	-2.74339622641509
			4	-2.73962264150943
			3.99622641509434	-2.73584905660377
			3.99622641509434	-2.73207547169811
			3.99245283018868	-2.72830188679245
			3.98867924528302	-2.72452830188679
			3.98867924528302	-2.72075471698113
			3.98490566037736	-2.71698113207547
			3.98490566037736	-2.71320754716981
			3.9811320754717	-2.70943396226415
			3.97735849056604	-2.70566037735849
			3.97735849056604	-2.70188679245283
			3.97358490566038	-2.69811320754717
			3.96981132075472	-2.69433962264151
			3.96981132075472	-2.69056603773585
			3.96603773584906	-2.68679245283019
			3.9622641509434	-2.68301886792453
			3.9622641509434	-2.67924528301887
			3.95849056603774	-2.67547169811321
			3.95471698113208	-2.67169811320755
			3.95471698113208	-2.66792452830189
			3.95094339622642	-2.66415094339623
			3.94716981132075	-2.66037735849057
			3.94716981132075	-2.65660377358491
			3.94339622641509	-2.65283018867925
			3.93962264150943	-2.64905660377358
			3.93962264150943	-2.64528301886792
			3.93584905660377	-2.64150943396226
			3.93207547169811	-2.6377358490566
			3.93207547169811	-2.63396226415094
			3.92830188679245	-2.63018867924528
			3.92452830188679	-2.62641509433962
			3.92452830188679	-2.62264150943396
			3.92075471698113	-2.6188679245283
			3.91698113207547	-2.61509433962264
			3.91698113207547	-2.61132075471698
			3.91320754716981	-2.60754716981132
			3.90943396226415	-2.60377358490566
			3.90943396226415	-2.6
			3.90566037735849	-2.59622641509434
			3.90188679245283	-2.59245283018868
			3.89811320754717	-2.58867924528302
			3.89811320754717	-2.58490566037736
			3.89433962264151	-2.5811320754717
			3.89056603773585	-2.57735849056604
			3.89056603773585	-2.57358490566038
			3.88679245283019	-2.56981132075472
			3.88301886792453	-2.56603773584906
			3.88301886792453	-2.5622641509434
			3.87924528301887	-2.55849056603774
			3.87547169811321	-2.55471698113208
			3.87169811320755	-2.55094339622641
			3.87169811320755	-2.54716981132075
			3.86792452830189	-2.54339622641509
			3.86415094339623	-2.53962264150943
			3.86415094339623	-2.53584905660377
			3.86037735849057	-2.53207547169811
			3.85660377358491	-2.52830188679245
			3.85283018867925	-2.52452830188679
			3.85283018867925	-2.52075471698113
			3.84905660377358	-2.51698113207547
			3.84528301886792	-2.51320754716981
			3.84528301886792	-2.50943396226415
			3.84150943396226	-2.50566037735849
			3.8377358490566	-2.50188679245283
			3.83396226415094	-2.49811320754717
			3.83396226415094	-2.49433962264151
			3.83018867924528	-2.49056603773585
			3.82641509433962	-2.48679245283019
			3.82264150943396	-2.48301886792453
			3.82264150943396	-2.47924528301887
			3.8188679245283	-2.47547169811321
			3.81509433962264	-2.47169811320755
			3.81509433962264	-2.46792452830189
			3.81132075471698	-2.46415094339623
			3.80754716981132	-2.46037735849057
			3.80377358490566	-2.45660377358491
			3.80377358490566	-2.45283018867925
			3.8	-2.44905660377359
			3.79622641509434	-2.44528301886792
			3.79245283018868	-2.44150943396226
			3.79245283018868	-2.4377358490566
			3.78867924528302	-2.43396226415094
			3.78867924528302	-2.43018867924528
			3.78490566037736	-2.43018867924528
			3.78490566037736	-2.42641509433962
			3.7811320754717	-2.42264150943396
			3.77735849056604	-2.4188679245283
			3.77358490566038	-2.41509433962264
			3.77358490566038	-2.41132075471698
			3.76981132075472	-2.40754716981132
			3.76603773584906	-2.40377358490566
			3.76603773584906	-2.4
			3.7622641509434	-2.39622641509434
			3.75849056603774	-2.39622641509434
			3.75849056603774	-2.39245283018868
			3.75471698113208	-2.38867924528302
			3.75094339622642	-2.38490566037736
			3.75094339622642	-2.3811320754717
			3.74716981132075	-2.37735849056604
			3.74339622641509	-2.37358490566038
			3.74339622641509	-2.36981132075472
			3.73962264150943	-2.36603773584906
			3.73584905660377	-2.36603773584906
			3.73207547169811	-2.3622641509434
			3.73207547169811	-2.35849056603774
			3.72830188679245	-2.35471698113208
			3.72452830188679	-2.35094339622642
			3.72452830188679	-2.34716981132075
			3.72075471698113	-2.34339622641509
			3.71698113207547	-2.33962264150943
			3.71698113207547	-2.33584905660377
			3.71320754716981	-2.33584905660377
			3.70943396226415	-2.33207547169811
			3.70943396226415	-2.32830188679245
			3.70566037735849	-2.32452830188679
			3.70188679245283	-2.32075471698113
			3.70188679245283	-2.31698113207547
			3.69811320754717	-2.31320754716981
			3.69433962264151	-2.30943396226415
			3.69056603773585	-2.30566037735849
			3.68679245283019	-2.30188679245283
			3.68301886792453	-2.29811320754717
			3.67924528301887	-2.29433962264151
			3.67547169811321	-2.29056603773585
			3.67547169811321	-2.28679245283019
			3.67169811320755	-2.28301886792453
			3.66792452830189	-2.27924528301887
			3.66415094339623	-2.27547169811321
			3.66415094339623	-2.27169811320755
			3.66037735849057	-2.26792452830189
			3.66037735849057	-2.26415094339623
			3.65660377358491	-2.26415094339623
			3.65283018867925	-2.26037735849057
			3.65283018867925	-2.25660377358491
			3.64905660377358	-2.25283018867925
			3.64528301886792	-2.24905660377358
			3.64150943396226	-2.24528301886792
			3.6377358490566	-2.24150943396226
			3.6377358490566	-2.2377358490566
			3.63396226415094	-2.23396226415094
			3.63018867924528	-2.23018867924528
			3.62641509433962	-2.22641509433962
			3.62641509433962	-2.22264150943396
			3.62264150943396	-2.22264150943396
			3.6188679245283	-2.2188679245283
			3.61509433962264	-2.21509433962264
			3.61509433962264	-2.21132075471698
			3.61132075471698	-2.20754716981132
			3.60754716981132	-2.20377358490566
			3.60377358490566	-2.2
			3.60377358490566	-2.19622641509434
			3.6	-2.19245283018868
			3.59622641509434	-2.18867924528302
			3.59245283018868	-2.18490566037736
			3.58867924528302	-2.1811320754717
			3.58490566037736	-2.17735849056604
			3.5811320754717	-2.17358490566038
			3.5811320754717	-2.16981132075472
			3.57735849056604	-2.16981132075472
			3.57735849056604	-2.16603773584906
			3.57358490566038	-2.1622641509434
			3.57358490566038	-2.15849056603774
			3.56981132075472	-2.15849056603774
			3.56981132075472	-2.15471698113208
			3.56981132075472	-2.15094339622642
			3.56603773584906	-2.14716981132075
			3.56603773584906	-2.14339622641509
			3.56603773584906	-2.13962264150943
			3.5622641509434	-2.13584905660377
			3.5622641509434	-2.13207547169811
			3.55849056603774	-2.12830188679245
			3.55849056603774	-2.12452830188679
			3.55471698113208	-2.12075471698113
			3.55471698113208	-2.11698113207547
			3.55471698113208	-2.11320754716981
			3.55094339622641	-2.10943396226415
			3.55094339622641	-2.10566037735849
			3.54716981132075	-2.10188679245283
			3.54716981132075	-2.09811320754717
			3.54716981132075	-2.09433962264151
			3.54339622641509	-2.09056603773585
			3.54339622641509	-2.08679245283019
			3.53962264150943	-2.08301886792453
			3.53962264150943	-2.07924528301887
			3.53962264150943	-2.07547169811321
			3.53962264150943	-2.07169811320755
			3.53584905660377	-2.07169811320755
			3.53584905660377	-2.06792452830189
			3.53584905660377	-2.06415094339623
			3.53207547169811	-2.06415094339623
			3.53207547169811	-2.06037735849057
			3.53207547169811	-2.05660377358491
			3.53207547169811	-2.05283018867925
			3.52830188679245	-2.05283018867925
			3.52830188679245	-2.04905660377359
			3.52830188679245	-2.04528301886792
			3.52452830188679	-2.04150943396226
			3.52452830188679	-2.0377358490566
			3.52452830188679	-2.03396226415094
			3.52075471698113	-2.03018867924528
			3.52075471698113	-2.02641509433962
			3.51698113207547	-2.02264150943396
			3.51698113207547	-2.0188679245283
			3.51698113207547	-2.01509433962264
			3.51320754716981	-2.01132075471698
			3.51320754716981	-2.00754716981132
			3.51320754716981	-2.00377358490566
			3.50943396226415	-2
			3.50943396226415	-1.99622641509434
			3.50943396226415	-1.99245283018868
			3.50566037735849	-1.98867924528302
			3.50566037735849	-1.98490566037736
			3.50566037735849	-1.9811320754717
			3.50188679245283	-1.97735849056604
			3.50188679245283	-1.97358490566038
			3.50188679245283	-1.96981132075472
			3.49811320754717	-1.96603773584906
			3.49811320754717	-1.9622641509434
			3.49811320754717	-1.95849056603774
			3.49433962264151	-1.95849056603774
			3.49433962264151	-1.95471698113208
			3.49433962264151	-1.95094339622642
			3.49056603773585	-1.94716981132075
			3.49056603773585	-1.94339622641509
			3.49056603773585	-1.93962264150943
			3.49056603773585	-1.93584905660377
			3.48679245283019	-1.93207547169811
			3.48679245283019	-1.92830188679245
			3.48679245283019	-1.92452830188679
			3.48301886792453	-1.92075471698113
			3.48301886792453	-1.91698113207547
			3.48301886792453	-1.91320754716981
			3.47924528301887	-1.90943396226415
			3.47924528301887	-1.90566037735849
			3.47924528301887	-1.90188679245283
			3.47547169811321	-1.89811320754717
			3.47547169811321	-1.89433962264151
			3.47547169811321	-1.89056603773585
			3.47547169811321	-1.88679245283019
			3.47169811320755	-1.88679245283019
			3.47169811320755	-1.88301886792453
			3.47169811320755	-1.87924528301887
			3.47169811320755	-1.87547169811321
			3.46792452830189	-1.87169811320755
			3.46792452830189	-1.86792452830189
			3.46792452830189	-1.86415094339623
			3.46415094339623	-1.86037735849057
			3.46415094339623	-1.85660377358491
			3.46415094339623	-1.85283018867925
			3.46415094339623	-1.84905660377358
			3.46415094339623	-1.84528301886792
			3.46037735849057	-1.84150943396226
			3.46037735849057	-1.8377358490566
			3.46037735849057	-1.83396226415094
			3.46037735849057	-1.83018867924528
			3.45660377358491	-1.83018867924528
			3.45660377358491	-1.82641509433962
			3.45660377358491	-1.82264150943396
			3.45660377358491	-1.8188679245283
			3.45660377358491	-1.81509433962264
			3.45283018867925	-1.81132075471698
			3.45283018867925	-1.80754716981132
			3.45283018867925	-1.80377358490566
			3.45283018867925	-1.8
			3.45283018867925	-1.79622641509434
			3.44905660377359	-1.79245283018868
			3.44905660377359	-1.78867924528302
			3.44905660377359	-1.78490566037736
			3.44905660377359	-1.7811320754717
			3.44905660377359	-1.77735849056604
			3.44528301886792	-1.77358490566038
			3.44528301886792	-1.76981132075472
			3.44528301886792	-1.76603773584906
			3.44528301886792	-1.7622641509434
			3.44528301886792	-1.75849056603774
			3.44150943396226	-1.75471698113208
			3.44150943396226	-1.75094339622642
			3.44150943396226	-1.74716981132075
			3.44150943396226	-1.74339622641509
			3.44150943396226	-1.73962264150943
			3.44150943396226	-1.73584905660377
			3.44150943396226	-1.73207547169811
			3.44150943396226	-1.72830188679245
			3.44150943396226	-1.72452830188679
			3.4377358490566	-1.72075471698113
			3.4377358490566	-1.71698113207547
			3.4377358490566	-1.71320754716981
			3.4377358490566	-1.70943396226415
			3.4377358490566	-1.70566037735849
			3.4377358490566	-1.70188679245283
			3.4377358490566	-1.69811320754717
			3.4377358490566	-1.69433962264151
			3.4377358490566	-1.69056603773585
			3.4377358490566	-1.68679245283019
			3.4377358490566	-1.68301886792453
			3.4377358490566	-1.67924528301887
			3.4377358490566	-1.67547169811321
			3.4377358490566	-1.67169811320755
			3.4377358490566	-1.66792452830189
			3.4377358490566	-1.66415094339623
			3.44150943396226	-1.66037735849057
			3.44528301886792	-1.65660377358491
			3.44905660377359	-1.65283018867925
			3.45283018867925	-1.64905660377358
			3.45660377358491	-1.64528301886792
			3.45660377358491	-1.64150943396226
			3.46037735849057	-1.64150943396226
			3.46415094339623	-1.6377358490566
			3.46792452830189	-1.63396226415094
			3.47169811320755	-1.63018867924528
			3.47547169811321	-1.62641509433962
			3.47924528301887	-1.62641509433962
			3.48301886792453	-1.62264150943396
			3.48679245283019	-1.6188679245283
			3.48679245283019	-1.61509433962264
			3.49056603773585	-1.61509433962264
			3.49433962264151	-1.61132075471698
			3.49811320754717	-1.60754716981132
			3.50188679245283	-1.60377358490566
			3.50566037735849	-1.60377358490566
			3.50943396226415	-1.6
			3.51320754716981	-1.59622641509434
			3.51698113207547	-1.59245283018868
			3.52075471698113	-1.59245283018868
			3.52452830188679	-1.58867924528302
			3.52830188679245	-1.58490566037736
			3.53207547169811	-1.58490566037736
			3.53584905660377	-1.5811320754717
			3.53962264150943	-1.57735849056604
			3.54339622641509	-1.57735849056604
			3.54716981132075	-1.57358490566038
			3.55094339622641	-1.56981132075472
			3.55471698113208	-1.56981132075472
			3.55849056603774	-1.56603773584906
			3.5622641509434	-1.5622641509434
			3.56603773584906	-1.5622641509434
			3.56981132075472	-1.55849056603774
			3.57358490566038	-1.55471698113208
			3.57735849056604	-1.55471698113208
			3.5811320754717	-1.55471698113208
			3.58490566037736	-1.55094339622642
			3.58867924528302	-1.54716981132075
			3.59245283018868	-1.54716981132075
			3.59622641509434	-1.54339622641509
			3.6	-1.54339622641509
			3.60377358490566	-1.54339622641509
			3.60754716981132	-1.53962264150943
			3.61132075471698	-1.53584905660377
			3.61509433962264	-1.53584905660377
			3.6188679245283	-1.53207547169811
			3.62264150943396	-1.53207547169811
			3.62641509433962	-1.53207547169811
			3.63018867924528	-1.52830188679245
			3.63396226415094	-1.52830188679245
			3.6377358490566	-1.52452830188679
			3.64150943396226	-1.52452830188679
			3.64528301886792	-1.52075471698113
			3.64905660377358	-1.52075471698113
			3.65283018867925	-1.52075471698113
			3.65660377358491	-1.51698113207547
			3.66037735849057	-1.51698113207547
			3.66415094339623	-1.51320754716981
			3.66792452830189	-1.51320754716981
			3.67169811320755	-1.51320754716981
			3.67547169811321	-1.50943396226415
			3.67924528301887	-1.50943396226415
			3.68301886792453	-1.50943396226415
			3.68679245283019	-1.50566037735849
			3.69056603773585	-1.50566037735849
			3.69433962264151	-1.50188679245283
			3.69811320754717	-1.50188679245283
			3.70188679245283	-1.50188679245283
			3.70566037735849	-1.50188679245283
			3.70566037735849	-1.49811320754717
			3.70943396226415	-1.49811320754717
			3.71320754716981	-1.49811320754717
			3.71698113207547	-1.49811320754717
			3.72075471698113	-1.49811320754717
			3.72075471698113	-1.49433962264151
			3.72452830188679	-1.49433962264151
			3.72830188679245	-1.49433962264151
			3.73207547169811	-1.49433962264151
			3.73584905660377	-1.49056603773585
			3.73962264150943	-1.49056603773585
			3.74339622641509	-1.49056603773585
			3.74716981132075	-1.49056603773585
			3.75094339622642	-1.49433962264151
			3.75471698113208	-1.49433962264151
			3.75849056603774	-1.49433962264151
			3.7622641509434	-1.49433962264151
			3.76603773584906	-1.49811320754717
			3.76981132075472	-1.49811320754717
			3.77358490566038	-1.49811320754717
			3.77735849056604	-1.49811320754717
			3.77735849056604	-1.50188679245283
			3.7811320754717	-1.50188679245283
			3.78490566037736	-1.50188679245283
			3.78867924528302	-1.50188679245283
			3.79245283018868	-1.50566037735849
			3.79622641509434	-1.50566037735849
			3.8	-1.50566037735849
			3.80377358490566	-1.50566037735849
			3.80754716981132	-1.50943396226415
			3.81132075471698	-1.50943396226415
			3.81509433962264	-1.50943396226415
			3.8188679245283	-1.51320754716981
			3.82264150943396	-1.51320754716981
			3.82641509433962	-1.51320754716981
			3.83018867924528	-1.51698113207547
			3.83396226415094	-1.51698113207547
			3.8377358490566	-1.52075471698113
			3.84150943396226	-1.52075471698113
			3.84528301886792	-1.52075471698113
			3.84905660377358	-1.52452830188679
			3.85283018867925	-1.52452830188679
			3.85660377358491	-1.52452830188679
			3.85660377358491	-1.52830188679245
			3.86037735849057	-1.52830188679245
			3.86415094339623	-1.52830188679245
			3.86792452830189	-1.53207547169811
			3.87169811320755	-1.53207547169811
			3.87547169811321	-1.53207547169811
			3.87547169811321	-1.53584905660377
			3.87924528301887	-1.53584905660377
			3.88301886792453	-1.53584905660377
			3.88679245283019	-1.53962264150943
			3.89056603773585	-1.53962264150943
			3.89433962264151	-1.53962264150943
			3.89811320754717	-1.54339622641509
			3.90188679245283	-1.54716981132075
			3.90566037735849	-1.54716981132075
			3.90943396226415	-1.54716981132075
			3.91320754716981	-1.55094339622642
			3.91698113207547	-1.55094339622642
			3.92075471698113	-1.55471698113208
			3.92452830188679	-1.55471698113208
			3.92830188679245	-1.55849056603774
			3.93207547169811	-1.55849056603774
			3.93584905660377	-1.55849056603774
			3.93584905660377	-1.5622641509434
			3.93962264150943	-1.5622641509434
			3.94339622641509	-1.5622641509434
			3.94339622641509	-1.56603773584906
			3.94716981132075	-1.56603773584906
			3.95094339622642	-1.56603773584906
			3.95094339622642	-1.56981132075472
			3.95471698113208	-1.56981132075472
			3.95849056603774	-1.57358490566038
			3.9622641509434	-1.57358490566038
			3.96603773584906	-1.57735849056604
			3.96981132075472	-1.57735849056604
			3.97358490566038	-1.57735849056604
			3.97358490566038	-1.5811320754717
			3.97735849056604	-1.5811320754717
			3.9811320754717	-1.58490566037736
			3.98490566037736	-1.58490566037736
			3.98490566037736	-1.58867924528302
			3.98867924528302	-1.58867924528302
			3.99245283018868	-1.58867924528302
			3.99622641509434	-1.59245283018868
			4	-1.59245283018868
			4	-1.59622641509434
			4.00377358490566	-1.59622641509434
			4.00754716981132	-1.6
			4.01132075471698	-1.6
			4.01509433962264	-1.60377358490566
			4.0188679245283	-1.60377358490566
			4.02264150943396	-1.60754716981132
			4.02641509433962	-1.61132075471698
			4.03018867924528	-1.61132075471698
			4.03396226415094	-1.61509433962264
			4.0377358490566	-1.61509433962264
			4.04150943396226	-1.6188679245283
			4.04528301886792	-1.6188679245283
			4.04905660377359	-1.62264150943396
			4.05283018867925	-1.62641509433962
			4.05660377358491	-1.62641509433962
			4.06037735849057	-1.63018867924528
			4.06415094339623	-1.63018867924528
			4.06792452830189	-1.63396226415094
			4.07169811320755	-1.6377358490566
			4.07547169811321	-1.64150943396226
			4.07924528301887	-1.64150943396226
			4.08301886792453	-1.64528301886792
			4.08679245283019	-1.64528301886792
			4.08679245283019	-1.64905660377358
			4.09056603773585	-1.64905660377358
			4.09433962264151	-1.64905660377358
			4.09433962264151	-1.65283018867925
			4.09811320754717	-1.65283018867925
			4.10188679245283	-1.65660377358491
			4.10566037735849	-1.66037735849057
			4.10943396226415	-1.66037735849057
			4.11320754716981	-1.66415094339623
			4.11698113207547	-1.66415094339623
			4.12075471698113	-1.66792452830189
			4.12075471698113	-1.67169811320755
			4.12452830188679	-1.67169811320755
			4.12830188679245	-1.67547169811321
			4.13207547169811	-1.67547169811321
			4.13584905660377	-1.67924528301887
			4.13962264150943	-1.68301886792453
			4.14339622641509	-1.68301886792453
			4.14339622641509	-1.68679245283019
			4.14716981132075	-1.68679245283019
			4.15094339622642	-1.69056603773585
			4.15471698113208	-1.69433962264151
			4.15849056603774	-1.69433962264151
			4.1622641509434	-1.69811320754717
			4.16603773584906	-1.69811320754717
			4.16981132075472	-1.70188679245283
			4.16981132075472	-1.70566037735849
			4.17358490566038	-1.70566037735849
			4.17735849056604	-1.70943396226415
			4.1811320754717	-1.71320754716981
			4.18490566037736	-1.71320754716981
			4.18867924528302	-1.71698113207547
			4.19245283018868	-1.72075471698113
			4.19622641509434	-1.72075471698113
			4.19622641509434	-1.72452830188679
			4.2	-1.72830188679245
			4.20377358490566	-1.72830188679245
			4.20754716981132	-1.73207547169811
			4.21132075471698	-1.73584905660377
			4.21509433962264	-1.73584905660377
			4.2188679245283	-1.73962264150943
			4.22264150943396	-1.74339622641509
			4.22641509433962	-1.74339622641509
			4.22641509433962	-1.74716981132075
			4.23018867924528	-1.75094339622642
			4.23396226415094	-1.75094339622642
			4.2377358490566	-1.75471698113208
			4.24150943396226	-1.75849056603774
			4.24528301886792	-1.75849056603774
			4.24905660377359	-1.7622641509434
			4.25283018867925	-1.76603773584906
			4.25660377358491	-1.76603773584906
			4.26037735849057	-1.76981132075472
			4.26037735849057	-1.77358490566038
			4.26415094339623	-1.77735849056604
			4.26792452830189	-1.77735849056604
			4.27169811320755	-1.7811320754717
			4.27547169811321	-1.78490566037736
			4.27924528301887	-1.78867924528302
			4.28301886792453	-1.78867924528302
			4.28679245283019	-1.79245283018868
			4.29056603773585	-1.79622641509434
			4.29433962264151	-1.8
			4.29811320754717	-1.8
			4.30188679245283	-1.80377358490566
			4.30188679245283	-1.80754716981132
			4.30566037735849	-1.81132075471698
			4.30943396226415	-1.81132075471698
			4.31320754716981	-1.81509433962264
			4.31698113207547	-1.8188679245283
			4.32075471698113	-1.82264150943396
			4.32452830188679	-1.82264150943396
			4.32830188679245	-1.82641509433962
			4.33207547169811	-1.83018867924528
			4.33584905660377	-1.83396226415094
			4.33962264150943	-1.8377358490566
			4.34339622641509	-1.8377358490566
			4.34716981132075	-1.84150943396226
			4.35094339622642	-1.84528301886792
			4.35094339622642	-1.84905660377358
			4.35471698113208	-1.85283018867925
			4.35849056603774	-1.85283018867925
			4.3622641509434	-1.85660377358491
			4.36603773584906	-1.86037735849057
			4.36981132075472	-1.86415094339623
			4.37358490566038	-1.86792452830189
			4.37735849056604	-1.86792452830189
			4.3811320754717	-1.87169811320755
			4.38490566037736	-1.87547169811321
			4.38867924528302	-1.87924528301887
			4.39245283018868	-1.88301886792453
			4.39622641509434	-1.88679245283019
			4.4	-1.88679245283019
			4.40377358490566	-1.89056603773585
			4.40754716981132	-1.89433962264151
			4.41132075471698	-1.89811320754717
			4.41509433962264	-1.90188679245283
			4.4188679245283	-1.90566037735849
			4.42264150943396	-1.90943396226415
			4.42641509433962	-1.90943396226415
			4.43018867924528	-1.91320754716981
			4.43018867924528	-1.91698113207547
			4.43396226415094	-1.92075471698113
			4.4377358490566	-1.92452830188679
			4.44150943396226	-1.92830188679245
			4.44528301886792	-1.93207547169811
			4.44905660377358	-1.93584905660377
			4.45283018867925	-1.93962264150943
			4.45660377358491	-1.93962264150943
			4.46037735849057	-1.94339622641509
			4.46415094339623	-1.94716981132075
			4.46792452830189	-1.95094339622642
			4.47169811320755	-1.95471698113208
			4.47547169811321	-1.95849056603774
			4.47924528301887	-1.9622641509434
			4.48301886792453	-1.96603773584906
			4.48679245283019	-1.96981132075472
			4.49056603773585	-1.97358490566038
			4.49433962264151	-1.97735849056604
			4.49811320754717	-1.9811320754717
			4.50188679245283	-1.9811320754717
			4.50566037735849	-1.98490566037736
			4.50943396226415	-1.98867924528302
			4.51320754716981	-1.99245283018868
			4.51698113207547	-1.99622641509434
			4.52075471698113	-2
			4.52452830188679	-2.00377358490566
			4.52830188679245	-2.00754716981132
			4.53207547169811	-2.01132075471698
			4.53584905660377	-2.01509433962264
			4.53962264150943	-2.0188679245283
			4.54339622641509	-2.02264150943396
			4.54716981132075	-2.02641509433962
			4.55094339622642	-2.03018867924528
			4.55471698113208	-2.03396226415094
			4.55849056603774	-2.0377358490566
			4.5622641509434	-2.04150943396226
			4.56603773584906	-2.04528301886792
			4.56981132075472	-2.04905660377359
			4.57358490566038	-2.05283018867925
			4.57735849056604	-2.05660377358491
			4.5811320754717	-2.06037735849057
			4.58490566037736	-2.06415094339623
			4.58867924528302	-2.06792452830189
			4.59245283018868	-2.07169811320755
			4.59622641509434	-2.07547169811321
			4.6	-2.07924528301887
			4.60377358490566	-2.08301886792453
			4.60754716981132	-2.08679245283019
			4.61132075471698	-2.09056603773585
			4.61509433962264	-2.09433962264151
			4.6188679245283	-2.09811320754717
			4.62264150943396	-2.10188679245283
			4.62641509433962	-2.10566037735849
			4.63018867924528	-2.10566037735849
			4.63018867924528	-2.10943396226415
			4.63396226415094	-2.11320754716981
			4.6377358490566	-2.11320754716981
			4.6377358490566	-2.11698113207547
			4.64150943396226	-2.12075471698113
			4.64528301886792	-2.12452830188679
			4.64905660377358	-2.12830188679245
			4.65283018867925	-2.13207547169811
			4.65660377358491	-2.13584905660377
			4.66037735849057	-2.13962264150943
			4.66415094339623	-2.14339622641509
			4.66792452830189	-2.14716981132075
			4.67169811320755	-2.15094339622642
			4.67547169811321	-2.15471698113208
			4.67924528301887	-2.15849056603774
			4.68301886792453	-2.1622641509434
			4.68301886792453	-2.16603773584906
			4.68679245283019	-2.16981132075472
			4.69056603773585	-2.17358490566038
			4.69433962264151	-2.17735849056604
			4.69811320754717	-2.17735849056604
			4.70188679245283	-2.1811320754717
			4.70566037735849	-2.18490566037736
			4.70943396226415	-2.18867924528302
			4.71320754716981	-2.19245283018868
			4.71698113207547	-2.19622641509434
			4.72075471698113	-2.2
			4.72452830188679	-2.20377358490566
			4.72452830188679	-2.20754716981132
			4.72830188679245	-2.21132075471698
			4.73207547169811	-2.21509433962264
			4.73584905660377	-2.2188679245283
			4.73962264150943	-2.22264150943396
			4.73962264150943	-2.22641509433962
			4.74339622641509	-2.22641509433962
			4.74339622641509	-2.23018867924528
			4.74716981132075	-2.23396226415094
			4.74716981132075	-2.2377358490566
			4.75094339622641	-2.24150943396226
			4.75094339622641	-2.24528301886792
			4.75471698113208	-2.24905660377358
			4.75471698113208	-2.25283018867925
			4.75849056603774	-2.25283018867925
			4.75849056603774	-2.25660377358491
			4.7622641509434	-2.26037735849057
			4.7622641509434	-2.26415094339623
			4.76603773584906	-2.26792452830189
			4.76603773584906	-2.27169811320755
			4.76981132075472	-2.27547169811321
			4.76981132075472	-2.27924528301887
			4.77358490566038	-2.28301886792453
			4.77735849056604	-2.28679245283019
			4.77735849056604	-2.29056603773585
			4.7811320754717	-2.29433962264151
			4.7811320754717	-2.29811320754717
			4.78490566037736	-2.30188679245283
			4.78867924528302	-2.30566037735849
			4.78867924528302	-2.30943396226415
			4.79245283018868	-2.31320754716981
			4.79245283018868	-2.31698113207547
			4.79622641509434	-2.32075471698113
			4.8	-2.32452830188679
			4.8	-2.32830188679245
			4.8	-2.33207547169811
			4.80377358490566	-2.33584905660377
			4.80754716981132	-2.33962264150943
			4.80754716981132	-2.34339622641509
			4.81132075471698	-2.34716981132075
			4.81132075471698	-2.35094339622642
			4.81509433962264	-2.35471698113208
			4.81509433962264	-2.35849056603774
			4.8188679245283	-2.3622641509434
			4.8188679245283	-2.36603773584906
			4.82264150943396	-2.36981132075472
			4.82641509433962	-2.37358490566038
			4.83018867924528	-2.37735849056604
			4.83018867924528	-2.3811320754717
			4.83396226415094	-2.38490566037736
			4.83396226415094	-2.38867924528302
			4.8377358490566	-2.39245283018868
			4.8377358490566	-2.39622641509434
			4.84150943396226	-2.4
			4.84150943396226	-2.40377358490566
			4.84528301886792	-2.40754716981132
			4.84905660377358	-2.41132075471698
			4.84905660377358	-2.41509433962264
			4.85283018867925	-2.4188679245283
			4.85283018867925	-2.42264150943396
			4.85660377358491	-2.42641509433962
			4.85660377358491	-2.43018867924528
			4.86037735849057	-2.43396226415094
			4.86037735849057	-2.4377358490566
			4.86415094339623	-2.44150943396226
			4.86415094339623	-2.44528301886792
			4.86792452830189	-2.44528301886792
			4.86792452830189	-2.44905660377359
			4.87169811320755	-2.45283018867925
			4.87547169811321	-2.45660377358491
			4.87547169811321	-2.46037735849057
			4.87924528301887	-2.46415094339623
			4.87924528301887	-2.46792452830189
			4.88301886792453	-2.47169811320755
			4.88301886792453	-2.47547169811321
			4.88679245283019	-2.47924528301887
			4.89056603773585	-2.48301886792453
			4.89056603773585	-2.48679245283019
			4.89433962264151	-2.49056603773585
			4.89811320754717	-2.49433962264151
			4.89811320754717	-2.49811320754717
			4.89811320754717	-2.50188679245283
			4.90188679245283	-2.50188679245283
			4.90188679245283	-2.50566037735849
			4.90188679245283	-2.50943396226415
			4.90566037735849	-2.50943396226415
			4.90566037735849	-2.51320754716981
			4.90566037735849	-2.51698113207547
			4.90943396226415	-2.51698113207547
			4.90943396226415	-2.52075471698113
			4.91320754716981	-2.52075471698113
			4.91320754716981	-2.52452830188679
			4.91320754716981	-2.52830188679245
			4.91698113207547	-2.52830188679245
			4.91698113207547	-2.53207547169811
			4.91698113207547	-2.53584905660377
			4.92075471698113	-2.53584905660377
			4.92075471698113	-2.53962264150943
			4.92452830188679	-2.53962264150943
			4.92452830188679	-2.54339622641509
			4.92452830188679	-2.54716981132075
			4.92830188679245	-2.54716981132075
			4.92830188679245	-2.55094339622641
			4.93207547169811	-2.55471698113208
			4.93207547169811	-2.55849056603774
			4.93584905660377	-2.5622641509434
			4.93584905660377	-2.56603773584906
			4.93962264150943	-2.56981132075472
			4.94339622641509	-2.57358490566038
			4.94339622641509	-2.57735849056604
			4.94716981132076	-2.5811320754717
			4.94716981132076	-2.58490566037736
			4.95094339622641	-2.58867924528302
			4.95094339622641	-2.59245283018868
			4.95471698113208	-2.59622641509434
			4.95471698113208	-2.6
			4.95849056603774	-2.6
			4.95849056603774	-2.60377358490566
			4.9622641509434	-2.60754716981132
			4.9622641509434	-2.61132075471698
			4.96603773584906	-2.61509433962264
			4.96603773584906	-2.6188679245283
			4.96981132075472	-2.62264150943396
			4.97358490566038	-2.62641509433962
			4.97735849056604	-2.63018867924528
			4.97735849056604	-2.63396226415094
			4.9811320754717	-2.6377358490566
			4.9811320754717	-2.64150943396226
			4.98490566037736	-2.64528301886792
			4.98867924528302	-2.64905660377358
			4.98867924528302	-2.65283018867925
			4.99245283018868	-2.65660377358491
			4.99245283018868	-2.66037735849057
			4.99622641509434	-2.66415094339623
			4.99622641509434	-2.66792452830189
			5	-2.67169811320755
			5.00377358490566	-2.67547169811321
			5.00377358490566	-2.67924528301887
			5.00754716981132	-2.68301886792453
			5.00754716981132	-2.68679245283019
			5.01132075471698	-2.69056603773585
			5.01132075471698	-2.69433962264151
			5.01509433962264	-2.69811320754717
			5.0188679245283	-2.70188679245283
			5.0188679245283	-2.70566037735849
			5.02264150943396	-2.70943396226415
			5.02264150943396	-2.71320754716981
			5.02641509433962	-2.71698113207547
			5.03018867924528	-2.72075471698113
			5.03018867924528	-2.72452830188679
			5.03396226415094	-2.72830188679245
			5.0377358490566	-2.73207547169811
			5.0377358490566	-2.73584905660377
			5.04150943396226	-2.73962264150943
			5.04150943396226	-2.74339622641509
			5.04528301886792	-2.74716981132075
			5.04528301886792	-2.75094339622642
			5.04905660377359	-2.75094339622642
			5.04905660377359	-2.75471698113208
			5.05283018867925	-2.75849056603774
			5.05283018867925	-2.7622641509434
			5.05660377358491	-2.7622641509434
			5.05660377358491	-2.76603773584906
			5.06037735849057	-2.76981132075472
			5.06037735849057	-2.77358490566038
			5.06415094339623	-2.77735849056604
			5.06792452830189	-2.7811320754717
			5.06792452830189	-2.78490566037736
			5.07169811320755	-2.78867924528302
			5.07169811320755	-2.79245283018868
			5.07547169811321	-2.79622641509434
			5.07547169811321	-2.8
			5.07924528301887	-2.80377358490566
			5.08301886792453	-2.80754716981132
			5.08679245283019	-2.81132075471698
			5.08679245283019	-2.81509433962264
			5.09056603773585	-2.8188679245283
			5.09056603773585	-2.82264150943396
			5.09433962264151	-2.82264150943396
			5.09433962264151	-2.82641509433962
			5.09433962264151	-2.83018867924528
			5.09811320754717	-2.83018867924528
			5.09811320754717	-2.83396226415094
			5.09811320754717	-2.8377358490566
			5.10188679245283	-2.8377358490566
			5.10188679245283	-2.84150943396226
			5.10566037735849	-2.84150943396226
			5.10566037735849	-2.84528301886792
			5.10566037735849	-2.84905660377358
			5.10943396226415	-2.84905660377358
			5.10943396226415	-2.85283018867925
			5.11320754716981	-2.85283018867925
			5.11320754716981	-2.85660377358491
			5.11320754716981	-2.86037735849057
			5.11698113207547	-2.86037735849057
			5.11698113207547	-2.86415094339623
			5.11698113207547	-2.86792452830189
			5.12075471698113	-2.86792452830189
			5.12075471698113	-2.87169811320755
			5.12452830188679	-2.87169811320755
			5.12452830188679	-2.87547169811321
			5.12452830188679	-2.87924528301887
			5.12830188679245	-2.87924528301887
			5.12830188679245	-2.88301886792453
			5.13207547169811	-2.88679245283019
			5.13584905660377	-2.89056603773585
			5.13584905660377	-2.89433962264151
			5.13962264150943	-2.89811320754717
			5.14339622641509	-2.90188679245283
			5.14339622641509	-2.90566037735849
			5.14716981132075	-2.90943396226415
			5.14716981132075	-2.91320754716981
			5.15094339622642	-2.91698113207547
			5.15094339622642	-2.91320754716981
			5.15471698113208	-2.90943396226415
			5.15471698113208	-2.90566037735849
			5.15471698113208	-2.90188679245283
			5.15471698113208	-2.89811320754717
			5.15849056603774	-2.89433962264151
			5.15849056603774	-2.89056603773585
			5.15849056603774	-2.88679245283019
			5.15849056603774	-2.88301886792453
			5.15849056603774	-2.87924528301887
			5.1622641509434	-2.87547169811321
			5.1622641509434	-2.87169811320755
			5.1622641509434	-2.86792452830189
			5.1622641509434	-2.86415094339623
			5.16603773584906	-2.86037735849057
			5.16603773584906	-2.85660377358491
			5.16603773584906	-2.85283018867925
			5.16603773584906	-2.84905660377358
			5.16981132075472	-2.84528301886792
			5.16981132075472	-2.84150943396226
			5.16981132075472	-2.8377358490566
			5.16981132075472	-2.83396226415094
			5.17358490566038	-2.83018867924528
			5.17358490566038	-2.82641509433962
			5.17358490566038	-2.82264150943396
			5.17358490566038	-2.8188679245283
			5.17735849056604	-2.81509433962264
			5.17735849056604	-2.81132075471698
			5.17735849056604	-2.80754716981132
			5.17735849056604	-2.80377358490566
			5.17735849056604	-2.8
			5.1811320754717	-2.79622641509434
			5.1811320754717	-2.79245283018868
			5.1811320754717	-2.78867924528302
			5.1811320754717	-2.78490566037736
			5.18490566037736	-2.7811320754717
			5.18490566037736	-2.77735849056604
			5.18490566037736	-2.77358490566038
			5.18490566037736	-2.76981132075472
			5.18867924528302	-2.76603773584906
			5.18867924528302	-2.7622641509434
			5.18867924528302	-2.75849056603774
			5.18867924528302	-2.75471698113208
			5.18867924528302	-2.75094339622642
			5.19245283018868	-2.74716981132075
			5.19245283018868	-2.74339622641509
			5.19245283018868	-2.73962264150943
			5.19245283018868	-2.73584905660377
			5.19622641509434	-2.73207547169811
			5.19622641509434	-2.72830188679245
			5.19622641509434	-2.72452830188679
			5.19622641509434	-2.72075471698113
			5.19622641509434	-2.71698113207547
			5.2	-2.71698113207547
			5.2	-2.71320754716981
			5.2	-2.70943396226415
			5.2	-2.70566037735849
			5.2	-2.70188679245283
			5.20377358490566	-2.69811320754717
			5.20377358490566	-2.69433962264151
			5.20377358490566	-2.69056603773585
			5.20377358490566	-2.68679245283019
			5.20377358490566	-2.68301886792453
			5.20754716981132	-2.67924528301887
			5.20754716981132	-2.67547169811321
			5.20754716981132	-2.67169811320755
			5.20754716981132	-2.66792452830189
			5.20754716981132	-2.66415094339623
			5.20754716981132	-2.66037735849057
			5.21132075471698	-2.65660377358491
			5.21132075471698	-2.65283018867925
			5.21132075471698	-2.64905660377358
			5.21132075471698	-2.64528301886792
			5.21509433962264	-2.64150943396226
			5.21509433962264	-2.6377358490566
			5.21509433962264	-2.63396226415094
			5.21509433962264	-2.63018867924528
			5.21509433962264	-2.62641509433962
			5.2188679245283	-2.62264150943396
			5.2188679245283	-2.6188679245283
			5.2188679245283	-2.61509433962264
			5.2188679245283	-2.61132075471698
			5.2188679245283	-2.60754716981132
			5.2188679245283	-2.60377358490566
			5.22264150943396	-2.6
			5.22264150943396	-2.59622641509434
			5.22264150943396	-2.59245283018868
			5.22264150943396	-2.58867924528302
			5.22264150943396	-2.58490566037736
			5.22264150943396	-2.5811320754717
			5.22641509433962	-2.57735849056604
			5.22641509433962	-2.57358490566038
			5.22641509433962	-2.56981132075472
			5.22641509433962	-2.56603773584906
			5.22641509433962	-2.5622641509434
			5.22641509433962	-2.55849056603774
			5.23018867924528	-2.55471698113208
			5.23018867924528	-2.55094339622641
			5.23018867924528	-2.54716981132075
			5.23018867924528	-2.54339622641509
			5.23018867924528	-2.53962264150943
			5.23018867924528	-2.53584905660377
			5.23396226415094	-2.53207547169811
			5.23396226415094	-2.52830188679245
			5.23396226415094	-2.52452830188679
			5.23396226415094	-2.52075471698113
			5.23396226415094	-2.51698113207547
			5.23396226415094	-2.51320754716981
			5.23396226415094	-2.50943396226415
			5.2377358490566	-2.50943396226415
			5.2377358490566	-2.50566037735849
			5.2377358490566	-2.50188679245283
			5.2377358490566	-2.49811320754717
			5.2377358490566	-2.49433962264151
			5.2377358490566	-2.49056603773585
			5.2377358490566	-2.48679245283019
			5.2377358490566	-2.48301886792453
			5.24150943396226	-2.47924528301887
			5.24150943396226	-2.47547169811321
			5.24150943396226	-2.47169811320755
			5.24150943396226	-2.46792452830189
			5.24150943396226	-2.46415094339623
			5.24150943396226	-2.46037735849057
			5.24150943396226	-2.45660377358491
			5.24150943396226	-2.45283018867925
			5.24150943396226	-2.44905660377359
			5.24528301886792	-2.44528301886792
			5.24528301886792	-2.44150943396226
			5.24528301886792	-2.4377358490566
			5.24528301886792	-2.43396226415094
			5.24528301886792	-2.43018867924528
			5.24528301886792	-2.42641509433962
			5.24528301886792	-2.42264150943396
			5.24528301886792	-2.4188679245283
			5.24528301886792	-2.41509433962264
			5.24528301886792	-2.41132075471698
			5.24528301886792	-2.40754716981132
			5.24905660377359	-2.40377358490566
			5.24905660377359	-2.4
			5.24905660377359	-2.39622641509434
			5.24905660377359	-2.39245283018868
			5.24905660377359	-2.38867924528302
			5.24905660377359	-2.38490566037736
			5.24905660377359	-2.3811320754717
			5.24905660377359	-2.37735849056604
			5.24905660377359	-2.37358490566038
			5.24905660377359	-2.36981132075472
			5.24905660377359	-2.36603773584906
			5.24905660377359	-2.3622641509434
			5.24905660377359	-2.35849056603774
			5.24905660377359	-2.35471698113208
			5.24905660377359	-2.35094339622642
			5.24905660377359	-2.34716981132075
			5.24905660377359	-2.34339622641509
			5.24905660377359	-2.33962264150943
			5.24905660377359	-2.33584905660377
			5.24905660377359	-2.33207547169811
			5.24905660377359	-2.32830188679245
			5.24905660377359	-2.32452830188679
			5.24905660377359	-2.32075471698113
			5.24905660377359	-2.31698113207547
			5.24905660377359	-2.31320754716981
			5.24905660377359	-2.30943396226415
			5.24905660377359	-2.30566037735849
			5.24905660377359	-2.30188679245283
			5.24905660377359	-2.29811320754717
			5.24905660377359	-2.29433962264151
			5.24905660377359	-2.29056603773585
			5.24905660377359	-2.28679245283019
			5.24905660377359	-2.28301886792453
			5.24905660377359	-2.27924528301887
			5.24905660377359	-2.27547169811321
			5.24905660377359	-2.27169811320755
			5.24905660377359	-2.26792452830189
			5.24905660377359	-2.26415094339623
			5.24905660377359	-2.26037735849057
			5.24905660377359	-2.25660377358491
			5.24905660377359	-2.25283018867925
			5.24905660377359	-2.24905660377358
			5.24528301886792	-2.24528301886792
			5.24528301886792	-2.24150943396226
			5.24528301886792	-2.2377358490566
			5.24528301886792	-2.23396226415094
			5.24528301886792	-2.23018867924528
			5.24528301886792	-2.22641509433962
			5.24528301886792	-2.22264150943396
			5.24150943396226	-2.2188679245283
			5.24150943396226	-2.21509433962264
			5.24150943396226	-2.21132075471698
			5.24150943396226	-2.20754716981132
			5.24150943396226	-2.20377358490566
			5.24150943396226	-2.2
			5.2377358490566	-2.19622641509434
			5.2377358490566	-2.19245283018868
			5.2377358490566	-2.18867924528302
			5.2377358490566	-2.18490566037736
			5.23396226415094	-2.1811320754717
			5.23396226415094	-2.17735849056604
			5.23396226415094	-2.17358490566038
			5.23018867924528	-2.16981132075472
			5.23018867924528	-2.16603773584906
			5.23018867924528	-2.1622641509434
			5.23018867924528	-2.15849056603774
			5.22641509433962	-2.15471698113208
			5.22641509433962	-2.15094339622642
			5.22641509433962	-2.14716981132075
			5.22264150943396	-2.14339622641509
			5.22264150943396	-2.13962264150943
			5.2188679245283	-2.13584905660377
			5.2188679245283	-2.13207547169811
			5.2188679245283	-2.12830188679245
			5.21509433962264	-2.12452830188679
			5.21509433962264	-2.12075471698113
			5.21509433962264	-2.11698113207547
			5.21132075471698	-2.11320754716981
			5.21132075471698	-2.10943396226415
			5.20754716981132	-2.10566037735849
			5.20754716981132	-2.10188679245283
			5.20754716981132	-2.09811320754717
			5.20377358490566	-2.09433962264151
			5.20377358490566	-2.09056603773585
			5.2	-2.08679245283019
			5.2	-2.08301886792453
			5.2	-2.07924528301887
			5.19622641509434	-2.07547169811321
			5.19622641509434	-2.07169811320755
			5.19245283018868	-2.06792452830189
			5.19245283018868	-2.06415094339623
			5.18867924528302	-2.06415094339623
			5.18867924528302	-2.06037735849057
			5.18490566037736	-2.05660377358491
			5.18490566037736	-2.05283018867925
			5.18490566037736	-2.04905660377359
			5.1811320754717	-2.04528301886792
			5.1811320754717	-2.04150943396226
			5.17735849056604	-2.0377358490566
			5.17735849056604	-2.03396226415094
			5.17358490566038	-2.03018867924528
			5.17358490566038	-2.02641509433962
			5.16981132075472	-2.02264150943396
			5.16603773584906	-2.02264150943396
			5.16603773584906	-2.0188679245283
			5.1622641509434	-2.01509433962264
			5.1622641509434	-2.01132075471698
			5.15849056603774	-2.00754716981132
			5.15849056603774	-2.00377358490566
			5.15471698113208	-2
			5.15471698113208	-1.99622641509434
			5.15094339622642	-1.99245283018868
			5.14716981132075	-1.98867924528302
			5.14716981132075	-1.98490566037736
			5.14339622641509	-1.9811320754717
			5.14339622641509	-1.97735849056604
			5.13962264150943	-1.97358490566038
			5.13584905660377	-1.96981132075472
			5.13207547169811	-1.96603773584906
			5.13207547169811	-1.9622641509434
			5.12830188679245	-1.95849056603774
			5.12452830188679	-1.95471698113208
			5.12452830188679	-1.95094339622642
			5.12075471698113	-1.94716981132075
			5.12075471698113	-1.94339622641509
			5.11698113207547	-1.94339622641509
			5.11320754716981	-1.93962264150943
			5.11320754716981	-1.93584905660377
			5.10943396226415	-1.93207547169811
			5.10943396226415	-1.92830188679245
			5.10566037735849	-1.92452830188679
			5.10188679245283	-1.92452830188679
			5.10188679245283	-1.92075471698113
			5.09811320754717	-1.91698113207547
			5.09811320754717	-1.91320754716981
			5.09433962264151	-1.90943396226415
			5.09056603773585	-1.90566037735849
			5.08679245283019	-1.90188679245283
			5.08301886792453	-1.89811320754717
			5.08301886792453	-1.89433962264151
			5.07924528301887	-1.89056603773585
			5.07547169811321	-1.88679245283019
			5.07169811320755	-1.88301886792453
			5.06792452830189	-1.87924528301887
			5.06415094339623	-1.87547169811321
			5.06415094339623	-1.87169811320755
			5.06037735849057	-1.86792452830189
			5.05660377358491	-1.86415094339623
			5.05283018867925	-1.86037735849057
			5.04905660377359	-1.85660377358491
			5.04528301886792	-1.85283018867925
			5.04528301886792	-1.84905660377358
			5.04150943396226	-1.84528301886792
			5.0377358490566	-1.84150943396226
			5.03396226415094	-1.8377358490566
			5.03018867924528	-1.83396226415094
			5.02641509433962	-1.83018867924528
			5.02264150943396	-1.82641509433962
			5.0188679245283	-1.82264150943396
			5.01509433962264	-1.8188679245283
			5.01132075471698	-1.81509433962264
			5.01132075471698	-1.81132075471698
			5.00754716981132	-1.80754716981132
			5.00377358490566	-1.80377358490566
			5	-1.8
			4.99622641509434	-1.79622641509434
			4.99245283018868	-1.79245283018868
			4.98867924528302	-1.78867924528302
			4.98867924528302	-1.78490566037736
			4.98490566037736	-1.78490566037736
			4.9811320754717	-1.7811320754717
			4.9811320754717	-1.77735849056604
			4.97735849056604	-1.77358490566038
			4.97358490566038	-1.77358490566038
			4.96981132075472	-1.76981132075472
			4.96981132075472	-1.76603773584906
			4.96603773584906	-1.7622641509434
			4.9622641509434	-1.7622641509434
			4.9622641509434	-1.75849056603774
			4.95849056603774	-1.75471698113208
			4.95471698113208	-1.75094339622642
			4.95094339622641	-1.75094339622642
			4.95094339622641	-1.74716981132075
			4.94716981132076	-1.74339622641509
			4.94339622641509	-1.73962264150943
			4.93962264150943	-1.73962264150943
			4.93584905660377	-1.73584905660377
			4.93584905660377	-1.73207547169811
			4.93207547169811	-1.72830188679245
			4.92830188679245	-1.72830188679245
			4.92452830188679	-1.72452830188679
			4.92452830188679	-1.72075471698113
			4.92075471698113	-1.71698113207547
			4.91698113207547	-1.71698113207547
			4.91320754716981	-1.71320754716981
			4.90943396226415	-1.70943396226415
			4.90943396226415	-1.70566037735849
			4.90566037735849	-1.70188679245283
			4.90188679245283	-1.70188679245283
			4.89811320754717	-1.69811320754717
			4.89433962264151	-1.69433962264151
			4.89433962264151	-1.69056603773585
			4.89056603773585	-1.69056603773585
			4.88679245283019	-1.68679245283019
			4.88301886792453	-1.68301886792453
			4.87924528301887	-1.67924528301887
			4.87547169811321	-1.67924528301887
			4.87547169811321	-1.67547169811321
			4.87169811320755	-1.67169811320755
			4.86792452830189	-1.66792452830189
			4.86415094339623	-1.66415094339623
			4.86037735849057	-1.66415094339623
			4.85660377358491	-1.66037735849057
			4.85283018867925	-1.65660377358491
			4.84905660377358	-1.65283018867925
			4.84528301886792	-1.64905660377358
			4.84150943396226	-1.64528301886792
			4.8377358490566	-1.64150943396226
			4.83396226415094	-1.6377358490566
			4.83018867924528	-1.63396226415094
			4.82641509433962	-1.63396226415094
			4.82641509433962	-1.63018867924528
			4.82264150943396	-1.63018867924528
			4.8188679245283	-1.62641509433962
			4.81509433962264	-1.62264150943396
			4.81132075471698	-1.6188679245283
			4.80754716981132	-1.61509433962264
			4.80377358490566	-1.61509433962264
			4.8	-1.61132075471698
			4.8	-1.60754716981132
			4.79622641509434	-1.60754716981132
			4.79245283018868	-1.60377358490566
			4.78867924528302	-1.6
			4.78490566037736	-1.6
			4.7811320754717	-1.59622641509434
			4.7811320754717	-1.59245283018868
			4.77735849056604	-1.59245283018868
			4.77358490566038	-1.58867924528302
			4.76981132075472	-1.58490566037736
			4.76603773584906	-1.5811320754717
			4.7622641509434	-1.57735849056604
			4.75849056603774	-1.57358490566038
			4.75471698113208	-1.56981132075472
			4.75094339622641	-1.56981132075472
			4.74716981132075	-1.56603773584906
			4.74339622641509	-1.5622641509434
			4.73962264150943	-1.55849056603774
			4.73584905660377	-1.55471698113208
			4.73207547169811	-1.55471698113208
			4.72830188679245	-1.55094339622642
			4.72452830188679	-1.54716981132075
			4.72075471698113	-1.54339622641509
			4.71698113207547	-1.54339622641509
			4.71698113207547	-1.53962264150943
			4.71320754716981	-1.53962264150943
			4.70943396226415	-1.53584905660377
			4.70566037735849	-1.53207547169811
			4.70188679245283	-1.52830188679245
			4.69811320754717	-1.52452830188679
			4.69433962264151	-1.52452830188679
			4.69056603773585	-1.52075471698113
			4.68679245283019	-1.52075471698113
			4.68301886792453	-1.51698113207547
			4.68301886792453	-1.51320754716981
			4.67924528301887	-1.51320754716981
			4.67547169811321	-1.50943396226415
			4.67169811320755	-1.50943396226415
			4.67169811320755	-1.50566037735849
			4.66792452830189	-1.50188679245283
			4.66415094339623	-1.50188679245283
			4.66037735849057	-1.49811320754717
			4.65660377358491	-1.49811320754717
			4.65660377358491	-1.49433962264151
			4.65283018867925	-1.49056603773585
			4.64905660377358	-1.49056603773585
			4.64528301886792	-1.48679245283019
			4.64150943396226	-1.48679245283019
			4.64150943396226	-1.48301886792453
			4.6377358490566	-1.47924528301887
			4.63396226415094	-1.47924528301887
			4.63018867924528	-1.47547169811321
			4.62641509433962	-1.47547169811321
			4.62641509433962	-1.47169811320755
			4.62264150943396	-1.46792452830189
			4.6188679245283	-1.46792452830189
			4.61509433962264	-1.46415094339623
			4.61132075471698	-1.46415094339623
			4.61132075471698	-1.46037735849057
			4.60754716981132	-1.45660377358491
			4.60377358490566	-1.45660377358491
			4.6	-1.45283018867925
			4.59622641509434	-1.44905660377359
			4.59245283018868	-1.44905660377359
			4.59245283018868	-1.44528301886792
			4.58867924528302	-1.44528301886792
			4.58490566037736	-1.44150943396226
			4.5811320754717	-1.4377358490566
			4.57735849056604	-1.4377358490566
			4.57358490566038	-1.43396226415094
			4.56981132075472	-1.43396226415094
			4.56981132075472	-1.43018867924528
			4.56603773584906	-1.42641509433962
			4.5622641509434	-1.42641509433962
			4.55849056603774	-1.42264150943396
			4.55471698113208	-1.42264150943396
			4.55094339622642	-1.4188679245283
			4.54716981132075	-1.41509433962264
			4.54339622641509	-1.41132075471698
			4.53962264150943	-1.40754716981132
			4.53584905660377	-1.40754716981132
			4.53207547169811	-1.40377358490566
			4.52830188679245	-1.4
			4.52452830188679	-1.39622641509434
			4.52075471698113	-1.39622641509434
			4.51698113207547	-1.39245283018868
			4.51320754716981	-1.39245283018868
			4.50943396226415	-1.38867924528302
			4.50566037735849	-1.38490566037736
			4.50188679245283	-1.38490566037736
			4.49811320754717	-1.3811320754717
			4.49433962264151	-1.37735849056604
			4.49056603773585	-1.37358490566038
			4.48679245283019	-1.37358490566038
			4.48301886792453	-1.36981132075472
			4.47924528301887	-1.36603773584906
			4.47547169811321	-1.36603773584906
			4.47169811320755	-1.3622641509434
			4.46792452830189	-1.35849056603774
			4.46415094339623	-1.35849056603774
			4.46037735849057	-1.35471698113208
			4.45660377358491	-1.35471698113208
			4.45283018867925	-1.35094339622642
			4.45283018867925	-1.34716981132075
			4.44905660377358	-1.34716981132075
			4.44528301886792	-1.34339622641509
			4.44150943396226	-1.33962264150943
			4.4377358490566	-1.33962264150943
			4.43396226415094	-1.33584905660377
			4.43018867924528	-1.33207547169811
			4.42641509433962	-1.33207547169811
			4.42264150943396	-1.32830188679245
			4.4188679245283	-1.32452830188679
			4.41509433962264	-1.32452830188679
			4.41132075471698	-1.32075471698113
			4.40754716981132	-1.31698113207547
			4.40377358490566	-1.31698113207547
			4.4	-1.31320754716981
			4.39622641509434	-1.30943396226415
			4.39245283018868	-1.30943396226415
			4.38867924528302	-1.30566037735849
			4.38490566037736	-1.30188679245283
			4.3811320754717	-1.30188679245283
			4.37735849056604	-1.29811320754717
			4.37358490566038	-1.29811320754717
			4.36981132075472	-1.29433962264151
			4.36603773584906	-1.29056603773585
			4.3622641509434	-1.29056603773585
			4.35849056603774	-1.28679245283019
			4.35471698113208	-1.28301886792453
			4.35094339622642	-1.28301886792453
			4.34716981132075	-1.27924528301887
			4.34339622641509	-1.27547169811321
			4.33962264150943	-1.27547169811321
			4.33584905660377	-1.27169811320755
			4.33207547169811	-1.27169811320755
			4.33207547169811	-1.26792452830189
			4.32830188679245	-1.26792452830189
			4.32452830188679	-1.26792452830189
			4.32075471698113	-1.26415094339623
			4.31698113207547	-1.26415094339623
			4.31320754716981	-1.26037735849057
			4.30943396226415	-1.26037735849057
			4.30566037735849	-1.26037735849057
			4.30188679245283	-1.25660377358491
			4.29811320754717	-1.25660377358491
			4.29433962264151	-1.25283018867925
			4.29056603773585	-1.25283018867925
			4.28679245283019	-1.24905660377358
			4.28301886792453	-1.24905660377358
			4.27924528301887	-1.24905660377358
			4.27547169811321	-1.24528301886792
			4.27169811320755	-1.24528301886792
			4.26792452830189	-1.24150943396226
			4.26415094339623	-1.24150943396226
			4.26037735849057	-1.2377358490566
			4.25660377358491	-1.2377358490566
			4.25283018867925	-1.2377358490566
			4.24905660377359	-1.23396226415094
			4.24528301886792	-1.23396226415094
			4.24150943396226	-1.23018867924528
			4.2377358490566	-1.23018867924528
			4.23396226415094	-1.22641509433962
			4.23018867924528	-1.22641509433962
			4.22641509433962	-1.22641509433962
			4.22264150943396	-1.22264150943396
			4.2188679245283	-1.22264150943396
			4.21509433962264	-1.2188679245283
			4.21132075471698	-1.2188679245283
			4.20754716981132	-1.21509433962264
			4.20377358490566	-1.21509433962264
			4.2	-1.21509433962264
			4.19622641509434	-1.21132075471698
			4.19245283018868	-1.21132075471698
			4.18867924528302	-1.20754716981132
			4.18490566037736	-1.20754716981132
			4.1811320754717	-1.20754716981132
			4.1811320754717	-1.20377358490566
			4.17735849056604	-1.20377358490566
			4.17358490566038	-1.2
			4.16981132075472	-1.2
			4.16603773584906	-1.19622641509434
			4.1622641509434	-1.19622641509434
			4.15849056603774	-1.19622641509434
			4.15471698113208	-1.19245283018868
			4.15094339622642	-1.19245283018868
			4.14716981132075	-1.18867924528302
			4.14339622641509	-1.18867924528302
			4.13962264150943	-1.18490566037736
			4.13584905660377	-1.18490566037736
			4.13207547169811	-1.1811320754717
			4.12830188679245	-1.1811320754717
			4.12452830188679	-1.1811320754717
			4.12452830188679	-1.17735849056604
			4.12075471698113	-1.17735849056604
			4.11698113207547	-1.17735849056604
			4.11698113207547	-1.17358490566038
			4.11320754716981	-1.17358490566038
			4.10943396226415	-1.17358490566038
			4.10943396226415	-1.16981132075472
			4.10566037735849	-1.16981132075472
			4.10188679245283	-1.16981132075472
			4.09811320754717	-1.16603773584906
			4.09433962264151	-1.1622641509434
			4.09056603773585	-1.1622641509434
			4.08679245283019	-1.1622641509434
			4.08301886792453	-1.15849056603774
			4.07924528301887	-1.15849056603774
			4.07547169811321	-1.15471698113208
			4.07169811320755	-1.15471698113208
			4.06792452830189	-1.15094339622642
			4.06415094339623	-1.15094339622642
			4.06037735849057	-1.14716981132075
			4.05660377358491	-1.14716981132075
			4.05283018867925	-1.14716981132075
			4.05283018867925	-1.14339622641509
			4.04905660377359	-1.14339622641509
			4.04528301886792	-1.13962264150943
			4.04150943396226	-1.13962264150943
			4.0377358490566	-1.13584905660377
			4.03396226415094	-1.13584905660377
			4.03018867924528	-1.13207547169811
			4.02641509433962	-1.13207547169811
			4.02264150943396	-1.12830188679245
			4.0188679245283	-1.12830188679245
			4.01509433962264	-1.12452830188679
			4.01132075471698	-1.12452830188679
			4.00754716981132	-1.12075471698113
			4.00377358490566	-1.12075471698113
			4	-1.11698113207547
			3.99622641509434	-1.11698113207547
			3.99245283018868	-1.11320754716981
			3.98867924528302	-1.10943396226415
			3.98490566037736	-1.10943396226415
			3.9811320754717	-1.10566037735849
			3.97735849056604	-1.10566037735849
			3.97358490566038	-1.10188679245283
			3.96981132075472	-1.10188679245283
			3.96603773584906	-1.09811320754717
			3.9622641509434	-1.09811320754717
			3.95849056603774	-1.09433962264151
			3.95471698113208	-1.09433962264151
			3.95094339622642	-1.09056603773585
			3.94716981132075	-1.09056603773585
			3.94339622641509	-1.08679245283019
			3.93962264150943	-1.08679245283019
			3.93962264150943	-1.08301886792453
			3.93584905660377	-1.08301886792453
			3.93207547169811	-1.07924528301887
			3.92830188679245	-1.07924528301887
			3.92452830188679	-1.07547169811321
			3.92075471698113	-1.07547169811321
			3.92075471698113	-1.07169811320755
			3.91698113207547	-1.07169811320755
			3.91320754716981	-1.06792452830189
			3.90943396226415	-1.06792452830189
			3.90566037735849	-1.06415094339623
			3.90188679245283	-1.06415094339623
			3.90188679245283	-1.06037735849057
			3.89811320754717	-1.06037735849057
			3.89433962264151	-1.05660377358491
			3.89056603773585	-1.05660377358491
			3.89056603773585	-1.05283018867925
			3.88679245283019	-1.05283018867925
			3.88301886792453	-1.04905660377358
			3.87924528301887	-1.04905660377358
			3.87547169811321	-1.04528301886792
			3.87169811320755	-1.04528301886792
			3.86792452830189	-1.04150943396226
			3.86415094339623	-1.0377358490566
			3.86037735849057	-1.0377358490566
			3.85660377358491	-1.03396226415094
			3.85283018867925	-1.03018867924528
			3.84905660377358	-1.02641509433962
			3.84528301886792	-1.02641509433962
			3.84150943396226	-1.02264150943396
			3.8377358490566	-1.0188679245283
			3.83396226415094	-1.0188679245283
			3.83018867924528	-1.01509433962264
			3.82641509433962	-1.01509433962264
			3.82264150943396	-1.01132075471698
			3.8188679245283	-1.00754716981132
			3.81509433962264	-1.00754716981132
			3.81132075471698	-1.00377358490566
			3.80754716981132	-1
			3.80377358490566	-0.99622641509434
			3.8	-0.992452830188679
			3.79622641509434	-0.988679245283019
			3.79245283018868	-0.988679245283019
			3.78867924528302	-0.984905660377358
			3.78490566037736	-0.981132075471698
			3.7811320754717	-0.977358490566038
			3.77735849056604	-0.977358490566038
			3.77358490566038	-0.973584905660377
			3.76981132075472	-0.969811320754717
			3.76603773584906	-0.966037735849057
			3.7622641509434	-0.962264150943396
			3.75849056603774	-0.958490566037736
			3.75471698113208	-0.954716981132075
			3.75094339622642	-0.950943396226415
			3.74716981132075	-0.947169811320755
			3.74339622641509	-0.947169811320755
			3.73962264150943	-0.943396226415094
			3.73584905660377	-0.939622641509434
			3.73584905660377	-0.935849056603774
			3.73207547169811	-0.932075471698113
			3.72830188679245	-0.928301886792453
			3.72452830188679	-0.924528301886792
			3.72452830188679	-0.920754716981132
			3.72075471698113	-0.920754716981132
			3.71698113207547	-0.916981132075472
			3.71698113207547	-0.913207547169811
			3.71320754716981	-0.909433962264151
			3.70943396226415	-0.905660377358491
			3.70943396226415	-0.90188679245283
			3.70566037735849	-0.90188679245283
			3.70566037735849	-0.89811320754717
			3.70188679245283	-0.894339622641509
			3.70188679245283	-0.890566037735849
			3.69811320754717	-0.886792452830189
			3.69433962264151	-0.883018867924528
			3.69433962264151	-0.879245283018868
			3.69056603773585	-0.875471698113208
			3.69056603773585	-0.871698113207547
			3.68679245283019	-0.867924528301887
			3.68301886792453	-0.864150943396226
			3.68301886792453	-0.860377358490566
			3.67924528301887	-0.856603773584906
			3.67547169811321	-0.852830188679245
			3.67547169811321	-0.849056603773585
			3.67169811320755	-0.845283018867925
			3.67169811320755	-0.841509433962264
			3.66792452830189	-0.837735849056604
			3.66415094339623	-0.833962264150943
			3.66415094339623	-0.830188679245283
			3.66037735849057	-0.826415094339623
			3.66037735849057	-0.822641509433962
			3.65660377358491	-0.818867924528302
			3.65660377358491	-0.815094339622642
			3.65660377358491	-0.811320754716981
			3.65283018867925	-0.807547169811321
			3.65283018867925	-0.80377358490566
			3.65283018867925	-0.8
			3.64905660377358	-0.79622641509434
			3.64905660377358	-0.792452830188679
			3.64905660377358	-0.788679245283019
			3.64905660377358	-0.784905660377359
			3.64528301886792	-0.781132075471698
			3.64528301886792	-0.777358490566038
			3.64528301886792	-0.773584905660377
			3.64528301886792	-0.769811320754717
			3.64528301886792	-0.766037735849057
			3.64528301886792	-0.762264150943396
			3.64528301886792	-0.758490566037736
			3.64528301886792	-0.754716981132076
			3.64528301886792	-0.750943396226415
			3.64905660377358	-0.747169811320755
			3.64905660377358	-0.743396226415094
			3.64905660377358	-0.739622641509434
			3.65283018867925	-0.735849056603774
			3.65283018867925	-0.732075471698113
			3.65660377358491	-0.728301886792453
			3.65660377358491	-0.724528301886793
			3.66037735849057	-0.724528301886793
			3.66415094339623	-0.720754716981132
			3.66792452830189	-0.716981132075472
			3.67169811320755	-0.713207547169811
			3.67547169811321	-0.709433962264151
			3.67924528301887	-0.709433962264151
			3.68301886792453	-0.705660377358491
			3.68679245283019	-0.705660377358491
			3.69056603773585	-0.70188679245283
			3.69433962264151	-0.70188679245283
			3.69811320754717	-0.69811320754717
			3.70188679245283	-0.69811320754717
			3.70566037735849	-0.69811320754717
			3.70943396226415	-0.69811320754717
			3.71320754716981	-0.694339622641509
			3.71698113207547	-0.694339622641509
			3.72075471698113	-0.694339622641509
			3.72452830188679	-0.694339622641509
			3.72830188679245	-0.694339622641509
			3.73207547169811	-0.690566037735849
			3.73584905660377	-0.690566037735849
			3.73962264150943	-0.690566037735849
			3.74339622641509	-0.690566037735849
			3.74716981132075	-0.690566037735849
			3.75094339622642	-0.690566037735849
			3.75471698113208	-0.690566037735849
			3.75849056603774	-0.686792452830189
			3.7622641509434	-0.686792452830189
			3.76603773584906	-0.686792452830189
			3.76981132075472	-0.686792452830189
			3.77358490566038	-0.686792452830189
			3.77735849056604	-0.683018867924528
			3.7811320754717	-0.683018867924528
			3.78490566037736	-0.683018867924528
			3.78867924528302	-0.683018867924528
			3.78867924528302	-0.679245283018868
			3.79245283018868	-0.679245283018868
			3.79622641509434	-0.679245283018868
			3.8	-0.675471698113208
			3.80377358490566	-0.675471698113208
			3.80754716981132	-0.671698113207547
			3.81132075471698	-0.671698113207547
			3.81509433962264	-0.667924528301887
			3.8188679245283	-0.667924528301887
			3.82264150943396	-0.664150943396226
			3.82641509433962	-0.660377358490566
			3.83018867924528	-0.660377358490566
			3.83396226415094	-0.656603773584906
			3.8377358490566	-0.652830188679245
			3.84150943396226	-0.652830188679245
			3.84150943396226	-0.649056603773585
			3.84528301886792	-0.645283018867924
			3.84905660377358	-0.641509433962264
			3.85283018867925	-0.641509433962264
			3.85660377358491	-0.637735849056604
			3.85660377358491	-0.633962264150943
			3.86037735849057	-0.630188679245283
			3.86415094339623	-0.626415094339623
			3.86792452830189	-0.622641509433962
			3.86792452830189	-0.618867924528302
			3.87169811320755	-0.615094339622641
			3.87547169811321	-0.611320754716981
			3.87924528301887	-0.607547169811321
			3.87924528301887	-0.60377358490566
			3.88301886792453	-0.6
			3.88679245283019	-0.59622641509434
			3.88679245283019	-0.592452830188679
			3.89056603773585	-0.588679245283019
			3.89433962264151	-0.584905660377358
			3.89433962264151	-0.581132075471698
			3.89811320754717	-0.577358490566038
			3.89811320754717	-0.573584905660377
			3.89811320754717	-0.569811320754717
			3.89811320754717	-0.566037735849057
			3.89811320754717	-0.562264150943396
			3.90188679245283	-0.562264150943396
			3.90188679245283	-0.558490566037736
			3.90188679245283	-0.554716981132075
			3.90188679245283	-0.550943396226415
			3.90188679245283	-0.547169811320755
			3.90188679245283	-0.543396226415094
			3.90188679245283	-0.539622641509434
			3.90188679245283	-0.535849056603774
			3.90188679245283	-0.532075471698113
			3.90188679245283	-0.528301886792453
			3.90188679245283	-0.524528301886792
			3.90188679245283	-0.520754716981132
			3.90188679245283	-0.516981132075472
			3.90188679245283	-0.513207547169811
			3.90188679245283	-0.509433962264151
			3.90188679245283	-0.505660377358491
			3.90188679245283	-0.50188679245283
			3.89811320754717	-0.50188679245283
			3.89811320754717	-0.49811320754717
			3.89811320754717	-0.494339622641509
			3.89811320754717	-0.490566037735849
			3.89433962264151	-0.490566037735849
			3.89433962264151	-0.486792452830189
			3.89056603773585	-0.483018867924528
			3.88679245283019	-0.479245283018868
			3.88301886792453	-0.475471698113208
			3.87924528301887	-0.471698113207547
			3.87547169811321	-0.471698113207547
			3.87169811320755	-0.467924528301887
			3.86792452830189	-0.467924528301887
			3.86415094339623	-0.467924528301887
			3.86037735849057	-0.467924528301887
			3.85660377358491	-0.467924528301887
			3.85283018867925	-0.464150943396226
			3.84905660377358	-0.464150943396226
			3.84528301886792	-0.467924528301887
			3.84150943396226	-0.467924528301887
			3.8377358490566	-0.467924528301887
			3.83396226415094	-0.467924528301887
			3.83018867924528	-0.467924528301887
			3.82641509433962	-0.467924528301887
			3.82264150943396	-0.471698113207547
			3.8188679245283	-0.471698113207547
			3.81509433962264	-0.471698113207547
			3.81132075471698	-0.471698113207547
			3.80754716981132	-0.475471698113208
			3.80377358490566	-0.475471698113208
			3.8	-0.475471698113208
			3.8	-0.479245283018868
			3.79622641509434	-0.479245283018868
			3.79245283018868	-0.479245283018868
			3.78867924528302	-0.483018867924528
			3.78490566037736	-0.483018867924528
			3.7811320754717	-0.483018867924528
			3.77735849056604	-0.486792452830189
			3.77358490566038	-0.486792452830189
			3.76981132075472	-0.486792452830189
			3.76603773584906	-0.490566037735849
			3.7622641509434	-0.490566037735849
			3.75849056603774	-0.490566037735849
			3.75471698113208	-0.494339622641509
			3.75094339622642	-0.494339622641509
			3.74716981132075	-0.494339622641509
			3.74339622641509	-0.494339622641509
			3.73962264150943	-0.49811320754717
			3.73584905660377	-0.49811320754717
			3.73207547169811	-0.49811320754717
			3.72830188679245	-0.49811320754717
			3.72452830188679	-0.49811320754717
			3.72075471698113	-0.50188679245283
			3.71698113207547	-0.50188679245283
			3.71320754716981	-0.50188679245283
			3.70943396226415	-0.50188679245283
			3.70566037735849	-0.505660377358491
			3.70188679245283	-0.505660377358491
			3.69811320754717	-0.505660377358491
			3.69433962264151	-0.505660377358491
			3.69056603773585	-0.505660377358491
			3.68679245283019	-0.505660377358491
			3.68301886792453	-0.505660377358491
			3.68301886792453	-0.509433962264151
			3.67924528301887	-0.509433962264151
			3.67547169811321	-0.509433962264151
			3.67169811320755	-0.509433962264151
			3.66792452830189	-0.509433962264151
			3.66415094339623	-0.509433962264151
			3.66037735849057	-0.509433962264151
			3.65660377358491	-0.513207547169811
			3.65283018867925	-0.513207547169811
			3.64905660377358	-0.513207547169811
			3.64528301886792	-0.513207547169811
			3.64150943396226	-0.513207547169811
			3.6377358490566	-0.513207547169811
			3.63396226415094	-0.513207547169811
			3.63018867924528	-0.513207547169811
			3.62641509433962	-0.513207547169811
			3.62264150943396	-0.516981132075472
			3.6188679245283	-0.516981132075472
			3.61509433962264	-0.516981132075472
			3.61132075471698	-0.516981132075472
			3.60754716981132	-0.516981132075472
			3.60377358490566	-0.516981132075472
			3.6	-0.516981132075472
			3.59622641509434	-0.516981132075472
			3.59245283018868	-0.520754716981132
			3.58867924528302	-0.520754716981132
			3.58490566037736	-0.520754716981132
			3.5811320754717	-0.520754716981132
			3.57735849056604	-0.520754716981132
			3.57358490566038	-0.520754716981132
			3.56981132075472	-0.524528301886792
			3.56603773584906	-0.524528301886792
			3.5622641509434	-0.524528301886792
			3.55849056603774	-0.524528301886792
			3.55471698113208	-0.524528301886792
			3.55094339622641	-0.524528301886792
			3.54716981132075	-0.524528301886792
			3.54339622641509	-0.524528301886792
			3.53962264150943	-0.524528301886792
			3.53584905660377	-0.524528301886792
			3.53207547169811	-0.524528301886792
			3.52830188679245	-0.524528301886792
			3.52452830188679	-0.524528301886792
			3.52075471698113	-0.524528301886792
			3.51698113207547	-0.524528301886792
			3.51320754716981	-0.524528301886792
			3.50943396226415	-0.524528301886792
			3.50566037735849	-0.524528301886792
			3.50188679245283	-0.524528301886792
			3.49811320754717	-0.524528301886792
			3.49433962264151	-0.520754716981132
			3.49056603773585	-0.520754716981132
			3.48679245283019	-0.520754716981132
			3.48301886792453	-0.516981132075472
			3.47924528301887	-0.516981132075472
			3.47547169811321	-0.513207547169811
			3.47169811320755	-0.513207547169811
			3.46792452830189	-0.509433962264151
			3.46792452830189	-0.505660377358491
			3.46415094339623	-0.50188679245283
			3.46415094339623	-0.49811320754717
			3.46415094339623	-0.494339622641509
			3.46415094339623	-0.490566037735849
			3.46037735849057	-0.486792452830189
			3.45660377358491	-0.486792452830189
			3.45283018867925	-0.483018867924528
			3.44905660377359	-0.483018867924528
			3.44528301886792	-0.479245283018868
			3.44150943396226	-0.479245283018868
			3.4377358490566	-0.475471698113208
			3.43396226415094	-0.475471698113208
			3.43018867924528	-0.471698113207547
			3.42641509433962	-0.471698113207547
			3.42264150943396	-0.471698113207547
			3.4188679245283	-0.471698113207547
			3.41509433962264	-0.471698113207547
			3.41132075471698	-0.471698113207547
			3.40754716981132	-0.475471698113208
			3.40377358490566	-0.475471698113208
			3.4	-0.479245283018868
			3.39622641509434	-0.483018867924528
			3.39245283018868	-0.486792452830189
			3.39245283018868	-0.490566037735849
			3.39245283018868	-0.494339622641509
			3.39245283018868	-0.49811320754717
			3.38867924528302	-0.50188679245283
			3.38867924528302	-0.505660377358491
			3.38867924528302	-0.509433962264151
			3.38867924528302	-0.513207547169811
			3.38867924528302	-0.516981132075472
		</margin>
	</curves.scaled>
	<ruler.points type=matrix rownames=TRUE colnames=FALSE nrow=2 ncol=2 as.numeric=TRUE >
		Ruler point 1	36	58
		Ruler point 2	36	323
	</ruler.points>
</shapes>

