<shapes type=list>
	<ruler.pixel type=vector names=FALSE length=1 as.numeric=TRUE >415</ruler.pixel>
	<ruler.interval type=vector names=FALSE length=1 as.numeric=TRUE >1</ruler.interval>
	<scaling.units type=vector names=FALSE length=1 as.numeric=FALSE >cm</scaling.units>
	<scaling type=vector names=FALSE length=1 as.numeric=TRUE >0.00240963855421687</scaling>
	<landmarks.pixel type=matrix rownames=TRUE colnames=FALSE nrow=7 ncol=2 as.numeric=TRUE >
		LM1	381	348
		LM2	405	914
		LM3	405	914
		LM4	405	928
		LM5	509	382
		LM6	736	423
		LM7	771	487
	</landmarks.pixel>
	<landmarks.scaled type=matrix rownames=TRUE colnames=FALSE nrow=7 ncol=2 as.numeric=TRUE >
		LM1	0.918072289156627	-0.83855421686747
		LM2	0.975903614457831	-2.20240963855422
		LM3	0.975903614457831	-2.20240963855422
		LM4	0.975903614457831	-2.23614457831325
		LM5	1.22650602409639	-0.920481927710843
		LM6	1.77349397590361	-1.01927710843374
		LM7	1.8578313253012	-1.17349397590361
	</landmarks.scaled>
	<curves.control type=list>
		<axis type=matrix rownames=FALSE colnames=FALSE nrow=7 ncol=2 as.numeric=TRUE >
			381	348
			443	346
			509	381
			507	617
			414	872
			414	895
			405	914
		</axis>
		<border type=matrix rownames=FALSE colnames=FALSE nrow=3 ncol=2 as.numeric=TRUE >
			405	914
			649	833
			736	423
		</border>
		<margin type=matrix rownames=FALSE colnames=FALSE nrow=11 ncol=2 as.numeric=TRUE >
			405	928
			427	930
			491	912
			584	884
			663	773
			735	643
			769	537
			788	467
			738	420
			573	353
			509	382
		</margin>
	</curves.control>
	<curves.pixel type=list>
		<axis type=matrix rownames=FALSE colnames=FALSE nrow=676 ncol=2 as.numeric=TRUE >
			381	348
			382	348
			383	348
			384	348
			385	348
			386	348
			387	348
			388	348
			389	348
			390	348
			391	348
			392	348
			393	348
			394	348
			395	348
			396	348
			397	348
			398	348
			399	348
			400	348
			401	348
			402	348
			403	348
			404	349
			405	349
			406	349
			407	349
			408	349
			409	349
			410	349
			411	349
			412	349
			413	349
			414	349
			415	350
			416	350
			417	350
			418	350
			419	350
			420	350
			421	350
			422	351
			423	351
			424	351
			425	351
			426	351
			427	352
			428	352
			429	352
			430	352
			431	352
			432	353
			433	353
			434	353
			435	353
			436	353
			437	354
			438	354
			439	354
			440	354
			441	355
			442	355
			443	355
			444	355
			445	356
			446	356
			447	356
			448	356
			449	357
			450	357
			451	357
			452	358
			453	358
			454	358
			455	358
			456	359
			457	359
			458	359
			459	360
			460	360
			461	360
			462	361
			463	361
			464	361
			465	362
			466	362
			467	362
			468	363
			469	363
			470	363
			471	364
			472	364
			473	365
			474	365
			475	365
			476	366
			477	366
			478	366
			479	367
			480	367
			480	368
			481	368
			482	368
			483	369
			484	369
			485	369
			486	370
			487	370
			488	371
			489	371
			490	372
			491	372
			492	372
			492	373
			493	373
			494	374
			495	374
			496	375
			497	375
			498	375
			499	376
			500	376
			501	377
			502	377
			503	378
			504	378
			505	379
			506	380
			507	380
			508	380
			508	381
			509	381
			509	382
			509	383
			509	384
			509	385
			509	386
			509	387
			509	388
			509	389
			509	390
			509	391
			509	392
			509	393
			509	394
			509	395
			509	396
			509	397
			509	398
			509	399
			509	400
			509	401
			509	402
			509	403
			509	404
			509	405
			509	406
			509	407
			508	408
			508	409
			508	410
			508	411
			508	412
			508	413
			508	414
			508	415
			508	416
			508	417
			508	418
			508	419
			508	420
			508	421
			508	422
			508	423
			508	424
			508	425
			508	426
			508	427
			508	428
			508	429
			508	430
			508	431
			508	432
			507	432
			507	433
			507	434
			507	435
			507	436
			507	437
			507	438
			507	439
			507	440
			507	441
			507	442
			507	443
			507	444
			507	445
			507	446
			507	447
			507	448
			507	449
			506	450
			506	451
			506	452
			506	453
			506	454
			506	455
			506	456
			506	457
			506	458
			506	459
			506	460
			506	461
			506	462
			506	463
			506	464
			505	465
			505	466
			505	467
			505	468
			505	469
			505	470
			505	471
			505	472
			505	473
			505	474
			505	475
			505	476
			505	477
			504	478
			504	479
			504	480
			504	481
			504	482
			504	483
			504	484
			504	485
			504	486
			504	487
			504	488
			503	489
			503	490
			503	491
			503	492
			503	493
			503	494
			503	495
			503	496
			503	497
			503	498
			502	499
			502	500
			502	501
			502	502
			502	503
			502	504
			502	505
			502	506
			502	507
			502	508
			501	508
			501	509
			501	510
			501	511
			501	512
			501	513
			501	514
			501	515
			501	516
			500	517
			500	518
			500	519
			500	520
			500	521
			500	522
			500	523
			500	524
			499	525
			499	526
			499	527
			499	528
			499	529
			499	530
			499	531
			499	532
			499	533
			498	533
			498	534
			498	535
			498	536
			498	537
			498	538
			498	539
			498	540
			498	541
			497	542
			497	543
			497	544
			497	545
			497	546
			497	547
			497	548
			496	548
			496	549
			496	550
			496	551
			496	552
			496	553
			496	554
			496	555
			495	555
			495	556
			495	557
			495	558
			495	559
			495	560
			495	561
			495	562
			494	563
			494	564
			494	565
			494	566
			494	567
			494	568
			493	569
			493	570
			493	571
			493	572
			493	573
			493	574
			492	575
			492	576
			492	577
			492	578
			492	579
			492	580
			491	581
			491	582
			491	583
			491	584
			491	585
			491	586
			491	587
			490	588
			490	589
			490	590
			490	591
			490	592
			490	593
			489	594
			489	595
			489	596
			489	597
			489	598
			489	599
			488	599
			488	600
			488	601
			488	602
			488	603
			488	604
			487	605
			487	606
			487	607
			487	608
			487	609
			486	610
			486	611
			486	612
			486	613
			486	614
			486	615
			485	616
			485	617
			485	618
			485	619
			485	620
			484	621
			484	622
			484	623
			484	624
			484	625
			484	626
			483	627
			483	628
			483	629
			483	630
			482	631
			482	632
			482	633
			482	634
			482	635
			481	636
			481	637
			481	638
			481	639
			481	640
			480	641
			480	642
			480	643
			480	644
			480	645
			479	646
			479	647
			479	648
			479	649
			478	650
			478	651
			478	652
			478	653
			478	654
			477	655
			477	656
			477	657
			477	658
			476	659
			476	660
			476	661
			476	662
			476	663
			475	664
			475	665
			475	666
			475	667
			474	668
			474	669
			474	670
			474	671
			474	672
			473	673
			473	674
			473	675
			473	676
			472	677
			472	678
			472	679
			472	680
			472	681
			471	681
			471	682
			471	683
			471	684
			471	685
			470	686
			470	687
			470	688
			470	689
			469	690
			469	691
			469	692
			469	693
			468	694
			468	695
			468	696
			468	697
			467	698
			467	699
			467	700
			467	701
			466	702
			466	703
			466	704
			466	705
			466	706
			465	707
			465	708
			465	709
			464	710
			464	711
			464	712
			464	713
			463	714
			463	715
			463	716
			463	717
			462	718
			462	719
			462	720
			462	721
			461	722
			461	723
			461	724
			461	725
			460	726
			460	727
			460	728
			460	729
			459	729
			459	730
			459	731
			459	732
			458	733
			458	734
			458	735
			457	736
			457	737
			457	738
			457	739
			456	740
			456	741
			456	742
			456	743
			455	744
			455	745
			455	746
			455	747
			454	747
			454	748
			454	749
			454	750
			453	751
			453	752
			453	753
			452	754
			452	755
			452	756
			452	757
			451	758
			451	759
			451	760
			450	761
			450	762
			450	763
			450	764
			449	765
			449	766
			449	767
			448	768
			448	769
			448	770
			447	771
			447	772
			447	773
			447	774
			446	774
			446	775
			446	776
			446	777
			445	778
			445	779
			445	780
			444	781
			444	782
			444	783
			443	784
			443	785
			443	786
			443	787
			442	788
			442	789
			442	790
			441	791
			441	792
			441	793
			440	794
			440	795
			440	796
			439	797
			439	798
			439	799
			439	800
			438	801
			438	802
			438	803
			437	804
			437	805
			437	806
			436	807
			436	808
			436	809
			435	810
			435	811
			435	812
			434	813
			434	814
			434	815
			433	816
			433	817
			433	818
			432	819
			432	820
			432	821
			431	822
			431	823
			431	824
			430	825
			430	826
			430	827
			429	828
			429	829
			429	830
			428	831
			428	832
			428	833
			427	834
			427	835
			427	836
			426	837
			426	838
			426	839
			425	840
			425	841
			425	842
			424	843
			424	844
			424	845
			423	846
			423	847
			423	848
			422	849
			422	850
			422	851
			421	852
			421	853
			420	854
			420	855
			420	856
			419	857
			419	858
			419	859
			418	860
			418	861
			418	862
			417	863
			417	864
			417	865
			416	866
			416	867
			415	868
			415	869
			415	870
			414	871
			414	872
			414	873
			414	874
			414	875
			414	876
			414	877
			414	878
			414	879
			414	880
			414	881
			414	882
			413	883
			413	884
			413	885
			413	886
			413	887
			413	888
			413	889
			412	890
			412	891
			412	892
			412	893
			412	894
			412	895
			411	896
			411	897
			411	898
			411	899
			410	900
			410	901
			410	902
			409	903
			409	904
			409	905
			408	906
			408	907
			407	908
			407	909
			407	910
			407	911
			406	911
			406	912
			406	913
			405	914
		</axis>
		<border type=matrix rownames=FALSE colnames=FALSE nrow=576 ncol=2 as.numeric=TRUE >
			405	914
			406	914
			407	913
			408	913
			409	913
			410	912
			411	912
			412	912
			413	911
			414	911
			415	911
			416	910
			417	910
			418	909
			419	909
			420	909
			420	908
			421	908
			422	908
			423	907
			424	907
			425	907
			426	906
			427	906
			428	906
			428	905
			429	905
			430	905
			431	904
			432	904
			433	903
			434	903
			435	903
			436	902
			437	902
			438	901
			439	901
			440	900
			441	900
			442	900
			442	899
			443	899
			444	898
			445	898
			446	897
			447	897
			448	897
			449	896
			450	896
			451	895
			452	895
			453	894
			454	894
			454	893
			455	893
			456	892
			457	892
			458	892
			459	891
			460	891
			461	890
			462	890
			463	889
			464	889
			464	888
			465	888
			466	887
			467	887
			468	886
			469	886
			470	885
			471	885
			472	884
			473	883
			474	882
			475	882
			476	881
			477	881
			478	880
			479	880
			480	879
			481	879
			482	878
			483	877
			484	877
			485	876
			486	875
			487	875
			488	874
			489	873
			490	872
			491	872
			492	871
			493	871
			493	870
			494	870
			495	870
			495	869
			496	869
			497	868
			498	867
			499	866
			500	866
			501	865
			502	864
			503	864
			503	863
			504	863
			505	862
			506	862
			506	861
			507	861
			508	860
			509	860
			509	859
			510	858
			511	858
			512	857
			513	856
			514	855
			515	855
			516	854
			517	853
			518	853
			518	852
			519	851
			520	850
			521	850
			522	849
			523	848
			524	848
			525	847
			525	846
			526	845
			527	845
			528	844
			529	843
			530	842
			531	842
			532	841
			532	840
			533	839
			534	839
			535	838
			536	837
			537	836
			538	836
			538	835
			539	834
			540	833
			541	832
			542	832
			543	831
			543	830
			544	829
			545	828
			546	828
			547	827
			548	826
			548	825
			549	824
			550	824
			551	823
			552	822
			553	821
			553	820
			554	819
			555	819
			556	818
			557	817
			557	816
			558	815
			559	814
			560	813
			561	813
			562	812
			562	811
			563	810
			564	809
			565	808
			566	807
			567	806
			568	805
			569	804
			570	803
			570	802
			571	802
			571	801
			572	800
			573	799
			574	798
			575	797
			575	796
			576	795
			577	794
			578	794
			578	793
			579	792
			580	791
			580	790
			581	790
			582	789
			582	788
			583	787
			584	786
			585	785
			586	784
			586	783
			587	782
			588	781
			589	780
			590	779
			590	778
			591	777
			592	776
			593	775
			593	774
			594	773
			595	772
			596	771
			596	770
			597	769
			598	768
			599	767
			599	766
			600	765
			601	764
			601	763
			602	762
			603	761
			603	760
			604	759
			605	758
			605	757
			606	756
			607	755
			607	754
			608	753
			609	753
			609	752
			610	751
			610	750
			611	749
			612	748
			612	747
			613	746
			614	745
			614	744
			615	743
			616	742
			616	741
			617	740
			617	739
			618	738
			619	737
			619	736
			620	735
			621	734
			621	733
			622	732
			622	731
			623	730
			624	729
			624	728
			625	727
			625	726
			626	725
			627	724
			627	723
			628	722
			628	721
			629	720
			630	719
			630	718
			631	717
			631	716
			632	715
			633	714
			633	713
			634	712
			634	711
			635	710
			636	709
			636	708
			637	707
			637	706
			638	705
			638	704
			639	703
			639	702
			640	701
			640	700
			641	700
			641	699
			641	698
			642	697
			643	696
			643	695
			644	694
			644	693
			645	692
			645	691
			646	690
			646	689
			647	688
			647	687
			648	686
			648	685
			649	684
			649	683
			650	682
			651	681
			651	680
			651	679
			652	678
			652	677
			653	676
			653	675
			654	674
			654	673
			655	672
			655	671
			656	670
			656	669
			657	668
			657	667
			658	666
			658	665
			659	664
			659	663
			660	662
			660	661
			660	660
			661	660
			661	659
			661	658
			662	657
			662	656
			663	655
			663	654
			664	653
			664	652
			665	651
			665	650
			665	649
			666	648
			666	647
			667	646
			667	645
			667	644
			668	643
			669	642
			669	641
			669	640
			670	639
			670	638
			671	637
			671	636
			671	635
			672	635
			672	634
			672	633
			673	632
			673	631
			674	630
			674	629
			675	628
			675	627
			675	626
			676	625
			676	624
			677	623
			677	622
			677	621
			678	620
			678	619
			679	618
			679	617
			679	616
			680	615
			680	614
			681	613
			681	612
			681	611
			682	610
			682	609
			683	608
			683	607
			683	606
			684	605
			684	604
			685	603
			685	602
			685	601
			686	600
			686	599
			686	598
			687	597
			687	596
			687	595
			688	594
			688	593
			689	592
			689	591
			689	590
			690	589
			690	588
			690	587
			691	586
			691	585
			691	584
			692	583
			692	582
			693	581
			693	580
			693	579
			693	578
			694	578
			694	577
			694	576
			695	575
			695	574
			695	573
			696	572
			696	571
			696	570
			697	569
			697	568
			697	567
			698	566
			698	565
			698	564
			699	563
			699	562
			699	561
			700	560
			700	559
			700	558
			701	557
			701	556
			701	555
			701	554
			702	553
			702	552
			702	551
			703	550
			703	549
			703	548
			704	547
			704	546
			704	545
			705	544
			705	543
			705	542
			706	541
			706	540
			706	539
			706	538
			707	537
			707	536
			707	535
			708	534
			708	533
			708	532
			709	531
			709	530
			709	529
			709	528
			710	527
			710	526
			710	525
			711	524
			711	523
			711	522
			712	521
			712	520
			712	519
			712	518
			713	517
			713	516
			713	515
			714	514
			714	513
			714	512
			715	511
			715	510
			715	509
			715	508
			716	507
			716	506
			716	505
			716	504
			717	503
			717	502
			717	501
			718	500
			718	499
			718	498
			718	497
			718	496
			719	496
			719	495
			719	494
			719	493
			720	492
			720	491
			720	490
			720	489
			721	488
			721	487
			721	486
			721	485
			722	485
			722	484
			722	483
			722	482
			723	481
			723	480
			723	479
			723	478
			723	477
			724	476
			724	475
			724	474
			724	473
			725	472
			725	471
			725	470
			725	469
			726	469
			726	468
			726	467
			726	466
			727	465
			727	464
			727	463
			727	462
			727	461
			728	460
			728	459
			728	458
			728	457
			729	456
			729	455
			729	454
			729	453
			730	452
			730	451
			730	450
			730	449
			730	448
			731	447
			731	446
			731	445
			731	444
			732	443
			732	442
			732	441
			732	440
			733	439
			733	438
			733	437
			733	436
			733	435
			734	434
			734	433
			734	432
			734	431
			735	430
			735	429
			735	428
			735	427
			735	426
			736	425
			736	424
			736	423
		</border>
		<margin type=matrix rownames=FALSE colnames=FALSE nrow=880 ncol=2 as.numeric=TRUE >
			405	928
			406	928
			407	928
			408	928
			409	928
			410	928
			411	928
			412	928
			413	928
			414	928
			415	928
			416	928
			417	928
			418	928
			419	928
			420	928
			421	928
			422	927
			423	927
			424	927
			425	927
			426	927
			427	927
			428	927
			429	926
			430	926
			431	926
			432	926
			433	926
			434	926
			435	925
			436	925
			437	925
			438	925
			439	925
			440	925
			441	924
			442	924
			443	924
			444	924
			445	923
			446	923
			447	923
			448	923
			449	923
			450	922
			451	922
			452	922
			453	922
			454	922
			455	921
			456	921
			457	921
			458	921
			459	920
			460	920
			461	920
			462	920
			463	919
			464	919
			465	919
			466	919
			467	918
			468	918
			469	918
			470	918
			471	917
			472	917
			473	917
			474	917
			475	916
			476	916
			477	916
			478	916
			479	915
			480	915
			481	915
			482	914
			483	914
			484	914
			485	914
			486	913
			487	913
			488	913
			489	913
			490	912
			491	912
			492	912
			493	911
			494	911
			495	911
			496	910
			497	910
			498	910
			499	909
			500	909
			501	909
			502	908
			503	908
			504	908
			505	907
			506	907
			507	907
			507	906
			508	906
			509	906
			510	905
			511	905
			512	904
			513	904
			514	904
			515	903
			516	903
			517	902
			518	902
			519	902
			520	901
			521	901
			522	900
			523	900
			524	899
			525	899
			526	898
			527	898
			528	897
			529	897
			530	896
			531	896
			532	896
			533	895
			534	894
			535	894
			536	893
			537	893
			538	892
			539	892
			540	891
			541	890
			542	890
			543	889
			544	889
			545	888
			546	887
			547	887
			548	886
			549	886
			550	885
			551	884
			552	884
			553	883
			554	882
			555	882
			556	881
			557	881
			558	880
			559	879
			560	879
			561	878
			562	877
			563	877
			564	876
			565	875
			566	875
			567	874
			568	873
			569	872
			570	871
			571	871
			572	870
			573	869
			574	868
			575	868
			576	867
			576	866
			577	866
			578	865
			579	864
			580	864
			581	863
			582	862
			583	861
			584	860
			585	859
			586	859
			587	858
			588	857
			589	856
			590	855
			591	854
			592	854
			593	853
			594	852
			595	851
			596	850
			597	849
			598	848
			599	847
			600	846
			601	846
			602	845
			603	844
			604	843
			605	842
			606	841
			607	840
			607	839
			608	838
			609	837
			610	836
			611	835
			612	834
			613	833
			614	832
			615	831
			616	830
			617	829
			618	828
			619	827
			620	826
			621	825
			622	824
			623	823
			624	822
			625	821
			626	820
			626	819
			627	818
			628	817
			629	816
			630	815
			631	814
			632	813
			633	812
			634	811
			634	810
			635	810
			635	809
			636	808
			637	807
			638	806
			639	805
			639	804
			640	803
			641	802
			641	801
			642	801
			643	800
			643	799
			644	798
			645	797
			645	796
			646	796
			647	795
			647	794
			648	793
			649	792
			649	791
			650	790
			651	790
			651	789
			652	788
			653	787
			653	786
			654	785
			655	784
			656	783
			657	782
			658	781
			658	780
			659	779
			659	778
			660	777
			661	776
			662	775
			662	774
			663	773
			664	772
			664	771
			665	770
			665	769
			666	768
			666	767
			667	766
			668	765
			668	764
			668	763
			669	762
			670	761
			670	760
			671	759
			671	758
			672	757
			672	756
			673	755
			673	754
			674	753
			674	752
			675	751
			675	750
			676	749
			676	748
			677	747
			678	746
			678	745
			679	744
			679	743
			680	742
			680	741
			681	740
			681	739
			682	738
			683	737
			683	736
			684	735
			684	734
			685	733
			685	732
			686	731
			686	730
			687	729
			687	728
			688	727
			688	726
			689	725
			689	724
			690	723
			690	722
			691	721
			691	720
			692	719
			692	718
			693	717
			693	716
			694	716
			694	715
			695	714
			695	713
			696	712
			696	711
			696	710
			697	709
			697	708
			698	707
			698	706
			699	705
			699	704
			700	703
			700	702
			701	701
			701	700
			702	699
			702	698
			703	698
			703	697
			704	696
			704	695
			704	694
			705	693
			705	692
			706	691
			706	690
			707	689
			707	688
			708	687
			708	686
			709	685
			709	684
			710	683
			710	682
			711	681
			711	680
			712	679
			712	678
			713	677
			713	676
			713	675
			714	675
			714	674
			714	673
			715	672
			715	671
			716	671
			716	670
			716	669
			717	668
			717	667
			718	666
			718	665
			719	664
			719	663
			720	662
			720	661
			720	660
			721	659
			721	658
			722	657
			722	656
			723	655
			723	654
			724	653
			724	652
			724	651
			725	651
			725	650
			725	649
			726	649
			726	648
			726	647
			727	647
			727	646
			727	645
			728	645
			728	644
			728	643
			728	642
			729	642
			729	641
			729	640
			730	640
			730	639
			730	638
			731	637
			731	636
			732	635
			732	634
			732	633
			733	633
			733	632
			733	631
			734	630
			734	629
			735	628
			735	627
			736	626
			736	625
			736	624
			737	623
			737	622
			738	621
			738	620
			738	619
			739	618
			739	617
			740	616
			740	615
			741	614
			741	613
			741	612
			742	612
			742	611
			742	610
			743	609
			743	608
			744	607
			744	606
			744	605
			745	604
			745	603
			746	602
			746	601
			746	600
			747	599
			747	598
			747	597
			748	596
			748	595
			749	594
			749	593
			749	592
			750	591
			750	590
			750	589
			751	588
			752	587
			752	586
			752	585
			752	584
			753	584
			753	583
			753	582
			754	581
			754	580
			754	579
			755	578
			755	577
			755	576
			756	576
			756	575
			756	574
			757	573
			757	572
			757	571
			758	570
			758	569
			758	568
			759	567
			759	566
			760	565
			760	564
			760	563
			761	562
			761	561
			761	560
			762	559
			762	558
			762	557
			763	556
			763	555
			763	554
			764	553
			764	552
			765	551
			765	550
			765	549
			765	548
			766	547
			766	546
			766	545
			767	545
			767	544
			767	543
			767	542
			768	541
			768	540
			768	539
			769	538
			769	537
			769	536
			770	535
			770	534
			770	533
			770	532
			770	531
			771	531
			771	530
			771	529
			771	528
			771	527
			772	526
			772	525
			772	524
			772	523
			772	522
			772	521
			773	521
			773	520
			773	519
			773	518
			773	517
			773	516
			773	515
			773	514
			774	514
			774	513
			774	512
			774	511
			774	510
			774	509
			774	508
			774	507
			774	506
			774	505
			774	504
			774	503
			774	502
			774	501
			774	500
			774	499
			774	498
			774	497
			774	496
			774	495
			774	494
			774	493
			774	492
			774	491
			774	490
			774	489
			774	488
			773	487
			773	486
			773	485
			773	484
			773	483
			773	482
			773	481
			772	480
			772	479
			772	478
			772	477
			772	476
			771	475
			771	474
			771	473
			770	472
			770	471
			770	470
			770	469
			769	468
			769	467
			769	466
			768	465
			768	464
			768	463
			767	462
			767	461
			766	460
			766	459
			766	458
			765	457
			765	456
			764	456
			764	455
			764	454
			763	453
			763	452
			762	451
			762	450
			761	449
			761	448
			760	447
			759	446
			759	445
			758	444
			757	443
			757	442
			756	441
			755	440
			754	439
			754	438
			753	437
			752	436
			751	435
			751	434
			750	433
			749	432
			748	431
			747	430
			746	429
			746	428
			745	427
			744	426
			743	425
			742	424
			741	423
			740	422
			739	421
			738	420
			737	420
			736	419
			735	419
			734	418
			733	418
			732	418
			731	417
			730	417
			729	416
			728	416
			727	416
			726	415
			725	415
			724	415
			724	414
			723	414
			722	414
			721	413
			720	413
			719	412
			718	412
			717	412
			716	411
			715	411
			714	411
			713	410
			712	410
			711	409
			710	409
			709	409
			708	408
			707	408
			706	408
			705	407
			704	407
			703	407
			702	406
			701	406
			700	405
			699	405
			698	405
			698	404
			697	404
			696	404
			695	404
			694	403
			693	403
			692	402
			691	402
			690	402
			689	401
			688	401
			687	401
			686	400
			685	400
			684	400
			683	399
			682	399
			681	399
			680	398
			679	398
			678	398
			677	397
			676	397
			675	397
			674	396
			673	396
			672	396
			671	395
			670	395
			669	395
			668	394
			667	394
			666	394
			665	394
			664	393
			663	393
			662	393
			661	392
			660	392
			659	392
			658	391
			657	391
			656	391
			655	390
			654	390
			653	390
			652	389
			651	389
			650	389
			649	389
			648	388
			647	388
			646	388
			645	388
			644	387
			643	387
			642	387
			641	386
			640	386
			639	386
			638	386
			637	385
			636	385
			635	385
			634	385
			633	384
			632	384
			631	384
			630	384
			629	383
			628	383
			627	383
			626	383
			625	382
			624	382
			623	382
			622	382
			621	381
			620	381
			619	381
			618	381
			617	381
			616	380
			615	380
			614	380
			613	380
			612	380
			612	379
			611	379
			610	379
			609	379
			608	379
			607	379
			606	378
			605	378
			604	378
			603	378
			602	378
			601	377
			600	377
			599	377
			598	377
			597	377
			596	377
			595	376
			594	376
			593	376
			592	376
			591	376
			590	376
			589	376
			588	375
			587	375
			586	375
			585	375
			584	375
			583	375
			582	375
			581	375
			580	375
			579	374
			578	374
			577	374
			576	374
			575	374
			574	374
			573	374
			572	374
			571	374
			570	374
			569	374
			568	374
			567	374
			566	373
			565	373
			564	373
			563	373
			562	373
			561	373
			560	373
			559	373
			558	373
			557	373
			556	373
			555	373
			554	373
			553	373
			552	373
			551	373
			550	373
			549	373
			548	373
			547	374
			546	374
			545	374
			544	374
			543	374
			542	374
			541	374
			540	374
			539	374
			538	374
			537	374
			536	375
			535	375
			534	375
			533	375
			532	375
			531	375
			530	376
			529	376
			528	376
			527	376
			526	376
			525	377
			524	377
			523	377
			522	377
			521	378
			520	378
			519	378
			518	379
			517	379
			516	379
			515	380
			514	380
			513	380
			512	381
			511	381
			510	382
			509	382
		</margin>
	</curves.pixel>
	<curves.scaled type=list>
		<axis type=matrix rownames=FALSE colnames=FALSE nrow=676 ncol=2 as.numeric=TRUE >
			0.918072289156627	-0.83855421686747
			0.920481927710843	-0.83855421686747
			0.92289156626506	-0.83855421686747
			0.925301204819277	-0.83855421686747
			0.927710843373494	-0.83855421686747
			0.930120481927711	-0.83855421686747
			0.932530120481928	-0.83855421686747
			0.934939759036145	-0.83855421686747
			0.937349397590362	-0.83855421686747
			0.939759036144578	-0.83855421686747
			0.942168674698795	-0.83855421686747
			0.944578313253012	-0.83855421686747
			0.946987951807229	-0.83855421686747
			0.949397590361446	-0.83855421686747
			0.951807228915663	-0.83855421686747
			0.95421686746988	-0.83855421686747
			0.956626506024096	-0.83855421686747
			0.959036144578313	-0.83855421686747
			0.96144578313253	-0.83855421686747
			0.963855421686747	-0.83855421686747
			0.966265060240964	-0.83855421686747
			0.968674698795181	-0.83855421686747
			0.971084337349398	-0.83855421686747
			0.973493975903615	-0.840963855421687
			0.975903614457831	-0.840963855421687
			0.978313253012048	-0.840963855421687
			0.980722891566265	-0.840963855421687
			0.983132530120482	-0.840963855421687
			0.985542168674699	-0.840963855421687
			0.987951807228916	-0.840963855421687
			0.990361445783133	-0.840963855421687
			0.99277108433735	-0.840963855421687
			0.995180722891566	-0.840963855421687
			0.997590361445783	-0.840963855421687
			1	-0.843373493975904
			1.00240963855422	-0.843373493975904
			1.00481927710843	-0.843373493975904
			1.00722891566265	-0.843373493975904
			1.00963855421687	-0.843373493975904
			1.01204819277108	-0.843373493975904
			1.0144578313253	-0.843373493975904
			1.01686746987952	-0.845783132530121
			1.01927710843374	-0.845783132530121
			1.02168674698795	-0.845783132530121
			1.02409638554217	-0.845783132530121
			1.02650602409639	-0.845783132530121
			1.0289156626506	-0.848192771084337
			1.03132530120482	-0.848192771084337
			1.03373493975904	-0.848192771084337
			1.03614457831325	-0.848192771084337
			1.03855421686747	-0.848192771084337
			1.04096385542169	-0.850602409638554
			1.0433734939759	-0.850602409638554
			1.04578313253012	-0.850602409638554
			1.04819277108434	-0.850602409638554
			1.05060240963855	-0.850602409638554
			1.05301204819277	-0.853012048192771
			1.05542168674699	-0.853012048192771
			1.0578313253012	-0.853012048192771
			1.06024096385542	-0.853012048192771
			1.06265060240964	-0.855421686746988
			1.06506024096386	-0.855421686746988
			1.06746987951807	-0.855421686746988
			1.06987951807229	-0.855421686746988
			1.07228915662651	-0.857831325301205
			1.07469879518072	-0.857831325301205
			1.07710843373494	-0.857831325301205
			1.07951807228916	-0.857831325301205
			1.08192771084337	-0.860240963855422
			1.08433734939759	-0.860240963855422
			1.08674698795181	-0.860240963855422
			1.08915662650602	-0.862650602409639
			1.09156626506024	-0.862650602409639
			1.09397590361446	-0.862650602409639
			1.09638554216867	-0.862650602409639
			1.09879518072289	-0.865060240963855
			1.10120481927711	-0.865060240963855
			1.10361445783133	-0.865060240963855
			1.10602409638554	-0.867469879518072
			1.10843373493976	-0.867469879518072
			1.11084337349398	-0.867469879518072
			1.11325301204819	-0.869879518072289
			1.11566265060241	-0.869879518072289
			1.11807228915663	-0.869879518072289
			1.12048192771084	-0.872289156626506
			1.12289156626506	-0.872289156626506
			1.12530120481928	-0.872289156626506
			1.12771084337349	-0.874698795180723
			1.13012048192771	-0.874698795180723
			1.13253012048193	-0.874698795180723
			1.13493975903614	-0.87710843373494
			1.13734939759036	-0.87710843373494
			1.13975903614458	-0.879518072289157
			1.1421686746988	-0.879518072289157
			1.14457831325301	-0.879518072289157
			1.14698795180723	-0.881927710843374
			1.14939759036145	-0.881927710843374
			1.15180722891566	-0.881927710843374
			1.15421686746988	-0.88433734939759
			1.1566265060241	-0.88433734939759
			1.1566265060241	-0.886746987951807
			1.15903614457831	-0.886746987951807
			1.16144578313253	-0.886746987951807
			1.16385542168675	-0.889156626506024
			1.16626506024096	-0.889156626506024
			1.16867469879518	-0.889156626506024
			1.1710843373494	-0.891566265060241
			1.17349397590361	-0.891566265060241
			1.17590361445783	-0.893975903614458
			1.17831325301205	-0.893975903614458
			1.18072289156627	-0.896385542168675
			1.18313253012048	-0.896385542168675
			1.1855421686747	-0.896385542168675
			1.1855421686747	-0.898795180722892
			1.18795180722892	-0.898795180722892
			1.19036144578313	-0.901204819277108
			1.19277108433735	-0.901204819277108
			1.19518072289157	-0.903614457831325
			1.19759036144578	-0.903614457831325
			1.2	-0.903614457831325
			1.20240963855422	-0.906024096385542
			1.20481927710843	-0.906024096385542
			1.20722891566265	-0.908433734939759
			1.20963855421687	-0.908433734939759
			1.21204819277108	-0.910843373493976
			1.2144578313253	-0.910843373493976
			1.21686746987952	-0.913253012048193
			1.21927710843374	-0.91566265060241
			1.22168674698795	-0.91566265060241
			1.22409638554217	-0.91566265060241
			1.22409638554217	-0.918072289156627
			1.22650602409639	-0.918072289156627
			1.22650602409639	-0.920481927710843
			1.22650602409639	-0.92289156626506
			1.22650602409639	-0.925301204819277
			1.22650602409639	-0.927710843373494
			1.22650602409639	-0.930120481927711
			1.22650602409639	-0.932530120481928
			1.22650602409639	-0.934939759036145
			1.22650602409639	-0.937349397590362
			1.22650602409639	-0.939759036144578
			1.22650602409639	-0.942168674698795
			1.22650602409639	-0.944578313253012
			1.22650602409639	-0.946987951807229
			1.22650602409639	-0.949397590361446
			1.22650602409639	-0.951807228915663
			1.22650602409639	-0.95421686746988
			1.22650602409639	-0.956626506024096
			1.22650602409639	-0.959036144578313
			1.22650602409639	-0.96144578313253
			1.22650602409639	-0.963855421686747
			1.22650602409639	-0.966265060240964
			1.22650602409639	-0.968674698795181
			1.22650602409639	-0.971084337349398
			1.22650602409639	-0.973493975903615
			1.22650602409639	-0.975903614457831
			1.22650602409639	-0.978313253012048
			1.22650602409639	-0.980722891566265
			1.22409638554217	-0.983132530120482
			1.22409638554217	-0.985542168674699
			1.22409638554217	-0.987951807228916
			1.22409638554217	-0.990361445783133
			1.22409638554217	-0.99277108433735
			1.22409638554217	-0.995180722891566
			1.22409638554217	-0.997590361445783
			1.22409638554217	-1
			1.22409638554217	-1.00240963855422
			1.22409638554217	-1.00481927710843
			1.22409638554217	-1.00722891566265
			1.22409638554217	-1.00963855421687
			1.22409638554217	-1.01204819277108
			1.22409638554217	-1.0144578313253
			1.22409638554217	-1.01686746987952
			1.22409638554217	-1.01927710843374
			1.22409638554217	-1.02168674698795
			1.22409638554217	-1.02409638554217
			1.22409638554217	-1.02650602409639
			1.22409638554217	-1.0289156626506
			1.22409638554217	-1.03132530120482
			1.22409638554217	-1.03373493975904
			1.22409638554217	-1.03614457831325
			1.22409638554217	-1.03855421686747
			1.22409638554217	-1.04096385542169
			1.22168674698795	-1.04096385542169
			1.22168674698795	-1.0433734939759
			1.22168674698795	-1.04578313253012
			1.22168674698795	-1.04819277108434
			1.22168674698795	-1.05060240963855
			1.22168674698795	-1.05301204819277
			1.22168674698795	-1.05542168674699
			1.22168674698795	-1.0578313253012
			1.22168674698795	-1.06024096385542
			1.22168674698795	-1.06265060240964
			1.22168674698795	-1.06506024096386
			1.22168674698795	-1.06746987951807
			1.22168674698795	-1.06987951807229
			1.22168674698795	-1.07228915662651
			1.22168674698795	-1.07469879518072
			1.22168674698795	-1.07710843373494
			1.22168674698795	-1.07951807228916
			1.22168674698795	-1.08192771084337
			1.21927710843374	-1.08433734939759
			1.21927710843374	-1.08674698795181
			1.21927710843374	-1.08915662650602
			1.21927710843374	-1.09156626506024
			1.21927710843374	-1.09397590361446
			1.21927710843374	-1.09638554216867
			1.21927710843374	-1.09879518072289
			1.21927710843374	-1.10120481927711
			1.21927710843374	-1.10361445783133
			1.21927710843374	-1.10602409638554
			1.21927710843374	-1.10843373493976
			1.21927710843374	-1.11084337349398
			1.21927710843374	-1.11325301204819
			1.21927710843374	-1.11566265060241
			1.21927710843374	-1.11807228915663
			1.21686746987952	-1.12048192771084
			1.21686746987952	-1.12289156626506
			1.21686746987952	-1.12530120481928
			1.21686746987952	-1.12771084337349
			1.21686746987952	-1.13012048192771
			1.21686746987952	-1.13253012048193
			1.21686746987952	-1.13493975903614
			1.21686746987952	-1.13734939759036
			1.21686746987952	-1.13975903614458
			1.21686746987952	-1.1421686746988
			1.21686746987952	-1.14457831325301
			1.21686746987952	-1.14698795180723
			1.21686746987952	-1.14939759036145
			1.2144578313253	-1.15180722891566
			1.2144578313253	-1.15421686746988
			1.2144578313253	-1.1566265060241
			1.2144578313253	-1.15903614457831
			1.2144578313253	-1.16144578313253
			1.2144578313253	-1.16385542168675
			1.2144578313253	-1.16626506024096
			1.2144578313253	-1.16867469879518
			1.2144578313253	-1.1710843373494
			1.2144578313253	-1.17349397590361
			1.2144578313253	-1.17590361445783
			1.21204819277108	-1.17831325301205
			1.21204819277108	-1.18072289156627
			1.21204819277108	-1.18313253012048
			1.21204819277108	-1.1855421686747
			1.21204819277108	-1.18795180722892
			1.21204819277108	-1.19036144578313
			1.21204819277108	-1.19277108433735
			1.21204819277108	-1.19518072289157
			1.21204819277108	-1.19759036144578
			1.21204819277108	-1.2
			1.20963855421687	-1.20240963855422
			1.20963855421687	-1.20481927710843
			1.20963855421687	-1.20722891566265
			1.20963855421687	-1.20963855421687
			1.20963855421687	-1.21204819277108
			1.20963855421687	-1.2144578313253
			1.20963855421687	-1.21686746987952
			1.20963855421687	-1.21927710843374
			1.20963855421687	-1.22168674698795
			1.20963855421687	-1.22409638554217
			1.20722891566265	-1.22409638554217
			1.20722891566265	-1.22650602409639
			1.20722891566265	-1.2289156626506
			1.20722891566265	-1.23132530120482
			1.20722891566265	-1.23373493975904
			1.20722891566265	-1.23614457831325
			1.20722891566265	-1.23855421686747
			1.20722891566265	-1.24096385542169
			1.20722891566265	-1.2433734939759
			1.20481927710843	-1.24578313253012
			1.20481927710843	-1.24819277108434
			1.20481927710843	-1.25060240963855
			1.20481927710843	-1.25301204819277
			1.20481927710843	-1.25542168674699
			1.20481927710843	-1.25783132530121
			1.20481927710843	-1.26024096385542
			1.20481927710843	-1.26265060240964
			1.20240963855422	-1.26506024096386
			1.20240963855422	-1.26746987951807
			1.20240963855422	-1.26987951807229
			1.20240963855422	-1.27228915662651
			1.20240963855422	-1.27469879518072
			1.20240963855422	-1.27710843373494
			1.20240963855422	-1.27951807228916
			1.20240963855422	-1.28192771084337
			1.20240963855422	-1.28433734939759
			1.2	-1.28433734939759
			1.2	-1.28674698795181
			1.2	-1.28915662650602
			1.2	-1.29156626506024
			1.2	-1.29397590361446
			1.2	-1.29638554216867
			1.2	-1.29879518072289
			1.2	-1.30120481927711
			1.2	-1.30361445783133
			1.19759036144578	-1.30602409638554
			1.19759036144578	-1.30843373493976
			1.19759036144578	-1.31084337349398
			1.19759036144578	-1.31325301204819
			1.19759036144578	-1.31566265060241
			1.19759036144578	-1.31807228915663
			1.19759036144578	-1.32048192771084
			1.19518072289157	-1.32048192771084
			1.19518072289157	-1.32289156626506
			1.19518072289157	-1.32530120481928
			1.19518072289157	-1.32771084337349
			1.19518072289157	-1.33012048192771
			1.19518072289157	-1.33253012048193
			1.19518072289157	-1.33493975903614
			1.19518072289157	-1.33734939759036
			1.19277108433735	-1.33734939759036
			1.19277108433735	-1.33975903614458
			1.19277108433735	-1.3421686746988
			1.19277108433735	-1.34457831325301
			1.19277108433735	-1.34698795180723
			1.19277108433735	-1.34939759036145
			1.19277108433735	-1.35180722891566
			1.19277108433735	-1.35421686746988
			1.19036144578313	-1.3566265060241
			1.19036144578313	-1.35903614457831
			1.19036144578313	-1.36144578313253
			1.19036144578313	-1.36385542168675
			1.19036144578313	-1.36626506024096
			1.19036144578313	-1.36867469879518
			1.18795180722892	-1.3710843373494
			1.18795180722892	-1.37349397590361
			1.18795180722892	-1.37590361445783
			1.18795180722892	-1.37831325301205
			1.18795180722892	-1.38072289156627
			1.18795180722892	-1.38313253012048
			1.1855421686747	-1.3855421686747
			1.1855421686747	-1.38795180722892
			1.1855421686747	-1.39036144578313
			1.1855421686747	-1.39277108433735
			1.1855421686747	-1.39518072289157
			1.1855421686747	-1.39759036144578
			1.18313253012048	-1.4
			1.18313253012048	-1.40240963855422
			1.18313253012048	-1.40481927710843
			1.18313253012048	-1.40722891566265
			1.18313253012048	-1.40963855421687
			1.18313253012048	-1.41204819277108
			1.18313253012048	-1.4144578313253
			1.18072289156627	-1.41686746987952
			1.18072289156627	-1.41927710843374
			1.18072289156627	-1.42168674698795
			1.18072289156627	-1.42409638554217
			1.18072289156627	-1.42650602409639
			1.18072289156627	-1.4289156626506
			1.17831325301205	-1.43132530120482
			1.17831325301205	-1.43373493975904
			1.17831325301205	-1.43614457831325
			1.17831325301205	-1.43855421686747
			1.17831325301205	-1.44096385542169
			1.17831325301205	-1.4433734939759
			1.17590361445783	-1.4433734939759
			1.17590361445783	-1.44578313253012
			1.17590361445783	-1.44819277108434
			1.17590361445783	-1.45060240963855
			1.17590361445783	-1.45301204819277
			1.17590361445783	-1.45542168674699
			1.17349397590361	-1.4578313253012
			1.17349397590361	-1.46024096385542
			1.17349397590361	-1.46265060240964
			1.17349397590361	-1.46506024096386
			1.17349397590361	-1.46746987951807
			1.1710843373494	-1.46987951807229
			1.1710843373494	-1.47228915662651
			1.1710843373494	-1.47469879518072
			1.1710843373494	-1.47710843373494
			1.1710843373494	-1.47951807228916
			1.1710843373494	-1.48192771084337
			1.16867469879518	-1.48433734939759
			1.16867469879518	-1.48674698795181
			1.16867469879518	-1.48915662650602
			1.16867469879518	-1.49156626506024
			1.16867469879518	-1.49397590361446
			1.16626506024096	-1.49638554216867
			1.16626506024096	-1.49879518072289
			1.16626506024096	-1.50120481927711
			1.16626506024096	-1.50361445783133
			1.16626506024096	-1.50602409638554
			1.16626506024096	-1.50843373493976
			1.16385542168675	-1.51084337349398
			1.16385542168675	-1.51325301204819
			1.16385542168675	-1.51566265060241
			1.16385542168675	-1.51807228915663
			1.16144578313253	-1.52048192771084
			1.16144578313253	-1.52289156626506
			1.16144578313253	-1.52530120481928
			1.16144578313253	-1.52771084337349
			1.16144578313253	-1.53012048192771
			1.15903614457831	-1.53253012048193
			1.15903614457831	-1.53493975903614
			1.15903614457831	-1.53734939759036
			1.15903614457831	-1.53975903614458
			1.15903614457831	-1.5421686746988
			1.1566265060241	-1.54457831325301
			1.1566265060241	-1.54698795180723
			1.1566265060241	-1.54939759036145
			1.1566265060241	-1.55180722891566
			1.1566265060241	-1.55421686746988
			1.15421686746988	-1.5566265060241
			1.15421686746988	-1.55903614457831
			1.15421686746988	-1.56144578313253
			1.15421686746988	-1.56385542168675
			1.15180722891566	-1.56626506024096
			1.15180722891566	-1.56867469879518
			1.15180722891566	-1.5710843373494
			1.15180722891566	-1.57349397590361
			1.15180722891566	-1.57590361445783
			1.14939759036145	-1.57831325301205
			1.14939759036145	-1.58072289156627
			1.14939759036145	-1.58313253012048
			1.14939759036145	-1.5855421686747
			1.14698795180723	-1.58795180722892
			1.14698795180723	-1.59036144578313
			1.14698795180723	-1.59277108433735
			1.14698795180723	-1.59518072289157
			1.14698795180723	-1.59759036144578
			1.14457831325301	-1.6
			1.14457831325301	-1.60240963855422
			1.14457831325301	-1.60481927710843
			1.14457831325301	-1.60722891566265
			1.1421686746988	-1.60963855421687
			1.1421686746988	-1.61204819277108
			1.1421686746988	-1.6144578313253
			1.1421686746988	-1.61686746987952
			1.1421686746988	-1.61927710843374
			1.13975903614458	-1.62168674698795
			1.13975903614458	-1.62409638554217
			1.13975903614458	-1.62650602409639
			1.13975903614458	-1.6289156626506
			1.13734939759036	-1.63132530120482
			1.13734939759036	-1.63373493975904
			1.13734939759036	-1.63614457831325
			1.13734939759036	-1.63855421686747
			1.13734939759036	-1.64096385542169
			1.13493975903614	-1.64096385542169
			1.13493975903614	-1.6433734939759
			1.13493975903614	-1.64578313253012
			1.13493975903614	-1.64819277108434
			1.13493975903614	-1.65060240963855
			1.13253012048193	-1.65301204819277
			1.13253012048193	-1.65542168674699
			1.13253012048193	-1.6578313253012
			1.13253012048193	-1.66024096385542
			1.13012048192771	-1.66265060240964
			1.13012048192771	-1.66506024096386
			1.13012048192771	-1.66746987951807
			1.13012048192771	-1.66987951807229
			1.12771084337349	-1.67228915662651
			1.12771084337349	-1.67469879518072
			1.12771084337349	-1.67710843373494
			1.12771084337349	-1.67951807228916
			1.12530120481928	-1.68192771084337
			1.12530120481928	-1.68433734939759
			1.12530120481928	-1.68674698795181
			1.12530120481928	-1.68915662650602
			1.12289156626506	-1.69156626506024
			1.12289156626506	-1.69397590361446
			1.12289156626506	-1.69638554216867
			1.12289156626506	-1.69879518072289
			1.12289156626506	-1.70120481927711
			1.12048192771084	-1.70361445783133
			1.12048192771084	-1.70602409638554
			1.12048192771084	-1.70843373493976
			1.11807228915663	-1.71084337349398
			1.11807228915663	-1.71325301204819
			1.11807228915663	-1.71566265060241
			1.11807228915663	-1.71807228915663
			1.11566265060241	-1.72048192771084
			1.11566265060241	-1.72289156626506
			1.11566265060241	-1.72530120481928
			1.11566265060241	-1.72771084337349
			1.11325301204819	-1.73012048192771
			1.11325301204819	-1.73253012048193
			1.11325301204819	-1.73493975903614
			1.11325301204819	-1.73734939759036
			1.11084337349398	-1.73975903614458
			1.11084337349398	-1.7421686746988
			1.11084337349398	-1.74457831325301
			1.11084337349398	-1.74698795180723
			1.10843373493976	-1.74939759036145
			1.10843373493976	-1.75180722891566
			1.10843373493976	-1.75421686746988
			1.10843373493976	-1.7566265060241
			1.10602409638554	-1.7566265060241
			1.10602409638554	-1.75903614457831
			1.10602409638554	-1.76144578313253
			1.10602409638554	-1.76385542168675
			1.10361445783133	-1.76626506024096
			1.10361445783133	-1.76867469879518
			1.10361445783133	-1.7710843373494
			1.10120481927711	-1.77349397590361
			1.10120481927711	-1.77590361445783
			1.10120481927711	-1.77831325301205
			1.10120481927711	-1.78072289156627
			1.09879518072289	-1.78313253012048
			1.09879518072289	-1.7855421686747
			1.09879518072289	-1.78795180722892
			1.09879518072289	-1.79036144578313
			1.09638554216867	-1.79277108433735
			1.09638554216867	-1.79518072289157
			1.09638554216867	-1.79759036144578
			1.09638554216867	-1.8
			1.09397590361446	-1.8
			1.09397590361446	-1.80240963855422
			1.09397590361446	-1.80481927710843
			1.09397590361446	-1.80722891566265
			1.09156626506024	-1.80963855421687
			1.09156626506024	-1.81204819277108
			1.09156626506024	-1.8144578313253
			1.08915662650602	-1.81686746987952
			1.08915662650602	-1.81927710843374
			1.08915662650602	-1.82168674698795
			1.08915662650602	-1.82409638554217
			1.08674698795181	-1.82650602409639
			1.08674698795181	-1.8289156626506
			1.08674698795181	-1.83132530120482
			1.08433734939759	-1.83373493975904
			1.08433734939759	-1.83614457831325
			1.08433734939759	-1.83855421686747
			1.08433734939759	-1.84096385542169
			1.08192771084337	-1.8433734939759
			1.08192771084337	-1.84578313253012
			1.08192771084337	-1.84819277108434
			1.07951807228916	-1.85060240963855
			1.07951807228916	-1.85301204819277
			1.07951807228916	-1.85542168674699
			1.07710843373494	-1.8578313253012
			1.07710843373494	-1.86024096385542
			1.07710843373494	-1.86265060240964
			1.07710843373494	-1.86506024096386
			1.07469879518072	-1.86506024096386
			1.07469879518072	-1.86746987951807
			1.07469879518072	-1.86987951807229
			1.07469879518072	-1.87228915662651
			1.07228915662651	-1.87469879518072
			1.07228915662651	-1.87710843373494
			1.07228915662651	-1.87951807228916
			1.06987951807229	-1.88192771084337
			1.06987951807229	-1.88433734939759
			1.06987951807229	-1.88674698795181
			1.06746987951807	-1.88915662650602
			1.06746987951807	-1.89156626506024
			1.06746987951807	-1.89397590361446
			1.06746987951807	-1.89638554216867
			1.06506024096386	-1.89879518072289
			1.06506024096386	-1.90120481927711
			1.06506024096386	-1.90361445783133
			1.06265060240964	-1.90602409638554
			1.06265060240964	-1.90843373493976
			1.06265060240964	-1.91084337349398
			1.06024096385542	-1.91325301204819
			1.06024096385542	-1.91566265060241
			1.06024096385542	-1.91807228915663
			1.0578313253012	-1.92048192771084
			1.0578313253012	-1.92289156626506
			1.0578313253012	-1.92530120481928
			1.0578313253012	-1.92771084337349
			1.05542168674699	-1.93012048192771
			1.05542168674699	-1.93253012048193
			1.05542168674699	-1.93493975903614
			1.05301204819277	-1.93734939759036
			1.05301204819277	-1.93975903614458
			1.05301204819277	-1.9421686746988
			1.05060240963855	-1.94457831325301
			1.05060240963855	-1.94698795180723
			1.05060240963855	-1.94939759036145
			1.04819277108434	-1.95180722891566
			1.04819277108434	-1.95421686746988
			1.04819277108434	-1.9566265060241
			1.04578313253012	-1.95903614457831
			1.04578313253012	-1.96144578313253
			1.04578313253012	-1.96385542168675
			1.0433734939759	-1.96626506024096
			1.0433734939759	-1.96867469879518
			1.0433734939759	-1.9710843373494
			1.04096385542169	-1.97349397590361
			1.04096385542169	-1.97590361445783
			1.04096385542169	-1.97831325301205
			1.03855421686747	-1.98072289156627
			1.03855421686747	-1.98313253012048
			1.03855421686747	-1.9855421686747
			1.03614457831325	-1.98795180722892
			1.03614457831325	-1.99036144578313
			1.03614457831325	-1.99277108433735
			1.03373493975904	-1.99518072289157
			1.03373493975904	-1.99759036144578
			1.03373493975904	-2
			1.03132530120482	-2.00240963855422
			1.03132530120482	-2.00481927710843
			1.03132530120482	-2.00722891566265
			1.0289156626506	-2.00963855421687
			1.0289156626506	-2.01204819277108
			1.0289156626506	-2.0144578313253
			1.02650602409639	-2.01686746987952
			1.02650602409639	-2.01927710843374
			1.02650602409639	-2.02168674698795
			1.02409638554217	-2.02409638554217
			1.02409638554217	-2.02650602409639
			1.02409638554217	-2.0289156626506
			1.02168674698795	-2.03132530120482
			1.02168674698795	-2.03373493975904
			1.02168674698795	-2.03614457831325
			1.01927710843374	-2.03855421686747
			1.01927710843374	-2.04096385542169
			1.01927710843374	-2.0433734939759
			1.01686746987952	-2.04578313253012
			1.01686746987952	-2.04819277108434
			1.01686746987952	-2.05060240963855
			1.0144578313253	-2.05301204819277
			1.0144578313253	-2.05542168674699
			1.01204819277108	-2.0578313253012
			1.01204819277108	-2.06024096385542
			1.01204819277108	-2.06265060240964
			1.00963855421687	-2.06506024096386
			1.00963855421687	-2.06746987951807
			1.00963855421687	-2.06987951807229
			1.00722891566265	-2.07228915662651
			1.00722891566265	-2.07469879518072
			1.00722891566265	-2.07710843373494
			1.00481927710843	-2.07951807228916
			1.00481927710843	-2.08192771084337
			1.00481927710843	-2.08433734939759
			1.00240963855422	-2.08674698795181
			1.00240963855422	-2.08915662650602
			1	-2.09156626506024
			1	-2.09397590361446
			1	-2.09638554216868
			0.997590361445783	-2.09879518072289
			0.997590361445783	-2.10120481927711
			0.997590361445783	-2.10361445783133
			0.997590361445783	-2.10602409638554
			0.997590361445783	-2.10843373493976
			0.997590361445783	-2.11084337349398
			0.997590361445783	-2.11325301204819
			0.997590361445783	-2.11566265060241
			0.997590361445783	-2.11807228915663
			0.997590361445783	-2.12048192771084
			0.997590361445783	-2.12289156626506
			0.997590361445783	-2.12530120481928
			0.995180722891566	-2.12771084337349
			0.995180722891566	-2.13012048192771
			0.995180722891566	-2.13253012048193
			0.995180722891566	-2.13493975903614
			0.995180722891566	-2.13734939759036
			0.995180722891566	-2.13975903614458
			0.995180722891566	-2.1421686746988
			0.99277108433735	-2.14457831325301
			0.99277108433735	-2.14698795180723
			0.99277108433735	-2.14939759036145
			0.99277108433735	-2.15180722891566
			0.99277108433735	-2.15421686746988
			0.99277108433735	-2.1566265060241
			0.990361445783133	-2.15903614457831
			0.990361445783133	-2.16144578313253
			0.990361445783133	-2.16385542168675
			0.990361445783133	-2.16626506024096
			0.987951807228916	-2.16867469879518
			0.987951807228916	-2.1710843373494
			0.987951807228916	-2.17349397590361
			0.985542168674699	-2.17590361445783
			0.985542168674699	-2.17831325301205
			0.985542168674699	-2.18072289156627
			0.983132530120482	-2.18313253012048
			0.983132530120482	-2.1855421686747
			0.980722891566265	-2.18795180722892
			0.980722891566265	-2.19036144578313
			0.980722891566265	-2.19277108433735
			0.980722891566265	-2.19518072289157
			0.978313253012048	-2.19518072289157
			0.978313253012048	-2.19759036144578
			0.978313253012048	-2.2
			0.975903614457831	-2.20240963855422
		</axis>
		<border type=matrix rownames=FALSE colnames=FALSE nrow=576 ncol=2 as.numeric=TRUE >
			0.975903614457831	-2.20240963855422
			0.978313253012048	-2.20240963855422
			0.980722891566265	-2.2
			0.983132530120482	-2.2
			0.985542168674699	-2.2
			0.987951807228916	-2.19759036144578
			0.990361445783133	-2.19759036144578
			0.99277108433735	-2.19759036144578
			0.995180722891566	-2.19518072289157
			0.997590361445783	-2.19518072289157
			1	-2.19518072289157
			1.00240963855422	-2.19277108433735
			1.00481927710843	-2.19277108433735
			1.00722891566265	-2.19036144578313
			1.00963855421687	-2.19036144578313
			1.01204819277108	-2.19036144578313
			1.01204819277108	-2.18795180722892
			1.0144578313253	-2.18795180722892
			1.01686746987952	-2.18795180722892
			1.01927710843374	-2.1855421686747
			1.02168674698795	-2.1855421686747
			1.02409638554217	-2.1855421686747
			1.02650602409639	-2.18313253012048
			1.0289156626506	-2.18313253012048
			1.03132530120482	-2.18313253012048
			1.03132530120482	-2.18072289156627
			1.03373493975904	-2.18072289156627
			1.03614457831325	-2.18072289156627
			1.03855421686747	-2.17831325301205
			1.04096385542169	-2.17831325301205
			1.0433734939759	-2.17590361445783
			1.04578313253012	-2.17590361445783
			1.04819277108434	-2.17590361445783
			1.05060240963855	-2.17349397590361
			1.05301204819277	-2.17349397590361
			1.05542168674699	-2.1710843373494
			1.0578313253012	-2.1710843373494
			1.06024096385542	-2.16867469879518
			1.06265060240964	-2.16867469879518
			1.06506024096386	-2.16867469879518
			1.06506024096386	-2.16626506024096
			1.06746987951807	-2.16626506024096
			1.06987951807229	-2.16385542168675
			1.07228915662651	-2.16385542168675
			1.07469879518072	-2.16144578313253
			1.07710843373494	-2.16144578313253
			1.07951807228916	-2.16144578313253
			1.08192771084337	-2.15903614457831
			1.08433734939759	-2.15903614457831
			1.08674698795181	-2.1566265060241
			1.08915662650602	-2.1566265060241
			1.09156626506024	-2.15421686746988
			1.09397590361446	-2.15421686746988
			1.09397590361446	-2.15180722891566
			1.09638554216867	-2.15180722891566
			1.09879518072289	-2.14939759036145
			1.10120481927711	-2.14939759036145
			1.10361445783133	-2.14939759036145
			1.10602409638554	-2.14698795180723
			1.10843373493976	-2.14698795180723
			1.11084337349398	-2.14457831325301
			1.11325301204819	-2.14457831325301
			1.11566265060241	-2.1421686746988
			1.11807228915663	-2.1421686746988
			1.11807228915663	-2.13975903614458
			1.12048192771084	-2.13975903614458
			1.12289156626506	-2.13734939759036
			1.12530120481928	-2.13734939759036
			1.12771084337349	-2.13493975903614
			1.13012048192771	-2.13493975903614
			1.13253012048193	-2.13253012048193
			1.13493975903614	-2.13253012048193
			1.13734939759036	-2.13012048192771
			1.13975903614458	-2.12771084337349
			1.1421686746988	-2.12530120481928
			1.14457831325301	-2.12530120481928
			1.14698795180723	-2.12289156626506
			1.14939759036145	-2.12289156626506
			1.15180722891566	-2.12048192771084
			1.15421686746988	-2.12048192771084
			1.1566265060241	-2.11807228915663
			1.15903614457831	-2.11807228915663
			1.16144578313253	-2.11566265060241
			1.16385542168675	-2.11325301204819
			1.16626506024096	-2.11325301204819
			1.16867469879518	-2.11084337349398
			1.1710843373494	-2.10843373493976
			1.17349397590361	-2.10843373493976
			1.17590361445783	-2.10602409638554
			1.17831325301205	-2.10361445783133
			1.18072289156627	-2.10120481927711
			1.18313253012048	-2.10120481927711
			1.1855421686747	-2.09879518072289
			1.18795180722892	-2.09879518072289
			1.18795180722892	-2.09638554216868
			1.19036144578313	-2.09638554216868
			1.19277108433735	-2.09638554216868
			1.19277108433735	-2.09397590361446
			1.19518072289157	-2.09397590361446
			1.19759036144578	-2.09156626506024
			1.2	-2.08915662650602
			1.20240963855422	-2.08674698795181
			1.20481927710843	-2.08674698795181
			1.20722891566265	-2.08433734939759
			1.20963855421687	-2.08192771084337
			1.21204819277108	-2.08192771084337
			1.21204819277108	-2.07951807228916
			1.2144578313253	-2.07951807228916
			1.21686746987952	-2.07710843373494
			1.21927710843374	-2.07710843373494
			1.21927710843374	-2.07469879518072
			1.22168674698795	-2.07469879518072
			1.22409638554217	-2.07228915662651
			1.22650602409639	-2.07228915662651
			1.22650602409639	-2.06987951807229
			1.2289156626506	-2.06746987951807
			1.23132530120482	-2.06746987951807
			1.23373493975904	-2.06506024096386
			1.23614457831325	-2.06265060240964
			1.23855421686747	-2.06024096385542
			1.24096385542169	-2.06024096385542
			1.2433734939759	-2.0578313253012
			1.24578313253012	-2.05542168674699
			1.24819277108434	-2.05542168674699
			1.24819277108434	-2.05301204819277
			1.25060240963855	-2.05060240963855
			1.25301204819277	-2.04819277108434
			1.25542168674699	-2.04819277108434
			1.25783132530121	-2.04578313253012
			1.26024096385542	-2.0433734939759
			1.26265060240964	-2.0433734939759
			1.26506024096386	-2.04096385542169
			1.26506024096386	-2.03855421686747
			1.26746987951807	-2.03614457831325
			1.26987951807229	-2.03614457831325
			1.27228915662651	-2.03373493975904
			1.27469879518072	-2.03132530120482
			1.27710843373494	-2.0289156626506
			1.27951807228916	-2.0289156626506
			1.28192771084337	-2.02650602409639
			1.28192771084337	-2.02409638554217
			1.28433734939759	-2.02168674698795
			1.28674698795181	-2.02168674698795
			1.28915662650602	-2.01927710843374
			1.29156626506024	-2.01686746987952
			1.29397590361446	-2.0144578313253
			1.29638554216867	-2.0144578313253
			1.29638554216867	-2.01204819277108
			1.29879518072289	-2.00963855421687
			1.30120481927711	-2.00722891566265
			1.30361445783133	-2.00481927710843
			1.30602409638554	-2.00481927710843
			1.30843373493976	-2.00240963855422
			1.30843373493976	-2
			1.31084337349398	-1.99759036144578
			1.31325301204819	-1.99518072289157
			1.31566265060241	-1.99518072289157
			1.31807228915663	-1.99277108433735
			1.32048192771084	-1.99036144578313
			1.32048192771084	-1.98795180722892
			1.32289156626506	-1.9855421686747
			1.32530120481928	-1.9855421686747
			1.32771084337349	-1.98313253012048
			1.33012048192771	-1.98072289156627
			1.33253012048193	-1.97831325301205
			1.33253012048193	-1.97590361445783
			1.33493975903614	-1.97349397590361
			1.33734939759036	-1.97349397590361
			1.33975903614458	-1.9710843373494
			1.3421686746988	-1.96867469879518
			1.3421686746988	-1.96626506024096
			1.34457831325301	-1.96385542168675
			1.34698795180723	-1.96144578313253
			1.34939759036145	-1.95903614457831
			1.35180722891566	-1.95903614457831
			1.35421686746988	-1.9566265060241
			1.35421686746988	-1.95421686746988
			1.3566265060241	-1.95180722891566
			1.35903614457831	-1.94939759036145
			1.36144578313253	-1.94698795180723
			1.36385542168675	-1.94457831325301
			1.36626506024096	-1.9421686746988
			1.36867469879518	-1.93975903614458
			1.3710843373494	-1.93734939759036
			1.37349397590361	-1.93493975903614
			1.37349397590361	-1.93253012048193
			1.37590361445783	-1.93253012048193
			1.37590361445783	-1.93012048192771
			1.37831325301205	-1.92771084337349
			1.38072289156627	-1.92530120481928
			1.38313253012048	-1.92289156626506
			1.3855421686747	-1.92048192771084
			1.3855421686747	-1.91807228915663
			1.38795180722892	-1.91566265060241
			1.39036144578313	-1.91325301204819
			1.39277108433735	-1.91325301204819
			1.39277108433735	-1.91084337349398
			1.39518072289157	-1.90843373493976
			1.39759036144578	-1.90602409638554
			1.39759036144578	-1.90361445783133
			1.4	-1.90361445783133
			1.40240963855422	-1.90120481927711
			1.40240963855422	-1.89879518072289
			1.40481927710843	-1.89638554216867
			1.40722891566265	-1.89397590361446
			1.40963855421687	-1.89156626506024
			1.41204819277108	-1.88915662650602
			1.41204819277108	-1.88674698795181
			1.4144578313253	-1.88433734939759
			1.41686746987952	-1.88192771084337
			1.41927710843374	-1.87951807228916
			1.42168674698795	-1.87710843373494
			1.42168674698795	-1.87469879518072
			1.42409638554217	-1.87228915662651
			1.42650602409639	-1.86987951807229
			1.4289156626506	-1.86746987951807
			1.4289156626506	-1.86506024096386
			1.43132530120482	-1.86265060240964
			1.43373493975904	-1.86024096385542
			1.43614457831325	-1.8578313253012
			1.43614457831325	-1.85542168674699
			1.43855421686747	-1.85301204819277
			1.44096385542169	-1.85060240963855
			1.4433734939759	-1.84819277108434
			1.4433734939759	-1.84578313253012
			1.44578313253012	-1.8433734939759
			1.44819277108434	-1.84096385542169
			1.44819277108434	-1.83855421686747
			1.45060240963855	-1.83614457831325
			1.45301204819277	-1.83373493975904
			1.45301204819277	-1.83132530120482
			1.45542168674699	-1.8289156626506
			1.4578313253012	-1.82650602409639
			1.4578313253012	-1.82409638554217
			1.46024096385542	-1.82168674698795
			1.46265060240964	-1.81927710843374
			1.46265060240964	-1.81686746987952
			1.46506024096386	-1.8144578313253
			1.46746987951807	-1.8144578313253
			1.46746987951807	-1.81204819277108
			1.46987951807229	-1.80963855421687
			1.46987951807229	-1.80722891566265
			1.47228915662651	-1.80481927710843
			1.47469879518072	-1.80240963855422
			1.47469879518072	-1.8
			1.47710843373494	-1.79759036144578
			1.47951807228916	-1.79518072289157
			1.47951807228916	-1.79277108433735
			1.48192771084337	-1.79036144578313
			1.48433734939759	-1.78795180722892
			1.48433734939759	-1.7855421686747
			1.48674698795181	-1.78313253012048
			1.48674698795181	-1.78072289156627
			1.48915662650602	-1.77831325301205
			1.49156626506024	-1.77590361445783
			1.49156626506024	-1.77349397590361
			1.49397590361446	-1.7710843373494
			1.49638554216867	-1.76867469879518
			1.49638554216867	-1.76626506024096
			1.49879518072289	-1.76385542168675
			1.49879518072289	-1.76144578313253
			1.50120481927711	-1.75903614457831
			1.50361445783133	-1.7566265060241
			1.50361445783133	-1.75421686746988
			1.50602409638554	-1.75180722891566
			1.50602409638554	-1.74939759036145
			1.50843373493976	-1.74698795180723
			1.51084337349398	-1.74457831325301
			1.51084337349398	-1.7421686746988
			1.51325301204819	-1.73975903614458
			1.51325301204819	-1.73734939759036
			1.51566265060241	-1.73493975903614
			1.51807228915663	-1.73253012048193
			1.51807228915663	-1.73012048192771
			1.52048192771084	-1.72771084337349
			1.52048192771084	-1.72530120481928
			1.52289156626506	-1.72289156626506
			1.52530120481928	-1.72048192771084
			1.52530120481928	-1.71807228915663
			1.52771084337349	-1.71566265060241
			1.52771084337349	-1.71325301204819
			1.53012048192771	-1.71084337349398
			1.53253012048193	-1.70843373493976
			1.53253012048193	-1.70602409638554
			1.53493975903614	-1.70361445783133
			1.53493975903614	-1.70120481927711
			1.53734939759036	-1.69879518072289
			1.53734939759036	-1.69638554216867
			1.53975903614458	-1.69397590361446
			1.53975903614458	-1.69156626506024
			1.5421686746988	-1.68915662650602
			1.5421686746988	-1.68674698795181
			1.54457831325301	-1.68674698795181
			1.54457831325301	-1.68433734939759
			1.54457831325301	-1.68192771084337
			1.54698795180723	-1.67951807228916
			1.54939759036145	-1.67710843373494
			1.54939759036145	-1.67469879518072
			1.55180722891566	-1.67228915662651
			1.55180722891566	-1.66987951807229
			1.55421686746988	-1.66746987951807
			1.55421686746988	-1.66506024096386
			1.5566265060241	-1.66265060240964
			1.5566265060241	-1.66024096385542
			1.55903614457831	-1.6578313253012
			1.55903614457831	-1.65542168674699
			1.56144578313253	-1.65301204819277
			1.56144578313253	-1.65060240963855
			1.56385542168675	-1.64819277108434
			1.56385542168675	-1.64578313253012
			1.56626506024096	-1.6433734939759
			1.56867469879518	-1.64096385542169
			1.56867469879518	-1.63855421686747
			1.56867469879518	-1.63614457831325
			1.5710843373494	-1.63373493975904
			1.5710843373494	-1.63132530120482
			1.57349397590361	-1.6289156626506
			1.57349397590361	-1.62650602409639
			1.57590361445783	-1.62409638554217
			1.57590361445783	-1.62168674698795
			1.57831325301205	-1.61927710843374
			1.57831325301205	-1.61686746987952
			1.58072289156627	-1.6144578313253
			1.58072289156627	-1.61204819277108
			1.58313253012048	-1.60963855421687
			1.58313253012048	-1.60722891566265
			1.5855421686747	-1.60481927710843
			1.5855421686747	-1.60240963855422
			1.58795180722892	-1.6
			1.58795180722892	-1.59759036144578
			1.59036144578313	-1.59518072289157
			1.59036144578313	-1.59277108433735
			1.59036144578313	-1.59036144578313
			1.59277108433735	-1.59036144578313
			1.59277108433735	-1.58795180722892
			1.59277108433735	-1.5855421686747
			1.59518072289157	-1.58313253012048
			1.59518072289157	-1.58072289156627
			1.59759036144578	-1.57831325301205
			1.59759036144578	-1.57590361445783
			1.6	-1.57349397590361
			1.6	-1.5710843373494
			1.60240963855422	-1.56867469879518
			1.60240963855422	-1.56626506024096
			1.60240963855422	-1.56385542168675
			1.60481927710843	-1.56144578313253
			1.60481927710843	-1.55903614457831
			1.60722891566265	-1.5566265060241
			1.60722891566265	-1.55421686746988
			1.60722891566265	-1.55180722891566
			1.60963855421687	-1.54939759036145
			1.61204819277108	-1.54698795180723
			1.61204819277108	-1.54457831325301
			1.61204819277108	-1.5421686746988
			1.6144578313253	-1.53975903614458
			1.6144578313253	-1.53734939759036
			1.61686746987952	-1.53493975903614
			1.61686746987952	-1.53253012048193
			1.61686746987952	-1.53012048192771
			1.61927710843374	-1.53012048192771
			1.61927710843374	-1.52771084337349
			1.61927710843374	-1.52530120481928
			1.62168674698795	-1.52289156626506
			1.62168674698795	-1.52048192771084
			1.62409638554217	-1.51807228915663
			1.62409638554217	-1.51566265060241
			1.62650602409639	-1.51325301204819
			1.62650602409639	-1.51084337349398
			1.62650602409639	-1.50843373493976
			1.6289156626506	-1.50602409638554
			1.6289156626506	-1.50361445783133
			1.63132530120482	-1.50120481927711
			1.63132530120482	-1.49879518072289
			1.63132530120482	-1.49638554216867
			1.63373493975904	-1.49397590361446
			1.63373493975904	-1.49156626506024
			1.63614457831325	-1.48915662650602
			1.63614457831325	-1.48674698795181
			1.63614457831325	-1.48433734939759
			1.63855421686747	-1.48192771084337
			1.63855421686747	-1.47951807228916
			1.64096385542169	-1.47710843373494
			1.64096385542169	-1.47469879518072
			1.64096385542169	-1.47228915662651
			1.6433734939759	-1.46987951807229
			1.6433734939759	-1.46746987951807
			1.64578313253012	-1.46506024096386
			1.64578313253012	-1.46265060240964
			1.64578313253012	-1.46024096385542
			1.64819277108434	-1.4578313253012
			1.64819277108434	-1.45542168674699
			1.65060240963855	-1.45301204819277
			1.65060240963855	-1.45060240963855
			1.65060240963855	-1.44819277108434
			1.65301204819277	-1.44578313253012
			1.65301204819277	-1.4433734939759
			1.65301204819277	-1.44096385542169
			1.65542168674699	-1.43855421686747
			1.65542168674699	-1.43614457831325
			1.65542168674699	-1.43373493975904
			1.6578313253012	-1.43132530120482
			1.6578313253012	-1.4289156626506
			1.66024096385542	-1.42650602409639
			1.66024096385542	-1.42409638554217
			1.66024096385542	-1.42168674698795
			1.66265060240964	-1.41927710843374
			1.66265060240964	-1.41686746987952
			1.66265060240964	-1.4144578313253
			1.66506024096386	-1.41204819277108
			1.66506024096386	-1.40963855421687
			1.66506024096386	-1.40722891566265
			1.66746987951807	-1.40481927710843
			1.66746987951807	-1.40240963855422
			1.66987951807229	-1.4
			1.66987951807229	-1.39759036144578
			1.66987951807229	-1.39518072289157
			1.66987951807229	-1.39277108433735
			1.67228915662651	-1.39277108433735
			1.67228915662651	-1.39036144578313
			1.67228915662651	-1.38795180722892
			1.67469879518072	-1.3855421686747
			1.67469879518072	-1.38313253012048
			1.67469879518072	-1.38072289156627
			1.67710843373494	-1.37831325301205
			1.67710843373494	-1.37590361445783
			1.67710843373494	-1.37349397590361
			1.67951807228916	-1.3710843373494
			1.67951807228916	-1.36867469879518
			1.67951807228916	-1.36626506024096
			1.68192771084337	-1.36385542168675
			1.68192771084337	-1.36144578313253
			1.68192771084337	-1.35903614457831
			1.68433734939759	-1.3566265060241
			1.68433734939759	-1.35421686746988
			1.68433734939759	-1.35180722891566
			1.68674698795181	-1.34939759036145
			1.68674698795181	-1.34698795180723
			1.68674698795181	-1.34457831325301
			1.68915662650602	-1.3421686746988
			1.68915662650602	-1.33975903614458
			1.68915662650602	-1.33734939759036
			1.68915662650602	-1.33493975903614
			1.69156626506024	-1.33253012048193
			1.69156626506024	-1.33012048192771
			1.69156626506024	-1.32771084337349
			1.69397590361446	-1.32530120481928
			1.69397590361446	-1.32289156626506
			1.69397590361446	-1.32048192771084
			1.69638554216867	-1.31807228915663
			1.69638554216867	-1.31566265060241
			1.69638554216867	-1.31325301204819
			1.69879518072289	-1.31084337349398
			1.69879518072289	-1.30843373493976
			1.69879518072289	-1.30602409638554
			1.70120481927711	-1.30361445783133
			1.70120481927711	-1.30120481927711
			1.70120481927711	-1.29879518072289
			1.70120481927711	-1.29638554216867
			1.70361445783133	-1.29397590361446
			1.70361445783133	-1.29156626506024
			1.70361445783133	-1.28915662650602
			1.70602409638554	-1.28674698795181
			1.70602409638554	-1.28433734939759
			1.70602409638554	-1.28192771084337
			1.70843373493976	-1.27951807228916
			1.70843373493976	-1.27710843373494
			1.70843373493976	-1.27469879518072
			1.70843373493976	-1.27228915662651
			1.71084337349398	-1.26987951807229
			1.71084337349398	-1.26746987951807
			1.71084337349398	-1.26506024096386
			1.71325301204819	-1.26265060240964
			1.71325301204819	-1.26024096385542
			1.71325301204819	-1.25783132530121
			1.71566265060241	-1.25542168674699
			1.71566265060241	-1.25301204819277
			1.71566265060241	-1.25060240963855
			1.71566265060241	-1.24819277108434
			1.71807228915663	-1.24578313253012
			1.71807228915663	-1.2433734939759
			1.71807228915663	-1.24096385542169
			1.72048192771084	-1.23855421686747
			1.72048192771084	-1.23614457831325
			1.72048192771084	-1.23373493975904
			1.72289156626506	-1.23132530120482
			1.72289156626506	-1.2289156626506
			1.72289156626506	-1.22650602409639
			1.72289156626506	-1.22409638554217
			1.72530120481928	-1.22168674698795
			1.72530120481928	-1.21927710843374
			1.72530120481928	-1.21686746987952
			1.72530120481928	-1.2144578313253
			1.72771084337349	-1.21204819277108
			1.72771084337349	-1.20963855421687
			1.72771084337349	-1.20722891566265
			1.73012048192771	-1.20481927710843
			1.73012048192771	-1.20240963855422
			1.73012048192771	-1.2
			1.73012048192771	-1.19759036144578
			1.73012048192771	-1.19518072289157
			1.73253012048193	-1.19518072289157
			1.73253012048193	-1.19277108433735
			1.73253012048193	-1.19036144578313
			1.73253012048193	-1.18795180722892
			1.73493975903614	-1.1855421686747
			1.73493975903614	-1.18313253012048
			1.73493975903614	-1.18072289156627
			1.73493975903614	-1.17831325301205
			1.73734939759036	-1.17590361445783
			1.73734939759036	-1.17349397590361
			1.73734939759036	-1.1710843373494
			1.73734939759036	-1.16867469879518
			1.73975903614458	-1.16867469879518
			1.73975903614458	-1.16626506024096
			1.73975903614458	-1.16385542168675
			1.73975903614458	-1.16144578313253
			1.7421686746988	-1.15903614457831
			1.7421686746988	-1.1566265060241
			1.7421686746988	-1.15421686746988
			1.7421686746988	-1.15180722891566
			1.7421686746988	-1.14939759036145
			1.74457831325301	-1.14698795180723
			1.74457831325301	-1.14457831325301
			1.74457831325301	-1.1421686746988
			1.74457831325301	-1.13975903614458
			1.74698795180723	-1.13734939759036
			1.74698795180723	-1.13493975903614
			1.74698795180723	-1.13253012048193
			1.74698795180723	-1.13012048192771
			1.74939759036145	-1.13012048192771
			1.74939759036145	-1.12771084337349
			1.74939759036145	-1.12530120481928
			1.74939759036145	-1.12289156626506
			1.75180722891566	-1.12048192771084
			1.75180722891566	-1.11807228915663
			1.75180722891566	-1.11566265060241
			1.75180722891566	-1.11325301204819
			1.75180722891566	-1.11084337349398
			1.75421686746988	-1.10843373493976
			1.75421686746988	-1.10602409638554
			1.75421686746988	-1.10361445783133
			1.75421686746988	-1.10120481927711
			1.7566265060241	-1.09879518072289
			1.7566265060241	-1.09638554216867
			1.7566265060241	-1.09397590361446
			1.7566265060241	-1.09156626506024
			1.75903614457831	-1.08915662650602
			1.75903614457831	-1.08674698795181
			1.75903614457831	-1.08433734939759
			1.75903614457831	-1.08192771084337
			1.75903614457831	-1.07951807228916
			1.76144578313253	-1.07710843373494
			1.76144578313253	-1.07469879518072
			1.76144578313253	-1.07228915662651
			1.76144578313253	-1.06987951807229
			1.76385542168675	-1.06746987951807
			1.76385542168675	-1.06506024096386
			1.76385542168675	-1.06265060240964
			1.76385542168675	-1.06024096385542
			1.76626506024096	-1.0578313253012
			1.76626506024096	-1.05542168674699
			1.76626506024096	-1.05301204819277
			1.76626506024096	-1.05060240963855
			1.76626506024096	-1.04819277108434
			1.76867469879518	-1.04578313253012
			1.76867469879518	-1.0433734939759
			1.76867469879518	-1.04096385542169
			1.76867469879518	-1.03855421686747
			1.7710843373494	-1.03614457831325
			1.7710843373494	-1.03373493975904
			1.7710843373494	-1.03132530120482
			1.7710843373494	-1.0289156626506
			1.7710843373494	-1.02650602409639
			1.77349397590361	-1.02409638554217
			1.77349397590361	-1.02168674698795
			1.77349397590361	-1.01927710843374
		</border>
		<margin type=matrix rownames=FALSE colnames=FALSE nrow=880 ncol=2 as.numeric=TRUE >
			0.975903614457831	-2.23614457831325
			0.978313253012048	-2.23614457831325
			0.980722891566265	-2.23614457831325
			0.983132530120482	-2.23614457831325
			0.985542168674699	-2.23614457831325
			0.987951807228916	-2.23614457831325
			0.990361445783133	-2.23614457831325
			0.99277108433735	-2.23614457831325
			0.995180722891566	-2.23614457831325
			0.997590361445783	-2.23614457831325
			1	-2.23614457831325
			1.00240963855422	-2.23614457831325
			1.00481927710843	-2.23614457831325
			1.00722891566265	-2.23614457831325
			1.00963855421687	-2.23614457831325
			1.01204819277108	-2.23614457831325
			1.0144578313253	-2.23614457831325
			1.01686746987952	-2.23373493975904
			1.01927710843374	-2.23373493975904
			1.02168674698795	-2.23373493975904
			1.02409638554217	-2.23373493975904
			1.02650602409639	-2.23373493975904
			1.0289156626506	-2.23373493975904
			1.03132530120482	-2.23373493975904
			1.03373493975904	-2.23132530120482
			1.03614457831325	-2.23132530120482
			1.03855421686747	-2.23132530120482
			1.04096385542169	-2.23132530120482
			1.0433734939759	-2.23132530120482
			1.04578313253012	-2.23132530120482
			1.04819277108434	-2.2289156626506
			1.05060240963855	-2.2289156626506
			1.05301204819277	-2.2289156626506
			1.05542168674699	-2.2289156626506
			1.0578313253012	-2.2289156626506
			1.06024096385542	-2.2289156626506
			1.06265060240964	-2.22650602409639
			1.06506024096386	-2.22650602409639
			1.06746987951807	-2.22650602409639
			1.06987951807229	-2.22650602409639
			1.07228915662651	-2.22409638554217
			1.07469879518072	-2.22409638554217
			1.07710843373494	-2.22409638554217
			1.07951807228916	-2.22409638554217
			1.08192771084337	-2.22409638554217
			1.08433734939759	-2.22168674698795
			1.08674698795181	-2.22168674698795
			1.08915662650602	-2.22168674698795
			1.09156626506024	-2.22168674698795
			1.09397590361446	-2.22168674698795
			1.09638554216867	-2.21927710843374
			1.09879518072289	-2.21927710843374
			1.10120481927711	-2.21927710843374
			1.10361445783133	-2.21927710843374
			1.10602409638554	-2.21686746987952
			1.10843373493976	-2.21686746987952
			1.11084337349398	-2.21686746987952
			1.11325301204819	-2.21686746987952
			1.11566265060241	-2.2144578313253
			1.11807228915663	-2.2144578313253
			1.12048192771084	-2.2144578313253
			1.12289156626506	-2.2144578313253
			1.12530120481928	-2.21204819277108
			1.12771084337349	-2.21204819277108
			1.13012048192771	-2.21204819277108
			1.13253012048193	-2.21204819277108
			1.13493975903614	-2.20963855421687
			1.13734939759036	-2.20963855421687
			1.13975903614458	-2.20963855421687
			1.1421686746988	-2.20963855421687
			1.14457831325301	-2.20722891566265
			1.14698795180723	-2.20722891566265
			1.14939759036145	-2.20722891566265
			1.15180722891566	-2.20722891566265
			1.15421686746988	-2.20481927710843
			1.1566265060241	-2.20481927710843
			1.15903614457831	-2.20481927710843
			1.16144578313253	-2.20240963855422
			1.16385542168675	-2.20240963855422
			1.16626506024096	-2.20240963855422
			1.16867469879518	-2.20240963855422
			1.1710843373494	-2.2
			1.17349397590361	-2.2
			1.17590361445783	-2.2
			1.17831325301205	-2.2
			1.18072289156627	-2.19759036144578
			1.18313253012048	-2.19759036144578
			1.1855421686747	-2.19759036144578
			1.18795180722892	-2.19518072289157
			1.19036144578313	-2.19518072289157
			1.19277108433735	-2.19518072289157
			1.19518072289157	-2.19277108433735
			1.19759036144578	-2.19277108433735
			1.2	-2.19277108433735
			1.20240963855422	-2.19036144578313
			1.20481927710843	-2.19036144578313
			1.20722891566265	-2.19036144578313
			1.20963855421687	-2.18795180722892
			1.21204819277108	-2.18795180722892
			1.2144578313253	-2.18795180722892
			1.21686746987952	-2.1855421686747
			1.21927710843374	-2.1855421686747
			1.22168674698795	-2.1855421686747
			1.22168674698795	-2.18313253012048
			1.22409638554217	-2.18313253012048
			1.22650602409639	-2.18313253012048
			1.2289156626506	-2.18072289156627
			1.23132530120482	-2.18072289156627
			1.23373493975904	-2.17831325301205
			1.23614457831325	-2.17831325301205
			1.23855421686747	-2.17831325301205
			1.24096385542169	-2.17590361445783
			1.2433734939759	-2.17590361445783
			1.24578313253012	-2.17349397590361
			1.24819277108434	-2.17349397590361
			1.25060240963855	-2.17349397590361
			1.25301204819277	-2.1710843373494
			1.25542168674699	-2.1710843373494
			1.25783132530121	-2.16867469879518
			1.26024096385542	-2.16867469879518
			1.26265060240964	-2.16626506024096
			1.26506024096386	-2.16626506024096
			1.26746987951807	-2.16385542168675
			1.26987951807229	-2.16385542168675
			1.27228915662651	-2.16144578313253
			1.27469879518072	-2.16144578313253
			1.27710843373494	-2.15903614457831
			1.27951807228916	-2.15903614457831
			1.28192771084337	-2.15903614457831
			1.28433734939759	-2.1566265060241
			1.28674698795181	-2.15421686746988
			1.28915662650602	-2.15421686746988
			1.29156626506024	-2.15180722891566
			1.29397590361446	-2.15180722891566
			1.29638554216867	-2.14939759036145
			1.29879518072289	-2.14939759036145
			1.30120481927711	-2.14698795180723
			1.30361445783133	-2.14457831325301
			1.30602409638554	-2.14457831325301
			1.30843373493976	-2.1421686746988
			1.31084337349398	-2.1421686746988
			1.31325301204819	-2.13975903614458
			1.31566265060241	-2.13734939759036
			1.31807228915663	-2.13734939759036
			1.32048192771084	-2.13493975903614
			1.32289156626506	-2.13493975903614
			1.32530120481928	-2.13253012048193
			1.32771084337349	-2.13012048192771
			1.33012048192771	-2.13012048192771
			1.33253012048193	-2.12771084337349
			1.33493975903614	-2.12530120481928
			1.33734939759036	-2.12530120481928
			1.33975903614458	-2.12289156626506
			1.3421686746988	-2.12289156626506
			1.34457831325301	-2.12048192771084
			1.34698795180723	-2.11807228915663
			1.34939759036145	-2.11807228915663
			1.35180722891566	-2.11566265060241
			1.35421686746988	-2.11325301204819
			1.3566265060241	-2.11325301204819
			1.35903614457831	-2.11084337349398
			1.36144578313253	-2.10843373493976
			1.36385542168675	-2.10843373493976
			1.36626506024096	-2.10602409638554
			1.36867469879518	-2.10361445783133
			1.3710843373494	-2.10120481927711
			1.37349397590361	-2.09879518072289
			1.37590361445783	-2.09879518072289
			1.37831325301205	-2.09638554216868
			1.38072289156627	-2.09397590361446
			1.38313253012048	-2.09156626506024
			1.3855421686747	-2.09156626506024
			1.38795180722892	-2.08915662650602
			1.38795180722892	-2.08674698795181
			1.39036144578313	-2.08674698795181
			1.39277108433735	-2.08433734939759
			1.39518072289157	-2.08192771084337
			1.39759036144578	-2.08192771084337
			1.4	-2.07951807228916
			1.40240963855422	-2.07710843373494
			1.40481927710843	-2.07469879518072
			1.40722891566265	-2.07228915662651
			1.40963855421687	-2.06987951807229
			1.41204819277108	-2.06987951807229
			1.4144578313253	-2.06746987951807
			1.41686746987952	-2.06506024096386
			1.41927710843374	-2.06265060240964
			1.42168674698795	-2.06024096385542
			1.42409638554217	-2.0578313253012
			1.42650602409639	-2.0578313253012
			1.4289156626506	-2.05542168674699
			1.43132530120482	-2.05301204819277
			1.43373493975904	-2.05060240963855
			1.43614457831325	-2.04819277108434
			1.43855421686747	-2.04578313253012
			1.44096385542169	-2.0433734939759
			1.4433734939759	-2.04096385542169
			1.44578313253012	-2.03855421686747
			1.44819277108434	-2.03855421686747
			1.45060240963855	-2.03614457831325
			1.45301204819277	-2.03373493975904
			1.45542168674699	-2.03132530120482
			1.4578313253012	-2.0289156626506
			1.46024096385542	-2.02650602409639
			1.46265060240964	-2.02409638554217
			1.46265060240964	-2.02168674698795
			1.46506024096386	-2.01927710843374
			1.46746987951807	-2.01686746987952
			1.46987951807229	-2.0144578313253
			1.47228915662651	-2.01204819277108
			1.47469879518072	-2.00963855421687
			1.47710843373494	-2.00722891566265
			1.47951807228916	-2.00481927710843
			1.48192771084337	-2.00240963855422
			1.48433734939759	-2
			1.48674698795181	-1.99759036144578
			1.48915662650602	-1.99518072289157
			1.49156626506024	-1.99277108433735
			1.49397590361446	-1.99036144578313
			1.49638554216867	-1.98795180722892
			1.49879518072289	-1.9855421686747
			1.50120481927711	-1.98313253012048
			1.50361445783133	-1.98072289156627
			1.50602409638554	-1.97831325301205
			1.50843373493976	-1.97590361445783
			1.50843373493976	-1.97349397590361
			1.51084337349398	-1.9710843373494
			1.51325301204819	-1.96867469879518
			1.51566265060241	-1.96626506024096
			1.51807228915663	-1.96385542168675
			1.52048192771084	-1.96144578313253
			1.52289156626506	-1.95903614457831
			1.52530120481928	-1.9566265060241
			1.52771084337349	-1.95421686746988
			1.52771084337349	-1.95180722891566
			1.53012048192771	-1.95180722891566
			1.53012048192771	-1.94939759036145
			1.53253012048193	-1.94698795180723
			1.53493975903614	-1.94457831325301
			1.53734939759036	-1.9421686746988
			1.53975903614458	-1.93975903614458
			1.53975903614458	-1.93734939759036
			1.5421686746988	-1.93493975903614
			1.54457831325301	-1.93253012048193
			1.54457831325301	-1.93012048192771
			1.54698795180723	-1.93012048192771
			1.54939759036145	-1.92771084337349
			1.54939759036145	-1.92530120481928
			1.55180722891566	-1.92289156626506
			1.55421686746988	-1.92048192771084
			1.55421686746988	-1.91807228915663
			1.5566265060241	-1.91807228915663
			1.55903614457831	-1.91566265060241
			1.55903614457831	-1.91325301204819
			1.56144578313253	-1.91084337349398
			1.56385542168675	-1.90843373493976
			1.56385542168675	-1.90602409638554
			1.56626506024096	-1.90361445783133
			1.56867469879518	-1.90361445783133
			1.56867469879518	-1.90120481927711
			1.5710843373494	-1.89879518072289
			1.57349397590361	-1.89638554216867
			1.57349397590361	-1.89397590361446
			1.57590361445783	-1.89156626506024
			1.57831325301205	-1.88915662650602
			1.58072289156627	-1.88674698795181
			1.58313253012048	-1.88433734939759
			1.5855421686747	-1.88192771084337
			1.5855421686747	-1.87951807228916
			1.58795180722892	-1.87710843373494
			1.58795180722892	-1.87469879518072
			1.59036144578313	-1.87228915662651
			1.59277108433735	-1.86987951807229
			1.59518072289157	-1.86746987951807
			1.59518072289157	-1.86506024096386
			1.59759036144578	-1.86265060240964
			1.6	-1.86024096385542
			1.6	-1.8578313253012
			1.60240963855422	-1.85542168674699
			1.60240963855422	-1.85301204819277
			1.60481927710843	-1.85060240963855
			1.60481927710843	-1.84819277108434
			1.60722891566265	-1.84578313253012
			1.60963855421687	-1.8433734939759
			1.60963855421687	-1.84096385542169
			1.60963855421687	-1.83855421686747
			1.61204819277108	-1.83614457831325
			1.6144578313253	-1.83373493975904
			1.6144578313253	-1.83132530120482
			1.61686746987952	-1.8289156626506
			1.61686746987952	-1.82650602409639
			1.61927710843374	-1.82409638554217
			1.61927710843374	-1.82168674698795
			1.62168674698795	-1.81927710843374
			1.62168674698795	-1.81686746987952
			1.62409638554217	-1.8144578313253
			1.62409638554217	-1.81204819277108
			1.62650602409639	-1.80963855421687
			1.62650602409639	-1.80722891566265
			1.6289156626506	-1.80481927710843
			1.6289156626506	-1.80240963855422
			1.63132530120482	-1.8
			1.63373493975904	-1.79759036144578
			1.63373493975904	-1.79518072289157
			1.63614457831325	-1.79277108433735
			1.63614457831325	-1.79036144578313
			1.63855421686747	-1.78795180722892
			1.63855421686747	-1.7855421686747
			1.64096385542169	-1.78313253012048
			1.64096385542169	-1.78072289156627
			1.6433734939759	-1.77831325301205
			1.64578313253012	-1.77590361445783
			1.64578313253012	-1.77349397590361
			1.64819277108434	-1.7710843373494
			1.64819277108434	-1.76867469879518
			1.65060240963855	-1.76626506024096
			1.65060240963855	-1.76385542168675
			1.65301204819277	-1.76144578313253
			1.65301204819277	-1.75903614457831
			1.65542168674699	-1.7566265060241
			1.65542168674699	-1.75421686746988
			1.6578313253012	-1.75180722891566
			1.6578313253012	-1.74939759036145
			1.66024096385542	-1.74698795180723
			1.66024096385542	-1.74457831325301
			1.66265060240964	-1.7421686746988
			1.66265060240964	-1.73975903614458
			1.66506024096386	-1.73734939759036
			1.66506024096386	-1.73493975903614
			1.66746987951807	-1.73253012048193
			1.66746987951807	-1.73012048192771
			1.66987951807229	-1.72771084337349
			1.66987951807229	-1.72530120481928
			1.67228915662651	-1.72530120481928
			1.67228915662651	-1.72289156626506
			1.67469879518072	-1.72048192771084
			1.67469879518072	-1.71807228915663
			1.67710843373494	-1.71566265060241
			1.67710843373494	-1.71325301204819
			1.67710843373494	-1.71084337349398
			1.67951807228916	-1.70843373493976
			1.67951807228916	-1.70602409638554
			1.68192771084337	-1.70361445783133
			1.68192771084337	-1.70120481927711
			1.68433734939759	-1.69879518072289
			1.68433734939759	-1.69638554216867
			1.68674698795181	-1.69397590361446
			1.68674698795181	-1.69156626506024
			1.68915662650602	-1.68915662650602
			1.68915662650602	-1.68674698795181
			1.69156626506024	-1.68433734939759
			1.69156626506024	-1.68192771084337
			1.69397590361446	-1.68192771084337
			1.69397590361446	-1.67951807228916
			1.69638554216867	-1.67710843373494
			1.69638554216867	-1.67469879518072
			1.69638554216867	-1.67228915662651
			1.69879518072289	-1.66987951807229
			1.69879518072289	-1.66746987951807
			1.70120481927711	-1.66506024096386
			1.70120481927711	-1.66265060240964
			1.70361445783133	-1.66024096385542
			1.70361445783133	-1.6578313253012
			1.70602409638554	-1.65542168674699
			1.70602409638554	-1.65301204819277
			1.70843373493976	-1.65060240963855
			1.70843373493976	-1.64819277108434
			1.71084337349398	-1.64578313253012
			1.71084337349398	-1.6433734939759
			1.71325301204819	-1.64096385542169
			1.71325301204819	-1.63855421686747
			1.71566265060241	-1.63614457831325
			1.71566265060241	-1.63373493975904
			1.71807228915663	-1.63132530120482
			1.71807228915663	-1.6289156626506
			1.71807228915663	-1.62650602409639
			1.72048192771084	-1.62650602409639
			1.72048192771084	-1.62409638554217
			1.72048192771084	-1.62168674698795
			1.72289156626506	-1.61927710843374
			1.72289156626506	-1.61686746987952
			1.72530120481928	-1.61686746987952
			1.72530120481928	-1.6144578313253
			1.72530120481928	-1.61204819277108
			1.72771084337349	-1.60963855421687
			1.72771084337349	-1.60722891566265
			1.73012048192771	-1.60481927710843
			1.73012048192771	-1.60240963855422
			1.73253012048193	-1.6
			1.73253012048193	-1.59759036144578
			1.73493975903614	-1.59518072289157
			1.73493975903614	-1.59277108433735
			1.73493975903614	-1.59036144578313
			1.73734939759036	-1.58795180722892
			1.73734939759036	-1.5855421686747
			1.73975903614458	-1.58313253012048
			1.73975903614458	-1.58072289156627
			1.7421686746988	-1.57831325301205
			1.7421686746988	-1.57590361445783
			1.74457831325301	-1.57349397590361
			1.74457831325301	-1.5710843373494
			1.74457831325301	-1.56867469879518
			1.74698795180723	-1.56867469879518
			1.74698795180723	-1.56626506024096
			1.74698795180723	-1.56385542168675
			1.74939759036145	-1.56385542168675
			1.74939759036145	-1.56144578313253
			1.74939759036145	-1.55903614457831
			1.75180722891566	-1.55903614457831
			1.75180722891566	-1.5566265060241
			1.75180722891566	-1.55421686746988
			1.75421686746988	-1.55421686746988
			1.75421686746988	-1.55180722891566
			1.75421686746988	-1.54939759036145
			1.75421686746988	-1.54698795180723
			1.7566265060241	-1.54698795180723
			1.7566265060241	-1.54457831325301
			1.7566265060241	-1.5421686746988
			1.75903614457831	-1.5421686746988
			1.75903614457831	-1.53975903614458
			1.75903614457831	-1.53734939759036
			1.76144578313253	-1.53493975903614
			1.76144578313253	-1.53253012048193
			1.76385542168675	-1.53012048192771
			1.76385542168675	-1.52771084337349
			1.76385542168675	-1.52530120481928
			1.76626506024096	-1.52530120481928
			1.76626506024096	-1.52289156626506
			1.76626506024096	-1.52048192771084
			1.76867469879518	-1.51807228915663
			1.76867469879518	-1.51566265060241
			1.7710843373494	-1.51325301204819
			1.7710843373494	-1.51084337349398
			1.77349397590361	-1.50843373493976
			1.77349397590361	-1.50602409638554
			1.77349397590361	-1.50361445783133
			1.77590361445783	-1.50120481927711
			1.77590361445783	-1.49879518072289
			1.77831325301205	-1.49638554216867
			1.77831325301205	-1.49397590361446
			1.77831325301205	-1.49156626506024
			1.78072289156627	-1.48915662650602
			1.78072289156627	-1.48674698795181
			1.78313253012048	-1.48433734939759
			1.78313253012048	-1.48192771084337
			1.7855421686747	-1.47951807228916
			1.7855421686747	-1.47710843373494
			1.7855421686747	-1.47469879518072
			1.78795180722892	-1.47469879518072
			1.78795180722892	-1.47228915662651
			1.78795180722892	-1.46987951807229
			1.79036144578313	-1.46746987951807
			1.79036144578313	-1.46506024096386
			1.79277108433735	-1.46265060240964
			1.79277108433735	-1.46024096385542
			1.79277108433735	-1.4578313253012
			1.79518072289157	-1.45542168674699
			1.79518072289157	-1.45301204819277
			1.79759036144578	-1.45060240963855
			1.79759036144578	-1.44819277108434
			1.79759036144578	-1.44578313253012
			1.8	-1.4433734939759
			1.8	-1.44096385542169
			1.8	-1.43855421686747
			1.80240963855422	-1.43614457831325
			1.80240963855422	-1.43373493975904
			1.80481927710843	-1.43132530120482
			1.80481927710843	-1.4289156626506
			1.80481927710843	-1.42650602409639
			1.80722891566265	-1.42409638554217
			1.80722891566265	-1.42168674698795
			1.80722891566265	-1.41927710843374
			1.80963855421687	-1.41686746987952
			1.81204819277108	-1.4144578313253
			1.81204819277108	-1.41204819277108
			1.81204819277108	-1.40963855421687
			1.81204819277108	-1.40722891566265
			1.8144578313253	-1.40722891566265
			1.8144578313253	-1.40481927710843
			1.8144578313253	-1.40240963855422
			1.81686746987952	-1.4
			1.81686746987952	-1.39759036144578
			1.81686746987952	-1.39518072289157
			1.81927710843374	-1.39277108433735
			1.81927710843374	-1.39036144578313
			1.81927710843374	-1.38795180722892
			1.82168674698795	-1.38795180722892
			1.82168674698795	-1.3855421686747
			1.82168674698795	-1.38313253012048
			1.82409638554217	-1.38072289156627
			1.82409638554217	-1.37831325301205
			1.82409638554217	-1.37590361445783
			1.82650602409639	-1.37349397590361
			1.82650602409639	-1.3710843373494
			1.82650602409639	-1.36867469879518
			1.8289156626506	-1.36626506024096
			1.8289156626506	-1.36385542168675
			1.83132530120482	-1.36144578313253
			1.83132530120482	-1.35903614457831
			1.83132530120482	-1.3566265060241
			1.83373493975904	-1.35421686746988
			1.83373493975904	-1.35180722891566
			1.83373493975904	-1.34939759036145
			1.83614457831325	-1.34698795180723
			1.83614457831325	-1.34457831325301
			1.83614457831325	-1.3421686746988
			1.83855421686747	-1.33975903614458
			1.83855421686747	-1.33734939759036
			1.83855421686747	-1.33493975903614
			1.84096385542169	-1.33253012048193
			1.84096385542169	-1.33012048192771
			1.8433734939759	-1.32771084337349
			1.8433734939759	-1.32530120481928
			1.8433734939759	-1.32289156626506
			1.8433734939759	-1.32048192771084
			1.84578313253012	-1.31807228915663
			1.84578313253012	-1.31566265060241
			1.84578313253012	-1.31325301204819
			1.84819277108434	-1.31325301204819
			1.84819277108434	-1.31084337349398
			1.84819277108434	-1.30843373493976
			1.84819277108434	-1.30602409638554
			1.85060240963855	-1.30361445783133
			1.85060240963855	-1.30120481927711
			1.85060240963855	-1.29879518072289
			1.85301204819277	-1.29638554216867
			1.85301204819277	-1.29397590361446
			1.85301204819277	-1.29156626506024
			1.85542168674699	-1.28915662650602
			1.85542168674699	-1.28674698795181
			1.85542168674699	-1.28433734939759
			1.85542168674699	-1.28192771084337
			1.85542168674699	-1.27951807228916
			1.8578313253012	-1.27951807228916
			1.8578313253012	-1.27710843373494
			1.8578313253012	-1.27469879518072
			1.8578313253012	-1.27228915662651
			1.8578313253012	-1.26987951807229
			1.86024096385542	-1.26746987951807
			1.86024096385542	-1.26506024096386
			1.86024096385542	-1.26265060240964
			1.86024096385542	-1.26024096385542
			1.86024096385542	-1.25783132530121
			1.86024096385542	-1.25542168674699
			1.86265060240964	-1.25542168674699
			1.86265060240964	-1.25301204819277
			1.86265060240964	-1.25060240963855
			1.86265060240964	-1.24819277108434
			1.86265060240964	-1.24578313253012
			1.86265060240964	-1.2433734939759
			1.86265060240964	-1.24096385542169
			1.86265060240964	-1.23855421686747
			1.86506024096386	-1.23855421686747
			1.86506024096386	-1.23614457831325
			1.86506024096386	-1.23373493975904
			1.86506024096386	-1.23132530120482
			1.86506024096386	-1.2289156626506
			1.86506024096386	-1.22650602409639
			1.86506024096386	-1.22409638554217
			1.86506024096386	-1.22168674698795
			1.86506024096386	-1.21927710843374
			1.86506024096386	-1.21686746987952
			1.86506024096386	-1.2144578313253
			1.86506024096386	-1.21204819277108
			1.86506024096386	-1.20963855421687
			1.86506024096386	-1.20722891566265
			1.86506024096386	-1.20481927710843
			1.86506024096386	-1.20240963855422
			1.86506024096386	-1.2
			1.86506024096386	-1.19759036144578
			1.86506024096386	-1.19518072289157
			1.86506024096386	-1.19277108433735
			1.86506024096386	-1.19036144578313
			1.86506024096386	-1.18795180722892
			1.86506024096386	-1.1855421686747
			1.86506024096386	-1.18313253012048
			1.86506024096386	-1.18072289156627
			1.86506024096386	-1.17831325301205
			1.86506024096386	-1.17590361445783
			1.86265060240964	-1.17349397590361
			1.86265060240964	-1.1710843373494
			1.86265060240964	-1.16867469879518
			1.86265060240964	-1.16626506024096
			1.86265060240964	-1.16385542168675
			1.86265060240964	-1.16144578313253
			1.86265060240964	-1.15903614457831
			1.86024096385542	-1.1566265060241
			1.86024096385542	-1.15421686746988
			1.86024096385542	-1.15180722891566
			1.86024096385542	-1.14939759036145
			1.86024096385542	-1.14698795180723
			1.8578313253012	-1.14457831325301
			1.8578313253012	-1.1421686746988
			1.8578313253012	-1.13975903614458
			1.85542168674699	-1.13734939759036
			1.85542168674699	-1.13493975903614
			1.85542168674699	-1.13253012048193
			1.85542168674699	-1.13012048192771
			1.85301204819277	-1.12771084337349
			1.85301204819277	-1.12530120481928
			1.85301204819277	-1.12289156626506
			1.85060240963855	-1.12048192771084
			1.85060240963855	-1.11807228915663
			1.85060240963855	-1.11566265060241
			1.84819277108434	-1.11325301204819
			1.84819277108434	-1.11084337349398
			1.84578313253012	-1.10843373493976
			1.84578313253012	-1.10602409638554
			1.84578313253012	-1.10361445783133
			1.8433734939759	-1.10120481927711
			1.8433734939759	-1.09879518072289
			1.84096385542169	-1.09879518072289
			1.84096385542169	-1.09638554216867
			1.84096385542169	-1.09397590361446
			1.83855421686747	-1.09156626506024
			1.83855421686747	-1.08915662650602
			1.83614457831325	-1.08674698795181
			1.83614457831325	-1.08433734939759
			1.83373493975904	-1.08192771084337
			1.83373493975904	-1.07951807228916
			1.83132530120482	-1.07710843373494
			1.8289156626506	-1.07469879518072
			1.8289156626506	-1.07228915662651
			1.82650602409639	-1.06987951807229
			1.82409638554217	-1.06746987951807
			1.82409638554217	-1.06506024096386
			1.82168674698795	-1.06265060240964
			1.81927710843374	-1.06024096385542
			1.81686746987952	-1.0578313253012
			1.81686746987952	-1.05542168674699
			1.8144578313253	-1.05301204819277
			1.81204819277108	-1.05060240963855
			1.80963855421687	-1.04819277108434
			1.80963855421687	-1.04578313253012
			1.80722891566265	-1.0433734939759
			1.80481927710843	-1.04096385542169
			1.80240963855422	-1.03855421686747
			1.8	-1.03614457831325
			1.79759036144578	-1.03373493975904
			1.79759036144578	-1.03132530120482
			1.79518072289157	-1.0289156626506
			1.79277108433735	-1.02650602409639
			1.79036144578313	-1.02409638554217
			1.78795180722892	-1.02168674698795
			1.7855421686747	-1.01927710843374
			1.78313253012048	-1.01686746987952
			1.78072289156627	-1.0144578313253
			1.77831325301205	-1.01204819277108
			1.77590361445783	-1.01204819277108
			1.77349397590361	-1.00963855421687
			1.7710843373494	-1.00963855421687
			1.76867469879518	-1.00722891566265
			1.76626506024096	-1.00722891566265
			1.76385542168675	-1.00722891566265
			1.76144578313253	-1.00481927710843
			1.75903614457831	-1.00481927710843
			1.7566265060241	-1.00240963855422
			1.75421686746988	-1.00240963855422
			1.75180722891566	-1.00240963855422
			1.74939759036145	-1
			1.74698795180723	-1
			1.74457831325301	-1
			1.74457831325301	-0.997590361445783
			1.7421686746988	-0.997590361445783
			1.73975903614458	-0.997590361445783
			1.73734939759036	-0.995180722891566
			1.73493975903614	-0.995180722891566
			1.73253012048193	-0.99277108433735
			1.73012048192771	-0.99277108433735
			1.72771084337349	-0.99277108433735
			1.72530120481928	-0.990361445783133
			1.72289156626506	-0.990361445783133
			1.72048192771084	-0.990361445783133
			1.71807228915663	-0.987951807228916
			1.71566265060241	-0.987951807228916
			1.71325301204819	-0.985542168674699
			1.71084337349398	-0.985542168674699
			1.70843373493976	-0.985542168674699
			1.70602409638554	-0.983132530120482
			1.70361445783133	-0.983132530120482
			1.70120481927711	-0.983132530120482
			1.69879518072289	-0.980722891566265
			1.69638554216867	-0.980722891566265
			1.69397590361446	-0.980722891566265
			1.69156626506024	-0.978313253012048
			1.68915662650602	-0.978313253012048
			1.68674698795181	-0.975903614457831
			1.68433734939759	-0.975903614457831
			1.68192771084337	-0.975903614457831
			1.68192771084337	-0.973493975903615
			1.67951807228916	-0.973493975903615
			1.67710843373494	-0.973493975903615
			1.67469879518072	-0.973493975903615
			1.67228915662651	-0.971084337349398
			1.66987951807229	-0.971084337349398
			1.66746987951807	-0.968674698795181
			1.66506024096386	-0.968674698795181
			1.66265060240964	-0.968674698795181
			1.66024096385542	-0.966265060240964
			1.6578313253012	-0.966265060240964
			1.65542168674699	-0.966265060240964
			1.65301204819277	-0.963855421686747
			1.65060240963855	-0.963855421686747
			1.64819277108434	-0.963855421686747
			1.64578313253012	-0.96144578313253
			1.6433734939759	-0.96144578313253
			1.64096385542169	-0.96144578313253
			1.63855421686747	-0.959036144578313
			1.63614457831325	-0.959036144578313
			1.63373493975904	-0.959036144578313
			1.63132530120482	-0.956626506024096
			1.6289156626506	-0.956626506024096
			1.62650602409639	-0.956626506024096
			1.62409638554217	-0.95421686746988
			1.62168674698795	-0.95421686746988
			1.61927710843374	-0.95421686746988
			1.61686746987952	-0.951807228915663
			1.6144578313253	-0.951807228915663
			1.61204819277108	-0.951807228915663
			1.60963855421687	-0.949397590361446
			1.60722891566265	-0.949397590361446
			1.60481927710843	-0.949397590361446
			1.60240963855422	-0.949397590361446
			1.6	-0.946987951807229
			1.59759036144578	-0.946987951807229
			1.59518072289157	-0.946987951807229
			1.59277108433735	-0.944578313253012
			1.59036144578313	-0.944578313253012
			1.58795180722892	-0.944578313253012
			1.5855421686747	-0.942168674698795
			1.58313253012048	-0.942168674698795
			1.58072289156627	-0.942168674698795
			1.57831325301205	-0.939759036144578
			1.57590361445783	-0.939759036144578
			1.57349397590361	-0.939759036144578
			1.5710843373494	-0.937349397590362
			1.56867469879518	-0.937349397590362
			1.56626506024096	-0.937349397590362
			1.56385542168675	-0.937349397590362
			1.56144578313253	-0.934939759036145
			1.55903614457831	-0.934939759036145
			1.5566265060241	-0.934939759036145
			1.55421686746988	-0.934939759036145
			1.55180722891566	-0.932530120481928
			1.54939759036145	-0.932530120481928
			1.54698795180723	-0.932530120481928
			1.54457831325301	-0.930120481927711
			1.5421686746988	-0.930120481927711
			1.53975903614458	-0.930120481927711
			1.53734939759036	-0.930120481927711
			1.53493975903614	-0.927710843373494
			1.53253012048193	-0.927710843373494
			1.53012048192771	-0.927710843373494
			1.52771084337349	-0.927710843373494
			1.52530120481928	-0.925301204819277
			1.52289156626506	-0.925301204819277
			1.52048192771084	-0.925301204819277
			1.51807228915663	-0.925301204819277
			1.51566265060241	-0.92289156626506
			1.51325301204819	-0.92289156626506
			1.51084337349398	-0.92289156626506
			1.50843373493976	-0.92289156626506
			1.50602409638554	-0.920481927710843
			1.50361445783133	-0.920481927710843
			1.50120481927711	-0.920481927710843
			1.49879518072289	-0.920481927710843
			1.49638554216867	-0.918072289156627
			1.49397590361446	-0.918072289156627
			1.49156626506024	-0.918072289156627
			1.48915662650602	-0.918072289156627
			1.48674698795181	-0.918072289156627
			1.48433734939759	-0.91566265060241
			1.48192771084337	-0.91566265060241
			1.47951807228916	-0.91566265060241
			1.47710843373494	-0.91566265060241
			1.47469879518072	-0.91566265060241
			1.47469879518072	-0.913253012048193
			1.47228915662651	-0.913253012048193
			1.46987951807229	-0.913253012048193
			1.46746987951807	-0.913253012048193
			1.46506024096386	-0.913253012048193
			1.46265060240964	-0.913253012048193
			1.46024096385542	-0.910843373493976
			1.4578313253012	-0.910843373493976
			1.45542168674699	-0.910843373493976
			1.45301204819277	-0.910843373493976
			1.45060240963855	-0.910843373493976
			1.44819277108434	-0.908433734939759
			1.44578313253012	-0.908433734939759
			1.4433734939759	-0.908433734939759
			1.44096385542169	-0.908433734939759
			1.43855421686747	-0.908433734939759
			1.43614457831325	-0.908433734939759
			1.43373493975904	-0.906024096385542
			1.43132530120482	-0.906024096385542
			1.4289156626506	-0.906024096385542
			1.42650602409639	-0.906024096385542
			1.42409638554217	-0.906024096385542
			1.42168674698795	-0.906024096385542
			1.41927710843374	-0.906024096385542
			1.41686746987952	-0.903614457831325
			1.4144578313253	-0.903614457831325
			1.41204819277108	-0.903614457831325
			1.40963855421687	-0.903614457831325
			1.40722891566265	-0.903614457831325
			1.40481927710843	-0.903614457831325
			1.40240963855422	-0.903614457831325
			1.4	-0.903614457831325
			1.39759036144578	-0.903614457831325
			1.39518072289157	-0.901204819277108
			1.39277108433735	-0.901204819277108
			1.39036144578313	-0.901204819277108
			1.38795180722892	-0.901204819277108
			1.3855421686747	-0.901204819277108
			1.38313253012048	-0.901204819277108
			1.38072289156627	-0.901204819277108
			1.37831325301205	-0.901204819277108
			1.37590361445783	-0.901204819277108
			1.37349397590361	-0.901204819277108
			1.3710843373494	-0.901204819277108
			1.36867469879518	-0.901204819277108
			1.36626506024096	-0.901204819277108
			1.36385542168675	-0.898795180722892
			1.36144578313253	-0.898795180722892
			1.35903614457831	-0.898795180722892
			1.3566265060241	-0.898795180722892
			1.35421686746988	-0.898795180722892
			1.35180722891566	-0.898795180722892
			1.34939759036145	-0.898795180722892
			1.34698795180723	-0.898795180722892
			1.34457831325301	-0.898795180722892
			1.3421686746988	-0.898795180722892
			1.33975903614458	-0.898795180722892
			1.33734939759036	-0.898795180722892
			1.33493975903614	-0.898795180722892
			1.33253012048193	-0.898795180722892
			1.33012048192771	-0.898795180722892
			1.32771084337349	-0.898795180722892
			1.32530120481928	-0.898795180722892
			1.32289156626506	-0.898795180722892
			1.32048192771084	-0.898795180722892
			1.31807228915663	-0.901204819277108
			1.31566265060241	-0.901204819277108
			1.31325301204819	-0.901204819277108
			1.31084337349398	-0.901204819277108
			1.30843373493976	-0.901204819277108
			1.30602409638554	-0.901204819277108
			1.30361445783133	-0.901204819277108
			1.30120481927711	-0.901204819277108
			1.29879518072289	-0.901204819277108
			1.29638554216867	-0.901204819277108
			1.29397590361446	-0.901204819277108
			1.29156626506024	-0.903614457831325
			1.28915662650602	-0.903614457831325
			1.28674698795181	-0.903614457831325
			1.28433734939759	-0.903614457831325
			1.28192771084337	-0.903614457831325
			1.27951807228916	-0.903614457831325
			1.27710843373494	-0.906024096385542
			1.27469879518072	-0.906024096385542
			1.27228915662651	-0.906024096385542
			1.26987951807229	-0.906024096385542
			1.26746987951807	-0.906024096385542
			1.26506024096386	-0.908433734939759
			1.26265060240964	-0.908433734939759
			1.26024096385542	-0.908433734939759
			1.25783132530121	-0.908433734939759
			1.25542168674699	-0.910843373493976
			1.25301204819277	-0.910843373493976
			1.25060240963855	-0.910843373493976
			1.24819277108434	-0.913253012048193
			1.24578313253012	-0.913253012048193
			1.2433734939759	-0.913253012048193
			1.24096385542169	-0.91566265060241
			1.23855421686747	-0.91566265060241
			1.23614457831325	-0.91566265060241
			1.23373493975904	-0.918072289156627
			1.23132530120482	-0.918072289156627
			1.2289156626506	-0.920481927710843
			1.22650602409639	-0.920481927710843
		</margin>
	</curves.scaled>
	<ruler.points type=matrix rownames=TRUE colnames=FALSE nrow=2 ncol=2 as.numeric=TRUE >
		Ruler point 1	235	311
		Ruler point 2	650	311
	</ruler.points>
</shapes>

